TSP,TSP_Prop,TSP_Name,TSP_FERC_CID,Loc,Loc_Name,Eff_Date,Inact_Date,Loc_Stat_Ind,Loc_Type_Ind,Dir_Flo,Loc_Zone,Loc_Cnty,Loc_St_Abbrev,Up_Dn_Ind,Up_Dn_FERC_CID_Ind,Up_Dn_Name,Up_Dn_ID,Up_Dn_ID_Prop,UP_DN_FERC_CID,Up_Dn_Loc,Up_Dn_Loc_Name,PipelineSegmentCd,MarketArea,OpArea,GathTransInd,ProcessType,EGMFlag,AggArea,UpdateDT
TSP,TSP Prop,TSP Name,TSP FERC CID,Loc,Loc Name,Eff Date,Inact Date,Loc Stat Ind,Loc Type Ind,Dir Flo,Loc Zone,Loc Cnty,Loc St Abbrev,Up/Dn Ind,Up/Dn FERC CID Ind,Up/Dn Name,Up/Dn ID,Up/Dn ID Prop,Up/Dn FERC CID,Up/Dn Loc,Up/Dn Loc Name,PipelineSegmentCd,MarketArea,OpArea,GathTransInd,ProcessType,EGMFlag,AggAreaCd,Update D/T
006958581,,ANR Pipeline Company,C000623,100052  ,WINCHESTER (WEP SALES)  ,19000101,,A,LDC,B,ML-7,WINNEBAGO,WI,Y,N,Wisconsin Electric Power Company,007947385,,,,,WI 7  H,Zone 7,,T,,N,Northern,20250929 22:29
006958581,,ANR Pipeline Company,C000623,10111   ,OPELOUSAS,19000101,,A,INT,B,SE-1,ST LANDRY,LA,Y,Y,Acadian Gas Pipeline System,109006858,,C000932,,,SE 2  B,Zone 1,,T,,N,,20260921 14:40
006958581,,ANR Pipeline Company,C000623,103565  ,S E HEADSTATION         ,19000101,,A,PPT,B,SE-1,Non-Geographic,MU,N,N,,,,,,,SE 2  A,Zone 1,,T,,N,,20250918 12:58
006958581,,ANR Pipeline Company,C000623,10369   ,SHADYSIDE/SONAT (DEL),19000101,,A,INT,D,SE-1,ST MARY,LA,Y,Y,Southern Natural Gas Company,006900518,,C000021,,,SE 2  B,Zone 1,,T,,N,,20260925 11:08
006958581,,ANR Pipeline Company,C000623,103702  ,S W HEADSTATION         ,19000101,,A,PPT,B,SW-4,Non-Geographic,MU,N,N,,,,,,,SW 4  A,Zone 4,,T,,N,,20250918 12:59
006958581,,ANR Pipeline Company,C000623,103709  ,ORION (MOLINE)          ,19000101,,A,LDC,B,ML-6,HENRY,IL,Y,N,MidAmerican Energy Company,884718768,,,,,MW 6  K,Zone 6,,T,,N,,20250929 22:29
006958581,,ANR Pipeline Company,C000623,104776  ,MAUMEE SOUTH/EAST OHIO  ,19000101,,A,LDC,B,ML-7,LUCAS,OH,Y,Y,The East Ohio Gas Company,007900475,,C001002,,,MI 7  B,Zone 7,,T,,N,Northern,20251023 07:38
006958581,,ANR Pipeline Company,C000623,1055519 ,DUNN INTERCONNECT       ,19000101,,A,INT,D,ML-2,RICHLAND,LA,Y,N,"CENTERPOINT ENERGY INTRASTATE PIPELINES, L",799376074,,,,,ME 2  C,Zone 2,,T,,N,,20251023 12:12
006958581,,ANR Pipeline Company,C000623,108641  ,MAUMEE NORTH/EAST OHIO  ,19000101,,A,LDC,B,ML-7,LUCAS,OH,Y,Y,The East Ohio Gas Company,007900475,,C001002,,,MI 7  B,Zone 7,,T,,N,Northern,20260903 14:31
006958581,,ANR Pipeline Company,C000623,108796  ,LEBANON/RED LION        ,19000101,,A,LDC,B,ML-3,WARREN,OH,Y,N,"Vectren Energy Delivery of Ohio, Inc.",004866344,,,,,ME 3  B,Zone 3,,T,,N,Lebanon,20251023 07:39
006958581,,ANR Pipeline Company,C000623,110850  ,MONCLOVA                ,19000101,,A,INT,B,ML-7,LUCAS,OH,Y,Y,"Columbia Gas Transmission, LLC",054748041,,C000306,F4,MONCLOVA-1,MI 7  B,Zone 7,,T,,N,Northern,20251023 07:39
006958581,,ANR Pipeline Company,C000623,112028  ,FORT RECOVERY           ,19000101,,A,LDC,B,ML-3,MERCER,OH,Y,Y,The East Ohio Gas Company,007900475,,C001002,,,ME 3  D,Zone 3,,T,,N,,20250929 22:29
006958581,,ANR Pipeline Company,C000623,112029  ,ST HENRY -EAST OHIO GAS ,19000101,,A,LDC,B,ML-3,MERCER,OH,Y,Y,The East Ohio Gas Company,007900475,,C001002,,,ME 3  D,Zone 3,,T,,N,,20250929 22:29
006958581,,ANR Pipeline Company,C000623,11562   ,OTSEGO                  ,19000101,,A,LDC,B,ML-7,ALLEGAN,MI,Y,N,Michigan Gas Utilities Corporation,622377096,,,,,MI 7  L,Zone 7,,T,,N,Northern,20250929 22:29
006958581,,ANR Pipeline Company,C000623,11563   ,FENNVILLE               ,19000101,,A,LDC,B,ML-7,ALLEGAN,MI,Y,N,Michigan Gas Utilities Corporation,622377096,,,,,MI 7  L,Zone 7,,T,,N,Northern,20250929 22:29
006958581,,ANR Pipeline Company,C000623,11566   ,OVERISEL INT NO 1       ,19000101,,A,LDC,B,ML-7,ALLEGAN,MI,Y,N,Consumers Energy Company,006959803,,,,,MI 7  L,Zone 7,,T,,N,Northern,20260401 14:44
006958581,,ANR Pipeline Company,C000623,11567   ,WAYLAND MI              ,19000101,,A,LDC,D,ML-7,ALLEGAN,MI,Y,N,Michigan Gas Utilities Corporation,622377096,,,,,MI 7  M,Zone 7,,T,,N,Northern,20250929 22:29
006958581,,ANR Pipeline Company,C000623,11570   ,CHESTER INT (DELIVERY)  ,19000101,,A,STR,B,ML-7,OTSEGO,MI,Y,N,GREAT LAKES GAS TRANSMISSION COMPANY,824900229,,,,,ML 0  A,Zone 7,,T,,N,Northern,20250929 22:29
006958581,,ANR Pipeline Company,C000623,11572   ,NEW BUFFALO             ,19000101,,A,LDC,B,ML-7,BERRIEN,MI,Y,N,"Semco Energy, Inc., DBA Semco Energy Gas Company",006960553,,,,,MI 7  G,Zone 7,,T,,N,Northern,20250929 22:29
006958581,,ANR Pipeline Company,C000623,11574   ,THREE OAKS              ,19000101,,A,LDC,B,ML-7,BERRIEN,MI,Y,N,"Semco Energy, Inc., DBA Semco Energy Gas Company",006960553,,,,,MI 7  G,Zone 7,,T,,N,Northern,20250929 22:29
006958581,,ANR Pipeline Company,C000623,11576   ,BERRIEN SPRINGS         ,19000101,,A,LDC,D,ML-7,BERRIEN,MI,Y,N,Michigan Gas Utilities Corporation,622377096,,,,,MI 7  L,Zone 7,,T,,N,Northern,20250929 22:29
006958581,,ANR Pipeline Company,C000623,11577   ,ST JOSEPH               ,19000101,,A,LDC,B,ML-7,BERRIEN,MI,Y,N,Michigan Gas Utilities Corporation,622377096,,,,,MI 7  L,Zone 7,,T,,N,Northern,20250929 22:29
006958581,,ANR Pipeline Company,C000623,11578   ,BENTON HARBOR           ,19000101,,A,LDC,B,ML-7,BERRIEN,MI,Y,N,Michigan Gas Utilities Corporation,622377096,,,,,MI 7  L,Zone 7,,T,,N,Northern,20250929 22:29
006958581,,ANR Pipeline Company,C000623,11579   ,COLOMA                  ,19000101,,A,LDC,B,ML-7,BERRIEN,MI,Y,N,Michigan Gas Utilities Corporation,622377096,,,,,MI 7  L,Zone 7,,T,,N,Northern,20250929 22:29
006958581,,ANR Pipeline Company,C000623,11580   ,NILES                   ,19000101,,A,LDC,B,ML-7,BERRIEN,MI,Y,N,"Semco Energy, Inc., DBA Semco Energy Gas Company",006960553,,,,,MI 7  H,Zone 7,,T,,N,Northern,20250929 22:29
006958581,,ANR Pipeline Company,C000623,11581   ,BUCHANAN                ,19000101,,A,LDC,B,ML-7,BERRIEN,MI,Y,N,"Semco Energy, Inc., DBA Semco Energy Gas Company",006960553,,,,,MI 7  H,Zone 7,,T,,N,Northern,20250929 22:29
006958581,,ANR Pipeline Company,C000623,11589   ,EDWARDSBURG             ,19000101,,A,LDC,B,ML-7,CASS,MI,Y,N,"Semco Energy, Inc., DBA Semco Energy Gas Company",006960553,,,,,MI 7  H,Zone 7,,T,,N,Northern,20250929 22:29
006958581,,ANR Pipeline Company,C000623,11590   ,BARRON LAKE             ,19000101,,A,LDC,B,ML-7,CASS,MI,Y,N,"Semco Energy, Inc., DBA Semco Energy Gas Company",006960553,,,,,MI 7  H,Zone 7,,T,,N,Northern,20250929 22:29
006958581,,ANR Pipeline Company,C000623,11616   ,FARWELL (DELIVERY)      ,19000101,,A,INT,D,ML-7,CLARE,MI,Y,N,GREAT LAKES GAS TRANSMISSION COMPANY,824900229,,,,,MI 7  E,Zone 7,,T,,N,Northern,20251023 06:52
006958581,,ANR Pipeline Company,C000623,11661   ,CRYSTAL FALLS-FORTUNE LK,19000101,,A,INT,R,ML-7,IRON,MI,Y,N,GREAT LAKES GAS TRANSMISSION COMPANY,824900229,,,,,WI 7  O,Zone 7,,T,,N,Northern,20260423 11:14
006958581,,ANR Pipeline Company,C000623,11674   ,SOUTH GRAND RAPIDS      ,19000101,,A,LDC,B,ML-7,KENT,MI,Y,Y,DTE Gas Company,006958540,,C000428,,,MI 7  P,Zone 7,,T,,N,Northern,20250929 22:29
006958581,,ANR Pipeline Company,C000623,11680   ,MORENCI                 ,19000101,,A,LDC,B,ML-7,LENAWEE,MI,Y,N,Michigan Gas Utilities Corporation,622377096,,,,,MI 7  A,Zone 7,,T,,N,Northern,20250929 22:29
006958581,,ANR Pipeline Company,C000623,11702   ,MENOMINEE               ,19000101,,A,LDC,B,ML-7,MENOMINEE,MI,Y,Y,DTE Gas Company,006958540,,C000428,,,WI 7  N,Zone 7,,T,,N,Northern,20250929 22:29
006958581,,ANR Pipeline Company,C000623,11703   ,MENOMINEE NO 2          ,19000101,,A,LDC,B,ML-7,MENOMINEE,MI,Y,N,Wisconsin Public Service Corporation,007947435,,,,,WI 7  N,Zone 7,,T,,N,Northern,20250929 22:29
006958581,,ANR Pipeline Company,C000623,11747   ,GEORGETOWN              ,19000101,,A,LDC,B,ML-7,OTTAWA,MI,Y,Y,DTE Gas Company,006958540,,C000428,,,MI 7  P,Zone 7,,T,,N,Northern,20250929 22:29
006958581,,ANR Pipeline Company,C000623,11748   ,NORTH HOLLAND           ,19000101,,A,LDC,B,ML-7,OTTAWA,MI,Y,N,"Semco Energy, Inc., DBA Semco Energy Gas Company",006960553,,,,,MI 7  O,Zone 7,,T,,N,Northern,20250929 22:29
006958581,,ANR Pipeline Company,C000623,11749   ,SOUTH GRAND HAVEN       ,19000101,,A,LDC,B,ML-7,OTTAWA,MI,Y,N,Michigan Gas Utilities Corporation,622377096,,,,,MI 7  O,Zone 7,,T,,N,Northern,20250929 22:29
006958581,,ANR Pipeline Company,C000623,11750   ,COOPERSVILLE            ,19000101,,A,LDC,B,ML-7,OTTAWA,MI,Y,N,Michigan Gas Utilities Corporation,622377096,,,,,MI 7  Q,Zone 7,,T,,N,Northern,20250929 22:29
006958581,,ANR Pipeline Company,C000623,11751   ,GRAND HAVEN             ,19000101,,A,LDC,B,ML-7,OTTAWA,MI,Y,N,Michigan Gas Utilities Corporation,622377096,,,,,MI 7  Q,Zone 7,,T,,N,Northern,20250929 22:29
006958581,,ANR Pipeline Company,C000623,11778   ,GREAT LAKES/MUTT D      ,19000101,,A,INT,B,ML-7,ST CLAIR,MI,Y,N,GREAT LAKES GAS TRANSMISSION COMPANY,824900229,,,,,MI 7  T,Zone 7,,T,,N,Northern,20250915 22:50
006958581,,ANR Pipeline Company,C000623,11783   ,WHITE PIGEON            ,19000101,,A,LDC,B,ML-7,ST JOSEPH,MI,Y,N,"Semco Energy, Inc., DBA Semco Energy Gas Company",006960553,,,,,MI 7  I,Zone 7,,T,,N,Northern,20250929 22:29
006958581,,ANR Pipeline Company,C000623,11784   ,CONSTANTINE             ,19000101,,A,LDC,B,ML-7,ST JOSEPH,MI,Y,N,"Semco Energy, Inc., DBA Semco Energy Gas Company",006960553,,,,,MI 7  I,Zone 7,,T,,N,Northern,20250929 22:29
006958581,,ANR Pipeline Company,C000623,11785   ,THREE RIVERS            ,19000101,,A,LDC,B,ML-7,ST JOSEPH,MI,Y,N,"Semco Energy, Inc., DBA Semco Energy Gas Company",006960553,,,,,MI 7  I,Zone 7,,T,,N,Northern,20250929 22:29
006958581,,ANR Pipeline Company,C000623,11795   ,SOUTH HAVEN             ,19000101,,A,LDC,B,ML-7,VAN BUREN,MI,Y,N,Michigan Gas Utilities Corporation,622377096,,,,,MI 7  L,Zone 7,,T,,N,Northern,20250929 22:29
006958581,,ANR Pipeline Company,C000623,11803   ,MILAN MI                ,19000101,,A,LDC,B,ML-7,WASHTENAW,MI,Y,Y,DTE Gas Company,006958540,,C000428,,,MI 7  A,Zone 7,,T,,N,Northern,20250929 22:29
006958581,,ANR Pipeline Company,C000623,1181282 ,TROY PLANT - MAUMEE     ,19000101,,A,LDC,B,ML-7,LUCAS,OH,Y,Y,The East Ohio Gas Company,007900475,,C001002,,,MI 7  B,Zone 7,,T,,N,Northern,20260910 14:08
006958581,,ANR Pipeline Company,C000623,120740  ,S. WOODSTOCK/NGPL (REC) ,19000101,,A,INT,R,ML-7,ADAMS,IL,Y,Y,Natural Gas Pipeline Company of America LLC,006931794,,C002096,,,WI 7  A,Zone 7,,T,,N,Northern,20251020 08:13
006958581,,ANR Pipeline Company,C000623,1213536 ,HAYNESVILLE             ,19000101,,A,INT,R,ML-2,RAPIDES,LA,Y,Y,Acadian Gas Pipeline System,109006858,,C000932,,,ME 2  A,Zone 2,,T,,N,,20251020 11:21
006958581,,ANR Pipeline Company,C000623,1250765 ,GRAND CHENIER/ANR       ,19000101,,A,IND,B,SE-1,CAMERON,LA,Y,N,"KINETICA DEEPWATER EXPRESS, LLC",008017117,,,,,SE 1  F,Zone 1,,T,,N,,20251020 11:21
006958581,,ANR Pipeline Company,C000623,1250766 ,PATTERSON/ANR           ,,20250925,I,VIR,B,SE-1,ST MARY,LA,N,N,,,,,,,SE 2  B,Zone 1,,T,,N,,20250925 11:35
006958581,,ANR Pipeline Company,C000623,1260985 ,ANRSCO - RAPID RIVER    ,19000101,,A,STR,R,ML-7,KALKASKA,MI,N,N,,,,,,,MI 7  T,Zone 7,,T,,N,Northern,20250915 22:50
006958581,,ANR Pipeline Company,C000623,1260988 ,SOUTH CHESTER REC       ,19000101,,A,STR,R,ML-7,CRAWFORD,MI,Y,N,GREAT LAKES GAS TRANSMISSION COMPANY,824900229,,,,,MI 7  T,Zone 7,,T,,N,Northern,20250915 22:50
006958581,,ANR Pipeline Company,C000623,1260989 ,SOUTH CHESTER DEL       ,19000101,,A,INT,D,ML-7,CRAWFORD,MI,Y,N,GREAT LAKES GAS TRANSMISSION COMPANY,824900229,,,,,MI 7  T,Zone 7,,T,,N,Northern,20250915 22:50
006958581,,ANR Pipeline Company,C000623,1261065 ,FORT ELLIOTT RECEIPT    ,19000101,,A,WHD,B,SW-4,WHEELER,TX,Y,N,"Enable Oklahoma Intrastate Transmission, LLC",007205412,,,,,SW 1  C,Zone 4,,T,,N,,20251020 11:22
006958581,,ANR Pipeline Company,C000623,1261146 ,PATTERSON TERMINAL      ,19000101,,A,PLT,B,SE-1,ST MARY,LA,Y,N,"KINETICA DEEPWATER EXPRESS, LLC",008017117,,,,,SE 2  B,Zone 1,,T,,N,,20250929 22:29
006958581,,ANR Pipeline Company,C000623,1292823 ,BOLIVAR                 ,19000101,,A,LDC,D,ML-2,BOLIVAR,MS,Y,Y,Atmos Energy Corporation,108203241,,C003008,,,ME 2  C,Zone 2,,T,,N,,20250929 22:29
006958581,,ANR Pipeline Company,C000623,1292925 ,PROUGH ROAD             ,19000101,,A,EGN,D,ML-7,KALKASKA,MI,Y,N,Michigan Public Power Agency,069464725,,,,,MI 7  T,Zone 7,,T,,N,Northern,20251023 12:15
006958581,,ANR Pipeline Company,C000623,1293229 ,MLS BRIDGMAN-SANDWICH,20250930,,A,VIR,B,ML-7,WILL,IL,N,N,,,,,,,MI 7  V,Zone 7,,T,,N,Northern,20260122 14:04
006958581,,ANR Pipeline Company,C000623,12976   ,STANBERRY               ,19000101,,A,LDC,B,ML-6,GENTRY,MO,Y,N,"CITY OF STANBERRY, MISSOURI",051688745,,,,,MW 6  A,Zone 6,,T,,N,,20251023 06:53
006958581,,ANR Pipeline Company,C000623,12977   ,ALBANY                  ,19000101,,A,LDC,B,ML-6,GENTRY,MO,Y,N,"CITY OF ALBANY, MISSOURI",046334660,,,,,MW 6  A,Zone 6,,T,,N,,20251023 06:54
006958581,,ANR Pipeline Company,C000623,12991   ,BETHANY                 ,19000101,,A,LDC,B,ML-6,HARRISON,MO,Y,N,"CITY OF BETHANY, MISSOURI",092855311,,,,,MW 6  B,Zone 6,,T,,N,,20251023 06:54
006958581,,ANR Pipeline Company,C000623,12997   ,CRAIG                   ,19000101,,A,LDC,B,ML-5,HOLT,MO,Y,N,THE EMPIRE DISTRICT GAS COMPANY,625371880,,,,,MW 5  C,Zone 5,,T,,N,,20250929 22:29
006958581,,ANR Pipeline Company,C000623,12999   ,FOREST CITY             ,19000101,,A,LDC,B,ML-5,HOLT,MO,Y,N,THE EMPIRE DISTRICT GAS COMPANY,625371880,,,,,MW 5  D,Zone 5,,T,,N,,20250929 22:29
006958581,,ANR Pipeline Company,C000623,13000   ,MOUND CITY              ,19000101,,A,LDC,B,ML-5,HOLT,MO,Y,N,THE EMPIRE DISTRICT GAS COMPANY,625371880,,,,,MW 5  D,Zone 5,,T,,N,,20250929 22:29
006958581,,ANR Pipeline Company,C000623,13001   ,MAITLAND                ,19000101,,A,LDC,B,ML-5,HOLT,MO,Y,N,THE EMPIRE DISTRICT GAS COMPANY,625371880,,,,,MW 5  D,Zone 5,,T,,N,,20250929 22:29
006958581,,ANR Pipeline Company,C000623,13133   ,GRAHAM                  ,19000101,,A,LDC,B,ML-5,NODAWAY,MO,Y,N,THE EMPIRE DISTRICT GAS COMPANY,625371880,,,,,MW 5  D,Zone 5,,T,,N,,20250929 22:29
006958581,,ANR Pipeline Company,C000623,13135   ,MARYVILLE               ,19000101,,A,LDC,B,ML-6,NODAWAY,MO,Y,N,THE EMPIRE DISTRICT GAS COMPANY,625371880,,,,,MW 6  L,Zone 6,,T,,N,,20250929 22:29
006958581,,ANR Pipeline Company,C000623,13136   ,SOUTH MARYVILLE         ,19000101,,A,LDC,B,ML-6,NODAWAY,MO,Y,N,THE EMPIRE DISTRICT GAS COMPANY,625371880,,,,,MW 6  L,Zone 6,,T,,N,,20250929 22:29
006958581,,ANR Pipeline Company,C000623,13137   ,BARNARD                 ,19000101,,A,LDC,B,ML-6,NODAWAY,MO,Y,N,THE EMPIRE DISTRICT GAS COMPANY,625371880,,,,,MW 6  A,Zone 6,,T,,N,,20250929 22:29
006958581,,ANR Pipeline Company,C000623,13138   ,RAVENWOOD               ,19000101,,A,LDC,B,ML-6,NODAWAY,MO,Y,N,THE EMPIRE DISTRICT GAS COMPANY,625371880,,,,,MW 6  A,Zone 6,,T,,N,,20250929 22:29
006958581,,ANR Pipeline Company,C000623,13215   ,GRANT CITY              ,19000101,,A,LDC,B,ML-6,WORTH,MO,Y,N,"CITY OF GRANT CITY, MISSOURI",005702907,,,,,MW 6  A,Zone 6,,T,,N,,20251023 06:54
006958581,,ANR Pipeline Company,C000623,132849  ,LEBANON/GLEN KARN (ANR) ,19000101,,A,STA,B,ML-3,DARKE,OH,N,N,,,,,,,ME 3  B,Zone 3,,T,,N,Lebanon,20250929 22:29
006958581,,ANR Pipeline Company,C000623,138611  ,ROGERS HEIGHTS          ,19000101,,A,LDC,B,ML-7,MECOSTA,MI,Y,Y,DTE Gas Company,006958540,,C000428,,,MI 7  E,Zone 7,,T,,N,Northern,20250929 22:29
006958581,,ANR Pipeline Company,C000623,138660  ,CHRISNEY/MGT (RECEIPT)  ,19000101,,A,INT,R,ML-3,SPENCER,IN,Y,Y,Midwestern Gas Transmission Company,006792451,,C000582,,,ME 3  A,Zone 3,,T,,N,,20251020 08:14
006958581,,ANR Pipeline Company,C000623,138675  ,SHOREWOOD INTERCONNECT  ,19000101,,A,LDC,B,ML-7,WILL,IL,Y,Y,Northern Illinois Gas Company d/b/a Nicor Gas Company,006927792,,C000600,,,MI 7  F,Zone 7,,T,,N,Joliet,20251023 07:40
006958581,,ANR Pipeline Company,C000623,138677  ,DUNKIRK                 ,19000101,,A,LDC,D,ML-3,JAY,IN,Y,N,"INDIANA GAS COMPANY, INC.",006938211,,,,,ME 3  C,Zone 3,,T,,N,,20250929 22:29
006958581,,ANR Pipeline Company,C000623,138744  ,CROWN POINT/NIPSCO      ,19000101,,A,LDC,B,ML-7,LAKE,IN,Y,N,Northern Indiana Public Service Company LLC,006937585,,,,,MI 7  G,Zone 7,,T,,N,Joliet,20260821 11:19
006958581,,ANR Pipeline Company,C000623,138745  ,LYNN/WINCHESTER         ,19000101,,A,LDC,B,ML-3,RANDOLPH,IN,Y,N,Ohio Valley Gas Corporation,006940274,,,,,ME 3  B,Zone 3,,T,,N,Lebanon,20250929 22:29
006958581,,ANR Pipeline Company,C000623,138747  ,SOUTH CHRISNEY (SIGECO) ,19000101,,A,LDC,D,ML-3,SPENCER,IN,Y,N,Southern Indiana Gas and Electric Company,006937015,,,,,ME 3  A,Zone 3,,T,,N,,20251023 07:41
006958581,,ANR Pipeline Company,C000623,138748  ,ELDON                   ,19000101,,A,LDC,B,ML-6,WAPELLO,IA,Y,N,Interstate Power and Light Company,006940522,,,,,MW 6  I,Zone 6,,T,,N,,20250929 22:29
006958581,,ANR Pipeline Company,C000623,1387567 ,TEPETATE                ,19000101,,A,INT,D,SE-1,ACADIA,LA,Y,N,"ENLINK MIDSTREAM OPERATING, LP",878636729,,,,,SE 1  H,Zone 1,,T,,N,,20251023 12:16
006958581,,ANR Pipeline Company,C000623,1387755 ,LEBANON/DOMINION RECEIPT,19000101,,A,INT,R,ML-3,WARREN,OH,Y,Y,"Eastern Gas Transmission and Storage, Inc.",116025180,,C000160,,,ME 3  B,Zone 3,,T,,N,Lebanon,20251020 11:23
006958581,,ANR Pipeline Company,C000623,1388866 ,OTISVILLE OFFSYSTEM     ,,20250919,I,OTH,B,ML-7,GENESEE,MI,Y,N,GREAT LAKES GAS TRANSMISSION COMPANY,824900229,,,,,ML 0  B,Zone 7,,T,,N,Northern,20250919 09:48
006958581,,ANR Pipeline Company,C000623,1388911 ,KELT RANCH DELIVERY     ,19000101,,A,RNG,D,SW-4,WHEELER,TX,Y,N,Apache Corporation,006961551,,,,,SW 1  C,Zone 4,,T,,N,,20260507 15:45
006958581,,ANR Pipeline Company,C000623,1389085 ,STORAGE AREA INJECTION  ,,20250919,I,STR,D,ML-7,OSCEOLA,MI,Y,Y,ANR Storage Company,092454453,,C000624,,,MI 7  E,Zone 7,,T,,N,Northern,20250919 09:49
006958581,,ANR Pipeline Company,C000623,1389086 ,STORAGE AREA WITHDRAWAL ,,20250919,I,STR,R,ML-7,OSCEOLA,MI,Y,Y,ANR Storage Company,092454453,,C000624,,,MI 7  E,Zone 7,,T,,N,Northern,20250919 09:50
006958581,,ANR Pipeline Company,C000623,1389346 ,CARDINAL ETHANOL-LYNNWIN,,20250919,I,IND,D,ML-3,RANDOLPH,IN,Y,N,Ohio Valley Gas Corporation,006940274,,,,,ME 3  B,Zone 3,,T,,N,Lebanon,20250919 09:51
006958581,,ANR Pipeline Company,C000623,1389347 ,PREMIER ETHANOL-PORTLAND,,20250919,I,IND,D,ML-3,JAY,IN,Y,N,Ohio Valley Gas Corporation,006940274,,,,,ME 3  C,Zone 3,,T,,N,,20250919 09:52
006958581,,ANR Pipeline Company,C000623,1389432 ,MENDOTA DELIVERY INT    ,,20250919,I,INT,D,SW-4,ROBERTS,TX,Y,N,PALO DURO PIPELINES (TEXAS GATHERING) L.P.,032358744,,,,,SW 1  B,Zone 4,,T,,N,,20250919 09:53
006958581,,ANR Pipeline Company,C000623,1389630 ,LEBANON/GLEN KARN REC   ,19000101,,A,INT,R,ML-3,DARKE,OH,Y,Y,"Texas Eastern Transmission, LP",007932908,,C000094,,,ME 3  B,Zone 3,,T,,N,Lebanon,20251020 11:24
006958581,,ANR Pipeline Company,C000623,1390725 ,BARRACUDA/ANR           ,19000101,,A,INT,R,SE-1,CAMERON,LA,Y,N,"KINETICA DEEPWATER EXPRESS, LLC",008017117,,,,,SE 1  D,Zone 1,,T,,N,,20251020 11:25
006958581,,ANR Pipeline Company,C000623,139233  ,IPC - GROUP 1           ,19000101,,A,LDC,B,ML-6,ADAMS,IL,Y,N,Ameren Illinois Company,006936017,,,,,MW 6  K,Zone 6,,T,,N,,20250915 22:50
006958581,,ANR Pipeline Company,C000623,139235  ,NIPSCO - GROUP 1        ,19000101,,A,LDC,B,ML-3,ADAMS,IN,Y,N,Northern Indiana Public Service Company LLC,006937585,,,,,ME 3  E,Zone 3,,T,,N,,20250915 22:50
006958581,,ANR Pipeline Company,C000623,139236  ,OHIO VAL-GRP 1          ,19000101,,A,LDC,B,ML-3,ADAMS,IN,Y,N,Ohio Valley Gas Corporation,006940274,,,,,ME 3  C,Zone 3,,T,,N,,20250915 22:50
006958581,,ANR Pipeline Company,C000623,139237  ,COMM NATL-GRP 1         ,19000101,,A,LDC,B,ML-3,ADAMS,IN,Y,N,"COMMUNITY NATURAL GAS CO., INC.",007814049,,,,,ME 3  A,Zone 3,,T,,N,,20250915 22:50
006958581,,ANR Pipeline Company,C000623,139238  ,INDIANA NL-GRP 1        ,19000101,,A,LDC,B,ML-3,ADAMS,IN,Y,N,INDIANA NATURAL GAS CORPORATION,044911683,,,,,ME 3  A,Zone 3,,T,,N,,20250915 22:50
006958581,,ANR Pipeline Company,C000623,139239  ,FOUNTAINTOWN-GRP 1      ,19000101,,A,LDC,B,ML-3,ADAMS,IN,Y,N,"FOUNTAINTOWN GAS CO., INC.",075980516,,,,,ME 3  A,Zone 3,,T,,N,,20250915 22:50
006958581,,ANR Pipeline Company,C000623,139240  ,INDIANA GS-GRP 1        ,19000101,,A,LDC,B,ML-3,ADAMS,IN,Y,N,"INDIANA GAS COMPANY, INC.",006938211,,,,,ME 3  C,Zone 3,,T,,N,,20250915 22:50
006958581,,ANR Pipeline Company,C000623,139241  ,IES UTILITIES-GRP 1     ,19000101,,A,LDC,B,ML-6,IOWA,IA,Y,N,Interstate Power and Light Company,006940522,,,,,MW 6  K,Zone 6,,T,,N,,20250915 22:50
006958581,,ANR Pipeline Company,C000623,139246  ,MIDAMERICAN - GRP 1     ,19000101,,A,LDC,B,ML-6,IOWA,IA,Y,N,MidAmerican Energy Company,884718768,,,,,MW 6  K,Zone 6,,T,,N,,20250915 22:50
006958581,,ANR Pipeline Company,C000623,139247  ,ST JOSEPH-GRP 1         ,19000101,,A,LDC,B,ML-5,HOLT,MO,Y,N,THE EMPIRE DISTRICT GAS COMPANY,625371880,,,,,MW 5  D,Zone 5,,T,,N,,20250915 22:50
006958581,,ANR Pipeline Company,C000623,139248  ,MICHCON-GRP 1           ,19000101,,A,LDC,B,ML-7,ALCONA,MI,Y,Y,DTE Gas Company,006958540,,C000428,,,WI 7  O,Zone 7,,T,,N,Northern,20250915 22:50
006958581,,ANR Pipeline Company,C000623,139249  ,SEM GAS - GRP 1         ,19000101,,A,LDC,B,ML-7,ALCONA,MI,Y,N,"Semco Energy, Inc., DBA Semco Energy Gas Company",006960553,,,,,MI 7  C,Zone 7,,T,,N,Northern,20250915 22:50
006958581,,ANR Pipeline Company,C000623,139250  ,MGUC - GRP 1            ,19000101,,A,LDC,B,ML-7,ALCONA,MI,Y,N,Michigan Gas Utilities Corporation,622377096,,,,,MI 7  Q,Zone 7,,T,,N,Northern,20250915 22:50
006958581,,ANR Pipeline Company,C000623,139251  ,OHIO GAS-GRP 1          ,19000101,,A,LDC,B,ML-7,ADAMS,OH,Y,N,OHIO GAS ENERGY SERVICES COMPANY,616476441,,,,,MI 7  A,Zone 7,,T,,N,Northern,20250915 22:50
006958581,,ANR Pipeline Company,C000623,139252  ,EAST OHIO-GRP 1         ,19000101,,A,LDC,B,ML-7,ADAMS,OH,Y,Y,The East Ohio Gas Company,007900475,,C001002,,,MI 7  B,Zone 7,,T,,N,Northern,20250915 22:50
006958581,,ANR Pipeline Company,C000623,139253  ,MADISON GAS-GRP 1       ,19000101,,A,LDC,B,ML-7,ADAMS,WI,Y,N,Madison Gas & Electric Company,007946346,,,,,WI 7  U,Zone 7,,T,,N,Northern,20250915 22:50
006958581,,ANR Pipeline Company,C000623,139255  ,WISC GAS-GRP 1          ,19000101,,A,LDC,B,ML-7,ADAMS,WI,Y,N,Wisconsin Gas LLC,007947047,,,,,WI 7  N,Zone 7,,T,,N,Northern,20250915 22:50
006958581,,ANR Pipeline Company,C000623,139256  ,WISC EPC-GRP 1          ,19000101,,A,LDC,B,ML-7,ADAMS,WI,Y,N,Wisconsin Electric Power Company,007947385,,,,,WI 7  G,Zone 7,,T,,N,Northern,20250915 22:50
006958581,,ANR Pipeline Company,C000623,139257  ,WISC POWER-GRP 1        ,19000101,,A,LDC,B,ML-7,ADAMS,WI,Y,N,Wisconsin Power and Light Company,007946452,,,,,WI 7  J,Zone 7,,T,,N,Northern,20250915 22:50
006958581,,ANR Pipeline Company,C000623,139258  ,WPSC - GROUP 1          ,19000101,,A,LDC,B,ML-7,ADAMS,WI,Y,N,Wisconsin Public Service Corporation,007947435,,,,,WI 7  K,Zone 7,,T,,N,Northern,20250915 22:50
006958581,,ANR Pipeline Company,C000623,139366  ,NIPSCO - GROUP 2        ,19000101,,A,LDC,B,ML-7,ADAMS,IN,Y,N,Northern Indiana Public Service Company LLC,006937585,,,,,MI 7  J,Zone 7,,T,,N,Northern,20250915 22:50
006958581,,ANR Pipeline Company,C000623,139367  ,ST JOSEPH-GRP 2         ,19000101,,A,LDC,B,ML-6,HOLT,MO,Y,N,THE EMPIRE DISTRICT GAS COMPANY,625371880,,,,,MW 6  A,Zone 6,,T,,N,,20250915 22:50
006958581,,ANR Pipeline Company,C000623,139369  ,MICHCON-GRP 2           ,19000101,,A,LDC,B,ML-7,ALCONA,MI,Y,Y,DTE Gas Company,006958540,,C000428,,,MI 7  E,Zone 7,,T,,N,Northern,20250915 22:50
006958581,,ANR Pipeline Company,C000623,139371  ,MGUC - GRP 2            ,19000101,,A,LDC,B,ML-7,ALCONA,MI,Y,N,Michigan Gas Utilities Corporation,622377096,,,,,MI 7  K,Zone 7,,T,,N,Northern,20250915 22:50
006958581,,ANR Pipeline Company,C000623,139374  ,OHIO VAL-GRP 2          ,19000101,,A,LDC,B,ML-3,ADAMS,OH,Y,N,Ohio Valley Gas Corporation,006940274,,,,,ME 3  B,Zone 3,,T,,N,Lebanon,20250915 22:50
006958581,,ANR Pipeline Company,C000623,139382  ,MICHCON-GRP 3           ,19000101,,A,LDC,B,ML-7,ALCONA,MI,Y,Y,DTE Gas Company,006958540,,C000428,,,MI 7  P,Zone 7,,T,,N,Northern,20250915 22:50
006958581,,ANR Pipeline Company,C000623,139384  ,MGUC - GRP 3            ,19000101,,A,LDC,B,ML-7,ALCONA,MI,Y,N,Michigan Gas Utilities Corporation,622377096,,,,,MI 7  A,Zone 7,,T,,N,Northern,20250915 22:50
006958581,,ANR Pipeline Company,C000623,139395  ,MICHCON-GRP 5           ,19000101,,A,LDC,B,ML-7,ALCONA,MI,Y,Y,DTE Gas Company,006958540,,C000428,,,MI 7  A,Zone 7,,T,,N,Northern,20250915 22:50
006958581,,ANR Pipeline Company,C000623,139396  ,WILLOW RUN (RECEIPT)    ,19000101,,A,LDC,R,ML-7,WASHTENAW,MI,Y,Y,DTE Gas Company,006958540,,C000428,,,MI 7  A,Zone 7,,T,,N,Northern,20251031 15:58
006958581,,ANR Pipeline Company,C000623,139398  ,NORTH DEFIANCE          ,19000101,,A,LDC,B,ML-7,DEFIANCE,OH,Y,N,Ohio Gas Company,003779345,,,,,MI 7  B,Zone 7,,T,,N,Northern,20250929 22:29
006958581,,ANR Pipeline Company,C000623,139399  ,SOUTH DEFIANCE          ,19000101,,A,LDC,B,ML-7,DEFIANCE,OH,Y,N,Ohio Gas Company,003779345,,,,,MI 7  B,Zone 7,,T,,N,Northern,20250929 22:29
006958581,,ANR Pipeline Company,C000623,139400  ,OKOLONA                 ,19000101,,A,LDC,B,ML-7,HENRY,OH,Y,N,Ohio Gas Company,003779345,,,,,MI 7  B,Zone 7,,T,,N,Northern,20250929 22:29
006958581,,ANR Pipeline Company,C000623,139401  ,SWANTON                 ,19000101,,A,LDC,B,ML-7,LUCAS,OH,Y,N,Ohio Gas Company,003779345,,,,,MI 7  A,Zone 7,,T,,N,Northern,20250929 22:29
006958581,,ANR Pipeline Company,C000623,139402  ,FOND DU LAC CENTRAL     ,19000101,,A,LDC,B,ML-7,FOND DU LAC,WI,Y,N,Wisconsin Power and Light Company,007946452,,,,,WI 7  H,Zone 7,,T,,N,Northern,20251023 08:03
006958581,,ANR Pipeline Company,C000623,139403  ,GOODMAN                 ,19000101,,A,LDC,B,ML-7,MARINETTE,WI,Y,N,Wisconsin Public Service Corporation,007947435,,,,,WI 7  O,Zone 7,,T,,N,Northern,20250929 22:29
006958581,,ANR Pipeline Company,C000623,139404  ,ST. CLOUD               ,19000101,,A,LDC,B,ML-7,SHEBOYGAN,WI,Y,N,Wisconsin Public Service Corporation,007947435,,,,,WI 7  I,Zone 7,,T,,N,Northern,20250929 22:29
006958581,,ANR Pipeline Company,C000623,139405  ,FREMONT READFIELD       ,19000101,,A,LDC,B,ML-7,WAUPACA,WI,Y,N,Wisconsin Gas LLC,007947047,,,,,WI 7  F,Zone 7,,T,,N,Northern,20250929 22:29
006958581,,ANR Pipeline Company,C000623,1394871 ,BURKES RUN              ,19000101,,A,IND,B,ML-6,LEE,IA,Y,N,"Koch Fertilizer Wever, LLC",055627973,,,,,MW 6  J,Zone 6,,T,,N,,20260226 10:11
006958581,,ANR Pipeline Company,C000623,1395087 ,SEML N-S (PORTLAND),20250930,,A,VIR,B,SE-1,JAY,IN,N,N,,,,,,,ME 3  C,Zone 3,,T,,N,,20260116 09:35
006958581,,ANR Pipeline Company,C000623,1395686 ,REX SHELBYVILLE EXPANSIO,19000101,,A,INT,B,ML-3,SHELBY,IN,Y,Y,Rockies Express Pipeline LLC,784256161,,C000594,,,ME 3  A,Zone 3,,T,,N,,20250929 22:29
006958581,,ANR Pipeline Company,C000623,1395865 ,WAMEGO                  ,19000101,,A,LDC,D,ML-5,POTTAWATOMIE,KS,Y,N,"KANSAS GAS SERVICE COMPANY, A DIVISION OF ONE GAS, INC.",504804202,,,,,MW 5  B,Zone 5,,T,,N,,20251023 12:23
006958581,,ANR Pipeline Company,C000623,1400988 ,VEDO GRP-1              ,19000101,,A,LDC,B,ML-3,DARKE,OH,Y,N,"Vectren Energy Delivery of Ohio, Inc.",004866344,,,,,ME 3  B,Zone 3,,T,,N,Lebanon,20251028 12:29
006958581,,ANR Pipeline Company,C000623,1401911 ,MIKESELL                ,19000101,,A,LDC,D,ML-3,DARKE,OH,Y,N,"Vectren Energy Delivery of Ohio, Inc.",004866344,,,,,ME 3  B,Zone 3,,T,,N,Lebanon,20260903 14:31
006958581,,ANR Pipeline Company,C000623,1402187 ,HUMBOLDT LAKE ROAD      ,19000101,,A,LDC,D,ML-2,CROCKETT,TN,Y,N,Jackson Energy Authority,038389347,,,,,ME 2  C,Zone 2,,T,,N,,20250929 22:29
006958581,,ANR Pipeline Company,C000623,1402365 ,KEOKUK - ROQUETTE       ,19000101,,A,LDC,B,ML-6,LEE,IA,Y,N,LIBERTY UTILITIES (MIDSTATES NATURAL GAS) CORP.,078314967,,,,,MW 6  J,Zone 6,,T,,N,,20260910 14:09
006958581,,ANR Pipeline Company,C000623,1402545 ,BRANDON ROAD DELIVERY   ,19000101,,A,EGN,D,ML-7,WILL,IL,Y,N,Elwood Energy LLC,072640738,,,,,MI 7  V,Zone 7,,T,,N,Joliet,20260413 10:17
006958581,,ANR Pipeline Company,C000623,1402711 ,CEDAR CREEK DELIVERY    ,,20260924,I,EGN,D,ML-7,WILL,IL,Y,N,NRG Power Marketing LLC,028255979,,,,,MI 7  V,Zone 7,,T,,N,Joliet,20260924 15:50
006958581,,ANR Pipeline Company,C000623,140358  ,GREAT LAKES/MUTTONVILLE ,19000101,,A,INT,B,ML-7,ST CLAIR,MI,Y,N,GREAT LAKES GAS TRANSMISSION COMPANY,824900229,,,,,MI 7  T,Zone 7,,T,,N,Northern,20251212 15:29
006958581,,ANR Pipeline Company,C000623,140834  ,MAUMEE EAST/COL GAS OHIO,19000101,,A,LDC,B,ML-7,LUCAS,OH,Y,Y,"Columbia Gas of Ohio, Inc.",004773586,,C003905,,,MI 7  B,Zone 7,,T,,N,Northern,20251023 08:03
006958581,,ANR Pipeline Company,C000623,142164  ,DEWARD - GREAT LAKES - R,19000101,,A,INT,R,ML-7,CRAWFORD,MI,Y,N,GREAT LAKES GAS TRANSMISSION COMPANY,824900229,,,,,MI 7  T,Zone 7,,T,,N,Northern,20250929 22:29
006958581,,ANR Pipeline Company,C000623,142179  ,PATTERSON TO LIG        ,19000101,,A,INT,D,SE-1,ST MARY,LA,Y,Y,"EnLink LIG, LLC",041220351,,C001142,,,SE 2  B,Zone 1,,T,,N,,20250915 22:50
006958581,,ANR Pipeline Company,C000623,142180  ,KALKASKA                ,19000101,,A,STA,B,ML-7,KALKASKA,MI,N,N,,,,,,,MI 7  T,Zone 7,,T,,N,Northern,20250929 22:29
006958581,,ANR Pipeline Company,C000623,147977  ,ST. MARTINVILLE EAST    ,19000101,,A,INT,R,SE-1,ST MARTIN,LA,Y,N,LOUISIANA RESOURCES PIPELINE COMPANY,007618135,,,,,SE 2  B,Zone 1,,T,,N,,20250915 22:50
006958581,,ANR Pipeline Company,C000623,150407  ,FLORENCE WI             ,19000101,,A,LDC,B,ML-7,FLORENCE,WI,Y,N,Florence Utility Commission,030194286,,,,,WI 7  O,Zone 7,,T,,N,Northern,20250929 22:29
006958581,,ANR Pipeline Company,C000623,150409  ,ADRIAN/WESTSIDE PL CO   ,19000101,,A,LDC,B,ML-7,LENAWEE,MI,Y,N,"DTE Energy Trading, Inc.",179989231,,,,,MI 7  A,Zone 7,,T,,N,Northern,20251023 08:03
006958581,,ANR Pipeline Company,C000623,150532  ,BALDWIN LAKE (SEM GAS)  ,19000101,,A,LDC,B,ML-7,CASS,MI,Y,N,"Semco Energy, Inc., DBA Semco Energy Gas Company",006960553,,,,,MI 7  H,Zone 7,,T,,N,Northern,20250929 22:29
006958581,,ANR Pipeline Company,C000623,150708  ,KINGS BAYOU NO 2        ,19000101,,A,WHD,R,SE-1,CAMERON,LA,N,N,,,,,,,SE 1  D,Zone 1,,T,,N,,20251020 08:20
006958581,,ANR Pipeline Company,C000623,153708  ,JASPER INT              ,19000101,,A,LDC,D,ML-3,DUBOIS,IN,Y,N,"CITY OF JASPER, INDIANA",079669495,,,,,ME 3  A,Zone 3,,T,,N,,20251023 08:04
006958581,,ANR Pipeline Company,C000623,153713  ,VENTURA/OFFSYSTEM NB    ,19000101,,A,VIR,D,ML-7,HANCOCK,IA,N,N,,,,,,,ML 0  B,Zone 7,,T,,N,Northern,20251105 13:52
006958581,,ANR Pipeline Company,C000623,153730  ,HEBRON/OFFSYSTEM NB     ,19000101,,A,OTH,B,ML-7,MERCER,ND,N,N,,,,,,,ML 0  B,Zone 7,,T,,N,Northern,20250915 22:50
006958581,,ANR Pipeline Company,C000623,153751  ,RABBIT RIDGE INT (DEL)  ,19000101,,A,XXX,D,ML-2,HOPKINS,KY,Y,Y,Atmos Energy Corporation,108203241,,C003008,,,ME 2  C,Zone 2,,T,,N,,20251023 08:05
006958581,,ANR Pipeline Company,C000623,153753  ,RABBIT RIDGE INT (REC)  ,19000101,,A,INT,R,ML-2,HOPKINS,KY,Y,Y,Atmos Energy Corporation,108203241,,C003008,,,ME 2  C,Zone 2,,T,,N,,20251020 08:21
006958581,,ANR Pipeline Company,C000623,153767  ,OWENSBORO INT           ,19000101,,A,IND,D,ML-3,DAVIESS,KY,Y,N,Kimberly-Clark Corporation,006072136,,,,,ME 3  A,Zone 3,,T,,N,,20251023 08:05
006958581,,ANR Pipeline Company,C000623,153781  ,LEBANON/CASTINE         ,19000101,,A,LDC,B,ML-3,DARKE,OH,Y,N,The Dayton Power & Light Company,007902430,,,,,ME 3  B,Zone 3,,T,,N,Lebanon,20251023 08:06
006958581,,ANR Pipeline Company,C000623,153782  ,FLORY ROAD              ,19000101,,A,LDC,B,ML-7,DEFIANCE,OH,Y,N,Ohio Gas Company,003779345,,,,,MI 7  B,Zone 7,,T,,N,Northern,20250929 22:29
006958581,,ANR Pipeline Company,C000623,153799  ,TWIN LAKE               ,19000101,,A,LDC,B,ML-7,KALKASKA,MI,Y,Y,DTE Gas Company,006958540,,C000428,,,ML 0  A,Zone 7,,T,,N,Northern,20250929 22:29
006958581,,ANR Pipeline Company,C000623,153803  ,KALKASKA (MICHCON)      ,19000101,,A,LDC,B,ML-7,IRON,MI,Y,Y,DTE Gas Company,006958540,,C000428,,,MI 7  T,Zone 7,,T,,N,Northern,20251023 16:13
006958581,,ANR Pipeline Company,C000623,153822  ,GREENWOOD               ,19000101,,A,LDC,B,ML-7,ST CLAIR,MI,Y,N,"Semco Energy, Inc., DBA Semco Energy Gas Company",006960553,,,,,MI 7  T,Zone 7,,T,,N,Northern,20260903 14:31
006958581,,ANR Pipeline Company,C000623,153852  ,HANOVER INT (DEL)       ,19000101,,A,INT,D,ML-7,JACKSON,MI,Y,N,"DCP OPERATING COMPANY, LP",003048753,,,,,MI 7  K,Zone 7,,T,,N,Northern,20260616 13:08
006958581,,ANR Pipeline Company,C000623,153853  ,HANOVER INT (REC)       ,19000101,,A,INT,R,ML-7,JACKSON,MI,Y,N,"DCP OPERATING COMPANY, LP",003048753,,,,,MI 7  K,Zone 7,,T,,N,Northern,20260616 13:09
006958581,,ANR Pipeline Company,C000623,153896  ,CENTERPOINT/CUSTER DEL  ,19000101,,A,INT,B,SW-4,CUSTER,OK,Y,Y,"Enable Gas Transmission, LLC",872670161,,C000544,,,SW 3  E,Zone 4,,T,,N,,20251023 08:09
006958581,,ANR Pipeline Company,C000623,153905  ,S W CDP                 ,,20250927,I,PPT,B,SW-4,Non-Geographic,MU,N,N,,,,,,,SW 4  A,Zone 4,,T,,N,,20250927 12:02
006958581,,ANR Pipeline Company,C000623,153950  ,EMERSON MANITOBA        ,19000101,,A,VIR,B,ML-7,Non-Geographic,MB,Y,N,TransCanada Energy Ltd.,253892756,,,,,ML 0  A,Zone 7,,T,,N,Northern,20250915 22:50
006958581,,ANR Pipeline Company,C000623,154017  ,CENTERPOINT/PERRYVILLE  ,19000101,,A,INT,B,ML-2,OUACHITA,LA,Y,Y,"Enable Gas Transmission, LLC",872670161,,C000544,,,ME 2  B,Zone 2,,T,,N,,20251020 08:22
006958581,,ANR Pipeline Company,C000623,15672   ,DEFIANCE/PANHANDLE (DEL),19000101,,A,INT,D,ML-3,DEFIANCE,OH,Y,Y,"Panhandle Eastern Pipe Line Company, LP",045256641,,C000250,ANRDF,,ME 3  E,Zone 3,,T,,N,,20251031 12:25
006958581,,ANR Pipeline Company,C000623,15673   ,NEY                     ,19000101,,A,LDC,B,ML-7,DEFIANCE,OH,Y,N,Ohio Gas Company,003779345,,,,,MI 7  C,Zone 7,,T,,N,Northern,20250929 22:29
006958581,,ANR Pipeline Company,C000623,15760   ,LYONS                   ,19000101,,A,LDC,B,ML-7,FULTON,OH,Y,N,Ohio Gas Company,003779345,,,,,MI 7  A,Zone 7,,T,,N,Northern,20250929 22:29
006958581,,ANR Pipeline Company,C000623,158286  ,WEST TEXAS GAS INT      ,19000101,,A,LDC,B,SW-4,HANSFORD,TX,Y,N,WEST TEXAS GAS INC.,060150745,,,,,SW 1  A,Zone 4,,T,,N,,20251023 08:09
006958581,,ANR Pipeline Company,C000623,158587  ,S E CDP (GATHERING)     ,19000101,,A,PPT,B,SE-1,Non-Geographic,MU,N,N,,,,,,,SE 2  A,Zone 1,,G,,N,,20250915 22:50
006958581,,ANR Pipeline Company,C000623,16118   ,PAULDING/COL GAS        ,19000101,,A,INT,B,ML-3,PAULDING,OH,Y,Y,"Columbia Gas Transmission, LLC",054748041,,C000306,F1,PAULDING-3,ME 3  E,Zone 3,,T,,N,,20251023 06:56
006958581,,ANR Pipeline Company,C000623,16264   ,WILLSHIRE               ,19000101,,A,LDC,D,ML-3,VAN WERT,OH,Y,Y,The East Ohio Gas Company,007900475,,C001002,,,ME 3  E,Zone 3,,T,,N,,20250929 22:29
006958581,,ANR Pipeline Company,C000623,16265   ,CONVOY                  ,19000101,,A,LDC,B,ML-3,VAN WERT,OH,Y,Y,The East Ohio Gas Company,007900475,,C001002,,,ME 3  E,Zone 3,,T,,N,,20251023 06:57
006958581,,ANR Pipeline Company,C000623,163450  ,BEAVER PLANT (CNG)      ,19000101,,A,INT,B,SW-4,BEAVER,OK,Y,N,"ETC TEXAS PIPELINE, LTD.",148978856,,,,,SW 4  E,Zone 4,,T,,N,,20260127 15:19
006958581,,ANR Pipeline Company,C000623,16435   ,BEAVER-CIG (REC FR CIG) ,19000101,,A,INT,R,SW-4,BEAVER,OK,Y,Y,"COLORADO INTERSTATE GAS COMPANY, L.L.C.",006914865,,C000981,,,SW 4  C,Zone 4,,T,,N,,20260813 10:07
006958581,,ANR Pipeline Company,C000623,16842   ,CUSTER CITY/TRANSOK REC ,19000101,,A,INT,R,SW-4,CUSTER,OK,Y,N,"Enable Oklahoma Intrastate Transmission, LLC",007205412,,,,,SW 3  C,Zone 4,,T,,N,,20251021 12:36
006958581,,ANR Pipeline Company,C000623,171756  ,CHESTER INT (RECEIPT)   ,19000101,,A,STR,B,ML-7,OTSEGO,MI,Y,N,GREAT LAKES GAS TRANSMISSION COMPANY,824900229,,,,,ML 0  A,Zone 7,,T,,N,Northern,20250929 22:29
006958581,,ANR Pipeline Company,C000623,171758  ,LAKE NOKOMIS INT        ,19000101,,A,LDC,D,ML-7,LINCOLN,WI,Y,N,Wisconsin Public Service Corporation,007947435,,,,,WI 7  P,Zone 7,,T,,N,Northern,20250929 22:29
006958581,,ANR Pipeline Company,C000623,171759  ,GALLATIN INTERCONNECT   ,19000101,,A,LDC,B,ML-6,HARRISON,MO,Y,N,"SUMMIT NATURAL GAS OF MISSOURI, INC.",177053308,,,,,MW 6  B,Zone 6,,T,,N,,20251023 08:10
006958581,,ANR Pipeline Company,C000623,174650  ,MANISTEE INT (DELIVERY) ,19000101,,A,STR,D,ML-7,OTSEGO,MI,Y,Y,ANR Storage Company,092454453,,C000624,,,ML 0  A,Zone 7,,T,,N,Northern,20250929 22:29
006958581,,ANR Pipeline Company,C000623,174651  ,MANISTEE INT (RECEIPT)  ,19000101,,A,STR,B,ML-7,MECOSTA,MI,Y,Y,ANR Storage Company,092454453,,C000624,,,ML 0  A,Zone 7,,T,,N,Northern,20250929 22:29
006958581,,ANR Pipeline Company,C000623,174721  ,LEBANON/GLEN KARN-TETCO ,19000101,,A,INT,D,ML-3,DARKE,OH,Y,Y,"Texas Eastern Transmission, LP",007932908,,C000094,,,ME 3  B,Zone 3,,T,,N,Lebanon,20251023 08:11
006958581,,ANR Pipeline Company,C000623,174769  ,LAVERNE CITYGATE INT    ,19000101,,A,LDC,D,SW-4,HARPER,OK,Y,N,OKLAHOMA NATURAL GAS COMPANY,007907827,,,,,SW 4  E,Zone 4,,T,,N,,20251023 08:54
006958581,,ANR Pipeline Company,C000623,174775  ,BERLIN IC (TRANSOK)     ,19000101,,A,INT,B,SW-4,ROGER MILLS,OK,Y,N,"Enable Oklahoma Intrastate Transmission, LLC",007205412,,,,,SW 1  E,Zone 4,,T,,N,,20251020 08:27
006958581,,ANR Pipeline Company,C000623,174788  ,KENOSHA INT             ,19000101,,A,LDC,B,ML-7,KENOSHA,WI,Y,N,Wisconsin Electric Power Company,007947385,,,,,WI 7  E,Zone 7,,T,,N,Northern,20251023 08:55
006958581,,ANR Pipeline Company,C000623,174789  ,MEEME                   ,19000101,,A,LDC,D,ML-7,MANITOWOC,WI,Y,N,Wisconsin Public Service Corporation,007947435,,,,,WI 7  M,Zone 7,,T,,N,Northern,20250929 22:29
006958581,,ANR Pipeline Company,C000623,174790  ,CRIVITZ                 ,19000101,,A,LDC,D,ML-7,OCONTO,WI,Y,N,Wisconsin Public Service Corporation,007947435,,,,,WI 7  K,Zone 7,,T,,N,Northern,20250929 22:29
006958581,,ANR Pipeline Company,C000623,174791  ,ROSHOLT (WISC) INT      ,19000101,,A,LDC,B,ML-7,PORTAGE,WI,Y,N,Wisconsin Public Service Corporation,007947435,,,,,WI 7  T,Zone 7,,T,,N,Northern,20250929 22:29
006958581,,ANR Pipeline Company,C000623,174792  ,SOUTH BURLINGTON (IA)   ,19000101,,A,LDC,B,ML-6,LEE,IA,Y,N,Interstate Power and Light Company,006940522,,,,,MW 6  J,Zone 6,,T,,N,,20251023 08:56
006958581,,ANR Pipeline Company,C000623,17519   ,OTISVILLE               ,19000101,,A,INT,B,ML-7,GENESEE,MI,Y,N,Consumers Energy Company,006959803,,,,,MI 7  T,Zone 7,,T,,N,Northern,20250929 22:29
006958581,,ANR Pipeline Company,C000623,177238  ,ANTRIM PLANT            ,19000101,,A,PLT,R,ML-7,OTSEGO,MI,Y,Y,DTE Gas Company,006958540,,C000428,,,MI 7  T,Zone 7,,T,,N,Northern,20250929 22:29
006958581,,ANR Pipeline Company,C000623,183670  ,HAMPSHIRE INT           ,19000101,,A,LDC,B,ML-7,KANE,IL,Y,Y,Northern Illinois Gas Company d/b/a Nicor Gas Company,006927792,,C000600,,,WI 7  A,Zone 7,,T,,N,Northern,20251023 08:57
006958581,,ANR Pipeline Company,C000623,185837  ,RED RIVER (REC) INT     ,19000101,,A,INT,R,SW-4,WHEELER,TX,Y,N,"ONEOK WESTEX TRANSMISSION, L.L.C.",611855602,,,,,SW 1  C,Zone 4,,T,,N,,20260716 13:36
006958581,,ANR Pipeline Company,C000623,186899  ,EGAN (DELIVERY) INT     ,19000101,,A,STR,D,SE-1,ACADIA,LA,Y,Y,"Egan Hub Storage, LLC",835460478,,C000086,,,SE 1  A,Zone 1,,T,,N,,20251023 08:58
006958581,,ANR Pipeline Company,C000623,186900  ,EGAN (RECEIPT) INT      ,19000101,,A,STR,R,SE-1,ACADIA,LA,Y,Y,"Egan Hub Storage, LLC",835460478,,C000086,45101,,SE 1  A,Zone 1,,T,,N,,20260205 11:51
006958581,,ANR Pipeline Company,C000623,198847  ,WAUSEON                 ,19000101,,A,LDC,B,ML-7,FULTON,OH,Y,Y,The East Ohio Gas Company,007900475,,C001002,,,MI 7  A,Zone 7,,T,,N,Northern,20251023 08:59
006958581,,ANR Pipeline Company,C000623,20046   ,PARIS                   ,19000101,,A,LDC,B,ML-2,HENRY,TN,Y,N,Paris Henry County Public Utility District,066115122,,,,,ME 2  C,Zone 2,,T,,N,,20250929 22:29
006958581,,ANR Pipeline Company,C000623,201838  ,BEULAH INTERCONNECT     ,19000101,,A,OTH,D,ML-2,HOPKINS,KY,Y,Y,Atmos Energy Corporation,108203241,,C003008,,,ME 2  C,Zone 2,,T,,N,,20260921 09:56
006958581,,ANR Pipeline Company,C000623,201846  ,STANLEY INTERCONNECT    ,19000101,,A,LDC,D,ML-3,DAVIESS,KY,Y,Y,Atmos Energy Corporation,108203241,,C003008,,,ME 3  A,Zone 3,,T,,N,,20251023 09:02
006958581,,ANR Pipeline Company,C000623,206051  ,COLUMBUS LINK INT       ,19000101,,A,LDC,B,ML-7,ST CLAIR,MI,Y,Y,DTE Gas Company,006958540,,C000428,,,ML 0  C,Zone 7,,T,,N,Link,20251020 08:32
006958581,,ANR Pipeline Company,C000623,206151  ,ANR LINK INT            ,19000101,,A,VIR,B,ML-7,ST CLAIR,MI,N,N,,,,,,,ML 0  C,Zone 7,,T,,N,Link,20250929 22:29
006958581,,ANR Pipeline Company,C000623,20666   ,GLEASON                 ,19000101,,A,LDC,B,ML-2,WEAKLEY,TN,Y,N,"The West Tennessee Public Utility District of Weakley, Carroll, and Benton Coun",073525644,,,,,ME 2  C,Zone 2,,T,,N,,20251023 06:57
006958581,,ANR Pipeline Company,C000623,216158  ,CORUNNA INT             ,19000101,,A,INT,B,ML-7,ST CLAIR,MI,Y,N,ENBRIDGE GAS DISTRIBUTION INC.,246667372,,,,,ML 0  C,Zone 7,,T,,N,Link,20250915 22:50
006958581,,ANR Pipeline Company,C000623,216338  ,LITCHFIELD              ,19000101,,A,LDC,D,ML-7,HILLSDALE,MI,Y,N,"Semco Energy, Inc., DBA Semco Energy Gas Company",006960553,,,,,MI 7  K,Zone 7,,T,,N,Northern,20250929 22:29
006958581,,ANR Pipeline Company,C000623,216654  ,HOLLAND BPW INT         ,19000101,,A,LDC,B,ML-7,ALLEGAN,MI,Y,N,"CITY OF HOLLAND, MICHIGAN",079284337,,,,,MI 7  L,Zone 7,,T,,N,Northern,20251023 09:06
006958581,,ANR Pipeline Company,C000623,217541  ,ANR/GPM INT-LAVERNE     ,19000101,,A,INT,B,SW-4,HARPER,OK,Y,N,"DCP OPERATING COMPANY, LP",003048753,,,,,SW 5  A,Zone 4,,T,,N,,20250915 22:50
006958581,,ANR Pipeline Company,C000623,217696  ,SEMINOLE-GULF NICHOLS   ,19000101,,A,WHD,R,SW-4,KIOWA,KS,Y,N,BCE MACH III MIDSTREAM HOLDINGS LLC,117225173,,,,,SW 4  B,Zone 4,,T,,N,,20251020 08:32
006958581,,ANR Pipeline Company,C000623,218192  ,ST MARTINVILLE E TO LRC ,19000101,,A,INT,D,SE-1,ST MARY,LA,Y,N,Bridgeline Gas Distribution Co.,009603424,,,,,SE 2  B,Zone 1,,T,,N,,20251023 09:07
006958581,,ANR Pipeline Company,C000623,218537  ,EDON                    ,19000101,,A,LDC,D,ML-7,WILLIAMS,OH,Y,N,Ohio Gas Company,003779345,,,,,MI 7  C,Zone 7,,T,,N,Northern,20250929 22:29
006958581,,ANR Pipeline Company,C000623,218538  ,TECHE PLANT (CLECO),19000101,,A,EGN,D,SE-1,ST MARY,LA,Y,N,CLECO Power LLC,006948178,,,,,SE 2  B,Zone 1,,T,,N,,20260924 12:30
006958581,,ANR Pipeline Company,C000623,218539  ,TRENTON INTERCONNECT    ,19000101,,A,LDC,D,ML-2,GIBSON,TN,Y,N,Gibson County Utility District,,4234341,,,,ME 2  C,Zone 2,,T,,N,,20251023 09:10
006958581,,ANR Pipeline Company,C000623,221444  ,PARIS HENRY GRP 1       ,19000101,,A,LDC,B,ML-2,HENRY,TN,Y,N,Paris Henry County Public Utility District,066115122,,,,,ME 2  C,Zone 2,,T,,N,,20250915 22:50
006958581,,ANR Pipeline Company,C000623,221448  ,HANOR ROBERTS RANCH INT ,19000101,,A,LDC,D,SW-4,WOODWARD,OK,Y,N,"SUMMIT UTILITIES OKLAHOMA, INC.",990000051,,,,,SW 3  B,Zone 4,,T,,N,,20260625 08:06
006958581,,ANR Pipeline Company,C000623,224545  ,NORTH MERRILL INT       ,19000101,,A,LDC,D,ML-7,LINCOLN,WI,Y,N,Wisconsin Public Service Corporation,007947435,,,,,WI 7  P,Zone 7,,T,,N,Northern,20250929 22:29
006958581,,ANR Pipeline Company,C000623,224546  ,JEWELL INT              ,19000101,,A,LDC,D,ML-7,DEFIANCE,OH,Y,N,Ohio Gas Company,003779345,,,,,MI 7  B,Zone 7,,T,,N,Northern,20250929 22:29
006958581,,ANR Pipeline Company,C000623,226629  ,SEML N-S (GREENVILLE)   ,19000101,,A,VIR,B,ML-2,RICHLAND,LA,N,N,,,,,,,ME 2  C,Zone 2,,T,,N,,20251118 11:09
006958581,,ANR Pipeline Company,C000623,226630  ,SWML NORTHBOUND         ,,20260520,I,VIR,B,ML-5,DICKINSON,KS,N,N,,,,,,,FPSWMLNB,Zone 5,,T,,N,,20260520 13:04
006958581,,ANR Pipeline Company,C000623,226632  ,BRIDGMAN NORTHBOUND     ,,20260520,I,VIR,B,ML-7,BERRIEN,MI,N,N,,,,,,,FPBRGMNB,Zone 7,,T,,N,Northern,20260520 12:57
006958581,,ANR Pipeline Company,C000623,226635  ,SW AREA WEST LEG TO SWHS,19000101,,A,VIR,B,SW-4,MEADE,KS,N,N,,,,,,,SW 4  B,Zone 4,,T,,N,,20251021 12:24
006958581,,ANR Pipeline Company,C000623,226640  ,EUNICE SOUTHBOUND       ,,20260520,I,VIR,B,SE-1,JEFFERSON DAVIS,LA,N,N,,,,,,,FPEUNCSB,Zone 1,,T,,N,,20260520 13:03
006958581,,ANR Pipeline Company,C000623,226641  ,EUNICE EASTBOUND        ,,20251001,I,VIR,B,SE-1,ST MARY,LA,N,N,,,,,,,FPEUNCEB,Zone 1,,T,,N,,20251001 09:30
006958581,,ANR Pipeline Company,C000623,226643  ,EG HILL NORTHBOUND      ,,20260520,I,VIR,B,SW-4,HANSFORD,TX,N,N,,,,,,,FPEGHLNB,Zone 4,,T,,N,,20260520 12:59
006958581,,ANR Pipeline Company,C000623,226644  ,CUSTER NORTHBOUND       ,,20260520,I,VIR,B,SW-4,WHEELER,TX,N,N,,,,,,,FPCSTRNB,Zone 4,,T,,N,,20260520 12:58
006958581,,ANR Pipeline Company,C000623,226646  ,BASILE LATERAL TO SEHS  ,,20251003,I,VIR,B,SE-1,LAFAYETTE,LA,N,N,,,,,,,FPBLATSE,Zone 1,,T,,N,,20251003 11:12
006958581,,ANR Pipeline Company,C000623,22975   ,BAXTER HEALTH INT       ,19000101,,A,IND,D,ML-2,BOLIVAR,MS,Y,N,BAXTER HEALTHCARE CORPORATION,005083209,,,,,ME 2  C,Zone 2,,T,,N,,20251023 06:58
006958581,,ANR Pipeline Company,C000623,22986   ,LEBANON/SPRINGBORO INT  ,19000101,,A,LDC,B,ML-3,WARREN,OH,Y,Y,"Duke Energy Ohio, Inc.",006999189,,C000295,,,ME 3  B,Zone 3,,T,,N,Lebanon,20251023 06:59
006958581,,ANR Pipeline Company,C000623,22992   ,STAG LAKE(ST JOSEPH CO) ,19000101,,A,LDC,B,ML-7,ST JOSEPH,MI,Y,N,Consumers Energy Company,006959803,,,,,MI 7  J,Zone 7,,T,,N,Northern,20260331 09:18
006958581,,ANR Pipeline Company,C000623,233620  ,WEEKS ISLA/LIG PL,19000101,,A,INT,B,SE-1,ST MARY,LA,Y,Y,"EnLink LIG, LLC",041220351,,C001142,,,SE 2  B,Zone 1,,T,,N,,20260925 11:12
006958581,,ANR Pipeline Company,C000623,233839  ,GAGEBY SW 1             ,19000101,,A,VIR,B,SW-4,WHEELER,TX,N,N,,,,,,,SW 1  C,Zone 4,,T,,N,,20250922 15:25
006958581,,ANR Pipeline Company,C000623,233907  ,NAUTILUS DHS INT        ,19000101,,A,GTH,R,SE-1,ST MARY,LA,Y,N,"NAUTILUS PIPELINE COMPANY, L.L.C.",176824738,,,,,SE 2  B,Zone 1,,T,,N,,20251020 08:38
006958581,,ANR Pipeline Company,C000623,234898  ,LAND O LAKES INT        ,,20250930,I,IND,B,SW-4,BEAVER,OK,Y,N,"MURPHY-BROWN, LLC DBA SMITHFIELD HOG PRODU",039055368,,,,,SW 4  C,Zone 4,,T,,N,,20250929 22:29
006958581,,ANR Pipeline Company,C000623,237023  ,HITCH INT               ,19000101,,A,IND,D,SW-4,TEXAS,OK,Y,N,"HITCH ENTERPRISES, INC.",099550352,,,,,SW 4  C,Zone 4,,T,,N,,20251023 09:14
006958581,,ANR Pipeline Company,C000623,243097  ,ANR JOLIET HUB          ,19000101,,A,PPT,B,ML-7,Non-Geographic,MU,N,N,,,,,,,MI 7  F,Zone 7,,T,,N,Joliet,20250930 19:17
006958581,,ANR Pipeline Company,C000623,246067  ,WILL COUNTY INT         ,19000101,,A,INT,B,ML-7,WILL,IL,Y,Y,Northern Border Pipeline Company,021632583,,C000626,WILLCO,Will County,MI 7  V,Zone 7,,T,,N,Joliet,20260528 15:49
006958581,,ANR Pipeline Company,C000623,25935   ,ROBERTS COUNTY (REC)    ,19000101,,A,INT,R,SW-4,ROBERTS,TX,Y,N,"TRANSWESTERN PIPELINE COMPANY, LLC",007933047,,,,,SW 1  B,Zone 4,,T,,N,,20251021 12:37
006958581,,ANR Pipeline Company,C000623,2610    ,JOLIET (NGPL            ,19000101,,A,INT,R,ML-7,WILL,IL,Y,Y,Natural Gas Pipeline Company of America LLC,006931794,,C002096,,,MI 7  F,Zone 7,,T,,N,Joliet,20260730 14:02
006958581,,ANR Pipeline Company,C000623,261192  ,MADISON LATERAL         ,19000101,,A,VIR,B,ML-7,ADAMS,WI,N,N,,,,,,,WI 7  U,Zone 7,,T,,N,Northern,20260316 14:26
006958581,,ANR Pipeline Company,C000623,261193  ,WEYAUWEGA LATERAL       ,,20250922,I,VIR,B,ML-7,ADAMS,WI,N,N,,,,,,,WI 7  T,Zone 7,,T,,N,Northern,20250922 10:21
006958581,,ANR Pipeline Company,C000623,261194  ,WISCONSIN               ,19000101,,A,VIR,B,ML-7,ADAMS,WI,N,N,,,,,,,WI 7  U,Zone 7,,T,,N,Northern,20260515 13:53
006958581,,ANR Pipeline Company,C000623,261195  ,TWO RIVERS LATERAL      ,19000101,,A,VIR,B,ML-7,ADAMS,WI,N,N,,,,,,,WI 7  M,Zone 7,,T,,N,Northern,20260716 12:07
006958581,,ANR Pipeline Company,C000623,261212  ,SEMINOLE-TRUNK 464-0802 ,19000101,,A,WHD,R,SW-4,CUSTER,OK,Y,N,"CONTINUUM MIDSTREAM, L.L.C.",086747735,,,,,SW 3  C,Zone 4,,T,,N,,20251020 10:27
006958581,,ANR Pipeline Company,C000623,261234  ,SEMINOLE-N KORFMAN      ,19000101,,A,WHD,R,SW-4,CUSTER,OK,Y,N,"CONTINUUM MIDSTREAM, L.L.C.",086747735,,,,,SW 3  D,Zone 4,,T,,N,,20250915 22:50
006958581,,ANR Pipeline Company,C000623,261235  ,SEMINOLE-S KORFMAN      ,19000101,,A,WHD,R,SW-4,CUSTER,OK,Y,N,"CONTINUUM MIDSTREAM, L.L.C.",086747735,,,,,SW 3  D,Zone 4,,T,,N,,20250915 22:50
006958581,,ANR Pipeline Company,C000623,261262  ,SEMINOLE-TRUNK 464-0482 ,19000101,,A,WHD,R,SW-4,DEWEY,OK,Y,N,"CONTINUUM MIDSTREAM, L.L.C.",086747735,,,,,SW 3  D,Zone 4,,T,,N,,20251020 10:27
006958581,,ANR Pipeline Company,C000623,261312  ,SEMINOLE-LOVEDALE       ,19000101,,A,WHD,R,SW-4,HARPER,OK,Y,N,"CONTINUUM MIDSTREAM, L.L.C.",086747735,,,,,SW 3  A,Zone 4,,T,,N,,20251020 10:28
006958581,,ANR Pipeline Company,C000623,261332  ,SEMINOLE-HARPER VALLEY  ,19000101,,A,WHD,R,SW-4,HARPER,OK,Y,N,"CONTINUUM MIDSTREAM, L.L.C.",086747735,,,,,SW 3  A,Zone 4,,T,,N,,20250915 22:50
006958581,,ANR Pipeline Company,C000623,261333  ,SEMINOLE-TX COUNTY      ,19000101,,A,WHD,R,SW-4,TEXAS,OK,Y,N,"CONTINUUM MIDSTREAM, L.L.C.",086747735,,,,,SW 4  C,Zone 4,,T,,N,,20250915 22:50
006958581,,ANR Pipeline Company,C000623,261335  ,SEMINOLE-HANSFORD INT   ,19000101,,A,WHD,R,SW-4,HANSFORD,TX,Y,N,"CONTINUUM MIDSTREAM, L.L.C.",086747735,,,,,SW 1  A,Zone 4,,T,,N,,20250915 22:50
006958581,,ANR Pipeline Company,C000623,261336  ,SEMINOLE-HEMPHILL INT   ,19000101,,A,WHD,B,SW-4,HEMPHILL,TX,Y,N,"CONTINUUM MIDSTREAM, L.L.C.",086747735,,,,,SW 1  B,Zone 4,,T,,N,,20250915 22:50
006958581,,ANR Pipeline Company,C000623,261337  ,SEMINOLE-TRUNK 482-0801 ,19000101,,A,WHD,R,SW-4,HEMPHILL,TX,Y,N,"CONTINUUM MIDSTREAM, L.L.C.",086747735,,,,,SW 1  B,Zone 4,,T,,N,,20251020 10:28
006958581,,ANR Pipeline Company,C000623,261340  ,SEMINOLE-S WHEELER      ,19000101,,A,WHD,R,SW-4,WHEELER,TX,Y,N,"CONTINUUM MIDSTREAM, L.L.C.",086747735,,,,,SW 1  C,Zone 4,,T,,N,,20251020 10:29
006958581,,ANR Pipeline Company,C000623,261342  ,SEMINOLE-TRUNK 493-0801 ,19000101,,A,WHD,R,SW-4,WHEELER,TX,Y,N,"CONTINUUM MIDSTREAM, L.L.C.",086747735,,,,,SW 1  C,Zone 4,,T,,N,,20250915 22:50
006958581,,ANR Pipeline Company,C000623,261343  ,SEMINOLE-MEADE          ,19000101,,A,WHD,R,SW-4,MEADE,KS,Y,N,"CONTINUUM MIDSTREAM, L.L.C.",086747735,,,,,SW 4  C,Zone 4,,T,,N,,20250915 22:50
006958581,,ANR Pipeline Company,C000623,261345  ,LEBANON HUB-ANR GK      ,19000101,,A,PPT,B,ML-3,Non-Geographic,MU,N,N,,,,,,,ME 3  B,Zone 3,,T,,N,Lebanon,20250930 19:18
006958581,,ANR Pipeline Company,C000623,261413  ,SEMINOLE-BUTTERMILK     ,19000101,,A,WHD,R,SW-4,COMANCHE,KS,Y,N,"CONTINUUM MIDSTREAM, L.L.C.",086747735,,,,,SW 3  A,Zone 4,,T,,N,,20251020 10:29
006958581,,ANR Pipeline Company,C000623,261452  ,GREENWOOD/SEMI          ,19000101,,A,VIR,B,ML-7,ST CLAIR,MI,N,N,,,,,,,MI 7  K,Zone 7,,T,,N,Northern,20250918 14:39
006958581,,ANR Pipeline Company,C000623,261474  ,MID MICHIGAN CDP        ,19000101,,A,VIR,B,ML-7,ALCONA,MI,Y,N,MID MICHIGAN GAS STORAGE COMPANY,047221739,,,,,MI 7  S,Zone 7,,T,,N,Northern,20250915 22:50
006958581,,ANR Pipeline Company,C000623,261475  ,BEDISON INTERCONNECT    ,19000101,,A,EGN,B,ML-6,NODAWAY,MO,Y,N,Associated Electric Cooperative Inc.,054077672,,,,,MW 6  A,Zone 6,,T,,N,,20251023 09:16
006958581,,ANR Pipeline Company,C000623,261477  ,SOMERVILLE NORTH INT    ,19000101,,A,LDC,D,ML-2,FAYETTE,TN,Y,N,"TOWN OF SOMERVILLE, TENNESSEE",099181786,,,,,ME 2  C,Zone 2,,T,,N,,20250929 22:29
006958581,,ANR Pipeline Company,C000623,261478  ,SOMERVILLE SOUTH INT    ,19000101,,A,LDC,D,ML-2,FAYETTE,TN,Y,N,"TOWN OF SOMERVILLE, TENNESSEE",099181786,,,,,ME 2  C,Zone 2,,T,,N,,20250929 22:29
006958581,,ANR Pipeline Company,C000623,261572  ,BROWNSVILLE INTERCONNECT,19000101,,A,EGN,D,ML-2,HAYWOOD,TN,Y,N,Tennessee Valley Authority,001883032,,,,,ME 2  C,Zone 2,,T,,N,,20251022 14:37
006958581,,ANR Pipeline Company,C000623,261573  ,DE PERE INTERCONNECT,19000101,,A,LDC,B,ML-7,BROWN,WI,Y,N,Wisconsin Public Service Corporation,007947435,,,,,WI 7  AB,Zone 7,,T,,N,Northern,20260924 14:27
006958581,,ANR Pipeline Company,C000623,261574  ,PARIS - NORTH SHORE     ,19000101,,A,LDC,B,ML-7,KENOSHA,WI,Y,N,North Shore Gas Company,006936306,,,,,WI 7  E,Zone 7,,T,,N,Northern,20251023 09:21
006958581,,ANR Pipeline Company,C000623,261575  ,TIFFANY                 ,19000101,,A,LDC,B,ML-7,ROCK,WI,Y,N,Wisconsin Power and Light Company,007946452,,,,,WI 7  Z,Zone 7,,T,,N,Northern,20251023 09:22
006958581,,ANR Pipeline Company,C000623,261713  ,LEBANON/A K STEEL       ,19000101,,A,IND,B,ML-3,WARREN,OH,Y,N,Cleveland-Cliffs Steel Corporation,606072130,,,,,ME 3  B,Zone 3,,T,,N,Lebanon,20251023 09:22
006958581,,ANR Pipeline Company,C000623,261756  ,ANR INTERNAL STORAGE    ,,20260223,I,VIR,B,ML-7,ALCONA,MI,N,N,,,,,,,MI 7  S,Zone 7,,T,,N,Northern,20260223 15:46
006958581,,ANR Pipeline Company,C000623,265372  ,GERMANTOWN INT          ,19000101,,A,LDC,B,ML-7,WASHINGTON,WI,Y,N,Wisconsin Electric Power Co.,038984456,,,,,WI 7  D,Zone 7,,T,,N,Northern,20251023 09:23
006958581,,ANR Pipeline Company,C000623,266555  ,PANOLA COUNTY INT,19000101,,A,EGN,D,ML-2,PANOLA,MS,Y,N,"Cooperative Energy, a Mississippi electric cooperative",077893378,,,,,ME 2  C,Zone 2,,T,,N,,20260925 10:14
006958581,,ANR Pipeline Company,C000623,266892  ,ANGELICA INT            ,19000101,,A,LDC,D,ML-7,SHAWANO,WI,Y,N,Wisconsin Gas LLC,007947047,,,,,WI 7  L,Zone 7,,T,,N,Northern,20250929 22:29
006958581,,ANR Pipeline Company,C000623,267228  ,SOMERVILLE GROUP 1      ,19000101,,A,LDC,D,ML-2,FAYETTE,TN,Y,N,"TOWN OF SOMERVILLE, TENNESSEE",099181786,,,,,ME 2  C,Zone 2,,T,,N,,20250915 22:50
006958581,,ANR Pipeline Company,C000623,269472  ,MENASHA INTERCONNECT    ,19000101,,A,LDC,B,ML-7,WINNEBAGO,WI,Y,N,Wisconsin Power and Light Company,007946452,,,,,WI 7  H,Zone 7,,T,,N,Northern,20251023 09:24
006958581,,ANR Pipeline Company,C000623,274229  ,WEAKLEY COUNTY INT      ,19000101,,A,EGN,D,ML-2,WEAKLEY,TN,Y,N,Tennessee Valley Authority,001883032,,,,,ME 2  C,Zone 2,,T,,N,,20251117 16:35
006958581,,ANR Pipeline Company,C000623,277052  ,CADIZ INT,19000101,,A,LDC,D,ML-3,HAMILTON,IN,Y,N,"DUKE ENERGY INDIANA, LLC",006939540,,,,,ME 3  A,Zone 3,,T,,N,,20260924 14:27
006958581,,ANR Pipeline Company,C000623,277072  ,ALLIANCE/ANR INT        ,19000101,,A,INT,B,ML-7,WILL,IL,Y,N,ALLIANCE PIPELINE L.P.,809787513,,,,,MI 7  U,Zone 7,,T,,N,Joliet,20260323 10:21
006958581,,ANR Pipeline Company,C000623,278172  ,MINOOKA INTERCONNECT    ,19000101,,A,EGN,B,ML-7,KENDALL,IL,Y,N,"Dynegy Marketing and Trade, LLC",137619136,,,,,MI 7  F,Zone 7,,T,,N,Joliet,20251023 09:28
006958581,,ANR Pipeline Company,C000623,278352  ,GPM LAVERNE FUEL MTR    ,19000101,,A,COM,B,SW-4,HARPER,OK,Y,N,"DCP OPERATING COMPANY, LP",003048753,,,,,SW 5  A,Zone 4,,T,,N,,20250929 22:29
006958581,,ANR Pipeline Company,C000623,279735  ,PECANIERE INT           ,19000101,,A,OTH,R,SE-1,ST LANDRY,LA,Y,N,"Progas, Inc.",787844026,,,,,SE 2  B,Zone 1,,T,,N,,20250915 22:50
006958581,,ANR Pipeline Company,C000623,280435  ,NAPOLEON INTERCONNECT   ,19000101,,A,LDC,B,ML-7,HENRY,OH,Y,N,"American Municipal Power - Ohio, Inc.",105687560,,,,,MI 7  B,Zone 7,,T,,N,Northern,20251023 09:30
006958581,,ANR Pipeline Company,C000623,281778  ,CRAWFORD INTERCONNECT   ,19000101,,A,WHD,R,SW-4,COMANCHE,KS,Y,N,AMERICAN WARRIOR INC. DBA SOUTHWEST SUPPLY COMPANY,791099039,,,,,SW 3  A,Zone 4,,T,,N,,20250929 22:29
006958581,,ANR Pipeline Company,C000623,282435  ,MONEE INTERCONNECT      ,19000101,,A,LDC,B,ML-7,WILL,IL,Y,N,"UNIVERSITY PARK ENERGY, LLC",005064048,,,,,MI 7  V,Zone 7,,T,,N,Joliet,20251023 09:30
006958581,,ANR Pipeline Company,C000623,282436  ,ZEELAND INTERCONNECT    ,19000101,,A,EGN,B,ML-7,OTTAWA,MI,Y,N,"ZEELAND POWER COMPANY, LLC",540617055,,,,,MI 7  P,Zone 7,,T,,N,Northern,20251023 09:31
006958581,,ANR Pipeline Company,C000623,282437  ,DUNDEE INTERCONNECT     ,19000101,,A,LDC,B,ML-7,LENAWEE,MI,Y,N,Michigan Gas Utilities Corporation,622377096,,,,,MI 7  A,Zone 7,,T,,N,Northern,20250929 22:29
006958581,,ANR Pipeline Company,C000623,283195  ,MURRAY INTERCONNECT     ,19000101,,A,LDC,D,ML-2,CALLOWAY,KY,Y,N,"CITY OF MURRAY, KENTUCKY",956401889,,,,,ME 2  C,Zone 2,,T,,N,,20251023 09:32
006958581,,ANR Pipeline Company,C000623,283426  ,MONCLOVA/MAUMEES        ,19000101,,A,VIR,B,ML-7,LUCAS,OH,N,N,,,,,,,MI 7  B,Zone 7,,T,,N,Northern,20250923 11:02
006958581,,ANR Pipeline Company,C000623,28447   ,LEBANON - TEXAS EASTERN ,19000101,,A,INT,B,ML-3,WARREN,OH,Y,Y,"Texas Eastern Transmission, LP",007932908,,C000094,,,ME 3  B,Zone 3,,T,,N,Lebanon,20251023 07:00
006958581,,ANR Pipeline Company,C000623,284917  ,KEGONSA INTERCONNECT    ,19000101,,A,LDC,B,ML-7,DANE,WI,Y,N,Wisconsin Power and Light Company,007946452,,,,,WI 7  W,Zone 7,,T,,N,Northern,20251023 09:34
006958581,,ANR Pipeline Company,C000623,284918  ,SOUTH CRAIG INTERCONNECT,19000101,,A,IND,B,ML-5,HOLT,MO,Y,N,"GOLDEN TRIANGLE ENERGY, L.L.C.",124073714,,,,,MW 5  C,Zone 5,,T,,N,,20250929 22:29
006958581,,ANR Pipeline Company,C000623,28554   ,LOWRY PLANT INLET       ,19000101,,A,PLT,D,SE-1,CAMERON,LA,Y,N,TARGA LA OPERATING LLC,990000060,,,,,SE 1  E,Zone 1,,T,,N,,20251023 07:01
006958581,,ANR Pipeline Company,C000623,28659   ,WRIGHTSTOWN             ,19000101,,A,LDC,B,ML-7,BROWN,WI,Y,N,Wisconsin Public Service Corporation,007947435,,,,,WI 7  AC,Zone 7,,T,,N,Northern,20250929 22:29
006958581,,ANR Pipeline Company,C000623,28660   ,DENMARK WI              ,19000101,,A,LDC,B,ML-7,BROWN,WI,Y,N,Wisconsin Public Service Corporation,007947435,,,,,WI 7  AC,Zone 7,,T,,N,Northern,20250929 22:29
006958581,,ANR Pipeline Company,C000623,28661   ,GREEN BAY               ,19000101,,A,LDC,B,ML-7,BROWN,WI,Y,N,Wisconsin Public Service Corporation,007947435,,,,,WI 7  AB,Zone 7,,T,,N,Northern,20250929 22:29
006958581,,ANR Pipeline Company,C000623,28662   ,CHILTON                 ,19000101,,A,LDC,B,ML-7,CALUMET,WI,Y,N,Wisconsin Public Service Corporation,007947435,,,,,WI 7  I,Zone 7,,T,,N,Northern,20250929 22:29
006958581,,ANR Pipeline Company,C000623,28670   ,RANDOLPH                ,19000101,,A,LDC,B,ML-7,COLUMBIA,WI,Y,N,Wisconsin Power and Light Company,007946452,,,,,WI 7  U,Zone 7,,T,,N,Northern,20250929 22:29
006958581,,ANR Pipeline Company,C000623,28672   ,COLUMBUS                ,19000101,,A,LDC,B,ML-7,COLUMBIA,WI,Y,N,Wisconsin Gas LLC,007947047,,,,,WI 7  V,Zone 7,,T,,N,Northern,20250929 22:29
006958581,,ANR Pipeline Company,C000623,28676   ,MCFARLAND               ,19000101,,A,LDC,B,ML-7,DANE,WI,Y,N,Wisconsin Power and Light Company,007946452,,,,,WI 7  W,Zone 7,,T,,N,Northern,20250929 22:29
006958581,,ANR Pipeline Company,C000623,28679   ,SUN PRAIRIE             ,19000101,,A,LDC,B,ML-7,DANE,WI,Y,N,Wisconsin Gas LLC,007947047,,,,,WI 7  V,Zone 7,,T,,N,Northern,20250929 22:29
006958581,,ANR Pipeline Company,C000623,28682   ,WATERLOO                ,19000101,,A,LDC,B,ML-7,DANE,WI,Y,N,Wisconsin Gas LLC,007947047,,,,,WI 7  V,Zone 7,,T,,N,Northern,20250929 22:29
006958581,,ANR Pipeline Company,C000623,28684   ,STOUGHTON               ,19000101,,A,LDC,D,ML-7,DANE,WI,Y,N,Wisconsin Power and Light Company,007946452,,,,,WI 7  W,Zone 7,,T,,N,Northern,20250929 22:29
006958581,,ANR Pipeline Company,C000623,28697   ,SOUTH FOND DU LAC       ,19000101,,A,LDC,B,ML-7,FOND DU LAC,WI,Y,N,Wisconsin Power and Light Company,007946452,,,,,WI 7  H,Zone 7,,T,,N,Northern,20250929 22:29
006958581,,ANR Pipeline Company,C000623,28700   ,WI STATE BOYS SCHOOL    ,19000101,,A,LDC,B,ML-7,FOND DU LAC,WI,Y,N,Wisconsin Public Service Corporation,007947435,,,,,WI 7  H,Zone 7,,T,,N,Northern,20250929 22:29
006958581,,ANR Pipeline Company,C000623,28701   ,CAMPBELLSPORT           ,19000101,,A,LDC,B,ML-7,FOND DU LAC,WI,Y,N,Wisconsin Power and Light Company,007946452,,,,,WI 7  H,Zone 7,,T,,N,Northern,20250929 22:29
006958581,,ANR Pipeline Company,C000623,28702   ,FOND DU LAC             ,19000101,,A,LDC,B,ML-7,FOND DU LAC,WI,Y,N,Wisconsin Power and Light Company,007946452,,,,,WI 7  H,Zone 7,,T,,N,Northern,20250929 22:29
006958581,,ANR Pipeline Company,C000623,28703   ,CRANDON                 ,19000101,,A,LDC,B,ML-7,FOREST,WI,Y,N,Wisconsin Public Service Corporation,007947435,,,,,WI 7  P,Zone 7,,T,,N,Northern,20250929 22:29
006958581,,ANR Pipeline Company,C000623,28704   ,LAONA                   ,19000101,,A,LDC,B,ML-7,FOREST,WI,Y,N,Wisconsin Public Service Corporation,007947435,,,,,WI 7  P,Zone 7,,T,,N,Northern,20250929 22:29
006958581,,ANR Pipeline Company,C000623,28720   ,RACINE                  ,19000101,,A,LDC,B,ML-7,KENOSHA,WI,Y,N,Wisconsin Electric Power Company,007947385,,,,,WI 7  E,Zone 7,,T,,N,Northern,20250929 22:29
006958581,,ANR Pipeline Company,C000623,28730   ,ANTIGO                  ,19000101,,A,LDC,B,ML-7,LANGLADE,WI,Y,N,City Gas Company,003776457,,,,,WI 7  P,Zone 7,,T,,N,Northern,20250929 22:29
006958581,,ANR Pipeline Company,C000623,28732   ,MERRILL                 ,19000101,,A,LDC,B,ML-7,LINCOLN,WI,Y,N,Wisconsin Public Service Corporation,007947435,,,,,WI 7  P,Zone 7,,T,,N,Northern,20250929 22:29
006958581,,ANR Pipeline Company,C000623,28733   ,LINCOLN BOYS SCHOOL     ,19000101,,A,LDC,B,ML-7,LINCOLN,WI,Y,N,Wisconsin Public Service Corporation,007947435,,,,,WI 7  P,Zone 7,,T,,N,Northern,20250929 22:29
006958581,,ANR Pipeline Company,C000623,28734   ,TOMAHAWK                ,19000101,,A,LDC,B,ML-7,LINCOLN,WI,Y,N,Wisconsin Public Service Corporation,007947435,,,,,WI 7  P,Zone 7,,T,,N,Northern,20250929 22:29
006958581,,ANR Pipeline Company,C000623,28736   ,MANITOWOC               ,19000101,,A,LDC,B,ML-7,MANITOWOC,WI,Y,N,Wisconsin Public Service Corporation,007947435,,,,,WI 7  M,Zone 7,,T,,N,Northern,20251023 07:03
006958581,,ANR Pipeline Company,C000623,28738   ,VALDERS                 ,19000101,,A,LDC,B,ML-7,MANITOWOC,WI,Y,N,Wisconsin Public Service Corporation,007947435,,,,,WI 7  M,Zone 7,,T,,N,Northern,20250929 22:29
006958581,,ANR Pipeline Company,C000623,28739   ,NORTH MANITOWOC         ,19000101,,A,LDC,B,ML-7,MANITOWOC,WI,Y,N,Wisconsin Public Service Corporation,007947435,,,,,WI 7  M,Zone 7,,T,,N,Northern,20250929 22:29
006958581,,ANR Pipeline Company,C000623,28740   ,TWO RIVERS              ,19000101,,A,LDC,B,ML-7,MANITOWOC,WI,Y,N,Wisconsin Public Service Corporation,007947435,,,,,WI 7  M,Zone 7,,T,,N,Northern,20250929 22:29
006958581,,ANR Pipeline Company,C000623,28741   ,MOSINEE                 ,19000101,,A,LDC,B,ML-7,MARATHON,WI,Y,N,Wisconsin Public Service Corporation,007947435,,,,,WI 7  P,Zone 7,,T,,N,Northern,20250929 22:29
006958581,,ANR Pipeline Company,C000623,28742   ,WESTON PLANT            ,19000101,,A,LDC,B,ML-7,MARATHON,WI,Y,N,Wisconsin Public Service Corporation,007947435,,,,,WI 7  P,Zone 7,,T,,N,Northern,20251023 07:03
006958581,,ANR Pipeline Company,C000623,28743   ,SOUTH WAUSAU            ,19000101,,A,LDC,B,ML-7,MARATHON,WI,Y,N,Wisconsin Public Service Corporation,007947435,,,,,WI 7  P,Zone 7,,T,,N,Northern,20250929 22:29
006958581,,ANR Pipeline Company,C000623,28747   ,WAUSAU                  ,19000101,,A,LDC,B,ML-7,MARATHON,WI,Y,N,Wisconsin Public Service Corporation,007947435,,,,,WI 7  P,Zone 7,,T,,N,Northern,20250929 22:29
006958581,,ANR Pipeline Company,C000623,28750   ,NORTH WAUSAU            ,19000101,,A,LDC,B,ML-7,MARATHON,WI,Y,N,Wisconsin Public Service Corporation,007947435,,,,,WI 7  P,Zone 7,,T,,N,Northern,20250929 22:29
006958581,,ANR Pipeline Company,C000623,28753   ,EDGAR                   ,19000101,,A,LDC,B,ML-7,MARATHON,WI,Y,N,Wisconsin Public Service Corporation,007947435,,,,,WI 7  R,Zone 7,,T,,N,Northern,20250929 22:29
006958581,,ANR Pipeline Company,C000623,28759   ,ABBOTSFORD/EDGAR        ,19000101,,A,LDC,B,ML-7,MARATHON,WI,Y,N,Wisconsin Gas LLC,007947047,,,,,WI 7  R,Zone 7,,T,,N,Northern,20251023 07:04
006958581,,ANR Pipeline Company,C000623,28760   ,WEST MARINETTE          ,19000101,,A,LDC,B,ML-7,MARINETTE,WI,Y,N,Wisconsin Public Service Corporation,007947435,,,,,WI 7  N,Zone 7,,T,,N,Northern,20251023 07:04
006958581,,ANR Pipeline Company,C000623,28761   ,MARINETTE               ,19000101,,A,LDC,B,ML-7,MARINETTE,WI,Y,N,Wisconsin Public Service Corporation,007947435,,,,,WI 7  N,Zone 7,,T,,N,Northern,20250929 22:29
006958581,,ANR Pipeline Company,C000623,28763   ,PESHTIGO                ,19000101,,A,LDC,B,ML-7,MARINETTE,WI,Y,N,Wisconsin Public Service Corporation,007947435,,,,,WI 7  N,Zone 7,,T,,N,Northern,20250929 22:29
006958581,,ANR Pipeline Company,C000623,28765   ,PRINCETON WI            ,19000101,,A,LDC,B,ML-7,MARQUETTE,WI,Y,N,Wisconsin Gas LLC,007947047,,,,,WI 7  U,Zone 7,,T,,N,Northern,20250929 22:29
006958581,,ANR Pipeline Company,C000623,28766   ,OXFORD                  ,19000101,,A,LDC,B,ML-7,MARQUETTE,WI,Y,N,Wisconsin Gas LLC,007947047,,,,,WI 7  U,Zone 7,,T,,N,Northern,20250929 22:29
006958581,,ANR Pipeline Company,C000623,28769   ,COLEMAN                 ,19000101,,A,LDC,B,ML-7,OCONTO,WI,Y,N,Wisconsin Public Service Corporation,007947435,,,,,WI 7  N,Zone 7,,T,,N,Northern,20250929 22:29
006958581,,ANR Pipeline Company,C000623,28770   ,LENA                    ,19000101,,A,LDC,B,ML-7,OCONTO,WI,Y,N,Wisconsin Public Service Corporation,007947435,,,,,WI 7  N,Zone 7,,T,,N,Northern,20250929 22:29
006958581,,ANR Pipeline Company,C000623,28771   ,OCONTO FALLS            ,19000101,,A,LDC,B,ML-7,OCONTO,WI,Y,N,Wisconsin Gas LLC,007947047,,,,,WI 7  N,Zone 7,,T,,N,Northern,20250929 22:29
006958581,,ANR Pipeline Company,C000623,28772   ,OCONTO                  ,19000101,,A,LDC,B,ML-7,OCONTO,WI,Y,N,Wisconsin Public Service Corporation,007947435,,,,,WI 7  N,Zone 7,,T,,N,Northern,20250929 22:29
006958581,,ANR Pipeline Company,C000623,28773   ,SURING                  ,19000101,,A,LDC,B,ML-7,OCONTO,WI,Y,N,Wisconsin Public Service Corporation,007947435,,,,,WI 7  K,Zone 7,,T,,N,Northern,20250929 22:29
006958581,,ANR Pipeline Company,C000623,28774   ,RHINELANDER             ,19000101,,A,LDC,B,ML-7,ONEIDA,WI,Y,N,Wisconsin Public Service Corporation,007947435,,,,,WI 7  P,Zone 7,,T,,N,Northern,20250929 22:29
006958581,,ANR Pipeline Company,C000623,28776   ,MONICO                  ,19000101,,A,LDC,B,ML-7,ONEIDA,WI,Y,N,Wisconsin Public Service Corporation,007947435,,,,,WI 7  P,Zone 7,,T,,N,Northern,20250929 22:29
006958581,,ANR Pipeline Company,C000623,28778   ,LITTLE CHUTE            ,19000101,,A,LDC,B,ML-7,OUTAGAMIE,WI,Y,N,Wisconsin Gas LLC,007947047,,,,,WI 7  AD,Zone 7,,T,,N,Northern,20251023 07:04
006958581,,ANR Pipeline Company,C000623,28779   ,NORTH APPLETON          ,19000101,,A,LDC,B,ML-7,OUTAGAMIE,WI,Y,N,Wisconsin Electric Power Company,007947385,,,,,WI 7  AD,Zone 7,,T,,N,Northern,20250929 22:29
006958581,,ANR Pipeline Company,C000623,28780   ,FREEDOM                 ,19000101,,A,LDC,B,ML-7,OUTAGAMIE,WI,Y,N,Wisconsin Gas LLC,007947047,,,,,WI 7  G,Zone 7,,T,,N,Northern,20250929 22:29
006958581,,ANR Pipeline Company,C000623,28782   ,SEYMOUR WI              ,19000101,,A,LDC,B,ML-7,OUTAGAMIE,WI,Y,N,Wisconsin Gas LLC,007947047,,,,,WI 7  G,Zone 7,,T,,N,Northern,20250929 22:29
006958581,,ANR Pipeline Company,C000623,28788   ,WEST GREEN BAY          ,19000101,,A,LDC,B,ML-7,OUTAGAMIE,WI,Y,N,Wisconsin Public Service Corporation,007947435,,,,,WI 7  L,Zone 7,,T,,N,Northern,20250929 22:29
006958581,,ANR Pipeline Company,C000623,28793   ,JUNCTION CITY           ,19000101,,A,LDC,B,ML-7,PORTAGE,WI,Y,N,Wisconsin Public Service Corporation,007947435,,,,,WI 7  Y,Zone 7,,T,,N,Northern,20250929 22:29
006958581,,ANR Pipeline Company,C000623,28794   ,STEVENS POINT           ,19000101,,A,LDC,B,ML-7,PORTAGE,WI,Y,N,Wisconsin Public Service Corporation,007947435,,,,,WI 7  T,Zone 7,,T,,N,Northern,20250929 22:29
006958581,,ANR Pipeline Company,C000623,28796   ,AMHERST/WISC PWR & LIGHT,19000101,,A,LDC,B,ML-7,PORTAGE,WI,Y,N,Wisconsin Power and Light Company,007946452,,,,,WI 7  T,Zone 7,,T,,N,Northern,20250929 22:29
006958581,,ANR Pipeline Company,C000623,28798   ,ROCHESTER               ,19000101,,A,LDC,B,ML-7,RACINE,WI,Y,N,Wisconsin Electric Power Company,007947385,,,,,WI 7  D,Zone 7,,T,,N,Northern,20251023 07:05
006958581,,ANR Pipeline Company,C000623,28806   ,EDGERTON                ,19000101,,A,LDC,B,ML-7,ROCK,WI,Y,N,Wisconsin Power and Light Company,007946452,,,,,WI 7  W,Zone 7,,T,,N,Northern,20251023 07:06
006958581,,ANR Pipeline Company,C000623,28807   ,INDIANFORD              ,19000101,,A,LDC,B,ML-7,ROCK,WI,Y,N,Wisconsin Power and Light Company,007946452,,,,,WI 7  W,Zone 7,,T,,N,Northern,20250929 22:29
006958581,,ANR Pipeline Company,C000623,28808   ,JANESVILLE/NNG INT      ,19000101,,A,INT,B,ML-7,ROCK,WI,Y,Y,Northern Natural Gas Company,784158214,,C000060,,,WI 7  W,Zone 7,,T,,N,Northern,20260617 20:26
006958581,,ANR Pipeline Company,C000623,28811   ,FORT ATKINSON           ,19000101,,A,LDC,B,ML-7,ROCK,WI,Y,N,Wisconsin Electric Power Company,007947385,,,,,WI 7  W,Zone 7,,T,,N,Northern,20250929 22:29
006958581,,ANR Pipeline Company,C000623,28814   ,SOUTH JANESVILLE        ,19000101,,A,LDC,B,ML-7,ROCK,WI,Y,N,Wisconsin Power and Light Company,007946452,,,,,WI 7  W,Zone 7,,T,,N,Northern,20250929 22:29
006958581,,ANR Pipeline Company,C000623,28816   ,EMERALD GROVE           ,19000101,,A,LDC,B,ML-7,ROCK,WI,Y,N,Wisconsin Power and Light Company,007946452,,,,,WI 7  AA,Zone 7,,T,,N,Northern,20250929 22:29
006958581,,ANR Pipeline Company,C000623,28817   ,NORTH BELOIT            ,19000101,,A,LDC,B,ML-7,ROCK,WI,Y,N,Wisconsin Power and Light Company,007946452,,,,,WI 7  Z,Zone 7,,T,,N,Northern,20251023 07:06
006958581,,ANR Pipeline Company,C000623,28819   ,PULASKI                 ,19000101,,A,LDC,B,ML-7,SHAWANO,WI,Y,N,Wisconsin Gas LLC,007947047,,,,,WI 7  N,Zone 7,,T,,N,Northern,20250929 22:29
006958581,,ANR Pipeline Company,C000623,28821   ,PULCIFER                ,19000101,,A,LDC,B,ML-7,SHAWANO,WI,Y,N,Wisconsin Gas LLC,007947047,,,,,WI 7  J,Zone 7,,T,,N,Northern,20250929 22:29
006958581,,ANR Pipeline Company,C000623,28822   ,CECIL                   ,19000101,,A,LDC,B,ML-7,SHAWANO,WI,Y,N,Wisconsin Gas LLC,007947047,,,,,WI 7  J,Zone 7,,T,,N,Northern,20250929 22:29
006958581,,ANR Pipeline Company,C000623,28823   ,BONDUEL                 ,19000101,,A,LDC,B,ML-7,SHAWANO,WI,Y,N,Wisconsin Gas LLC,007947047,,,,,WI 7  J,Zone 7,,T,,N,Northern,20250929 22:29
006958581,,ANR Pipeline Company,C000623,28825   ,SHAWANO                 ,19000101,,A,LDC,B,ML-7,SHAWANO,WI,Y,N,Wisconsin Gas LLC,007947047,,,,,WI 7  J,Zone 7,,T,,N,Northern,20250929 22:29
006958581,,ANR Pipeline Company,C000623,28828   ,FREDONIA                ,19000101,,A,LDC,B,ML-7,SHEBOYGAN,WI,Y,N,Wisconsin Gas LLC,007947047,,,,,WI 7  M,Zone 7,,T,,N,Northern,20250929 22:29
006958581,,ANR Pipeline Company,C000623,28829   ,PLYMOUTH                ,19000101,,A,LDC,B,ML-7,SHEBOYGAN,WI,Y,N,Wisconsin Public Service Corporation,007947435,,,,,WI 7  M,Zone 7,,T,,N,Northern,20250929 22:29
006958581,,ANR Pipeline Company,C000623,28831   ,SHEBOYGAN               ,19000101,,A,LDC,B,ML-7,SHEBOYGAN,WI,Y,N,Wisconsin Public Service Corporation,007947435,,,,,WI 7  M,Zone 7,,T,,N,Northern,20250929 22:29
006958581,,ANR Pipeline Company,C000623,28832   ,NORTH SHEBOYGAN         ,19000101,,A,LDC,B,ML-7,SHEBOYGAN,WI,Y,N,Wisconsin Public Service Corporation,007947435,,,,,WI 7  M,Zone 7,,T,,N,Northern,20250929 22:29
006958581,,ANR Pipeline Company,C000623,28834   ,MENOMINEE FALLS         ,19000101,,A,LDC,B,ML-7,WASHINGTON,WI,Y,N,Wisconsin Gas LLC,007947047,,,,,WI 7  D,Zone 7,,T,,N,Northern,20250929 22:29
006958581,,ANR Pipeline Company,C000623,28836   ,JACKSON                 ,19000101,,A,LDC,B,ML-7,WASHINGTON,WI,Y,N,Wisconsin Gas LLC,007947047,,,,,WI 7  D,Zone 7,,T,,N,Northern,20250929 22:29
006958581,,ANR Pipeline Company,C000623,28841   ,NEW BERLIN              ,19000101,,A,LDC,B,ML-7,WAUKESHA,WI,Y,N,Wisconsin Electric Power Company,007947385,,,,,WI 7  D,Zone 7,,T,,N,Northern,20251023 07:06
006958581,,ANR Pipeline Company,C000623,28842   ,MILWAUKEE               ,19000101,,A,LDC,B,ML-7,WAUKESHA,WI,Y,N,Wisconsin Gas LLC,007947047,,,,,WI 7  D,Zone 7,,T,,N,Northern,20251023 07:07
006958581,,ANR Pipeline Company,C000623,28844   ,WAUKESHA                ,19000101,,A,LDC,B,ML-7,WAUKESHA,WI,Y,N,Wisconsin Electric Power Company,007947385,,,,,WI 7  D,Zone 7,,T,,N,Northern,20251023 07:14
006958581,,ANR Pipeline Company,C000623,28846   ,CAPITOL DRIVE           ,19000101,,A,LDC,B,ML-7,WAUKESHA,WI,Y,N,Wisconsin Gas LLC,007947047,,,,,WI 7  D,Zone 7,,T,,N,Northern,20251023 07:15
006958581,,ANR Pipeline Company,C000623,28849   ,EMBARRASS               ,19000101,,A,LDC,B,ML-7,WAUPACA,WI,Y,N,Wisconsin Gas LLC,007947047,,,,,WI 7  J,Zone 7,,T,,N,Northern,20250929 22:29
006958581,,ANR Pipeline Company,C000623,28853   ,MARION                  ,19000101,,A,LDC,B,ML-7,WAUPACA,WI,Y,N,Wisconsin Power and Light Company,007946452,,,,,WI 7  J,Zone 7,,T,,N,Northern,20250929 22:29
006958581,,ANR Pipeline Company,C000623,28854   ,CLINTONVILLE            ,19000101,,A,LDC,B,ML-7,WAUPACA,WI,Y,N,Wisconsin Gas LLC,007947047,,,,,WI 7  J,Zone 7,,T,,N,Northern,20250929 22:29
006958581,,ANR Pipeline Company,C000623,28855   ,BEAR CREEK              ,19000101,,A,LDC,B,ML-7,WAUPACA,WI,Y,N,Wisconsin Gas LLC,007947047,,,,,WI 7  J,Zone 7,,T,,N,Northern,20250929 22:29
006958581,,ANR Pipeline Company,C000623,28856   ,MANAWA                  ,19000101,,A,LDC,B,ML-7,WAUPACA,WI,Y,N,Wisconsin Power and Light Company,007946452,,,,,WI 7  J,Zone 7,,T,,N,Northern,20250929 22:29
006958581,,ANR Pipeline Company,C000623,28858   ,IOLA                    ,19000101,,A,LDC,B,ML-7,WAUPACA,WI,Y,N,Wisconsin Power and Light Company,007946452,,,,,WI 7  T,Zone 7,,T,,N,Northern,20250929 22:29
006958581,,ANR Pipeline Company,C000623,28859   ,WAUPACA                 ,19000101,,A,LDC,B,ML-7,WAUPACA,WI,Y,N,Wisconsin Gas LLC,007947047,,,,,WI 7  T,Zone 7,,T,,N,Northern,20250929 22:29
006958581,,ANR Pipeline Company,C000623,28862   ,NEW LONDON WI           ,19000101,,A,LDC,B,ML-7,WAUPACA,WI,Y,N,Wisconsin Gas LLC,007947047,,,,,WI 7  F,Zone 7,,T,,N,Northern,20250929 22:29
006958581,,ANR Pipeline Company,C000623,28863   ,WILD ROSE               ,19000101,,A,LDC,B,ML-7,WAUSHARA,WI,Y,N,Wisconsin Gas LLC,007947047,,,,,WI 7  U,Zone 7,,T,,N,Northern,20250929 22:29
006958581,,ANR Pipeline Company,C000623,28865   ,ADAMS WI                ,19000101,,A,LDC,B,ML-7,WAUSHARA,WI,Y,N,Wisconsin Gas LLC,007947047,,,,,WI 7  U,Zone 7,,T,,N,Northern,20250929 22:29
006958581,,ANR Pipeline Company,C000623,28868   ,OSHKOSH                 ,19000101,,A,LDC,B,ML-7,WINNEBAGO,WI,Y,N,Wisconsin Public Service Corporation,007947435,,,,,WI 7  H,Zone 7,,T,,N,Northern,20250929 22:29
006958581,,ANR Pipeline Company,C000623,28870   ,APPLETON                ,19000101,,A,LDC,B,ML-7,WINNEBAGO,WI,Y,N,Wisconsin Electric Power Company,007947385,,,,,WI 7  H,Zone 7,,T,,N,Northern,20250929 22:29
006958581,,ANR Pipeline Company,C000623,28873   ,MARSHFIELD/VIKING INT   ,19000101,,A,INT,B,ML-7,WOOD,WI,Y,Y,Viking Gas Transmission Company,609166673,,C000581,28873,,WI 7  Q,Zone 7,,T,,N,Canadian,20260618 07:53
006958581,,ANR Pipeline Company,C000623,28875   ,MARSHFIELD WI           ,19000101,,A,LDC,D,ML-7,WOOD,WI,Y,N,Wisconsin Gas LLC,007947047,,,,,WI 7  Q,Zone 7,,T,,N,Northern,20250929 22:29
006958581,,ANR Pipeline Company,C000623,28879   ,MILLADORE               ,19000101,,A,LDC,B,ML-7,WOOD,WI,Y,N,Wisconsin Gas LLC,007947047,,,,,WI 7  S,Zone 7,,T,,N,Northern,20250929 22:29
006958581,,ANR Pipeline Company,C000623,28880   ,AUBURNDALE              ,19000101,,A,LDC,B,ML-7,WOOD,WI,Y,N,Wisconsin Gas LLC,007947047,,,,,WI 7  S,Zone 7,,T,,N,Northern,20250929 22:29
006958581,,ANR Pipeline Company,C000623,28881   ,ARPIN                   ,19000101,,A,LDC,B,ML-7,WOOD,WI,Y,N,Wisconsin Gas LLC,007947047,,,,,WI 7  S,Zone 7,,T,,N,Northern,20250929 22:29
006958581,,ANR Pipeline Company,C000623,28882   ,RUDOLPH                 ,19000101,,A,LDC,B,ML-7,WOOD,WI,Y,N,Wisconsin Gas LLC,007947047,,,,,WI 7  X,Zone 7,,T,,N,Northern,20250929 22:29
006958581,,ANR Pipeline Company,C000623,28883   ,WISCONSIN RAPIDS        ,19000101,,A,LDC,B,ML-7,WOOD,WI,Y,N,Wisconsin Gas LLC,007947047,,,,,WI 7  X,Zone 7,,T,,N,Northern,20250929 22:29
006958581,,ANR Pipeline Company,C000623,295956  ,LEBANON/DERBY - VECTREN ,19000101,,A,LDC,B,ML-3,MONTGOMERY,OH,Y,N,"Vectren Energy Delivery of Ohio, Inc.",004866344,,,,,ME 3  B,Zone 3,,T,,N,Lebanon,20251031 12:20
006958581,,ANR Pipeline Company,C000623,295957  ,LEBANON/TAIT-TETCO      ,19000101,,A,LDC,B,ML-3,MONROE,OH,Y,N,"Rockland Capital, LLC",080870823,,,,,ME 3  B,Zone 3,,T,,N,Lebanon,20251023 09:36
006958581,,ANR Pipeline Company,C000623,295958  ,PGL&C - GROUP 1         ,19000101,,A,LDC,B,ML-7,WILL,IL,Y,N,The Peoples Gas Light and Coke Company,006932115,,,,,MI 7  V,Zone 7,,T,,N,Joliet,20250930 10:38
006958581,,ANR Pipeline Company,C000623,299793  ,KIMBALL 27 STR-D/OFFSYS ,19000101,,A,STR,D,ML-7,ST CLAIR,MI,Y,N,"Bluewater Gas Storage, LLC",146848804,,,,,ML 0  C,Zone 7,,T,,N,Link,20251023 09:37
006958581,,ANR Pipeline Company,C000623,3026    ,ALPENA REC/MICH CON GAS ,19000101,,A,LDC,R,ML-7,CLARE,MI,Y,Y,DTE Gas Company,006958540,,C000428,,,MI 7  E,Zone 7,,T,,N,Northern,20250929 22:29
006958581,,ANR Pipeline Company,C000623,305431  ,GREENVILLE TGP/ANR-REC  ,19000101,,A,INT,R,ML-2,WASHINGTON,MS,Y,Y,Tennessee Gas Pipeline Company,001939164,,C000020,,,ME 2  C,Zone 2,,T,,N,,20251020 10:37
006958581,,ANR Pipeline Company,C000623,307110  ,KIMBALL 27 STR-R/OFFSYS ,19000101,,A,STR,R,ML-7,ST CLAIR,MI,Y,N,"Bluewater Gas Storage, LLC",146848804,,,,,ML 0  C,Zone 7,,T,,N,Link,20251020 10:39
006958581,,ANR Pipeline Company,C000623,307790  ,GREENVILLE TGP/ANR DEL  ,19000101,,A,INT,D,ML-2,WASHINGTON,MS,Y,Y,Tennessee Gas Pipeline Company,001939164,,C000020,,,ME 2  C,Zone 2,,T,,N,,20251023 09:38
006958581,,ANR Pipeline Company,C000623,312115  ,DURALDE EVANGELINE INT  ,19000101,,A,INT,B,ML-2,EVANGELINE,LA,Y,Y,"Transcontinental Gas Pipe Line Company, LLC",007933021,,C000654,,,ME 2  A,Zone 2,,T,,N,,20251103 09:44
006958581,,ANR Pipeline Company,C000623,312117  ,COVERT POWER PLANT      ,19000101,,A,EGN,B,ML-7,VAN BUREN,MI,Y,N,"NEW COVERT GENERATING COMPANY, LLC",169630725,,,,,MI 7  L,Zone 7,,T,,N,Northern,20260124 13:59
006958581,,ANR Pipeline Company,C000623,314515  ,LAGRANGE WESTBOUND      ,,20260520,I,VIR,B,ML-7,LAGRANGE,IN,N,N,,,,,,,FPLAGRWB,Zone 7,,T,,N,Northern,20260520 13:04
006958581,,ANR Pipeline Company,C000623,314730  ,MONE PLANT INTERCONNECT ,19000101,,A,EGN,B,ML-3,VAN WERT,OH,Y,N,"Buckeye Power, Inc.",051364057,,,,,ME 3  E,Zone 3,,T,,N,,20251023 09:41
006958581,,ANR Pipeline Company,C000623,318732  ,KIMBALL 27 STR-REC/ONSYS,19000101,,A,STR,R,ML-7,ST CLAIR,MI,Y,N,"Bluewater Gas Storage, LLC",146848804,,,,,MI 7  T,Zone 7,,T,,N,Northern,20251020 10:39
006958581,,ANR Pipeline Company,C000623,318733  ,PPL UNIVERSITY PARK PWR ,19000101,,A,EGN,B,ML-7,WILL,IL,Y,N,"LSP UNIVERSITY PARK, LLC",118920805,,,,,MI 7  V,Zone 7,,T,,N,Joliet,20251023 09:41
006958581,,ANR Pipeline Company,C000623,320550  ,DETROIT EDISON GREENWOOD,19000101,,A,LDC,B,ML-7,ST CLAIR,MI,Y,N,DTE ELECTRIC COMPANY,006957872,,,,,MI 7  T,Zone 7,,T,,N,Northern,20260910 14:08
006958581,,ANR Pipeline Company,C000623,321523  ,KIMBALL 27 STR-DEL/ONSYS,19000101,,A,STR,D,ML-7,ST CLAIR,MI,Y,N,"Bluewater Gas Storage, LLC",146848804,,,,,MI 7  T,Zone 7,,T,,N,Northern,20251023 09:43
006958581,,ANR Pipeline Company,C000623,322045  ,ACADIA POWER PLANT      ,19000101,,A,EGN,B,SE-1,ACADIA,LA,Y,N,CLECO Power LLC,006948178,,,,,SE 2  B,Zone 1,,T,,N,,20251023 09:49
006958581,,ANR Pipeline Company,C000623,322625  ,ST LANDRY/FL INT,19000101,,A,INT,B,SE-1,ST LANDRY,LA,Y,Y,"Florida Gas Transmission Company, LLC",006924518,,C000255,78303,,SE 2  B,Zone 1,,T,,N,,20260925 11:10
006958581,,ANR Pipeline Company,C000623,322986  ,JOLIET WEST/HORIZON     ,19000101,,A,INT,B,ML-7,WILL,IL,N,N,,,,,,,MI 7  F,Zone 7,,T,,N,Joliet,20251023 09:50
006958581,,ANR Pipeline Company,C000623,327069  ,WHITEHOUSE              ,19000101,,A,LDC,D,ML-7,LUCAS,OH,Y,N,Ohio Gas Company,003779345,,,,,MI 7  B,Zone 7,,T,,N,Northern,20250929 22:29
006958581,,ANR Pipeline Company,C000623,327746  ,SEMINOLE-TRUNK 496-0615 ,19000101,,A,WHD,R,SW-4,CUSTER,OK,Y,N,"CONTINUUM MIDSTREAM, L.L.C.",086747735,,,,,SW 1  E,Zone 4,,T,,N,,20260605 13:41
006958581,,ANR Pipeline Company,C000623,327747  ,PATTERSN/STABILIZER-FUEL,19000101,,A,COM,D,SE-1,ST MARY,LA,Y,Y,"EnLink LIG, LLC",041220351,,C001142,,,SE 2  B,Zone 1,,T,,N,,20250929 22:29
006958581,,ANR Pipeline Company,C000623,33400   ,SHADYSIDE/SONAT (REC)   ,19000101,,A,INT,R,SE-1,ST MARY,LA,Y,Y,Southern Natural Gas Company,006900518,,C000021,,,SE 2  B,Zone 1,,T,,N,,20251020 07:40
006958581,,ANR Pipeline Company,C000623,336367  ,GREENVILLE SOUTH (REC)  ,19000101,,A,INT,R,ML-2,WASHINGTON,MS,Y,Y,Tennessee Gas Pipeline Company,001939164,,C000020,,,ME 2  C,Zone 2,,T,,N,,20251020 10:41
006958581,,ANR Pipeline Company,C000623,336369  ,GREENVILLE SOUTH (DEL)  ,19000101,,A,INT,D,ML-2,WASHINGTON,MS,Y,Y,Tennessee Gas Pipeline Company,001939164,,C000020,,,ME 2  C,Zone 2,,T,,N,,20251023 09:51
006958581,,ANR Pipeline Company,C000623,338685  ,GUARDIAN CEDAR DEL      ,19000101,,A,INT,B,ML-7,WILL,IL,Y,N,"Guardian Pipeline, L.L.C.",031752897,,,,,MI 7  U,Zone 7,,T,,N,Joliet,20260630 14:39
006958581,,ANR Pipeline Company,C000623,338686  ,GUARDIAN CEDAR REC      ,19000101,,A,INT,B,ML-7,WILL,IL,Y,N,"Guardian Pipeline, L.L.C.",031752897,,,,,MI 7  U,Zone 7,,T,,N,Joliet,20260630 14:39
006958581,,ANR Pipeline Company,C000623,345116  ,S E CDP (TRANSMISSION)  ,19000101,,A,PPT,B,SE-1,Non-Geographic,MU,N,N,,,,,,,SE 2  A,Zone 1,,T,,N,,20250930 19:18
006958581,,ANR Pipeline Company,C000623,34887   ,GREENSBURG/NNG (DEL)    ,,20260122,I,INT,D,SW-4,KIOWA,KS,Y,Y,Northern Natural Gas Company,784158214,,C000060,34887,,SW 4  B,Zone 4,,T,,N,,20260122 10:47
006958581,,ANR Pipeline Company,C000623,349885  ,JAMESTOWN INT           ,19000101,,A,LDC,D,ML-7,OTTAWA,MI,Y,Y,DTE Gas Company,006958540,,C000428,,,MI 7  P,Zone 7,,T,,N,Northern,20250929 22:29
006958581,,ANR Pipeline Company,C000623,356048  ,EAST OHIO-GRP 2         ,19000101,,A,LDC,B,ML-3,ADAMS,OH,Y,Y,The East Ohio Gas Company,007900475,,C001002,,,ME 3  E,Zone 3,,T,,N,,20250915 22:50
006958581,,ANR Pipeline Company,C000623,359926  ,HAMPSHIRE/WOODSTOCK     ,19000101,,A,VIR,B,ML-7,KANE,IL,N,N,,,,,,,WI 7  A,Zone 7,,T,,N,Northern,20250923 09:27
006958581,,ANR Pipeline Company,C000623,3605    ,PRINCETON-CILCO         ,19000101,,A,LDC,B,ML-6,BUREAU,IL,Y,N,Ameren Illinois Company,006936017,,,,,MW 6  K,Zone 6,,T,,N,,20251021 08:49
006958581,,ANR Pipeline Company,C000623,3606    ,ARLINGTON               ,19000101,,A,LDC,B,ML-6,BUREAU,IL,Y,N,Ameren Illinois Company,006936017,,,,,MW 6  K,Zone 6,,T,,N,,20250929 22:29
006958581,,ANR Pipeline Company,C000623,360785  ,EUNICE TO PATTERSON     ,19000101,,A,VIR,B,SE-1,ST MARTIN,LA,N,N,,,,,,,SE 2  A,Zone 1,,T,,N,,20251118 10:58
006958581,,ANR Pipeline Company,C000623,360888  ,CRETE POWER PLANT       ,19000101,,A,EGN,B,ML-7,WILL,IL,Y,N,"CRETE ENERGY VENTURE, LLC",540802791,,,,,MI 7  V,Zone 7,,T,,N,Joliet,20251023 09:53
006958581,,ANR Pipeline Company,C000623,360906  ,SHARP ROAD RECEIPT      ,19000101,,A,LDC,R,ML-7,WILL,IL,Y,N,The Peoples Gas Light and Coke Company,006932115,,,,,MI 7  V,Zone 7,,T,,N,Joliet,20251020 10:45
006958581,,ANR Pipeline Company,C000623,360907  ,SHARP ROAD DELIVERY     ,19000101,,A,LDC,D,ML-7,WILL,IL,Y,N,The Peoples Gas Light and Coke Company,006932115,,,,,MI 7  V,Zone 7,,T,,N,Joliet,20251023 09:53
006958581,,ANR Pipeline Company,C000623,362605  ,BRIDGMAN EASTBOUND,,20260520,I,VIR,B,ML-7,CLARE,MI,N,N,,,,,,,FPBRGMEB,Zone 7,,T,,N,Northern,20260520 12:56
006958581,,ANR Pipeline Company,C000623,364926  ,MUTTONVILLE LATERAL,19000101,,A,VIR,B,ML-7,CAMERON,LA,N,N,,,,,,,MI 7  T,Zone 7,,T,,N,Northern,20260921 08:44
006958581,,ANR Pipeline Company,C000623,36867   ,MADISON                 ,19000101,,A,LDC,B,ML-7,DANE,WI,Y,N,Madison Gas & Electric Company,007946346,,,,,WI 7  U,Zone 7,,T,,N,Northern,20250929 22:29
006958581,,ANR Pipeline Company,C000623,36868   ,NORTH MADISON           ,19000101,,A,LDC,B,ML-7,DANE,WI,Y,N,Madison Gas & Electric Company,007946346,,,,,WI 7  U,Zone 7,,T,,N,Northern,20250929 22:29
006958581,,ANR Pipeline Company,C000623,36869   ,SOUTH MADISON           ,19000101,,A,LDC,B,ML-7,DANE,WI,Y,N,Madison Gas & Electric Company,007946346,,,,,WI 7  W,Zone 7,,T,,N,Northern,20250929 22:29
006958581,,ANR Pipeline Company,C000623,36870   ,WINDSOR                 ,19000101,,A,LDC,B,ML-7,COLUMBIA,WI,Y,N,Madison Gas & Electric Company,007946346,,,,,WI 7  U,Zone 7,,T,,N,Northern,20250929 22:29
006958581,,ANR Pipeline Company,C000623,36934   ,BELOIT                  ,19000101,,A,LDC,B,ML-7,ROCK,WI,Y,N,Wisconsin Power and Light Company,007946452,,,,,WI 7  Z,Zone 7,,T,,N,Northern,20251023 07:30
006958581,,ANR Pipeline Company,C000623,36936   ,SHARON                  ,19000101,,A,LDC,B,ML-7,WALWORTH,WI,Y,N,Wisconsin Electric Power Company,007947385,,,,,WI 7  AA,Zone 7,,T,,N,Northern,20250929 22:29
006958581,,ANR Pipeline Company,C000623,36981   ,ROGER MILLS INT         ,19000101,,A,WHD,R,SW-4,ROGER MILLS,OK,Y,N,PALO DURO PIPELINES (TEXAS GATHERING) L.P.,032358744,,,,,SW 1  D,Zone 4,,T,,N,,20251021 12:38
006958581,,ANR Pipeline Company,C000623,378119  ,CHESTERTON              ,19000101,,A,LDC,D,ML-7,PORTER,IN,Y,N,Northern Indiana Public Service Company LLC,006937585,,,,,MI 7  G,Zone 7,,T,,N,Northern,20250929 22:29
006958581,,ANR Pipeline Company,C000623,3795    ,OPHIEM                  ,19000101,,A,LDC,B,ML-6,HENRY,IL,Y,N,Ameren Illinois Company,006936017,,,,,MW 6  K,Zone 6,,T,,N,,20250929 22:29
006958581,,ANR Pipeline Company,C000623,3796    ,ANDOVER                 ,19000101,,A,LDC,B,ML-6,HENRY,IL,Y,N,Ameren Illinois Company,006936017,,,,,MW 6  K,Zone 6,,T,,N,,20250929 22:29
006958581,,ANR Pipeline Company,C000623,3797    ,CAMBRIDGE               ,19000101,,A,LDC,B,ML-6,HENRY,IL,Y,N,Ameren Illinois Company,006936017,,,,,MW 6  K,Zone 6,,T,,N,,20250929 22:29
006958581,,ANR Pipeline Company,C000623,38224   ,DEFIANCE (RECEIPT),19000101,,A,INT,R,ML-3,DEFIANCE,OH,Y,Y,"Panhandle Eastern Pipe Line Company, LP",045256641,,C000250,ANRDF,,ME 3  E,Zone 3,,T,,N,,20260925 08:29
006958581,,ANR Pipeline Company,C000623,38278   ,LOWRY PLANT OUTLET      ,19000101,,A,PLT,R,SE-1,CAMERON,LA,Y,N,TARGA LA OPERATING LLC,990000060,,,,,SE 1  B,Zone 1,,T,,N,,20251020 07:45
006958581,,ANR Pipeline Company,C000623,38295   ,AVALON,19000101,,A,INT,B,SE-1,ST MARY,LA,Y,Y,Acadian Gas Pipeline System,109006858,,C000932,,,SE 2  B,Zone 1,,T,,N,,20260925 11:07
006958581,,ANR Pipeline Company,C000623,384134  ,TIFFANY EAST            ,19000101,,A,LDC,B,ML-7,ROCK,WI,Y,N,Wisconsin Power and Light Company,007946452,,,,,WI 7  Z,Zone 7,,T,,N,Northern,20260220 13:45
006958581,,ANR Pipeline Company,C000623,384135  ,GALENA ROAD SALES       ,19000101,,A,LDC,D,ML-7,KANE,IL,Y,Y,Northern Illinois Gas Company d/b/a Nicor Gas Company,006927792,,C000600,,,WI 7  A,Zone 7,,T,,N,Northern,20251023 09:56
006958581,,ANR Pipeline Company,C000623,384136  ,HARTFORD EAST           ,19000101,,A,LDC,B,ML-7,WASHINGTON,WI,Y,N,Wisconsin Gas LLC,007947047,,,,,WI 7  D,Zone 7,,T,,N,Northern,20251023 09:56
006958581,,ANR Pipeline Company,C000623,384818  ,CORUNNA - ON SYSTEM     ,19000101,,A,INT,B,ML-7,ST CLAIR,MI,Y,N,ENBRIDGE GAS DISTRIBUTION INC.,246667372,,,,,MI 7  T,Zone 7,,T,,N,Northern,20251023 09:57
006958581,,ANR Pipeline Company,C000623,385402  ,GREENSBURG/CP (REC)     ,19000101,,A,INT,B,SW-4,KIOWA,KS,Y,N,"CHEYENNE PLAINS GAS PIPELINE COMPANY, L.L.C.",143363542,,,,,SW 4  B,Zone 4,,T,,N,,20251020 10:46
006958581,,ANR Pipeline Company,C000623,387791  ,KAUKAUNA                ,19000101,,A,LDC,B,ML-7,OUTAGAMIE,WI,Y,N,Wisconsin Public Service Corp. DBA WPSC-GEN,361300655,,,,,WI 7  I,Zone 7,,T,,N,Northern,20251023 09:58
006958581,,ANR Pipeline Company,C000623,38843   ,LEBANON/COLGA INT       ,19000101,,A,INT,B,ML-3,WARREN,OH,Y,Y,"Columbia Gas Transmission, LLC",054748041,,C000306,F2,ANR - LEBANON-6,ME 3  B,Zone 3,,T,,N,Lebanon,20251023 07:30
006958581,,ANR Pipeline Company,C000623,388474  ,MATTHEWS ROAD RECEIPT   ,,20250920,I,VIR,B,ML-7,JACKSON,MI,N,N,,,,,,,MI 7  K,Zone 7,,T,,N,Northern,20250920 08:47
006958581,,ANR Pipeline Company,C000623,388475  ,MATTHEWS ROAD DELIVERY  ,,20250920,I,VIR,B,ML-7,JACKSON,MI,N,N,,,,,,,MI 7  K,Zone 7,,T,,N,Northern,20250920 08:47
006958581,,ANR Pipeline Company,C000623,388489  ,FOWLER ROAD RECEIPT     ,,20250920,I,STA,B,ML-7,JACKSON,MI,N,N,,,,,,,MI 7  K,Zone 7,,T,,N,Northern,20250920 08:47
006958581,,ANR Pipeline Company,C000623,388492  ,FOWLER ROAD DELIVERY    ,,20250920,I,STA,B,ML-7,JACKSON,MI,N,N,,,,,,,MI 7  K,Zone 7,,T,,N,Northern,20250920 08:47
006958581,,ANR Pipeline Company,C000623,3908    ,S. WOODSTOCK/NGPL (DEL) ,19000101,,A,INT,D,ML-7,ADAMS,IL,Y,Y,Natural Gas Pipeline Company of America LLC,006931794,,C002096,,,WI 7  A,Zone 7,,T,,N,Northern,20251023 06:25
006958581,,ANR Pipeline Company,C000623,394525  ,SEMINOLE-WOOLFOLK MASTER,19000101,,A,WHD,R,SW-4,HARPER,OK,N,N,,,,,,,SW 3  A,Zone 4,,T,,N,,20250929 22:29
006958581,,ANR Pipeline Company,C000623,395460  ,FRITO LAY SALES         ,19000101,,A,IND,D,ML-7,ROCK,WI,Y,N,"FRITO-LAY, INC.",007326879,,,,,WI 7  Z,Zone 7,,T,,N,Northern,20251023 09:58
006958581,,ANR Pipeline Company,C000623,395744  ,NICOR GRP 1             ,19000101,,A,LDC,B,ML-7,KANE,IL,Y,Y,Northern Illinois Gas Company d/b/a Nicor Gas Company,006927792,,C000600,,,WI 7  A,Zone 7,,T,,N,Northern,20250915 22:50
006958581,,ANR Pipeline Company,C000623,3968    ,KEITHSBURG              ,19000101,,A,LDC,B,ML-6,MERCER,IL,Y,N,Ameren Illinois Company,006936017,,,,,MW 6  K,Zone 6,,T,,N,,20250929 22:29
006958581,,ANR Pipeline Company,C000623,3969    ,NEW BOSTON              ,19000101,,A,LDC,B,ML-6,MERCER,IL,Y,N,"CITY OF NEW BOSTON, ILLINOIS",005495551,,,,,MW 6  K,Zone 6,,T,,N,,20251023 06:28
006958581,,ANR Pipeline Company,C000623,3970    ,JOY                     ,19000101,,A,LDC,B,ML-6,MERCER,IL,Y,N,Ameren Illinois Company,006936017,,,,,MW 6  K,Zone 6,,T,,N,,20250929 22:29
006958581,,ANR Pipeline Company,C000623,3973    ,ALEDO/CITY OF ALEDO     ,19000101,,A,LDC,B,ML-6,MERCER,IL,Y,N,"CITY OF ALEDO, ILLINOIS",095787032,,,,,MW 6  K,Zone 6,,T,,N,,20251023 06:30
006958581,,ANR Pipeline Company,C000623,3974    ,SEATON                  ,19000101,,A,LDC,B,ML-6,MERCER,IL,Y,N,Ameren Illinois Company,006936017,,,,,MW 6  K,Zone 6,,T,,N,,20250929 22:29
006958581,,ANR Pipeline Company,C000623,3976    ,VIOLA                   ,19000101,,A,LDC,B,ML-6,MERCER,IL,Y,N,Ameren Illinois Company,006936017,,,,,MW 6  K,Zone 6,,T,,N,,20250929 22:29
006958581,,ANR Pipeline Company,C000623,398767  ,LAWRENCE                ,19000101,,A,EGN,D,ML-3,LAWRENCE,IN,Y,N,HOOSIER ENERGY RURAL ELECTRIC COOPERATIVE INC,062802574,,,,,ME 3  A,Zone 3,,T,,N,,20251023 10:02
006958581,,ANR Pipeline Company,C000623,40180   ,CINCINNATI              ,19000101,,A,LDC,B,ML-6,APPANOOSE,IA,Y,N,Interstate Power and Light Company,006940522,,,,,MW 6  H,Zone 6,,T,,N,,20250929 22:29
006958581,,ANR Pipeline Company,C000623,40181   ,DANVILLE                ,19000101,,A,LDC,B,ML-6,DES MOINES,IA,Y,N,Interstate Power and Light Company,006940522,,,,,MW 6  J,Zone 6,,T,,N,,20250929 22:29
006958581,,ANR Pipeline Company,C000623,40182   ,MOUNT AYR               ,19000101,,A,LDC,B,ML-6,RINGGOLD,IA,Y,N,Interstate Power and Light Company,006940522,,,,,MW 6  C,Zone 6,,T,,N,,20250929 22:29
006958581,,ANR Pipeline Company,C000623,40184   ,FORT WAYNE              ,19000101,,A,LDC,D,ML-3,ADAMS,IN,Y,N,Northern Indiana Public Service Company LLC,006937585,,,,,ME 3  E,Zone 3,,T,,N,,20251023 07:31
006958581,,ANR Pipeline Company,C000623,40185   ,ANGOLA                  ,19000101,,A,LDC,B,ML-7,DE KALB,IN,Y,N,Northern Indiana Public Service Company LLC,006937585,,,,,MI 7  J,Zone 7,,T,,N,Northern,20250929 22:29
006958581,,ANR Pipeline Company,C000623,40186   ,MUNCIE (DELIVERY)       ,19000101,,A,LDC,D,ML-3,DELAWARE,IN,Y,N,"INDIANA GAS COMPANY, INC.",006938211,,,,,ME 3  C,Zone 3,,T,,N,,20250929 22:29
006958581,,ANR Pipeline Company,C000623,40187   ,MUNCIE (RECEIPT)        ,19000101,,A,LDC,R,ML-3,DELAWARE,IN,Y,N,"INDIANA GAS COMPANY, INC.",006938211,,,,,ME 3  C,Zone 3,,T,,N,,20250929 22:29
006958581,,ANR Pipeline Company,C000623,40188   ,EAST HANCOCK CTY SCHOOL ,19000101,,A,LDC,D,ML-3,HANCOCK,IN,Y,N,"INDIANA GAS COMPANY, INC.",006938211,,,,,ME 3  A,Zone 3,,T,,N,,20250929 22:29
006958581,,ANR Pipeline Company,C000623,40189   ,CARTHAGE                ,19000101,,A,LDC,B,ML-3,HANCOCK,IN,Y,N,"FOUNTAINTOWN GAS CO., INC.",075980516,,,,,ME 3  A,Zone 3,,T,,N,,20250929 22:29
006958581,,ANR Pipeline Company,C000623,40190   ,WOLCOTTVILLE            ,19000101,,A,LDC,B,ML-7,LAGRANGE,IN,Y,N,Northern Indiana Public Service Company LLC,006937585,,,,,MI 7  J,Zone 7,,T,,N,Northern,20250929 22:29
006958581,,ANR Pipeline Company,C000623,40192   ,MONGO                   ,19000101,,A,LDC,B,ML-7,LAGRANGE,IN,Y,N,Northern Indiana Public Service Company LLC,006937585,,,,,MI 7  J,Zone 7,,T,,N,Northern,20250929 22:29
006958581,,ANR Pipeline Company,C000623,40193   ,MILAN MO                ,19000101,,A,LDC,B,ML-6,PUTNAM,MO,Y,N,"CITY OF MILAN, MISSOURI",052816493,,,,,MW 6  H,Zone 6,,T,,N,,20251023 07:31
006958581,,ANR Pipeline Company,C000623,40195   ,UNIONVILLE              ,19000101,,A,LDC,B,ML-6,PUTNAM,MO,Y,N,"CITY OF UNIONVILLE, MISSOURI",023551005,,,,,MW 6  H,Zone 6,,T,,N,,20251023 07:32
006958581,,ANR Pipeline Company,C000623,40197   ,FAIRWATER               ,19000101,,A,LDC,B,ML-7,COLUMBIA,WI,Y,N,Wisconsin Gas LLC,007947047,,,,,WI 7  U,Zone 7,,T,,N,Northern,20250929 22:29
006958581,,ANR Pipeline Company,C000623,40199   ,NESHKORO                ,19000101,,A,LDC,B,ML-7,MARQUETTE,WI,Y,N,Wisconsin Gas LLC,007947047,,,,,WI 7  U,Zone 7,,T,,N,Northern,20250929 22:29
006958581,,ANR Pipeline Company,C000623,40223   ,GILLETT                 ,19000101,,A,LDC,B,ML-7,OCONTO,WI,Y,N,Wisconsin Gas LLC,007947047,,,,,WI 7  N,Zone 7,,T,,N,Northern,20250929 22:29
006958581,,ANR Pipeline Company,C000623,40224   ,HORTONVILLE             ,19000101,,A,LDC,B,ML-7,OUTAGAMIE,WI,Y,N,Wisconsin Gas LLC,007947047,,,,,WI 7  F,Zone 7,,T,,N,Northern,20250929 22:29
006958581,,ANR Pipeline Company,C000623,40226   ,LAKE GENEVA             ,19000101,,A,LDC,B,ML-7,WALWORTH,WI,Y,N,Wisconsin Electric Power Company,007947385,,,,,WI 7  C,Zone 7,,T,,N,Northern,20250929 22:29
006958581,,ANR Pipeline Company,C000623,40285   ,FAIRFAX                 ,19000101,,A,LDC,B,ML-5,HOLT,MO,Y,N,THE EMPIRE DISTRICT GAS COMPANY,625371880,,,,,MW 5  C,Zone 5,,T,,N,,20250929 22:29
006958581,,ANR Pipeline Company,C000623,40304   ,JANESVILLE WI           ,19000101,,A,LDC,B,ML-7,ROCK,WI,Y,N,Wisconsin Power and Light Company,007946452,,,,,WI 7  W,Zone 7,,T,,N,Northern,20250929 22:29
006958581,,ANR Pipeline Company,C000623,40317   ,PATTERSON/TRUNKLINE DEL,19000101,,A,INT,D,SE-1,ST MARY,LA,Y,Y,"Trunkline Gas Company, LLC",007933062,,C000251,80368,,SE 2  B,Zone 1,,T,,N,,20260925 11:02
006958581,,ANR Pipeline Company,C000623,40412   ,NEW WINDSOR             ,19000101,,A,LDC,B,ML-6,HENRY,IL,Y,N,Ameren Illinois Company,006936017,,,,,MW 6  K,Zone 6,,T,,N,,20250929 22:29
006958581,,ANR Pipeline Company,C000623,40419   ,JOLIET WEST/NGPL        ,19000101,,A,INT,D,ML-7,WILL,IL,Y,Y,Natural Gas Pipeline Company of America LLC,006931794,,C002096,,,MI 7  F,Zone 7,,T,,N,Joliet,20251023 07:33
006958581,,ANR Pipeline Company,C000623,40432   ,COTTAGE GROVE           ,19000101,,A,LDC,D,ML-2,HENRY,TN,Y,N,Paris Henry County Public Utility District,066115122,,,,,ME 2  C,Zone 2,,T,,N,,20251023 07:33
006958581,,ANR Pipeline Company,C000623,40452   ,SCHNELLVILLE            ,19000101,,A,LDC,B,ML-3,DUBOIS,IN,Y,N,INDIANA NATURAL GAS CORPORATION,044911683,,,,,ME 3  A,Zone 3,,T,,N,,20250929 22:29
006958581,,ANR Pipeline Company,C000623,40453   ,ST HENRY                ,19000101,,A,LDC,B,ML-3,DUBOIS,IN,Y,N,"COMMUNITY NATURAL GAS CO., INC.",007814049,,,,,ME 3  A,Zone 3,,T,,N,,20250929 22:29
006958581,,ANR Pipeline Company,C000623,40455   ,MORRISTOWN              ,19000101,,A,LDC,B,ML-3,SHELBY,IN,Y,N,"FOUNTAINTOWN GAS CO., INC.",075980516,,,,,ME 3  A,Zone 3,,T,,N,,20250929 22:29
006958581,,ANR Pipeline Company,C000623,40456   ,MARIETTA                ,19000101,,A,LDC,B,ML-3,SHELBY,IN,Y,N,"FOUNTAINTOWN GAS CO., INC.",075980516,,,,,ME 3  A,Zone 3,,T,,N,,20250929 22:29
006958581,,ANR Pipeline Company,C000623,40462   ,ALCAN ALUMINUM INT      ,19000101,,A,IND,B,ML-3,WEBSTER,KY,Y,N,ALCAN ALUMINUM CORPORATION DBA ALCAN INGOT,130402258,,,,,ME 3  A,Zone 3,,T,,N,,20250929 22:29
006958581,,ANR Pipeline Company,C000623,40468   ,COLDWATER               ,19000101,,A,LDC,B,ML-7,BRANCH,MI,Y,N,Michigan Gas Utilities Corporation,622377096,,,,,MI 7  K,Zone 7,,T,,N,Northern,20250929 22:29
006958581,,ANR Pipeline Company,C000623,40469   ,COLDWATER LAKE          ,19000101,,A,LDC,B,ML-7,BRANCH,MI,Y,N,Michigan Gas Utilities Corporation,622377096,,,,,MI 7  K,Zone 7,,T,,N,Northern,20250929 22:29
006958581,,ANR Pipeline Company,C000623,40470   ,BATTLE CREEK GAS/CALHOUN,19000101,,A,LDC,B,ML-7,CALHOUN,MI,Y,N,"Semco Energy, Inc., DBA Semco Energy Gas Company",006960553,,,,,MI 7  K,Zone 7,,T,,N,Northern,20250929 22:29
006958581,,ANR Pipeline Company,C000623,40471   ,PEMBINE                 ,19000101,,A,LDC,B,ML-7,DICKINSON,MI,Y,N,Wisconsin Public Service Corporation,007947435,,,,,WI 7  N,Zone 7,,T,,N,Northern,20250929 22:29
006958581,,ANR Pipeline Company,C000623,40476   ,LOWE 1-27 (OSCEOLA MI)  ,19000101,,A,WHD,R,ML-7,OSCEOLA,MI,Y,N,DART OIL & GAS CORP.,024129611,,,,,MI 7  E,Zone 7,,T,,N,Northern,20251020 07:48
006958581,,ANR Pipeline Company,C000623,40477   ,HOLLAND                 ,19000101,,A,LDC,B,ML-7,OTTAWA,MI,Y,N,"Semco Energy, Inc., DBA Semco Energy Gas Company",006960553,,,,,MI 7  M,Zone 7,,T,,N,Northern,20250929 22:29
006958581,,ANR Pipeline Company,C000623,40478   ,SOUTHEASTERN MICH       ,19000101,,A,LDC,B,ML-7,ST CLAIR,MI,Y,N,"Semco Energy, Inc., DBA Semco Energy Gas Company",006960553,,,,,MI 7  T,Zone 7,,T,,N,Northern,20251023 07:34
006958581,,ANR Pipeline Company,C000623,40480   ,ELLIOTT ROAD            ,19000101,,A,LDC,B,ML-7,DEFIANCE,OH,Y,N,Ohio Gas Company,003779345,,,,,MI 7  B,Zone 7,,T,,N,Northern,20250929 22:29
006958581,,ANR Pipeline Company,C000623,40481   ,RIDGEVILLE              ,19000101,,A,LDC,B,ML-7,HENRY,OH,Y,N,Ohio Gas Company,003779345,,,,,MI 7  A,Zone 7,,T,,N,Northern,20251023 07:34
006958581,,ANR Pipeline Company,C000623,40482   ,HAVILAND-EAST OHIO GAS  ,19000101,,A,LDC,D,ML-3,PAULDING,OH,Y,Y,The East Ohio Gas Company,007900475,,C001002,,,ME 3  E,Zone 3,,T,,N,,20250929 22:29
006958581,,ANR Pipeline Company,C000623,40495   ,DALE WI                 ,19000101,,A,LDC,B,ML-7,OUTAGAMIE,WI,Y,N,Wisconsin Gas LLC,007947047,,,,,WI 7  F,Zone 7,,T,,N,Northern,20250929 22:29
006958581,,ANR Pipeline Company,C000623,40496   ,WEST BEND               ,19000101,,A,LDC,B,ML-7,WASHINGTON,WI,Y,N,Wisconsin Gas LLC,007947047,,,,,WI 7  D,Zone 7,,T,,N,Northern,20250929 22:29
006958581,,ANR Pipeline Company,C000623,40497   ,BERLIN                  ,19000101,,A,LDC,B,ML-7,WINNEBAGO,WI,Y,N,Wisconsin Power and Light Company,007946452,,,,,WI 7  H,Zone 7,,T,,N,Northern,20250929 22:29
006958581,,ANR Pipeline Company,C000623,40498   ,NEENAH                  ,19000101,,A,LDC,B,ML-7,WINNEBAGO,WI,Y,N,Wisconsin Public Service Corporation,007947435,,,,,WI 7  H,Zone 7,,T,,N,Northern,20251023 07:35
006958581,,ANR Pipeline Company,C000623,40518   ,CUSTER PLANT - INLET    ,19000101,,A,PLT,D,SW-4,CUSTER,OK,N,N,,,,,,,SW 2  A,Zone 4,,T,,N,,20250915 22:50
006958581,,ANR Pipeline Company,C000623,40576   ,MONROE                  ,19000101,,A,LDC,B,ML-3,ADAMS,IN,Y,N,Northern Indiana Public Service Company LLC,006937585,,,,,ME 3  E,Zone 3,,T,,N,,20250929 22:29
006958581,,ANR Pipeline Company,C000623,40715   ,GEORGE B FRANKLIN INT   ,19000101,,A,IND,B,ML-2,RICHLAND,LA,Y,N,"GEORGE B. FRANKLIN & SON, INC.",008192585,,,,,ME 2  A,Zone 2,,T,,N,,20251023 07:35
006958581,,ANR Pipeline Company,C000623,40785   ,DEWARD - GREAT LAKES - D,19000101,,A,INT,D,ML-7,CRAWFORD,MI,Y,N,GREAT LAKES GAS TRANSMISSION COMPANY,824900229,,,,,MI 7  T,Zone 7,,T,,N,Northern,20250929 22:29
006958581,,ANR Pipeline Company,C000623,40806   ,WOOLFOLK -STORAGE OTHERS,19000101,,A,STR,B,ML-7,MECOSTA,MI,N,N,,,,,,,MI 7  D,Zone 7,,T,,N,Northern,20250915 22:50
006958581,,ANR Pipeline Company,C000623,40830   ,NORTH CLARE             ,19000101,,A,LDC,B,ML-7,CLARE,MI,Y,Y,DTE Gas Company,006958540,,C000428,,,MI 7  E,Zone 7,,T,,N,Northern,20250929 22:29
006958581,,ANR Pipeline Company,C000623,40832   ,ALPENA DEL/MICH CON GAS ,19000101,,A,LDC,D,ML-7,CLARE,MI,Y,Y,DTE Gas Company,006958540,,C000428,,,MI 7  E,Zone 7,,T,,N,Northern,20250929 22:29
006958581,,ANR Pipeline Company,C000623,40834   ,HARRISON                ,19000101,,A,LDC,B,ML-7,CLARE,MI,Y,Y,DTE Gas Company,006958540,,C000428,,,MI 7  E,Zone 7,,T,,N,Northern,20250929 22:29
006958581,,ANR Pipeline Company,C000623,40844   ,CRYSTAL FALLS-MICHCON   ,19000101,,A,LDC,B,ML-7,IRON,MI,Y,Y,DTE Gas Company,006958540,,C000428,,,WI 7  O,Zone 7,,T,,N,Northern,20250929 22:29
006958581,,ANR Pipeline Company,C000623,40849   ,SPARTA-MUSKEGON         ,19000101,,A,LDC,B,ML-7,KENT,MI,Y,Y,DTE Gas Company,006958540,,C000428,,,MI 7  R,Zone 7,,T,,N,Northern,20251023 07:36
006958581,,ANR Pipeline Company,C000623,40890   ,EAST ROGERS HEIGHTS     ,19000101,,A,LDC,B,ML-7,MECOSTA,MI,Y,Y,DTE Gas Company,006958540,,C000428,,,MI 7  E,Zone 7,,T,,N,Northern,20250929 22:29
006958581,,ANR Pipeline Company,C000623,40892   ,DETROIT A (DELIVERY)    ,19000101,,A,LDC,D,ML-7,MECOSTA,MI,Y,Y,DTE Gas Company,006958540,,C000428,,,MI 7  R,Zone 7,,T,,N,Northern,20250929 22:29
006958581,,ANR Pipeline Company,C000623,40895   ,DETROIT B (DELIVERY)    ,19000101,,A,LDC,D,ML-7,MECOSTA,MI,Y,Y,DTE Gas Company,006958540,,C000428,,,MI 7  R,Zone 7,,T,,N,Northern,20250915 22:50
006958581,,ANR Pipeline Company,C000623,40898   ,EAST BIG RAPIDS         ,19000101,,A,LDC,B,ML-7,MECOSTA,MI,Y,Y,DTE Gas Company,006958540,,C000428,,,MI 7  E,Zone 7,,T,,N,Northern,20250929 22:29
006958581,,ANR Pipeline Company,C000623,416969  ,COLLIERVILLE GATE       ,19000101,,A,LDC,D,ML-2,SHELBY,TN,Y,N,"MEMPHIS LIGHT, GAS AND WATER DIVISION",152524732,,,,,ME 2  C,Zone 2,,T,,N,,20251023 10:09
006958581,,ANR Pipeline Company,C000623,4194    ,JOLIET (MGT-DEL)        ,19000101,,A,INT,D,ML-7,WILL,IL,Y,Y,Midwestern Gas Transmission Company,006792451,,C000582,,,MI 7  F,Zone 7,,T,,N,Joliet,20251023 06:40
006958581,,ANR Pipeline Company,C000623,4196    ,EAST JOLIET             ,19000101,,A,LDC,B,ML-7,WILL,IL,Y,N,The Peoples Gas Light and Coke Company,006932115,,,,,MI 7  V,Zone 7,,T,,N,Joliet,20260821 11:17
006958581,,ANR Pipeline Company,C000623,42078   ,WILLOW RUN(TO MICHCON)  ,19000101,,A,LDC,D,ML-7,WASHTENAW,MI,Y,Y,DTE Gas Company,006958540,,C000428,,,MI 7  A,Zone 7,,T,,N,Northern,20260620 09:05
006958581,,ANR Pipeline Company,C000623,42139   ,WEYAUWEGA               ,19000101,,A,LDC,B,ML-7,WAUPACA,WI,Y,N,Wisconsin Gas LLC,007947047,,,,,WI 7  T,Zone 7,,T,,N,Northern,20250929 22:29
006958581,,ANR Pipeline Company,C000623,4223    ,BERNE-GENEVA            ,19000101,,A,LDC,B,ML-3,ADAMS,IN,Y,N,Northern Indiana Public Service Company LLC,006937585,,,,,ME 3  E,Zone 3,,T,,N,,20250929 22:29
006958581,,ANR Pipeline Company,C000623,4236    ,HOPE                    ,19000101,,A,LDC,D,ML-3,BARTHOLOMEW,IN,Y,N,"INDIANA GAS COMPANY, INC.",006938211,,,,,ME 3  A,Zone 3,,T,,N,,20250929 22:29
006958581,,ANR Pipeline Company,C000623,42593   ,RIVERWAY (TO BRIDGELINE),19000101,,A,INT,B,SE-1,ST MARY,LA,Y,N,Bridgeline Gas Distribution Co.,009603424,,,,,SE 2  B,Zone 1,,T,,N,,20260925 11:05
006958581,,ANR Pipeline Company,C000623,4274    ,FERDINAND               ,19000101,,A,LDC,B,ML-3,DUBOIS,IN,Y,N,Ohio Valley Gas Corporation,006940274,,,,,ME 3  A,Zone 3,,T,,N,,20250929 22:29
006958581,,ANR Pipeline Company,C000623,4277    ,ST ANTHONY              ,19000101,,A,LDC,B,ML-3,DUBOIS,IN,Y,N,Ohio Valley Gas Corporation,006940274,,,,,ME 3  A,Zone 3,,T,,N,,20250929 22:29
006958581,,ANR Pipeline Company,C000623,4280    ,CELESTINE               ,19000101,,A,LDC,B,ML-3,DUBOIS,IN,Y,N,INDIANA NATURAL GAS CORPORATION,044911683,,,,,ME 3  A,Zone 3,,T,,N,,20250929 22:29
006958581,,ANR Pipeline Company,C000623,4338    ,SHIRLEY                 ,19000101,,A,LDC,B,ML-3,HENRY,IN,Y,N,"FOUNTAINTOWN GAS CO., INC.",075980516,,,,,ME 3  A,Zone 3,,T,,N,,20250929 22:29
006958581,,ANR Pipeline Company,C000623,4339    ,SULPHUR SPRINGS         ,19000101,,A,LDC,B,ML-3,HENRY,IN,Y,N,"FOUNTAINTOWN GAS CO., INC.",075980516,,,,,ME 3  A,Zone 3,,T,,N,,20250929 22:29
006958581,,ANR Pipeline Company,C000623,43456   ,CAMERON                 ,19000101,,A,WHD,R,SE-1,CAMERON,LA,Y,N,WAGNER OIL COMPANY,002825917,,,,,SE 1  D,Zone 1,,T,,N,,20251020 07:50
006958581,,ANR Pipeline Company,C000623,4351    ,PORTLAND                ,19000101,,A,LDC,B,ML-3,JAY,IN,Y,N,Ohio Valley Gas Corporation,006940274,,,,,ME 3  C,Zone 3,,T,,N,,20250929 22:29
006958581,,ANR Pipeline Company,C000623,43613   ,PATTERSON TO COL GULF,19000101,,A,INT,B,SE-1,ST MARY,LA,Y,Y,"Columbia Gulf Transmission, LLC",007854581,,C000307,480,ANR-PATTERSON,SE 2  B,Zone 1,,T,,N,,20260925 11:04
006958581,,ANR Pipeline Company,C000623,43703   ,WOOLFOLK-MUSKEGON       ,19000101,,A,LDC,B,ML-7,MECOSTA,MI,Y,Y,DTE Gas Company,006958540,,C000428,,,MI 7  E,Zone 7,,T,,N,Northern,20250929 22:29
006958581,,ANR Pipeline Company,C000623,43704   ,LOREED-LUDINGTON        ,19000101,,A,LDC,B,ML-7,OSCEOLA,MI,Y,Y,DTE Gas Company,006958540,,C000428,,,MI 7  E,Zone 7,,T,,N,Northern,20250929 22:29
006958581,,ANR Pipeline Company,C000623,4372    ,LAGRANGE                ,19000101,,A,LDC,B,ML-7,LAGRANGE,IN,Y,N,Northern Indiana Public Service Company LLC,006937585,,,,,MI 7  J,Zone 7,,T,,N,Northern,20250929 22:29
006958581,,ANR Pipeline Company,C000623,43732   ,MOORELAND PLANT - INLET ,19000101,,A,PLT,D,SW-4,WOODWARD,OK,N,N,,,,,,,SW 3  A,Zone 4,,T,,N,,20250915 22:50
006958581,,ANR Pipeline Company,C000623,4375    ,MICHIGAN CITY           ,,20251001,I,LDC,B,ML-7,LA PORTE,IN,Y,N,Northern Indiana Public Service Company LLC,006937585,,,,,MI 7  G,Zone 7,,T,,N,Northern,20251024 08:36
006958581,,ANR Pipeline Company,C000623,438672  ,MADISON LATERAL NORTH   ,19000101,,A,VIR,B,ML-7,ADAMS,WI,N,N,,,,,,,WI 7  U,Zone 7,,T,,N,Northern,20260316 14:26
006958581,,ANR Pipeline Company,C000623,438676  ,PORT WASHINGTON         ,19000101,,A,LDC,B,ML-7,WASHINGTON,WI,Y,N,Wisconsin Gas LLC,007947047,,,,,WI 7  D,Zone 7,,T,,N,Northern,20260224 08:16
006958581,,ANR Pipeline Company,C000623,438677  ,PALO DURO,19000101,,A,WHD,R,SW-4,WHEELER,TX,Y,N,PALO DURO PIPELINES (TEXAS GATHERING) L.P.,032358744,,,,,SW 1  C,Zone 4,,T,,N,,20260918 11:57
006958581,,ANR Pipeline Company,C000623,439345  ,SHEBOYGAN FALLS         ,19000101,,A,LDC,B,ML-7,SHEBOYGAN,WI,Y,N,Wisconsin Power and Light Company,007946452,,,,,WI 7  M,Zone 7,,T,,N,Northern,20251023 10:11
006958581,,ANR Pipeline Company,C000623,444972  ,OSHKOSH RIPPLE ROAD     ,19000101,,A,LDC,D,ML-7,WINNEBAGO,WI,Y,N,Wisconsin Public Service Corporation,007947435,,,,,WI 7  H,Zone 7,,T,,N,Northern,20251023 10:13
006958581,,ANR Pipeline Company,C000623,4475    ,WEST SHELBYVILLE        ,19000101,,A,LDC,B,ML-3,SHELBY,IN,Y,N,"INDIANA GAS COMPANY, INC.",006938211,,,,,ME 3  A,Zone 3,,T,,N,,20251023 06:34
006958581,,ANR Pipeline Company,C000623,4480    ,CHRISNEY/MGT (DELIVERY) ,19000101,,A,INT,D,ML-3,SPENCER,IN,Y,Y,Midwestern Gas Transmission Company,006792451,,C000582,,,ME 3  A,Zone 3,,T,,N,,20251020 12:48
006958581,,ANR Pipeline Company,C000623,4481    ,CHRISNEY TOWN OF CHRISN ,19000101,,A,LDC,B,ML-3,SPENCER,IN,Y,N,"TOWN OF CHRISNEY, INDIANA",002565448,,,,,ME 3  A,Zone 3,,T,,N,,20250929 22:29
006958581,,ANR Pipeline Company,C000623,4483    ,CHRISTMAS LAKE          ,19000101,,A,LDC,B,ML-3,SPENCER,IN,Y,N,"COMMUNITY NATURAL GAS CO., INC.",007814049,,,,,ME 3  A,Zone 3,,T,,N,,20250929 22:29
006958581,,ANR Pipeline Company,C000623,4485    ,DALE INDIANA            ,19000101,,A,LDC,B,ML-3,SPENCER,IN,Y,N,"COMMUNITY NATURAL GAS CO., INC.",007814049,,,,,ME 3  A,Zone 3,,T,,N,,20250929 22:29
006958581,,ANR Pipeline Company,C000623,44885   ,EUNICE PROC'G PLANT     ,19000101,,A,PLT,B,SE-1,ACADIA,LA,Y,N,"ENLINK MIDSTREAM OPERATING, LP",878636729,,,,,SE 2  A,Zone 1,,T,,N,,20250915 22:50
006958581,,ANR Pipeline Company,C000623,4489    ,HAMILTON                ,19000101,,A,LDC,B,ML-7,STEUBEN,IN,Y,N,Northern Indiana Public Service Company LLC,006937585,,,,,MI 7  J,Zone 7,,T,,N,Northern,20250929 22:29
006958581,,ANR Pipeline Company,C000623,4491    ,ASHLEY-HUDSON           ,19000101,,A,LDC,B,ML-7,STEUBEN,IN,Y,N,Northern Indiana Public Service Company LLC,006937585,,,,,MI 7  J,Zone 7,,T,,N,Northern,20250929 22:29
006958581,,ANR Pipeline Company,C000623,4492    ,ORLAND                  ,19000101,,A,LDC,B,ML-7,STEUBEN,IN,Y,N,Northern Indiana Public Service Company LLC,006937585,,,,,MI 7  J,Zone 7,,T,,N,Northern,20250929 22:29
006958581,,ANR Pipeline Company,C000623,4561    ,CENTERVILLE IA          ,19000101,,A,LDC,B,ML-6,APPANOOSE,IA,Y,N,Interstate Power and Light Company,006940522,,,,,MW 6  I,Zone 6,,T,,N,,20250929 22:29
006958581,,ANR Pipeline Company,C000623,4564    ,MOULTON                 ,19000101,,A,LDC,B,ML-6,APPANOOSE,IA,Y,N,"CITY OF MOULTON, IOWA",362389231,,,,,MW 6  I,Zone 6,,T,,N,,20251023 06:42
006958581,,ANR Pipeline Company,C000623,4565    ,MORAVIA                 ,19000101,,A,LDC,B,ML-6,APPANOOSE,IA,Y,N,Interstate Power and Light Company,006940522,,,,,MW 6  I,Zone 6,,T,,N,,20250929 22:29
006958581,,ANR Pipeline Company,C000623,4602    ,KIRKSVILLE              ,19000101,,A,LDC,B,ML-6,DAVIS,IA,Y,N,LIBERTY UTILITIES (MIDSTATES NATURAL GAS) CORP.,078314967,,,,,MW 6  I,Zone 6,,T,,N,,20260402 14:13
006958581,,ANR Pipeline Company,C000623,460315  ,ROBERTS EAGLE ROCK RED D,19000101,,A,INT,D,SW-4,ROBERTS,TX,Y,N,ETC FIELD SERVICES LLC,143622871,,,,,SW 1  B,Zone 4,,T,,N,,20250915 22:50
006958581,,ANR Pipeline Company,C000623,4604    ,BLOOMFIELD              ,19000101,,A,LDC,B,ML-6,DAVIS,IA,Y,N,"CITY OF BLOOMFIELD, IOWA",118690130,,,,,MW 6  I,Zone 6,,T,,N,,20251023 06:43
006958581,,ANR Pipeline Company,C000623,4605    ,LAMONI                  ,19000101,,A,LDC,B,ML-6,DECATUR,IA,Y,N,"CITY OF LAMONI, IOWA DBA LAMONI MUNICIPAL UTILITIES",189690795,,,,,MW 6  C,Zone 6,,T,,N,,20251023 06:43
006958581,,ANR Pipeline Company,C000623,4607    ,LEON                    ,19000101,,A,LDC,D,ML-6,DECATUR,IA,Y,N,Interstate Power and Light Company,006940522,,,,,MW 6  C,Zone 6,,T,,N,,20250929 22:29
006958581,,ANR Pipeline Company,C000623,4613    ,MIDDLETOWN              ,19000101,,A,LDC,B,ML-6,DES MOINES,IA,Y,N,Interstate Power and Light Company,006940522,,,,,MW 6  J,Zone 6,,T,,N,,20250929 22:29
006958581,,ANR Pipeline Company,C000623,4614    ,WEST BURLINGTON         ,19000101,,A,LDC,B,ML-6,DES MOINES,IA,Y,N,Interstate Power and Light Company,006940522,,,,,MW 6  J,Zone 6,,T,,N,,20250929 22:29
006958581,,ANR Pipeline Company,C000623,4616    ,NORTH BURLINGTON        ,19000101,,A,IND,D,ML-6,DES MOINES,IA,Y,N,United States Gypsum Company,005212600,,,,,MW 6  J,Zone 6,,T,,N,,20250929 22:29
006958581,,ANR Pipeline Company,C000623,4617    ,MEDIAPOLIS              ,19000101,,A,LDC,B,ML-6,DES MOINES,IA,Y,N,Interstate Power and Light Company,006940522,,,,,MW 6  J,Zone 6,,T,,N,,20250929 22:29
006958581,,ANR Pipeline Company,C000623,4618    ,FLINT CREEK             ,19000101,,A,LDC,B,ML-6,DES MOINES,IA,Y,N,Interstate Power and Light Company,006940522,,,,,MW 6  J,Zone 6,,T,,N,,20250929 22:29
006958581,,ANR Pipeline Company,C000623,4619    ,BURLINGTON,19000101,,A,LDC,B,ML-6,DES MOINES,IA,Y,N,Interstate Power and Light Company,006940522,,,,,MW 6  J,Zone 6,,T,,N,,20260924 14:27
006958581,,ANR Pipeline Company,C000623,467239  ,SHADYSIDE/TGP (REC)     ,19000101,,A,INT,R,SE-1,ST MARY,LA,Y,Y,Tennessee Gas Pipeline Company,001939164,,C000020,,,SE 2  B,Zone 1,,T,,N,,20251010 13:52
006958581,,ANR Pipeline Company,C000623,467240  ,SHADYSIDE/TGP (DEL),19000101,,A,INT,D,SE-1,ST MARY,LA,Y,Y,Tennessee Gas Pipeline Company,001939164,,C000020,,,SE 2  B,Zone 1,,T,,N,,20260925 11:09
006958581,,ANR Pipeline Company,C000623,467243  ,NORTH ZEELAND           ,19000101,,A,LDC,D,ML-7,OTTAWA,MI,Y,N,"Semco Energy, Inc., DBA Semco Energy Gas Company",006960553,,,,,MI 7  O,Zone 7,,T,,N,Northern,20250929 22:29
006958581,,ANR Pipeline Company,C000623,467277  ,ANR LINK DELIVERY       ,19000101,,A,VIR,B,ML-7,ST CLAIR,MI,N,N,,,,,,,ML 0  C,Zone 7,,T,,N,Link,20250929 22:29
006958581,,ANR Pipeline Company,C000623,467676  ,LIDDIEVILLE             ,19000101,,A,INT,B,ML-2,FRANKLIN,LA,Y,Y,Regency Intrastate Gas LP,133237508,,C000370,,,ME 2  A,Zone 2,,T,,N,,20251020 10:49
006958581,,ANR Pipeline Company,C000623,4689    ,WAYLAND IA              ,19000101,,A,LDC,B,ML-6,HENRY,IA,Y,N,"CITY OF WAYLAND, IOWA",052095023,,,,,MW 6  I,Zone 6,,T,,N,,20251023 06:44
006958581,,ANR Pipeline Company,C000623,4691    ,MOUNT PLEASANT          ,19000101,,A,LDC,B,ML-6,HENRY,IA,Y,N,Interstate Power and Light Company,006940522,,,,,MW 6  I,Zone 6,,T,,N,,20250929 22:29
006958581,,ANR Pipeline Company,C000623,4693    ,WINFIELD                ,19000101,,A,LDC,B,ML-6,HENRY,IA,Y,N,"CITY OF WINFIELD, IOWA",052173010,,,,,MW 6  I,Zone 6,,T,,N,,20251023 06:44
006958581,,ANR Pipeline Company,C000623,4697    ,NEW LONDON IA           ,19000101,,A,LDC,B,ML-6,HENRY,IA,Y,N,Interstate Power and Light Company,006940522,,,,,MW 6  J,Zone 6,,T,,N,,20250929 22:29
006958581,,ANR Pipeline Company,C000623,4706    ,FAIRFIELD               ,19000101,,A,LDC,B,ML-6,JEFFERSON,IA,Y,N,Interstate Power and Light Company,006940522,,,,,MW 6  I,Zone 6,,T,,N,,20250929 22:29
006958581,,ANR Pipeline Company,C000623,4707    ,LOCKRIDGE               ,19000101,,A,LDC,B,ML-6,JEFFERSON,IA,Y,N,Interstate Power and Light Company,006940522,,,,,MW 6  I,Zone 6,,T,,N,,20250929 22:29
006958581,,ANR Pipeline Company,C000623,4730    ,WEST POINT              ,19000101,,A,LDC,B,ML-6,LEE,IA,Y,N,MidAmerican Energy Company,884718768,,,,,MW 6  J,Zone 6,,T,,N,,20250929 22:29
006958581,,ANR Pipeline Company,C000623,4732    ,WEVER                   ,19000101,,A,LDC,B,ML-6,LEE,IA,Y,N,MidAmerican Energy Company,884718768,,,,,MW 6  J,Zone 6,,T,,N,,20250929 22:29
006958581,,ANR Pipeline Company,C000623,4736    ,DENMARK IA              ,19000101,,A,LDC,B,ML-6,LEE,IA,Y,N,MidAmerican Energy Company,884718768,,,,,MW 6  J,Zone 6,,T,,N,,20250929 22:29
006958581,,ANR Pipeline Company,C000623,4738    ,FORT MADISON            ,19000101,,A,LDC,B,ML-6,LEE,IA,Y,N,MidAmerican Energy Company,884718768,,,,,MW 6  J,Zone 6,,T,,N,,20250929 22:29
006958581,,ANR Pipeline Company,C000623,4740    ,DONNELLSON              ,19000101,,A,LDC,B,ML-6,LEE,IA,Y,N,MidAmerican Energy Company,884718768,,,,,MW 6  J,Zone 6,,T,,N,,20250929 22:29
006958581,,ANR Pipeline Company,C000623,4741    ,KEOKUK                  ,19000101,,A,LDC,B,ML-6,LEE,IA,Y,N,LIBERTY UTILITIES (MIDSTATES NATURAL GAS) CORP.,078314967,,,,,MW 6  J,Zone 6,,T,,N,,20260903 14:31
006958581,,ANR Pipeline Company,C000623,4742    ,SOUTH FORT MADISON      ,19000101,,A,LDC,B,ML-6,LEE,IA,Y,N,MidAmerican Energy Company,884718768,,,,,MW 6  J,Zone 6,,T,,N,,20250929 22:29
006958581,,ANR Pipeline Company,C000623,4747    ,MORNING SUN             ,19000101,,A,IND,B,ML-6,LOUISA,IA,Y,N,"CITY OF MORNING SUN, IOWA",960083731,,,,,MW 6  K,Zone 6,,T,,N,,20251023 06:45
006958581,,ANR Pipeline Company,C000623,4750    ,WAPELLO                 ,19000101,,A,LDC,B,ML-6,LOUISA,IA,Y,N,Interstate Power and Light Company,006940522,,,,,MW 6  K,Zone 6,,T,,N,,20250929 22:29
006958581,,ANR Pipeline Company,C000623,4751    ,OAKVILLE                ,19000101,,A,LDC,B,ML-6,LOUISA,IA,Y,N,Interstate Power and Light Company,006940522,,,,,MW 6  K,Zone 6,,T,,N,,20250929 22:29
006958581,,ANR Pipeline Company,C000623,482503  ,ELK CITY INTERCONNECT   ,19000101,,A,WHD,R,SW-4,ROGER MILLS,OK,N,N,,,,,,,SW 1  D,Zone 4,,T,,N,,20251020 10:50
006958581,,ANR Pipeline Company,C000623,4839    ,BIRMINGHAM              ,19000101,,A,LDC,B,ML-6,VAN BUREN,IA,Y,N,Interstate Power and Light Company,006940522,,,,,MW 6  I,Zone 6,,T,,N,,20250929 22:29
006958581,,ANR Pipeline Company,C000623,4856    ,LINEVILLE               ,19000101,,A,LDC,B,ML-6,WAYNE,IA,Y,N,"CITY OF LINEVILLE, IOWA",004896551,,,,,MW 6  D,Zone 6,,T,,N,,20251023 06:46
006958581,,ANR Pipeline Company,C000623,4857    ,ALLERTON                ,19000101,,A,LDC,B,ML-6,WAYNE,IA,Y,N,ALLERTON GAS COMPANY,022005821,,,,,MW 6  F,Zone 6,,T,,N,,20251023 06:46
006958581,,ANR Pipeline Company,C000623,4858    ,CORYDON                 ,19000101,,A,LDC,B,ML-6,WAYNE,IA,Y,N,Interstate Power and Light Company,006940522,,,,,MW 6  F,Zone 6,,T,,N,,20250929 22:29
006958581,,ANR Pipeline Company,C000623,485885  ,MARSHFIELD VIKING INT   ,,20250929,I,VIR,B,ML-7,WOOD,WI,N,N,,,,,,,WI 7  Q,Zone 7,,T,,N,Canadian,20250929 22:29
006958581,,ANR Pipeline Company,C000623,4859    ,SEYMOUR IA              ,19000101,,A,LDC,B,ML-6,WAYNE,IA,Y,N,Interstate Power and Light Company,006940522,,,,,MW 6  G,Zone 6,,T,,N,,20250929 22:29
006958581,,ANR Pipeline Company,C000623,48639   ,SLAUGHTERS/TGT (REC)    ,19000101,,A,INT,R,ML-3,WEBSTER,KY,Y,Y,"Texas Gas Transmission, LLC",115972101,,C000592,,,ME 3  A,Zone 3,,T,,N,,20251020 07:51
006958581,,ANR Pipeline Company,C000623,48640   ,PATTERSON/TRUNKLINE REC ,19000101,,A,INT,R,SE-1,ST MARY,LA,Y,Y,"Trunkline Gas Company, LLC",007933062,,C000251,81716,,SE 2  B,Zone 1,,T,,N,,20251020 07:53
006958581,,ANR Pipeline Company,C000623,48641   ,JOLIET (MGT-REC)        ,19000101,,A,INT,R,ML-7,WILL,IL,Y,Y,Midwestern Gas Transmission Company,006792451,,C000582,,,MI 7  F,Zone 7,,T,,N,Joliet,20251020 07:55
006958581,,ANR Pipeline Company,C000623,48642   ,DETROIT A & B (RECEIPT) ,19000101,,A,LDC,R,ML-7,MECOSTA,MI,Y,Y,DTE Gas Company,006958540,,C000428,,,MI 7  R,Zone 7,,T,,N,Northern,20251230 14:06
006958581,,ANR Pipeline Company,C000623,48644   ,FARWELL (RECEIPT)       ,19000101,,A,INT,R,ML-7,CLARE,MI,Y,N,GREAT LAKES GAS TRANSMISSION COMPANY,824900229,,,,,MI 7  E,Zone 7,,T,,N,Northern,20260121 17:34
006958581,,ANR Pipeline Company,C000623,490940  ,PINE PRAIRIE NORTH REC  ,19000101,,A,STR,R,ML-2,EVANGELINE,LA,Y,Y,"Pine Prairie Energy Center, LLC",187408526,,C001058,,,ME 2  A,Zone 2,,T,,N,,20251020 10:51
006958581,,ANR Pipeline Company,C000623,490941  ,PINE PRAIRIE NORTH DEL  ,19000101,,A,STR,D,ML-2,EVANGELINE,LA,Y,Y,"Pine Prairie Energy Center, LLC",187408526,,C001058,,,ME 2  A,Zone 2,,T,,N,,20251023 10:28
006958581,,ANR Pipeline Company,C000623,490942  ,WHEELER HIDETOWN,19000101,,A,WHD,R,SW-4,WHEELER,TX,Y,N,PALO DURO PIPELINES (TEXAS GATHERING) L.P.,032358744,,,,,SW 1  C,Zone 4,,T,,N,,20260918 11:57
006958581,,ANR Pipeline Company,C000623,494371  ,RIO                     ,19000101,,A,INT,D,ML-7,COLUMBIA,WI,Y,Y,Northern Natural Gas Company,784158214,,C000060,,,WI 7  U,Zone 7,,T,,N,Northern,20251023 10:31
006958581,,ANR Pipeline Company,C000623,505581  ,PEMBINE ADMIN           ,19000101,,A,XXX,B,ML-7,DICKINSON,MI,N,N,,,,,,,WI 7  N,Zone 7,,T,,N,Northern,20250923 13:13
006958581,,ANR Pipeline Company,C000623,505582  ,BUCKEYE GREENVILLE PLANT,19000101,,A,LDC,D,ML-3,DARKE,OH,Y,N,"Buckeye Power, Inc.",051364057,,,,,ME 3  B,Zone 3,,T,,N,Lebanon,20260910 14:08
006958581,,ANR Pipeline Company,C000623,505584  ,PAL REX SHELBYVILLE    ,19000101,,A,VIR,B,ML-3,SHELBY,IN,N,N,,,,,,,ME 3  A,Zone 3,,T,,N,,20250930 19:22
006958581,,ANR Pipeline Company,C000623,505585  ,PAL OVERISEL           ,19000101,,A,VIR,B,ML-7,ALLEGAN,MI,N,N,,,,,,,MI 7  L,Zone 7,,T,,N,Northern,20250930 19:20
006958581,,ANR Pipeline Company,C000623,505586  ,PAL STAG LAKE          ,19000101,,A,VIR,B,ML-7,ST JOSEPH,MI,N,N,,,,,,,MI 7  J,Zone 7,,T,,N,Northern,20250930 19:23
006958581,,ANR Pipeline Company,C000623,505587  ,PAL DETROIT A          ,19000101,,A,VIR,B,ML-7,MECOSTA,MI,N,N,,,,,,,MI 7  R,Zone 7,,T,,N,Northern,20250930 19:21
006958581,,ANR Pipeline Company,C000623,505592  ,EUNICE TOTAL,20250929,,A,VIR,B,SE-1,ACADIA,LA,N,N,,,,,,,SE 1  A,Zone 1,,T,,N,,20251118 11:02
006958581,,ANR Pipeline Company,C000623,505597  ,PAL CRYSTAL FALLS      ,19000101,,A,VIR,B,ML-7,IRON,MI,N,N,,,,,,,WI 7  O,Zone 7,,T,,N,Northern,20250930 19:21
006958581,,ANR Pipeline Company,C000623,505598  ,PAL FARWELL            ,19000101,,A,VIR,B,ML-7,CLARE,MI,N,N,,,,,,,MI 7  E,Zone 7,,T,,N,Northern,20250915 22:50
006958581,,ANR Pipeline Company,C000623,505599  ,PAL MARSHFIELD/VIKING  ,19000101,,A,VIR,B,ML-7,WOOD,WI,N,N,,,,,,,WI 7  Q,Zone 7,,T,,N,Canadian,20250930 19:22
006958581,,ANR Pipeline Company,C000623,505600  ,PAL MONCLOVA           ,19000101,,A,VIR,B,ML-7,LUCAS,OH,N,N,,,,,,,MI 7  B,Zone 7,,T,,N,Northern,20250915 22:50
006958581,,ANR Pipeline Company,C000623,505601  ,PAL PAULDING           ,19000101,,A,VIR,B,ML-3,PAULDING,OH,N,N,,,,,,,ME 3  E,Zone 3,,T,,N,,20250915 22:50
006958581,,ANR Pipeline Company,C000623,505602  ,PAL JANESVILLE         ,19000101,,A,VIR,B,ML-7,ROCK,WI,N,N,,,,,,,WI 7  W,Zone 7,,T,,N,Northern,20250915 22:50
006958581,,ANR Pipeline Company,C000623,505603  ,PAL EGAN               ,19000101,,A,VIR,B,SE-1,ACADIA,LA,N,N,,,,,,,SE 1  A,Zone 1,,T,,N,,20250915 22:50
006958581,,ANR Pipeline Company,C000623,505606  ,ALLEN PLANT,19000101,,A,LDC,D,ML-2,SHELBY,TN,Y,N,Tennessee Valley Authority,001883032,,,,,ME 2  C,Zone 2,,T,,N,,20260924 14:28
006958581,,ANR Pipeline Company,C000623,505613  ,PAL ALDEN              ,19000101,,A,VIR,B,ML-5,RICE,KS,N,N,,,,,,,MW 5  A,Zone 5,,T,,N,,20250915 22:50
006958581,,ANR Pipeline Company,C000623,505615  ,PAL COLLIERVILLE       ,19000101,,A,VIR,B,ML-2,SHELBY,TN,N,N,,,,,,,ME 2  C,Zone 2,,T,,N,,20250915 22:50
006958581,,ANR Pipeline Company,C000623,505617  ,WOOLFOLK SOUTHBOUND     ,,20260520,I,VIR,B,ML-7,MECOSTA,MI,N,N,,,,,,,FPWLFKSB,Zone 7,,T,,N,Northern,20260520 13:05
006958581,,ANR Pipeline Company,C000623,505619  ,LEBANON-FARMERSVILLE    ,19000101,,A,INT,R,ML-3,MONTGOMERY,OH,Y,Y,"Texas Eastern Transmission, LP",007932908,,C000094,,,ME 3  B,Zone 3,,T,,N,Lebanon,20250915 22:50
006958581,,ANR Pipeline Company,C000623,505621  ,MILWAUKEE LATERAL       ,19000101,,A,VIR,B,ML-7,ADAMS,WI,N,N,,,,,,,WI 7  D,Zone 7,,T,,N,Northern,20260608 14:33
006958581,,ANR Pipeline Company,C000623,505622  ,RACINE LATERAL          ,19000101,,A,VIR,B,ML-7,ADAMS,WI,N,N,,,,,,,WI 7  E,Zone 7,,T,,N,Northern,20251118 11:03
006958581,,ANR Pipeline Company,C000623,505631  ,ABBOTSFORD NORTHBOUND   ,,20251001,I,VIR,B,ML-7,MARATHON,WI,N,N,,,,,,,FPABTFNB,Zone 7,,T,,N,Northern,20251001 09:30
006958581,,ANR Pipeline Company,C000623,505638  ,PAL WESTRICK           ,19000101,,A,VIR,B,ML-3,DEFIANCE,OH,N,N,,,,,,,ME 3  E,Zone 3,,T,,N,,20250915 22:50
006958581,,ANR Pipeline Company,C000623,505639  ,SANDWICH TO SWML,19000101,,A,VIR,B,ML-6,HOLT,MO,N,N,,,,,,,MW 6  K,Zone 6,,T,,N,,20251021 11:45
006958581,,ANR Pipeline Company,C000623,505650  ,PAL BIRMINGHAM         ,19000101,,A,VIR,B,ML-6,VAN BUREN,IA,N,N,,,,,,,MW 6  I,Zone 6,,T,,N,,20250915 22:50
006958581,,ANR Pipeline Company,C000623,505654  ,PATTERSON/PELICAN       ,19000101,,A,INT,B,SE-1,ST MARY,LA,Y,Y,"EnLink LIG, LLC",041220351,,C001142,,,SE 2  B,Zone 1,,T,,N,,20251020 10:52
006958581,,ANR Pipeline Company,C000623,505655  ,PATTERSON/NEPTUNE       ,19000101,,A,INT,B,SE-1,ST MARY,LA,Y,N,"Enterprise Gas Processing, LLC",045779977,,,,,SE 2  B,Zone 1,,T,,N,,20260728 09:25
006958581,,ANR Pipeline Company,C000623,505656  ,PAL SLAUGHTERS         ,19000101,,A,VIR,B,ML-3,WEBSTER,KY,N,N,,,,,,,ME 3  A,Zone 3,,T,,N,,20250915 22:50
006958581,,ANR Pipeline Company,C000623,505662  ,PAL RABBIT RIDGE       ,19000101,,A,VIR,B,ML-2,HOPKINS,KY,N,N,,,,,,,ME 2  C,Zone 2,,T,,N,,20250930 19:22
006958581,,ANR Pipeline Company,C000623,505665  ,LEASE EMERSON VIA CFALLS,19000101,,A,VIR,B,ML-7,IRON,MI,Y,N,GREAT LAKES GAS TRANSMISSION COMPANY,824900229,,,,,WI 7  O,Zone 7,,T,,N,Northern,20251102 10:34
006958581,,ANR Pipeline Company,C000623,505666  ,LEASE EMERSON VIA WILLOW,19000101,,A,VIR,B,ML-7,WASHTENAW,MI,N,N,,,,,,,MI 7  A,Zone 7,,T,,N,Northern,20250920 08:19
006958581,,ANR Pipeline Company,C000623,505668  ,CRYSTAL FALLS TOTAL,20251009,,A,VIR,B,ML-7,IRON,MI,N,N,,,,,,,WI 7  O,Zone 7,,T,,N,Northern,20251130 13:19
006958581,,ANR Pipeline Company,C000623,505671  ,EUNICE TO REX,20250930,,A,VIR,B,SE-1,ACADIA,LA,N,N,,,,,,,SE 2  A,Zone 1,,T,,N,,20260116 09:35
006958581,,ANR Pipeline Company,C000623,505672  ,REX TO DEFIANCE,20250930,,A,VIR,B,ML-6,SHELBY,IN,N,N,,,,,,,ME 3  A,Zone 3,,T,,N,,20260116 09:35
006958581,,ANR Pipeline Company,C000623,505674  ,REX SHELBYVILLE TO ALLEN PLANT,20260319,,A,VIR,B,ML-6,SHELBY,IN,N,N,,,,,,,ME 3  A,Zone 3,,T,,N,,20260319 13:45
006958581,,ANR Pipeline Company,C000623,505675  ,DEFIANCE TO FORT WAYNE,20260327,,A,VIR,B,ML-3,SHELBY,IN,N,N,,,,,,,ME 3  A,Zone 3,,T,,N,,20260409 12:55
006958581,,ANR Pipeline Company,C000623,505677  ,S W HEADSTATION TO S W CDP,20260409,,A,VIR,B,SW-4,KIOWA,KS,N,N,,,,,,,SW 4  A,Zone 4,,T,,N,,20260409 13:17
006958581,,ANR Pipeline Company,C000623,505685  ,PAL EAST JOLIET        ,19000101,,A,RNG,B,ML-7,WILL,IL,N,N,,,,,,,MI 7  V,Zone 7,,T,,N,Joliet,20250930 19:23
006958581,,ANR Pipeline Company,C000623,512133  ,CENTERPOINT/CUSTER REC  ,19000101,,A,INT,R,SW-4,CUSTER,OK,Y,Y,"Enable Gas Transmission, LLC",872670161,,C000544,,,SW 3  E,Zone 4,,T,,N,,20251020 10:57
006958581,,ANR Pipeline Company,C000623,512390  ,MINNIE NO 1-11,20260701,,A,WHD,R,SW-4,CUSTER,OK,Y,N,"MEADOWBROOK OIL CORPORATION OF OKLAHOMA, INC",148259195,,,,,SW 1  E,Zone 4,,T,,N,,20260730 16:14
006958581,,ANR Pipeline Company,C000623,513104  ,RUCKMAN FARM            ,19000101,,A,RNG,R,ML-6,GENTRY,MO,Y,N,"ROESLEIN ALTERNATIVE ENERGY OF MISSOURI, LLC",127281419,,,,,MW 6  A,Zone 6,,T,,N,,20250929 22:29
006958581,,ANR Pipeline Company,C000623,513105  ,WESTRICK,19000101,,A,INT,R,ML-3,DEFIANCE,OH,Y,Y,Rover Pipeline LLC,079717714,,C004602,ANRWK,,ME 3  E,Zone 3,,T,,N,,20260918 15:06
006958581,,ANR Pipeline Company,C000623,513106  ,KIZER CREEK             ,19000101,,A,INT,R,SW-4,WOODWARD,OK,Y,N,"REDCLIFF MIDSTREAM, LLC",097012714,,,,,SW 3  B,Zone 4,,T,,N,,20260817 08:37
006958581,,ANR Pipeline Company,C000623,513107  ,OUTAGAMIE               ,19000101,,A,RNG,R,ML-7,OUTAGAMIE,WI,Y,N,"TERREVA OUTAGAMIE RNG, LLC",831209619,,,,,WI 7  AD,Zone 7,,T,,N,Northern,20251020 11:00
006958581,,ANR Pipeline Company,C000623,513108  ,ARCHER PLACE RECEIPT    ,19000101,,A,RNG,R,ML-6,MERCER,MO,Y,N,"ROESLEIN ALTERNATIVE ENERGY OF MISSOURI, LLC",127281419,,,,,MW 6  D,Zone 6,,T,,N,,20250929 22:29
006958581,,ANR Pipeline Company,C000623,513109  ,WHITETAIL               ,19000101,,A,RNG,R,ML-6,PUTNAM,MO,Y,N,"ROESLEIN ALTERNATIVE ENERGY OF MISSOURI, LLC",127281419,,,,,MW 6  H,Zone 6,,T,,N,,20250929 22:29
006958581,,ANR Pipeline Company,C000623,513114  ,BEAVER CREEK            ,19000101,,A,RNG,B,ML-7,OTTAWA,MI,Y,N,Brightmark LLC,077788089,,,,,MI 7  Q,Zone 7,,T,,N,Northern,20260522 10:47
006958581,,ANR Pipeline Company,C000623,513127  ,NORTH AVENUE            ,19000101,,A,RNG,R,ML-7,BROWN,WI,Y,N,NLC ENERGY DENMARK LLC,038056507,,,,,WI 7  AC,Zone 7,,T,,N,Northern,20251020 11:00
006958581,,ANR Pipeline Company,C000623,513128  ,BARNITZ CREEK           ,19000101,,A,WHD,R,SW-4,CUSTER,OK,Y,N,VALIDUS MIDSTREAM LLC,990000012,,,,,SW 3  D,Zone 4,,T,,N,,20260724 12:36
006958581,,ANR Pipeline Company,C000623,513129  ,NEWTON ROAD RNG         ,19000101,,A,RNG,R,ML-7,MANITOWOC,WI,Y,N,"CALUMET RENEWABLE ENERGY, LLC",990000013,,,,,WI 7  M,Zone 7,,T,,N,Northern,20251020 11:01
006958581,,ANR Pipeline Company,C000623,513130  ,DANE COUNTY LANDFILL    ,19000101,,A,RNG,R,ML-7,DANE,WI,Y,N,DANE COUNTY,990000014,,,,,WI 7  V,Zone 7,,T,,N,Northern,20250929 22:29
006958581,,ANR Pipeline Company,C000623,513131  ,TOWN HALL DR            ,19000101,,A,RNG,R,ML-7,DANE,WI,Y,N,"Dane Renewable Energy, LLC",117248095,,,,,WI 7  V,Zone 7,,T,,N,Northern,20250929 22:29
006958581,,ANR Pipeline Company,C000623,513133  ,SANDYVIEW               ,19000101,,A,RNG,B,ML-7,ALLEGAN,MI,Y,N,"BROOK AND SCENIC, LLC",990000047,,,,,MI 7  M,Zone 7,,T,,N,Northern,20250929 22:29
006958581,,ANR Pipeline Company,C000623,513134  ,ZAHNS FARM REC          ,19000101,,A,RNG,R,ML-7,OCONTO,WI,Y,N,WI RNG HUB NORTH LLC,990000048,,,,,WI 7  K,Zone 7,,T,,N,Northern,20251020 11:02
006958581,,ANR Pipeline Company,C000623,513135  ,HICKORY MEADOWS RECEIPT ,19000101,,A,RNG,R,ML-7,CALUMET,WI,Y,N,GREEN MEADOWS RNG LLC,990000052,,,,,WI 7  I,Zone 7,,T,,N,Northern,20251020 11:03
006958581,,ANR Pipeline Company,C000623,513137  ,MENTZER RD              ,19000101,,A,RNG,R,ML-3,VAN WERT,OH,Y,N,"EMERALD STRATEGIC PROPERTIES, LLC",990000072,,,,,ME 3  E,Zone 3,,T,,N,,20251020 11:04
006958581,,ANR Pipeline Company,C000623,513142  ,DUGAS RD REC            ,19000101,,A,INT,B,SE-1,JEFFERSON DAVIS,LA,Y,N,TC Louisiana Intrastate Pipeline LLC,119380552,,,,,SE 1  B,Zone 1,,T,,N,,20260209 08:49
006958581,,ANR Pipeline Company,C000623,513201  ,DAVIESS COUNTY RNG      ,19000101,,A,RNG,R,ML-3,DAVIESS,KY,Y,N,"OWENSBORO RNG, LLC",990000067,,,,,ME 3  A,Zone 3,,T,,N,,20260701 14:47
006958581,,ANR Pipeline Company,C000623,513302  ,SILK ROAD               ,19000101,,A,RNG,R,ML-7,MARATHON,WI,Y,N,"VIRIDI MARATHON, LLC",990000069,,,,,WI 7  P,Zone 7,,T,,N,Northern,20260526 13:50
006958581,,ANR Pipeline Company,C000623,5227    ,ALTA VISTA/CITY OF AV   ,19000101,,A,LDC,B,ML-5,GEARY,KS,Y,N,"KANSAS GAS SERVICE COMPANY, A DIVISION OF ONE GAS, INC.",504804202,,,,,MW 5  B,Zone 5,,T,,N,,20251023 06:46
006958581,,ANR Pipeline Company,C000623,523086  ,FALLEN TIMBERS          ,19000101,,A,INT,B,ML-7,LUCAS,OH,Y,N,GENERATION PIPELINE LLC,504804277,,,,,MI 7  B,Zone 7,,T,,N,Northern,20260727 11:04
006958581,,ANR Pipeline Company,C000623,523087  ,NORTH OAKVILLE          ,,20250922,I,LDC,D,ML-3,DELAWARE,IN,Y,N,"Vectren Energy Delivery of Ohio, Inc.",004866344,,,,,ME 3  C,Zone 3,,T,,N,,20250922 14:32
006958581,,ANR Pipeline Company,C000623,523090  ,YOUNGS ROAD DELIVERY    ,19000101,,A,INT,D,ML-7,WILL,IL,Y,Y,Northern Border Pipeline Company,021632583,,C000626,YOUNRD,Youngs Road,MI 7  V,Zone 7,,T,,N,Joliet,20260123 13:16
006958581,,ANR Pipeline Company,C000623,523091  ,ACADIA 2 INT DEL        ,19000101,,A,INT,D,SE-1,ACADIA,LA,Y,Y,Kinder Morgan Louisiana Pipeline LLC,809611911,,C000231,,,SE 2  B,Zone 1,,T,,N,,20251023 11:16
006958581,,ANR Pipeline Company,C000623,523092  ,FOURNERAT ROAD DELIVERY ,19000101,,A,INT,D,SE-1,ACADIA,LA,Y,Y,"Florida Gas Transmission Company, LLC",006924518,,C000255,100733,,SE 2  B,Zone 1,,T,,N,,20251023 11:18
006958581,,ANR Pipeline Company,C000623,523093  ,RABBIT RIVER            ,,20250922,I,LDC,D,ML-7,ALLEGAN,MI,Y,N,"Semco Energy, Inc., DBA Semco Energy Gas Company",006960553,,,,,MI 7  L,Zone 7,,T,,N,Northern,20250922 15:46
006958581,,ANR Pipeline Company,C000623,523094  ,MERMENTAU RIVER GCX     ,19000101,,A,INT,B,SE-1,CAMERON,LA,Y,N,"TRANSCAMERON PIPELINE, LLC",117434948,,,,,SE 1  F,Zone 1,,T,,N,,20251023 11:20
006958581,,ANR Pipeline Company,C000623,523095  ,ARCHER PLACE DELIVERY   ,19000101,,A,RNG,D,ML-6,MERCER,MO,Y,N,"ROESLEIN ALTERNATIVE ENERGY OF MISSOURI, LLC",127281419,,,,,MW 6  D,Zone 6,,T,,N,,20250929 22:29
006958581,,ANR Pipeline Company,C000623,523096  ,BROOKS DRIVE            ,,20250922,I,LDC,D,ML-7,DANE,WI,Y,N,Wisconsin Gas LLC,007947047,,,,,WI 7  U,Zone 7,,T,,N,Northern,20250922 15:48
006958581,,ANR Pipeline Company,C000623,523097  ,JACKSON GEN             ,19000101,,A,EGN,D,ML-7,WILL,IL,Y,N,"Jackson Generation, LLC",116817097,,,,,MI 7  V,Zone 7,,T,,N,Joliet,20251023 11:21
006958581,,ANR Pipeline Company,C000623,523098  ,NILES PLANT             ,19000101,,A,EGN,B,ML-7,CASS,MI,Y,N,"INDECK NILES, LLC",131203945,,,,,MI 7  H,Zone 7,,T,,N,Northern,20251023 11:22
006958581,,ANR Pipeline Company,C000623,523099  ,WHEELER                 ,19000101,,A,LDC,B,ML-7,PORTER,IN,Y,N,Northern Indiana Public Service Company LLC,006937585,,,,,MI 7  G,Zone 7,,T,,N,Northern,20251023 11:22
006958581,,ANR Pipeline Company,C000623,523101  ,DESOTO                  ,19000101,,A,LDC,B,ML-2,DE SOTO,MS,Y,Y,Atmos Energy Corporation,108203241,,C003008,,,ME 2  C,Zone 2,,T,,N,,20260128 12:49
006958581,,ANR Pipeline Company,C000623,523104  ,WHITETAIL BUYBACK       ,19000101,,A,RNG,D,ML-6,PUTNAM,MO,Y,N,"ROESLEIN ALTERNATIVE ENERGY OF MISSOURI, LLC",127281419,,,,,MW 6  H,Zone 6,,T,,N,,20250929 22:29
006958581,,ANR Pipeline Company,C000623,523105  ,PRINCETON II            ,19000101,,A,LDC,B,ML-6,MERCER,MO,Y,N,"CITY OF PRINCETON, MISSOURI",053645222,,,,,MW 6  D,Zone 6,,T,,N,,20250929 22:29
006958581,,ANR Pipeline Company,C000623,523106  ,MITCHELL CEMENT         ,19000101,,A,IND,D,ML-3,LAWRENCE,IN,Y,N,Heidelberg Materials US Cement LLC,001316355,,,,,ME 3  A,Zone 3,,T,,N,,20260304 09:35
006958581,,ANR Pipeline Company,C000623,523110  ,HICKORY MEADOWS DELIVERY,19000101,,A,RNG,D,ML-7,CALUMET,WI,Y,N,GREEN MEADOWS RNG LLC,990000052,,,,,WI 7  I,Zone 7,,T,,N,Northern,20250929 22:29
006958581,,ANR Pipeline Company,C000623,523111  ,ZAHNS FARM DEL          ,19000101,,A,RNG,D,ML-7,OCONTO,WI,Y,N,WI RNG HUB NORTH LLC,990000048,,,,,WI 7  K,Zone 7,,T,,N,Northern,20251023 12:50
006958581,,ANR Pipeline Company,C000623,523211  ,DAVIESS COUNTY RNG BUYBA,19000101,,A,RNG,D,ML-3,DAVIESS,KY,Y,N,"OWENSBORO RNG, LLC",990000067,,,,,ME 3  A,Zone 3,,T,,N,,20260507 15:59
006958581,,ANR Pipeline Company,C000623,523302  ,SILK ROAD BUYBACK       ,19000101,,A,RNG,D,ML-7,MARATHON,WI,Y,N,"VIRIDI MARATHON, LLC",990000069,,,,,WI 7  P,Zone 7,,T,,N,Northern,20260526 13:50
006958581,,ANR Pipeline Company,C000623,542526  ,BLUE LAKE - INJECTION   ,19000101,,A,STR,D,ML-7,OTSEGO,MI,Y,Y,Blue Lake Gas Storage Company,830186383,,C000625,,,MI 7  T,Zone 7,,T,,N,Northern,20260430 08:46
006958581,,ANR Pipeline Company,C000623,542527  ,BLUE LAKE - WITHDRAWAL  ,19000101,,A,STR,R,ML-7,OTSEGO,MI,Y,Y,Blue Lake Gas Storage Company,830186383,,C000625,,,MI 7  T,Zone 7,,T,,N,Northern,20260421 11:16
006958581,,ANR Pipeline Company,C000623,5588    ,WETMORE                 ,19000101,,A,LDC,B,ML-5,NEMAHA,KS,Y,N,"CITY OF WETMORE, KANSAS",047094339,,,,,MW 5  B,Zone 5,,T,,N,,20251023 06:47
006958581,,ANR Pipeline Company,C000623,5658    ,HAVENSVILLE             ,19000101,,A,LDC,B,ML-5,POTTAWATOMIE,KS,Y,N,"CITY OF HAVENSVILLE, KANSAS",043430131,,,,,MW 5  B,Zone 5,,T,,N,,20251023 06:47
006958581,,ANR Pipeline Company,C000623,5751    ,ALDEN/WILLIAMS NAT GAS  ,19000101,,A,INT,R,ML-5,RICE,KS,Y,N,"Southern Star Central Gas Pipeline, Inc.",007906233,,,,,MW 5  A,Zone 5,,T,,N,,20251021 12:32
006958581,,ANR Pipeline Company,C000623,6470    ,SLAUGHTERS/TGT (DEL)    ,19000101,,A,INT,D,ML-3,WEBSTER,KY,Y,Y,"Texas Gas Transmission, LLC",115972101,,C000592,,,ME 3  A,Zone 3,,T,,N,,20251023 06:48
006958581,,ANR Pipeline Company,C000623,696537  ,HUDSONVILLE             ,,20250922,I,LDC,D,ML-7,OTTAWA,MI,Y,Y,DTE Gas Company,006958540,,C000428,,,MI 7  P,Zone 7,,T,,N,Northern,20250922 15:50
006958581,,ANR Pipeline Company,C000623,696539  ,REX WEST INT            ,19000101,,A,INT,R,ML-5,BROWN,KS,Y,Y,Rockies Express Pipeline LLC,784256161,,C000594,,,MW 5  B,Zone 5,,T,,N,,20260713 15:44
006958581,,ANR Pipeline Company,C000623,697645  ,CATON FARM ROAD         ,19000101,,A,LDC,D,ML-7,KENDALL,IL,Y,Y,Northern Illinois Gas Company d/b/a Nicor Gas Company,006927792,,C000600,,,MI 7  F,Zone 7,,T,,N,Joliet,20251023 11:24
006958581,,ANR Pipeline Company,C000623,702777  ,RICHLAND SOUTH INT      ,19000101,,A,INT,B,ML-2,RICHLAND,LA,Y,N,"Gulf Run Transmission, LLC",118760527,,,,,ME 2  A,Zone 2,,T,,N,,20260304 10:24
006958581,,ANR Pipeline Company,C000623,703495  ,ILLINOIS NORTH          ,19000101,,A,INT,B,ML-7,WILL,IL,Y,N,Kinder Morgan Illinois Pipeline LLC,796506058,,,,,MI 7  V,Zone 7,,T,,N,Joliet,20251023 11:25
006958581,,ANR Pipeline Company,C000623,703496  ,CUSTER BAKER            ,19000101,,A,WHD,R,SW-4,CUSTER,OK,Y,N,"MARKWEST OKLAHOMA GAS COMPANY, L.L.C.",143268097,,,,,SW 1  E,Zone 4,,T,,N,,20260205 17:25
006958581,,ANR Pipeline Company,C000623,736566  ,ROBERTS CO NO 1 DEL.    ,19000101,,A,INT,D,SW-4,ROBERTS,TX,Y,N,"TRANSWESTERN PIPELINE COMPANY, LLC",007933047,,,,,SW 1  B,Zone 4,,T,,N,,20251023 11:26
006958581,,ANR Pipeline Company,C000623,737783  ,RED BULL                ,19000101,,A,INT,B,SW-4,WHEELER,TX,Y,Y,"El Paso Natural Gas Company, L.L.C.",008001703,,C000967,,,SW 1  C,Zone 4,,T,,N,,20251023 11:56
006958581,,ANR Pipeline Company,C000623,738789  ,RED RIVER DELIVERY      ,19000101,,A,INT,D,SW-4,WHEELER,TX,Y,N,"ONEOK WESTEX TRANSMISSION, L.L.C.",611855602,,,,,SW 1  C,Zone 4,,T,,N,,20251023 12:03
006958581,,ANR Pipeline Company,C000623,742252  ,REX SHELBYVILLE         ,19000101,,A,INT,B,ML-3,SHELBY,IN,Y,Y,Rockies Express Pipeline LLC,784256161,,C000594,,,ME 3  A,Zone 3,,T,,N,,20260708 13:58
006958581,,ANR Pipeline Company,C000623,742882  ,BOBCAT STORAGE (REC)    ,19000101,,A,STR,R,SE-1,ST LANDRY,LA,Y,N,"PORT BARRE INVESTMENTS, LLC D/B/A BOBCAT GAS STORAGE",614834559,,,,,SE 2  B,Zone 1,,T,,N,,20260903 19:35
006958581,,ANR Pipeline Company,C000623,742883  ,BOBCAT STORAGE (DEL)    ,19000101,,A,STR,D,SE-1,ST LANDRY,LA,Y,N,"PORT BARRE INVESTMENTS, LLC D/B/A BOBCAT GAS STORAGE",614834559,,,,,SE 2  B,Zone 1,,T,,N,,20251023 12:05
006958581,,ANR Pipeline Company,C000623,755893  ,PAL MONE               ,,20250919,I,VIR,B,ML-3,VAN WERT,OH,N,N,,,,,,,ME 3  E,Zone 3,,T,,N,,20250919 12:30
006958581,,ANR Pipeline Company,C000623,766131  ,HARPER VALLEY INT       ,19000101,,A,INT,R,SW-4,HARPER,OK,Y,N,"FREEDOM MIDSTREAM SERVICES, LLC",827401816,,,,,SW 3  A,Zone 4,,T,,N,,20251020 11:15
006958581,,ANR Pipeline Company,C000623,766182  ,PAL BROWNSVILLE        ,,20250919,I,VIR,B,ML-2,HAYWOOD,TN,N,N,,,,,,,ME 2  C,Zone 2,,T,,N,,20250919 12:34
006958581,,ANR Pipeline Company,C000623,766183  ,PAL WEAKLEY            ,,20250919,I,VIR,B,ML-2,WEAKLEY,TN,N,N,,,,,,,ME 2  C,Zone 2,,T,,N,,20250919 12:36
006958581,,ANR Pipeline Company,C000623,766184  ,PINE PRAIRIE SOUTH REC  ,19000101,,A,STR,R,SE-1,ACADIA,LA,Y,Y,"Pine Prairie Energy Center, LLC",187408526,,C001058,,,SE 1  H,Zone 1,,T,,N,,20251027 10:46
006958581,,ANR Pipeline Company,C000623,766185  ,PINE PRAIRIE SOUTH DEL  ,19000101,,A,STR,D,SE-1,ACADIA,LA,Y,Y,"Pine Prairie Energy Center, LLC",187408526,,C001058,,,SE 1  H,Zone 1,,T,,N,,20260810 14:08
006958581,,ANR Pipeline Company,C000623,766312  ,PAL HOLLAND BPW        ,,20250919,I,VIR,B,ML-7,ALLEGAN,MI,N,N,,,,,,,MI 7  L,Zone 7,,T,,N,Northern,20250919 12:59
006958581,,ANR Pipeline Company,C000623,766313  ,PAL NAPOLEON           ,,20250919,I,VIR,B,ML-7,HENRY,OH,N,N,,,,,,,MI 7  B,Zone 7,,T,,N,Northern,20250919 13:00
006958581,,ANR Pipeline Company,C000623,766324  ,PAL SOUTH CRAIG        ,,20250919,I,VIR,B,ML-5,HOLT,MO,N,N,,,,,,,MW 5  C,Zone 5,,T,,N,,20250919 13:02
006958581,,ANR Pipeline Company,C000623,767091  ,ACADIA 2 INT REC        ,19000101,,A,INT,R,SE-1,ACADIA,LA,Y,Y,Kinder Morgan Louisiana Pipeline LLC,809611911,,C000231,,,SE 2  B,Zone 1,,T,,N,,20251020 11:17
006958581,,ANR Pipeline Company,C000623,769472  ,DES PLAINS              ,19000101,,A,INT,D,ML-7,WILL,IL,Y,Y,Northern Border Pipeline Company,021632583,,C000626,DESPLN,Des Plaines,MI 7  F,Zone 7,,T,,N,Joliet,20251023 12:08
006958581,,ANR Pipeline Company,C000623,7703    ,CHALKLEY/TENN           ,19000101,,A,INT,B,SE-1,CAMERON,LA,Y,Y,Tennessee Gas Pipeline Company,001939164,,C000020,,,SE 1  G,Zone 1,,T,,N,,20251023 06:49
006958581,,ANR Pipeline Company,C000623,781395  ,OLIVE BRANCH CITY OF    ,19000101,,A,LDC,D,ML-2,DE SOTO,MS,Y,N,"Nextera Energy Services Gas, LLC",838611739,,,,,ME 2  C,Zone 2,,T,,N,,20251023 12:09
006958581,,ANR Pipeline Company,C000623,803183  ,MIDCONTINENT EXPRESS    ,19000101,,A,INT,B,ML-2,RICHLAND,LA,Y,Y,Midcontinent Express Pipeline LLC,808150895,,C000235,,,ME 2  C,Zone 2,,T,,N,,20251020 11:18
006958581,,ANR Pipeline Company,C000623,803184  ,FAYETTEVILLE EXPRESS    ,19000101,,A,INT,B,ML-2,QUITMAN,MS,Y,N,FAYETTEVILLE GAS SYSTEM,075384115,,,,,ME 2  C,Zone 2,,T,,N,,20251020 11:18
006958581,,ANR Pipeline Company,C000623,854822  ,WISC POWER GRP 2        ,,20250919,I,LDC,B,ML-7,ADAMS,WI,Y,N,Wisconsin Power and Light Company,007946452,,,,,WI 7  J,Zone 7,,T,,N,Northern,20250919 13:14
006958581,,ANR Pipeline Company,C000623,8650    ,WEST LAKE ARTHUR        ,19000101,,A,WHD,R,SE-1,JEFFERSON,LA,N,N,,,,,,,SE 1  B,Zone 1,,T,,N,,20251021 12:33
006958581,,ANR Pipeline Company,C000623,866060  ,PAL BEDISON            ,,20250919,I,VIR,B,ML-6,NODAWAY,MO,Y,N,Associated Electric Cooperative Inc.,054077672,,,,,MW 6  A,Zone 6,,T,,N,,20250919 13:20
006958581,,ANR Pipeline Company,C000623,866062  ,PAL WILLOW             ,,20250919,I,VIR,B,ML-7,WASHTENAW,MI,N,N,,,,,,,MI 7  A,Zone 7,,T,,N,Northern,20250919 13:22
006958581,,ANR Pipeline Company,C000623,866063  ,PAL WAUSEON            ,,20250919,I,VIR,B,ML-7,FULTON,OH,Y,Y,The East Ohio Gas Company,007900475,,C001002,,,MI 7  A,Zone 7,,T,,N,Northern,20250919 13:24
006958581,,ANR Pipeline Company,C000623,866067  ,PAL PANOLA             ,,20250919,I,VIR,B,ML-2,PANOLA,MS,Y,N,L S P ENERGY LIMITED PARTNERSHIP,099496890,,,,,ME 2  C,Zone 2,,T,,N,,20250919 13:26
006958581,,ANR Pipeline Company,C000623,866068  ,PAL MONEE              ,,20250919,I,VIR,B,ML-7,WILL,IL,N,N,,,,,,,MI 7  V,Zone 7,,T,,N,Joliet,20250919 13:27
006958581,,ANR Pipeline Company,C000623,866070  ,PAL TIGER,20260207,,A,VIR,B,ML-2,RICHLAND,LA,N,N,,,,,,,ME 2  A,Zone 2,,T,,N,,20260206 09:36
006958581,,ANR Pipeline Company,C000623,89222   ,GREEN STATION           ,19000101,,A,WHD,R,SW-4,ROGER MILLS,OK,Y,N,"MIDPOINT MIDSTREAM, LLC",990000058,,,,,SW 1  D,Zone 4,,T,,N,,20251020 08:12
006958581,,ANR Pipeline Company,C000623,90017   ,GREENSBURG/NNG (REC)    ,19000101,,A,INT,B,SW-4,KIOWA,KS,Y,Y,Northern Natural Gas Company,784158214,,C000060,,,SW 4  B,Zone 4,,T,,N,,20251030 09:08
006958581,,ANR Pipeline Company,C000623,918527  ,SPEARMAN                ,19000101,,A,WHD,R,SW-4,OCHILTREE,TX,Y,N,"ETC TEXAS PIPELINE, LTD.",148978856,,,,,SW 1  B,Zone 4,,T,,N,,20251020 11:19
006958581,,ANR Pipeline Company,C000623,924935  ,LIDDIEVILLE 42          ,19000101,,A,INT,R,ML-2,FRANKLIN,LA,Y,Y,Regency Intrastate Gas LP,133237508,,C000370,,,ME 2  A,Zone 2,,T,,N,,20251020 11:20
006958581,,ANR Pipeline Company,C000623,927982  ,TIGER INTERCONNECT      ,19000101,,A,INT,B,ML-2,RICHLAND,LA,Y,Y,"ETC Tiger Pipeline, LLC",829521983,,C001013,78542,,ME 2  A,Zone 2,,T,,N,,20251020 11:20
006958581,,ANR Pipeline Company,C000623,9505432 ,MUTT/CAPAC LOGICAL      ,19000101,,A,VIR,B,ML-7,ST CLAIR,MI,N,N,,,,,,,MI 7  T,Zone 7,,T,,N,Northern,20250915 22:50
006958581,,ANR Pipeline Company,C000623,9505448 ,MOORELAND NORTHBOUND    ,,20260520,I,VIR,B,SW-4,WOODWARD,OK,N,N,,,,,,,FPMORLNB,Zone 4,,T,,N,,20260520 13:04
006958581,,ANR Pipeline Company,C000623,9505451 ,PELICAN TO EUNICE TRANSF,19000101,,A,VIR,D,SE-1,ACADIA,LA,N,N,,,,,,,SE 2  A,Zone 1,,T,,N,,20250915 22:50
006958581,,ANR Pipeline Company,C000623,9505471 ,NICOR TOTAL             ,19000101,,A,VIR,B,ML-7,WILL,IL,N,N,,,,,,,MI 7  F,Zone 7,,T,,N,Joliet,20251023 12:39
006958581,,ANR Pipeline Company,C000623,9505485 ,MLS SANDWICH-BRIDGMAN,20250930,,A,VIR,B,ML-7,WILL,IL,N,N,,,,,,,MI 7  V,Zone 7,,T,,N,Northern,20260122 14:05
006958581,,ANR Pipeline Company,C000623,9505488 ,PAL COVERT             ,19000101,,A,VIR,B,ML-7,VAN BUREN,MI,Y,N,"NEW COVERT GENERATING COMPANY, LLC",169630725,,,,,MI 7  L,Zone 7,,T,,N,Northern,20250930 19:23
006958581,,ANR Pipeline Company,C000623,9505497 ,FARWELL  ADMIN          ,,20250929,I,VIR,B,ML-7,CLARE,MI,N,N,,,,,,,MI 7  E,Zone 7,,T,,N,Northern,20250929 08:26
006958581,,ANR Pipeline Company,C000623,9505502 ,DEFIANCE NORTH          ,19000101,,A,VIR,B,ML-7,DEFIANCE,OH,N,N,,,,,,,MI 7  A,Zone 7,,T,,N,Northern,20260120 15:25
006958581,,ANR Pipeline Company,C000623,9505506 ,DETROIT A & B (DELIVERY),20251009,,A,VIR,B,ML-7,MECOSTA,MI,N,N,,,,,,,MI 7  R,Zone 7,,T,,N,Northern,20251118 11:06
006958581,,ANR Pipeline Company,C000623,956594  ,STADT ROAD INTERCONNECT ,19000101,,A,EGN,D,ML-7,WOOD,WI,Y,N,MARSHFIELD ELECTRIC & WATER DEPT. DBA MARS,074778119,,,,,WI 7  Q,Zone 7,,T,,N,Northern,20251023 12:10
006958581,,ANR Pipeline Company,C000623,9757    ,CENTERPOINT/DELHI       ,19000101,,A,INT,R,ML-2,RICHLAND,LA,Y,Y,"Enable Gas Transmission, LLC",872670161,,C000544,,,ME 2  C,Zone 2,,T,,N,,20260729 08:12
006958581,,ANR Pipeline Company,C000623,ADM     ,Admin Point,19000101,,A,VIR,B,ML-7,BERRIEN,MI,N,N,,,,,,,MI 7  L,Zone 7,,T,,N,Northern,20250915 22:50
006958581,,ANR Pipeline Company,C000623,INV     ,Inventory Admin Point,19000101,,A,VIR,B,ML-7,BERRIEN,MI,N,N,,,,,,,MI 7  L,Zone 7,,T,,N,Northern,20260903 08:56
006958581,,ANR Pipeline Company,C000623,OBA     ,OPERATIONAL BALANCING,19000101,,A,VIR,B,ML-7,BERRIEN,MI,N,N,,,,,,,MI 7  L,Zone 7,,T,,N,Northern,20250922 15:50
