TSPName,LocationFilter,EffGasDay,Cycle,TSP,TSPProp,LocationNameFilter,EffTime,SchedStatus,MeasurementBasis,PostingDate,AllQtyAvail,ReportHeader,LocationName,Location,LocPurpDesc,DesignCapacity,OperatingCapacity,TotalSchedQty,NonFirmScheduledQuantity,OperationallyAvailableCapacity,FlowInd,ITIndicator,LocQTI,Direction,PostingMethodology,GrossOrNet,ReportFooter
ANR Pipeline Company,ALL,9/28/2026,TIM,006958581        ,3005,ALL,9:00 AM,Final,BZ,9/27/2026 5:03 PM,Y,,OPELOUSAS,10111   ,Receipt Location,0,0,0,,48404,BD,N,RPQ,,Total,NET,
ANR Pipeline Company,ALL,9/28/2026,TIM,006958581        ,3005,ALL,9:00 AM,Final,BZ,9/27/2026 5:03 PM,Y,,OPELOUSAS,10111   ,Delivery Location,50400,68639,48404,,20235,BD,,DPQ,,Total,NET,
ANR Pipeline Company,ALL,9/28/2026,TIM,006958581        ,3005,ALL,9:00 AM,Final,BZ,9/27/2026 5:03 PM,Y,,SHADYSIDE/SONAT (DEL),10369   ,Delivery Location,545400,208000,192743,,15257,D,,DPQ,,Total,GROSS,
ANR Pipeline Company,ALL,9/28/2026,TIM,006958581        ,3005,ALL,9:00 AM,Final,BZ,9/27/2026 5:03 PM,Y,,MAUMEE SOUTH/EAST OHIO  ,104776  ,Receipt Location,0,0,0,,0,BD,N,RPQ,,Total,NET,
ANR Pipeline Company,ALL,9/28/2026,TIM,006958581        ,3005,ALL,9:00 AM,Final,BZ,9/27/2026 5:03 PM,Y,,MAUMEE SOUTH/EAST OHIO  ,104776  ,Delivery Location,63200,62000,0,,62000,BD,,DPQ,,Total,NET,
ANR Pipeline Company,ALL,9/28/2026,TIM,006958581        ,3005,ALL,9:00 AM,Final,BZ,9/27/2026 5:03 PM,Y,,DUNN INTERCONNECT       ,1055519 ,Delivery Location,17500,11132,495,,10637,D,,DPQ,,Total,GROSS,
ANR Pipeline Company,ALL,9/28/2026,TIM,006958581        ,3005,ALL,9:00 AM,Final,BZ,9/27/2026 5:03 PM,Y,,MAUMEE NORTH/EAST OHIO  ,108641  ,Receipt Location,0,0,0,,4790,BD,N,RPQ,,Total,NET,
ANR Pipeline Company,ALL,9/28/2026,TIM,006958581        ,3005,ALL,9:00 AM,Final,BZ,9/27/2026 5:03 PM,Y,,MAUMEE NORTH/EAST OHIO  ,108641  ,Delivery Location,195800,210160,4790,,205370,BD,,DPQ,,Total,NET,
ANR Pipeline Company,ALL,9/28/2026,TIM,006958581        ,3005,ALL,9:00 AM,Final,BZ,9/27/2026 5:03 PM,Y,,LEBANON/RED LION        ,108796  ,Receipt Location,0,0,0,,15,BD,N,RPQ,,Total,NET,
ANR Pipeline Company,ALL,9/28/2026,TIM,006958581        ,3005,ALL,9:00 AM,Final,BZ,9/27/2026 5:03 PM,Y,,LEBANON/RED LION        ,108796  ,Delivery Location,83000,89059,15,,89044,BD,,DPQ,,Total,NET,
ANR Pipeline Company,ALL,9/28/2026,TIM,006958581        ,3005,ALL,9:00 AM,Final,BZ,9/27/2026 5:03 PM,Y,,MONCLOVA                ,110850  ,Receipt Location,0,0,0,,0,BD,N,RPQ,,Total,NET,
ANR Pipeline Company,ALL,9/28/2026,TIM,006958581        ,3005,ALL,9:00 AM,Final,BZ,9/27/2026 5:03 PM,Y,,MONCLOVA                ,110850  ,Delivery Location,167600,157950,0,,157950,BD,,DPQ,,Total,NET,
ANR Pipeline Company,ALL,9/28/2026,TIM,006958581        ,3005,ALL,9:00 AM,Final,BZ,9/27/2026 5:03 PM,Y,,OVERISEL INT NO 1       ,11566   ,Receipt Location,0,0,0,,99186,BD,N,RPQ,,Total,NET,
ANR Pipeline Company,ALL,9/28/2026,TIM,006958581        ,3005,ALL,9:00 AM,Final,BZ,9/27/2026 5:03 PM,Y,,OVERISEL INT NO 1       ,11566   ,Delivery Location,234900,239400,99186,,140214,BD,,DPQ,,Total,NET,
ANR Pipeline Company,ALL,9/28/2026,TIM,006958581        ,3005,ALL,9:00 AM,Final,BZ,9/27/2026 5:03 PM,Y,,FARWELL (DELIVERY)      ,11616   ,Delivery Location,1313200,1044480,487320,,557160,D,,DPQ,,Total,GROSS,
ANR Pipeline Company,ALL,9/28/2026,TIM,006958581        ,3005,ALL,9:00 AM,Final,BZ,9/27/2026 5:03 PM,Y,,CRYSTAL FALLS-FORTUNE LK,11661   ,Receipt Location,0,100000,0,,100000,BD,,DPQ,,Total,GROSS,
ANR Pipeline Company,ALL,9/28/2026,TIM,006958581        ,3005,ALL,9:00 AM,Final,BZ,9/27/2026 5:03 PM,Y,,CRYSTAL FALLS-FORTUNE LK,11661   ,Receipt Location,890000,909000,209798,,699202,BD,,RPQ,,Total,GROSS,
ANR Pipeline Company,ALL,9/28/2026,TIM,006958581        ,3005,ALL,9:00 AM,Final,BZ,9/27/2026 5:03 PM,Y,,TROY PLANT - MAUMEE     ,1181282 ,Receipt Location,0,0,0,,0,BD,N,RPQ,,Total,NET,
ANR Pipeline Company,ALL,9/28/2026,TIM,006958581        ,3005,ALL,9:00 AM,Final,BZ,9/27/2026 5:03 PM,Y,,TROY PLANT - MAUMEE     ,1181282 ,Delivery Location,143000,201160,0,,201160,BD,,DPQ,,Total,NET,
ANR Pipeline Company,ALL,9/28/2026,TIM,006958581        ,3005,ALL,9:00 AM,Final,BZ,9/27/2026 5:03 PM,Y,,S. WOODSTOCK/NGPL (REC) ,120740  ,Receipt Location,75000,120000,0,,120000,R,,RPQ,,Total,GROSS,
ANR Pipeline Company,ALL,9/28/2026,TIM,006958581        ,3005,ALL,9:00 AM,Final,BZ,9/27/2026 5:03 PM,Y,,HAYNESVILLE             ,1213536 ,Receipt Location,500000,516000,0,,516000,R,,RPQ,,Total,GROSS,
ANR Pipeline Company,ALL,9/28/2026,TIM,006958581        ,3005,ALL,9:00 AM,Final,BZ,9/27/2026 5:03 PM,Y,,GRAND CHENIER/ANR       ,1250765 ,Receipt Location,825000,0,0,,0,BD,N,RPQ,,Total,NET,
ANR Pipeline Company,ALL,9/28/2026,TIM,006958581        ,3005,ALL,9:00 AM,Final,BZ,9/27/2026 5:03 PM,Y,,GRAND CHENIER/ANR       ,1250765 ,Delivery Location,0,0,0,,0,BD,N,DPQ,,Total,NET,
ANR Pipeline Company,ALL,9/28/2026,TIM,006958581        ,3005,ALL,9:00 AM,Final,BZ,9/27/2026 5:03 PM,Y,,FORT ELLIOTT RECEIPT    ,1261065 ,Receipt Location,180000,281000,108422,,172578,BD,,RPQ,,Total,NET,
ANR Pipeline Company,ALL,9/28/2026,TIM,006958581        ,3005,ALL,9:00 AM,Final,BZ,9/27/2026 5:03 PM,Y,,FORT ELLIOTT RECEIPT    ,1261065 ,Delivery Location,0,0,0,,108422,BD,N,DPQ,,Total,NET,
ANR Pipeline Company,ALL,9/28/2026,TIM,006958581        ,3005,ALL,9:00 AM,Final,BZ,9/27/2026 5:03 PM,Y,,PROUGH ROAD             ,1292925 ,Delivery Location,12000,12349,0,,12349,D,,DPQ,,Total,GROSS,
ANR Pipeline Company,ALL,9/28/2026,TIM,006958581        ,3005,ALL,9:00 AM,Final,BZ,9/27/2026 5:03 PM,Y,,MLS BRIDGMAN-SANDWICH,1293229 ,Receipt Location,0,0,0,,0,R,N,RPQ,,Total,GROSS,
ANR Pipeline Company,ALL,9/28/2026,TIM,006958581        ,3005,ALL,9:00 AM,Final,BZ,9/27/2026 5:03 PM,Y,,STANBERRY               ,12976   ,Receipt Location,0,0,0,,109,BD,N,RPQ,,Total,NET,
ANR Pipeline Company,ALL,9/28/2026,TIM,006958581        ,3005,ALL,9:00 AM,Final,BZ,9/27/2026 5:03 PM,Y,,STANBERRY               ,12976   ,Delivery Location,14440,15178,109,,15069,BD,,DPQ,,Total,NET,
ANR Pipeline Company,ALL,9/28/2026,TIM,006958581        ,3005,ALL,9:00 AM,Final,BZ,9/27/2026 5:03 PM,Y,,ALBANY                  ,12977   ,Receipt Location,0,0,0,,268,BD,N,RPQ,,Total,NET,
ANR Pipeline Company,ALL,9/28/2026,TIM,006958581        ,3005,ALL,9:00 AM,Final,BZ,9/27/2026 5:03 PM,Y,,ALBANY                  ,12977   ,Delivery Location,4300,4333,268,,4065,BD,,DPQ,,Total,NET,
ANR Pipeline Company,ALL,9/28/2026,TIM,006958581        ,3005,ALL,9:00 AM,Final,BZ,9/27/2026 5:03 PM,Y,,BETHANY                 ,12991   ,Receipt Location,0,0,0,,219,BD,N,RPQ,,Total,NET,
ANR Pipeline Company,ALL,9/28/2026,TIM,006958581        ,3005,ALL,9:00 AM,Final,BZ,9/27/2026 5:03 PM,Y,,BETHANY                 ,12991   ,Delivery Location,9400,9550,219,,9331,BD,,DPQ,,Total,NET,
ANR Pipeline Company,ALL,9/28/2026,TIM,006958581        ,3005,ALL,9:00 AM,Final,BZ,9/27/2026 5:03 PM,Y,,GRANT CITY              ,13215   ,Receipt Location,0,0,0,,19,BD,N,RPQ,,Total,NET,
ANR Pipeline Company,ALL,9/28/2026,TIM,006958581        ,3005,ALL,9:00 AM,Final,BZ,9/27/2026 5:03 PM,Y,,GRANT CITY              ,13215   ,Delivery Location,3400,3557,19,,3538,BD,,DPQ,,Total,NET,
ANR Pipeline Company,ALL,9/28/2026,TIM,006958581        ,3005,ALL,9:00 AM,Final,BZ,9/27/2026 5:03 PM,Y,,CHRISNEY/MGT (RECEIPT)  ,138660  ,Receipt Location,95600,163633,0,,163633,R,,RPQ,,Total,GROSS,
ANR Pipeline Company,ALL,9/28/2026,TIM,006958581        ,3005,ALL,9:00 AM,Final,BZ,9/27/2026 5:03 PM,Y,,SHOREWOOD INTERCONNECT  ,138675  ,Receipt Location,0,0,0,,3026,BD,N,RPQ,,Total,NET,
ANR Pipeline Company,ALL,9/28/2026,TIM,006958581        ,3005,ALL,9:00 AM,Final,BZ,9/27/2026 5:03 PM,Y,,SHOREWOOD INTERCONNECT  ,138675  ,Delivery Location,550000,559098,3026,,556072,BD,,DPQ,,Total,NET,
ANR Pipeline Company,ALL,9/28/2026,TIM,006958581        ,3005,ALL,9:00 AM,Final,BZ,9/27/2026 5:03 PM,Y,,CROWN POINT/NIPSCO      ,138744  ,Receipt Location,0,0,0,,155914,BD,N,RPQ,,Total,NET,
ANR Pipeline Company,ALL,9/28/2026,TIM,006958581        ,3005,ALL,9:00 AM,Final,BZ,9/27/2026 5:03 PM,Y,,CROWN POINT/NIPSCO      ,138744  ,Delivery Location,328179,354036,155914,,198122,BD,,DPQ,,Total,NET,
ANR Pipeline Company,ALL,9/28/2026,TIM,006958581        ,3005,ALL,9:00 AM,Final,BZ,9/27/2026 5:03 PM,Y,,SOUTH CHRISNEY (SIGECO) ,138747  ,Delivery Location,88700,86038,24425,,61613,D,,DPQ,,Total,GROSS,
ANR Pipeline Company,ALL,9/28/2026,TIM,006958581        ,3005,ALL,9:00 AM,Final,BZ,9/27/2026 5:03 PM,Y,,TEPETATE                ,1387567 ,Delivery Location,29456,29428,2065,,27363,D,,DPQ,,Total,GROSS,
ANR Pipeline Company,ALL,9/28/2026,TIM,006958581        ,3005,ALL,9:00 AM,Final,BZ,9/27/2026 5:03 PM,Y,,LEBANON/DOMINION RECEIPT,1387755 ,Receipt Location,350000,373799,232397,,141402,R,,RPQ,,Total,GROSS,
ANR Pipeline Company,ALL,9/28/2026,TIM,006958581        ,3005,ALL,9:00 AM,Final,BZ,9/27/2026 5:03 PM,Y,,LEBANON/GLEN KARN REC   ,1389630 ,Receipt Location,650000,694200,63343,,630857,R,,RPQ,,Total,GROSS,
ANR Pipeline Company,ALL,9/28/2026,TIM,006958581        ,3005,ALL,9:00 AM,Final,BZ,9/27/2026 5:03 PM,Y,,BARRACUDA/ANR           ,1390725 ,Receipt Location,27000,27000,0,,27000,R,,RPQ,,Total,GROSS,
ANR Pipeline Company,ALL,9/28/2026,TIM,006958581        ,3005,ALL,9:00 AM,Final,BZ,9/27/2026 5:03 PM,Y,,WILLOW RUN (RECEIPT)    ,139396  ,Receipt Location,666300,535500,0,,535500,R,,RPQ,,Total,GROSS,
ANR Pipeline Company,ALL,9/28/2026,TIM,006958581        ,3005,ALL,9:00 AM,Final,BZ,9/27/2026 5:03 PM,Y,,FOND DU LAC CENTRAL     ,139402  ,Receipt Location,0,0,0,,3000,BD,N,RPQ,,Total,NET,
ANR Pipeline Company,ALL,9/28/2026,TIM,006958581        ,3005,ALL,9:00 AM,Final,BZ,9/27/2026 5:03 PM,Y,,FOND DU LAC CENTRAL     ,139402  ,Delivery Location,200400,208000,3000,,205000,BD,,DPQ,,Total,NET,
ANR Pipeline Company,ALL,9/28/2026,TIM,006958581        ,3005,ALL,9:00 AM,Final,BZ,9/27/2026 5:03 PM,Y,,BURKES RUN              ,1394871 ,Receipt Location,10000,10000,0,,96395,BD,,RPQ,,Total,NET,
ANR Pipeline Company,ALL,9/28/2026,TIM,006958581        ,3005,ALL,9:00 AM,Final,BZ,9/27/2026 5:03 PM,Y,,BURKES RUN              ,1394871 ,Delivery Location,124000,124000,86395,,37605,BD,,DPQ,,Total,NET,
ANR Pipeline Company,ALL,9/28/2026,TIM,006958581        ,3005,ALL,9:00 AM,Final,BZ,9/27/2026 5:03 PM,Y,,SEML N-S (PORTLAND),1395087 ,Receipt Location,0,0,0,,0,R,N,RPQ,,Total,GROSS,
ANR Pipeline Company,ALL,9/28/2026,TIM,006958581        ,3005,ALL,9:00 AM,Final,BZ,9/27/2026 5:03 PM,Y,,WAMEGO                  ,1395865 ,Delivery Location,52250,52250,2889,,49361,D,,DPQ,,Total,GROSS,
ANR Pipeline Company,ALL,9/28/2026,TIM,006958581        ,3005,ALL,9:00 AM,Final,BZ,9/27/2026 5:03 PM,Y,,MIKESELL                ,1401911 ,Delivery Location,160500,160500,0,,160500,D,,DPQ,,Total,GROSS,
ANR Pipeline Company,ALL,9/28/2026,TIM,006958581        ,3005,ALL,9:00 AM,Final,BZ,9/27/2026 5:03 PM,Y,,KEOKUK - ROQUETTE       ,1402365 ,Receipt Location,0,0,0,,18941,BD,N,RPQ,,Total,NET,
ANR Pipeline Company,ALL,9/28/2026,TIM,006958581        ,3005,ALL,9:00 AM,Final,BZ,9/27/2026 5:03 PM,Y,,KEOKUK - ROQUETTE       ,1402365 ,Delivery Location,599999,599999,18941,,581058,BD,,DPQ,,Total,NET,
ANR Pipeline Company,ALL,9/28/2026,TIM,006958581        ,3005,ALL,9:00 AM,Final,BZ,9/27/2026 5:03 PM,Y,,BRANDON ROAD DELIVERY   ,1402545 ,Delivery Location,440580,0,0,,0,BD,N,RPQ,,Total,GROSS,
ANR Pipeline Company,ALL,9/28/2026,TIM,006958581        ,3005,ALL,9:00 AM,Final,BZ,9/27/2026 5:03 PM,Y,,BRANDON ROAD DELIVERY   ,1402545 ,Delivery Location,440580,440580,0,,440580,BD,,DPQ,,Total,GROSS,
ANR Pipeline Company,ALL,9/28/2026,TIM,006958581        ,3005,ALL,9:00 AM,Final,BZ,9/27/2026 5:03 PM,Y,,GREAT LAKES/MUTTONVILLE ,140358  ,Receipt Location,300000,450000,151000,,299000,BD,,RPQ,,Total,NET,
ANR Pipeline Company,ALL,9/28/2026,TIM,006958581        ,3005,ALL,9:00 AM,Final,BZ,9/27/2026 5:03 PM,Y,,GREAT LAKES/MUTTONVILLE ,140358  ,Delivery Location,0,180000,0,,331000,BD,,DPQ,,Total,NET,
ANR Pipeline Company,ALL,9/28/2026,TIM,006958581        ,3005,ALL,9:00 AM,Final,BZ,9/27/2026 5:03 PM,Y,,MAUMEE EAST/COL GAS OHIO,140834  ,Receipt Location,0,0,0,,0,BD,N,RPQ,,Total,NET,
ANR Pipeline Company,ALL,9/28/2026,TIM,006958581        ,3005,ALL,9:00 AM,Final,BZ,9/27/2026 5:03 PM,Y,,MAUMEE EAST/COL GAS OHIO,140834  ,Delivery Location,117200,114000,0,,114000,BD,,DPQ,,Total,NET,
ANR Pipeline Company,ALL,9/28/2026,TIM,006958581        ,3005,ALL,9:00 AM,Final,BZ,9/27/2026 5:03 PM,Y,,ADRIAN/WESTSIDE PL CO   ,150409  ,Receipt Location,0,0,0,,2800,BD,N,RPQ,,Total,NET,
ANR Pipeline Company,ALL,9/28/2026,TIM,006958581        ,3005,ALL,9:00 AM,Final,BZ,9/27/2026 5:03 PM,Y,,ADRIAN/WESTSIDE PL CO   ,150409  ,Delivery Location,49700,49296,2800,,46496,BD,,DPQ,,Total,NET,
ANR Pipeline Company,ALL,9/28/2026,TIM,006958581        ,3005,ALL,9:00 AM,Final,BZ,9/27/2026 5:03 PM,Y,,KINGS BAYOU NO 2        ,150708  ,Receipt Location,60100,57041,0,,57041,R,,RPQ,,Total,GROSS,
ANR Pipeline Company,ALL,9/28/2026,TIM,006958581        ,3005,ALL,9:00 AM,Final,BZ,9/27/2026 5:03 PM,Y,,JASPER INT              ,153708  ,Delivery Location,26900,26668,590,,26078,D,,DPQ,,Total,GROSS,
ANR Pipeline Company,ALL,9/28/2026,TIM,006958581        ,3005,ALL,9:00 AM,Final,BZ,9/27/2026 5:03 PM,Y,,VENTURA/OFFSYSTEM NB    ,153713  ,Delivery Location,76035,76035,0,,76035,BD,,DPQ,,Total,GROSS,
ANR Pipeline Company,ALL,9/28/2026,TIM,006958581        ,3005,ALL,9:00 AM,Final,BZ,9/27/2026 5:03 PM,Y,,VENTURA/OFFSYSTEM NB    ,153713  ,Delivery Location,76035,76035,0,,76035,BD,,RPQ,,Total,GROSS,
ANR Pipeline Company,ALL,9/28/2026,TIM,006958581        ,3005,ALL,9:00 AM,Final,BZ,9/27/2026 5:03 PM,Y,,RABBIT RIDGE INT (DEL)  ,153751  ,Delivery Location,21100,24972,0,,24972,D,,DPQ,,Total,GROSS,
ANR Pipeline Company,ALL,9/28/2026,TIM,006958581        ,3005,ALL,9:00 AM,Final,BZ,9/27/2026 5:03 PM,Y,,RABBIT RIDGE INT (REC)  ,153753  ,Receipt Location,21100,21100,0,,21100,R,,RPQ,,Total,GROSS,
ANR Pipeline Company,ALL,9/28/2026,TIM,006958581        ,3005,ALL,9:00 AM,Final,BZ,9/27/2026 5:03 PM,Y,,OWENSBORO INT           ,153767  ,Delivery Location,18800,18373,5800,,12573,D,,DPQ,,Total,GROSS,
ANR Pipeline Company,ALL,9/28/2026,TIM,006958581        ,3005,ALL,9:00 AM,Final,BZ,9/27/2026 5:03 PM,Y,,LEBANON/CASTINE         ,153781  ,Receipt Location,0,0,0,,0,BD,N,RPQ,,Total,NET,
ANR Pipeline Company,ALL,9/28/2026,TIM,006958581        ,3005,ALL,9:00 AM,Final,BZ,9/27/2026 5:03 PM,Y,,LEBANON/CASTINE         ,153781  ,Delivery Location,50000,50000,0,,50000,BD,,DPQ,,Total,NET,
ANR Pipeline Company,ALL,9/28/2026,TIM,006958581        ,3005,ALL,9:00 AM,Final,BZ,9/27/2026 5:03 PM,Y,,KALKASKA (MICHCON)      ,153803  ,Receipt Location,617100,645487,143991,,501496,BD,,RPQ,,Total,NET,
ANR Pipeline Company,ALL,9/28/2026,TIM,006958581        ,3005,ALL,9:00 AM,Final,BZ,9/27/2026 5:03 PM,Y,,KALKASKA (MICHCON)      ,153803  ,Delivery Location,617100,645487,0,,789478,BD,,DPQ,,Total,NET,
ANR Pipeline Company,ALL,9/28/2026,TIM,006958581        ,3005,ALL,9:00 AM,Final,BZ,9/27/2026 5:03 PM,Y,,GREENWOOD               ,153822  ,Receipt Location,0,0,0,,0,BD,N,RPQ,,Total,NET,
ANR Pipeline Company,ALL,9/28/2026,TIM,006958581        ,3005,ALL,9:00 AM,Final,BZ,9/27/2026 5:03 PM,Y,,GREENWOOD               ,153822  ,Delivery Location,603600,627600,0,,627600,BD,,DPQ,,Total,NET,
ANR Pipeline Company,ALL,9/28/2026,TIM,006958581        ,3005,ALL,9:00 AM,Final,BZ,9/27/2026 5:03 PM,Y,,HANOVER INT (DEL)       ,153852  ,Delivery Location,55760,52387,19351,,33036,D,,DPQ,,Total,GROSS,
ANR Pipeline Company,ALL,9/28/2026,TIM,006958581        ,3005,ALL,9:00 AM,Final,BZ,9/27/2026 5:03 PM,Y,,HANOVER INT (REC)       ,153853  ,Receipt Location,83000,87662,0,,87662,R,,RPQ,,Total,GROSS,
ANR Pipeline Company,ALL,9/28/2026,TIM,006958581        ,3005,ALL,9:00 AM,Final,BZ,9/27/2026 5:03 PM,Y,,CENTERPOINT/CUSTER DEL  ,153896  ,Receipt Location,0,0,0,,0,R,N,RPQ,,Total,NET,
ANR Pipeline Company,ALL,9/28/2026,TIM,006958581        ,3005,ALL,9:00 AM,Final,BZ,9/27/2026 5:03 PM,Y,,CENTERPOINT/PERRYVILLE  ,154017  ,Receipt Location,325000,55000,0,,55000,BD,,RPQ,,Total,NET,
ANR Pipeline Company,ALL,9/28/2026,TIM,006958581        ,3005,ALL,9:00 AM,Final,BZ,9/27/2026 5:03 PM,Y,,CENTERPOINT/PERRYVILLE  ,154017  ,Delivery Location,0,0,0,,0,BD,N,DPQ,,Total,NET,
ANR Pipeline Company,ALL,9/28/2026,TIM,006958581        ,3005,ALL,9:00 AM,Final,BZ,9/27/2026 5:03 PM,Y,,DEFIANCE/PANHANDLE (DEL),15672   ,Delivery Location,568700,512000,11263,,500737,D,,DPQ,,Total,GROSS,
ANR Pipeline Company,ALL,9/28/2026,TIM,006958581        ,3005,ALL,9:00 AM,Final,BZ,9/27/2026 5:03 PM,Y,,WEST TEXAS GAS INT      ,158286  ,Receipt Location,0,0,0,,0,BD,N,RPQ,,Total,NET,
ANR Pipeline Company,ALL,9/28/2026,TIM,006958581        ,3005,ALL,9:00 AM,Final,BZ,9/27/2026 5:03 PM,Y,,WEST TEXAS GAS INT      ,158286  ,Delivery Location,7500,7547,0,,7547,BD,,DPQ,,Total,NET,
ANR Pipeline Company,ALL,9/28/2026,TIM,006958581        ,3005,ALL,9:00 AM,Final,BZ,9/27/2026 5:03 PM,Y,,PAULDING/COL GAS        ,16118   ,Receipt Location,0,0,0,,0,BD,N,RPQ,,Total,NET,
ANR Pipeline Company,ALL,9/28/2026,TIM,006958581        ,3005,ALL,9:00 AM,Final,BZ,9/27/2026 5:03 PM,Y,,PAULDING/COL GAS        ,16118   ,Delivery Location,145400,168800,0,,168800,BD,,DPQ,,Total,NET,
ANR Pipeline Company,ALL,9/28/2026,TIM,006958581        ,3005,ALL,9:00 AM,Final,BZ,9/27/2026 5:03 PM,Y,,CONVOY                  ,16265   ,Receipt Location,0,0,0,,1191,BD,N,RPQ,,Total,NET,
ANR Pipeline Company,ALL,9/28/2026,TIM,006958581        ,3005,ALL,9:00 AM,Final,BZ,9/27/2026 5:03 PM,Y,,CONVOY                  ,16265   ,Delivery Location,32190,31650,1191,,30459,BD,,DPQ,,Total,NET,
ANR Pipeline Company,ALL,9/28/2026,TIM,006958581        ,3005,ALL,9:00 AM,Final,BZ,9/27/2026 5:03 PM,Y,,BEAVER PLANT (CNG)      ,163450  ,Receipt Location,121000,125640,7310,,118330,BD,,RPQ,,Total,NET,
ANR Pipeline Company,ALL,9/28/2026,TIM,006958581        ,3005,ALL,9:00 AM,Final,BZ,9/27/2026 5:03 PM,Y,,BEAVER PLANT (CNG)      ,163450  ,Delivery Location,0,0,0,,7310,BD,N,DPQ,,Total,NET,
ANR Pipeline Company,ALL,9/28/2026,TIM,006958581        ,3005,ALL,9:00 AM,Final,BZ,9/27/2026 5:03 PM,Y,,BEAVER-CIG (REC FR CIG) ,16435   ,Receipt Location,0,0,0,,55889,BD,N,DPQ,,Total,NET,
ANR Pipeline Company,ALL,9/28/2026,TIM,006958581        ,3005,ALL,9:00 AM,Final,BZ,9/27/2026 5:03 PM,Y,,BEAVER-CIG (REC FR CIG) ,16435   ,Receipt Location,152300,168111,55889,,112222,BD,,RPQ,,Total,NET,
ANR Pipeline Company,ALL,9/28/2026,TIM,006958581        ,3005,ALL,9:00 AM,Final,BZ,9/27/2026 5:03 PM,Y,,CUSTER CITY/TRANSOK REC ,16842   ,Receipt Location,23200,23199,0,,23199,R,,RPQ,,Total,GROSS,
ANR Pipeline Company,ALL,9/28/2026,TIM,006958581        ,3005,ALL,9:00 AM,Final,BZ,9/27/2026 5:03 PM,Y,,GALLATIN INTERCONNECT   ,171759  ,Receipt Location,0,0,0,,553,BD,N,RPQ,,Total,NET,
ANR Pipeline Company,ALL,9/28/2026,TIM,006958581        ,3005,ALL,9:00 AM,Final,BZ,9/27/2026 5:03 PM,Y,,GALLATIN INTERCONNECT   ,171759  ,Delivery Location,3100,3126,553,,2573,BD,,DPQ,,Total,NET,
ANR Pipeline Company,ALL,9/28/2026,TIM,006958581        ,3005,ALL,9:00 AM,Final,BZ,9/27/2026 5:03 PM,Y,,LEBANON/GLEN KARN-TETCO ,174721  ,Delivery Location,180000,180000,342,,179658,D,,DPQ,,Total,GROSS,
ANR Pipeline Company,ALL,9/28/2026,TIM,006958581        ,3005,ALL,9:00 AM,Final,BZ,9/27/2026 5:03 PM,Y,,LAVERNE CITYGATE INT    ,174769  ,Delivery Location,3600,3740,40,,3700,D,,DPQ,,Total,GROSS,
ANR Pipeline Company,ALL,9/28/2026,TIM,006958581        ,3005,ALL,9:00 AM,Final,BZ,9/27/2026 5:03 PM,Y,,BERLIN IC (TRANSOK)     ,174775  ,Receipt Location,76400,67819,1475,,66344,BD,,RPQ,,Total,NET,
ANR Pipeline Company,ALL,9/28/2026,TIM,006958581        ,3005,ALL,9:00 AM,Final,BZ,9/27/2026 5:03 PM,Y,,BERLIN IC (TRANSOK)     ,174775  ,Delivery Location,0,0,0,,1475,BD,N,DPQ,,Total,NET,
ANR Pipeline Company,ALL,9/28/2026,TIM,006958581        ,3005,ALL,9:00 AM,Final,BZ,9/27/2026 5:03 PM,Y,,KENOSHA INT             ,174788  ,Receipt Location,0,0,0,,2928,BD,N,RPQ,,Total,NET,
ANR Pipeline Company,ALL,9/28/2026,TIM,006958581        ,3005,ALL,9:00 AM,Final,BZ,9/27/2026 5:03 PM,Y,,KENOSHA INT             ,174788  ,Delivery Location,371200,369000,2928,,366072,BD,,DPQ,,Total,NET,
ANR Pipeline Company,ALL,9/28/2026,TIM,006958581        ,3005,ALL,9:00 AM,Final,BZ,9/27/2026 5:03 PM,Y,,SOUTH BURLINGTON (IA)   ,174792  ,Receipt Location,0,0,0,,0,BD,N,RPQ,,Total,NET,
ANR Pipeline Company,ALL,9/28/2026,TIM,006958581        ,3005,ALL,9:00 AM,Final,BZ,9/27/2026 5:03 PM,Y,,SOUTH BURLINGTON (IA)   ,174792  ,Delivery Location,46623,46623,0,,46623,BD,,DPQ,,Total,NET,
ANR Pipeline Company,ALL,9/28/2026,TIM,006958581        ,3005,ALL,9:00 AM,Final,BZ,9/27/2026 5:03 PM,Y,,HAMPSHIRE INT           ,183670  ,Receipt Location,0,0,0,,0,BD,N,RPQ,,Total,NET,
ANR Pipeline Company,ALL,9/28/2026,TIM,006958581        ,3005,ALL,9:00 AM,Final,BZ,9/27/2026 5:03 PM,Y,,HAMPSHIRE INT           ,183670  ,Delivery Location,510000,520500,0,,520500,BD,,DPQ,,Total,NET,
ANR Pipeline Company,ALL,9/28/2026,TIM,006958581        ,3005,ALL,9:00 AM,Final,BZ,9/27/2026 5:03 PM,Y,,RED RIVER (REC) INT     ,185837  ,Receipt Location,125000,125000,45500,,79500,R,,RPQ,,Total,GROSS,
ANR Pipeline Company,ALL,9/28/2026,TIM,006958581        ,3005,ALL,9:00 AM,Final,BZ,9/27/2026 5:03 PM,Y,,EGAN (DELIVERY) INT     ,186899  ,Delivery Location,338800,343416,0,,343416,D,,DPQ,,Total,GROSS,
ANR Pipeline Company,ALL,9/28/2026,TIM,006958581        ,3005,ALL,9:00 AM,Final,BZ,9/27/2026 5:03 PM,Y,,EGAN (RECEIPT) INT      ,186900  ,Receipt Location,338800,343416,51029,,292387,R,,RPQ,,Total,GROSS,
ANR Pipeline Company,ALL,9/28/2026,TIM,006958581        ,3005,ALL,9:00 AM,Final,BZ,9/27/2026 5:03 PM,Y,,WAUSEON                 ,198847  ,Receipt Location,0,0,0,,10433,BD,N,RPQ,,Total,NET,
ANR Pipeline Company,ALL,9/28/2026,TIM,006958581        ,3005,ALL,9:00 AM,Final,BZ,9/27/2026 5:03 PM,Y,,WAUSEON                 ,198847  ,Delivery Location,29000,30805,10433,,20372,BD,,DPQ,,Total,NET,
ANR Pipeline Company,ALL,9/28/2026,TIM,006958581        ,3005,ALL,9:00 AM,Final,BZ,9/27/2026 5:03 PM,Y,,BEULAH INTERCONNECT     ,201838  ,Delivery Location,30600,0,0,,0,D,N,DPQ,,Total,GROSS,
ANR Pipeline Company,ALL,9/28/2026,TIM,006958581        ,3005,ALL,9:00 AM,Final,BZ,9/27/2026 5:03 PM,Y,,STANLEY INTERCONNECT    ,201846  ,Delivery Location,41600,41600,0,,41600,D,,DPQ,,Total,GROSS,
ANR Pipeline Company,ALL,9/28/2026,TIM,006958581        ,3005,ALL,9:00 AM,Final,BZ,9/27/2026 5:03 PM,Y,,COLUMBUS LINK INT       ,206051  ,Receipt Location,186200,186709,0,,186709,BD,,RPQ,,Total,NET,
ANR Pipeline Company,ALL,9/28/2026,TIM,006958581        ,3005,ALL,9:00 AM,Final,BZ,9/27/2026 5:03 PM,Y,,COLUMBUS LINK INT       ,206051  ,Delivery Location,0,0,0,,0,BD,N,DPQ,,Total,NET,
ANR Pipeline Company,ALL,9/28/2026,TIM,006958581        ,3005,ALL,9:00 AM,Final,BZ,9/27/2026 5:03 PM,Y,,GLEASON                 ,20666   ,Receipt Location,0,0,0,,2200,BD,N,RPQ,,Total,NET,
ANR Pipeline Company,ALL,9/28/2026,TIM,006958581        ,3005,ALL,9:00 AM,Final,BZ,9/27/2026 5:03 PM,Y,,GLEASON                 ,20666   ,Delivery Location,46700,46157,2200,,43957,BD,,DPQ,,Total,NET,
ANR Pipeline Company,ALL,9/28/2026,TIM,006958581        ,3005,ALL,9:00 AM,Final,BZ,9/27/2026 5:03 PM,Y,,HOLLAND BPW INT         ,216654  ,Receipt Location,0,0,0,,37500,BD,N,RPQ,,Total,NET,
ANR Pipeline Company,ALL,9/28/2026,TIM,006958581        ,3005,ALL,9:00 AM,Final,BZ,9/27/2026 5:03 PM,Y,,HOLLAND BPW INT         ,216654  ,Delivery Location,74100,76431,37500,,38931,BD,,DPQ,,Total,NET,
ANR Pipeline Company,ALL,9/28/2026,TIM,006958581        ,3005,ALL,9:00 AM,Final,BZ,9/27/2026 5:03 PM,Y,,SEMINOLE-GULF NICHOLS   ,217696  ,Receipt Location,800,830,0,,830,R,,RPQ,,Total,GROSS,
ANR Pipeline Company,ALL,9/28/2026,TIM,006958581        ,3005,ALL,9:00 AM,Final,BZ,9/27/2026 5:03 PM,Y,,ST MARTINVILLE E TO LRC ,218192  ,Delivery Location,65000,61560,0,,61560,D,,DPQ,,Total,GROSS,
ANR Pipeline Company,ALL,9/28/2026,TIM,006958581        ,3005,ALL,9:00 AM,Final,BZ,9/27/2026 5:03 PM,Y,,TECHE PLANT (CLECO),218538  ,Delivery Location,247400,500000,0,,500000,D,,DPQ,,Total,GROSS,
ANR Pipeline Company,ALL,9/28/2026,TIM,006958581        ,3005,ALL,9:00 AM,Final,BZ,9/27/2026 5:03 PM,Y,,TRENTON INTERCONNECT    ,218539  ,Delivery Location,19400,19400,500,,18900,D,,DPQ,,Total,GROSS,
ANR Pipeline Company,ALL,9/28/2026,TIM,006958581        ,3005,ALL,9:00 AM,Final,BZ,9/27/2026 5:03 PM,Y,,HANOR ROBERTS RANCH INT ,221448  ,Delivery Location,1400,1559,10,,1549,D,,DPQ,,Total,GROSS,
ANR Pipeline Company,ALL,9/28/2026,TIM,006958581        ,3005,ALL,9:00 AM,Final,BZ,9/27/2026 5:03 PM,Y,,SEML N-S (GREENVILLE)   ,226629  ,Receipt Location,0,0,0,,0,R,N,RPQ,,Total,GROSS,
ANR Pipeline Company,ALL,9/28/2026,TIM,006958581        ,3005,ALL,9:00 AM,Final,BZ,9/27/2026 5:03 PM,Y,,SW AREA WEST LEG TO SWHS,226635  ,Receipt Location,0,0,0,,0,R,N,RPQ,,Total,GROSS,
ANR Pipeline Company,ALL,9/28/2026,TIM,006958581        ,3005,ALL,9:00 AM,Final,BZ,9/27/2026 5:03 PM,Y,,BAXTER HEALTH INT       ,22975   ,Delivery Location,3600,3553,0,,3553,D,,DPQ,,Total,GROSS,
ANR Pipeline Company,ALL,9/28/2026,TIM,006958581        ,3005,ALL,9:00 AM,Final,BZ,9/27/2026 5:03 PM,Y,,LEBANON/SPRINGBORO INT  ,22986   ,Receipt Location,0,0,0,,100,BD,N,RPQ,,Total,NET,
ANR Pipeline Company,ALL,9/28/2026,TIM,006958581        ,3005,ALL,9:00 AM,Final,BZ,9/27/2026 5:03 PM,Y,,LEBANON/SPRINGBORO INT  ,22986   ,Delivery Location,73000,78037,100,,77937,BD,,DPQ,,Total,NET,
ANR Pipeline Company,ALL,9/28/2026,TIM,006958581        ,3005,ALL,9:00 AM,Final,BZ,9/27/2026 5:03 PM,Y,,STAG LAKE(ST JOSEPH CO) ,22992   ,Receipt Location,0,0,0,,0,BD,N,RPQ,,Total,NET,
ANR Pipeline Company,ALL,9/28/2026,TIM,006958581        ,3005,ALL,9:00 AM,Final,BZ,9/27/2026 5:03 PM,Y,,STAG LAKE(ST JOSEPH CO) ,22992   ,Delivery Location,480096,0,0,,0,BD,N,DPQ,,Total,NET,
ANR Pipeline Company,ALL,9/28/2026,TIM,006958581        ,3005,ALL,9:00 AM,Final,BZ,9/27/2026 5:03 PM,Y,,WEEKS ISLA/LIG PL,233620  ,Receipt Location,0,0,0,,51850,BD,N,RPQ,,Total,NET,
ANR Pipeline Company,ALL,9/28/2026,TIM,006958581        ,3005,ALL,9:00 AM,Final,BZ,9/27/2026 5:03 PM,Y,,WEEKS ISLA/LIG PL,233620  ,Delivery Location,125800,51850,51850,,0,BD,N,DPQ,,Total,NET,
ANR Pipeline Company,ALL,9/28/2026,TIM,006958581        ,3005,ALL,9:00 AM,Final,BZ,9/27/2026 5:03 PM,Y,,NAUTILUS DHS INT        ,233907  ,Receipt Location,107000,169784,4527,,165257,R,,RPQ,,Total,GROSS,
ANR Pipeline Company,ALL,9/28/2026,TIM,006958581        ,3005,ALL,9:00 AM,Final,BZ,9/27/2026 5:03 PM,Y,,HITCH INT               ,237023  ,Delivery Location,3100,3598,945,,2653,D,,DPQ,,Total,GROSS,
ANR Pipeline Company,ALL,9/28/2026,TIM,006958581        ,3005,ALL,9:00 AM,Final,BZ,9/27/2026 5:03 PM,Y,,WILL COUNTY INT         ,246067  ,Receipt Location,507500,557960,187103,,370857,BD,,RPQ,,Total,NET,
ANR Pipeline Company,ALL,9/28/2026,TIM,006958581        ,3005,ALL,9:00 AM,Final,BZ,9/27/2026 5:03 PM,Y,,WILL COUNTY INT         ,246067  ,Delivery Location,0,0,0,,187103,BD,N,DPQ,,Total,NET,
ANR Pipeline Company,ALL,9/28/2026,TIM,006958581        ,3005,ALL,9:00 AM,Final,BZ,9/27/2026 5:03 PM,Y,,ROBERTS COUNTY (REC)    ,25935   ,Receipt Location,200000,201571,0,,201571,R,,RPQ,,Total,GROSS,
ANR Pipeline Company,ALL,9/28/2026,TIM,006958581        ,3005,ALL,9:00 AM,Final,BZ,9/27/2026 5:03 PM,Y,,JOLIET (NGPL            ,2610    ,Receipt Location,125700,26400,0,,26400,R,,RPQ,,Total,GROSS,
ANR Pipeline Company,ALL,9/28/2026,TIM,006958581        ,3005,ALL,9:00 AM,Final,BZ,9/27/2026 5:03 PM,Y,,MADISON LATERAL         ,261192  ,Receipt Location,0,0,20744,,148450,BD,N,RPQ,,Total,NET,
ANR Pipeline Company,ALL,9/28/2026,TIM,006958581        ,3005,ALL,9:00 AM,Final,BZ,9/27/2026 5:03 PM,Y,,MADISON LATERAL         ,261192  ,Delivery Location,548142,565168,169194,,416718,BD,,DPQ,,Total,NET,
ANR Pipeline Company,ALL,9/28/2026,TIM,006958581        ,3005,ALL,9:00 AM,Final,BZ,9/27/2026 5:03 PM,Y,,WISCONSIN               ,261194  ,Receipt Location,0,300000,272796,,661053,BD,,RPQ,,Total,NET,
ANR Pipeline Company,ALL,9/28/2026,TIM,006958581        ,3005,ALL,9:00 AM,Final,BZ,9/27/2026 5:03 PM,Y,,WISCONSIN               ,261194  ,Delivery Location,2200000,1478694,633849,,1117641,BD,,DPQ,,Total,NET,
ANR Pipeline Company,ALL,9/28/2026,TIM,006958581        ,3005,ALL,9:00 AM,Final,BZ,9/27/2026 5:03 PM,Y,,TWO RIVERS LATERAL      ,261195  ,Receipt Location,0,0,0,,7973,BD,N,RPQ,,Total,NET,
ANR Pipeline Company,ALL,9/28/2026,TIM,006958581        ,3005,ALL,9:00 AM,Final,BZ,9/27/2026 5:03 PM,Y,,TWO RIVERS LATERAL      ,261195  ,Delivery Location,72287,72287,7973,,64314,BD,,DPQ,,Total,NET,
ANR Pipeline Company,ALL,9/28/2026,TIM,006958581        ,3005,ALL,9:00 AM,Final,BZ,9/27/2026 5:03 PM,Y,,SEMINOLE-TRUNK 464-0802 ,261212  ,Receipt Location,2200,2200,0,,2200,R,,RPQ,,Total,GROSS,
ANR Pipeline Company,ALL,9/28/2026,TIM,006958581        ,3005,ALL,9:00 AM,Final,BZ,9/27/2026 5:03 PM,Y,,SEMINOLE-TRUNK 464-0482 ,261262  ,Receipt Location,2200,2200,0,,2200,R,,RPQ,,Total,GROSS,
ANR Pipeline Company,ALL,9/28/2026,TIM,006958581        ,3005,ALL,9:00 AM,Final,BZ,9/27/2026 5:03 PM,Y,,SEMINOLE-LOVEDALE       ,261312  ,Receipt Location,2200,2200,0,,2200,R,,RPQ,,Total,GROSS,
ANR Pipeline Company,ALL,9/28/2026,TIM,006958581        ,3005,ALL,9:00 AM,Final,BZ,9/27/2026 5:03 PM,Y,,SEMINOLE-TRUNK 482-0801 ,261337  ,Receipt Location,33000,4650,0,,4650,R,,RPQ,,Total,GROSS,
ANR Pipeline Company,ALL,9/28/2026,TIM,006958581        ,3005,ALL,9:00 AM,Final,BZ,9/27/2026 5:03 PM,Y,,SEMINOLE-S WHEELER      ,261340  ,Receipt Location,2500,13657,0,,13657,R,,RPQ,,Total,GROSS,
ANR Pipeline Company,ALL,9/28/2026,TIM,006958581        ,3005,ALL,9:00 AM,Final,BZ,9/27/2026 5:03 PM,Y,,SEMINOLE-BUTTERMILK     ,261413  ,Receipt Location,2200,3499,0,,3499,R,,RPQ,,Total,GROSS,
ANR Pipeline Company,ALL,9/28/2026,TIM,006958581        ,3005,ALL,9:00 AM,Final,BZ,9/27/2026 5:03 PM,Y,,BEDISON INTERCONNECT    ,261475  ,Receipt Location,0,0,0,,0,BD,N,RPQ,,Total,NET,
ANR Pipeline Company,ALL,9/28/2026,TIM,006958581        ,3005,ALL,9:00 AM,Final,BZ,9/27/2026 5:03 PM,Y,,BEDISON INTERCONNECT    ,261475  ,Delivery Location,152300,86291,0,,86291,BD,,DPQ,,Total,NET,
ANR Pipeline Company,ALL,9/28/2026,TIM,006958581        ,3005,ALL,9:00 AM,Final,BZ,9/27/2026 5:03 PM,Y,,BROWNSVILLE INTERCONNECT,261572  ,Delivery Location,198000,198000,0,,198000,BD,,DPQ,,Total,NET,
ANR Pipeline Company,ALL,9/28/2026,TIM,006958581        ,3005,ALL,9:00 AM,Final,BZ,9/27/2026 5:03 PM,Y,,BROWNSVILLE INTERCONNECT,261572  ,Delivery Location,0,0,0,,0,BD,N,RPQ,,Total,NET,
ANR Pipeline Company,ALL,9/28/2026,TIM,006958581        ,3005,ALL,9:00 AM,Final,BZ,9/27/2026 5:03 PM,Y,,DE PERE INTERCONNECT,261573  ,Receipt Location,0,0,0,,0,BD,N,RPQ,,Total,NET,
ANR Pipeline Company,ALL,9/28/2026,TIM,006958581        ,3005,ALL,9:00 AM,Final,BZ,9/27/2026 5:03 PM,Y,,DE PERE INTERCONNECT,261573  ,Delivery Location,130000,130000,0,,130000,BD,,DPQ,,Total,NET,
ANR Pipeline Company,ALL,9/28/2026,TIM,006958581        ,3005,ALL,9:00 AM,Final,BZ,9/27/2026 5:03 PM,Y,,PARIS - NORTH SHORE     ,261574  ,Receipt Location,0,0,0,,0,BD,N,RPQ,,Total,NET,
ANR Pipeline Company,ALL,9/28/2026,TIM,006958581        ,3005,ALL,9:00 AM,Final,BZ,9/27/2026 5:03 PM,Y,,PARIS - NORTH SHORE     ,261574  ,Delivery Location,82500,84640,0,,84640,BD,,DPQ,,Total,NET,
ANR Pipeline Company,ALL,9/28/2026,TIM,006958581        ,3005,ALL,9:00 AM,Final,BZ,9/27/2026 5:03 PM,Y,,TIFFANY                 ,261575  ,Receipt Location,0,0,0,,0,BD,N,RPQ,,Total,NET,
ANR Pipeline Company,ALL,9/28/2026,TIM,006958581        ,3005,ALL,9:00 AM,Final,BZ,9/27/2026 5:03 PM,Y,,TIFFANY                 ,261575  ,Delivery Location,162900,184386,0,,184386,BD,,DPQ,,Total,NET,
ANR Pipeline Company,ALL,9/28/2026,TIM,006958581        ,3005,ALL,9:00 AM,Final,BZ,9/27/2026 5:03 PM,Y,,LEBANON/A K STEEL       ,261713  ,Receipt Location,0,0,0,,0,BD,N,RPQ,,Total,NET,
ANR Pipeline Company,ALL,9/28/2026,TIM,006958581        ,3005,ALL,9:00 AM,Final,BZ,9/27/2026 5:03 PM,Y,,LEBANON/A K STEEL       ,261713  ,Delivery Location,90000,142789,0,,142789,BD,,DPQ,,Total,NET,
ANR Pipeline Company,ALL,9/28/2026,TIM,006958581        ,3005,ALL,9:00 AM,Final,BZ,9/27/2026 5:03 PM,Y,,GERMANTOWN INT          ,265372  ,Receipt Location,0,0,0,,0,BD,N,RPQ,,Total,NET,
ANR Pipeline Company,ALL,9/28/2026,TIM,006958581        ,3005,ALL,9:00 AM,Final,BZ,9/27/2026 5:03 PM,Y,,GERMANTOWN INT          ,265372  ,Delivery Location,194600,202536,0,,202536,BD,,DPQ,,Total,NET,
ANR Pipeline Company,ALL,9/28/2026,TIM,006958581        ,3005,ALL,9:00 AM,Final,BZ,9/27/2026 5:03 PM,Y,,PANOLA COUNTY INT,266555  ,Delivery Location,440800,430000,0,,430000,D,,DPQ,,Total,NET,
ANR Pipeline Company,ALL,9/28/2026,TIM,006958581        ,3005,ALL,9:00 AM,Final,BZ,9/27/2026 5:03 PM,Y,,MENASHA INTERCONNECT    ,269472  ,Receipt Location,0,0,0,,27000,BD,N,RPQ,,Total,NET,
ANR Pipeline Company,ALL,9/28/2026,TIM,006958581        ,3005,ALL,9:00 AM,Final,BZ,9/27/2026 5:03 PM,Y,,MENASHA INTERCONNECT    ,269472  ,Delivery Location,115000,120865,27000,,93865,BD,,DPQ,,Total,NET,
ANR Pipeline Company,ALL,9/28/2026,TIM,006958581        ,3005,ALL,9:00 AM,Final,BZ,9/27/2026 5:03 PM,Y,,WEAKLEY COUNTY INT      ,274229  ,Delivery Location,265000,265000,0,,265000,BD,,DPQ,,Total,NET,
ANR Pipeline Company,ALL,9/28/2026,TIM,006958581        ,3005,ALL,9:00 AM,Final,BZ,9/27/2026 5:03 PM,Y,,WEAKLEY COUNTY INT      ,274229  ,Delivery Location,0,0,0,,0,BD,N,RPQ,,Total,NET,
ANR Pipeline Company,ALL,9/28/2026,TIM,006958581        ,3005,ALL,9:00 AM,Final,BZ,9/27/2026 5:03 PM,Y,,CADIZ INT,277052  ,Delivery Location,76500,79200,0,,79200,D,,DPQ,,Total,GROSS,
ANR Pipeline Company,ALL,9/28/2026,TIM,006958581        ,3005,ALL,9:00 AM,Final,BZ,9/27/2026 5:03 PM,Y,,ALLIANCE/ANR INT        ,277072  ,Receipt Location,1196000,1307777,770929,,720570,BD,,RPQ,,Total,NET,
ANR Pipeline Company,ALL,9/28/2026,TIM,006958581        ,3005,ALL,9:00 AM,Final,BZ,9/27/2026 5:03 PM,Y,,ALLIANCE/ANR INT        ,277072  ,Delivery Location,0,0,183722,,587207,BD,Y,DPQ,,Total,NET,
ANR Pipeline Company,ALL,9/28/2026,TIM,006958581        ,3005,ALL,9:00 AM,Final,BZ,9/27/2026 5:03 PM,Y,,MINOOKA INTERCONNECT    ,278172  ,Receipt Location,0,0,0,,139095,BD,N,RPQ,,Total,NET,
ANR Pipeline Company,ALL,9/28/2026,TIM,006958581        ,3005,ALL,9:00 AM,Final,BZ,9/27/2026 5:03 PM,Y,,MINOOKA INTERCONNECT    ,278172  ,Delivery Location,310200,313800,139095,,174705,BD,,DPQ,,Total,NET,
ANR Pipeline Company,ALL,9/28/2026,TIM,006958581        ,3005,ALL,9:00 AM,Final,BZ,9/27/2026 5:03 PM,Y,,NAPOLEON INTERCONNECT   ,280435  ,Receipt Location,0,0,0,,0,BD,N,RPQ,,Total,NET,
ANR Pipeline Company,ALL,9/28/2026,TIM,006958581        ,3005,ALL,9:00 AM,Final,BZ,9/27/2026 5:03 PM,Y,,NAPOLEON INTERCONNECT   ,280435  ,Delivery Location,52000,52000,0,,52000,BD,,DPQ,,Total,NET,
ANR Pipeline Company,ALL,9/28/2026,TIM,006958581        ,3005,ALL,9:00 AM,Final,BZ,9/27/2026 5:03 PM,Y,,MONEE INTERCONNECT      ,282435  ,Receipt Location,0,0,0,,0,BD,N,RPQ,,Total,NET,
ANR Pipeline Company,ALL,9/28/2026,TIM,006958581        ,3005,ALL,9:00 AM,Final,BZ,9/27/2026 5:03 PM,Y,,MONEE INTERCONNECT      ,282435  ,Delivery Location,137000,149741,0,,149741,BD,,DPQ,,Total,NET,
ANR Pipeline Company,ALL,9/28/2026,TIM,006958581        ,3005,ALL,9:00 AM,Final,BZ,9/27/2026 5:03 PM,Y,,ZEELAND INTERCONNECT    ,282436  ,Receipt Location,0,0,0,,145001,BD,N,RPQ,,Total,NET,
ANR Pipeline Company,ALL,9/28/2026,TIM,006958581        ,3005,ALL,9:00 AM,Final,BZ,9/27/2026 5:03 PM,Y,,ZEELAND INTERCONNECT    ,282436  ,Delivery Location,306000,324600,145001,,179599,BD,,DPQ,,Total,NET,
ANR Pipeline Company,ALL,9/28/2026,TIM,006958581        ,3005,ALL,9:00 AM,Final,BZ,9/27/2026 5:03 PM,Y,,MURRAY INTERCONNECT     ,283195  ,Delivery Location,52300,21273,150,,21123,D,,DPQ,,Total,GROSS,
ANR Pipeline Company,ALL,9/28/2026,TIM,006958581        ,3005,ALL,9:00 AM,Final,BZ,9/27/2026 5:03 PM,Y,,LEBANON - TEXAS EASTERN ,28447   ,Receipt Location,0,0,0,,116,BD,N,RPQ,,Total,NET,
ANR Pipeline Company,ALL,9/28/2026,TIM,006958581        ,3005,ALL,9:00 AM,Final,BZ,9/27/2026 5:03 PM,Y,,LEBANON - TEXAS EASTERN ,28447   ,Delivery Location,510000,500000,116,,499884,BD,,DPQ,,Total,NET,
ANR Pipeline Company,ALL,9/28/2026,TIM,006958581        ,3005,ALL,9:00 AM,Final,BZ,9/27/2026 5:03 PM,Y,,KEGONSA INTERCONNECT    ,284917  ,Receipt Location,0,0,0,,20717,BD,N,RPQ,,Total,NET,
ANR Pipeline Company,ALL,9/28/2026,TIM,006958581        ,3005,ALL,9:00 AM,Final,BZ,9/27/2026 5:03 PM,Y,,KEGONSA INTERCONNECT    ,284917  ,Delivery Location,103000,143439,20717,,122722,BD,,DPQ,,Total,NET,
ANR Pipeline Company,ALL,9/28/2026,TIM,006958581        ,3005,ALL,9:00 AM,Final,BZ,9/27/2026 5:03 PM,Y,,LOWRY PLANT INLET       ,28554   ,Delivery Location,300700,290636,0,,290636,D,,DPQ,,Total,GROSS,
ANR Pipeline Company,ALL,9/28/2026,TIM,006958581        ,3005,ALL,9:00 AM,Final,BZ,9/27/2026 5:03 PM,Y,,MANITOWOC               ,28736   ,Receipt Location,0,0,0,,1895,BD,N,RPQ,,Total,NET,
ANR Pipeline Company,ALL,9/28/2026,TIM,006958581        ,3005,ALL,9:00 AM,Final,BZ,9/27/2026 5:03 PM,Y,,MANITOWOC               ,28736   ,Delivery Location,67100,68046,1895,,66151,BD,,DPQ,,Total,NET,
ANR Pipeline Company,ALL,9/28/2026,TIM,006958581        ,3005,ALL,9:00 AM,Final,BZ,9/27/2026 5:03 PM,Y,,WESTON PLANT            ,28742   ,Receipt Location,0,0,0,,0,R,N,RPQ,,Total,NET,
ANR Pipeline Company,ALL,9/28/2026,TIM,006958581        ,3005,ALL,9:00 AM,Final,BZ,9/27/2026 5:03 PM,Y,,ABBOTSFORD/EDGAR        ,28759   ,Receipt Location,0,0,0,,158,BD,N,RPQ,,Total,NET,
ANR Pipeline Company,ALL,9/28/2026,TIM,006958581        ,3005,ALL,9:00 AM,Final,BZ,9/27/2026 5:03 PM,Y,,ABBOTSFORD/EDGAR        ,28759   ,Delivery Location,17087,17022,158,,16864,BD,,DPQ,,Total,NET,
ANR Pipeline Company,ALL,9/28/2026,TIM,006958581        ,3005,ALL,9:00 AM,Final,BZ,9/27/2026 5:03 PM,Y,,WEST MARINETTE          ,28760   ,Receipt Location,0,0,0,,0,BD,N,RPQ,,Total,NET,
ANR Pipeline Company,ALL,9/28/2026,TIM,006958581        ,3005,ALL,9:00 AM,Final,BZ,9/27/2026 5:03 PM,Y,,WEST MARINETTE          ,28760   ,Delivery Location,140000,140000,0,,140000,BD,,DPQ,,Total,NET,
ANR Pipeline Company,ALL,9/28/2026,TIM,006958581        ,3005,ALL,9:00 AM,Final,BZ,9/27/2026 5:03 PM,Y,,LITTLE CHUTE            ,28778   ,Receipt Location,0,0,0,,21165,BD,N,RPQ,,Total,NET,
ANR Pipeline Company,ALL,9/28/2026,TIM,006958581        ,3005,ALL,9:00 AM,Final,BZ,9/27/2026 5:03 PM,Y,,LITTLE CHUTE            ,28778   ,Delivery Location,75600,77444,21165,,56279,BD,,DPQ,,Total,NET,
ANR Pipeline Company,ALL,9/28/2026,TIM,006958581        ,3005,ALL,9:00 AM,Final,BZ,9/27/2026 5:03 PM,Y,,ROCHESTER               ,28798   ,Receipt Location,0,0,0,,1226,BD,N,RPQ,,Total,NET,
ANR Pipeline Company,ALL,9/28/2026,TIM,006958581        ,3005,ALL,9:00 AM,Final,BZ,9/27/2026 5:03 PM,Y,,ROCHESTER               ,28798   ,Delivery Location,297100,300560,1226,,299334,BD,,DPQ,,Total,NET,
ANR Pipeline Company,ALL,9/28/2026,TIM,006958581        ,3005,ALL,9:00 AM,Final,BZ,9/27/2026 5:03 PM,Y,,EDGERTON                ,28806   ,Receipt Location,0,0,0,,175,BD,N,RPQ,,Total,NET,
ANR Pipeline Company,ALL,9/28/2026,TIM,006958581        ,3005,ALL,9:00 AM,Final,BZ,9/27/2026 5:03 PM,Y,,EDGERTON                ,28806   ,Delivery Location,53000,55279,175,,55104,BD,,DPQ,,Total,NET,
ANR Pipeline Company,ALL,9/28/2026,TIM,006958581        ,3005,ALL,9:00 AM,Final,BZ,9/27/2026 5:03 PM,Y,,JANESVILLE/NNG INT      ,28808   ,Receipt Location,131700,150665,6537,,144128,BD,,RPQ,,Total,NET,
ANR Pipeline Company,ALL,9/28/2026,TIM,006958581        ,3005,ALL,9:00 AM,Final,BZ,9/27/2026 5:03 PM,Y,,JANESVILLE/NNG INT      ,28808   ,Delivery Location,0,0,0,,6537,BD,N,DPQ,,Total,NET,
ANR Pipeline Company,ALL,9/28/2026,TIM,006958581        ,3005,ALL,9:00 AM,Final,BZ,9/27/2026 5:03 PM,Y,,NORTH BELOIT            ,28817   ,Receipt Location,0,0,0,,0,BD,N,RPQ,,Total,NET,
ANR Pipeline Company,ALL,9/28/2026,TIM,006958581        ,3005,ALL,9:00 AM,Final,BZ,9/27/2026 5:03 PM,Y,,NORTH BELOIT            ,28817   ,Delivery Location,77200,75000,0,,75000,BD,,DPQ,,Total,NET,
ANR Pipeline Company,ALL,9/28/2026,TIM,006958581        ,3005,ALL,9:00 AM,Final,BZ,9/27/2026 5:03 PM,Y,,NEW BERLIN              ,28841   ,Receipt Location,0,0,0,,7268,BD,N,RPQ,,Total,NET,
ANR Pipeline Company,ALL,9/28/2026,TIM,006958581        ,3005,ALL,9:00 AM,Final,BZ,9/27/2026 5:03 PM,Y,,NEW BERLIN              ,28841   ,Delivery Location,999999,999999,7268,,992731,BD,,DPQ,,Total,NET,
ANR Pipeline Company,ALL,9/28/2026,TIM,006958581        ,3005,ALL,9:00 AM,Final,BZ,9/27/2026 5:03 PM,Y,,MILWAUKEE               ,28842   ,Receipt Location,0,0,0,,22638,BD,N,RPQ,,Total,NET,
ANR Pipeline Company,ALL,9/28/2026,TIM,006958581        ,3005,ALL,9:00 AM,Final,BZ,9/27/2026 5:03 PM,Y,,MILWAUKEE               ,28842   ,Delivery Location,1046999,1046999,22638,,1024361,BD,,DPQ,,Total,NET,
ANR Pipeline Company,ALL,9/28/2026,TIM,006958581        ,3005,ALL,9:00 AM,Final,BZ,9/27/2026 5:03 PM,Y,,WAUKESHA                ,28844   ,Receipt Location,0,0,0,,12683,BD,N,RPQ,,Total,NET,
ANR Pipeline Company,ALL,9/28/2026,TIM,006958581        ,3005,ALL,9:00 AM,Final,BZ,9/27/2026 5:03 PM,Y,,WAUKESHA                ,28844   ,Delivery Location,1042999,1042999,12683,,1030316,BD,,DPQ,,Total,NET,
ANR Pipeline Company,ALL,9/28/2026,TIM,006958581        ,3005,ALL,9:00 AM,Final,BZ,9/27/2026 5:03 PM,Y,,CAPITOL DRIVE           ,28846   ,Receipt Location,0,0,0,,7107,BD,N,RPQ,,Total,NET,
ANR Pipeline Company,ALL,9/28/2026,TIM,006958581        ,3005,ALL,9:00 AM,Final,BZ,9/27/2026 5:03 PM,Y,,CAPITOL DRIVE           ,28846   ,Delivery Location,1037961,1037961,7107,,1030854,BD,,DPQ,,Total,NET,
ANR Pipeline Company,ALL,9/28/2026,TIM,006958581        ,3005,ALL,9:00 AM,Final,BZ,9/27/2026 5:03 PM,Y,,MARSHFIELD/VIKING INT   ,28873   ,Receipt Location,350000,357000,248353,,113235,BD,,RPQ,,Total,NET,
ANR Pipeline Company,ALL,9/28/2026,TIM,006958581        ,3005,ALL,9:00 AM,Final,BZ,9/27/2026 5:03 PM,Y,,MARSHFIELD/VIKING INT   ,28873   ,Delivery Location,95000,999999999,4588,,999995411,BD,,DPQ,,Total,GROSS,
ANR Pipeline Company,ALL,9/28/2026,TIM,006958581        ,3005,ALL,9:00 AM,Final,BZ,9/27/2026 5:03 PM,Y,,LEBANON/DERBY - VECTREN ,295956  ,Receipt Location,0,0,0,,16341,BD,N,RPQ,,Total,NET,
ANR Pipeline Company,ALL,9/28/2026,TIM,006958581        ,3005,ALL,9:00 AM,Final,BZ,9/27/2026 5:03 PM,Y,,LEBANON/DERBY - VECTREN ,295956  ,Delivery Location,205200,213800,16341,,197459,BD,,DPQ,,Total,NET,
ANR Pipeline Company,ALL,9/28/2026,TIM,006958581        ,3005,ALL,9:00 AM,Final,BZ,9/27/2026 5:03 PM,Y,,LEBANON/TAIT-TETCO      ,295957  ,Receipt Location,0,0,0,,0,BD,N,RPQ,,Total,NET,
ANR Pipeline Company,ALL,9/28/2026,TIM,006958581        ,3005,ALL,9:00 AM,Final,BZ,9/27/2026 5:03 PM,Y,,LEBANON/TAIT-TETCO      ,295957  ,Delivery Location,332700,344894,0,,344894,BD,,DPQ,,Total,NET,
ANR Pipeline Company,ALL,9/28/2026,TIM,006958581        ,3005,ALL,9:00 AM,Final,BZ,9/27/2026 5:03 PM,Y,,KIMBALL 27 STR-D/OFFSYS ,299793  ,Delivery Location,100000,164080,0,,164080,D,,DPQ,,Total,GROSS,
ANR Pipeline Company,ALL,9/28/2026,TIM,006958581        ,3005,ALL,9:00 AM,Final,BZ,9/27/2026 5:03 PM,Y,,GREENVILLE TGP/ANR-REC  ,305431  ,Receipt Location,300000,300000,241,,299759,R,,RPQ,,Total,GROSS,
ANR Pipeline Company,ALL,9/28/2026,TIM,006958581        ,3005,ALL,9:00 AM,Final,BZ,9/27/2026 5:03 PM,Y,,KIMBALL 27 STR-R/OFFSYS ,307110  ,Receipt Location,100000,164080,0,,164080,R,,RPQ,,Total,GROSS,
ANR Pipeline Company,ALL,9/28/2026,TIM,006958581        ,3005,ALL,9:00 AM,Final,BZ,9/27/2026 5:03 PM,Y,,GREENVILLE TGP/ANR DEL  ,307790  ,Delivery Location,300000,318000,0,,318000,D,,DPQ,,Total,GROSS,
ANR Pipeline Company,ALL,9/28/2026,TIM,006958581        ,3005,ALL,9:00 AM,Final,BZ,9/27/2026 5:03 PM,Y,,DURALDE EVANGELINE INT  ,312115  ,Receipt Location,0,0,0,,147192,BD,N,RPQ,,Total,NET,
ANR Pipeline Company,ALL,9/28/2026,TIM,006958581        ,3005,ALL,9:00 AM,Final,BZ,9/27/2026 5:03 PM,Y,,DURALDE EVANGELINE INT  ,312115  ,Delivery Location,310340,473980,147192,,326788,BD,,DPQ,,Total,NET,
ANR Pipeline Company,ALL,9/28/2026,TIM,006958581        ,3005,ALL,9:00 AM,Final,BZ,9/27/2026 5:03 PM,Y,,COVERT POWER PLANT      ,312117  ,Receipt Location,0,0,0,,124473,BD,N,RPQ,,Total,NET,
ANR Pipeline Company,ALL,9/28/2026,TIM,006958581        ,3005,ALL,9:00 AM,Final,BZ,9/27/2026 5:03 PM,Y,,COVERT POWER PLANT      ,312117  ,Delivery Location,210000,221550,124473,,97077,BD,,DPQ,,Total,NET,
ANR Pipeline Company,ALL,9/28/2026,TIM,006958581        ,3005,ALL,9:00 AM,Final,BZ,9/27/2026 5:03 PM,Y,,MONE PLANT INTERCONNECT ,314730  ,Receipt Location,0,0,0,,0,BD,N,RPQ,,Total,NET,
ANR Pipeline Company,ALL,9/28/2026,TIM,006958581        ,3005,ALL,9:00 AM,Final,BZ,9/27/2026 5:03 PM,Y,,MONE PLANT INTERCONNECT ,314730  ,Delivery Location,209500,205000,0,,205000,BD,,DPQ,,Total,NET,
ANR Pipeline Company,ALL,9/28/2026,TIM,006958581        ,3005,ALL,9:00 AM,Final,BZ,9/27/2026 5:03 PM,Y,,KIMBALL 27 STR-REC/ONSYS,318732  ,Receipt Location,100000,154949,0,,154949,R,,RPQ,,Total,GROSS,
ANR Pipeline Company,ALL,9/28/2026,TIM,006958581        ,3005,ALL,9:00 AM,Final,BZ,9/27/2026 5:03 PM,Y,,PPL UNIVERSITY PARK PWR ,318733  ,Receipt Location,0,0,0,,0,BD,N,RPQ,,Total,NET,
ANR Pipeline Company,ALL,9/28/2026,TIM,006958581        ,3005,ALL,9:00 AM,Final,BZ,9/27/2026 5:03 PM,Y,,PPL UNIVERSITY PARK PWR ,318733  ,Delivery Location,200000,210800,0,,210800,BD,,DPQ,,Total,NET,
ANR Pipeline Company,ALL,9/28/2026,TIM,006958581        ,3005,ALL,9:00 AM,Final,BZ,9/27/2026 5:03 PM,Y,,DETROIT EDISON GREENWOOD,320550  ,Receipt Location,0,0,0,,74497,BD,N,RPQ,,Total,NET,
ANR Pipeline Company,ALL,9/28/2026,TIM,006958581        ,3005,ALL,9:00 AM,Final,BZ,9/27/2026 5:03 PM,Y,,DETROIT EDISON GREENWOOD,320550  ,Delivery Location,300000,300000,74497,,225503,BD,,DPQ,,Total,NET,
ANR Pipeline Company,ALL,9/28/2026,TIM,006958581        ,3005,ALL,9:00 AM,Final,BZ,9/27/2026 5:03 PM,Y,,KIMBALL 27 STR-DEL/ONSYS,321523  ,Delivery Location,164080,164080,0,,164080,D,,DPQ,,Total,GROSS,
ANR Pipeline Company,ALL,9/28/2026,TIM,006958581        ,3005,ALL,9:00 AM,Final,BZ,9/27/2026 5:03 PM,Y,,ACADIA POWER PLANT      ,322045  ,Receipt Location,0,0,0,,0,BD,N,RPQ,,Total,NET,
ANR Pipeline Company,ALL,9/28/2026,TIM,006958581        ,3005,ALL,9:00 AM,Final,BZ,9/27/2026 5:03 PM,Y,,ACADIA POWER PLANT      ,322045  ,Delivery Location,375000,375000,0,,375000,BD,,DPQ,,Total,NET,
ANR Pipeline Company,ALL,9/28/2026,TIM,006958581        ,3005,ALL,9:00 AM,Final,BZ,9/27/2026 5:03 PM,Y,,ST LANDRY/FL INT,322625  ,Receipt Location,0,0,0,,62400,BD,N,RPQ,,Total,NET,
ANR Pipeline Company,ALL,9/28/2026,TIM,006958581        ,3005,ALL,9:00 AM,Final,BZ,9/27/2026 5:03 PM,Y,,ST LANDRY/FL INT,322625  ,Delivery Location,104000,62400,62400,,0,BD,N,DPQ,,Total,NET,
ANR Pipeline Company,ALL,9/28/2026,TIM,006958581        ,3005,ALL,9:00 AM,Final,BZ,9/27/2026 5:03 PM,Y,,JOLIET WEST/HORIZON     ,322986  ,Receipt Location,0,0,0,,0,BD,N,RPQ,,Total,NET,
ANR Pipeline Company,ALL,9/28/2026,TIM,006958581        ,3005,ALL,9:00 AM,Final,BZ,9/27/2026 5:03 PM,Y,,JOLIET WEST/HORIZON     ,322986  ,Delivery Location,457000,457000,0,,457000,BD,,DPQ,,Total,NET,
ANR Pipeline Company,ALL,9/28/2026,TIM,006958581        ,3005,ALL,9:00 AM,Final,BZ,9/27/2026 5:03 PM,Y,,SEMINOLE-TRUNK 496-0615 ,327746  ,Receipt Location,15800,16590,0,,16590,R,,RPQ,,Total,GROSS,
ANR Pipeline Company,ALL,9/28/2026,TIM,006958581        ,3005,ALL,9:00 AM,Final,BZ,9/27/2026 5:03 PM,Y,,SHADYSIDE/SONAT (REC)   ,33400   ,Receipt Location,195000,540000,0,,540000,R,,RPQ,,Total,GROSS,
ANR Pipeline Company,ALL,9/28/2026,TIM,006958581        ,3005,ALL,9:00 AM,Final,BZ,9/27/2026 5:03 PM,Y,,GREENVILLE SOUTH (REC)  ,336367  ,Receipt Location,514000,0,0,,0,R,N,RPQ,,Total,GROSS,
ANR Pipeline Company,ALL,9/28/2026,TIM,006958581        ,3005,ALL,9:00 AM,Final,BZ,9/27/2026 5:03 PM,Y,,GREENVILLE SOUTH (DEL)  ,336369  ,Delivery Location,500000,0,0,,0,D,N,DPQ,,Total,GROSS,
ANR Pipeline Company,ALL,9/28/2026,TIM,006958581        ,3005,ALL,9:00 AM,Final,BZ,9/27/2026 5:03 PM,Y,,GUARDIAN CEDAR DEL      ,338685  ,Receipt Location,0,0,0,,0,BD,N,RPQ,,Total,NET,
ANR Pipeline Company,ALL,9/28/2026,TIM,006958581        ,3005,ALL,9:00 AM,Final,BZ,9/27/2026 5:03 PM,Y,,GUARDIAN CEDAR DEL      ,338685  ,Delivery Location,250000,250000,0,,250000,BD,,DPQ,,Total,NET,
ANR Pipeline Company,ALL,9/28/2026,TIM,006958581        ,3005,ALL,9:00 AM,Final,BZ,9/27/2026 5:03 PM,Y,,GUARDIAN CEDAR REC      ,338686  ,Receipt Location,657200,150000,0,,150000,BD,,RPQ,,Total,NET,
ANR Pipeline Company,ALL,9/28/2026,TIM,006958581        ,3005,ALL,9:00 AM,Final,BZ,9/27/2026 5:03 PM,Y,,GUARDIAN CEDAR REC      ,338686  ,Delivery Location,0,0,0,,0,BD,N,DPQ,,Total,NET,
ANR Pipeline Company,ALL,9/28/2026,TIM,006958581        ,3005,ALL,9:00 AM,Final,BZ,9/27/2026 5:03 PM,Y,,PRINCETON-CILCO         ,3605    ,Receipt Location,0,0,0,,0,BD,N,RPQ,,Total,NET,
ANR Pipeline Company,ALL,9/28/2026,TIM,006958581        ,3005,ALL,9:00 AM,Final,BZ,9/27/2026 5:03 PM,Y,,PRINCETON-CILCO         ,3605    ,Delivery Location,112900,114950,0,,114950,BD,,DPQ,,Total,NET,
ANR Pipeline Company,ALL,9/28/2026,TIM,006958581        ,3005,ALL,9:00 AM,Final,BZ,9/27/2026 5:03 PM,Y,,EUNICE TO PATTERSON     ,360785  ,Receipt Location,0,0,70131,,750819,BD,N,RPQ,,Total,NET,
ANR Pipeline Company,ALL,9/28/2026,TIM,006958581        ,3005,ALL,9:00 AM,Final,BZ,9/27/2026 5:03 PM,Y,,EUNICE TO PATTERSON     ,360785  ,Delivery Location,1218000,1218573,820950,,467754,BD,,DPQ,,Total,NET,
ANR Pipeline Company,ALL,9/28/2026,TIM,006958581        ,3005,ALL,9:00 AM,Final,BZ,9/27/2026 5:03 PM,Y,,CRETE POWER PLANT       ,360888  ,Receipt Location,0,0,0,,0,BD,N,RPQ,,Total,NET,
ANR Pipeline Company,ALL,9/28/2026,TIM,006958581        ,3005,ALL,9:00 AM,Final,BZ,9/27/2026 5:03 PM,Y,,CRETE POWER PLANT       ,360888  ,Delivery Location,96600,99798,0,,99798,BD,,DPQ,,Total,NET,
ANR Pipeline Company,ALL,9/28/2026,TIM,006958581        ,3005,ALL,9:00 AM,Final,BZ,9/27/2026 5:03 PM,Y,,SHARP ROAD RECEIPT      ,360906  ,Receipt Location,581100,620508,0,,620508,R,,RPQ,,Total,GROSS,
ANR Pipeline Company,ALL,9/28/2026,TIM,006958581        ,3005,ALL,9:00 AM,Final,BZ,9/27/2026 5:03 PM,Y,,SHARP ROAD DELIVERY     ,360907  ,Delivery Location,532400,548627,0,,548627,D,,DPQ,,Total,GROSS,
ANR Pipeline Company,ALL,9/28/2026,TIM,006958581        ,3005,ALL,9:00 AM,Final,BZ,9/27/2026 5:03 PM,Y,,MUTTONVILLE LATERAL,364926  ,Receipt Location,0,100000,76000,,100000,BD,,RPQ,,Total,NET,
ANR Pipeline Company,ALL,9/28/2026,TIM,006958581        ,3005,ALL,9:00 AM,Final,BZ,9/27/2026 5:03 PM,Y,,MUTTONVILLE LATERAL,364926  ,Delivery Location,100000,95000,76000,,95000,BD,,DPQ,,Total,NET,
ANR Pipeline Company,ALL,9/28/2026,TIM,006958581        ,3005,ALL,9:00 AM,Final,BZ,9/27/2026 5:03 PM,Y,,BELOIT                  ,36934   ,Receipt Location,0,0,0,,1747,BD,N,RPQ,,Total,NET,
ANR Pipeline Company,ALL,9/28/2026,TIM,006958581        ,3005,ALL,9:00 AM,Final,BZ,9/27/2026 5:03 PM,Y,,BELOIT                  ,36934   ,Delivery Location,142000,138000,1747,,136253,BD,,DPQ,,Total,NET,
ANR Pipeline Company,ALL,9/28/2026,TIM,006958581        ,3005,ALL,9:00 AM,Final,BZ,9/27/2026 5:03 PM,Y,,ROGER MILLS INT         ,36981   ,Receipt Location,150200,149600,33900,,115700,R,,RPQ,,Total,GROSS,
ANR Pipeline Company,ALL,9/28/2026,TIM,006958581        ,3005,ALL,9:00 AM,Final,BZ,9/27/2026 5:03 PM,Y,,DEFIANCE (RECEIPT),38224   ,Receipt Location,278640,0,0,,0,R,N,RPQ,,Total,NET,
ANR Pipeline Company,ALL,9/28/2026,TIM,006958581        ,3005,ALL,9:00 AM,Final,BZ,9/27/2026 5:03 PM,Y,,LOWRY PLANT OUTLET      ,38278   ,Receipt Location,278500,0,0,,0,R,N,RPQ,,Total,NET,
ANR Pipeline Company,ALL,9/28/2026,TIM,006958581        ,3005,ALL,9:00 AM,Final,BZ,9/27/2026 5:03 PM,Y,,AVALON,38295   ,Receipt Location,0,0,0,,21414,BD,N,RPQ,,Total,NET,
ANR Pipeline Company,ALL,9/28/2026,TIM,006958581        ,3005,ALL,9:00 AM,Final,BZ,9/27/2026 5:03 PM,Y,,AVALON,38295   ,Delivery Location,100800,26000,21414,,4586,BD,,DPQ,,Total,NET,
ANR Pipeline Company,ALL,9/28/2026,TIM,006958581        ,3005,ALL,9:00 AM,Final,BZ,9/27/2026 5:03 PM,Y,,TIFFANY EAST            ,384134  ,Receipt Location,0,0,0,,98506,BD,N,RPQ,,Total,NET,
ANR Pipeline Company,ALL,9/28/2026,TIM,006958581        ,3005,ALL,9:00 AM,Final,BZ,9/27/2026 5:03 PM,Y,,TIFFANY EAST            ,384134  ,Delivery Location,239500,260005,98506,,161499,BD,,DPQ,,Total,NET,
ANR Pipeline Company,ALL,9/28/2026,TIM,006958581        ,3005,ALL,9:00 AM,Final,BZ,9/27/2026 5:03 PM,Y,,GALENA ROAD SALES       ,384135  ,Delivery Location,101700,103133,0,,103133,D,,DPQ,,Total,GROSS,
ANR Pipeline Company,ALL,9/28/2026,TIM,006958581        ,3005,ALL,9:00 AM,Final,BZ,9/27/2026 5:03 PM,Y,,HARTFORD EAST           ,384136  ,Receipt Location,0,0,0,,7222,BD,N,RPQ,,Total,NET,
ANR Pipeline Company,ALL,9/28/2026,TIM,006958581        ,3005,ALL,9:00 AM,Final,BZ,9/27/2026 5:03 PM,Y,,HARTFORD EAST           ,384136  ,Delivery Location,292650,314400,7222,,307178,BD,,DPQ,,Total,NET,
ANR Pipeline Company,ALL,9/28/2026,TIM,006958581        ,3005,ALL,9:00 AM,Final,BZ,9/27/2026 5:03 PM,Y,,CORUNNA - ON SYSTEM     ,384818  ,Receipt Location,0,0,0,,0,BD,N,RPQ,,Total,NET,
ANR Pipeline Company,ALL,9/28/2026,TIM,006958581        ,3005,ALL,9:00 AM,Final,BZ,9/27/2026 5:03 PM,Y,,CORUNNA - ON SYSTEM     ,384818  ,Delivery Location,204000,204000,0,,204000,BD,,DPQ,,Total,NET,
ANR Pipeline Company,ALL,9/28/2026,TIM,006958581        ,3005,ALL,9:00 AM,Final,BZ,9/27/2026 5:03 PM,Y,,GREENSBURG/CP (REC)     ,385402  ,Receipt Location,633500,702720,111240,,591480,BD,,RPQ,,Total,NET,
ANR Pipeline Company,ALL,9/28/2026,TIM,006958581        ,3005,ALL,9:00 AM,Final,BZ,9/27/2026 5:03 PM,Y,,GREENSBURG/CP (REC)     ,385402  ,Delivery Location,0,0,0,,111240,BD,N,DPQ,,Total,NET,
ANR Pipeline Company,ALL,9/28/2026,TIM,006958581        ,3005,ALL,9:00 AM,Final,BZ,9/27/2026 5:03 PM,Y,,KAUKAUNA                ,387791  ,Receipt Location,0,0,0,,15000,BD,N,RPQ,,Total,NET,
ANR Pipeline Company,ALL,9/28/2026,TIM,006958581        ,3005,ALL,9:00 AM,Final,BZ,9/27/2026 5:03 PM,Y,,KAUKAUNA                ,387791  ,Delivery Location,192900,197790,15000,,182790,BD,,DPQ,,Total,NET,
ANR Pipeline Company,ALL,9/28/2026,TIM,006958581        ,3005,ALL,9:00 AM,Final,BZ,9/27/2026 5:03 PM,Y,,LEBANON/COLGA INT       ,38843   ,Receipt Location,0,0,0,,0,BD,N,RPQ,,Total,NET,
ANR Pipeline Company,ALL,9/28/2026,TIM,006958581        ,3005,ALL,9:00 AM,Final,BZ,9/27/2026 5:03 PM,Y,,LEBANON/COLGA INT       ,38843   ,Delivery Location,187000,327344,0,,327344,BD,,DPQ,,Total,NET,
ANR Pipeline Company,ALL,9/28/2026,TIM,006958581        ,3005,ALL,9:00 AM,Final,BZ,9/27/2026 5:03 PM,Y,,S. WOODSTOCK/NGPL (DEL) ,3908    ,Delivery Location,75000,0,0,,0,D,N,DPQ,,Total,GROSS,
ANR Pipeline Company,ALL,9/28/2026,TIM,006958581        ,3005,ALL,9:00 AM,Final,BZ,9/27/2026 5:03 PM,Y,,FRITO LAY SALES         ,395460  ,Delivery Location,4300,4524,980,,3544,D,,DPQ,,Total,GROSS,
ANR Pipeline Company,ALL,9/28/2026,TIM,006958581        ,3005,ALL,9:00 AM,Final,BZ,9/27/2026 5:03 PM,Y,,NEW BOSTON              ,3969    ,Receipt Location,0,0,0,,0,BD,N,RPQ,,Total,NET,
ANR Pipeline Company,ALL,9/28/2026,TIM,006958581        ,3005,ALL,9:00 AM,Final,BZ,9/27/2026 5:03 PM,Y,,NEW BOSTON              ,3969    ,Delivery Location,2800,3005,0,,3005,BD,,DPQ,,Total,NET,
ANR Pipeline Company,ALL,9/28/2026,TIM,006958581        ,3005,ALL,9:00 AM,Final,BZ,9/27/2026 5:03 PM,Y,,ALEDO/CITY OF ALEDO     ,3973    ,Receipt Location,0,0,0,,457,BD,N,RPQ,,Total,NET,
ANR Pipeline Company,ALL,9/28/2026,TIM,006958581        ,3005,ALL,9:00 AM,Final,BZ,9/27/2026 5:03 PM,Y,,ALEDO/CITY OF ALEDO     ,3973    ,Delivery Location,2500,2525,457,,2068,BD,,DPQ,,Total,NET,
ANR Pipeline Company,ALL,9/28/2026,TIM,006958581        ,3005,ALL,9:00 AM,Final,BZ,9/27/2026 5:03 PM,Y,,LAWRENCE                ,398767  ,Delivery Location,91800,90000,0,,90000,D,,DPQ,,Total,GROSS,
ANR Pipeline Company,ALL,9/28/2026,TIM,006958581        ,3005,ALL,9:00 AM,Final,BZ,9/27/2026 5:03 PM,Y,,FORT WAYNE              ,40184   ,Delivery Location,193830,205065,8133,,196932,D,,DPQ,,Total,GROSS,
ANR Pipeline Company,ALL,9/28/2026,TIM,006958581        ,3005,ALL,9:00 AM,Final,BZ,9/27/2026 5:03 PM,Y,,MILAN MO                ,40193   ,Receipt Location,0,0,0,,803,BD,N,RPQ,,Total,NET,
ANR Pipeline Company,ALL,9/28/2026,TIM,006958581        ,3005,ALL,9:00 AM,Final,BZ,9/27/2026 5:03 PM,Y,,MILAN MO                ,40193   ,Delivery Location,20700,20998,803,,20195,BD,,DPQ,,Total,NET,
ANR Pipeline Company,ALL,9/28/2026,TIM,006958581        ,3005,ALL,9:00 AM,Final,BZ,9/27/2026 5:03 PM,Y,,UNIONVILLE              ,40195   ,Receipt Location,0,0,0,,220,BD,N,RPQ,,Total,NET,
ANR Pipeline Company,ALL,9/28/2026,TIM,006958581        ,3005,ALL,9:00 AM,Final,BZ,9/27/2026 5:03 PM,Y,,UNIONVILLE              ,40195   ,Delivery Location,4200,4324,220,,4104,BD,,DPQ,,Total,NET,
ANR Pipeline Company,ALL,9/28/2026,TIM,006958581        ,3005,ALL,9:00 AM,Final,BZ,9/27/2026 5:03 PM,Y,,PATTERSON/TRUNKLINE DEL,40317   ,Delivery Location,309600,12480,10079,,2401,D,,DPQ,,Total,GROSS,
ANR Pipeline Company,ALL,9/28/2026,TIM,006958581        ,3005,ALL,9:00 AM,Final,BZ,9/27/2026 5:03 PM,Y,,JOLIET WEST/NGPL        ,40419   ,Delivery Location,457000,457000,8257,,448743,D,,DPQ,,Total,GROSS,
ANR Pipeline Company,ALL,9/28/2026,TIM,006958581        ,3005,ALL,9:00 AM,Final,BZ,9/27/2026 5:03 PM,Y,,COTTAGE GROVE           ,40432   ,Delivery Location,2700,3673,0,,3673,D,,DPQ,,Total,GROSS,
ANR Pipeline Company,ALL,9/28/2026,TIM,006958581        ,3005,ALL,9:00 AM,Final,BZ,9/27/2026 5:03 PM,Y,,LOWE 1-27 (OSCEOLA MI)  ,40476   ,Receipt Location,605,1978,0,,1978,R,,RPQ,,Total,GROSS,
ANR Pipeline Company,ALL,9/28/2026,TIM,006958581        ,3005,ALL,9:00 AM,Final,BZ,9/27/2026 5:03 PM,Y,,SOUTHEASTERN MICH       ,40478   ,Receipt Location,0,0,0,,0,BD,N,RPQ,,Total,NET,
ANR Pipeline Company,ALL,9/28/2026,TIM,006958581        ,3005,ALL,9:00 AM,Final,BZ,9/27/2026 5:03 PM,Y,,SOUTHEASTERN MICH       ,40478   ,Delivery Location,88995,88995,0,,88995,BD,,DPQ,,Total,NET,
ANR Pipeline Company,ALL,9/28/2026,TIM,006958581        ,3005,ALL,9:00 AM,Final,BZ,9/27/2026 5:03 PM,Y,,RIDGEVILLE              ,40481   ,Receipt Location,0,0,0,,0,BD,N,RPQ,,Total,NET,
ANR Pipeline Company,ALL,9/28/2026,TIM,006958581        ,3005,ALL,9:00 AM,Final,BZ,9/27/2026 5:03 PM,Y,,RIDGEVILLE              ,40481   ,Delivery Location,1060999,1060999,0,,1060999,BD,,DPQ,,Total,NET,
ANR Pipeline Company,ALL,9/28/2026,TIM,006958581        ,3005,ALL,9:00 AM,Final,BZ,9/27/2026 5:03 PM,Y,,NEENAH                  ,40498   ,Receipt Location,0,0,0,,0,BD,N,RPQ,,Total,NET,
ANR Pipeline Company,ALL,9/28/2026,TIM,006958581        ,3005,ALL,9:00 AM,Final,BZ,9/27/2026 5:03 PM,Y,,NEENAH                  ,40498   ,Delivery Location,4400,4420,0,,4420,BD,,DPQ,,Total,NET,
ANR Pipeline Company,ALL,9/28/2026,TIM,006958581        ,3005,ALL,9:00 AM,Final,BZ,9/27/2026 5:03 PM,Y,,GEORGE B FRANKLIN INT   ,40715   ,Receipt Location,0,0,0,,0,BD,N,RPQ,,Total,NET,
ANR Pipeline Company,ALL,9/28/2026,TIM,006958581        ,3005,ALL,9:00 AM,Final,BZ,9/27/2026 5:03 PM,Y,,GEORGE B FRANKLIN INT   ,40715   ,Delivery Location,800,1777,0,,1777,BD,,DPQ,,Total,NET,
ANR Pipeline Company,ALL,9/28/2026,TIM,006958581        ,3005,ALL,9:00 AM,Final,BZ,9/27/2026 5:03 PM,Y,,SPARTA-MUSKEGON         ,40849   ,Receipt Location,0,0,0,,36333,BD,N,RPQ,,Total,NET,
ANR Pipeline Company,ALL,9/28/2026,TIM,006958581        ,3005,ALL,9:00 AM,Final,BZ,9/27/2026 5:03 PM,Y,,SPARTA-MUSKEGON         ,40849   ,Delivery Location,125000,166386,36333,,130053,BD,,DPQ,,Total,NET,
ANR Pipeline Company,ALL,9/28/2026,TIM,006958581        ,3005,ALL,9:00 AM,Final,BZ,9/27/2026 5:03 PM,Y,,COLLIERVILLE GATE       ,416969  ,Delivery Location,194800,300000,0,,300000,D,,DPQ,,Total,GROSS,
ANR Pipeline Company,ALL,9/28/2026,TIM,006958581        ,3005,ALL,9:00 AM,Final,BZ,9/27/2026 5:03 PM,Y,,JOLIET (MGT-DEL)        ,4194    ,Delivery Location,259600,0,0,,0,D,N,DPQ,,Total,GROSS,
ANR Pipeline Company,ALL,9/28/2026,TIM,006958581        ,3005,ALL,9:00 AM,Final,BZ,9/27/2026 5:03 PM,Y,,EAST JOLIET             ,4196    ,Receipt Location,0,0,0,,10000,BD,N,RPQ,,Total,NET,
ANR Pipeline Company,ALL,9/28/2026,TIM,006958581        ,3005,ALL,9:00 AM,Final,BZ,9/27/2026 5:03 PM,Y,,EAST JOLIET             ,4196    ,Delivery Location,328900,352600,10000,,342600,BD,,DPQ,,Total,NET,
ANR Pipeline Company,ALL,9/28/2026,TIM,006958581        ,3005,ALL,9:00 AM,Final,BZ,9/27/2026 5:03 PM,Y,,WILLOW RUN(TO MICHCON)  ,42078   ,Delivery Location,800000,844034,250044,,593990,D,,DPQ,,Total,GROSS,
ANR Pipeline Company,ALL,9/28/2026,TIM,006958581        ,3005,ALL,9:00 AM,Final,BZ,9/27/2026 5:03 PM,Y,,RIVERWAY (TO BRIDGELINE),42593   ,Receipt Location,0,0,0,,104000,BD,N,RPQ,,Total,NET,
ANR Pipeline Company,ALL,9/28/2026,TIM,006958581        ,3005,ALL,9:00 AM,Final,BZ,9/27/2026 5:03 PM,Y,,RIVERWAY (TO BRIDGELINE),42593   ,Delivery Location,325900,104000,104000,,0,BD,N,DPQ,,Total,NET,
ANR Pipeline Company,ALL,9/28/2026,TIM,006958581        ,3005,ALL,9:00 AM,Final,BZ,9/27/2026 5:03 PM,Y,,CAMERON                 ,43456   ,Receipt Location,14200,15434,0,,15434,R,,RPQ,,Total,GROSS,
ANR Pipeline Company,ALL,9/28/2026,TIM,006958581        ,3005,ALL,9:00 AM,Final,BZ,9/27/2026 5:03 PM,Y,,PATTERSON TO COL GULF,43613   ,Receipt Location,0,0,0,,0,BD,N,RPQ,,Total,NET,
ANR Pipeline Company,ALL,9/28/2026,TIM,006958581        ,3005,ALL,9:00 AM,Final,BZ,9/27/2026 5:03 PM,Y,,PATTERSON TO COL GULF,43613   ,Delivery Location,152500,0,0,,0,BD,N,DPQ,,Total,NET,
ANR Pipeline Company,ALL,9/28/2026,TIM,006958581        ,3005,ALL,9:00 AM,Final,BZ,9/27/2026 5:03 PM,Y,,MADISON LATERAL NORTH   ,438672  ,Receipt Location,0,0,20744,,45417,BD,N,RPQ,,Total,NET,
ANR Pipeline Company,ALL,9/28/2026,TIM,006958581        ,3005,ALL,9:00 AM,Final,BZ,9/27/2026 5:03 PM,Y,,MADISON LATERAL NORTH   ,438672  ,Delivery Location,302265,312056,66161,,266639,BD,,DPQ,,Total,NET,
ANR Pipeline Company,ALL,9/28/2026,TIM,006958581        ,3005,ALL,9:00 AM,Final,BZ,9/27/2026 5:03 PM,Y,,PALO DURO,438677  ,Receipt Location,90600,92000,6000,,86000,R,,RPQ,,Total,GROSS,
ANR Pipeline Company,ALL,9/28/2026,TIM,006958581        ,3005,ALL,9:00 AM,Final,BZ,9/27/2026 5:03 PM,Y,,SHEBOYGAN FALLS         ,439345  ,Receipt Location,0,0,0,,0,BD,N,RPQ,,Total,NET,
ANR Pipeline Company,ALL,9/28/2026,TIM,006958581        ,3005,ALL,9:00 AM,Final,BZ,9/27/2026 5:03 PM,Y,,SHEBOYGAN FALLS         ,439345  ,Delivery Location,103500,107508,0,,107508,BD,,DPQ,,Total,NET,
ANR Pipeline Company,ALL,9/28/2026,TIM,006958581        ,3005,ALL,9:00 AM,Final,BZ,9/27/2026 5:03 PM,Y,,OSHKOSH RIPPLE ROAD     ,444972  ,Delivery Location,52250,52200,2731,,49469,D,,DPQ,,Total,GROSS,
ANR Pipeline Company,ALL,9/28/2026,TIM,006958581        ,3005,ALL,9:00 AM,Final,BZ,9/27/2026 5:03 PM,Y,,WEST SHELBYVILLE        ,4475    ,Receipt Location,0,0,0,,16458,BD,N,RPQ,,Total,NET,
ANR Pipeline Company,ALL,9/28/2026,TIM,006958581        ,3005,ALL,9:00 AM,Final,BZ,9/27/2026 5:03 PM,Y,,WEST SHELBYVILLE        ,4475    ,Delivery Location,100100,103543,16458,,87085,BD,,DPQ,,Total,NET,
ANR Pipeline Company,ALL,9/28/2026,TIM,006958581        ,3005,ALL,9:00 AM,Final,BZ,9/27/2026 5:03 PM,Y,,CHRISNEY/MGT (DELIVERY) ,4480    ,Delivery Location,95900,95900,0,,95900,D,,DPQ,,Total,GROSS,
ANR Pipeline Company,ALL,9/28/2026,TIM,006958581        ,3005,ALL,9:00 AM,Final,BZ,9/27/2026 5:03 PM,Y,,MOULTON                 ,4564    ,Receipt Location,0,0,0,,45,BD,N,RPQ,,Total,NET,
ANR Pipeline Company,ALL,9/28/2026,TIM,006958581        ,3005,ALL,9:00 AM,Final,BZ,9/27/2026 5:03 PM,Y,,MOULTON                 ,4564    ,Delivery Location,3100,3489,45,,3444,BD,,DPQ,,Total,NET,
ANR Pipeline Company,ALL,9/28/2026,TIM,006958581        ,3005,ALL,9:00 AM,Final,BZ,9/27/2026 5:03 PM,Y,,KIRKSVILLE              ,4602    ,Receipt Location,2615,2615,302,,3685,BD,,RPQ,,Total,NET,
ANR Pipeline Company,ALL,9/28/2026,TIM,006958581        ,3005,ALL,9:00 AM,Final,BZ,9/27/2026 5:03 PM,Y,,KIRKSVILLE              ,4602    ,Delivery Location,31600,32240,1372,,31170,BD,,DPQ,,Total,NET,
ANR Pipeline Company,ALL,9/28/2026,TIM,006958581        ,3005,ALL,9:00 AM,Final,BZ,9/27/2026 5:03 PM,Y,,BLOOMFIELD              ,4604    ,Receipt Location,0,0,0,,476,BD,N,RPQ,,Total,NET,
ANR Pipeline Company,ALL,9/28/2026,TIM,006958581        ,3005,ALL,9:00 AM,Final,BZ,9/27/2026 5:03 PM,Y,,BLOOMFIELD              ,4604    ,Delivery Location,5600,5632,476,,5156,BD,,DPQ,,Total,NET,
ANR Pipeline Company,ALL,9/28/2026,TIM,006958581        ,3005,ALL,9:00 AM,Final,BZ,9/27/2026 5:03 PM,Y,,LAMONI                  ,4605    ,Receipt Location,0,0,0,,231,BD,N,RPQ,,Total,NET,
ANR Pipeline Company,ALL,9/28/2026,TIM,006958581        ,3005,ALL,9:00 AM,Final,BZ,9/27/2026 5:03 PM,Y,,LAMONI                  ,4605    ,Delivery Location,4700,5995,231,,5764,BD,,DPQ,,Total,NET,
ANR Pipeline Company,ALL,9/28/2026,TIM,006958581        ,3005,ALL,9:00 AM,Final,BZ,9/27/2026 5:03 PM,Y,,BURLINGTON,4619    ,Receipt Location,0,0,0,,3228,BD,N,RPQ,,Total,NET,
ANR Pipeline Company,ALL,9/28/2026,TIM,006958581        ,3005,ALL,9:00 AM,Final,BZ,9/27/2026 5:03 PM,Y,,BURLINGTON,4619    ,Delivery Location,110600,111066,3228,,107838,BD,,DPQ,,Total,NET,
ANR Pipeline Company,ALL,9/28/2026,TIM,006958581        ,3005,ALL,9:00 AM,Final,BZ,9/27/2026 5:03 PM,Y,,SHADYSIDE/TGP (REC)     ,467239  ,Receipt Location,0,0,0,,0,BD,N,DPQ,,Total,GROSS,
ANR Pipeline Company,ALL,9/28/2026,TIM,006958581        ,3005,ALL,9:00 AM,Final,BZ,9/27/2026 5:03 PM,Y,,SHADYSIDE/TGP (REC)     ,467239  ,Receipt Location,287000,209200,0,,209200,BD,,RPQ,,Total,NET,
ANR Pipeline Company,ALL,9/28/2026,TIM,006958581        ,3005,ALL,9:00 AM,Final,BZ,9/27/2026 5:03 PM,Y,,SHADYSIDE/TGP (DEL),467240  ,Delivery Location,458343,31200,9523,,21677,D,,DPQ,,Total,GROSS,
ANR Pipeline Company,ALL,9/28/2026,TIM,006958581        ,3005,ALL,9:00 AM,Final,BZ,9/27/2026 5:03 PM,Y,,LIDDIEVILLE             ,467676  ,Receipt Location,250500,245630,0,,245630,BD,,RPQ,,Total,NET,
ANR Pipeline Company,ALL,9/28/2026,TIM,006958581        ,3005,ALL,9:00 AM,Final,BZ,9/27/2026 5:03 PM,Y,,LIDDIEVILLE             ,467676  ,Delivery Location,0,0,0,,0,BD,N,DPQ,,Total,NET,
ANR Pipeline Company,ALL,9/28/2026,TIM,006958581        ,3005,ALL,9:00 AM,Final,BZ,9/27/2026 5:03 PM,Y,,WAYLAND IA              ,4689    ,Receipt Location,0,0,0,,295,BD,N,RPQ,,Total,NET,
ANR Pipeline Company,ALL,9/28/2026,TIM,006958581        ,3005,ALL,9:00 AM,Final,BZ,9/27/2026 5:03 PM,Y,,WAYLAND IA              ,4689    ,Delivery Location,3500,3570,295,,3275,BD,,DPQ,,Total,NET,
ANR Pipeline Company,ALL,9/28/2026,TIM,006958581        ,3005,ALL,9:00 AM,Final,BZ,9/27/2026 5:03 PM,Y,,WINFIELD                ,4693    ,Receipt Location,0,0,0,,113,BD,N,RPQ,,Total,NET,
ANR Pipeline Company,ALL,9/28/2026,TIM,006958581        ,3005,ALL,9:00 AM,Final,BZ,9/27/2026 5:03 PM,Y,,WINFIELD                ,4693    ,Delivery Location,3300,3521,113,,3408,BD,,DPQ,,Total,NET,
ANR Pipeline Company,ALL,9/28/2026,TIM,006958581        ,3005,ALL,9:00 AM,Final,BZ,9/27/2026 5:03 PM,Y,,KEOKUK                  ,4741    ,Receipt Location,0,0,0,,1599,BD,N,RPQ,,Total,NET,
ANR Pipeline Company,ALL,9/28/2026,TIM,006958581        ,3005,ALL,9:00 AM,Final,BZ,9/27/2026 5:03 PM,Y,,KEOKUK                  ,4741    ,Delivery Location,51400,51792,1599,,50193,BD,,DPQ,,Total,NET,
ANR Pipeline Company,ALL,9/28/2026,TIM,006958581        ,3005,ALL,9:00 AM,Final,BZ,9/27/2026 5:03 PM,Y,,MORNING SUN             ,4747    ,Receipt Location,0,0,0,,112,BD,N,RPQ,,Total,NET,
ANR Pipeline Company,ALL,9/28/2026,TIM,006958581        ,3005,ALL,9:00 AM,Final,BZ,9/27/2026 5:03 PM,Y,,MORNING SUN             ,4747    ,Delivery Location,3000,3231,112,,3119,BD,,DPQ,,Total,NET,
ANR Pipeline Company,ALL,9/28/2026,TIM,006958581        ,3005,ALL,9:00 AM,Final,BZ,9/27/2026 5:03 PM,Y,,ELK CITY INTERCONNECT   ,482503  ,Receipt Location,100700,115000,0,,115000,R,,RPQ,,Total,GROSS,
ANR Pipeline Company,ALL,9/28/2026,TIM,006958581        ,3005,ALL,9:00 AM,Final,BZ,9/27/2026 5:03 PM,Y,,LINEVILLE               ,4856    ,Receipt Location,0,0,0,,1,BD,N,RPQ,,Total,NET,
ANR Pipeline Company,ALL,9/28/2026,TIM,006958581        ,3005,ALL,9:00 AM,Final,BZ,9/27/2026 5:03 PM,Y,,LINEVILLE               ,4856    ,Delivery Location,2400,2400,1,,2399,BD,,DPQ,,Total,NET,
ANR Pipeline Company,ALL,9/28/2026,TIM,006958581        ,3005,ALL,9:00 AM,Final,BZ,9/27/2026 5:03 PM,Y,,ALLERTON                ,4857    ,Receipt Location,0,0,0,,271,BD,N,RPQ,,Total,NET,
ANR Pipeline Company,ALL,9/28/2026,TIM,006958581        ,3005,ALL,9:00 AM,Final,BZ,9/27/2026 5:03 PM,Y,,ALLERTON                ,4857    ,Delivery Location,4500,4620,271,,4349,BD,,DPQ,,Total,NET,
ANR Pipeline Company,ALL,9/28/2026,TIM,006958581        ,3005,ALL,9:00 AM,Final,BZ,9/27/2026 5:03 PM,Y,,SLAUGHTERS/TGT (REC)    ,48639   ,Receipt Location,73900,223652,0,,223652,R,,RPQ,,Total,GROSS,
ANR Pipeline Company,ALL,9/28/2026,TIM,006958581        ,3005,ALL,9:00 AM,Final,BZ,9/27/2026 5:03 PM,Y,,PATTERSON/TRUNKLINE REC ,48640   ,Receipt Location,34000,34023,0,,34023,R,,RPQ,,Total,GROSS,
ANR Pipeline Company,ALL,9/28/2026,TIM,006958581        ,3005,ALL,9:00 AM,Final,BZ,9/27/2026 5:03 PM,Y,,JOLIET (MGT-REC)        ,48641   ,Receipt Location,257000,257000,0,,257000,R,,RPQ,,Total,GROSS,
ANR Pipeline Company,ALL,9/28/2026,TIM,006958581        ,3005,ALL,9:00 AM,Final,BZ,9/27/2026 5:03 PM,Y,,DETROIT A & B (RECEIPT) ,48642   ,Receipt Location,699400,750000,247310,,502690,R,,RPQ,,Total,GROSS,
ANR Pipeline Company,ALL,9/28/2026,TIM,006958581        ,3005,ALL,9:00 AM,Final,BZ,9/27/2026 5:03 PM,Y,,FARWELL (RECEIPT)       ,48644   ,Receipt Location,1312900,1164720,478344,,686376,R,,RPQ,,Total,GROSS,
ANR Pipeline Company,ALL,9/28/2026,TIM,006958581        ,3005,ALL,9:00 AM,Final,BZ,9/27/2026 5:03 PM,Y,,PINE PRAIRIE NORTH REC  ,490940  ,Receipt Location,600000,600000,0,,600000,R,,RPQ,,Total,GROSS,
ANR Pipeline Company,ALL,9/28/2026,TIM,006958581        ,3005,ALL,9:00 AM,Final,BZ,9/27/2026 5:03 PM,Y,,PINE PRAIRIE NORTH DEL  ,490941  ,Delivery Location,600000,600000,177506,,422494,D,,DPQ,,Total,GROSS,
ANR Pipeline Company,ALL,9/28/2026,TIM,006958581        ,3005,ALL,9:00 AM,Final,BZ,9/27/2026 5:03 PM,Y,,WHEELER HIDETOWN,490942  ,Receipt Location,75000,78000,0,,78000,R,,RPQ,,Total,GROSS,
ANR Pipeline Company,ALL,9/28/2026,TIM,006958581        ,3005,ALL,9:00 AM,Final,BZ,9/27/2026 5:03 PM,Y,,RIO                     ,494371  ,Delivery Location,11500,12110,0,,12110,D,,DPQ,,Total,GROSS,
ANR Pipeline Company,ALL,9/28/2026,TIM,006958581        ,3005,ALL,9:00 AM,Final,BZ,9/27/2026 5:03 PM,Y,,BUCKEYE GREENVILLE PLANT,505582  ,Delivery Location,160500,160500,0,,160500,D,,DPQ,,Total,GROSS,
ANR Pipeline Company,ALL,9/28/2026,TIM,006958581        ,3005,ALL,9:00 AM,Final,BZ,9/27/2026 5:03 PM,Y,,EUNICE TOTAL,505592  ,Receipt Location,0,0,184764,,1880430,BD,N,RPQ,,Total,NET,
ANR Pipeline Company,ALL,9/28/2026,TIM,006958581        ,3005,ALL,9:00 AM,Final,BZ,9/27/2026 5:03 PM,Y,,EUNICE TOTAL,505592  ,Delivery Location,3000000,3000000,2065194,,1119570,BD,,DPQ,,Total,NET,
ANR Pipeline Company,ALL,9/28/2026,TIM,006958581        ,3005,ALL,9:00 AM,Final,BZ,9/27/2026 5:03 PM,Y,,ALLEN PLANT,505606  ,Delivery Location,200000,200000,101266,,98734,BD,,DPQ,,Total,NET,
ANR Pipeline Company,ALL,9/28/2026,TIM,006958581        ,3005,ALL,9:00 AM,Final,BZ,9/27/2026 5:03 PM,Y,,ALLEN PLANT,505606  ,Delivery Location,0,0,0,,101266,BD,N,RPQ,,Total,NET,
ANR Pipeline Company,ALL,9/28/2026,TIM,006958581        ,3005,ALL,9:00 AM,Final,BZ,9/27/2026 5:03 PM,Y,,MILWAUKEE LATERAL       ,505621  ,Receipt Location,0,0,1,,144667,BD,Y,RPQ,,Total,NET,
ANR Pipeline Company,ALL,9/28/2026,TIM,006958581        ,3005,ALL,9:00 AM,Final,BZ,9/27/2026 5:03 PM,Y,,MILWAUKEE LATERAL       ,505621  ,Delivery Location,347318,357000,144668,,212333,BD,,DPQ,,Total,NET,
ANR Pipeline Company,ALL,9/28/2026,TIM,006958581        ,3005,ALL,9:00 AM,Final,BZ,9/27/2026 5:03 PM,Y,,RACINE LATERAL          ,505622  ,Receipt Location,0,0,0,,14778,BD,N,RPQ,,Total,NET,
ANR Pipeline Company,ALL,9/28/2026,TIM,006958581        ,3005,ALL,9:00 AM,Final,BZ,9/27/2026 5:03 PM,Y,,RACINE LATERAL          ,505622  ,Delivery Location,108682,138420,14778,,123642,BD,,DPQ,,Total,NET,
ANR Pipeline Company,ALL,9/28/2026,TIM,006958581        ,3005,ALL,9:00 AM,Final,BZ,9/27/2026 5:03 PM,Y,,SANDWICH TO SWML,505639  ,Receipt Location,0,0,0,,0,R,N,RPQ,,Total,GROSS,
ANR Pipeline Company,ALL,9/28/2026,TIM,006958581        ,3005,ALL,9:00 AM,Final,BZ,9/27/2026 5:03 PM,Y,,PATTERSON/PELICAN       ,505654  ,Receipt Location,600000,600000,0,,600000,BD,,RPQ,,Total,NET,
ANR Pipeline Company,ALL,9/28/2026,TIM,006958581        ,3005,ALL,9:00 AM,Final,BZ,9/27/2026 5:03 PM,Y,,PATTERSON/PELICAN       ,505654  ,Delivery Location,0,0,0,,0,BD,N,DPQ,,Total,NET,
ANR Pipeline Company,ALL,9/28/2026,TIM,006958581        ,3005,ALL,9:00 AM,Final,BZ,9/27/2026 5:03 PM,Y,,PATTERSON/NEPTUNE       ,505655  ,Receipt Location,600000,600000,63604,,536396,BD,,RPQ,,Total,NET,
ANR Pipeline Company,ALL,9/28/2026,TIM,006958581        ,3005,ALL,9:00 AM,Final,BZ,9/27/2026 5:03 PM,Y,,PATTERSON/NEPTUNE       ,505655  ,Delivery Location,0,0,0,,63604,BD,N,DPQ,,Total,NET,
ANR Pipeline Company,ALL,9/28/2026,TIM,006958581        ,3005,ALL,9:00 AM,Final,BZ,9/27/2026 5:03 PM,Y,,LEASE EMERSON VIA CFALLS,505665  ,Receipt Location,200000,185000,128755,,56245,BD,,RPQ,,Total,NET,
ANR Pipeline Company,ALL,9/28/2026,TIM,006958581        ,3005,ALL,9:00 AM,Final,BZ,9/27/2026 5:03 PM,Y,,LEASE EMERSON VIA CFALLS,505665  ,Delivery Location,0,0,0,,128755,BD,N,DPQ,,Total,NET,
ANR Pipeline Company,ALL,9/28/2026,TIM,006958581        ,3005,ALL,9:00 AM,Final,BZ,9/27/2026 5:03 PM,Y,,CRYSTAL FALLS TOTAL,505668  ,Receipt Location,9936900,900000000,338553,,899661447,BD,,RPQ,,Total,NET,
ANR Pipeline Company,ALL,9/28/2026,TIM,006958581        ,3005,ALL,9:00 AM,Final,BZ,9/27/2026 5:03 PM,Y,,CRYSTAL FALLS TOTAL,505668  ,Delivery Location,0,900000000,0,,900338553,BD,,DPQ,,Total,NET,
ANR Pipeline Company,ALL,9/28/2026,TIM,006958581        ,3005,ALL,9:00 AM,Final,BZ,9/27/2026 5:03 PM,Y,,EUNICE TO REX,505671  ,Receipt Location,0,0,0,,0,R,N,RPQ,,Total,GROSS,
ANR Pipeline Company,ALL,9/28/2026,TIM,006958581        ,3005,ALL,9:00 AM,Final,BZ,9/27/2026 5:03 PM,Y,,REX TO DEFIANCE,505672  ,Receipt Location,0,0,0,,0,R,N,RPQ,,Total,GROSS,
ANR Pipeline Company,ALL,9/28/2026,TIM,006958581        ,3005,ALL,9:00 AM,Final,BZ,9/27/2026 5:03 PM,Y,,REX SHELBYVILLE TO ALLEN PLANT,505674  ,Receipt Location,0,0,0,,0,R,N,RPQ,,Total,GROSS,
ANR Pipeline Company,ALL,9/28/2026,TIM,006958581        ,3005,ALL,9:00 AM,Final,BZ,9/27/2026 5:03 PM,Y,,DEFIANCE TO FORT WAYNE,505675  ,Receipt Location,0,0,0,,0,R,N,RPQ,,Total,GROSS,
ANR Pipeline Company,ALL,9/28/2026,TIM,006958581        ,3005,ALL,9:00 AM,Final,BZ,9/27/2026 5:03 PM,Y,,S W HEADSTATION TO S W CDP,505677  ,Receipt Location,0,0,0,,0,R,N,RPQ,,Total,GROSS,
ANR Pipeline Company,ALL,9/28/2026,TIM,006958581        ,3005,ALL,9:00 AM,Final,BZ,9/27/2026 5:03 PM,Y,,CENTERPOINT/CUSTER REC  ,512133  ,Receipt Location,115000,115000,13477,,101523,R,,RPQ,,Total,GROSS,
ANR Pipeline Company,ALL,9/28/2026,TIM,006958581        ,3005,ALL,9:00 AM,Final,BZ,9/27/2026 5:03 PM,Y,,WESTRICK,513105  ,Receipt Location,0,0,0,,1569577,BD,N,DPQ,,Total,NET,
ANR Pipeline Company,ALL,9/28/2026,TIM,006958581        ,3005,ALL,9:00 AM,Final,BZ,9/27/2026 5:03 PM,Y,,WESTRICK,513105  ,Receipt Location,1700000,1800300,1569577,,230723,BD,,RPQ,,Total,NET,
ANR Pipeline Company,ALL,9/28/2026,TIM,006958581        ,3005,ALL,9:00 AM,Final,BZ,9/27/2026 5:03 PM,Y,,KIZER CREEK             ,513106  ,Receipt Location,0,0,0,,0,BD,N,DPQ,,Total,GROSS,
ANR Pipeline Company,ALL,9/28/2026,TIM,006958581        ,3005,ALL,9:00 AM,Final,BZ,9/27/2026 5:03 PM,Y,,KIZER CREEK             ,513106  ,Receipt Location,165000,174570,105753,,68817,BD,,RPQ,,Total,GROSS,
ANR Pipeline Company,ALL,9/28/2026,TIM,006958581        ,3005,ALL,9:00 AM,Final,BZ,9/27/2026 5:03 PM,Y,,OUTAGAMIE               ,513107  ,Receipt Location,5482,5482,1100,,4382,R,,RPQ,,Total,GROSS,
ANR Pipeline Company,ALL,9/28/2026,TIM,006958581        ,3005,ALL,9:00 AM,Final,BZ,9/27/2026 5:03 PM,Y,,NORTH AVENUE            ,513127  ,Receipt Location,10020,10020,2517,,7503,R,,RPQ,,Total,GROSS,
ANR Pipeline Company,ALL,9/28/2026,TIM,006958581        ,3005,ALL,9:00 AM,Final,BZ,9/27/2026 5:03 PM,Y,,BARNITZ CREEK           ,513128  ,Receipt Location,117878,118204,66229,,51975,R,,RPQ,,Total,GROSS,
ANR Pipeline Company,ALL,9/28/2026,TIM,006958581        ,3005,ALL,9:00 AM,Final,BZ,9/27/2026 5:03 PM,Y,,NEWTON ROAD RNG         ,513129  ,Receipt Location,10000,10000,1850,,8150,R,,RPQ,,Total,GROSS,
ANR Pipeline Company,ALL,9/28/2026,TIM,006958581        ,3005,ALL,9:00 AM,Final,BZ,9/27/2026 5:03 PM,Y,,ZAHNS FARM REC          ,513134  ,Receipt Location,43140,43140,390,,42750,R,,RPQ,,Total,GROSS,
ANR Pipeline Company,ALL,9/28/2026,TIM,006958581        ,3005,ALL,9:00 AM,Final,BZ,9/27/2026 5:03 PM,Y,,HICKORY MEADOWS RECEIPT ,513135  ,Receipt Location,3044,3044,475,,2569,R,,RPQ,,Total,GROSS,
ANR Pipeline Company,ALL,9/28/2026,TIM,006958581        ,3005,ALL,9:00 AM,Final,BZ,9/27/2026 5:03 PM,Y,,MENTZER RD              ,513137  ,Receipt Location,23840,23840,1,,23839,R,,RPQ,,Total,GROSS,
ANR Pipeline Company,ALL,9/28/2026,TIM,006958581        ,3005,ALL,9:00 AM,Final,BZ,9/27/2026 5:03 PM,Y,,DUGAS RD REC            ,513142  ,Receipt Location,1100000,1100000,711852,,388148,BD,,RPQ,,Total,NET,
ANR Pipeline Company,ALL,9/28/2026,TIM,006958581        ,3005,ALL,9:00 AM,Final,BZ,9/27/2026 5:03 PM,Y,,DUGAS RD REC            ,513142  ,Delivery Location,0,0,0,,711852,BD,N,DPQ,,Total,NET,
ANR Pipeline Company,ALL,9/28/2026,TIM,006958581        ,3005,ALL,9:00 AM,Final,BZ,9/27/2026 5:03 PM,Y,,DAVIESS COUNTY RNG      ,513201  ,Receipt Location,1800,1800,0,,1800,R,,RPQ,,Total,GROSS,
ANR Pipeline Company,ALL,9/28/2026,TIM,006958581        ,3005,ALL,9:00 AM,Final,BZ,9/27/2026 5:03 PM,Y,,ALTA VISTA/CITY OF AV   ,5227    ,Receipt Location,0,0,0,,77,BD,N,RPQ,,Total,NET,
ANR Pipeline Company,ALL,9/28/2026,TIM,006958581        ,3005,ALL,9:00 AM,Final,BZ,9/27/2026 5:03 PM,Y,,ALTA VISTA/CITY OF AV   ,5227    ,Delivery Location,3500,3654,77,,3577,BD,,DPQ,,Total,NET,
ANR Pipeline Company,ALL,9/28/2026,TIM,006958581        ,3005,ALL,9:00 AM,Final,BZ,9/27/2026 5:03 PM,Y,,FALLEN TIMBERS          ,523086  ,Receipt Location,0,0,2500,,30000,BD,N,RPQ,,Total,NET,
ANR Pipeline Company,ALL,9/28/2026,TIM,006958581        ,3005,ALL,9:00 AM,Final,BZ,9/27/2026 5:03 PM,Y,,FALLEN TIMBERS          ,523086  ,Delivery Location,274125,224700,32500,,194700,BD,,DPQ,,Total,NET,
ANR Pipeline Company,ALL,9/28/2026,TIM,006958581        ,3005,ALL,9:00 AM,Final,BZ,9/27/2026 5:03 PM,Y,,YOUNGS ROAD DELIVERY    ,523090  ,Delivery Location,115000,215250,0,,215250,D,,DPQ,,Total,GROSS,
ANR Pipeline Company,ALL,9/28/2026,TIM,006958581        ,3005,ALL,9:00 AM,Final,BZ,9/27/2026 5:03 PM,Y,,ACADIA 2 INT DEL        ,523091  ,Delivery Location,697476,697476,253070,,444406,D,,DPQ,,Total,GROSS,
ANR Pipeline Company,ALL,9/28/2026,TIM,006958581        ,3005,ALL,9:00 AM,Final,BZ,9/27/2026 5:03 PM,Y,,FOURNERAT ROAD DELIVERY ,523092  ,Delivery Location,80000,75000,0,,75000,D,,DPQ,,Total,GROSS,
ANR Pipeline Company,ALL,9/28/2026,TIM,006958581        ,3005,ALL,9:00 AM,Final,BZ,9/27/2026 5:03 PM,Y,,MERMENTAU RIVER GCX     ,523094  ,Receipt Location,0,0,0,,1097052,BD,N,RPQ,,Total,NET,
ANR Pipeline Company,ALL,9/28/2026,TIM,006958581        ,3005,ALL,9:00 AM,Final,BZ,9/27/2026 5:03 PM,Y,,MERMENTAU RIVER GCX     ,523094  ,Delivery Location,1110000,1163280,1097052,,66228,BD,,DPQ,,Total,NET,
ANR Pipeline Company,ALL,9/28/2026,TIM,006958581        ,3005,ALL,9:00 AM,Final,BZ,9/27/2026 5:03 PM,Y,,JACKSON GEN             ,523097  ,Delivery Location,642600,642600,182000,,460600,D,,DPQ,,Total,GROSS,
ANR Pipeline Company,ALL,9/28/2026,TIM,006958581        ,3005,ALL,9:00 AM,Final,BZ,9/27/2026 5:03 PM,Y,,NILES PLANT             ,523098  ,Receipt Location,0,0,0,,165000,BD,N,RPQ,,Total,NET,
ANR Pipeline Company,ALL,9/28/2026,TIM,006958581        ,3005,ALL,9:00 AM,Final,BZ,9/27/2026 5:03 PM,Y,,NILES PLANT             ,523098  ,Delivery Location,382500,200000,165000,,35000,BD,,DPQ,,Total,NET,
ANR Pipeline Company,ALL,9/28/2026,TIM,006958581        ,3005,ALL,9:00 AM,Final,BZ,9/27/2026 5:03 PM,Y,,WHEELER                 ,523099  ,Receipt Location,0,0,0,,111,BD,N,RPQ,,Total,NET,
ANR Pipeline Company,ALL,9/28/2026,TIM,006958581        ,3005,ALL,9:00 AM,Final,BZ,9/27/2026 5:03 PM,Y,,WHEELER                 ,523099  ,Delivery Location,496320,480000,111,,479889,BD,,DPQ,,Total,NET,
ANR Pipeline Company,ALL,9/28/2026,TIM,006958581        ,3005,ALL,9:00 AM,Final,BZ,9/27/2026 5:03 PM,Y,,DESOTO                  ,523101  ,Receipt Location,0,0,0,,495,BD,N,RPQ,,Total,NET,
ANR Pipeline Company,ALL,9/28/2026,TIM,006958581        ,3005,ALL,9:00 AM,Final,BZ,9/27/2026 5:03 PM,Y,,DESOTO                  ,523101  ,Delivery Location,29500,29500,495,,29005,BD,,DPQ,,Total,NET,
ANR Pipeline Company,ALL,9/28/2026,TIM,006958581        ,3005,ALL,9:00 AM,Final,BZ,9/27/2026 5:03 PM,Y,,MITCHELL CEMENT         ,523106  ,Delivery Location,53000,33617,21000,,12617,D,,DPQ,,Total,GROSS,
ANR Pipeline Company,ALL,9/28/2026,TIM,006958581        ,3005,ALL,9:00 AM,Final,BZ,9/27/2026 5:03 PM,Y,,ZAHNS FARM DEL          ,523111  ,Delivery Location,43140,43140,380,,42760,D,,DPQ,,Total,GROSS,
ANR Pipeline Company,ALL,9/28/2026,TIM,006958581        ,3005,ALL,9:00 AM,Final,BZ,9/27/2026 5:03 PM,Y,,DAVIESS COUNTY RNG BUYBA,523211  ,Delivery Location,1800,1800,260,,1540,D,,DPQ,,Total,GROSS,
ANR Pipeline Company,ALL,9/28/2026,TIM,006958581        ,3005,ALL,9:00 AM,Final,BZ,9/27/2026 5:03 PM,Y,,BLUE LAKE - INJECTION   ,542526  ,Delivery Location,200000,500000,133774,,366226,D,,DPQ,,Total,GROSS,
ANR Pipeline Company,ALL,9/28/2026,TIM,006958581        ,3005,ALL,9:00 AM,Final,BZ,9/27/2026 5:03 PM,Y,,BLUE LAKE - WITHDRAWAL  ,542527  ,Receipt Location,700000,999999999,0,,999999999,R,,RPQ,,Total,GROSS,
ANR Pipeline Company,ALL,9/28/2026,TIM,006958581        ,3005,ALL,9:00 AM,Final,BZ,9/27/2026 5:03 PM,Y,,WETMORE                 ,5588    ,Receipt Location,0,0,0,,39,BD,N,RPQ,,Total,NET,
ANR Pipeline Company,ALL,9/28/2026,TIM,006958581        ,3005,ALL,9:00 AM,Final,BZ,9/27/2026 5:03 PM,Y,,WETMORE                 ,5588    ,Delivery Location,3400,3380,39,,3341,BD,,DPQ,,Total,NET,
ANR Pipeline Company,ALL,9/28/2026,TIM,006958581        ,3005,ALL,9:00 AM,Final,BZ,9/27/2026 5:03 PM,Y,,HAVENSVILLE             ,5658    ,Receipt Location,0,0,0,,13,BD,N,RPQ,,Total,NET,
ANR Pipeline Company,ALL,9/28/2026,TIM,006958581        ,3005,ALL,9:00 AM,Final,BZ,9/27/2026 5:03 PM,Y,,HAVENSVILLE             ,5658    ,Delivery Location,2400,2400,13,,2387,BD,,DPQ,,Total,NET,
ANR Pipeline Company,ALL,9/28/2026,TIM,006958581        ,3005,ALL,9:00 AM,Final,BZ,9/27/2026 5:03 PM,Y,,ALDEN/WILLIAMS NAT GAS  ,5751    ,Receipt Location,153600,153468,0,,153468,R,,RPQ,,Total,GROSS,
ANR Pipeline Company,ALL,9/28/2026,TIM,006958581        ,3005,ALL,9:00 AM,Final,BZ,9/27/2026 5:03 PM,Y,,SLAUGHTERS/TGT (DEL)    ,6470    ,Delivery Location,204200,0,0,,0,D,N,DPQ,,Total,GROSS,
ANR Pipeline Company,ALL,9/28/2026,TIM,006958581        ,3005,ALL,9:00 AM,Final,BZ,9/27/2026 5:03 PM,Y,,REX WEST INT            ,696539  ,Receipt Location,0,0,0,,290,BD,N,DPQ,,Total,NET,
ANR Pipeline Company,ALL,9/28/2026,TIM,006958581        ,3005,ALL,9:00 AM,Final,BZ,9/27/2026 5:03 PM,Y,,REX WEST INT            ,696539  ,Receipt Location,600000,614662,290,,614372,BD,,RPQ,,Total,NET,
ANR Pipeline Company,ALL,9/28/2026,TIM,006958581        ,3005,ALL,9:00 AM,Final,BZ,9/27/2026 5:03 PM,Y,,CATON FARM ROAD         ,697645  ,Delivery Location,104851,104851,0,,104851,D,,DPQ,,Total,GROSS,
ANR Pipeline Company,ALL,9/28/2026,TIM,006958581        ,3005,ALL,9:00 AM,Final,BZ,9/27/2026 5:03 PM,Y,,RICHLAND SOUTH INT      ,702777  ,Receipt Location,1000000,996063,110713,,885350,BD,,RPQ,,Total,NET,
ANR Pipeline Company,ALL,9/28/2026,TIM,006958581        ,3005,ALL,9:00 AM,Final,BZ,9/27/2026 5:03 PM,Y,,RICHLAND SOUTH INT      ,702777  ,Delivery Location,0,0,0,,110713,BD,N,DPQ,,Total,NET,
ANR Pipeline Company,ALL,9/28/2026,TIM,006958581        ,3005,ALL,9:00 AM,Final,BZ,9/27/2026 5:03 PM,Y,,ILLINOIS NORTH          ,703495  ,Receipt Location,0,0,0,,0,BD,N,RPQ,,Total,NET,
ANR Pipeline Company,ALL,9/28/2026,TIM,006958581        ,3005,ALL,9:00 AM,Final,BZ,9/27/2026 5:03 PM,Y,,ILLINOIS NORTH          ,703495  ,Delivery Location,340000,340000,0,,340000,BD,,DPQ,,Total,NET,
ANR Pipeline Company,ALL,9/28/2026,TIM,006958581        ,3005,ALL,9:00 AM,Final,BZ,9/27/2026 5:03 PM,Y,,CUSTER BAKER            ,703496  ,Receipt Location,100000,105900,0,,105900,R,,RPQ,,Total,GROSS,
ANR Pipeline Company,ALL,9/28/2026,TIM,006958581        ,3005,ALL,9:00 AM,Final,BZ,9/27/2026 5:03 PM,Y,,ROBERTS CO NO 1 DEL.    ,736566  ,Delivery Location,107300,106470,0,,106470,D,,DPQ,,Total,GROSS,
ANR Pipeline Company,ALL,9/28/2026,TIM,006958581        ,3005,ALL,9:00 AM,Final,BZ,9/27/2026 5:03 PM,Y,,RED BULL                ,737783  ,Receipt Location,0,0,0,,0,BD,N,RPQ,,Total,NET,
ANR Pipeline Company,ALL,9/28/2026,TIM,006958581        ,3005,ALL,9:00 AM,Final,BZ,9/27/2026 5:03 PM,Y,,RED BULL                ,737783  ,Delivery Location,206000,244631,0,,244631,BD,,DPQ,,Total,NET,
ANR Pipeline Company,ALL,9/28/2026,TIM,006958581        ,3005,ALL,9:00 AM,Final,BZ,9/27/2026 5:03 PM,Y,,RED RIVER DELIVERY      ,738789  ,Delivery Location,50000,50000,0,,50000,D,,DPQ,,Total,GROSS,
ANR Pipeline Company,ALL,9/28/2026,TIM,006958581        ,3005,ALL,9:00 AM,Final,BZ,9/27/2026 5:03 PM,Y,,REX SHELBYVILLE         ,742252  ,Receipt Location,1249500,1393600,217015,,1263920,BD,,RPQ,,Total,NET,
ANR Pipeline Company,ALL,9/28/2026,TIM,006958581        ,3005,ALL,9:00 AM,Final,BZ,9/27/2026 5:03 PM,Y,,REX SHELBYVILLE         ,742252  ,Delivery Location,0,0,87335,,129680,BD,N,DPQ,,Total,NET,
ANR Pipeline Company,ALL,9/28/2026,TIM,006958581        ,3005,ALL,9:00 AM,Final,BZ,9/27/2026 5:03 PM,Y,,BOBCAT STORAGE (REC)    ,742882  ,Receipt Location,400000,157950,65604,,92346,R,,RPQ,,Total,GROSS,
ANR Pipeline Company,ALL,9/28/2026,TIM,006958581        ,3005,ALL,9:00 AM,Final,BZ,9/27/2026 5:03 PM,Y,,BOBCAT STORAGE (DEL)    ,742883  ,Delivery Location,400000,150000,67467,,82533,D,,DPQ,,Total,GROSS,
ANR Pipeline Company,ALL,9/28/2026,TIM,006958581        ,3005,ALL,9:00 AM,Final,BZ,9/27/2026 5:03 PM,Y,,HARPER VALLEY INT       ,766131  ,Receipt Location,13300,13313,1391,,11922,R,,RPQ,,Total,GROSS,
ANR Pipeline Company,ALL,9/28/2026,TIM,006958581        ,3005,ALL,9:00 AM,Final,BZ,9/27/2026 5:03 PM,Y,,PINE PRAIRIE SOUTH REC  ,766184  ,Receipt Location,607800,626240,174980,,451260,R,,RPQ,,Total,GROSS,
ANR Pipeline Company,ALL,9/28/2026,TIM,006958581        ,3005,ALL,9:00 AM,Final,BZ,9/27/2026 5:03 PM,Y,,PINE PRAIRIE SOUTH DEL  ,766185  ,Delivery Location,607800,81354,35880,,45474,D,,DPQ,,Total,GROSS,
ANR Pipeline Company,ALL,9/28/2026,TIM,006958581        ,3005,ALL,9:00 AM,Final,BZ,9/27/2026 5:03 PM,Y,,ACADIA 2 INT REC        ,767091  ,Receipt Location,200000,200000,0,,200000,R,,RPQ,,Total,GROSS,
ANR Pipeline Company,ALL,9/28/2026,TIM,006958581        ,3005,ALL,9:00 AM,Final,BZ,9/27/2026 5:03 PM,Y,,DES PLAINS              ,769472  ,Delivery Location,117200,60000,0,,60000,D,,DPQ,,Total,GROSS,
ANR Pipeline Company,ALL,9/28/2026,TIM,006958581        ,3005,ALL,9:00 AM,Final,BZ,9/27/2026 5:03 PM,Y,,CHALKLEY/TENN           ,7703    ,Receipt Location,0,0,0,,0,BD,N,RPQ,,Total,NET,
ANR Pipeline Company,ALL,9/28/2026,TIM,006958581        ,3005,ALL,9:00 AM,Final,BZ,9/27/2026 5:03 PM,Y,,CHALKLEY/TENN           ,7703    ,Delivery Location,110000,18000,0,,18000,BD,,DPQ,,Total,NET,
ANR Pipeline Company,ALL,9/28/2026,TIM,006958581        ,3005,ALL,9:00 AM,Final,BZ,9/27/2026 5:03 PM,Y,,OLIVE BRANCH CITY OF    ,781395  ,Delivery Location,25000,17000,0,,17000,D,,DPQ,,Total,GROSS,
ANR Pipeline Company,ALL,9/28/2026,TIM,006958581        ,3005,ALL,9:00 AM,Final,BZ,9/27/2026 5:03 PM,Y,,MIDCONTINENT EXPRESS    ,803183  ,Receipt Location,270000,172000,0,,172000,BD,,RPQ,,Total,NET,
ANR Pipeline Company,ALL,9/28/2026,TIM,006958581        ,3005,ALL,9:00 AM,Final,BZ,9/27/2026 5:03 PM,Y,,MIDCONTINENT EXPRESS    ,803183  ,Delivery Location,0,0,0,,0,BD,N,DPQ,,Total,NET,
ANR Pipeline Company,ALL,9/28/2026,TIM,006958581        ,3005,ALL,9:00 AM,Final,BZ,9/27/2026 5:03 PM,Y,,FAYETTEVILLE EXPRESS    ,803184  ,Receipt Location,1375000,1379125,0,,1379125,BD,,RPQ,,Total,NET,
ANR Pipeline Company,ALL,9/28/2026,TIM,006958581        ,3005,ALL,9:00 AM,Final,BZ,9/27/2026 5:03 PM,Y,,FAYETTEVILLE EXPRESS    ,803184  ,Delivery Location,0,0,0,,0,BD,N,DPQ,,Total,NET,
ANR Pipeline Company,ALL,9/28/2026,TIM,006958581        ,3005,ALL,9:00 AM,Final,BZ,9/27/2026 5:03 PM,Y,,WEST LAKE ARTHUR        ,8650    ,Receipt Location,63100,61389,0,,61389,R,,RPQ,,Total,GROSS,
ANR Pipeline Company,ALL,9/28/2026,TIM,006958581        ,3005,ALL,9:00 AM,Final,BZ,9/27/2026 5:03 PM,Y,,GREEN STATION           ,89222   ,Receipt Location,39800,40680,6500,,34180,R,,RPQ,,Total,GROSS,
ANR Pipeline Company,ALL,9/28/2026,TIM,006958581        ,3005,ALL,9:00 AM,Final,BZ,9/27/2026 5:03 PM,Y,,GREENSBURG/NNG (REC)    ,90017   ,Receipt Location,216900,215670,0,,215670,BD,,RPQ,,Total,GROSS,
ANR Pipeline Company,ALL,9/28/2026,TIM,006958581        ,3005,ALL,9:00 AM,Final,BZ,9/27/2026 5:03 PM,Y,,GREENSBURG/NNG (REC)    ,90017   ,Delivery Location,216900,210000,0,,210000,BD,,DPQ,,Total,GROSS,
ANR Pipeline Company,ALL,9/28/2026,TIM,006958581        ,3005,ALL,9:00 AM,Final,BZ,9/27/2026 5:03 PM,Y,,SPEARMAN                ,918527  ,Receipt Location,50000,71538,15942,,55596,R,,RPQ,,Total,GROSS,
ANR Pipeline Company,ALL,9/28/2026,TIM,006958581        ,3005,ALL,9:00 AM,Final,BZ,9/27/2026 5:03 PM,Y,,LIDDIEVILLE 42          ,924935  ,Receipt Location,750000,750000,94184,,655816,R,,RPQ,,Total,GROSS,
ANR Pipeline Company,ALL,9/28/2026,TIM,006958581        ,3005,ALL,9:00 AM,Final,BZ,9/27/2026 5:03 PM,Y,,TIGER INTERCONNECT      ,927982  ,Receipt Location,500000,500000,224859,,275141,BD,,RPQ,,Total,NET,
ANR Pipeline Company,ALL,9/28/2026,TIM,006958581        ,3005,ALL,9:00 AM,Final,BZ,9/27/2026 5:03 PM,Y,,TIGER INTERCONNECT      ,927982  ,Delivery Location,0,0,0,,224859,BD,N,DPQ,,Total,NET,
ANR Pipeline Company,ALL,9/28/2026,TIM,006958581        ,3005,ALL,9:00 AM,Final,BZ,9/27/2026 5:03 PM,Y,,NICOR TOTAL             ,9505471 ,Receipt Location,0,0,0,,3026,BD,N,RPQ,,Total,NET,
ANR Pipeline Company,ALL,9/28/2026,TIM,006958581        ,3005,ALL,9:00 AM,Final,BZ,9/27/2026 5:03 PM,Y,,NICOR TOTAL             ,9505471 ,Delivery Location,979700,979700,3026,,976674,BD,,DPQ,,Total,NET,
ANR Pipeline Company,ALL,9/28/2026,TIM,006958581        ,3005,ALL,9:00 AM,Final,BZ,9/27/2026 5:03 PM,Y,,MLS SANDWICH-BRIDGMAN,9505485 ,Receipt Location,0,0,0,,0,R,N,RPQ,,Total,GROSS,
ANR Pipeline Company,ALL,9/28/2026,TIM,006958581        ,3005,ALL,9:00 AM,Final,BZ,9/27/2026 5:03 PM,Y,,DEFIANCE NORTH          ,9505502 ,Receipt Location,0,600000,0,,890162,BD,,RPQ,,Total,NET,
ANR Pipeline Company,ALL,9/28/2026,TIM,006958581        ,3005,ALL,9:00 AM,Final,BZ,9/27/2026 5:03 PM,Y,,DEFIANCE NORTH          ,9505502 ,Delivery Location,1137000,1127100,290162,,836938,BD,,DPQ,,Total,NET,
ANR Pipeline Company,ALL,9/28/2026,TIM,006958581        ,3005,ALL,9:00 AM,Final,BZ,9/27/2026 5:03 PM,Y,,DETROIT A & B (DELIVERY),9505506 ,Receipt Location,0,0,0,,233128,BD,N,RPQ,,Total,NET,
ANR Pipeline Company,ALL,9/28/2026,TIM,006958581        ,3005,ALL,9:00 AM,Final,BZ,9/27/2026 5:03 PM,Y,,DETROIT A & B (DELIVERY),9505506 ,Delivery Location,704820,704820,233128,,471692,BD,,DPQ,,Total,NET,
ANR Pipeline Company,ALL,9/28/2026,TIM,006958581        ,3005,ALL,9:00 AM,Final,BZ,9/27/2026 5:03 PM,Y,,STADT ROAD INTERCONNECT ,956594  ,Delivery Location,24500,24816,0,,24816,D,,DPQ,,Total,GROSS,
ANR Pipeline Company,ALL,9/28/2026,TIM,006958581        ,3005,ALL,9:00 AM,Final,BZ,9/27/2026 5:03 PM,Y,,CENTERPOINT/DELHI       ,9757    ,Receipt Location,336700,336700,0,,336700,R,,RPQ,,Total,GROSS,
ANR Pipeline Company,ALL,9/28/2026,TIM,006958581        ,3005,ALL,9:00 AM,Final,BZ,9/27/2026 5:03 PM,Y,,ACADIA PARISH FROM EUNICE,FACPAFEU,P/L Seg 1,1215000,1362658,25253,,1337405,TD1,,SGQ,Forwardhaul,Total,NET,
ANR Pipeline Company,ALL,9/28/2026,TIM,006958581        ,3005,ALL,9:00 AM,Final,BZ,9/27/2026 5:03 PM,Y,,ACADIA PARISH FROM EUNICE,FACPAFEU,P/L Seg 1,1215000,1361351,713195,,648156,TD2,,SGQ,Backhaul,Total,NET,
ANR Pipeline Company,ALL,9/28/2026,TIM,006958581        ,3005,ALL,9:00 AM,Final,BZ,9/27/2026 5:03 PM,Y,,ABBOTSFORD NORTHBOUND                   ,FPABTFNB,P/L Seg 1,17225,17775,248,,17527,TD1,,SGQ,Forwardhaul,Total,NET,
ANR Pipeline Company,ALL,9/28/2026,TIM,006958581        ,3005,ALL,9:00 AM,Final,BZ,9/27/2026 5:03 PM,Y,,ABBOTSFORD NORTHBOUND                   ,FPABTFNB,P/L Seg 1,17225,17775,0,,17775,TD2,,SGQ,Backhaul,Total,NET,
ANR Pipeline Company,ALL,9/28/2026,TIM,006958581        ,3005,ALL,9:00 AM,Final,BZ,9/27/2026 5:03 PM,Y,,BATTLE CREEK NORTHBOUND                 ,FPBATCNB,P/L Seg 1,84000,84000,48863,,35137,TD1,,SGQ,Forwardhaul,Total,NET,
ANR Pipeline Company,ALL,9/28/2026,TIM,006958581        ,3005,ALL,9:00 AM,Final,BZ,9/27/2026 5:03 PM,Y,,BATTLE CREEK NORTHBOUND                 ,FPBATCNB,P/L Seg 1,900000000,900000000,0,,900000000,TD2,,SGQ,Backhaul,Total,NET,
ANR Pipeline Company,ALL,9/28/2026,TIM,006958581        ,3005,ALL,9:00 AM,Final,BZ,9/27/2026 5:03 PM,Y,,BASILE LATERAL to SEHS,FPBLATSE,P/L Seg 1,300000,300000,174952,,125048,TD1,,SGQ,Forwardhaul,Total,NET,
ANR Pipeline Company,ALL,9/28/2026,TIM,006958581        ,3005,ALL,9:00 AM,Final,BZ,9/27/2026 5:03 PM,Y,,BASILE LATERAL to SEHS,FPBLATSE,P/L Seg 1,300000,100000,37945,,62055,TD2,,SGQ,Backhaul,Total,NET,
ANR Pipeline Company,ALL,9/28/2026,TIM,006958581        ,3005,ALL,9:00 AM,Final,BZ,9/27/2026 5:03 PM,Y,,BRIDGMAN EASTBOUND                      ,FPBRGMEB,P/L Seg 1,900000000,900000000,768878,,899231122,TD1,,SGQ,Forwardhaul,Total,NET,
ANR Pipeline Company,ALL,9/28/2026,TIM,006958581        ,3005,ALL,9:00 AM,Final,BZ,9/27/2026 5:03 PM,Y,,BRIDGMAN EASTBOUND                      ,FPBRGMEB,P/L Seg 1,627200,626293,228481,,397812,TD2,,SGQ,Backhaul,Total,NET,
ANR Pipeline Company,ALL,9/28/2026,TIM,006958581        ,3005,ALL,9:00 AM,Final,BZ,9/27/2026 5:03 PM,Y,,BRIDGMAN NORTHBOUND                     ,FPBRGMNB,P/L Seg 1,1405600,911880,948515,,0,TD1,Y,SGQ,Forwardhaul,Total,NET,
ANR Pipeline Company,ALL,9/28/2026,TIM,006958581        ,3005,ALL,9:00 AM,Final,BZ,9/27/2026 5:03 PM,Y,,BRIDGMAN NORTHBOUND                     ,FPBRGMNB,P/L Seg 1,900000000,900000000,97735,,899902265,TD2,,SGQ,Backhaul,Total,NET,
ANR Pipeline Company,ALL,9/28/2026,TIM,006958581        ,3005,ALL,9:00 AM,Final,BZ,9/27/2026 5:03 PM,Y,,BRIDGMAN WESTBOUND                      ,FPBRGMWB,P/L Seg 1,1280965,900000000,669266,,899330734,TD1,,SGQ,Forwardhaul,Total,NET,
ANR Pipeline Company,ALL,9/28/2026,TIM,006958581        ,3005,ALL,9:00 AM,Final,BZ,9/27/2026 5:03 PM,Y,,BRIDGMAN WESTBOUND                      ,FPBRGMWB,P/L Seg 1,1280965,1280965,358883,,922082,TD2,,SGQ,Backhaul,Total,NET,
ANR Pipeline Company,ALL,9/28/2026,TIM,006958581        ,3005,ALL,9:00 AM,Final,BZ,9/27/2026 5:03 PM,Y,,BROWNSVILLE SOUTHBOUND                  ,FPBRSVSB,P/L Seg 1,900000000,900000000,25949,,899974051,TD1,,SGQ,Forwardhaul,Total,NET,
ANR Pipeline Company,ALL,9/28/2026,TIM,006958581        ,3005,ALL,9:00 AM,Final,BZ,9/27/2026 5:03 PM,Y,,BROWNSVILLE SOUTHBOUND                  ,FPBRSVSB,P/L Seg 1,1330000,1315344,1031621,,283723,TD2,,SGQ,Backhaul,Total,NET,
ANR Pipeline Company,ALL,9/28/2026,TIM,006958581        ,3005,ALL,9:00 AM,Final,BZ,9/27/2026 5:03 PM,Y,,CRYSTAL FALLS SOUTHBOUND                ,FPCRFLSB,P/L Seg 1,950000,901930,168800,,733130,TD1,,SGQ,Forwardhaul,Total,NET,
ANR Pipeline Company,ALL,9/28/2026,TIM,006958581        ,3005,ALL,9:00 AM,Final,BZ,9/27/2026 5:03 PM,Y,,CRYSTAL FALLS SOUTHBOUND                ,FPCRFLSB,P/L Seg 1,900000000,900000000,543,,899999457,TD2,,SGQ,Backhaul,Total,NET,
ANR Pipeline Company,ALL,9/28/2026,TIM,006958581        ,3005,ALL,9:00 AM,Final,BZ,9/27/2026 5:03 PM,Y,,CUSTER NORTHBOUND                       ,FPCSTRNB,P/L Seg 1,200000,43000,1475,,41525,TD1,,SGQ,Forwardhaul,Total,NET,
ANR Pipeline Company,ALL,9/28/2026,TIM,006958581        ,3005,ALL,9:00 AM,Final,BZ,9/27/2026 5:03 PM,Y,,CUSTER NORTHBOUND                       ,FPCSTRNB,P/L Seg 1,200000,0,0,,0,TD2,N,SGQ,Backhaul,Total,NET,
ANR Pipeline Company,ALL,9/28/2026,TIM,006958581        ,3005,ALL,9:00 AM,Final,BZ,9/27/2026 5:03 PM,Y,,COTTAGE GROVE SOUTHBOUND                ,FPCTGGSB,P/L Seg 1,900000000,900000000,23249,,899976751,TD1,,SGQ,Forwardhaul,Total,NET,
ANR Pipeline Company,ALL,9/28/2026,TIM,006958581        ,3005,ALL,9:00 AM,Final,BZ,9/27/2026 5:03 PM,Y,,COTTAGE GROVE SOUTHBOUND                ,FPCTGGSB,P/L Seg 1,1130000,1064984,1031621,,33363,TD2,,SGQ,Backhaul,Total,NET,
ANR Pipeline Company,ALL,9/28/2026,TIM,006958581        ,3005,ALL,9:00 AM,Final,BZ,9/27/2026 5:03 PM,Y,,DEFIANCE EASTBOUND                      ,FPDEFNEB,P/L Seg 1,900000000,900000000,37290,,899962710,TD1,,SGQ,Forwardhaul,Total,NET,
ANR Pipeline Company,ALL,9/28/2026,TIM,006958581        ,3005,ALL,9:00 AM,Final,BZ,9/27/2026 5:03 PM,Y,,DEFIANCE EASTBOUND                      ,FPDEFNEB,P/L Seg 1,345100,348850,2483,,346367,TD2,,SGQ,Backhaul,Total,NET,
ANR Pipeline Company,ALL,9/28/2026,TIM,006958581        ,3005,ALL,9:00 AM,Final,BZ,9/27/2026 5:03 PM,Y,,DEFIANCE NORTHBOUND                     ,FPDEFNNB,P/L Seg 1,1165302,1186005,285372,,900633,TD1,,SGQ,Forwardhaul,Total,NET,
ANR Pipeline Company,ALL,9/28/2026,TIM,006958581        ,3005,ALL,9:00 AM,Final,BZ,9/27/2026 5:03 PM,Y,,DEFIANCE NORTHBOUND                     ,FPDEFNNB,P/L Seg 1,900000000,900000000,0,,900000000,TD2,,SGQ,Backhaul,Total,NET,
ANR Pipeline Company,ALL,9/28/2026,TIM,006958581        ,3005,ALL,9:00 AM,Final,BZ,9/27/2026 5:03 PM,Y,,DEFIANCE SOUTHBOUND                     ,FPDEFNSB,P/L Seg 1,900000000,900000000,241154,,899758846,TD1,,SGQ,Forwardhaul,Total,NET,
ANR Pipeline Company,ALL,9/28/2026,TIM,006958581        ,3005,ALL,9:00 AM,Final,BZ,9/27/2026 5:03 PM,Y,,DEFIANCE SOUTHBOUND                     ,FPDEFNSB,P/L Seg 1,1168120,948720,992406,,0,TD2,N,SGQ,Backhaul,Total,NET,
ANR Pipeline Company,ALL,9/28/2026,TIM,006958581        ,3005,ALL,9:00 AM,Final,BZ,9/27/2026 5:03 PM,Y,,DEFIANCE WESTBOUND                      ,FPDEFNWB,P/L Seg 1,719786,654530,953085,,0,TD1,N,SGQ,Forwardhaul,Total,NET,
ANR Pipeline Company,ALL,9/28/2026,TIM,006958581        ,3005,ALL,9:00 AM,Final,BZ,9/27/2026 5:03 PM,Y,,DEFIANCE WESTBOUND                      ,FPDEFNWB,P/L Seg 1,999999999,999999999,431750,,999568249,TD2,,SGQ,Backhaul,Total,GROSS,
ANR Pipeline Company,ALL,9/28/2026,TIM,006958581        ,3005,ALL,9:00 AM,Final,BZ,9/27/2026 5:03 PM,Y,,DELHI SOUTHBOUND                        ,FPDELHSB,P/L Seg 1,900000000,900000000,98717,,899901283,TD1,,SGQ,Forwardhaul,Total,NET,
ANR Pipeline Company,ALL,9/28/2026,TIM,006958581        ,3005,ALL,9:00 AM,Final,BZ,9/27/2026 5:03 PM,Y,,DELHI SOUTHBOUND                        ,FPDELHSB,P/L Seg 1,1330000,1263774,1001621,,262153,TD2,,SGQ,Backhaul,Total,NET,
ANR Pipeline Company,ALL,9/28/2026,TIM,006958581        ,3005,ALL,9:00 AM,Final,BZ,9/27/2026 5:03 PM,Y,,EG HILL NORTHBOUND                      ,FPEGHLNB,P/L Seg 1,230000,227255,213664,,13591,TD1,,SGQ,Forwardhaul,Total,NET,
ANR Pipeline Company,ALL,9/28/2026,TIM,006958581        ,3005,ALL,9:00 AM,Final,BZ,9/27/2026 5:03 PM,Y,,EG HILL NORTHBOUND                      ,FPEGHLNB,P/L Seg 1,230000,0,0,,0,TD2,N,SGQ,Backhaul,Total,NET,
ANR Pipeline Company,ALL,9/28/2026,TIM,006958581        ,3005,ALL,9:00 AM,Final,BZ,9/27/2026 5:03 PM,Y,,EUNICE EASTBOUND                        ,FPEUNCEB,P/L Seg 1,900000000,900000000,25253,,899974747,TD1,,SGQ,Forwardhaul,Total,NET,
ANR Pipeline Company,ALL,9/28/2026,TIM,006958581        ,3005,ALL,9:00 AM,Final,BZ,9/27/2026 5:03 PM,Y,,EUNICE EASTBOUND                        ,FPEUNCEB,P/L Seg 1,665000,573100,460125,,112975,TD2,,SGQ,Backhaul,Total,NET,
ANR Pipeline Company,ALL,9/28/2026,TIM,006958581        ,3005,ALL,9:00 AM,Final,BZ,9/27/2026 5:03 PM,Y,,EUNICE NORTHBOUND                       ,FPEUNCNB,P/L Seg 1,900000000,900000000,24089,,899975911,TD1,,SGQ,Forwardhaul,Total,NET,
ANR Pipeline Company,ALL,9/28/2026,TIM,006958581        ,3005,ALL,9:00 AM,Final,BZ,9/27/2026 5:03 PM,Y,,EUNICE NORTHBOUND                       ,FPEUNCNB,P/L Seg 1,1170000,1220182,1027201,,192981,TD2,,SGQ,Backhaul,Total,NET,
ANR Pipeline Company,ALL,9/28/2026,TIM,006958581        ,3005,ALL,9:00 AM,Final,BZ,9/27/2026 5:03 PM,Y,,EUNICE SOUTHBOUND                       ,FPEUNCSB,P/L Seg 1,900000000,900000000,762881,,899237119,TD1,,SGQ,Forwardhaul,Total,NET,
ANR Pipeline Company,ALL,9/28/2026,TIM,006958581        ,3005,ALL,9:00 AM,Final,BZ,9/27/2026 5:03 PM,Y,,EUNICE SOUTHBOUND                       ,FPEUNCSB,P/L Seg 1,1100000,1123725,1098552,,25173,TD2,,SGQ,Backhaul,Total,NET,
ANR Pipeline Company,ALL,9/28/2026,TIM,006958581        ,3005,ALL,9:00 AM,Final,BZ,9/27/2026 5:03 PM,Y,,EVANGELINE SOUTHBOUND                   ,FPEVNGSB,P/L Seg 1,900000000,900000000,24089,,899975911,TD1,,SGQ,Forwardhaul,Total,NET,
ANR Pipeline Company,ALL,9/28/2026,TIM,006958581        ,3005,ALL,9:00 AM,Final,BZ,9/27/2026 5:03 PM,Y,,EVANGELINE SOUTHBOUND                   ,FPEVNGSB,P/L Seg 1,1174680,1360852,1174393,,186459,TD2,,SGQ,Backhaul,Total,NET,
ANR Pipeline Company,ALL,9/28/2026,TIM,006958581        ,3005,ALL,9:00 AM,Final,BZ,9/27/2026 5:03 PM,Y,,JENA SOUTHBOUND                         ,FPJENSSB,P/L Seg 1,900000000,900000000,24089,,899975911,TD1,,SGQ,Forwardhaul,Total,NET,
ANR Pipeline Company,ALL,9/28/2026,TIM,006958581        ,3005,ALL,9:00 AM,Final,BZ,9/27/2026 5:03 PM,Y,,JENA SOUTHBOUND                         ,FPJENSSB,P/L Seg 1,1345310,1361894,1351899,,9995,TD2,,SGQ,Backhaul,Total,NET,
ANR Pipeline Company,ALL,9/28/2026,TIM,006958581        ,3005,ALL,9:00 AM,Final,BZ,9/27/2026 5:03 PM,Y,,KEWASKUM NORTHBOUND                     ,FPKWSMNB,P/L Seg 1,900000000,900000000,306511,,899693489,TD1,,SGQ,Forwardhaul,Total,NET,
ANR Pipeline Company,ALL,9/28/2026,TIM,006958581        ,3005,ALL,9:00 AM,Final,BZ,9/27/2026 5:03 PM,Y,,KEWASKUM NORTHBOUND                     ,FPKWSMNB,P/L Seg 1,1360000,636378,207645,,428733,TD2,,SGQ,Backhaul,Total,NET,
ANR Pipeline Company,ALL,9/28/2026,TIM,006958581        ,3005,ALL,9:00 AM,Final,BZ,9/27/2026 5:03 PM,Y,,LAGRANGE WESTBOUND                      ,FPLAGRWB,P/L Seg 1,649341,628349,910076,,0,TD1,N,SGQ,Forwardhaul,Total,NET,
ANR Pipeline Company,ALL,9/28/2026,TIM,006958581        ,3005,ALL,9:00 AM,Final,BZ,9/27/2026 5:03 PM,Y,,LAGRANGE WESTBOUND                      ,FPLAGRWB,P/L Seg 1,900000000,900000000,445720,,899554280,TD2,,SGQ,Backhaul,Total,NET,
ANR Pipeline Company,ALL,9/28/2026,TIM,006958581        ,3005,ALL,9:00 AM,Final,BZ,9/27/2026 5:03 PM,Y,,LEBANON WESTBOUND                       ,FPLEBNWB,P/L Seg 1,405600,372400,339,,372061,TD1,,SGQ,Forwardhaul,Total,NET,
ANR Pipeline Company,ALL,9/28/2026,TIM,006958581        ,3005,ALL,9:00 AM,Final,BZ,9/27/2026 5:03 PM,Y,,LEBANON WESTBOUND                       ,FPLEBNWB,P/L Seg 1,900000000,900000000,213440,,899786560,TD2,,SGQ,Backhaul,Total,NET,
ANR Pipeline Company,ALL,9/28/2026,TIM,006958581        ,3005,ALL,9:00 AM,Final,BZ,9/27/2026 5:03 PM,Y,,LAKE ARTHUR SOUTHBOUND                  ,FPLKARSB,P/L Seg 1,900000000,900000000,0,,900000000,TD1,,SGQ,Forwardhaul,Total,NET,
ANR Pipeline Company,ALL,9/28/2026,TIM,006958581        ,3005,ALL,9:00 AM,Final,BZ,9/27/2026 5:03 PM,Y,,LAKE ARTHUR SOUTHBOUND                  ,FPLKARSB,P/L Seg 1,1137000,1136212,1098552,,37660,TD2,,SGQ,Backhaul,Total,NET,
ANR Pipeline Company,ALL,9/28/2026,TIM,006958581        ,3005,ALL,9:00 AM,Final,BZ,9/27/2026 5:03 PM,Y,,MOORELAND NORTHBOUND                    ,FPMORLNB,P/L Seg 1,300000,215270,186934,,28336,TD1,,SGQ,Forwardhaul,Total,NET,
ANR Pipeline Company,ALL,9/28/2026,TIM,006958581        ,3005,ALL,9:00 AM,Final,BZ,9/27/2026 5:03 PM,Y,,MOORELAND NORTHBOUND                    ,FPMORLNB,P/L Seg 1,300000,0,10,,0,TD2,N,SGQ,Backhaul,Total,NET,
ANR Pipeline Company,ALL,9/28/2026,TIM,006958581        ,3005,ALL,9:00 AM,Final,BZ,9/27/2026 5:03 PM,Y,,SHELBYVILLE SOUTHBOUND                  ,FPSHBVSB,P/L Seg 1,900000000,900000000,93440,,899906560,TD1,,SGQ,Forwardhaul,Total,NET,
ANR Pipeline Company,ALL,9/28/2026,TIM,006958581        ,3005,ALL,9:00 AM,Final,BZ,9/27/2026 5:03 PM,Y,,SHELBYVILLE SOUTHBOUND                  ,FPSHBVSB,P/L Seg 1,1138000,1115920,1032265,,83655,TD2,,SGQ,Backhaul,Total,NET,
ANR Pipeline Company,ALL,9/28/2026,TIM,006958581        ,3005,ALL,9:00 AM,Final,BZ,9/27/2026 5:03 PM,Y,,SANDWICH EASTBOUND                      ,FPSNDWEB,P/L Seg 1,1224500,1224439,559459,,664980,TD1,,SGQ,Forwardhaul,Total,NET,
ANR Pipeline Company,ALL,9/28/2026,TIM,006958581        ,3005,ALL,9:00 AM,Final,BZ,9/27/2026 5:03 PM,Y,,SANDWICH EASTBOUND                      ,FPSNDWEB,P/L Seg 1,900000000,900000000,407156,,899592844,TD2,,SGQ,Backhaul,Total,GROSS,
ANR Pipeline Company,ALL,9/28/2026,TIM,006958581        ,3005,ALL,9:00 AM,Final,BZ,9/27/2026 5:03 PM,Y,,SANDWICH NORTHBOUND                     ,FPSNDWNB,P/L Seg 1,2287504,900000000,326782,,899673218,TD1,,SGQ,Forwardhaul,Total,NET,
ANR Pipeline Company,ALL,9/28/2026,TIM,006958581        ,3005,ALL,9:00 AM,Final,BZ,9/27/2026 5:03 PM,Y,,SANDWICH NORTHBOUND                     ,FPSNDWNB,P/L Seg 1,2287504,1478694,577957,,900737,TD2,,SGQ,Backhaul,Total,NET,
ANR Pipeline Company,ALL,9/28/2026,TIM,006958581        ,3005,ALL,9:00 AM,Final,BZ,9/27/2026 5:03 PM,Y,,ST JOHN EASTBOUND                       ,FPSTJNEB,P/L Seg 1,1344391,1404500,764717,,639783,TD1,,SGQ,Forwardhaul,Total,GROSS,
ANR Pipeline Company,ALL,9/28/2026,TIM,006958581        ,3005,ALL,9:00 AM,Final,BZ,9/27/2026 5:03 PM,Y,,ST JOHN EASTBOUND                       ,FPSTJNEB,P/L Seg 1,999999999,999999999,298145,,999701854,TD2,,SGQ,Backhaul,Total,GROSS,
ANR Pipeline Company,ALL,9/28/2026,TIM,006958581        ,3005,ALL,9:00 AM,Final,BZ,9/27/2026 5:03 PM,Y,,SULPHUR SPRINGS TO SEML,FPSUSPSE,P/L Seg 1,512189,459629,7698,,451931,TD1,,SGQ,Forwardhaul,Total,NET,
ANR Pipeline Company,ALL,9/28/2026,TIM,006958581        ,3005,ALL,9:00 AM,Final,BZ,9/27/2026 5:03 PM,Y,,SULPHUR SPRINGS TO SEML,FPSUSPSE,P/L Seg 1,512189,459629,263981,,195648,TD2,,SGQ,Backhaul,Total,NET,
ANR Pipeline Company,ALL,9/28/2026,TIM,006958581        ,3005,ALL,9:00 AM,Final,BZ,9/27/2026 5:03 PM,Y,,STEVENS POINT WESTBOUND,FPSVNPWB,P/L Seg 1,276400,284000,190649,,93351,TD1,,SGQ,Forwardhaul,Total,NET,
ANR Pipeline Company,ALL,9/28/2026,TIM,006958581        ,3005,ALL,9:00 AM,Final,BZ,9/27/2026 5:03 PM,Y,,STEVENS POINT WESTBOUND,FPSVNPWB,P/L Seg 1,276400,305000,38702,,266298,TD2,,SGQ,Backhaul,Total,NET,
ANR Pipeline Company,ALL,9/28/2026,TIM,006958581        ,3005,ALL,9:00 AM,Final,BZ,9/27/2026 5:03 PM,Y,,SWML NORTHBOUND                         ,FPSWMLNB,P/L Seg 1,708560,542360,542360,,0,TD1,N,SGQ,Forwardhaul,Total,NET,
ANR Pipeline Company,ALL,9/28/2026,TIM,006958581        ,3005,ALL,9:00 AM,Final,BZ,9/27/2026 5:03 PM,Y,,SWML NORTHBOUND                         ,FPSWMLNB,P/L Seg 1,900000000,999999999,0,,999999999,TD2,,SGQ,Backhaul,Total,GROSS,
ANR Pipeline Company,ALL,9/28/2026,TIM,006958581        ,3005,ALL,9:00 AM,Final,BZ,9/27/2026 5:03 PM,Y,,SWML SOUTHBOUND                         ,FPSWMLSB,P/L Seg 1,999999999,999999999,0,,999999999,TD1,,SGQ,Forwardhaul,Total,GROSS,
ANR Pipeline Company,ALL,9/28/2026,TIM,006958581        ,3005,ALL,9:00 AM,Final,BZ,9/27/2026 5:03 PM,Y,,SWML SOUTHBOUND                         ,FPSWMLSB,P/L Seg 1,999999999,999999999,0,,999999999,TD2,,SGQ,Backhaul,Total,GROSS,
ANR Pipeline Company,ALL,9/28/2026,TIM,006958581        ,3005,ALL,9:00 AM,Final,BZ,9/27/2026 5:03 PM,Y,,WOODSTOCK NORTHBOUND                    ,FPWDSTNB,P/L Seg 1,2150000,900000000,326782,,899673218,TD1,,SGQ,Forwardhaul,Total,NET,
ANR Pipeline Company,ALL,9/28/2026,TIM,006958581        ,3005,ALL,9:00 AM,Final,BZ,9/27/2026 5:03 PM,Y,,WOODSTOCK NORTHBOUND                    ,FPWDSTNB,P/L Seg 1,2150000,1324674,500806,,823868,TD2,,SGQ,Backhaul,Total,NET,
ANR Pipeline Company,ALL,9/28/2026,TIM,006958581        ,3005,ALL,9:00 AM,Final,BZ,9/27/2026 5:03 PM,Y,,WOOLFOLK NORTHBOUND                     ,FPWLFKNB,P/L Seg 1,2924904,1570120,683324,,886796,TD1,,SGQ,Forwardhaul,Total,NET,
ANR Pipeline Company,ALL,9/28/2026,TIM,006958581        ,3005,ALL,9:00 AM,Final,BZ,9/27/2026 5:03 PM,Y,,WOOLFOLK NORTHBOUND                     ,FPWLFKNB,P/L Seg 1,900000000,900000000,332161,,899667839,TD2,,SGQ,Backhaul,Total,NET,
ANR Pipeline Company,ALL,9/28/2026,TIM,006958581        ,3005,ALL,9:00 AM,Final,BZ,9/27/2026 5:03 PM,Y,,WOOLFOLK SOUTHBOUND                     ,FPWLFKSB,P/L Seg 1,2944000,2943360,683324,,2260036,TD1,,SGQ,Forwardhaul,Total,NET,
ANR Pipeline Company,ALL,9/28/2026,TIM,006958581        ,3005,ALL,9:00 AM,Final,BZ,9/27/2026 5:03 PM,Y,,WOOLFOLK SOUTHBOUND                     ,FPWLFKSB,P/L Seg 1,2944000,2971360,332161,,2639199,TD2,,SGQ,Backhaul,Total,NET,
ANR Pipeline Company,ALL,9/28/2026,TIM,006958581        ,3005,ALL,9:00 AM,Final,BZ,9/27/2026 5:03 PM,Y,,WISC RAPIDS SOUTHBOUND                  ,FPWSRPSB,P/L Seg 1,60000,53421,37366,,16055,TD1,,SGQ,Forwardhaul,Total,NET,
ANR Pipeline Company,ALL,9/28/2026,TIM,006958581        ,3005,ALL,9:00 AM,Final,BZ,9/27/2026 5:03 PM,Y,,WISC RAPIDS SOUTHBOUND                  ,FPWSRPSB,P/L Seg 1,60000,53421,0,,53421,TD2,,SGQ,Backhaul,Total,NET,
ANR Pipeline Company,ALL,9/28/2026,TIM,006958581        ,3005,ALL,9:00 AM,Final,BZ,9/27/2026 5:03 PM,Y,,WEYAUWEGA WESTBOUND                     ,FPWWGAWB,P/L Seg 1,900000000,900000000,189957,,899810043,TD1,,SGQ,Forwardhaul,Total,NET,
ANR Pipeline Company,ALL,9/28/2026,TIM,006958581        ,3005,ALL,9:00 AM,Final,BZ,9/27/2026 5:03 PM,Y,,WEYAUWEGA WESTBOUND                     ,FPWWGAWB,P/L Seg 1,326253,389456,46278,,343178,TD2,,SGQ,Backhaul,Total,NET,
ANR Pipeline Company,ALL,9/28/2026,TIM,006958581        ,3005,ALL,9:00 AM,Final,BZ,9/27/2026 5:03 PM,Y,,SANDWICH FROM SWML,FSANFRSW,P/L Seg 1,678700,591211,403527,,187684,TD1,,SGQ,Forwardhaul,Total,NET,
ANR Pipeline Company,ALL,9/28/2026,TIM,006958581        ,3005,ALL,9:00 AM,Final,BZ,9/27/2026 5:03 PM,Y,,SANDWICH FROM SWML,FSANFRSW,P/L Seg 1,678700,595785,49,,595736,TD2,,SGQ,Backhaul,Total,NET,
ANR Pipeline Company,ALL,9/28/2026,TIM,006958581        ,3005,ALL,9:00 AM,Final,BZ,9/27/2026 5:03 PM,Y,,Inventory Admin Point,INV     ,Receipt Location,2000000,391170,25086,,1100708,BD,,RPQ,,Total,NET,
ANR Pipeline Company,ALL,9/28/2026,TIM,006958581        ,3005,ALL,9:00 AM,Final,BZ,9/27/2026 5:03 PM,Y,,Inventory Admin Point,INV     ,Delivery Location,2000000,737312,734624,,27774,BD,,DPQ,,Total,NET,
