TSPName,LocationFilter,EffGasDay,Cycle,TSP,TSPProp,LocationNameFilter,EffTime,SchedStatus,MeasurementBasis,PostingDate,AllQtyAvail,ReportHeader,LocationName,Location,LocPurpDesc,DesignCapacity,OperatingCapacity,TotalScheduledQuantity,Textbox8,NonFirmScheduledQuantity,OperationallyAvailableCapacity,FlowInd,ITIndicator,LocQTI,Direction,PostingMethodology,Textbox24,RateSchedule,ScheduledQuantityByRateSchedule,NonFirmScheduledQuantityByRateSchedule,ReportFooter
"Columbia Gulf Transmission, LLC",ALL,9/28/2026,TIM,007854581        ,14,ALL,9:00 AM,Final,BZ,9/27/2026 5:06 PM,Y,,Inverness Nom Point,2700007 ,Receipt Location,400000,400000,0,0,,400000,BD,,RPQ,,Total,GROSS,          ,,,"Meters - Design Capacity:
The meter design capacity represents the available capacity under an assumed set of operating conditions.

General Disclaimer:
All posted capacity is based on Columbia Gulf Transmission, LLC's best estimate.  Actual capacity may vary from the posted quantity depending on operating conditions, including pipeline pressures and flows, and other factors.  Shippers should refer to the weekly capacity postings, or call their Marketing or Customer Service Representative for information on updated postings.

SONAT-SHADYSIDE (4078): The operationally available capacity at the point is 276,153 Dth/d; however, capacity at the point has been set higher within TC eConnects to permit the point operator to allocate the point pursuant to the Pipeline Balancing Agreement. CGT will confirm to match the operator's allocation while staying within the operationally available capacity of 276,153 Dth/d."
"Columbia Gulf Transmission, LLC",ALL,9/28/2026,TIM,007854581        ,14,ALL,9:00 AM,Final,BZ,9/27/2026 5:06 PM,Y,,Inverness Nom Point,2700007 ,Delivery Location,400000,400000,0,0,,400000,BD,,DPQ,,Total,GROSS,          ,,,"Meters - Design Capacity:
The meter design capacity represents the available capacity under an assumed set of operating conditions.

General Disclaimer:
All posted capacity is based on Columbia Gulf Transmission, LLC's best estimate.  Actual capacity may vary from the posted quantity depending on operating conditions, including pipeline pressures and flows, and other factors.  Shippers should refer to the weekly capacity postings, or call their Marketing or Customer Service Representative for information on updated postings.

SONAT-SHADYSIDE (4078): The operationally available capacity at the point is 276,153 Dth/d; however, capacity at the point has been set higher within TC eConnects to permit the point operator to allocate the point pursuant to the Pipeline Balancing Agreement. CGT will confirm to match the operator's allocation while staying within the operationally available capacity of 276,153 Dth/d."
"Columbia Gulf Transmission, LLC",ALL,9/28/2026,TIM,007854581        ,14,ALL,9:00 AM,Final,BZ,9/27/2026 5:06 PM,Y,,CGT-RAYNE,2700010 ,Receipt Location,2000000,2000000,616397,616397,,1383603,BD,,RPQ,,Total,GROSS,IPP-Gulf  ,616397,,"Meters - Design Capacity:
The meter design capacity represents the available capacity under an assumed set of operating conditions.

General Disclaimer:
All posted capacity is based on Columbia Gulf Transmission, LLC's best estimate.  Actual capacity may vary from the posted quantity depending on operating conditions, including pipeline pressures and flows, and other factors.  Shippers should refer to the weekly capacity postings, or call their Marketing or Customer Service Representative for information on updated postings.

SONAT-SHADYSIDE (4078): The operationally available capacity at the point is 276,153 Dth/d; however, capacity at the point has been set higher within TC eConnects to permit the point operator to allocate the point pursuant to the Pipeline Balancing Agreement. CGT will confirm to match the operator's allocation while staying within the operationally available capacity of 276,153 Dth/d."
"Columbia Gulf Transmission, LLC",ALL,9/28/2026,TIM,007854581        ,14,ALL,9:00 AM,Final,BZ,9/27/2026 5:06 PM,Y,,CGT-RAYNE,2700010 ,Delivery Location,2000000,2000000,616397,616397,,1383603,BD,,DPQ,,Total,GROSS,FTS-1     ,-609547,,"Meters - Design Capacity:
The meter design capacity represents the available capacity under an assumed set of operating conditions.

General Disclaimer:
All posted capacity is based on Columbia Gulf Transmission, LLC's best estimate.  Actual capacity may vary from the posted quantity depending on operating conditions, including pipeline pressures and flows, and other factors.  Shippers should refer to the weekly capacity postings, or call their Marketing or Customer Service Representative for information on updated postings.

SONAT-SHADYSIDE (4078): The operationally available capacity at the point is 276,153 Dth/d; however, capacity at the point has been set higher within TC eConnects to permit the point operator to allocate the point pursuant to the Pipeline Balancing Agreement. CGT will confirm to match the operator's allocation while staying within the operationally available capacity of 276,153 Dth/d."
"Columbia Gulf Transmission, LLC",ALL,9/28/2026,TIM,007854581        ,14,ALL,9:00 AM,Final,BZ,9/27/2026 5:06 PM,Y,,CGT-RAYNE,2700010 ,Delivery Location,2000000,2000000,616397,616397,,1383603,BD,,DPQ,,Total,GROSS,ITS-1     ,-6850,,"Meters - Design Capacity:
The meter design capacity represents the available capacity under an assumed set of operating conditions.

General Disclaimer:
All posted capacity is based on Columbia Gulf Transmission, LLC's best estimate.  Actual capacity may vary from the posted quantity depending on operating conditions, including pipeline pressures and flows, and other factors.  Shippers should refer to the weekly capacity postings, or call their Marketing or Customer Service Representative for information on updated postings.

SONAT-SHADYSIDE (4078): The operationally available capacity at the point is 276,153 Dth/d; however, capacity at the point has been set higher within TC eConnects to permit the point operator to allocate the point pursuant to the Pipeline Balancing Agreement. CGT will confirm to match the operator's allocation while staying within the operationally available capacity of 276,153 Dth/d."
"Columbia Gulf Transmission, LLC",ALL,9/28/2026,TIM,007854581        ,14,ALL,9:00 AM,Final,BZ,9/27/2026 5:06 PM,Y,,"Tetco/Adair Co., Ky Receipt",3194    ,Receipt Location,207517,207517,200000,200000,,7517,BD,,RPQ,,Total,GROSS,FTS-1     ,200000,,"Meters - Design Capacity:
The meter design capacity represents the available capacity under an assumed set of operating conditions.

General Disclaimer:
All posted capacity is based on Columbia Gulf Transmission, LLC's best estimate.  Actual capacity may vary from the posted quantity depending on operating conditions, including pipeline pressures and flows, and other factors.  Shippers should refer to the weekly capacity postings, or call their Marketing or Customer Service Representative for information on updated postings.

SONAT-SHADYSIDE (4078): The operationally available capacity at the point is 276,153 Dth/d; however, capacity at the point has been set higher within TC eConnects to permit the point operator to allocate the point pursuant to the Pipeline Balancing Agreement. CGT will confirm to match the operator's allocation while staying within the operationally available capacity of 276,153 Dth/d."
"Columbia Gulf Transmission, LLC",ALL,9/28/2026,TIM,007854581        ,14,ALL,9:00 AM,Final,BZ,9/27/2026 5:06 PM,Y,,"Tetco/Adair Co., Ky Receipt",3194    ,Delivery Location,207517,207517,5000,5000,,202517,BD,,DPQ,,Total,GROSS,FTS-1     ,-5000,,"Meters - Design Capacity:
The meter design capacity represents the available capacity under an assumed set of operating conditions.

General Disclaimer:
All posted capacity is based on Columbia Gulf Transmission, LLC's best estimate.  Actual capacity may vary from the posted quantity depending on operating conditions, including pipeline pressures and flows, and other factors.  Shippers should refer to the weekly capacity postings, or call their Marketing or Customer Service Representative for information on updated postings.

SONAT-SHADYSIDE (4078): The operationally available capacity at the point is 276,153 Dth/d; however, capacity at the point has been set higher within TC eConnects to permit the point operator to allocate the point pursuant to the Pipeline Balancing Agreement. CGT will confirm to match the operator's allocation while staying within the operationally available capacity of 276,153 Dth/d."
"Columbia Gulf Transmission, LLC",ALL,9/28/2026,TIM,007854581        ,14,ALL,9:00 AM,Final,BZ,9/27/2026 5:06 PM,Y,,Nashville Gas,341A    ,Receipt Location,10000,10000,0,0,,10000,R,,RPQ,,Total,GROSS,          ,,,"Meters - Design Capacity:
The meter design capacity represents the available capacity under an assumed set of operating conditions.

General Disclaimer:
All posted capacity is based on Columbia Gulf Transmission, LLC's best estimate.  Actual capacity may vary from the posted quantity depending on operating conditions, including pipeline pressures and flows, and other factors.  Shippers should refer to the weekly capacity postings, or call their Marketing or Customer Service Representative for information on updated postings.

SONAT-SHADYSIDE (4078): The operationally available capacity at the point is 276,153 Dth/d; however, capacity at the point has been set higher within TC eConnects to permit the point operator to allocate the point pursuant to the Pipeline Balancing Agreement. CGT will confirm to match the operator's allocation while staying within the operationally available capacity of 276,153 Dth/d."
"Columbia Gulf Transmission, LLC",ALL,9/28/2026,TIM,007854581        ,14,ALL,9:00 AM,Final,BZ,9/27/2026 5:06 PM,Y,,CROSSTEX - GIBSON   ,401     ,Delivery Location,102000,0,0,0,,0,D,N,DPQ,,Total,GROSS,          ,,,"Meters - Design Capacity:
The meter design capacity represents the available capacity under an assumed set of operating conditions.

General Disclaimer:
All posted capacity is based on Columbia Gulf Transmission, LLC's best estimate.  Actual capacity may vary from the posted quantity depending on operating conditions, including pipeline pressures and flows, and other factors.  Shippers should refer to the weekly capacity postings, or call their Marketing or Customer Service Representative for information on updated postings.

SONAT-SHADYSIDE (4078): The operationally available capacity at the point is 276,153 Dth/d; however, capacity at the point has been set higher within TC eConnects to permit the point operator to allocate the point pursuant to the Pipeline Balancing Agreement. CGT will confirm to match the operator's allocation while staying within the operationally available capacity of 276,153 Dth/d."
"Columbia Gulf Transmission, LLC",ALL,9/28/2026,TIM,007854581        ,14,ALL,9:00 AM,Final,BZ,9/27/2026 5:06 PM,Y,,NASHVILLE-DAVIDSON,4016    ,Delivery Location,84400,84400,0,0,,84400,D,,DPQ,,Total,GROSS,          ,,,"Meters - Design Capacity:
The meter design capacity represents the available capacity under an assumed set of operating conditions.

General Disclaimer:
All posted capacity is based on Columbia Gulf Transmission, LLC's best estimate.  Actual capacity may vary from the posted quantity depending on operating conditions, including pipeline pressures and flows, and other factors.  Shippers should refer to the weekly capacity postings, or call their Marketing or Customer Service Representative for information on updated postings.

SONAT-SHADYSIDE (4078): The operationally available capacity at the point is 276,153 Dth/d; however, capacity at the point has been set higher within TC eConnects to permit the point operator to allocate the point pursuant to the Pipeline Balancing Agreement. CGT will confirm to match the operator's allocation while staying within the operationally available capacity of 276,153 Dth/d."
"Columbia Gulf Transmission, LLC",ALL,9/28/2026,TIM,007854581        ,14,ALL,9:00 AM,Final,BZ,9/27/2026 5:06 PM,Y,,MIDCOAST-ALCORN CNTY,4023    ,Delivery Location,53400,53400,21329,21329,,32071,D,,DPQ,,Total,GROSS,FTS-1     ,-21329,,"Meters - Design Capacity:
The meter design capacity represents the available capacity under an assumed set of operating conditions.

General Disclaimer:
All posted capacity is based on Columbia Gulf Transmission, LLC's best estimate.  Actual capacity may vary from the posted quantity depending on operating conditions, including pipeline pressures and flows, and other factors.  Shippers should refer to the weekly capacity postings, or call their Marketing or Customer Service Representative for information on updated postings.

SONAT-SHADYSIDE (4078): The operationally available capacity at the point is 276,153 Dth/d; however, capacity at the point has been set higher within TC eConnects to permit the point operator to allocate the point pursuant to the Pipeline Balancing Agreement. CGT will confirm to match the operator's allocation while staying within the operationally available capacity of 276,153 Dth/d."
"Columbia Gulf Transmission, LLC",ALL,9/28/2026,TIM,007854581        ,14,ALL,9:00 AM,Final,BZ,9/27/2026 5:06 PM,Y,,LNG-VERMILION       ,4026    ,Receipt Location,74700,74700,700,700,,74000,R,,RPQ,,Total,GROSS,IPP-Gulf  ,700,,"Meters - Design Capacity:
The meter design capacity represents the available capacity under an assumed set of operating conditions.

General Disclaimer:
All posted capacity is based on Columbia Gulf Transmission, LLC's best estimate.  Actual capacity may vary from the posted quantity depending on operating conditions, including pipeline pressures and flows, and other factors.  Shippers should refer to the weekly capacity postings, or call their Marketing or Customer Service Representative for information on updated postings.

SONAT-SHADYSIDE (4078): The operationally available capacity at the point is 276,153 Dth/d; however, capacity at the point has been set higher within TC eConnects to permit the point operator to allocate the point pursuant to the Pipeline Balancing Agreement. CGT will confirm to match the operator's allocation while staying within the operationally available capacity of 276,153 Dth/d."
"Columbia Gulf Transmission, LLC",ALL,9/28/2026,TIM,007854581        ,14,ALL,9:00 AM,Final,BZ,9/27/2026 5:06 PM,Y,,UCG-WILLIAMSON,4049    ,Delivery Location,23153,23153,1500,1500,,21653,D,,DPQ,,Total,GROSS,FTS-1     ,-1500,,"Meters - Design Capacity:
The meter design capacity represents the available capacity under an assumed set of operating conditions.

General Disclaimer:
All posted capacity is based on Columbia Gulf Transmission, LLC's best estimate.  Actual capacity may vary from the posted quantity depending on operating conditions, including pipeline pressures and flows, and other factors.  Shippers should refer to the weekly capacity postings, or call their Marketing or Customer Service Representative for information on updated postings.

SONAT-SHADYSIDE (4078): The operationally available capacity at the point is 276,153 Dth/d; however, capacity at the point has been set higher within TC eConnects to permit the point operator to allocate the point pursuant to the Pipeline Balancing Agreement. CGT will confirm to match the operator's allocation while staying within the operationally available capacity of 276,153 Dth/d."
"Columbia Gulf Transmission, LLC",ALL,9/28/2026,TIM,007854581        ,14,ALL,9:00 AM,Final,BZ,9/27/2026 5:06 PM,Y,,LAFAYETTE - ACADIA  ,4051    ,Delivery Location,65000,65000,0,0,,65000,D,,DPQ,,Total,GROSS,FTS-1     ,0,,"Meters - Design Capacity:
The meter design capacity represents the available capacity under an assumed set of operating conditions.

General Disclaimer:
All posted capacity is based on Columbia Gulf Transmission, LLC's best estimate.  Actual capacity may vary from the posted quantity depending on operating conditions, including pipeline pressures and flows, and other factors.  Shippers should refer to the weekly capacity postings, or call their Marketing or Customer Service Representative for information on updated postings.

SONAT-SHADYSIDE (4078): The operationally available capacity at the point is 276,153 Dth/d; however, capacity at the point has been set higher within TC eConnects to permit the point operator to allocate the point pursuant to the Pipeline Balancing Agreement. CGT will confirm to match the operator's allocation while staying within the operationally available capacity of 276,153 Dth/d."
"Columbia Gulf Transmission, LLC",ALL,9/28/2026,TIM,007854581        ,14,ALL,9:00 AM,Final,BZ,9/27/2026 5:06 PM,Y,,UCG-BURWOOD,4056    ,Delivery Location,79700,79700,7600,7600,,72100,D,,DPQ,,Total,GROSS,FTS-1     ,-7600,,"Meters - Design Capacity:
The meter design capacity represents the available capacity under an assumed set of operating conditions.

General Disclaimer:
All posted capacity is based on Columbia Gulf Transmission, LLC's best estimate.  Actual capacity may vary from the posted quantity depending on operating conditions, including pipeline pressures and flows, and other factors.  Shippers should refer to the weekly capacity postings, or call their Marketing or Customer Service Representative for information on updated postings.

SONAT-SHADYSIDE (4078): The operationally available capacity at the point is 276,153 Dth/d; however, capacity at the point has been set higher within TC eConnects to permit the point operator to allocate the point pursuant to the Pipeline Balancing Agreement. CGT will confirm to match the operator's allocation while staying within the operationally available capacity of 276,153 Dth/d."
"Columbia Gulf Transmission, LLC",ALL,9/28/2026,TIM,007854581        ,14,ALL,9:00 AM,Final,BZ,9/27/2026 5:06 PM,Y,,SONAT-SHADYSIDE     ,4078    ,Delivery Location,276153,276153,105962,105962,,170191,D,,DPQ,,Total,GROSS,FTS-1     ,-105962,,"Meters - Design Capacity:
The meter design capacity represents the available capacity under an assumed set of operating conditions.

General Disclaimer:
All posted capacity is based on Columbia Gulf Transmission, LLC's best estimate.  Actual capacity may vary from the posted quantity depending on operating conditions, including pipeline pressures and flows, and other factors.  Shippers should refer to the weekly capacity postings, or call their Marketing or Customer Service Representative for information on updated postings.

SONAT-SHADYSIDE (4078): The operationally available capacity at the point is 276,153 Dth/d; however, capacity at the point has been set higher within TC eConnects to permit the point operator to allocate the point pursuant to the Pipeline Balancing Agreement. CGT will confirm to match the operator's allocation while staying within the operationally available capacity of 276,153 Dth/d."
"Columbia Gulf Transmission, LLC",ALL,9/28/2026,TIM,007854581        ,14,ALL,9:00 AM,Final,BZ,9/27/2026 5:06 PM,Y,,DMS-LOWRY           ,4079    ,Receipt Location,105400,30000,0,0,,30000,R,,RPQ,,Total,GROSS,          ,,,"Meters - Design Capacity:
The meter design capacity represents the available capacity under an assumed set of operating conditions.

General Disclaimer:
All posted capacity is based on Columbia Gulf Transmission, LLC's best estimate.  Actual capacity may vary from the posted quantity depending on operating conditions, including pipeline pressures and flows, and other factors.  Shippers should refer to the weekly capacity postings, or call their Marketing or Customer Service Representative for information on updated postings.

SONAT-SHADYSIDE (4078): The operationally available capacity at the point is 276,153 Dth/d; however, capacity at the point has been set higher within TC eConnects to permit the point operator to allocate the point pursuant to the Pipeline Balancing Agreement. CGT will confirm to match the operator's allocation while staying within the operationally available capacity of 276,153 Dth/d."
"Columbia Gulf Transmission, LLC",ALL,9/28/2026,TIM,007854581        ,14,ALL,9:00 AM,Final,BZ,9/27/2026 5:06 PM,Y,,KERN RIVER,4092    ,Delivery Location,120000,120000,17500,17500,,102500,D,,DPQ,,Total,GROSS,ITS-2     ,-17500,,"Meters - Design Capacity:
The meter design capacity represents the available capacity under an assumed set of operating conditions.

General Disclaimer:
All posted capacity is based on Columbia Gulf Transmission, LLC's best estimate.  Actual capacity may vary from the posted quantity depending on operating conditions, including pipeline pressures and flows, and other factors.  Shippers should refer to the weekly capacity postings, or call their Marketing or Customer Service Representative for information on updated postings.

SONAT-SHADYSIDE (4078): The operationally available capacity at the point is 276,153 Dth/d; however, capacity at the point has been set higher within TC eConnects to permit the point operator to allocate the point pursuant to the Pipeline Balancing Agreement. CGT will confirm to match the operator's allocation while staying within the operationally available capacity of 276,153 Dth/d."
"Columbia Gulf Transmission, LLC",ALL,9/28/2026,TIM,007854581        ,14,ALL,9:00 AM,Final,BZ,9/27/2026 5:06 PM,Y,,PARC PERDUE         ,4094    ,Receipt Location,151600,151600,0,0,,151600,R,,RPQ,,Total,GROSS,          ,,,"Meters - Design Capacity:
The meter design capacity represents the available capacity under an assumed set of operating conditions.

General Disclaimer:
All posted capacity is based on Columbia Gulf Transmission, LLC's best estimate.  Actual capacity may vary from the posted quantity depending on operating conditions, including pipeline pressures and flows, and other factors.  Shippers should refer to the weekly capacity postings, or call their Marketing or Customer Service Representative for information on updated postings.

SONAT-SHADYSIDE (4078): The operationally available capacity at the point is 276,153 Dth/d; however, capacity at the point has been set higher within TC eConnects to permit the point operator to allocate the point pursuant to the Pipeline Balancing Agreement. CGT will confirm to match the operator's allocation while staying within the operationally available capacity of 276,153 Dth/d."
"Columbia Gulf Transmission, LLC",ALL,9/28/2026,TIM,007854581        ,14,ALL,9:00 AM,Final,BZ,9/27/2026 5:06 PM,Y,,BURLINGTON-TERREBON ,4098    ,Receipt Location,6400,0,0,0,,0,R,N,RPQ,,Total,GROSS,          ,,,"Meters - Design Capacity:
The meter design capacity represents the available capacity under an assumed set of operating conditions.

General Disclaimer:
All posted capacity is based on Columbia Gulf Transmission, LLC's best estimate.  Actual capacity may vary from the posted quantity depending on operating conditions, including pipeline pressures and flows, and other factors.  Shippers should refer to the weekly capacity postings, or call their Marketing or Customer Service Representative for information on updated postings.

SONAT-SHADYSIDE (4078): The operationally available capacity at the point is 276,153 Dth/d; however, capacity at the point has been set higher within TC eConnects to permit the point operator to allocate the point pursuant to the Pipeline Balancing Agreement. CGT will confirm to match the operator's allocation while staying within the operationally available capacity of 276,153 Dth/d."
"Columbia Gulf Transmission, LLC",ALL,9/28/2026,TIM,007854581        ,14,ALL,9:00 AM,Final,BZ,9/27/2026 5:06 PM,Y,,UCG-TRIUNE CONNECTOR,4117    ,Delivery Location,171600,171600,3010,3010,,168590,D,,DPQ,,Total,GROSS,FTS-1     ,-3010,,"Meters - Design Capacity:
The meter design capacity represents the available capacity under an assumed set of operating conditions.

General Disclaimer:
All posted capacity is based on Columbia Gulf Transmission, LLC's best estimate.  Actual capacity may vary from the posted quantity depending on operating conditions, including pipeline pressures and flows, and other factors.  Shippers should refer to the weekly capacity postings, or call their Marketing or Customer Service Representative for information on updated postings.

SONAT-SHADYSIDE (4078): The operationally available capacity at the point is 276,153 Dth/d; however, capacity at the point has been set higher within TC eConnects to permit the point operator to allocate the point pursuant to the Pipeline Balancing Agreement. CGT will confirm to match the operator's allocation while staying within the operationally available capacity of 276,153 Dth/d."
"Columbia Gulf Transmission, LLC",ALL,9/28/2026,TIM,007854581        ,14,ALL,9:00 AM,Final,BZ,9/27/2026 5:06 PM,Y,,FLORIDA GAS         ,4118    ,Delivery Location,300000,305000,148655,148655,,156345,D,,DPQ,,Total,GROSS,FTS-1     ,-148655,,"Meters - Design Capacity:
The meter design capacity represents the available capacity under an assumed set of operating conditions.

General Disclaimer:
All posted capacity is based on Columbia Gulf Transmission, LLC's best estimate.  Actual capacity may vary from the posted quantity depending on operating conditions, including pipeline pressures and flows, and other factors.  Shippers should refer to the weekly capacity postings, or call their Marketing or Customer Service Representative for information on updated postings.

SONAT-SHADYSIDE (4078): The operationally available capacity at the point is 276,153 Dth/d; however, capacity at the point has been set higher within TC eConnects to permit the point operator to allocate the point pursuant to the Pipeline Balancing Agreement. CGT will confirm to match the operator's allocation while staying within the operationally available capacity of 276,153 Dth/d."
"Columbia Gulf Transmission, LLC",ALL,9/28/2026,TIM,007854581        ,14,ALL,9:00 AM,Final,BZ,9/27/2026 5:06 PM,Y,,JEFFERSON ISLAND    ,4119    ,Receipt Location,323200,323200,0,0,,323200,BD,,RPQ,,Total,GROSS,IPP-Gulf  ,0,,"Meters - Design Capacity:
The meter design capacity represents the available capacity under an assumed set of operating conditions.

General Disclaimer:
All posted capacity is based on Columbia Gulf Transmission, LLC's best estimate.  Actual capacity may vary from the posted quantity depending on operating conditions, including pipeline pressures and flows, and other factors.  Shippers should refer to the weekly capacity postings, or call their Marketing or Customer Service Representative for information on updated postings.

SONAT-SHADYSIDE (4078): The operationally available capacity at the point is 276,153 Dth/d; however, capacity at the point has been set higher within TC eConnects to permit the point operator to allocate the point pursuant to the Pipeline Balancing Agreement. CGT will confirm to match the operator's allocation while staying within the operationally available capacity of 276,153 Dth/d."
"Columbia Gulf Transmission, LLC",ALL,9/28/2026,TIM,007854581        ,14,ALL,9:00 AM,Final,BZ,9/27/2026 5:06 PM,Y,,JEFFERSON ISLAND    ,4119    ,Delivery Location,323200,323200,114458,114458,,208742,BD,,DPQ,,Total,GROSS,FTS-1     ,-114458,,"Meters - Design Capacity:
The meter design capacity represents the available capacity under an assumed set of operating conditions.

General Disclaimer:
All posted capacity is based on Columbia Gulf Transmission, LLC's best estimate.  Actual capacity may vary from the posted quantity depending on operating conditions, including pipeline pressures and flows, and other factors.  Shippers should refer to the weekly capacity postings, or call their Marketing or Customer Service Representative for information on updated postings.

SONAT-SHADYSIDE (4078): The operationally available capacity at the point is 276,153 Dth/d; however, capacity at the point has been set higher within TC eConnects to permit the point operator to allocate the point pursuant to the Pipeline Balancing Agreement. CGT will confirm to match the operator's allocation while staying within the operationally available capacity of 276,153 Dth/d."
"Columbia Gulf Transmission, LLC",ALL,9/28/2026,TIM,007854581        ,14,ALL,9:00 AM,Final,BZ,9/27/2026 5:06 PM,Y,,EGAN STOR-ACADIA-REC,4123    ,Receipt Location,600000,370000,15566,15566,,354434,BD,,RPQ,,Total,GROSS,FTS-1     ,0,,"Meters - Design Capacity:
The meter design capacity represents the available capacity under an assumed set of operating conditions.

General Disclaimer:
All posted capacity is based on Columbia Gulf Transmission, LLC's best estimate.  Actual capacity may vary from the posted quantity depending on operating conditions, including pipeline pressures and flows, and other factors.  Shippers should refer to the weekly capacity postings, or call their Marketing or Customer Service Representative for information on updated postings.

SONAT-SHADYSIDE (4078): The operationally available capacity at the point is 276,153 Dth/d; however, capacity at the point has been set higher within TC eConnects to permit the point operator to allocate the point pursuant to the Pipeline Balancing Agreement. CGT will confirm to match the operator's allocation while staying within the operationally available capacity of 276,153 Dth/d."
"Columbia Gulf Transmission, LLC",ALL,9/28/2026,TIM,007854581        ,14,ALL,9:00 AM,Final,BZ,9/27/2026 5:06 PM,Y,,EGAN STOR-ACADIA-REC,4123    ,Receipt Location,600000,370000,15566,15566,,354434,BD,,RPQ,,Total,GROSS,IPP-Gulf  ,15566,,"Meters - Design Capacity:
The meter design capacity represents the available capacity under an assumed set of operating conditions.

General Disclaimer:
All posted capacity is based on Columbia Gulf Transmission, LLC's best estimate.  Actual capacity may vary from the posted quantity depending on operating conditions, including pipeline pressures and flows, and other factors.  Shippers should refer to the weekly capacity postings, or call their Marketing or Customer Service Representative for information on updated postings.

SONAT-SHADYSIDE (4078): The operationally available capacity at the point is 276,153 Dth/d; however, capacity at the point has been set higher within TC eConnects to permit the point operator to allocate the point pursuant to the Pipeline Balancing Agreement. CGT will confirm to match the operator's allocation while staying within the operationally available capacity of 276,153 Dth/d."
"Columbia Gulf Transmission, LLC",ALL,9/28/2026,TIM,007854581        ,14,ALL,9:00 AM,Final,BZ,9/27/2026 5:06 PM,Y,,EGAN STOR-ACADIA-REC,4123    ,Delivery Location,600000,370000,195365,195365,,174635,BD,,DPQ,,Total,GROSS,FTS-1     ,-145200,,"Meters - Design Capacity:
The meter design capacity represents the available capacity under an assumed set of operating conditions.

General Disclaimer:
All posted capacity is based on Columbia Gulf Transmission, LLC's best estimate.  Actual capacity may vary from the posted quantity depending on operating conditions, including pipeline pressures and flows, and other factors.  Shippers should refer to the weekly capacity postings, or call their Marketing or Customer Service Representative for information on updated postings.

SONAT-SHADYSIDE (4078): The operationally available capacity at the point is 276,153 Dth/d; however, capacity at the point has been set higher within TC eConnects to permit the point operator to allocate the point pursuant to the Pipeline Balancing Agreement. CGT will confirm to match the operator's allocation while staying within the operationally available capacity of 276,153 Dth/d."
"Columbia Gulf Transmission, LLC",ALL,9/28/2026,TIM,007854581        ,14,ALL,9:00 AM,Final,BZ,9/27/2026 5:06 PM,Y,,EGAN STOR-ACADIA-REC,4123    ,Delivery Location,600000,370000,195365,195365,,174635,BD,,DPQ,,Total,GROSS,ITS-1     ,-50165,,"Meters - Design Capacity:
The meter design capacity represents the available capacity under an assumed set of operating conditions.

General Disclaimer:
All posted capacity is based on Columbia Gulf Transmission, LLC's best estimate.  Actual capacity may vary from the posted quantity depending on operating conditions, including pipeline pressures and flows, and other factors.  Shippers should refer to the weekly capacity postings, or call their Marketing or Customer Service Representative for information on updated postings.

SONAT-SHADYSIDE (4078): The operationally available capacity at the point is 276,153 Dth/d; however, capacity at the point has been set higher within TC eConnects to permit the point operator to allocate the point pursuant to the Pipeline Balancing Agreement. CGT will confirm to match the operator's allocation while staying within the operationally available capacity of 276,153 Dth/d."
"Columbia Gulf Transmission, LLC",ALL,9/28/2026,TIM,007854581        ,14,ALL,9:00 AM,Final,BZ,9/27/2026 5:06 PM,Y,,CITY OF LEBANON,4126    ,Delivery Location,20580,20580,4424,4424,,16156,D,,DPQ,,Total,GROSS,FTS-1     ,-4424,,"Meters - Design Capacity:
The meter design capacity represents the available capacity under an assumed set of operating conditions.

General Disclaimer:
All posted capacity is based on Columbia Gulf Transmission, LLC's best estimate.  Actual capacity may vary from the posted quantity depending on operating conditions, including pipeline pressures and flows, and other factors.  Shippers should refer to the weekly capacity postings, or call their Marketing or Customer Service Representative for information on updated postings.

SONAT-SHADYSIDE (4078): The operationally available capacity at the point is 276,153 Dth/d; however, capacity at the point has been set higher within TC eConnects to permit the point operator to allocate the point pursuant to the Pipeline Balancing Agreement. CGT will confirm to match the operator's allocation while staying within the operationally available capacity of 276,153 Dth/d."
"Columbia Gulf Transmission, LLC",ALL,9/28/2026,TIM,007854581        ,14,ALL,9:00 AM,Final,BZ,9/27/2026 5:06 PM,Y,,CLE-EVANGELINE,4128    ,Delivery Location,179400,179400,0,0,,179400,D,,DPQ,,Total,GROSS,          ,,,"Meters - Design Capacity:
The meter design capacity represents the available capacity under an assumed set of operating conditions.

General Disclaimer:
All posted capacity is based on Columbia Gulf Transmission, LLC's best estimate.  Actual capacity may vary from the posted quantity depending on operating conditions, including pipeline pressures and flows, and other factors.  Shippers should refer to the weekly capacity postings, or call their Marketing or Customer Service Representative for information on updated postings.

SONAT-SHADYSIDE (4078): The operationally available capacity at the point is 276,153 Dth/d; however, capacity at the point has been set higher within TC eConnects to permit the point operator to allocate the point pursuant to the Pipeline Balancing Agreement. CGT will confirm to match the operator's allocation while staying within the operationally available capacity of 276,153 Dth/d."
"Columbia Gulf Transmission, LLC",ALL,9/28/2026,TIM,007854581        ,14,ALL,9:00 AM,Final,BZ,9/27/2026 5:06 PM,Y,,TROUSDALE - E TENN,4133    ,Delivery Location,0,0,0,0,,0,BD,N,RPQ,,Total,NET,          ,,,"Meters - Design Capacity:
The meter design capacity represents the available capacity under an assumed set of operating conditions.

General Disclaimer:
All posted capacity is based on Columbia Gulf Transmission, LLC's best estimate.  Actual capacity may vary from the posted quantity depending on operating conditions, including pipeline pressures and flows, and other factors.  Shippers should refer to the weekly capacity postings, or call their Marketing or Customer Service Representative for information on updated postings.

SONAT-SHADYSIDE (4078): The operationally available capacity at the point is 276,153 Dth/d; however, capacity at the point has been set higher within TC eConnects to permit the point operator to allocate the point pursuant to the Pipeline Balancing Agreement. CGT will confirm to match the operator's allocation while staying within the operationally available capacity of 276,153 Dth/d."
"Columbia Gulf Transmission, LLC",ALL,9/28/2026,TIM,007854581        ,14,ALL,9:00 AM,Final,BZ,9/27/2026 5:06 PM,Y,,TROUSDALE - E TENN,4133    ,Delivery Location,180000,180000,0,0,,180000,BD,,DPQ,,Total,GROSS,FTS-1     ,0,,"Meters - Design Capacity:
The meter design capacity represents the available capacity under an assumed set of operating conditions.

General Disclaimer:
All posted capacity is based on Columbia Gulf Transmission, LLC's best estimate.  Actual capacity may vary from the posted quantity depending on operating conditions, including pipeline pressures and flows, and other factors.  Shippers should refer to the weekly capacity postings, or call their Marketing or Customer Service Representative for information on updated postings.

SONAT-SHADYSIDE (4078): The operationally available capacity at the point is 276,153 Dth/d; however, capacity at the point has been set higher within TC eConnects to permit the point operator to allocate the point pursuant to the Pipeline Balancing Agreement. CGT will confirm to match the operator's allocation while staying within the operationally available capacity of 276,153 Dth/d."
"Columbia Gulf Transmission, LLC",ALL,9/28/2026,TIM,007854581        ,14,ALL,9:00 AM,Final,BZ,9/27/2026 5:06 PM,Y,,CITY OF PONTOTOC,4134    ,Delivery Location,10100,10100,774,774,,9326,D,,DPQ,,Total,GROSS,FTS-1     ,-774,,"Meters - Design Capacity:
The meter design capacity represents the available capacity under an assumed set of operating conditions.

General Disclaimer:
All posted capacity is based on Columbia Gulf Transmission, LLC's best estimate.  Actual capacity may vary from the posted quantity depending on operating conditions, including pipeline pressures and flows, and other factors.  Shippers should refer to the weekly capacity postings, or call their Marketing or Customer Service Representative for information on updated postings.

SONAT-SHADYSIDE (4078): The operationally available capacity at the point is 276,153 Dth/d; however, capacity at the point has been set higher within TC eConnects to permit the point operator to allocate the point pursuant to the Pipeline Balancing Agreement. CGT will confirm to match the operator's allocation while staying within the operationally available capacity of 276,153 Dth/d."
"Columbia Gulf Transmission, LLC",ALL,9/28/2026,TIM,007854581        ,14,ALL,9:00 AM,Final,BZ,9/27/2026 5:06 PM,Y,,CLECO-TECHE         ,4137    ,Delivery Location,165900,165900,0,0,,165900,D,,DPQ,,Total,GROSS,          ,,,"Meters - Design Capacity:
The meter design capacity represents the available capacity under an assumed set of operating conditions.

General Disclaimer:
All posted capacity is based on Columbia Gulf Transmission, LLC's best estimate.  Actual capacity may vary from the posted quantity depending on operating conditions, including pipeline pressures and flows, and other factors.  Shippers should refer to the weekly capacity postings, or call their Marketing or Customer Service Representative for information on updated postings.

SONAT-SHADYSIDE (4078): The operationally available capacity at the point is 276,153 Dth/d; however, capacity at the point has been set higher within TC eConnects to permit the point operator to allocate the point pursuant to the Pipeline Balancing Agreement. CGT will confirm to match the operator's allocation while staying within the operationally available capacity of 276,153 Dth/d."
"Columbia Gulf Transmission, LLC",ALL,9/28/2026,TIM,007854581        ,14,ALL,9:00 AM,Final,BZ,9/27/2026 5:06 PM,Y,,NGPL-CHALKLEY       ,4146    ,Receipt Location,232600,232600,0,0,,232600,R,,RPQ,,Total,GROSS,          ,,,"Meters - Design Capacity:
The meter design capacity represents the available capacity under an assumed set of operating conditions.

General Disclaimer:
All posted capacity is based on Columbia Gulf Transmission, LLC's best estimate.  Actual capacity may vary from the posted quantity depending on operating conditions, including pipeline pressures and flows, and other factors.  Shippers should refer to the weekly capacity postings, or call their Marketing or Customer Service Representative for information on updated postings.

SONAT-SHADYSIDE (4078): The operationally available capacity at the point is 276,153 Dth/d; however, capacity at the point has been set higher within TC eConnects to permit the point operator to allocate the point pursuant to the Pipeline Balancing Agreement. CGT will confirm to match the operator's allocation while staying within the operationally available capacity of 276,153 Dth/d."
"Columbia Gulf Transmission, LLC",ALL,9/28/2026,TIM,007854581        ,14,ALL,9:00 AM,Final,BZ,9/27/2026 5:06 PM,Y,,TVA -- WILSON,4153    ,Delivery Location,300900,300900,0,0,,300900,D,,DPQ,,Total,GROSS,ITS-1     ,0,,"Meters - Design Capacity:
The meter design capacity represents the available capacity under an assumed set of operating conditions.

General Disclaimer:
All posted capacity is based on Columbia Gulf Transmission, LLC's best estimate.  Actual capacity may vary from the posted quantity depending on operating conditions, including pipeline pressures and flows, and other factors.  Shippers should refer to the weekly capacity postings, or call their Marketing or Customer Service Representative for information on updated postings.

SONAT-SHADYSIDE (4078): The operationally available capacity at the point is 276,153 Dth/d; however, capacity at the point has been set higher within TC eConnects to permit the point operator to allocate the point pursuant to the Pipeline Balancing Agreement. CGT will confirm to match the operator's allocation while staying within the operationally available capacity of 276,153 Dth/d."
"Columbia Gulf Transmission, LLC",ALL,9/28/2026,TIM,007854581        ,14,ALL,9:00 AM,Final,BZ,9/27/2026 5:06 PM,Y,,ENTERGY-EVANGELINE  ,4155    ,Delivery Location,303000,303000,34868,34868,,268132,D,,DPQ,,Total,GROSS,FTS-1     ,-34868,,"Meters - Design Capacity:
The meter design capacity represents the available capacity under an assumed set of operating conditions.

General Disclaimer:
All posted capacity is based on Columbia Gulf Transmission, LLC's best estimate.  Actual capacity may vary from the posted quantity depending on operating conditions, including pipeline pressures and flows, and other factors.  Shippers should refer to the weekly capacity postings, or call their Marketing or Customer Service Representative for information on updated postings.

SONAT-SHADYSIDE (4078): The operationally available capacity at the point is 276,153 Dth/d; however, capacity at the point has been set higher within TC eConnects to permit the point operator to allocate the point pursuant to the Pipeline Balancing Agreement. CGT will confirm to match the operator's allocation while staying within the operationally available capacity of 276,153 Dth/d."
"Columbia Gulf Transmission, LLC",ALL,9/28/2026,TIM,007854581        ,14,ALL,9:00 AM,Final,BZ,9/27/2026 5:06 PM,Y,,CITY OF GALLATIN,4166    ,Delivery Location,45100,45100,3000,3000,,42100,D,,DPQ,,Total,GROSS,FTS-1     ,-3000,,"Meters - Design Capacity:
The meter design capacity represents the available capacity under an assumed set of operating conditions.

General Disclaimer:
All posted capacity is based on Columbia Gulf Transmission, LLC's best estimate.  Actual capacity may vary from the posted quantity depending on operating conditions, including pipeline pressures and flows, and other factors.  Shippers should refer to the weekly capacity postings, or call their Marketing or Customer Service Representative for information on updated postings.

SONAT-SHADYSIDE (4078): The operationally available capacity at the point is 276,153 Dth/d; however, capacity at the point has been set higher within TC eConnects to permit the point operator to allocate the point pursuant to the Pipeline Balancing Agreement. CGT will confirm to match the operator's allocation while staying within the operationally available capacity of 276,153 Dth/d."
"Columbia Gulf Transmission, LLC",ALL,9/28/2026,TIM,007854581        ,14,ALL,9:00 AM,Final,BZ,9/27/2026 5:06 PM,Y,,UC-GOVERNORS CLUB,4182    ,Delivery Location,3512,3512,500,500,,3012,D,,DPQ,,Total,GROSS,FTS-1     ,-500,,"Meters - Design Capacity:
The meter design capacity represents the available capacity under an assumed set of operating conditions.

General Disclaimer:
All posted capacity is based on Columbia Gulf Transmission, LLC's best estimate.  Actual capacity may vary from the posted quantity depending on operating conditions, including pipeline pressures and flows, and other factors.  Shippers should refer to the weekly capacity postings, or call their Marketing or Customer Service Representative for information on updated postings.

SONAT-SHADYSIDE (4078): The operationally available capacity at the point is 276,153 Dth/d; however, capacity at the point has been set higher within TC eConnects to permit the point operator to allocate the point pursuant to the Pipeline Balancing Agreement. CGT will confirm to match the operator's allocation while staying within the operationally available capacity of 276,153 Dth/d."
"Columbia Gulf Transmission, LLC",ALL,9/28/2026,TIM,007854581        ,14,ALL,9:00 AM,Final,BZ,9/27/2026 5:06 PM,Y,,NASHVILLE GAS,4183    ,Delivery Location,15000,15000,0,0,,15000,D,,DPQ,,Total,GROSS,          ,,,"Meters - Design Capacity:
The meter design capacity represents the available capacity under an assumed set of operating conditions.

General Disclaimer:
All posted capacity is based on Columbia Gulf Transmission, LLC's best estimate.  Actual capacity may vary from the posted quantity depending on operating conditions, including pipeline pressures and flows, and other factors.  Shippers should refer to the weekly capacity postings, or call their Marketing or Customer Service Representative for information on updated postings.

SONAT-SHADYSIDE (4078): The operationally available capacity at the point is 276,153 Dth/d; however, capacity at the point has been set higher within TC eConnects to permit the point operator to allocate the point pursuant to the Pipeline Balancing Agreement. CGT will confirm to match the operator's allocation while staying within the operationally available capacity of 276,153 Dth/d."
"Columbia Gulf Transmission, LLC",ALL,9/28/2026,TIM,007854581        ,14,ALL,9:00 AM,Final,BZ,9/27/2026 5:06 PM,Y,,Discovery Gas Transmission,4186    ,Receipt Location,150000,150000,2435,2435,,147565,BD,,RPQ,,Total,GROSS,FTS-1     ,735,,"Meters - Design Capacity:
The meter design capacity represents the available capacity under an assumed set of operating conditions.

General Disclaimer:
All posted capacity is based on Columbia Gulf Transmission, LLC's best estimate.  Actual capacity may vary from the posted quantity depending on operating conditions, including pipeline pressures and flows, and other factors.  Shippers should refer to the weekly capacity postings, or call their Marketing or Customer Service Representative for information on updated postings.

SONAT-SHADYSIDE (4078): The operationally available capacity at the point is 276,153 Dth/d; however, capacity at the point has been set higher within TC eConnects to permit the point operator to allocate the point pursuant to the Pipeline Balancing Agreement. CGT will confirm to match the operator's allocation while staying within the operationally available capacity of 276,153 Dth/d."
"Columbia Gulf Transmission, LLC",ALL,9/28/2026,TIM,007854581        ,14,ALL,9:00 AM,Final,BZ,9/27/2026 5:06 PM,Y,,Discovery Gas Transmission,4186    ,Receipt Location,150000,150000,2435,2435,,147565,BD,,RPQ,,Total,GROSS,IPP-Gulf  ,1700,,"Meters - Design Capacity:
The meter design capacity represents the available capacity under an assumed set of operating conditions.

General Disclaimer:
All posted capacity is based on Columbia Gulf Transmission, LLC's best estimate.  Actual capacity may vary from the posted quantity depending on operating conditions, including pipeline pressures and flows, and other factors.  Shippers should refer to the weekly capacity postings, or call their Marketing or Customer Service Representative for information on updated postings.

SONAT-SHADYSIDE (4078): The operationally available capacity at the point is 276,153 Dth/d; however, capacity at the point has been set higher within TC eConnects to permit the point operator to allocate the point pursuant to the Pipeline Balancing Agreement. CGT will confirm to match the operator's allocation while staying within the operationally available capacity of 276,153 Dth/d."
"Columbia Gulf Transmission, LLC",ALL,9/28/2026,TIM,007854581        ,14,ALL,9:00 AM,Final,BZ,9/27/2026 5:06 PM,Y,,Discovery Gas Transmission,4186    ,Delivery Location,150000,150000,0,0,,150000,BD,,DPQ,,Total,GROSS,          ,,,"Meters - Design Capacity:
The meter design capacity represents the available capacity under an assumed set of operating conditions.

General Disclaimer:
All posted capacity is based on Columbia Gulf Transmission, LLC's best estimate.  Actual capacity may vary from the posted quantity depending on operating conditions, including pipeline pressures and flows, and other factors.  Shippers should refer to the weekly capacity postings, or call their Marketing or Customer Service Representative for information on updated postings.

SONAT-SHADYSIDE (4078): The operationally available capacity at the point is 276,153 Dth/d; however, capacity at the point has been set higher within TC eConnects to permit the point operator to allocate the point pursuant to the Pipeline Balancing Agreement. CGT will confirm to match the operator's allocation while staying within the operationally available capacity of 276,153 Dth/d."
"Columbia Gulf Transmission, LLC",ALL,9/28/2026,TIM,007854581        ,14,ALL,9:00 AM,Final,BZ,9/27/2026 5:06 PM,Y,,TRANS LA/ATMOS      ,4187    ,Delivery Location,120000,120000,10896,10896,,109104,D,,DPQ,,Total,GROSS,FTS-1     ,-10896,,"Meters - Design Capacity:
The meter design capacity represents the available capacity under an assumed set of operating conditions.

General Disclaimer:
All posted capacity is based on Columbia Gulf Transmission, LLC's best estimate.  Actual capacity may vary from the posted quantity depending on operating conditions, including pipeline pressures and flows, and other factors.  Shippers should refer to the weekly capacity postings, or call their Marketing or Customer Service Representative for information on updated postings.

SONAT-SHADYSIDE (4078): The operationally available capacity at the point is 276,153 Dth/d; however, capacity at the point has been set higher within TC eConnects to permit the point operator to allocate the point pursuant to the Pipeline Balancing Agreement. CGT will confirm to match the operator's allocation while staying within the operationally available capacity of 276,153 Dth/d."
"Columbia Gulf Transmission, LLC",ALL,9/28/2026,TIM,007854581        ,14,ALL,9:00 AM,Final,BZ,9/27/2026 5:06 PM,Y,,MidWestern Pipeline,4197    ,Receipt Location,120000,120000,0,0,,120000,BD,,RPQ,,Total,GROSS,          ,,,"Meters - Design Capacity:
The meter design capacity represents the available capacity under an assumed set of operating conditions.

General Disclaimer:
All posted capacity is based on Columbia Gulf Transmission, LLC's best estimate.  Actual capacity may vary from the posted quantity depending on operating conditions, including pipeline pressures and flows, and other factors.  Shippers should refer to the weekly capacity postings, or call their Marketing or Customer Service Representative for information on updated postings.

SONAT-SHADYSIDE (4078): The operationally available capacity at the point is 276,153 Dth/d; however, capacity at the point has been set higher within TC eConnects to permit the point operator to allocate the point pursuant to the Pipeline Balancing Agreement. CGT will confirm to match the operator's allocation while staying within the operationally available capacity of 276,153 Dth/d."
"Columbia Gulf Transmission, LLC",ALL,9/28/2026,TIM,007854581        ,14,ALL,9:00 AM,Final,BZ,9/27/2026 5:06 PM,Y,,MidWestern Pipeline,4197    ,Delivery Location,120000,120000,1500,1500,,118500,BD,,DPQ,,Total,GROSS,FTS-1     ,-1500,,"Meters - Design Capacity:
The meter design capacity represents the available capacity under an assumed set of operating conditions.

General Disclaimer:
All posted capacity is based on Columbia Gulf Transmission, LLC's best estimate.  Actual capacity may vary from the posted quantity depending on operating conditions, including pipeline pressures and flows, and other factors.  Shippers should refer to the weekly capacity postings, or call their Marketing or Customer Service Representative for information on updated postings.

SONAT-SHADYSIDE (4078): The operationally available capacity at the point is 276,153 Dth/d; however, capacity at the point has been set higher within TC eConnects to permit the point operator to allocate the point pursuant to the Pipeline Balancing Agreement. CGT will confirm to match the operator's allocation while staying within the operationally available capacity of 276,153 Dth/d."
"Columbia Gulf Transmission, LLC",ALL,9/28/2026,TIM,007854581        ,14,ALL,9:00 AM,Final,BZ,9/27/2026 5:06 PM,Y,,CENTERPOINT,4203    ,Receipt Location,1400000,1400000,155861,155861,,1244139,BD,,RPQ,,Total,GROSS,FTS-1     ,49722,,"Meters - Design Capacity:
The meter design capacity represents the available capacity under an assumed set of operating conditions.

General Disclaimer:
All posted capacity is based on Columbia Gulf Transmission, LLC's best estimate.  Actual capacity may vary from the posted quantity depending on operating conditions, including pipeline pressures and flows, and other factors.  Shippers should refer to the weekly capacity postings, or call their Marketing or Customer Service Representative for information on updated postings.

SONAT-SHADYSIDE (4078): The operationally available capacity at the point is 276,153 Dth/d; however, capacity at the point has been set higher within TC eConnects to permit the point operator to allocate the point pursuant to the Pipeline Balancing Agreement. CGT will confirm to match the operator's allocation while staying within the operationally available capacity of 276,153 Dth/d."
"Columbia Gulf Transmission, LLC",ALL,9/28/2026,TIM,007854581        ,14,ALL,9:00 AM,Final,BZ,9/27/2026 5:06 PM,Y,,CENTERPOINT,4203    ,Receipt Location,1400000,1400000,155861,155861,,1244139,BD,,RPQ,,Total,GROSS,IPP-Gulf  ,106139,,"Meters - Design Capacity:
The meter design capacity represents the available capacity under an assumed set of operating conditions.

General Disclaimer:
All posted capacity is based on Columbia Gulf Transmission, LLC's best estimate.  Actual capacity may vary from the posted quantity depending on operating conditions, including pipeline pressures and flows, and other factors.  Shippers should refer to the weekly capacity postings, or call their Marketing or Customer Service Representative for information on updated postings.

SONAT-SHADYSIDE (4078): The operationally available capacity at the point is 276,153 Dth/d; however, capacity at the point has been set higher within TC eConnects to permit the point operator to allocate the point pursuant to the Pipeline Balancing Agreement. CGT will confirm to match the operator's allocation while staying within the operationally available capacity of 276,153 Dth/d."
"Columbia Gulf Transmission, LLC",ALL,9/28/2026,TIM,007854581        ,14,ALL,9:00 AM,Final,BZ,9/27/2026 5:06 PM,Y,,CENTERPOINT,4203    ,Delivery Location,1400000,1400000,0,0,,1400000,BD,,DPQ,,Total,GROSS,          ,,,"Meters - Design Capacity:
The meter design capacity represents the available capacity under an assumed set of operating conditions.

General Disclaimer:
All posted capacity is based on Columbia Gulf Transmission, LLC's best estimate.  Actual capacity may vary from the posted quantity depending on operating conditions, including pipeline pressures and flows, and other factors.  Shippers should refer to the weekly capacity postings, or call their Marketing or Customer Service Representative for information on updated postings.

SONAT-SHADYSIDE (4078): The operationally available capacity at the point is 276,153 Dth/d; however, capacity at the point has been set higher within TC eConnects to permit the point operator to allocate the point pursuant to the Pipeline Balancing Agreement. CGT will confirm to match the operator's allocation while staying within the operationally available capacity of 276,153 Dth/d."
"Columbia Gulf Transmission, LLC",ALL,9/28/2026,TIM,007854581        ,14,ALL,9:00 AM,Final,BZ,9/27/2026 5:06 PM,Y,,Gulf South Delhi,4204D   ,Delivery Location,1000000,1000000,0,0,,1000000,D,,DPQ,,Total,GROSS,          ,,,"Meters - Design Capacity:
The meter design capacity represents the available capacity under an assumed set of operating conditions.

General Disclaimer:
All posted capacity is based on Columbia Gulf Transmission, LLC's best estimate.  Actual capacity may vary from the posted quantity depending on operating conditions, including pipeline pressures and flows, and other factors.  Shippers should refer to the weekly capacity postings, or call their Marketing or Customer Service Representative for information on updated postings.

SONAT-SHADYSIDE (4078): The operationally available capacity at the point is 276,153 Dth/d; however, capacity at the point has been set higher within TC eConnects to permit the point operator to allocate the point pursuant to the Pipeline Balancing Agreement. CGT will confirm to match the operator's allocation while staying within the operationally available capacity of 276,153 Dth/d."
"Columbia Gulf Transmission, LLC",ALL,9/28/2026,TIM,007854581        ,14,ALL,9:00 AM,Final,BZ,9/27/2026 5:06 PM,Y,,Gulf South Delhi,4204R   ,Receipt Location,1000000,1000000,62946,62946,,937054,R,,RPQ,,Total,GROSS,IPP-Gulf  ,62946,,"Meters - Design Capacity:
The meter design capacity represents the available capacity under an assumed set of operating conditions.

General Disclaimer:
All posted capacity is based on Columbia Gulf Transmission, LLC's best estimate.  Actual capacity may vary from the posted quantity depending on operating conditions, including pipeline pressures and flows, and other factors.  Shippers should refer to the weekly capacity postings, or call their Marketing or Customer Service Representative for information on updated postings.

SONAT-SHADYSIDE (4078): The operationally available capacity at the point is 276,153 Dth/d; however, capacity at the point has been set higher within TC eConnects to permit the point operator to allocate the point pursuant to the Pipeline Balancing Agreement. CGT will confirm to match the operator's allocation while staying within the operationally available capacity of 276,153 Dth/d."
"Columbia Gulf Transmission, LLC",ALL,9/28/2026,TIM,007854581        ,14,ALL,9:00 AM,Final,BZ,9/27/2026 5:06 PM,Y,,Pine Prairie Energy,4205    ,Receipt Location,797000,797000,0,0,,867000,BD,,RPQ,,Total,NET,          ,,,"Meters - Design Capacity:
The meter design capacity represents the available capacity under an assumed set of operating conditions.

General Disclaimer:
All posted capacity is based on Columbia Gulf Transmission, LLC's best estimate.  Actual capacity may vary from the posted quantity depending on operating conditions, including pipeline pressures and flows, and other factors.  Shippers should refer to the weekly capacity postings, or call their Marketing or Customer Service Representative for information on updated postings.

SONAT-SHADYSIDE (4078): The operationally available capacity at the point is 276,153 Dth/d; however, capacity at the point has been set higher within TC eConnects to permit the point operator to allocate the point pursuant to the Pipeline Balancing Agreement. CGT will confirm to match the operator's allocation while staying within the operationally available capacity of 276,153 Dth/d."
"Columbia Gulf Transmission, LLC",ALL,9/28/2026,TIM,007854581        ,14,ALL,9:00 AM,Final,BZ,9/27/2026 5:06 PM,Y,,Pine Prairie Energy,4205    ,Delivery Location,600000,600000,70000,70000,,530000,BD,,DPQ,,Total,NET,FTS-1     ,-70000,,"Meters - Design Capacity:
The meter design capacity represents the available capacity under an assumed set of operating conditions.

General Disclaimer:
All posted capacity is based on Columbia Gulf Transmission, LLC's best estimate.  Actual capacity may vary from the posted quantity depending on operating conditions, including pipeline pressures and flows, and other factors.  Shippers should refer to the weekly capacity postings, or call their Marketing or Customer Service Representative for information on updated postings.

SONAT-SHADYSIDE (4078): The operationally available capacity at the point is 276,153 Dth/d; however, capacity at the point has been set higher within TC eConnects to permit the point operator to allocate the point pursuant to the Pipeline Balancing Agreement. CGT will confirm to match the operator's allocation while staying within the operationally available capacity of 276,153 Dth/d."
"Columbia Gulf Transmission, LLC",ALL,9/28/2026,TIM,007854581        ,14,ALL,9:00 AM,Final,BZ,9/27/2026 5:06 PM,Y,,Kinder Morgan La.,4206    ,Receipt Location,1530000,1530000,0,0,,1530000,BD,,RPQ,,Total,GROSS,          ,,,"Meters - Design Capacity:
The meter design capacity represents the available capacity under an assumed set of operating conditions.

General Disclaimer:
All posted capacity is based on Columbia Gulf Transmission, LLC's best estimate.  Actual capacity may vary from the posted quantity depending on operating conditions, including pipeline pressures and flows, and other factors.  Shippers should refer to the weekly capacity postings, or call their Marketing or Customer Service Representative for information on updated postings.

SONAT-SHADYSIDE (4078): The operationally available capacity at the point is 276,153 Dth/d; however, capacity at the point has been set higher within TC eConnects to permit the point operator to allocate the point pursuant to the Pipeline Balancing Agreement. CGT will confirm to match the operator's allocation while staying within the operationally available capacity of 276,153 Dth/d."
"Columbia Gulf Transmission, LLC",ALL,9/28/2026,TIM,007854581        ,14,ALL,9:00 AM,Final,BZ,9/27/2026 5:06 PM,Y,,Kinder Morgan La.,4206    ,Delivery Location,1530000,1530000,769608,769608,,760392,BD,,DPQ,,Total,GROSS,FTS-1     ,-769608,,"Meters - Design Capacity:
The meter design capacity represents the available capacity under an assumed set of operating conditions.

General Disclaimer:
All posted capacity is based on Columbia Gulf Transmission, LLC's best estimate.  Actual capacity may vary from the posted quantity depending on operating conditions, including pipeline pressures and flows, and other factors.  Shippers should refer to the weekly capacity postings, or call their Marketing or Customer Service Representative for information on updated postings.

SONAT-SHADYSIDE (4078): The operationally available capacity at the point is 276,153 Dth/d; however, capacity at the point has been set higher within TC eConnects to permit the point operator to allocate the point pursuant to the Pipeline Balancing Agreement. CGT will confirm to match the operator's allocation while staying within the operationally available capacity of 276,153 Dth/d."
"Columbia Gulf Transmission, LLC",ALL,9/28/2026,TIM,007854581        ,14,ALL,9:00 AM,Final,BZ,9/27/2026 5:06 PM,Y,,SOUTHEAST SUPPLY HEADER (SESH) - DELIVERY,4208D   ,Delivery Location,1030000,1030000,0,0,,1030000,D,,DPQ,,Total,GROSS,          ,,,"Meters - Design Capacity:
The meter design capacity represents the available capacity under an assumed set of operating conditions.

General Disclaimer:
All posted capacity is based on Columbia Gulf Transmission, LLC's best estimate.  Actual capacity may vary from the posted quantity depending on operating conditions, including pipeline pressures and flows, and other factors.  Shippers should refer to the weekly capacity postings, or call their Marketing or Customer Service Representative for information on updated postings.

SONAT-SHADYSIDE (4078): The operationally available capacity at the point is 276,153 Dth/d; however, capacity at the point has been set higher within TC eConnects to permit the point operator to allocate the point pursuant to the Pipeline Balancing Agreement. CGT will confirm to match the operator's allocation while staying within the operationally available capacity of 276,153 Dth/d."
"Columbia Gulf Transmission, LLC",ALL,9/28/2026,TIM,007854581        ,14,ALL,9:00 AM,Final,BZ,9/27/2026 5:06 PM,Y,,SOUTHEASTERN SUPPLY HEADER (SESH) - RECEIPT,4208R   ,Receipt Location,1030000,0,0,0,,0,R,N,RPQ,,Total,GROSS,          ,,,"Meters - Design Capacity:
The meter design capacity represents the available capacity under an assumed set of operating conditions.

General Disclaimer:
All posted capacity is based on Columbia Gulf Transmission, LLC's best estimate.  Actual capacity may vary from the posted quantity depending on operating conditions, including pipeline pressures and flows, and other factors.  Shippers should refer to the weekly capacity postings, or call their Marketing or Customer Service Representative for information on updated postings.

SONAT-SHADYSIDE (4078): The operationally available capacity at the point is 276,153 Dth/d; however, capacity at the point has been set higher within TC eConnects to permit the point operator to allocate the point pursuant to the Pipeline Balancing Agreement. CGT will confirm to match the operator's allocation while staying within the operationally available capacity of 276,153 Dth/d."
"Columbia Gulf Transmission, LLC",ALL,9/28/2026,TIM,007854581        ,14,ALL,9:00 AM,Final,BZ,9/27/2026 5:06 PM,Y,,MidContinent Express,4209    ,Receipt Location,0,0,0,0,,0,BD,N,DPQ,,Total,NET,          ,,,"Meters - Design Capacity:
The meter design capacity represents the available capacity under an assumed set of operating conditions.

General Disclaimer:
All posted capacity is based on Columbia Gulf Transmission, LLC's best estimate.  Actual capacity may vary from the posted quantity depending on operating conditions, including pipeline pressures and flows, and other factors.  Shippers should refer to the weekly capacity postings, or call their Marketing or Customer Service Representative for information on updated postings.

SONAT-SHADYSIDE (4078): The operationally available capacity at the point is 276,153 Dth/d; however, capacity at the point has been set higher within TC eConnects to permit the point operator to allocate the point pursuant to the Pipeline Balancing Agreement. CGT will confirm to match the operator's allocation while staying within the operationally available capacity of 276,153 Dth/d."
"Columbia Gulf Transmission, LLC",ALL,9/28/2026,TIM,007854581        ,14,ALL,9:00 AM,Final,BZ,9/27/2026 5:06 PM,Y,,MidContinent Express,4209    ,Receipt Location,550000,550000,0,0,,550000,BD,,RPQ,,Total,GROSS,          ,,,"Meters - Design Capacity:
The meter design capacity represents the available capacity under an assumed set of operating conditions.

General Disclaimer:
All posted capacity is based on Columbia Gulf Transmission, LLC's best estimate.  Actual capacity may vary from the posted quantity depending on operating conditions, including pipeline pressures and flows, and other factors.  Shippers should refer to the weekly capacity postings, or call their Marketing or Customer Service Representative for information on updated postings.

SONAT-SHADYSIDE (4078): The operationally available capacity at the point is 276,153 Dth/d; however, capacity at the point has been set higher within TC eConnects to permit the point operator to allocate the point pursuant to the Pipeline Balancing Agreement. CGT will confirm to match the operator's allocation while staying within the operationally available capacity of 276,153 Dth/d."
"Columbia Gulf Transmission, LLC",ALL,9/28/2026,TIM,007854581        ,14,ALL,9:00 AM,Final,BZ,9/27/2026 5:06 PM,Y,,Gulf Crossing,4221    ,Receipt Location,1131900,1131900,0,0,,1131900,R,,RPQ,,Total,GROSS,          ,,,"Meters - Design Capacity:
The meter design capacity represents the available capacity under an assumed set of operating conditions.

General Disclaimer:
All posted capacity is based on Columbia Gulf Transmission, LLC's best estimate.  Actual capacity may vary from the posted quantity depending on operating conditions, including pipeline pressures and flows, and other factors.  Shippers should refer to the weekly capacity postings, or call their Marketing or Customer Service Representative for information on updated postings.

SONAT-SHADYSIDE (4078): The operationally available capacity at the point is 276,153 Dth/d; however, capacity at the point has been set higher within TC eConnects to permit the point operator to allocate the point pursuant to the Pipeline Balancing Agreement. CGT will confirm to match the operator's allocation while staying within the operationally available capacity of 276,153 Dth/d."
"Columbia Gulf Transmission, LLC",ALL,9/28/2026,TIM,007854581        ,14,ALL,9:00 AM,Final,BZ,9/27/2026 5:06 PM,Y,,Texas Gas ,4222    ,Receipt Location,998130,0,0,0,,0,R,N,RPQ,,Total,GROSS,          ,,,"Meters - Design Capacity:
The meter design capacity represents the available capacity under an assumed set of operating conditions.

General Disclaimer:
All posted capacity is based on Columbia Gulf Transmission, LLC's best estimate.  Actual capacity may vary from the posted quantity depending on operating conditions, including pipeline pressures and flows, and other factors.  Shippers should refer to the weekly capacity postings, or call their Marketing or Customer Service Representative for information on updated postings.

SONAT-SHADYSIDE (4078): The operationally available capacity at the point is 276,153 Dth/d; however, capacity at the point has been set higher within TC eConnects to permit the point operator to allocate the point pursuant to the Pipeline Balancing Agreement. CGT will confirm to match the operator's allocation while staying within the operationally available capacity of 276,153 Dth/d."
"Columbia Gulf Transmission, LLC",ALL,9/28/2026,TIM,007854581        ,14,ALL,9:00 AM,Final,BZ,9/27/2026 5:06 PM,Y,,Regency II,4227    ,Receipt Location,250000,250000,0,0,,250000,BD,,DPQ,,Total,GROSS,          ,,,"Meters - Design Capacity:
The meter design capacity represents the available capacity under an assumed set of operating conditions.

General Disclaimer:
All posted capacity is based on Columbia Gulf Transmission, LLC's best estimate.  Actual capacity may vary from the posted quantity depending on operating conditions, including pipeline pressures and flows, and other factors.  Shippers should refer to the weekly capacity postings, or call their Marketing or Customer Service Representative for information on updated postings.

SONAT-SHADYSIDE (4078): The operationally available capacity at the point is 276,153 Dth/d; however, capacity at the point has been set higher within TC eConnects to permit the point operator to allocate the point pursuant to the Pipeline Balancing Agreement. CGT will confirm to match the operator's allocation while staying within the operationally available capacity of 276,153 Dth/d."
"Columbia Gulf Transmission, LLC",ALL,9/28/2026,TIM,007854581        ,14,ALL,9:00 AM,Final,BZ,9/27/2026 5:06 PM,Y,,Regency II,4227    ,Receipt Location,1000000,1000000,124978,124978,,875022,BD,,RPQ,,Total,GROSS,IPP-Gulf  ,124978,,"Meters - Design Capacity:
The meter design capacity represents the available capacity under an assumed set of operating conditions.

General Disclaimer:
All posted capacity is based on Columbia Gulf Transmission, LLC's best estimate.  Actual capacity may vary from the posted quantity depending on operating conditions, including pipeline pressures and flows, and other factors.  Shippers should refer to the weekly capacity postings, or call their Marketing or Customer Service Representative for information on updated postings.

SONAT-SHADYSIDE (4078): The operationally available capacity at the point is 276,153 Dth/d; however, capacity at the point has been set higher within TC eConnects to permit the point operator to allocate the point pursuant to the Pipeline Balancing Agreement. CGT will confirm to match the operator's allocation while staying within the operationally available capacity of 276,153 Dth/d."
"Columbia Gulf Transmission, LLC",ALL,9/28/2026,TIM,007854581        ,14,ALL,9:00 AM,Final,BZ,9/27/2026 5:06 PM,Y,,Ft. Henry/Chevron Pipeline,4228    ,Receipt Location,300000,300000,0,0,,300000,R,,RPQ,,Total,GROSS,          ,,,"Meters - Design Capacity:
The meter design capacity represents the available capacity under an assumed set of operating conditions.

General Disclaimer:
All posted capacity is based on Columbia Gulf Transmission, LLC's best estimate.  Actual capacity may vary from the posted quantity depending on operating conditions, including pipeline pressures and flows, and other factors.  Shippers should refer to the weekly capacity postings, or call their Marketing or Customer Service Representative for information on updated postings.

SONAT-SHADYSIDE (4078): The operationally available capacity at the point is 276,153 Dth/d; however, capacity at the point has been set higher within TC eConnects to permit the point operator to allocate the point pursuant to the Pipeline Balancing Agreement. CGT will confirm to match the operator's allocation while staying within the operationally available capacity of 276,153 Dth/d."
"Columbia Gulf Transmission, LLC",ALL,9/28/2026,TIM,007854581        ,14,ALL,9:00 AM,Final,BZ,9/27/2026 5:06 PM,Y,,Centerville/Neptune Plant,4229    ,Delivery Location,300000,300000,0,0,,300000,D,,DPQ,,Total,GROSS,          ,,,"Meters - Design Capacity:
The meter design capacity represents the available capacity under an assumed set of operating conditions.

General Disclaimer:
All posted capacity is based on Columbia Gulf Transmission, LLC's best estimate.  Actual capacity may vary from the posted quantity depending on operating conditions, including pipeline pressures and flows, and other factors.  Shippers should refer to the weekly capacity postings, or call their Marketing or Customer Service Representative for information on updated postings.

SONAT-SHADYSIDE (4078): The operationally available capacity at the point is 276,153 Dth/d; however, capacity at the point has been set higher within TC eConnects to permit the point operator to allocate the point pursuant to the Pipeline Balancing Agreement. CGT will confirm to match the operator's allocation while staying within the operationally available capacity of 276,153 Dth/d."
"Columbia Gulf Transmission, LLC",ALL,9/28/2026,TIM,007854581        ,14,ALL,9:00 AM,Final,BZ,9/27/2026 5:06 PM,Y,,ETC - Tiger Pipeline,4232    ,Receipt Location,1300000,1300000,328339,328339,,971661,R,,RPQ,,Total,GROSS,FTS-1     ,19444,,"Meters - Design Capacity:
The meter design capacity represents the available capacity under an assumed set of operating conditions.

General Disclaimer:
All posted capacity is based on Columbia Gulf Transmission, LLC's best estimate.  Actual capacity may vary from the posted quantity depending on operating conditions, including pipeline pressures and flows, and other factors.  Shippers should refer to the weekly capacity postings, or call their Marketing or Customer Service Representative for information on updated postings.

SONAT-SHADYSIDE (4078): The operationally available capacity at the point is 276,153 Dth/d; however, capacity at the point has been set higher within TC eConnects to permit the point operator to allocate the point pursuant to the Pipeline Balancing Agreement. CGT will confirm to match the operator's allocation while staying within the operationally available capacity of 276,153 Dth/d."
"Columbia Gulf Transmission, LLC",ALL,9/28/2026,TIM,007854581        ,14,ALL,9:00 AM,Final,BZ,9/27/2026 5:06 PM,Y,,ETC - Tiger Pipeline,4232    ,Receipt Location,1300000,1300000,328339,328339,,971661,R,,RPQ,,Total,GROSS,IPP-Gulf  ,308895,,"Meters - Design Capacity:
The meter design capacity represents the available capacity under an assumed set of operating conditions.

General Disclaimer:
All posted capacity is based on Columbia Gulf Transmission, LLC's best estimate.  Actual capacity may vary from the posted quantity depending on operating conditions, including pipeline pressures and flows, and other factors.  Shippers should refer to the weekly capacity postings, or call their Marketing or Customer Service Representative for information on updated postings.

SONAT-SHADYSIDE (4078): The operationally available capacity at the point is 276,153 Dth/d; however, capacity at the point has been set higher within TC eConnects to permit the point operator to allocate the point pursuant to the Pipeline Balancing Agreement. CGT will confirm to match the operator's allocation while staying within the operationally available capacity of 276,153 Dth/d."
"Columbia Gulf Transmission, LLC",ALL,9/28/2026,TIM,007854581        ,14,ALL,9:00 AM,Final,BZ,9/27/2026 5:06 PM,Y,,Acadian - Rapides Parish,4233    ,Receipt Location,500000,500000,0,0,,500000,BD,,RPQ,,Total,GROSS,IPP-Gulf  ,0,,"Meters - Design Capacity:
The meter design capacity represents the available capacity under an assumed set of operating conditions.

General Disclaimer:
All posted capacity is based on Columbia Gulf Transmission, LLC's best estimate.  Actual capacity may vary from the posted quantity depending on operating conditions, including pipeline pressures and flows, and other factors.  Shippers should refer to the weekly capacity postings, or call their Marketing or Customer Service Representative for information on updated postings.

SONAT-SHADYSIDE (4078): The operationally available capacity at the point is 276,153 Dth/d; however, capacity at the point has been set higher within TC eConnects to permit the point operator to allocate the point pursuant to the Pipeline Balancing Agreement. CGT will confirm to match the operator's allocation while staying within the operationally available capacity of 276,153 Dth/d."
"Columbia Gulf Transmission, LLC",ALL,9/28/2026,TIM,007854581        ,14,ALL,9:00 AM,Final,BZ,9/27/2026 5:06 PM,Y,,Acadian - Rapides Parish,4233    ,Delivery Location,500000,500000,0,0,,500000,BD,,DPQ,,Total,GROSS,          ,,,"Meters - Design Capacity:
The meter design capacity represents the available capacity under an assumed set of operating conditions.

General Disclaimer:
All posted capacity is based on Columbia Gulf Transmission, LLC's best estimate.  Actual capacity may vary from the posted quantity depending on operating conditions, including pipeline pressures and flows, and other factors.  Shippers should refer to the weekly capacity postings, or call their Marketing or Customer Service Representative for information on updated postings.

SONAT-SHADYSIDE (4078): The operationally available capacity at the point is 276,153 Dth/d; however, capacity at the point has been set higher within TC eConnects to permit the point operator to allocate the point pursuant to the Pipeline Balancing Agreement. CGT will confirm to match the operator's allocation while staying within the operationally available capacity of 276,153 Dth/d."
"Columbia Gulf Transmission, LLC",ALL,9/28/2026,TIM,007854581        ,14,ALL,9:00 AM,Final,BZ,9/27/2026 5:06 PM,Y,,"Atmos - Leflore, MS",4234    ,Delivery Location,50000,50000,3872,3872,,46128,D,,DPQ,,Total,GROSS,FTS-1     ,-3872,,"Meters - Design Capacity:
The meter design capacity represents the available capacity under an assumed set of operating conditions.

General Disclaimer:
All posted capacity is based on Columbia Gulf Transmission, LLC's best estimate.  Actual capacity may vary from the posted quantity depending on operating conditions, including pipeline pressures and flows, and other factors.  Shippers should refer to the weekly capacity postings, or call their Marketing or Customer Service Representative for information on updated postings.

SONAT-SHADYSIDE (4078): The operationally available capacity at the point is 276,153 Dth/d; however, capacity at the point has been set higher within TC eConnects to permit the point operator to allocate the point pursuant to the Pipeline Balancing Agreement. CGT will confirm to match the operator's allocation while staying within the operationally available capacity of 276,153 Dth/d."
"Columbia Gulf Transmission, LLC",ALL,9/28/2026,TIM,007854581        ,14,ALL,9:00 AM,Final,BZ,9/27/2026 5:06 PM,Y,,Perryville Storage,4235    ,Receipt Location,500000,500000,300,300,,499700,BD,,RPQ,,Total,GROSS,IPP-Gulf  ,300,,"Meters - Design Capacity:
The meter design capacity represents the available capacity under an assumed set of operating conditions.

General Disclaimer:
All posted capacity is based on Columbia Gulf Transmission, LLC's best estimate.  Actual capacity may vary from the posted quantity depending on operating conditions, including pipeline pressures and flows, and other factors.  Shippers should refer to the weekly capacity postings, or call their Marketing or Customer Service Representative for information on updated postings.

SONAT-SHADYSIDE (4078): The operationally available capacity at the point is 276,153 Dth/d; however, capacity at the point has been set higher within TC eConnects to permit the point operator to allocate the point pursuant to the Pipeline Balancing Agreement. CGT will confirm to match the operator's allocation while staying within the operationally available capacity of 276,153 Dth/d."
"Columbia Gulf Transmission, LLC",ALL,9/28/2026,TIM,007854581        ,14,ALL,9:00 AM,Final,BZ,9/27/2026 5:06 PM,Y,,Perryville Storage,4235    ,Delivery Location,500000,500000,3934,3934,,496066,BD,,DPQ,,Total,GROSS,FTS-1     ,-3934,,"Meters - Design Capacity:
The meter design capacity represents the available capacity under an assumed set of operating conditions.

General Disclaimer:
All posted capacity is based on Columbia Gulf Transmission, LLC's best estimate.  Actual capacity may vary from the posted quantity depending on operating conditions, including pipeline pressures and flows, and other factors.  Shippers should refer to the weekly capacity postings, or call their Marketing or Customer Service Representative for information on updated postings.

SONAT-SHADYSIDE (4078): The operationally available capacity at the point is 276,153 Dth/d; however, capacity at the point has been set higher within TC eConnects to permit the point operator to allocate the point pursuant to the Pipeline Balancing Agreement. CGT will confirm to match the operator's allocation while staying within the operationally available capacity of 276,153 Dth/d."
"Columbia Gulf Transmission, LLC",ALL,9/28/2026,TIM,007854581        ,14,ALL,9:00 AM,Final,BZ,9/27/2026 5:06 PM,Y,,Cabot VP,4236    ,Delivery Location,5064,5064,5014,5014,,50,D,,DPQ,,Total,GROSS,FTS-1     ,-5014,,"Meters - Design Capacity:
The meter design capacity represents the available capacity under an assumed set of operating conditions.

General Disclaimer:
All posted capacity is based on Columbia Gulf Transmission, LLC's best estimate.  Actual capacity may vary from the posted quantity depending on operating conditions, including pipeline pressures and flows, and other factors.  Shippers should refer to the weekly capacity postings, or call their Marketing or Customer Service Representative for information on updated postings.

SONAT-SHADYSIDE (4078): The operationally available capacity at the point is 276,153 Dth/d; however, capacity at the point has been set higher within TC eConnects to permit the point operator to allocate the point pursuant to the Pipeline Balancing Agreement. CGT will confirm to match the operator's allocation while staying within the operationally available capacity of 276,153 Dth/d."
"Columbia Gulf Transmission, LLC",ALL,9/28/2026,TIM,007854581        ,14,ALL,9:00 AM,Final,BZ,9/27/2026 5:06 PM,Y,,Piedmont - Davidson,4241    ,Delivery Location,168000,168000,11297,11297,,156703,D,,DPQ,,Total,GROSS,FTS-1     ,-11297,,"Meters - Design Capacity:
The meter design capacity represents the available capacity under an assumed set of operating conditions.

General Disclaimer:
All posted capacity is based on Columbia Gulf Transmission, LLC's best estimate.  Actual capacity may vary from the posted quantity depending on operating conditions, including pipeline pressures and flows, and other factors.  Shippers should refer to the weekly capacity postings, or call their Marketing or Customer Service Representative for information on updated postings.

SONAT-SHADYSIDE (4078): The operationally available capacity at the point is 276,153 Dth/d; however, capacity at the point has been set higher within TC eConnects to permit the point operator to allocate the point pursuant to the Pipeline Balancing Agreement. CGT will confirm to match the operator's allocation while staying within the operationally available capacity of 276,153 Dth/d."
"Columbia Gulf Transmission, LLC",ALL,9/28/2026,TIM,007854581        ,14,ALL,9:00 AM,Final,BZ,9/27/2026 5:06 PM,Y,,Merit Station,4242    ,Delivery Location,50000,50000,0,0,,50000,D,,DPQ,,Total,GROSS,ITS-2     ,0,,"Meters - Design Capacity:
The meter design capacity represents the available capacity under an assumed set of operating conditions.

General Disclaimer:
All posted capacity is based on Columbia Gulf Transmission, LLC's best estimate.  Actual capacity may vary from the posted quantity depending on operating conditions, including pipeline pressures and flows, and other factors.  Shippers should refer to the weekly capacity postings, or call their Marketing or Customer Service Representative for information on updated postings.

SONAT-SHADYSIDE (4078): The operationally available capacity at the point is 276,153 Dth/d; however, capacity at the point has been set higher within TC eConnects to permit the point operator to allocate the point pursuant to the Pipeline Balancing Agreement. CGT will confirm to match the operator's allocation while staying within the operationally available capacity of 276,153 Dth/d."
"Columbia Gulf Transmission, LLC",ALL,9/28/2026,TIM,007854581        ,14,ALL,9:00 AM,Final,BZ,9/27/2026 5:06 PM,Y,,Cameron LNG,4246    ,Receipt Location,800000,800000,0,0,,800000,BD,,RPQ,,Total,GROSS,          ,,,"Meters - Design Capacity:
The meter design capacity represents the available capacity under an assumed set of operating conditions.

General Disclaimer:
All posted capacity is based on Columbia Gulf Transmission, LLC's best estimate.  Actual capacity may vary from the posted quantity depending on operating conditions, including pipeline pressures and flows, and other factors.  Shippers should refer to the weekly capacity postings, or call their Marketing or Customer Service Representative for information on updated postings.

SONAT-SHADYSIDE (4078): The operationally available capacity at the point is 276,153 Dth/d; however, capacity at the point has been set higher within TC eConnects to permit the point operator to allocate the point pursuant to the Pipeline Balancing Agreement. CGT will confirm to match the operator's allocation while staying within the operationally available capacity of 276,153 Dth/d."
"Columbia Gulf Transmission, LLC",ALL,9/28/2026,TIM,007854581        ,14,ALL,9:00 AM,Final,BZ,9/27/2026 5:06 PM,Y,,Cameron LNG,4246    ,Delivery Location,800000,800000,668725,668725,,131275,BD,,DPQ,,Total,GROSS,FTS-1     ,-668725,,"Meters - Design Capacity:
The meter design capacity represents the available capacity under an assumed set of operating conditions.

General Disclaimer:
All posted capacity is based on Columbia Gulf Transmission, LLC's best estimate.  Actual capacity may vary from the posted quantity depending on operating conditions, including pipeline pressures and flows, and other factors.  Shippers should refer to the weekly capacity postings, or call their Marketing or Customer Service Representative for information on updated postings.

SONAT-SHADYSIDE (4078): The operationally available capacity at the point is 276,153 Dth/d; however, capacity at the point has been set higher within TC eConnects to permit the point operator to allocate the point pursuant to the Pipeline Balancing Agreement. CGT will confirm to match the operator's allocation while staying within the operationally available capacity of 276,153 Dth/d."
"Columbia Gulf Transmission, LLC",ALL,9/28/2026,TIM,007854581        ,14,ALL,9:00 AM,Final,BZ,9/27/2026 5:06 PM,Y,,CGT Winnsboro,4252    ,Delivery Location,50000,50000,927,927,,49073,D,,DPQ,,Total,GROSS,FTS-1     ,-927,,"Meters - Design Capacity:
The meter design capacity represents the available capacity under an assumed set of operating conditions.

General Disclaimer:
All posted capacity is based on Columbia Gulf Transmission, LLC's best estimate.  Actual capacity may vary from the posted quantity depending on operating conditions, including pipeline pressures and flows, and other factors.  Shippers should refer to the weekly capacity postings, or call their Marketing or Customer Service Representative for information on updated postings.

SONAT-SHADYSIDE (4078): The operationally available capacity at the point is 276,153 Dth/d; however, capacity at the point has been set higher within TC eConnects to permit the point operator to allocate the point pursuant to the Pipeline Balancing Agreement. CGT will confirm to match the operator's allocation while staying within the operationally available capacity of 276,153 Dth/d."
"Columbia Gulf Transmission, LLC",ALL,9/28/2026,TIM,007854581        ,14,ALL,9:00 AM,Final,BZ,9/27/2026 5:06 PM,Y,,BIG RUN,4256    ,Receipt Location,7200,7200,0,0,,7200,R,,RPQ,,Total,GROSS,          ,,,"Meters - Design Capacity:
The meter design capacity represents the available capacity under an assumed set of operating conditions.

General Disclaimer:
All posted capacity is based on Columbia Gulf Transmission, LLC's best estimate.  Actual capacity may vary from the posted quantity depending on operating conditions, including pipeline pressures and flows, and other factors.  Shippers should refer to the weekly capacity postings, or call their Marketing or Customer Service Representative for information on updated postings.

SONAT-SHADYSIDE (4078): The operationally available capacity at the point is 276,153 Dth/d; however, capacity at the point has been set higher within TC eConnects to permit the point operator to allocate the point pursuant to the Pipeline Balancing Agreement. CGT will confirm to match the operator's allocation while staying within the operationally available capacity of 276,153 Dth/d."
"Columbia Gulf Transmission, LLC",ALL,9/28/2026,TIM,007854581        ,14,ALL,9:00 AM,Final,BZ,9/27/2026 5:06 PM,Y,,NGPL-PECAN LAKE     ,426     ,Receipt Location,234000,234000,0,0,,234000,R,,RPQ,,Total,GROSS,          ,,,"Meters - Design Capacity:
The meter design capacity represents the available capacity under an assumed set of operating conditions.

General Disclaimer:
All posted capacity is based on Columbia Gulf Transmission, LLC's best estimate.  Actual capacity may vary from the posted quantity depending on operating conditions, including pipeline pressures and flows, and other factors.  Shippers should refer to the weekly capacity postings, or call their Marketing or Customer Service Representative for information on updated postings.

SONAT-SHADYSIDE (4078): The operationally available capacity at the point is 276,153 Dth/d; however, capacity at the point has been set higher within TC eConnects to permit the point operator to allocate the point pursuant to the Pipeline Balancing Agreement. CGT will confirm to match the operator's allocation while staying within the operationally available capacity of 276,153 Dth/d."
"Columbia Gulf Transmission, LLC",ALL,9/28/2026,TIM,007854581        ,14,ALL,9:00 AM,Final,BZ,9/27/2026 5:06 PM,Y,,Wilkinson Bayou,4267    ,Delivery Location,725000,725000,625127,625127,,99873,D,,DPQ,,Total,GROSS,FTS-1     ,-625127,,"Meters - Design Capacity:
The meter design capacity represents the available capacity under an assumed set of operating conditions.

General Disclaimer:
All posted capacity is based on Columbia Gulf Transmission, LLC's best estimate.  Actual capacity may vary from the posted quantity depending on operating conditions, including pipeline pressures and flows, and other factors.  Shippers should refer to the weekly capacity postings, or call their Marketing or Customer Service Representative for information on updated postings.

SONAT-SHADYSIDE (4078): The operationally available capacity at the point is 276,153 Dth/d; however, capacity at the point has been set higher within TC eConnects to permit the point operator to allocate the point pursuant to the Pipeline Balancing Agreement. CGT will confirm to match the operator's allocation while staying within the operationally available capacity of 276,153 Dth/d."
"Columbia Gulf Transmission, LLC",ALL,9/28/2026,TIM,007854581        ,14,ALL,9:00 AM,Final,BZ,9/27/2026 5:06 PM,Y,,Ottenheim,4268    ,Delivery Location,5000,5000,0,0,,5000,D,,DPQ,,Total,GROSS,          ,,,"Meters - Design Capacity:
The meter design capacity represents the available capacity under an assumed set of operating conditions.

General Disclaimer:
All posted capacity is based on Columbia Gulf Transmission, LLC's best estimate.  Actual capacity may vary from the posted quantity depending on operating conditions, including pipeline pressures and flows, and other factors.  Shippers should refer to the weekly capacity postings, or call their Marketing or Customer Service Representative for information on updated postings.

SONAT-SHADYSIDE (4078): The operationally available capacity at the point is 276,153 Dth/d; however, capacity at the point has been set higher within TC eConnects to permit the point operator to allocate the point pursuant to the Pipeline Balancing Agreement. CGT will confirm to match the operator's allocation while staying within the operationally available capacity of 276,153 Dth/d."
"Columbia Gulf Transmission, LLC",ALL,9/28/2026,TIM,007854581        ,14,ALL,9:00 AM,Final,BZ,9/27/2026 5:06 PM,Y,,RUTLAND RD,4314    ,Delivery Location,53350,53350,0,0,,53350,D,,DPQ,,Total,GROSS,          ,,,"Meters - Design Capacity:
The meter design capacity represents the available capacity under an assumed set of operating conditions.

General Disclaimer:
All posted capacity is based on Columbia Gulf Transmission, LLC's best estimate.  Actual capacity may vary from the posted quantity depending on operating conditions, including pipeline pressures and flows, and other factors.  Shippers should refer to the weekly capacity postings, or call their Marketing or Customer Service Representative for information on updated postings.

SONAT-SHADYSIDE (4078): The operationally available capacity at the point is 276,153 Dth/d; however, capacity at the point has been set higher within TC eConnects to permit the point operator to allocate the point pursuant to the Pipeline Balancing Agreement. CGT will confirm to match the operator's allocation while staying within the operationally available capacity of 276,153 Dth/d."
"Columbia Gulf Transmission, LLC",ALL,9/28/2026,TIM,007854581        ,14,ALL,9:00 AM,Final,BZ,9/27/2026 5:06 PM,Y,,BROADMORE RD.,4315    ,Receipt Location,1000000,775000,457216,457216,,317784,R,,RPQ,,Total,GROSS,FTS-1     ,437116,,"Meters - Design Capacity:
The meter design capacity represents the available capacity under an assumed set of operating conditions.

General Disclaimer:
All posted capacity is based on Columbia Gulf Transmission, LLC's best estimate.  Actual capacity may vary from the posted quantity depending on operating conditions, including pipeline pressures and flows, and other factors.  Shippers should refer to the weekly capacity postings, or call their Marketing or Customer Service Representative for information on updated postings.

SONAT-SHADYSIDE (4078): The operationally available capacity at the point is 276,153 Dth/d; however, capacity at the point has been set higher within TC eConnects to permit the point operator to allocate the point pursuant to the Pipeline Balancing Agreement. CGT will confirm to match the operator's allocation while staying within the operationally available capacity of 276,153 Dth/d."
"Columbia Gulf Transmission, LLC",ALL,9/28/2026,TIM,007854581        ,14,ALL,9:00 AM,Final,BZ,9/27/2026 5:06 PM,Y,,BROADMORE RD.,4315    ,Receipt Location,1000000,775000,457216,457216,,317784,R,,RPQ,,Total,GROSS,IPP-Gulf  ,20100,,"Meters - Design Capacity:
The meter design capacity represents the available capacity under an assumed set of operating conditions.

General Disclaimer:
All posted capacity is based on Columbia Gulf Transmission, LLC's best estimate.  Actual capacity may vary from the posted quantity depending on operating conditions, including pipeline pressures and flows, and other factors.  Shippers should refer to the weekly capacity postings, or call their Marketing or Customer Service Representative for information on updated postings.

SONAT-SHADYSIDE (4078): The operationally available capacity at the point is 276,153 Dth/d; however, capacity at the point has been set higher within TC eConnects to permit the point operator to allocate the point pursuant to the Pipeline Balancing Agreement. CGT will confirm to match the operator's allocation while staying within the operationally available capacity of 276,153 Dth/d."
"Columbia Gulf Transmission, LLC",ALL,9/28/2026,TIM,007854581        ,14,ALL,9:00 AM,Final,BZ,9/27/2026 5:06 PM,Y,,CGT-EGAN A,433     ,Receipt Location,350000,350000,0,0,,350000,BD,,RPQ,,Total,GROSS,          ,,,"Meters - Design Capacity:
The meter design capacity represents the available capacity under an assumed set of operating conditions.

General Disclaimer:
All posted capacity is based on Columbia Gulf Transmission, LLC's best estimate.  Actual capacity may vary from the posted quantity depending on operating conditions, including pipeline pressures and flows, and other factors.  Shippers should refer to the weekly capacity postings, or call their Marketing or Customer Service Representative for information on updated postings.

SONAT-SHADYSIDE (4078): The operationally available capacity at the point is 276,153 Dth/d; however, capacity at the point has been set higher within TC eConnects to permit the point operator to allocate the point pursuant to the Pipeline Balancing Agreement. CGT will confirm to match the operator's allocation while staying within the operationally available capacity of 276,153 Dth/d."
"Columbia Gulf Transmission, LLC",ALL,9/28/2026,TIM,007854581        ,14,ALL,9:00 AM,Final,BZ,9/27/2026 5:06 PM,Y,,CGT-EGAN A,433     ,Delivery Location,350000,350000,0,0,,350000,BD,,DPQ,,Total,GROSS,FTS-1     ,0,,"Meters - Design Capacity:
The meter design capacity represents the available capacity under an assumed set of operating conditions.

General Disclaimer:
All posted capacity is based on Columbia Gulf Transmission, LLC's best estimate.  Actual capacity may vary from the posted quantity depending on operating conditions, including pipeline pressures and flows, and other factors.  Shippers should refer to the weekly capacity postings, or call their Marketing or Customer Service Representative for information on updated postings.

SONAT-SHADYSIDE (4078): The operationally available capacity at the point is 276,153 Dth/d; however, capacity at the point has been set higher within TC eConnects to permit the point operator to allocate the point pursuant to the Pipeline Balancing Agreement. CGT will confirm to match the operator's allocation while staying within the operationally available capacity of 276,153 Dth/d."
"Columbia Gulf Transmission, LLC",ALL,9/28/2026,TIM,007854581        ,14,ALL,9:00 AM,Final,BZ,9/27/2026 5:06 PM,Y,,TRANSCO/TERREBONNE,445     ,Delivery Location,200000,0,0,0,,0,D,N,DPQ,,Total,GROSS,          ,,,"Meters - Design Capacity:
The meter design capacity represents the available capacity under an assumed set of operating conditions.

General Disclaimer:
All posted capacity is based on Columbia Gulf Transmission, LLC's best estimate.  Actual capacity may vary from the posted quantity depending on operating conditions, including pipeline pressures and flows, and other factors.  Shippers should refer to the weekly capacity postings, or call their Marketing or Customer Service Representative for information on updated postings.

SONAT-SHADYSIDE (4078): The operationally available capacity at the point is 276,153 Dth/d; however, capacity at the point has been set higher within TC eConnects to permit the point operator to allocate the point pursuant to the Pipeline Balancing Agreement. CGT will confirm to match the operator's allocation while staying within the operationally available capacity of 276,153 Dth/d."
"Columbia Gulf Transmission, LLC",ALL,9/28/2026,TIM,007854581        ,14,ALL,9:00 AM,Final,BZ,9/27/2026 5:06 PM,Y,,TRANSCO-EVANGELINE,478     ,Delivery Location,0,25000,0,0,,25000,BD,,RPQ,,Total,GROSS,          ,,,"Meters - Design Capacity:
The meter design capacity represents the available capacity under an assumed set of operating conditions.

General Disclaimer:
All posted capacity is based on Columbia Gulf Transmission, LLC's best estimate.  Actual capacity may vary from the posted quantity depending on operating conditions, including pipeline pressures and flows, and other factors.  Shippers should refer to the weekly capacity postings, or call their Marketing or Customer Service Representative for information on updated postings.

SONAT-SHADYSIDE (4078): The operationally available capacity at the point is 276,153 Dth/d; however, capacity at the point has been set higher within TC eConnects to permit the point operator to allocate the point pursuant to the Pipeline Balancing Agreement. CGT will confirm to match the operator's allocation while staying within the operationally available capacity of 276,153 Dth/d."
"Columbia Gulf Transmission, LLC",ALL,9/28/2026,TIM,007854581        ,14,ALL,9:00 AM,Final,BZ,9/27/2026 5:06 PM,Y,,TRANSCO-EVANGELINE,478     ,Delivery Location,941852,941852,295937,295937,,645915,BD,,DPQ,,Total,GROSS,FTS-1     ,284204,,"Meters - Design Capacity:
The meter design capacity represents the available capacity under an assumed set of operating conditions.

General Disclaimer:
All posted capacity is based on Columbia Gulf Transmission, LLC's best estimate.  Actual capacity may vary from the posted quantity depending on operating conditions, including pipeline pressures and flows, and other factors.  Shippers should refer to the weekly capacity postings, or call their Marketing or Customer Service Representative for information on updated postings.

SONAT-SHADYSIDE (4078): The operationally available capacity at the point is 276,153 Dth/d; however, capacity at the point has been set higher within TC eConnects to permit the point operator to allocate the point pursuant to the Pipeline Balancing Agreement. CGT will confirm to match the operator's allocation while staying within the operationally available capacity of 276,153 Dth/d."
"Columbia Gulf Transmission, LLC",ALL,9/28/2026,TIM,007854581        ,14,ALL,9:00 AM,Final,BZ,9/27/2026 5:06 PM,Y,,TRANSCO-EVANGELINE,478     ,Delivery Location,941852,941852,295937,295937,,645915,BD,,DPQ,,Total,GROSS,ITS-1     ,11733,,"Meters - Design Capacity:
The meter design capacity represents the available capacity under an assumed set of operating conditions.

General Disclaimer:
All posted capacity is based on Columbia Gulf Transmission, LLC's best estimate.  Actual capacity may vary from the posted quantity depending on operating conditions, including pipeline pressures and flows, and other factors.  Shippers should refer to the weekly capacity postings, or call their Marketing or Customer Service Representative for information on updated postings.

SONAT-SHADYSIDE (4078): The operationally available capacity at the point is 276,153 Dth/d; however, capacity at the point has been set higher within TC eConnects to permit the point operator to allocate the point pursuant to the Pipeline Balancing Agreement. CGT will confirm to match the operator's allocation while staying within the operationally available capacity of 276,153 Dth/d."
"Columbia Gulf Transmission, LLC",ALL,9/28/2026,TIM,007854581        ,14,ALL,9:00 AM,Final,BZ,9/27/2026 5:06 PM,Y,,ANR-PATTERSON       ,480     ,Receipt Location,137800,137800,0,0,,137800,R,,RPQ,,Total,GROSS,          ,,,"Meters - Design Capacity:
The meter design capacity represents the available capacity under an assumed set of operating conditions.

General Disclaimer:
All posted capacity is based on Columbia Gulf Transmission, LLC's best estimate.  Actual capacity may vary from the posted quantity depending on operating conditions, including pipeline pressures and flows, and other factors.  Shippers should refer to the weekly capacity postings, or call their Marketing or Customer Service Representative for information on updated postings.

SONAT-SHADYSIDE (4078): The operationally available capacity at the point is 276,153 Dth/d; however, capacity at the point has been set higher within TC eConnects to permit the point operator to allocate the point pursuant to the Pipeline Balancing Agreement. CGT will confirm to match the operator's allocation while staying within the operationally available capacity of 276,153 Dth/d."
"Columbia Gulf Transmission, LLC",ALL,9/28/2026,TIM,007854581        ,14,ALL,9:00 AM,Final,BZ,9/27/2026 5:06 PM,Y,,SEA ROBIN-ERATH,481     ,Receipt Location,771900,5000,5000,5000,,0,R,Y,RPQ,,Total,GROSS,IPP-Gulf  ,5000,,"Meters - Design Capacity:
The meter design capacity represents the available capacity under an assumed set of operating conditions.

General Disclaimer:
All posted capacity is based on Columbia Gulf Transmission, LLC's best estimate.  Actual capacity may vary from the posted quantity depending on operating conditions, including pipeline pressures and flows, and other factors.  Shippers should refer to the weekly capacity postings, or call their Marketing or Customer Service Representative for information on updated postings.

SONAT-SHADYSIDE (4078): The operationally available capacity at the point is 276,153 Dth/d; however, capacity at the point has been set higher within TC eConnects to permit the point operator to allocate the point pursuant to the Pipeline Balancing Agreement. CGT will confirm to match the operator's allocation while staying within the operationally available capacity of 276,153 Dth/d."
"Columbia Gulf Transmission, LLC",ALL,9/28/2026,TIM,007854581        ,14,ALL,9:00 AM,Final,BZ,9/27/2026 5:06 PM,Y,,TARGA-ACADIA        ,506     ,Receipt Location,0,0,0,0,,0,R,N,RPQ,,Total,GROSS,          ,,,"Meters - Design Capacity:
The meter design capacity represents the available capacity under an assumed set of operating conditions.

General Disclaimer:
All posted capacity is based on Columbia Gulf Transmission, LLC's best estimate.  Actual capacity may vary from the posted quantity depending on operating conditions, including pipeline pressures and flows, and other factors.  Shippers should refer to the weekly capacity postings, or call their Marketing or Customer Service Representative for information on updated postings.

SONAT-SHADYSIDE (4078): The operationally available capacity at the point is 276,153 Dth/d; however, capacity at the point has been set higher within TC eConnects to permit the point operator to allocate the point pursuant to the Pipeline Balancing Agreement. CGT will confirm to match the operator's allocation while staying within the operationally available capacity of 276,153 Dth/d."
"Columbia Gulf Transmission, LLC",ALL,9/28/2026,TIM,007854581        ,14,ALL,9:00 AM,Final,BZ,9/27/2026 5:06 PM,Y,,NORAM - Perryville - Delivery,5112    ,Delivery Location,380000,380000,0,0,,380000,D,,DPQ,,Total,GROSS,          ,,,"Meters - Design Capacity:
The meter design capacity represents the available capacity under an assumed set of operating conditions.

General Disclaimer:
All posted capacity is based on Columbia Gulf Transmission, LLC's best estimate.  Actual capacity may vary from the posted quantity depending on operating conditions, including pipeline pressures and flows, and other factors.  Shippers should refer to the weekly capacity postings, or call their Marketing or Customer Service Representative for information on updated postings.

SONAT-SHADYSIDE (4078): The operationally available capacity at the point is 276,153 Dth/d; however, capacity at the point has been set higher within TC eConnects to permit the point operator to allocate the point pursuant to the Pipeline Balancing Agreement. CGT will confirm to match the operator's allocation while staying within the operationally available capacity of 276,153 Dth/d."
"Columbia Gulf Transmission, LLC",ALL,9/28/2026,TIM,007854581        ,14,ALL,9:00 AM,Final,BZ,9/27/2026 5:06 PM,Y,,SABINE - HENRY HUB  ,519     ,Receipt Location,170000,170000,183,183,,169817,BD,,RPQ,,Total,GROSS,FTS-1     ,83,,"Meters - Design Capacity:
The meter design capacity represents the available capacity under an assumed set of operating conditions.

General Disclaimer:
All posted capacity is based on Columbia Gulf Transmission, LLC's best estimate.  Actual capacity may vary from the posted quantity depending on operating conditions, including pipeline pressures and flows, and other factors.  Shippers should refer to the weekly capacity postings, or call their Marketing or Customer Service Representative for information on updated postings.

SONAT-SHADYSIDE (4078): The operationally available capacity at the point is 276,153 Dth/d; however, capacity at the point has been set higher within TC eConnects to permit the point operator to allocate the point pursuant to the Pipeline Balancing Agreement. CGT will confirm to match the operator's allocation while staying within the operationally available capacity of 276,153 Dth/d."
"Columbia Gulf Transmission, LLC",ALL,9/28/2026,TIM,007854581        ,14,ALL,9:00 AM,Final,BZ,9/27/2026 5:06 PM,Y,,SABINE - HENRY HUB  ,519     ,Receipt Location,170000,170000,183,183,,169817,BD,,RPQ,,Total,GROSS,IPP-Gulf  ,100,,"Meters - Design Capacity:
The meter design capacity represents the available capacity under an assumed set of operating conditions.

General Disclaimer:
All posted capacity is based on Columbia Gulf Transmission, LLC's best estimate.  Actual capacity may vary from the posted quantity depending on operating conditions, including pipeline pressures and flows, and other factors.  Shippers should refer to the weekly capacity postings, or call their Marketing or Customer Service Representative for information on updated postings.

SONAT-SHADYSIDE (4078): The operationally available capacity at the point is 276,153 Dth/d; however, capacity at the point has been set higher within TC eConnects to permit the point operator to allocate the point pursuant to the Pipeline Balancing Agreement. CGT will confirm to match the operator's allocation while staying within the operationally available capacity of 276,153 Dth/d."
"Columbia Gulf Transmission, LLC",ALL,9/28/2026,TIM,007854581        ,14,ALL,9:00 AM,Final,BZ,9/27/2026 5:06 PM,Y,,SABINE - HENRY HUB  ,519     ,Delivery Location,130000,130000,129704,129704,,296,BD,,DPQ,,Total,GROSS,FTS-1     ,-129704,,"Meters - Design Capacity:
The meter design capacity represents the available capacity under an assumed set of operating conditions.

General Disclaimer:
All posted capacity is based on Columbia Gulf Transmission, LLC's best estimate.  Actual capacity may vary from the posted quantity depending on operating conditions, including pipeline pressures and flows, and other factors.  Shippers should refer to the weekly capacity postings, or call their Marketing or Customer Service Representative for information on updated postings.

SONAT-SHADYSIDE (4078): The operationally available capacity at the point is 276,153 Dth/d; however, capacity at the point has been set higher within TC eConnects to permit the point operator to allocate the point pursuant to the Pipeline Balancing Agreement. CGT will confirm to match the operator's allocation while staying within the operationally available capacity of 276,153 Dth/d."
"Columbia Gulf Transmission, LLC",ALL,9/28/2026,TIM,007854581        ,14,ALL,9:00 AM,Final,BZ,9/27/2026 5:06 PM,Y,,QUESTAR,5900020 ,Delivery Location,120000,120000,0,0,,120000,D,,DPQ,,Total,GROSS,ITS-2     ,0,,"Meters - Design Capacity:
The meter design capacity represents the available capacity under an assumed set of operating conditions.

General Disclaimer:
All posted capacity is based on Columbia Gulf Transmission, LLC's best estimate.  Actual capacity may vary from the posted quantity depending on operating conditions, including pipeline pressures and flows, and other factors.  Shippers should refer to the weekly capacity postings, or call their Marketing or Customer Service Representative for information on updated postings.

SONAT-SHADYSIDE (4078): The operationally available capacity at the point is 276,153 Dth/d; however, capacity at the point has been set higher within TC eConnects to permit the point operator to allocate the point pursuant to the Pipeline Balancing Agreement. CGT will confirm to match the operator's allocation while staying within the operationally available capacity of 276,153 Dth/d."
"Columbia Gulf Transmission, LLC",ALL,9/28/2026,TIM,007854581        ,14,ALL,9:00 AM,Final,BZ,9/27/2026 5:06 PM,Y,,DMS-VENICE PLANT    ,595     ,Receipt Location,163500,163500,50000,50000,,113500,R,,RPQ,,Total,GROSS,FTS-1     ,50000,,"Meters - Design Capacity:
The meter design capacity represents the available capacity under an assumed set of operating conditions.

General Disclaimer:
All posted capacity is based on Columbia Gulf Transmission, LLC's best estimate.  Actual capacity may vary from the posted quantity depending on operating conditions, including pipeline pressures and flows, and other factors.  Shippers should refer to the weekly capacity postings, or call their Marketing or Customer Service Representative for information on updated postings.

SONAT-SHADYSIDE (4078): The operationally available capacity at the point is 276,153 Dth/d; however, capacity at the point has been set higher within TC eConnects to permit the point operator to allocate the point pursuant to the Pipeline Balancing Agreement. CGT will confirm to match the operator's allocation while staying within the operationally available capacity of 276,153 Dth/d."
"Columbia Gulf Transmission, LLC",ALL,9/28/2026,TIM,007854581        ,14,ALL,9:00 AM,Final,BZ,9/27/2026 5:06 PM,Y,,DMS-VENICE PLANT    ,595     ,Receipt Location,163500,163500,50000,50000,,113500,R,,RPQ,,Total,GROSS,IPP-Gulf  ,0,,"Meters - Design Capacity:
The meter design capacity represents the available capacity under an assumed set of operating conditions.

General Disclaimer:
All posted capacity is based on Columbia Gulf Transmission, LLC's best estimate.  Actual capacity may vary from the posted quantity depending on operating conditions, including pipeline pressures and flows, and other factors.  Shippers should refer to the weekly capacity postings, or call their Marketing or Customer Service Representative for information on updated postings.

SONAT-SHADYSIDE (4078): The operationally available capacity at the point is 276,153 Dth/d; however, capacity at the point has been set higher within TC eConnects to permit the point operator to allocate the point pursuant to the Pipeline Balancing Agreement. CGT will confirm to match the operator's allocation while staying within the operationally available capacity of 276,153 Dth/d."
"Columbia Gulf Transmission, LLC",ALL,9/28/2026,TIM,007854581        ,14,ALL,9:00 AM,Final,BZ,9/27/2026 5:06 PM,Y,,CARTER CREEK,5959001 ,Receipt Location,120000,30000,17500,17500,,12500,R,,RPQ,,Total,GROSS,ITS-2     ,17500,,"Meters - Design Capacity:
The meter design capacity represents the available capacity under an assumed set of operating conditions.

General Disclaimer:
All posted capacity is based on Columbia Gulf Transmission, LLC's best estimate.  Actual capacity may vary from the posted quantity depending on operating conditions, including pipeline pressures and flows, and other factors.  Shippers should refer to the weekly capacity postings, or call their Marketing or Customer Service Representative for information on updated postings.

SONAT-SHADYSIDE (4078): The operationally available capacity at the point is 276,153 Dth/d; however, capacity at the point has been set higher within TC eConnects to permit the point operator to allocate the point pursuant to the Pipeline Balancing Agreement. CGT will confirm to match the operator's allocation while staying within the operationally available capacity of 276,153 Dth/d."
"Columbia Gulf Transmission, LLC",ALL,9/28/2026,TIM,007854581        ,14,ALL,9:00 AM,Final,BZ,9/27/2026 5:06 PM,Y,,UNION-SWEET LAKE    ,599     ,Receipt Location,15700,15700,0,0,,15700,BD,,RPQ,,Total,GROSS,          ,,,"Meters - Design Capacity:
The meter design capacity represents the available capacity under an assumed set of operating conditions.

General Disclaimer:
All posted capacity is based on Columbia Gulf Transmission, LLC's best estimate.  Actual capacity may vary from the posted quantity depending on operating conditions, including pipeline pressures and flows, and other factors.  Shippers should refer to the weekly capacity postings, or call their Marketing or Customer Service Representative for information on updated postings.

SONAT-SHADYSIDE (4078): The operationally available capacity at the point is 276,153 Dth/d; however, capacity at the point has been set higher within TC eConnects to permit the point operator to allocate the point pursuant to the Pipeline Balancing Agreement. CGT will confirm to match the operator's allocation while staying within the operationally available capacity of 276,153 Dth/d."
"Columbia Gulf Transmission, LLC",ALL,9/28/2026,TIM,007854581        ,14,ALL,9:00 AM,Final,BZ,9/27/2026 5:06 PM,Y,,UNION-SWEET LAKE    ,599     ,Delivery Location,15700,15700,110,110,,15590,BD,,DPQ,,Total,GROSS,FTS-1     ,-110,,"Meters - Design Capacity:
The meter design capacity represents the available capacity under an assumed set of operating conditions.

General Disclaimer:
All posted capacity is based on Columbia Gulf Transmission, LLC's best estimate.  Actual capacity may vary from the posted quantity depending on operating conditions, including pipeline pressures and flows, and other factors.  Shippers should refer to the weekly capacity postings, or call their Marketing or Customer Service Representative for information on updated postings.

SONAT-SHADYSIDE (4078): The operationally available capacity at the point is 276,153 Dth/d; however, capacity at the point has been set higher within TC eConnects to permit the point operator to allocate the point pursuant to the Pipeline Balancing Agreement. CGT will confirm to match the operator's allocation while staying within the operationally available capacity of 276,153 Dth/d."
"Columbia Gulf Transmission, LLC",ALL,9/28/2026,TIM,007854581        ,14,ALL,9:00 AM,Final,BZ,9/27/2026 5:06 PM,Y,,GULF-LEACH,801     ,Delivery Location,3177000,3177000,0,0,,3177000,BD,,DPQ,,Total,GROSS,          ,,,"Meters - Design Capacity:
The meter design capacity represents the available capacity under an assumed set of operating conditions.

General Disclaimer:
All posted capacity is based on Columbia Gulf Transmission, LLC's best estimate.  Actual capacity may vary from the posted quantity depending on operating conditions, including pipeline pressures and flows, and other factors.  Shippers should refer to the weekly capacity postings, or call their Marketing or Customer Service Representative for information on updated postings.

SONAT-SHADYSIDE (4078): The operationally available capacity at the point is 276,153 Dth/d; however, capacity at the point has been set higher within TC eConnects to permit the point operator to allocate the point pursuant to the Pipeline Balancing Agreement. CGT will confirm to match the operator's allocation while staying within the operationally available capacity of 276,153 Dth/d."
"Columbia Gulf Transmission, LLC",ALL,9/28/2026,TIM,007854581        ,14,ALL,9:00 AM,Final,BZ,9/27/2026 5:06 PM,Y,,GULF-LEACH,801     ,Delivery Location,4262985,4262985,1996317,1996317,,2266668,BD,,RPQ,,Total,GROSS,FTS-1     ,-1873262,,"Meters - Design Capacity:
The meter design capacity represents the available capacity under an assumed set of operating conditions.

General Disclaimer:
All posted capacity is based on Columbia Gulf Transmission, LLC's best estimate.  Actual capacity may vary from the posted quantity depending on operating conditions, including pipeline pressures and flows, and other factors.  Shippers should refer to the weekly capacity postings, or call their Marketing or Customer Service Representative for information on updated postings.

SONAT-SHADYSIDE (4078): The operationally available capacity at the point is 276,153 Dth/d; however, capacity at the point has been set higher within TC eConnects to permit the point operator to allocate the point pursuant to the Pipeline Balancing Agreement. CGT will confirm to match the operator's allocation while staying within the operationally available capacity of 276,153 Dth/d."
"Columbia Gulf Transmission, LLC",ALL,9/28/2026,TIM,007854581        ,14,ALL,9:00 AM,Final,BZ,9/27/2026 5:06 PM,Y,,GULF-LEACH,801     ,Delivery Location,4262985,4262985,1996317,1996317,,2266668,BD,,RPQ,,Total,GROSS,IPP-Gulf  ,-63957,,"Meters - Design Capacity:
The meter design capacity represents the available capacity under an assumed set of operating conditions.

General Disclaimer:
All posted capacity is based on Columbia Gulf Transmission, LLC's best estimate.  Actual capacity may vary from the posted quantity depending on operating conditions, including pipeline pressures and flows, and other factors.  Shippers should refer to the weekly capacity postings, or call their Marketing or Customer Service Representative for information on updated postings.

SONAT-SHADYSIDE (4078): The operationally available capacity at the point is 276,153 Dth/d; however, capacity at the point has been set higher within TC eConnects to permit the point operator to allocate the point pursuant to the Pipeline Balancing Agreement. CGT will confirm to match the operator's allocation while staying within the operationally available capacity of 276,153 Dth/d."
"Columbia Gulf Transmission, LLC",ALL,9/28/2026,TIM,007854581        ,14,ALL,9:00 AM,Final,BZ,9/27/2026 5:06 PM,Y,,GULF-LEACH,801     ,Delivery Location,4262985,4262985,1996317,1996317,,2266668,BD,,RPQ,,Total,GROSS,ITS-1     ,-59098,,"Meters - Design Capacity:
The meter design capacity represents the available capacity under an assumed set of operating conditions.

General Disclaimer:
All posted capacity is based on Columbia Gulf Transmission, LLC's best estimate.  Actual capacity may vary from the posted quantity depending on operating conditions, including pipeline pressures and flows, and other factors.  Shippers should refer to the weekly capacity postings, or call their Marketing or Customer Service Representative for information on updated postings.

SONAT-SHADYSIDE (4078): The operationally available capacity at the point is 276,153 Dth/d; however, capacity at the point has been set higher within TC eConnects to permit the point operator to allocate the point pursuant to the Pipeline Balancing Agreement. CGT will confirm to match the operator's allocation while staying within the operationally available capacity of 276,153 Dth/d."
"Columbia Gulf Transmission, LLC",ALL,9/28/2026,TIM,007854581        ,14,ALL,9:00 AM,Final,BZ,9/27/2026 5:06 PM,Y,,AlexSEG,AlexSEG ,P/L Seg 1,2116000,2116000,3086,3086,,2112914,TD3,,SGQ,S to N,Total,NET,FTS-1     ,3086,0,"Meters - Design Capacity:
The meter design capacity represents the available capacity under an assumed set of operating conditions.

General Disclaimer:
All posted capacity is based on Columbia Gulf Transmission, LLC's best estimate.  Actual capacity may vary from the posted quantity depending on operating conditions, including pipeline pressures and flows, and other factors.  Shippers should refer to the weekly capacity postings, or call their Marketing or Customer Service Representative for information on updated postings.

SONAT-SHADYSIDE (4078): The operationally available capacity at the point is 276,153 Dth/d; however, capacity at the point has been set higher within TC eConnects to permit the point operator to allocate the point pursuant to the Pipeline Balancing Agreement. CGT will confirm to match the operator's allocation while staying within the operationally available capacity of 276,153 Dth/d."
"Columbia Gulf Transmission, LLC",ALL,9/28/2026,TIM,007854581        ,14,ALL,9:00 AM,Final,BZ,9/27/2026 5:06 PM,Y,,AlexSEG,AlexSEG ,P/L Seg 1,2116000,2116000,3086,3086,,2112914,TD3,,SGQ,S to N,Total,NET,IPP-Gulf  ,0,0,"Meters - Design Capacity:
The meter design capacity represents the available capacity under an assumed set of operating conditions.

General Disclaimer:
All posted capacity is based on Columbia Gulf Transmission, LLC's best estimate.  Actual capacity may vary from the posted quantity depending on operating conditions, including pipeline pressures and flows, and other factors.  Shippers should refer to the weekly capacity postings, or call their Marketing or Customer Service Representative for information on updated postings.

SONAT-SHADYSIDE (4078): The operationally available capacity at the point is 276,153 Dth/d; however, capacity at the point has been set higher within TC eConnects to permit the point operator to allocate the point pursuant to the Pipeline Balancing Agreement. CGT will confirm to match the operator's allocation while staying within the operationally available capacity of 276,153 Dth/d."
"Columbia Gulf Transmission, LLC",ALL,9/28/2026,TIM,007854581        ,14,ALL,9:00 AM,Final,BZ,9/27/2026 5:06 PM,Y,,AlexSEG,AlexSEG ,P/L Seg 1,2683256,2683256,2667327,2667327,,15929,TD4,,SGQ,N to S,Total,GROSS,FTS-1     ,2598579,0,"Meters - Design Capacity:
The meter design capacity represents the available capacity under an assumed set of operating conditions.

General Disclaimer:
All posted capacity is based on Columbia Gulf Transmission, LLC's best estimate.  Actual capacity may vary from the posted quantity depending on operating conditions, including pipeline pressures and flows, and other factors.  Shippers should refer to the weekly capacity postings, or call their Marketing or Customer Service Representative for information on updated postings.

SONAT-SHADYSIDE (4078): The operationally available capacity at the point is 276,153 Dth/d; however, capacity at the point has been set higher within TC eConnects to permit the point operator to allocate the point pursuant to the Pipeline Balancing Agreement. CGT will confirm to match the operator's allocation while staying within the operationally available capacity of 276,153 Dth/d."
"Columbia Gulf Transmission, LLC",ALL,9/28/2026,TIM,007854581        ,14,ALL,9:00 AM,Final,BZ,9/27/2026 5:06 PM,Y,,AlexSEG,AlexSEG ,P/L Seg 1,2683256,2683256,2667327,2667327,,15929,TD4,,SGQ,N to S,Total,GROSS,ITS-1     ,68748,0,"Meters - Design Capacity:
The meter design capacity represents the available capacity under an assumed set of operating conditions.

General Disclaimer:
All posted capacity is based on Columbia Gulf Transmission, LLC's best estimate.  Actual capacity may vary from the posted quantity depending on operating conditions, including pipeline pressures and flows, and other factors.  Shippers should refer to the weekly capacity postings, or call their Marketing or Customer Service Representative for information on updated postings.

SONAT-SHADYSIDE (4078): The operationally available capacity at the point is 276,153 Dth/d; however, capacity at the point has been set higher within TC eConnects to permit the point operator to allocate the point pursuant to the Pipeline Balancing Agreement. CGT will confirm to match the operator's allocation while staying within the operationally available capacity of 276,153 Dth/d."
"Columbia Gulf Transmission, LLC",ALL,9/28/2026,TIM,007854581        ,14,ALL,9:00 AM,Final,BZ,9/27/2026 5:06 PM,Y,,BannSEG,BannSEG ,P/L Seg 1,2116000,2116000,62427,62427,,2053573,TD3,,SGQ,S to N,Total,NET,FTS-1     ,62427,0,"Meters - Design Capacity:
The meter design capacity represents the available capacity under an assumed set of operating conditions.

General Disclaimer:
All posted capacity is based on Columbia Gulf Transmission, LLC's best estimate.  Actual capacity may vary from the posted quantity depending on operating conditions, including pipeline pressures and flows, and other factors.  Shippers should refer to the weekly capacity postings, or call their Marketing or Customer Service Representative for information on updated postings.

SONAT-SHADYSIDE (4078): The operationally available capacity at the point is 276,153 Dth/d; however, capacity at the point has been set higher within TC eConnects to permit the point operator to allocate the point pursuant to the Pipeline Balancing Agreement. CGT will confirm to match the operator's allocation while staying within the operationally available capacity of 276,153 Dth/d."
"Columbia Gulf Transmission, LLC",ALL,9/28/2026,TIM,007854581        ,14,ALL,9:00 AM,Final,BZ,9/27/2026 5:06 PM,Y,,BannSEG,BannSEG ,P/L Seg 1,2116000,2116000,62427,62427,,2053573,TD3,,SGQ,S to N,Total,NET,ITS-1     ,0,0,"Meters - Design Capacity:
The meter design capacity represents the available capacity under an assumed set of operating conditions.

General Disclaimer:
All posted capacity is based on Columbia Gulf Transmission, LLC's best estimate.  Actual capacity may vary from the posted quantity depending on operating conditions, including pipeline pressures and flows, and other factors.  Shippers should refer to the weekly capacity postings, or call their Marketing or Customer Service Representative for information on updated postings.

SONAT-SHADYSIDE (4078): The operationally available capacity at the point is 276,153 Dth/d; however, capacity at the point has been set higher within TC eConnects to permit the point operator to allocate the point pursuant to the Pipeline Balancing Agreement. CGT will confirm to match the operator's allocation while staying within the operationally available capacity of 276,153 Dth/d."
"Columbia Gulf Transmission, LLC",ALL,9/28/2026,TIM,007854581        ,14,ALL,9:00 AM,Final,BZ,9/27/2026 5:06 PM,Y,,BannSEG,BannSEG ,P/L Seg 1,2540256,2540256,2146049,2146049,,394207,TD4,,SGQ,N to S,Total,GROSS,FTS-1     ,2025077,0,"Meters - Design Capacity:
The meter design capacity represents the available capacity under an assumed set of operating conditions.

General Disclaimer:
All posted capacity is based on Columbia Gulf Transmission, LLC's best estimate.  Actual capacity may vary from the posted quantity depending on operating conditions, including pipeline pressures and flows, and other factors.  Shippers should refer to the weekly capacity postings, or call their Marketing or Customer Service Representative for information on updated postings.

SONAT-SHADYSIDE (4078): The operationally available capacity at the point is 276,153 Dth/d; however, capacity at the point has been set higher within TC eConnects to permit the point operator to allocate the point pursuant to the Pipeline Balancing Agreement. CGT will confirm to match the operator's allocation while staying within the operationally available capacity of 276,153 Dth/d."
"Columbia Gulf Transmission, LLC",ALL,9/28/2026,TIM,007854581        ,14,ALL,9:00 AM,Final,BZ,9/27/2026 5:06 PM,Y,,BannSEG,BannSEG ,P/L Seg 1,2540256,2540256,2146049,2146049,,394207,TD4,,SGQ,N to S,Total,GROSS,IPP-Gulf  ,63957,0,"Meters - Design Capacity:
The meter design capacity represents the available capacity under an assumed set of operating conditions.

General Disclaimer:
All posted capacity is based on Columbia Gulf Transmission, LLC's best estimate.  Actual capacity may vary from the posted quantity depending on operating conditions, including pipeline pressures and flows, and other factors.  Shippers should refer to the weekly capacity postings, or call their Marketing or Customer Service Representative for information on updated postings.

SONAT-SHADYSIDE (4078): The operationally available capacity at the point is 276,153 Dth/d; however, capacity at the point has been set higher within TC eConnects to permit the point operator to allocate the point pursuant to the Pipeline Balancing Agreement. CGT will confirm to match the operator's allocation while staying within the operationally available capacity of 276,153 Dth/d."
"Columbia Gulf Transmission, LLC",ALL,9/28/2026,TIM,007854581        ,14,ALL,9:00 AM,Final,BZ,9/27/2026 5:06 PM,Y,,BannSEG,BannSEG ,P/L Seg 1,2540256,2540256,2146049,2146049,,394207,TD4,,SGQ,N to S,Total,GROSS,ITS-1     ,57015,0,"Meters - Design Capacity:
The meter design capacity represents the available capacity under an assumed set of operating conditions.

General Disclaimer:
All posted capacity is based on Columbia Gulf Transmission, LLC's best estimate.  Actual capacity may vary from the posted quantity depending on operating conditions, including pipeline pressures and flows, and other factors.  Shippers should refer to the weekly capacity postings, or call their Marketing or Customer Service Representative for information on updated postings.

SONAT-SHADYSIDE (4078): The operationally available capacity at the point is 276,153 Dth/d; however, capacity at the point has been set higher within TC eConnects to permit the point operator to allocate the point pursuant to the Pipeline Balancing Agreement. CGT will confirm to match the operator's allocation while staying within the operationally available capacity of 276,153 Dth/d."
"Columbia Gulf Transmission, LLC",ALL,9/28/2026,TIM,007854581        ,14,ALL,9:00 AM,Final,BZ,9/27/2026 5:06 PM,Y,,BYBEE,BYBEE   ,Delivery Location,121000,121000,0,0,,121000,BD,,DPQ,,Total,GROSS,          ,,,"Meters - Design Capacity:
The meter design capacity represents the available capacity under an assumed set of operating conditions.

General Disclaimer:
All posted capacity is based on Columbia Gulf Transmission, LLC's best estimate.  Actual capacity may vary from the posted quantity depending on operating conditions, including pipeline pressures and flows, and other factors.  Shippers should refer to the weekly capacity postings, or call their Marketing or Customer Service Representative for information on updated postings.

SONAT-SHADYSIDE (4078): The operationally available capacity at the point is 276,153 Dth/d; however, capacity at the point has been set higher within TC eConnects to permit the point operator to allocate the point pursuant to the Pipeline Balancing Agreement. CGT will confirm to match the operator's allocation while staying within the operationally available capacity of 276,153 Dth/d."
"Columbia Gulf Transmission, LLC",ALL,9/28/2026,TIM,007854581        ,14,ALL,9:00 AM,Final,BZ,9/27/2026 5:06 PM,Y,,BYBEE,BYBEE   ,Delivery Location,44500,44500,0,0,,44500,BD,,RPQ,,Total,GROSS,          ,,,"Meters - Design Capacity:
The meter design capacity represents the available capacity under an assumed set of operating conditions.

General Disclaimer:
All posted capacity is based on Columbia Gulf Transmission, LLC's best estimate.  Actual capacity may vary from the posted quantity depending on operating conditions, including pipeline pressures and flows, and other factors.  Shippers should refer to the weekly capacity postings, or call their Marketing or Customer Service Representative for information on updated postings.

SONAT-SHADYSIDE (4078): The operationally available capacity at the point is 276,153 Dth/d; however, capacity at the point has been set higher within TC eConnects to permit the point operator to allocate the point pursuant to the Pipeline Balancing Agreement. CGT will confirm to match the operator's allocation while staying within the operationally available capacity of 276,153 Dth/d."
"Columbia Gulf Transmission, LLC",ALL,9/28/2026,TIM,007854581        ,14,ALL,9:00 AM,Final,BZ,9/27/2026 5:06 PM,Y,,ClemSEG,ClemSEG ,P/L Seg 1,2116000,2116000,16328,16328,,2099672,TD3,,SGQ,S to N,Total,NET,FTS-1     ,16328,0,"Meters - Design Capacity:
The meter design capacity represents the available capacity under an assumed set of operating conditions.

General Disclaimer:
All posted capacity is based on Columbia Gulf Transmission, LLC's best estimate.  Actual capacity may vary from the posted quantity depending on operating conditions, including pipeline pressures and flows, and other factors.  Shippers should refer to the weekly capacity postings, or call their Marketing or Customer Service Representative for information on updated postings.

SONAT-SHADYSIDE (4078): The operationally available capacity at the point is 276,153 Dth/d; however, capacity at the point has been set higher within TC eConnects to permit the point operator to allocate the point pursuant to the Pipeline Balancing Agreement. CGT will confirm to match the operator's allocation while staying within the operationally available capacity of 276,153 Dth/d."
"Columbia Gulf Transmission, LLC",ALL,9/28/2026,TIM,007854581        ,14,ALL,9:00 AM,Final,BZ,9/27/2026 5:06 PM,Y,,ClemSEG,ClemSEG ,P/L Seg 1,2344656,2344656,1966133,1966133,,378523,TD4,,SGQ,N to S,Total,GROSS,FTS-1     ,1845161,0,"Meters - Design Capacity:
The meter design capacity represents the available capacity under an assumed set of operating conditions.

General Disclaimer:
All posted capacity is based on Columbia Gulf Transmission, LLC's best estimate.  Actual capacity may vary from the posted quantity depending on operating conditions, including pipeline pressures and flows, and other factors.  Shippers should refer to the weekly capacity postings, or call their Marketing or Customer Service Representative for information on updated postings.

SONAT-SHADYSIDE (4078): The operationally available capacity at the point is 276,153 Dth/d; however, capacity at the point has been set higher within TC eConnects to permit the point operator to allocate the point pursuant to the Pipeline Balancing Agreement. CGT will confirm to match the operator's allocation while staying within the operationally available capacity of 276,153 Dth/d."
"Columbia Gulf Transmission, LLC",ALL,9/28/2026,TIM,007854581        ,14,ALL,9:00 AM,Final,BZ,9/27/2026 5:06 PM,Y,,ClemSEG,ClemSEG ,P/L Seg 1,2344656,2344656,1966133,1966133,,378523,TD4,,SGQ,N to S,Total,GROSS,IPP-Gulf  ,63957,0,"Meters - Design Capacity:
The meter design capacity represents the available capacity under an assumed set of operating conditions.

General Disclaimer:
All posted capacity is based on Columbia Gulf Transmission, LLC's best estimate.  Actual capacity may vary from the posted quantity depending on operating conditions, including pipeline pressures and flows, and other factors.  Shippers should refer to the weekly capacity postings, or call their Marketing or Customer Service Representative for information on updated postings.

SONAT-SHADYSIDE (4078): The operationally available capacity at the point is 276,153 Dth/d; however, capacity at the point has been set higher within TC eConnects to permit the point operator to allocate the point pursuant to the Pipeline Balancing Agreement. CGT will confirm to match the operator's allocation while staying within the operationally available capacity of 276,153 Dth/d."
"Columbia Gulf Transmission, LLC",ALL,9/28/2026,TIM,007854581        ,14,ALL,9:00 AM,Final,BZ,9/27/2026 5:06 PM,Y,,ClemSEG,ClemSEG ,P/L Seg 1,2344656,2344656,1966133,1966133,,378523,TD4,,SGQ,N to S,Total,GROSS,ITS-1     ,57015,0,"Meters - Design Capacity:
The meter design capacity represents the available capacity under an assumed set of operating conditions.

General Disclaimer:
All posted capacity is based on Columbia Gulf Transmission, LLC's best estimate.  Actual capacity may vary from the posted quantity depending on operating conditions, including pipeline pressures and flows, and other factors.  Shippers should refer to the weekly capacity postings, or call their Marketing or Customer Service Representative for information on updated postings.

SONAT-SHADYSIDE (4078): The operationally available capacity at the point is 276,153 Dth/d; however, capacity at the point has been set higher within TC eConnects to permit the point operator to allocate the point pursuant to the Pipeline Balancing Agreement. CGT will confirm to match the operator's allocation while staying within the operationally available capacity of 276,153 Dth/d."
"Columbia Gulf Transmission, LLC",ALL,9/28/2026,TIM,007854581        ,14,ALL,9:00 AM,Final,BZ,9/27/2026 5:06 PM,Y,,CorinSEG,CorinSEG,P/L Seg 1,2116000,2116000,40324,40324,,2075676,TD3,,SGQ,S to N,Total,NET,FTS-1     ,40324,0,"Meters - Design Capacity:
The meter design capacity represents the available capacity under an assumed set of operating conditions.

General Disclaimer:
All posted capacity is based on Columbia Gulf Transmission, LLC's best estimate.  Actual capacity may vary from the posted quantity depending on operating conditions, including pipeline pressures and flows, and other factors.  Shippers should refer to the weekly capacity postings, or call their Marketing or Customer Service Representative for information on updated postings.

SONAT-SHADYSIDE (4078): The operationally available capacity at the point is 276,153 Dth/d; however, capacity at the point has been set higher within TC eConnects to permit the point operator to allocate the point pursuant to the Pipeline Balancing Agreement. CGT will confirm to match the operator's allocation while staying within the operationally available capacity of 276,153 Dth/d."
"Columbia Gulf Transmission, LLC",ALL,9/28/2026,TIM,007854581        ,14,ALL,9:00 AM,Final,BZ,9/27/2026 5:06 PM,Y,,CorinSEG,CorinSEG,P/L Seg 1,2116000,2116000,40324,40324,,2075676,TD3,,SGQ,S to N,Total,NET,ITS-1     ,0,0,"Meters - Design Capacity:
The meter design capacity represents the available capacity under an assumed set of operating conditions.

General Disclaimer:
All posted capacity is based on Columbia Gulf Transmission, LLC's best estimate.  Actual capacity may vary from the posted quantity depending on operating conditions, including pipeline pressures and flows, and other factors.  Shippers should refer to the weekly capacity postings, or call their Marketing or Customer Service Representative for information on updated postings.

SONAT-SHADYSIDE (4078): The operationally available capacity at the point is 276,153 Dth/d; however, capacity at the point has been set higher within TC eConnects to permit the point operator to allocate the point pursuant to the Pipeline Balancing Agreement. CGT will confirm to match the operator's allocation while staying within the operationally available capacity of 276,153 Dth/d."
"Columbia Gulf Transmission, LLC",ALL,9/28/2026,TIM,007854581        ,14,ALL,9:00 AM,Final,BZ,9/27/2026 5:06 PM,Y,,CorinSEG,CorinSEG,P/L Seg 1,2540656,2540656,2146049,2146049,,394607,TD4,,SGQ,N to S,Total,GROSS,FTS-1     ,2025077,0,"Meters - Design Capacity:
The meter design capacity represents the available capacity under an assumed set of operating conditions.

General Disclaimer:
All posted capacity is based on Columbia Gulf Transmission, LLC's best estimate.  Actual capacity may vary from the posted quantity depending on operating conditions, including pipeline pressures and flows, and other factors.  Shippers should refer to the weekly capacity postings, or call their Marketing or Customer Service Representative for information on updated postings.

SONAT-SHADYSIDE (4078): The operationally available capacity at the point is 276,153 Dth/d; however, capacity at the point has been set higher within TC eConnects to permit the point operator to allocate the point pursuant to the Pipeline Balancing Agreement. CGT will confirm to match the operator's allocation while staying within the operationally available capacity of 276,153 Dth/d."
"Columbia Gulf Transmission, LLC",ALL,9/28/2026,TIM,007854581        ,14,ALL,9:00 AM,Final,BZ,9/27/2026 5:06 PM,Y,,CorinSEG,CorinSEG,P/L Seg 1,2540656,2540656,2146049,2146049,,394607,TD4,,SGQ,N to S,Total,GROSS,IPP-Gulf  ,63957,0,"Meters - Design Capacity:
The meter design capacity represents the available capacity under an assumed set of operating conditions.

General Disclaimer:
All posted capacity is based on Columbia Gulf Transmission, LLC's best estimate.  Actual capacity may vary from the posted quantity depending on operating conditions, including pipeline pressures and flows, and other factors.  Shippers should refer to the weekly capacity postings, or call their Marketing or Customer Service Representative for information on updated postings.

SONAT-SHADYSIDE (4078): The operationally available capacity at the point is 276,153 Dth/d; however, capacity at the point has been set higher within TC eConnects to permit the point operator to allocate the point pursuant to the Pipeline Balancing Agreement. CGT will confirm to match the operator's allocation while staying within the operationally available capacity of 276,153 Dth/d."
"Columbia Gulf Transmission, LLC",ALL,9/28/2026,TIM,007854581        ,14,ALL,9:00 AM,Final,BZ,9/27/2026 5:06 PM,Y,,CorinSEG,CorinSEG,P/L Seg 1,2540656,2540656,2146049,2146049,,394607,TD4,,SGQ,N to S,Total,GROSS,ITS-1     ,57015,0,"Meters - Design Capacity:
The meter design capacity represents the available capacity under an assumed set of operating conditions.

General Disclaimer:
All posted capacity is based on Columbia Gulf Transmission, LLC's best estimate.  Actual capacity may vary from the posted quantity depending on operating conditions, including pipeline pressures and flows, and other factors.  Shippers should refer to the weekly capacity postings, or call their Marketing or Customer Service Representative for information on updated postings.

SONAT-SHADYSIDE (4078): The operationally available capacity at the point is 276,153 Dth/d; however, capacity at the point has been set higher within TC eConnects to permit the point operator to allocate the point pursuant to the Pipeline Balancing Agreement. CGT will confirm to match the operator's allocation while staying within the operationally available capacity of 276,153 Dth/d."
"Columbia Gulf Transmission, LLC",ALL,9/28/2026,TIM,007854581        ,14,ALL,9:00 AM,Final,BZ,9/27/2026 5:06 PM,Y,,DelhiSEG,DelhiSEG,P/L Seg 1,2116000,2116000,603258,603258,,1512742,TD3,,SGQ,S to N,Total,NET,FTS-1     ,0,0,"Meters - Design Capacity:
The meter design capacity represents the available capacity under an assumed set of operating conditions.

General Disclaimer:
All posted capacity is based on Columbia Gulf Transmission, LLC's best estimate.  Actual capacity may vary from the posted quantity depending on operating conditions, including pipeline pressures and flows, and other factors.  Shippers should refer to the weekly capacity postings, or call their Marketing or Customer Service Representative for information on updated postings.

SONAT-SHADYSIDE (4078): The operationally available capacity at the point is 276,153 Dth/d; however, capacity at the point has been set higher within TC eConnects to permit the point operator to allocate the point pursuant to the Pipeline Balancing Agreement. CGT will confirm to match the operator's allocation while staying within the operationally available capacity of 276,153 Dth/d."
"Columbia Gulf Transmission, LLC",ALL,9/28/2026,TIM,007854581        ,14,ALL,9:00 AM,Final,BZ,9/27/2026 5:06 PM,Y,,DelhiSEG,DelhiSEG,P/L Seg 1,2116000,2116000,603258,603258,,1512742,TD3,,SGQ,S to N,Total,NET,IPP-Gulf  ,603258,0,"Meters - Design Capacity:
The meter design capacity represents the available capacity under an assumed set of operating conditions.

General Disclaimer:
All posted capacity is based on Columbia Gulf Transmission, LLC's best estimate.  Actual capacity may vary from the posted quantity depending on operating conditions, including pipeline pressures and flows, and other factors.  Shippers should refer to the weekly capacity postings, or call their Marketing or Customer Service Representative for information on updated postings.

SONAT-SHADYSIDE (4078): The operationally available capacity at the point is 276,153 Dth/d; however, capacity at the point has been set higher within TC eConnects to permit the point operator to allocate the point pursuant to the Pipeline Balancing Agreement. CGT will confirm to match the operator's allocation while staying within the operationally available capacity of 276,153 Dth/d."
"Columbia Gulf Transmission, LLC",ALL,9/28/2026,TIM,007854581        ,14,ALL,9:00 AM,Final,BZ,9/27/2026 5:06 PM,Y,,DelhiSEG,DelhiSEG,P/L Seg 1,2764506,2864506,2602405,2602405,,262101,TD4,,SGQ,N to S,Total,GROSS,FTS-1     ,2533657,0,"Meters - Design Capacity:
The meter design capacity represents the available capacity under an assumed set of operating conditions.

General Disclaimer:
All posted capacity is based on Columbia Gulf Transmission, LLC's best estimate.  Actual capacity may vary from the posted quantity depending on operating conditions, including pipeline pressures and flows, and other factors.  Shippers should refer to the weekly capacity postings, or call their Marketing or Customer Service Representative for information on updated postings.

SONAT-SHADYSIDE (4078): The operationally available capacity at the point is 276,153 Dth/d; however, capacity at the point has been set higher within TC eConnects to permit the point operator to allocate the point pursuant to the Pipeline Balancing Agreement. CGT will confirm to match the operator's allocation while staying within the operationally available capacity of 276,153 Dth/d."
"Columbia Gulf Transmission, LLC",ALL,9/28/2026,TIM,007854581        ,14,ALL,9:00 AM,Final,BZ,9/27/2026 5:06 PM,Y,,DelhiSEG,DelhiSEG,P/L Seg 1,2764506,2864506,2602405,2602405,,262101,TD4,,SGQ,N to S,Total,GROSS,ITS-1     ,68748,0,"Meters - Design Capacity:
The meter design capacity represents the available capacity under an assumed set of operating conditions.

General Disclaimer:
All posted capacity is based on Columbia Gulf Transmission, LLC's best estimate.  Actual capacity may vary from the posted quantity depending on operating conditions, including pipeline pressures and flows, and other factors.  Shippers should refer to the weekly capacity postings, or call their Marketing or Customer Service Representative for information on updated postings.

SONAT-SHADYSIDE (4078): The operationally available capacity at the point is 276,153 Dth/d; however, capacity at the point has been set higher within TC eConnects to permit the point operator to allocate the point pursuant to the Pipeline Balancing Agreement. CGT will confirm to match the operator's allocation while staying within the operationally available capacity of 276,153 Dth/d."
"Columbia Gulf Transmission, LLC",ALL,9/28/2026,TIM,007854581        ,14,ALL,9:00 AM,Final,BZ,9/27/2026 5:06 PM,Y,,DELTA,DELTA   ,Receipt Location,50000,50000,7800,7800,,54277,BD,,RPQ,,Total,NET,FTS-1     ,7800,,"Meters - Design Capacity:
The meter design capacity represents the available capacity under an assumed set of operating conditions.

General Disclaimer:
All posted capacity is based on Columbia Gulf Transmission, LLC's best estimate.  Actual capacity may vary from the posted quantity depending on operating conditions, including pipeline pressures and flows, and other factors.  Shippers should refer to the weekly capacity postings, or call their Marketing or Customer Service Representative for information on updated postings.

SONAT-SHADYSIDE (4078): The operationally available capacity at the point is 276,153 Dth/d; however, capacity at the point has been set higher within TC eConnects to permit the point operator to allocate the point pursuant to the Pipeline Balancing Agreement. CGT will confirm to match the operator's allocation while staying within the operationally available capacity of 276,153 Dth/d."
"Columbia Gulf Transmission, LLC",ALL,9/28/2026,TIM,007854581        ,14,ALL,9:00 AM,Final,BZ,9/27/2026 5:06 PM,Y,,DELTA,DELTA   ,Delivery Location,24000,24000,12077,12077,,19723,BD,,DPQ,,Total,NET,FTS-1     ,-12077,,"Meters - Design Capacity:
The meter design capacity represents the available capacity under an assumed set of operating conditions.

General Disclaimer:
All posted capacity is based on Columbia Gulf Transmission, LLC's best estimate.  Actual capacity may vary from the posted quantity depending on operating conditions, including pipeline pressures and flows, and other factors.  Shippers should refer to the weekly capacity postings, or call their Marketing or Customer Service Representative for information on updated postings.

SONAT-SHADYSIDE (4078): The operationally available capacity at the point is 276,153 Dth/d; however, capacity at the point has been set higher within TC eConnects to permit the point operator to allocate the point pursuant to the Pipeline Balancing Agreement. CGT will confirm to match the operator's allocation while staying within the operationally available capacity of 276,153 Dth/d."
"Columbia Gulf Transmission, LLC",ALL,9/28/2026,TIM,007854581        ,14,ALL,9:00 AM,Final,BZ,9/27/2026 5:06 PM,Y,,East Lateral 300 SEG,EL300SEG,P/L Seg 1,999999999,999999999,1700,1700,,999998299,TD1,,SGQ,Forwardhaul,Total,GROSS,IPP-Gulf  ,1700,0,"Meters - Design Capacity:
The meter design capacity represents the available capacity under an assumed set of operating conditions.

General Disclaimer:
All posted capacity is based on Columbia Gulf Transmission, LLC's best estimate.  Actual capacity may vary from the posted quantity depending on operating conditions, including pipeline pressures and flows, and other factors.  Shippers should refer to the weekly capacity postings, or call their Marketing or Customer Service Representative for information on updated postings.

SONAT-SHADYSIDE (4078): The operationally available capacity at the point is 276,153 Dth/d; however, capacity at the point has been set higher within TC eConnects to permit the point operator to allocate the point pursuant to the Pipeline Balancing Agreement. CGT will confirm to match the operator's allocation while staying within the operationally available capacity of 276,153 Dth/d."
"Columbia Gulf Transmission, LLC",ALL,9/28/2026,TIM,007854581        ,14,ALL,9:00 AM,Final,BZ,9/27/2026 5:06 PM,Y,,East Lateral 300 SEG,EL300SEG,P/L Seg 1,575000,575000,575000,575000,,0,TD2,N,SGQ,Backhaul,Total,GROSS,FTS-1     ,575000,0,"Meters - Design Capacity:
The meter design capacity represents the available capacity under an assumed set of operating conditions.

General Disclaimer:
All posted capacity is based on Columbia Gulf Transmission, LLC's best estimate.  Actual capacity may vary from the posted quantity depending on operating conditions, including pipeline pressures and flows, and other factors.  Shippers should refer to the weekly capacity postings, or call their Marketing or Customer Service Representative for information on updated postings.

SONAT-SHADYSIDE (4078): The operationally available capacity at the point is 276,153 Dth/d; however, capacity at the point has been set higher within TC eConnects to permit the point operator to allocate the point pursuant to the Pipeline Balancing Agreement. CGT will confirm to match the operator's allocation while staying within the operationally available capacity of 276,153 Dth/d."
"Columbia Gulf Transmission, LLC",ALL,9/28/2026,TIM,007854581        ,14,ALL,9:00 AM,Final,BZ,9/27/2026 5:06 PM,Y,,East Lateral,ELSEG   ,P/L Seg 1,270000,270000,6883,6883,,263117,TD1,,SGQ,Forwardhaul,Total,NET,FTS-1     ,83,0,"Meters - Design Capacity:
The meter design capacity represents the available capacity under an assumed set of operating conditions.

General Disclaimer:
All posted capacity is based on Columbia Gulf Transmission, LLC's best estimate.  Actual capacity may vary from the posted quantity depending on operating conditions, including pipeline pressures and flows, and other factors.  Shippers should refer to the weekly capacity postings, or call their Marketing or Customer Service Representative for information on updated postings.

SONAT-SHADYSIDE (4078): The operationally available capacity at the point is 276,153 Dth/d; however, capacity at the point has been set higher within TC eConnects to permit the point operator to allocate the point pursuant to the Pipeline Balancing Agreement. CGT will confirm to match the operator's allocation while staying within the operationally available capacity of 276,153 Dth/d."
"Columbia Gulf Transmission, LLC",ALL,9/28/2026,TIM,007854581        ,14,ALL,9:00 AM,Final,BZ,9/27/2026 5:06 PM,Y,,East Lateral,ELSEG   ,P/L Seg 1,270000,270000,6883,6883,,263117,TD1,,SGQ,Forwardhaul,Total,NET,IPP-Gulf  ,6800,0,"Meters - Design Capacity:
The meter design capacity represents the available capacity under an assumed set of operating conditions.

General Disclaimer:
All posted capacity is based on Columbia Gulf Transmission, LLC's best estimate.  Actual capacity may vary from the posted quantity depending on operating conditions, including pipeline pressures and flows, and other factors.  Shippers should refer to the weekly capacity postings, or call their Marketing or Customer Service Representative for information on updated postings.

SONAT-SHADYSIDE (4078): The operationally available capacity at the point is 276,153 Dth/d; however, capacity at the point has been set higher within TC eConnects to permit the point operator to allocate the point pursuant to the Pipeline Balancing Agreement. CGT will confirm to match the operator's allocation while staying within the operationally available capacity of 276,153 Dth/d."
"Columbia Gulf Transmission, LLC",ALL,9/28/2026,TIM,007854581        ,14,ALL,9:00 AM,Final,BZ,9/27/2026 5:06 PM,Y,,East Lateral,ELSEG   ,P/L Seg 1,986800,986800,970888,970888,,15912,TD2,,SGQ,Backhaul,Total,GROSS,FTS-1     ,970888,0,"Meters - Design Capacity:
The meter design capacity represents the available capacity under an assumed set of operating conditions.

General Disclaimer:
All posted capacity is based on Columbia Gulf Transmission, LLC's best estimate.  Actual capacity may vary from the posted quantity depending on operating conditions, including pipeline pressures and flows, and other factors.  Shippers should refer to the weekly capacity postings, or call their Marketing or Customer Service Representative for information on updated postings.

SONAT-SHADYSIDE (4078): The operationally available capacity at the point is 276,153 Dth/d; however, capacity at the point has been set higher within TC eConnects to permit the point operator to allocate the point pursuant to the Pipeline Balancing Agreement. CGT will confirm to match the operator's allocation while staying within the operationally available capacity of 276,153 Dth/d."
"Columbia Gulf Transmission, LLC",ALL,9/28/2026,TIM,007854581        ,14,ALL,9:00 AM,Final,BZ,9/27/2026 5:06 PM,Y,,HampSEG,HampSEG ,P/L Seg 1,2116000,2116000,40324,40324,,2075676,TD3,,SGQ,S to N,Total,NET,FTS-1     ,40324,0,"Meters - Design Capacity:
The meter design capacity represents the available capacity under an assumed set of operating conditions.

General Disclaimer:
All posted capacity is based on Columbia Gulf Transmission, LLC's best estimate.  Actual capacity may vary from the posted quantity depending on operating conditions, including pipeline pressures and flows, and other factors.  Shippers should refer to the weekly capacity postings, or call their Marketing or Customer Service Representative for information on updated postings.

SONAT-SHADYSIDE (4078): The operationally available capacity at the point is 276,153 Dth/d; however, capacity at the point has been set higher within TC eConnects to permit the point operator to allocate the point pursuant to the Pipeline Balancing Agreement. CGT will confirm to match the operator's allocation while staying within the operationally available capacity of 276,153 Dth/d."
"Columbia Gulf Transmission, LLC",ALL,9/28/2026,TIM,007854581        ,14,ALL,9:00 AM,Final,BZ,9/27/2026 5:06 PM,Y,,HampSEG,HampSEG ,P/L Seg 1,2116000,2116000,40324,40324,,2075676,TD3,,SGQ,S to N,Total,NET,ITS-1     ,0,0,"Meters - Design Capacity:
The meter design capacity represents the available capacity under an assumed set of operating conditions.

General Disclaimer:
All posted capacity is based on Columbia Gulf Transmission, LLC's best estimate.  Actual capacity may vary from the posted quantity depending on operating conditions, including pipeline pressures and flows, and other factors.  Shippers should refer to the weekly capacity postings, or call their Marketing or Customer Service Representative for information on updated postings.

SONAT-SHADYSIDE (4078): The operationally available capacity at the point is 276,153 Dth/d; however, capacity at the point has been set higher within TC eConnects to permit the point operator to allocate the point pursuant to the Pipeline Balancing Agreement. CGT will confirm to match the operator's allocation while staying within the operationally available capacity of 276,153 Dth/d."
"Columbia Gulf Transmission, LLC",ALL,9/28/2026,TIM,007854581        ,14,ALL,9:00 AM,Final,BZ,9/27/2026 5:06 PM,Y,,HampSEG,HampSEG ,P/L Seg 1,2540656,2200000,2146049,2146049,,53951,TD4,,SGQ,N to S,Total,GROSS,FTS-1     ,2025077,0,"Meters - Design Capacity:
The meter design capacity represents the available capacity under an assumed set of operating conditions.

General Disclaimer:
All posted capacity is based on Columbia Gulf Transmission, LLC's best estimate.  Actual capacity may vary from the posted quantity depending on operating conditions, including pipeline pressures and flows, and other factors.  Shippers should refer to the weekly capacity postings, or call their Marketing or Customer Service Representative for information on updated postings.

SONAT-SHADYSIDE (4078): The operationally available capacity at the point is 276,153 Dth/d; however, capacity at the point has been set higher within TC eConnects to permit the point operator to allocate the point pursuant to the Pipeline Balancing Agreement. CGT will confirm to match the operator's allocation while staying within the operationally available capacity of 276,153 Dth/d."
"Columbia Gulf Transmission, LLC",ALL,9/28/2026,TIM,007854581        ,14,ALL,9:00 AM,Final,BZ,9/27/2026 5:06 PM,Y,,HampSEG,HampSEG ,P/L Seg 1,2540656,2200000,2146049,2146049,,53951,TD4,,SGQ,N to S,Total,GROSS,IPP-Gulf  ,63957,0,"Meters - Design Capacity:
The meter design capacity represents the available capacity under an assumed set of operating conditions.

General Disclaimer:
All posted capacity is based on Columbia Gulf Transmission, LLC's best estimate.  Actual capacity may vary from the posted quantity depending on operating conditions, including pipeline pressures and flows, and other factors.  Shippers should refer to the weekly capacity postings, or call their Marketing or Customer Service Representative for information on updated postings.

SONAT-SHADYSIDE (4078): The operationally available capacity at the point is 276,153 Dth/d; however, capacity at the point has been set higher within TC eConnects to permit the point operator to allocate the point pursuant to the Pipeline Balancing Agreement. CGT will confirm to match the operator's allocation while staying within the operationally available capacity of 276,153 Dth/d."
"Columbia Gulf Transmission, LLC",ALL,9/28/2026,TIM,007854581        ,14,ALL,9:00 AM,Final,BZ,9/27/2026 5:06 PM,Y,,HampSEG,HampSEG ,P/L Seg 1,2540656,2200000,2146049,2146049,,53951,TD4,,SGQ,N to S,Total,GROSS,ITS-1     ,57015,0,"Meters - Design Capacity:
The meter design capacity represents the available capacity under an assumed set of operating conditions.

General Disclaimer:
All posted capacity is based on Columbia Gulf Transmission, LLC's best estimate.  Actual capacity may vary from the posted quantity depending on operating conditions, including pipeline pressures and flows, and other factors.  Shippers should refer to the weekly capacity postings, or call their Marketing or Customer Service Representative for information on updated postings.

SONAT-SHADYSIDE (4078): The operationally available capacity at the point is 276,153 Dth/d; however, capacity at the point has been set higher within TC eConnects to permit the point operator to allocate the point pursuant to the Pipeline Balancing Agreement. CGT will confirm to match the operator's allocation while staying within the operationally available capacity of 276,153 Dth/d."
"Columbia Gulf Transmission, LLC",ALL,9/28/2026,TIM,007854581        ,14,ALL,9:00 AM,Final,BZ,9/27/2026 5:06 PM,Y,,HartSEG,HartSEG ,P/L Seg 1,2116000,2116000,16328,16328,,2099672,TD3,,SGQ,S to N,Total,NET,FTS-1     ,16328,0,"Meters - Design Capacity:
The meter design capacity represents the available capacity under an assumed set of operating conditions.

General Disclaimer:
All posted capacity is based on Columbia Gulf Transmission, LLC's best estimate.  Actual capacity may vary from the posted quantity depending on operating conditions, including pipeline pressures and flows, and other factors.  Shippers should refer to the weekly capacity postings, or call their Marketing or Customer Service Representative for information on updated postings.

SONAT-SHADYSIDE (4078): The operationally available capacity at the point is 276,153 Dth/d; however, capacity at the point has been set higher within TC eConnects to permit the point operator to allocate the point pursuant to the Pipeline Balancing Agreement. CGT will confirm to match the operator's allocation while staying within the operationally available capacity of 276,153 Dth/d."
"Columbia Gulf Transmission, LLC",ALL,9/28/2026,TIM,007854581        ,14,ALL,9:00 AM,Final,BZ,9/27/2026 5:06 PM,Y,,HartSEG,HartSEG ,P/L Seg 1,2544656,2544656,2154884,2154884,,389772,TD4,,SGQ,N to S,Total,GROSS,FTS-1     ,2033912,0,"Meters - Design Capacity:
The meter design capacity represents the available capacity under an assumed set of operating conditions.

General Disclaimer:
All posted capacity is based on Columbia Gulf Transmission, LLC's best estimate.  Actual capacity may vary from the posted quantity depending on operating conditions, including pipeline pressures and flows, and other factors.  Shippers should refer to the weekly capacity postings, or call their Marketing or Customer Service Representative for information on updated postings.

SONAT-SHADYSIDE (4078): The operationally available capacity at the point is 276,153 Dth/d; however, capacity at the point has been set higher within TC eConnects to permit the point operator to allocate the point pursuant to the Pipeline Balancing Agreement. CGT will confirm to match the operator's allocation while staying within the operationally available capacity of 276,153 Dth/d."
"Columbia Gulf Transmission, LLC",ALL,9/28/2026,TIM,007854581        ,14,ALL,9:00 AM,Final,BZ,9/27/2026 5:06 PM,Y,,HartSEG,HartSEG ,P/L Seg 1,2544656,2544656,2154884,2154884,,389772,TD4,,SGQ,N to S,Total,GROSS,IPP-Gulf  ,63957,0,"Meters - Design Capacity:
The meter design capacity represents the available capacity under an assumed set of operating conditions.

General Disclaimer:
All posted capacity is based on Columbia Gulf Transmission, LLC's best estimate.  Actual capacity may vary from the posted quantity depending on operating conditions, including pipeline pressures and flows, and other factors.  Shippers should refer to the weekly capacity postings, or call their Marketing or Customer Service Representative for information on updated postings.

SONAT-SHADYSIDE (4078): The operationally available capacity at the point is 276,153 Dth/d; however, capacity at the point has been set higher within TC eConnects to permit the point operator to allocate the point pursuant to the Pipeline Balancing Agreement. CGT will confirm to match the operator's allocation while staying within the operationally available capacity of 276,153 Dth/d."
"Columbia Gulf Transmission, LLC",ALL,9/28/2026,TIM,007854581        ,14,ALL,9:00 AM,Final,BZ,9/27/2026 5:06 PM,Y,,HartSEG,HartSEG ,P/L Seg 1,2544656,2544656,2154884,2154884,,389772,TD4,,SGQ,N to S,Total,GROSS,ITS-1     ,57015,0,"Meters - Design Capacity:
The meter design capacity represents the available capacity under an assumed set of operating conditions.

General Disclaimer:
All posted capacity is based on Columbia Gulf Transmission, LLC's best estimate.  Actual capacity may vary from the posted quantity depending on operating conditions, including pipeline pressures and flows, and other factors.  Shippers should refer to the weekly capacity postings, or call their Marketing or Customer Service Representative for information on updated postings.

SONAT-SHADYSIDE (4078): The operationally available capacity at the point is 276,153 Dth/d; however, capacity at the point has been set higher within TC eConnects to permit the point operator to allocate the point pursuant to the Pipeline Balancing Agreement. CGT will confirm to match the operator's allocation while staying within the operationally available capacity of 276,153 Dth/d."
"Columbia Gulf Transmission, LLC",ALL,9/28/2026,TIM,007854581        ,14,ALL,9:00 AM,Final,BZ,9/27/2026 5:06 PM,Y,,HoumaSEG,HoumaSEG,P/L Seg 1,123800,123800,45764,45764,,78036,TD1,,SGQ,Forwardhaul,Total,GROSS,FTS-1     ,45764,0,"Meters - Design Capacity:
The meter design capacity represents the available capacity under an assumed set of operating conditions.

General Disclaimer:
All posted capacity is based on Columbia Gulf Transmission, LLC's best estimate.  Actual capacity may vary from the posted quantity depending on operating conditions, including pipeline pressures and flows, and other factors.  Shippers should refer to the weekly capacity postings, or call their Marketing or Customer Service Representative for information on updated postings.

SONAT-SHADYSIDE (4078): The operationally available capacity at the point is 276,153 Dth/d; however, capacity at the point has been set higher within TC eConnects to permit the point operator to allocate the point pursuant to the Pipeline Balancing Agreement. CGT will confirm to match the operator's allocation while staying within the operationally available capacity of 276,153 Dth/d."
"Columbia Gulf Transmission, LLC",ALL,9/28/2026,TIM,007854581        ,14,ALL,9:00 AM,Final,BZ,9/27/2026 5:06 PM,Y,,HoumaSEG,HoumaSEG,P/L Seg 1,0,0,0,0,,0,TD2,N,SGQ,Backhaul,Total,NET,          ,0,0,"Meters - Design Capacity:
The meter design capacity represents the available capacity under an assumed set of operating conditions.

General Disclaimer:
All posted capacity is based on Columbia Gulf Transmission, LLC's best estimate.  Actual capacity may vary from the posted quantity depending on operating conditions, including pipeline pressures and flows, and other factors.  Shippers should refer to the weekly capacity postings, or call their Marketing or Customer Service Representative for information on updated postings.

SONAT-SHADYSIDE (4078): The operationally available capacity at the point is 276,153 Dth/d; however, capacity at the point has been set higher within TC eConnects to permit the point operator to allocate the point pursuant to the Pipeline Balancing Agreement. CGT will confirm to match the operator's allocation while staying within the operationally available capacity of 276,153 Dth/d."
"Columbia Gulf Transmission, LLC",ALL,9/28/2026,TIM,007854581        ,14,ALL,9:00 AM,Final,BZ,9/27/2026 5:06 PM,Y,,InvrnSEG,InvrnSEG,P/L Seg 1,2116000,2116000,68719,68719,,2047281,TD3,,SGQ,S to N,Total,NET,FTS-1     ,68719,0,"Meters - Design Capacity:
The meter design capacity represents the available capacity under an assumed set of operating conditions.

General Disclaimer:
All posted capacity is based on Columbia Gulf Transmission, LLC's best estimate.  Actual capacity may vary from the posted quantity depending on operating conditions, including pipeline pressures and flows, and other factors.  Shippers should refer to the weekly capacity postings, or call their Marketing or Customer Service Representative for information on updated postings.

SONAT-SHADYSIDE (4078): The operationally available capacity at the point is 276,153 Dth/d; however, capacity at the point has been set higher within TC eConnects to permit the point operator to allocate the point pursuant to the Pipeline Balancing Agreement. CGT will confirm to match the operator's allocation while staying within the operationally available capacity of 276,153 Dth/d."
"Columbia Gulf Transmission, LLC",ALL,9/28/2026,TIM,007854581        ,14,ALL,9:00 AM,Final,BZ,9/27/2026 5:06 PM,Y,,InvrnSEG,InvrnSEG,P/L Seg 1,2116000,2116000,68719,68719,,2047281,TD3,,SGQ,S to N,Total,NET,ITS-1     ,0,0,"Meters - Design Capacity:
The meter design capacity represents the available capacity under an assumed set of operating conditions.

General Disclaimer:
All posted capacity is based on Columbia Gulf Transmission, LLC's best estimate.  Actual capacity may vary from the posted quantity depending on operating conditions, including pipeline pressures and flows, and other factors.  Shippers should refer to the weekly capacity postings, or call their Marketing or Customer Service Representative for information on updated postings.

SONAT-SHADYSIDE (4078): The operationally available capacity at the point is 276,153 Dth/d; however, capacity at the point has been set higher within TC eConnects to permit the point operator to allocate the point pursuant to the Pipeline Balancing Agreement. CGT will confirm to match the operator's allocation while staying within the operationally available capacity of 276,153 Dth/d."
"Columbia Gulf Transmission, LLC",ALL,9/28/2026,TIM,007854581        ,14,ALL,9:00 AM,Final,BZ,9/27/2026 5:06 PM,Y,,InvrnSEG,InvrnSEG,P/L Seg 1,2540256,2540256,2143982,2143982,,396274,TD4,,SGQ,N to S,Total,GROSS,FTS-1     ,2023010,0,"Meters - Design Capacity:
The meter design capacity represents the available capacity under an assumed set of operating conditions.

General Disclaimer:
All posted capacity is based on Columbia Gulf Transmission, LLC's best estimate.  Actual capacity may vary from the posted quantity depending on operating conditions, including pipeline pressures and flows, and other factors.  Shippers should refer to the weekly capacity postings, or call their Marketing or Customer Service Representative for information on updated postings.

SONAT-SHADYSIDE (4078): The operationally available capacity at the point is 276,153 Dth/d; however, capacity at the point has been set higher within TC eConnects to permit the point operator to allocate the point pursuant to the Pipeline Balancing Agreement. CGT will confirm to match the operator's allocation while staying within the operationally available capacity of 276,153 Dth/d."
"Columbia Gulf Transmission, LLC",ALL,9/28/2026,TIM,007854581        ,14,ALL,9:00 AM,Final,BZ,9/27/2026 5:06 PM,Y,,InvrnSEG,InvrnSEG,P/L Seg 1,2540256,2540256,2143982,2143982,,396274,TD4,,SGQ,N to S,Total,GROSS,IPP-Gulf  ,63957,0,"Meters - Design Capacity:
The meter design capacity represents the available capacity under an assumed set of operating conditions.

General Disclaimer:
All posted capacity is based on Columbia Gulf Transmission, LLC's best estimate.  Actual capacity may vary from the posted quantity depending on operating conditions, including pipeline pressures and flows, and other factors.  Shippers should refer to the weekly capacity postings, or call their Marketing or Customer Service Representative for information on updated postings.

SONAT-SHADYSIDE (4078): The operationally available capacity at the point is 276,153 Dth/d; however, capacity at the point has been set higher within TC eConnects to permit the point operator to allocate the point pursuant to the Pipeline Balancing Agreement. CGT will confirm to match the operator's allocation while staying within the operationally available capacity of 276,153 Dth/d."
"Columbia Gulf Transmission, LLC",ALL,9/28/2026,TIM,007854581        ,14,ALL,9:00 AM,Final,BZ,9/27/2026 5:06 PM,Y,,InvrnSEG,InvrnSEG,P/L Seg 1,2540256,2540256,2143982,2143982,,396274,TD4,,SGQ,N to S,Total,GROSS,ITS-1     ,57015,0,"Meters - Design Capacity:
The meter design capacity represents the available capacity under an assumed set of operating conditions.

General Disclaimer:
All posted capacity is based on Columbia Gulf Transmission, LLC's best estimate.  Actual capacity may vary from the posted quantity depending on operating conditions, including pipeline pressures and flows, and other factors.  Shippers should refer to the weekly capacity postings, or call their Marketing or Customer Service Representative for information on updated postings.

SONAT-SHADYSIDE (4078): The operationally available capacity at the point is 276,153 Dth/d; however, capacity at the point has been set higher within TC eConnects to permit the point operator to allocate the point pursuant to the Pipeline Balancing Agreement. CGT will confirm to match the operator's allocation while staying within the operationally available capacity of 276,153 Dth/d."
"Columbia Gulf Transmission, LLC",ALL,9/28/2026,TIM,007854581        ,14,ALL,9:00 AM,Final,BZ,9/27/2026 5:06 PM,Y,,MEANS,MEANS   ,Delivery Location,150000,150000,0,0,,150000,BD,,RPQ,,Total,GROSS,          ,,,"Meters - Design Capacity:
The meter design capacity represents the available capacity under an assumed set of operating conditions.

General Disclaimer:
All posted capacity is based on Columbia Gulf Transmission, LLC's best estimate.  Actual capacity may vary from the posted quantity depending on operating conditions, including pipeline pressures and flows, and other factors.  Shippers should refer to the weekly capacity postings, or call their Marketing or Customer Service Representative for information on updated postings.

SONAT-SHADYSIDE (4078): The operationally available capacity at the point is 276,153 Dth/d; however, capacity at the point has been set higher within TC eConnects to permit the point operator to allocate the point pursuant to the Pipeline Balancing Agreement. CGT will confirm to match the operator's allocation while staying within the operationally available capacity of 276,153 Dth/d."
"Columbia Gulf Transmission, LLC",ALL,9/28/2026,TIM,007854581        ,14,ALL,9:00 AM,Final,BZ,9/27/2026 5:06 PM,Y,,MEANS,MEANS   ,Delivery Location,1006050,1006050,12374,12374,,993676,BD,,DPQ,,Total,GROSS,FTS-1     ,12374,,"Meters - Design Capacity:
The meter design capacity represents the available capacity under an assumed set of operating conditions.

General Disclaimer:
All posted capacity is based on Columbia Gulf Transmission, LLC's best estimate.  Actual capacity may vary from the posted quantity depending on operating conditions, including pipeline pressures and flows, and other factors.  Shippers should refer to the weekly capacity postings, or call their Marketing or Customer Service Representative for information on updated postings.

SONAT-SHADYSIDE (4078): The operationally available capacity at the point is 276,153 Dth/d; however, capacity at the point has been set higher within TC eConnects to permit the point operator to allocate the point pursuant to the Pipeline Balancing Agreement. CGT will confirm to match the operator's allocation while staying within the operationally available capacity of 276,153 Dth/d."
"Columbia Gulf Transmission, LLC",ALL,9/28/2026,TIM,007854581        ,14,ALL,9:00 AM,Final,BZ,9/27/2026 5:06 PM,Y,,MEANS,MEANS   ,Delivery Location,1006050,1006050,12374,12374,,993676,BD,,DPQ,,Total,GROSS,ITS-1     ,0,,"Meters - Design Capacity:
The meter design capacity represents the available capacity under an assumed set of operating conditions.

General Disclaimer:
All posted capacity is based on Columbia Gulf Transmission, LLC's best estimate.  Actual capacity may vary from the posted quantity depending on operating conditions, including pipeline pressures and flows, and other factors.  Shippers should refer to the weekly capacity postings, or call their Marketing or Customer Service Representative for information on updated postings.

SONAT-SHADYSIDE (4078): The operationally available capacity at the point is 276,153 Dth/d; however, capacity at the point has been set higher within TC eConnects to permit the point operator to allocate the point pursuant to the Pipeline Balancing Agreement. CGT will confirm to match the operator's allocation while staying within the operationally available capacity of 276,153 Dth/d."
"Columbia Gulf Transmission, LLC",ALL,9/28/2026,TIM,007854581        ,14,ALL,9:00 AM,Final,BZ,9/27/2026 5:06 PM,Y,,RayneSEG,RayneSEG,P/L Seg 1,2116000,2116000,12739,12739,,2103261,TD3,,SGQ,S to N,Total,NET,FTS-1     ,12739,0,"Meters - Design Capacity:
The meter design capacity represents the available capacity under an assumed set of operating conditions.

General Disclaimer:
All posted capacity is based on Columbia Gulf Transmission, LLC's best estimate.  Actual capacity may vary from the posted quantity depending on operating conditions, including pipeline pressures and flows, and other factors.  Shippers should refer to the weekly capacity postings, or call their Marketing or Customer Service Representative for information on updated postings.

SONAT-SHADYSIDE (4078): The operationally available capacity at the point is 276,153 Dth/d; however, capacity at the point has been set higher within TC eConnects to permit the point operator to allocate the point pursuant to the Pipeline Balancing Agreement. CGT will confirm to match the operator's allocation while staying within the operationally available capacity of 276,153 Dth/d."
"Columbia Gulf Transmission, LLC",ALL,9/28/2026,TIM,007854581        ,14,ALL,9:00 AM,Final,BZ,9/27/2026 5:06 PM,Y,,RayneSEG,RayneSEG,P/L Seg 1,1613256,1613256,1536421,1536421,,76835,TD4,,SGQ,N to S,Total,GROSS,FTS-1     ,1479406,0,"Meters - Design Capacity:
The meter design capacity represents the available capacity under an assumed set of operating conditions.

General Disclaimer:
All posted capacity is based on Columbia Gulf Transmission, LLC's best estimate.  Actual capacity may vary from the posted quantity depending on operating conditions, including pipeline pressures and flows, and other factors.  Shippers should refer to the weekly capacity postings, or call their Marketing or Customer Service Representative for information on updated postings.

SONAT-SHADYSIDE (4078): The operationally available capacity at the point is 276,153 Dth/d; however, capacity at the point has been set higher within TC eConnects to permit the point operator to allocate the point pursuant to the Pipeline Balancing Agreement. CGT will confirm to match the operator's allocation while staying within the operationally available capacity of 276,153 Dth/d."
"Columbia Gulf Transmission, LLC",ALL,9/28/2026,TIM,007854581        ,14,ALL,9:00 AM,Final,BZ,9/27/2026 5:06 PM,Y,,RayneSEG,RayneSEG,P/L Seg 1,1613256,1613256,1536421,1536421,,76835,TD4,,SGQ,N to S,Total,GROSS,ITS-1     ,57015,0,"Meters - Design Capacity:
The meter design capacity represents the available capacity under an assumed set of operating conditions.

General Disclaimer:
All posted capacity is based on Columbia Gulf Transmission, LLC's best estimate.  Actual capacity may vary from the posted quantity depending on operating conditions, including pipeline pressures and flows, and other factors.  Shippers should refer to the weekly capacity postings, or call their Marketing or Customer Service Representative for information on updated postings.

SONAT-SHADYSIDE (4078): The operationally available capacity at the point is 276,153 Dth/d; however, capacity at the point has been set higher within TC eConnects to permit the point operator to allocate the point pursuant to the Pipeline Balancing Agreement. CGT will confirm to match the operator's allocation while staying within the operationally available capacity of 276,153 Dth/d."
"Columbia Gulf Transmission, LLC",ALL,9/28/2026,TIM,007854581        ,14,ALL,9:00 AM,Final,BZ,9/27/2026 5:06 PM,Y,,ShelSEG,ShelSEG ,P/L Seg 1,2218000,2218000,603258,603258,,1614742,TD3,,SGQ,S to N,Total,NET,FTS-1     ,0,0,"Meters - Design Capacity:
The meter design capacity represents the available capacity under an assumed set of operating conditions.

General Disclaimer:
All posted capacity is based on Columbia Gulf Transmission, LLC's best estimate.  Actual capacity may vary from the posted quantity depending on operating conditions, including pipeline pressures and flows, and other factors.  Shippers should refer to the weekly capacity postings, or call their Marketing or Customer Service Representative for information on updated postings.

SONAT-SHADYSIDE (4078): The operationally available capacity at the point is 276,153 Dth/d; however, capacity at the point has been set higher within TC eConnects to permit the point operator to allocate the point pursuant to the Pipeline Balancing Agreement. CGT will confirm to match the operator's allocation while staying within the operationally available capacity of 276,153 Dth/d."
"Columbia Gulf Transmission, LLC",ALL,9/28/2026,TIM,007854581        ,14,ALL,9:00 AM,Final,BZ,9/27/2026 5:06 PM,Y,,ShelSEG,ShelSEG ,P/L Seg 1,2218000,2218000,603258,603258,,1614742,TD3,,SGQ,S to N,Total,NET,IPP-Gulf  ,603258,0,"Meters - Design Capacity:
The meter design capacity represents the available capacity under an assumed set of operating conditions.

General Disclaimer:
All posted capacity is based on Columbia Gulf Transmission, LLC's best estimate.  Actual capacity may vary from the posted quantity depending on operating conditions, including pipeline pressures and flows, and other factors.  Shippers should refer to the weekly capacity postings, or call their Marketing or Customer Service Representative for information on updated postings.

SONAT-SHADYSIDE (4078): The operationally available capacity at the point is 276,153 Dth/d; however, capacity at the point has been set higher within TC eConnects to permit the point operator to allocate the point pursuant to the Pipeline Balancing Agreement. CGT will confirm to match the operator's allocation while staying within the operationally available capacity of 276,153 Dth/d."
"Columbia Gulf Transmission, LLC",ALL,9/28/2026,TIM,007854581        ,14,ALL,9:00 AM,Final,BZ,9/27/2026 5:06 PM,Y,,ShelSEG,ShelSEG ,P/L Seg 1,2614506,2714506,2602405,2602405,,112101,TD4,,SGQ,N to S,Total,GROSS,FTS-1     ,2533657,0,"Meters - Design Capacity:
The meter design capacity represents the available capacity under an assumed set of operating conditions.

General Disclaimer:
All posted capacity is based on Columbia Gulf Transmission, LLC's best estimate.  Actual capacity may vary from the posted quantity depending on operating conditions, including pipeline pressures and flows, and other factors.  Shippers should refer to the weekly capacity postings, or call their Marketing or Customer Service Representative for information on updated postings.

SONAT-SHADYSIDE (4078): The operationally available capacity at the point is 276,153 Dth/d; however, capacity at the point has been set higher within TC eConnects to permit the point operator to allocate the point pursuant to the Pipeline Balancing Agreement. CGT will confirm to match the operator's allocation while staying within the operationally available capacity of 276,153 Dth/d."
"Columbia Gulf Transmission, LLC",ALL,9/28/2026,TIM,007854581        ,14,ALL,9:00 AM,Final,BZ,9/27/2026 5:06 PM,Y,,ShelSEG,ShelSEG ,P/L Seg 1,2614506,2714506,2602405,2602405,,112101,TD4,,SGQ,N to S,Total,GROSS,ITS-1     ,68748,0,"Meters - Design Capacity:
The meter design capacity represents the available capacity under an assumed set of operating conditions.

General Disclaimer:
All posted capacity is based on Columbia Gulf Transmission, LLC's best estimate.  Actual capacity may vary from the posted quantity depending on operating conditions, including pipeline pressures and flows, and other factors.  Shippers should refer to the weekly capacity postings, or call their Marketing or Customer Service Representative for information on updated postings.

SONAT-SHADYSIDE (4078): The operationally available capacity at the point is 276,153 Dth/d; however, capacity at the point has been set higher within TC eConnects to permit the point operator to allocate the point pursuant to the Pipeline Balancing Agreement. CGT will confirm to match the operator's allocation while staying within the operationally available capacity of 276,153 Dth/d."
"Columbia Gulf Transmission, LLC",ALL,9/28/2026,TIM,007854581        ,14,ALL,9:00 AM,Final,BZ,9/27/2026 5:06 PM,Y,,StanSEG,StanSEG ,P/L Seg 1,2116000,2116000,12374,12374,,2103626,TD3,,SGQ,S to N,Total,NET,FTS-1     ,12374,0,"Meters - Design Capacity:
The meter design capacity represents the available capacity under an assumed set of operating conditions.

General Disclaimer:
All posted capacity is based on Columbia Gulf Transmission, LLC's best estimate.  Actual capacity may vary from the posted quantity depending on operating conditions, including pipeline pressures and flows, and other factors.  Shippers should refer to the weekly capacity postings, or call their Marketing or Customer Service Representative for information on updated postings.

SONAT-SHADYSIDE (4078): The operationally available capacity at the point is 276,153 Dth/d; however, capacity at the point has been set higher within TC eConnects to permit the point operator to allocate the point pursuant to the Pipeline Balancing Agreement. CGT will confirm to match the operator's allocation while staying within the operationally available capacity of 276,153 Dth/d."
"Columbia Gulf Transmission, LLC",ALL,9/28/2026,TIM,007854581        ,14,ALL,9:00 AM,Final,BZ,9/27/2026 5:06 PM,Y,,StanSEG,StanSEG ,P/L Seg 1,2344656,2344656,1966704,1966704,,377952,TD4,,SGQ,N to S,Total,GROSS,FTS-1     ,1845732,0,"Meters - Design Capacity:
The meter design capacity represents the available capacity under an assumed set of operating conditions.

General Disclaimer:
All posted capacity is based on Columbia Gulf Transmission, LLC's best estimate.  Actual capacity may vary from the posted quantity depending on operating conditions, including pipeline pressures and flows, and other factors.  Shippers should refer to the weekly capacity postings, or call their Marketing or Customer Service Representative for information on updated postings.

SONAT-SHADYSIDE (4078): The operationally available capacity at the point is 276,153 Dth/d; however, capacity at the point has been set higher within TC eConnects to permit the point operator to allocate the point pursuant to the Pipeline Balancing Agreement. CGT will confirm to match the operator's allocation while staying within the operationally available capacity of 276,153 Dth/d."
"Columbia Gulf Transmission, LLC",ALL,9/28/2026,TIM,007854581        ,14,ALL,9:00 AM,Final,BZ,9/27/2026 5:06 PM,Y,,StanSEG,StanSEG ,P/L Seg 1,2344656,2344656,1966704,1966704,,377952,TD4,,SGQ,N to S,Total,GROSS,IPP-Gulf  ,63957,0,"Meters - Design Capacity:
The meter design capacity represents the available capacity under an assumed set of operating conditions.

General Disclaimer:
All posted capacity is based on Columbia Gulf Transmission, LLC's best estimate.  Actual capacity may vary from the posted quantity depending on operating conditions, including pipeline pressures and flows, and other factors.  Shippers should refer to the weekly capacity postings, or call their Marketing or Customer Service Representative for information on updated postings.

SONAT-SHADYSIDE (4078): The operationally available capacity at the point is 276,153 Dth/d; however, capacity at the point has been set higher within TC eConnects to permit the point operator to allocate the point pursuant to the Pipeline Balancing Agreement. CGT will confirm to match the operator's allocation while staying within the operationally available capacity of 276,153 Dth/d."
"Columbia Gulf Transmission, LLC",ALL,9/28/2026,TIM,007854581        ,14,ALL,9:00 AM,Final,BZ,9/27/2026 5:06 PM,Y,,StanSEG,StanSEG ,P/L Seg 1,2344656,2344656,1966704,1966704,,377952,TD4,,SGQ,N to S,Total,GROSS,ITS-1     ,57015,0,"Meters - Design Capacity:
The meter design capacity represents the available capacity under an assumed set of operating conditions.

General Disclaimer:
All posted capacity is based on Columbia Gulf Transmission, LLC's best estimate.  Actual capacity may vary from the posted quantity depending on operating conditions, including pipeline pressures and flows, and other factors.  Shippers should refer to the weekly capacity postings, or call their Marketing or Customer Service Representative for information on updated postings.

SONAT-SHADYSIDE (4078): The operationally available capacity at the point is 276,153 Dth/d; however, capacity at the point has been set higher within TC eConnects to permit the point operator to allocate the point pursuant to the Pipeline Balancing Agreement. CGT will confirm to match the operator's allocation while staying within the operationally available capacity of 276,153 Dth/d."
"Columbia Gulf Transmission, LLC",ALL,9/28/2026,TIM,007854581        ,14,ALL,9:00 AM,Final,BZ,9/27/2026 5:06 PM,Y,,West Lateral,WLSEG   ,P/L Seg 1,821790,821790,473482,473482,,348308,TD1,,SGQ,Forwardhaul,Total,NET,FTS-1     ,437116,0,"Meters - Design Capacity:
The meter design capacity represents the available capacity under an assumed set of operating conditions.

General Disclaimer:
All posted capacity is based on Columbia Gulf Transmission, LLC's best estimate.  Actual capacity may vary from the posted quantity depending on operating conditions, including pipeline pressures and flows, and other factors.  Shippers should refer to the weekly capacity postings, or call their Marketing or Customer Service Representative for information on updated postings.

SONAT-SHADYSIDE (4078): The operationally available capacity at the point is 276,153 Dth/d; however, capacity at the point has been set higher within TC eConnects to permit the point operator to allocate the point pursuant to the Pipeline Balancing Agreement. CGT will confirm to match the operator's allocation while staying within the operationally available capacity of 276,153 Dth/d."
"Columbia Gulf Transmission, LLC",ALL,9/28/2026,TIM,007854581        ,14,ALL,9:00 AM,Final,BZ,9/27/2026 5:06 PM,Y,,West Lateral,WLSEG   ,P/L Seg 1,821790,821790,473482,473482,,348308,TD1,,SGQ,Forwardhaul,Total,NET,IPP-Gulf  ,36366,0,"Meters - Design Capacity:
The meter design capacity represents the available capacity under an assumed set of operating conditions.

General Disclaimer:
All posted capacity is based on Columbia Gulf Transmission, LLC's best estimate.  Actual capacity may vary from the posted quantity depending on operating conditions, including pipeline pressures and flows, and other factors.  Shippers should refer to the weekly capacity postings, or call their Marketing or Customer Service Representative for information on updated postings.

SONAT-SHADYSIDE (4078): The operationally available capacity at the point is 276,153 Dth/d; however, capacity at the point has been set higher within TC eConnects to permit the point operator to allocate the point pursuant to the Pipeline Balancing Agreement. CGT will confirm to match the operator's allocation while staying within the operationally available capacity of 276,153 Dth/d."
"Columbia Gulf Transmission, LLC",ALL,9/28/2026,TIM,007854581        ,14,ALL,9:00 AM,Final,BZ,9/27/2026 5:06 PM,Y,,West Lateral,WLSEG   ,P/L Seg 1,864200,864200,864200,864200,,0,TD2,Y,SGQ,Backhaul,Total,GROSS,FTS-1     ,814035,0,"Meters - Design Capacity:
The meter design capacity represents the available capacity under an assumed set of operating conditions.

General Disclaimer:
All posted capacity is based on Columbia Gulf Transmission, LLC's best estimate.  Actual capacity may vary from the posted quantity depending on operating conditions, including pipeline pressures and flows, and other factors.  Shippers should refer to the weekly capacity postings, or call their Marketing or Customer Service Representative for information on updated postings.

SONAT-SHADYSIDE (4078): The operationally available capacity at the point is 276,153 Dth/d; however, capacity at the point has been set higher within TC eConnects to permit the point operator to allocate the point pursuant to the Pipeline Balancing Agreement. CGT will confirm to match the operator's allocation while staying within the operationally available capacity of 276,153 Dth/d."
"Columbia Gulf Transmission, LLC",ALL,9/28/2026,TIM,007854581        ,14,ALL,9:00 AM,Final,BZ,9/27/2026 5:06 PM,Y,,West Lateral,WLSEG   ,P/L Seg 1,864200,864200,864200,864200,,0,TD2,Y,SGQ,Backhaul,Total,GROSS,ITS-1     ,50165,0,"Meters - Design Capacity:
The meter design capacity represents the available capacity under an assumed set of operating conditions.

General Disclaimer:
All posted capacity is based on Columbia Gulf Transmission, LLC's best estimate.  Actual capacity may vary from the posted quantity depending on operating conditions, including pipeline pressures and flows, and other factors.  Shippers should refer to the weekly capacity postings, or call their Marketing or Customer Service Representative for information on updated postings.

SONAT-SHADYSIDE (4078): The operationally available capacity at the point is 276,153 Dth/d; however, capacity at the point has been set higher within TC eConnects to permit the point operator to allocate the point pursuant to the Pipeline Balancing Agreement. CGT will confirm to match the operator's allocation while staying within the operationally available capacity of 276,153 Dth/d."
