DATAFLOW,FREQ,REF_AREA,COMMODITY,TRANSACTION,TIME_PERIOD,OBS_VALUE,UNIT_MULT,UNIT_MEASURE,OBS_STATUS,CONVERSION_FACTOR,country
UNSD:DF_UNDATA_ENERGY(1.2),A,156,3000,01,2015,5217842.1,0,TJ,A,1.0,China
UNSD:DF_UNDATA_ENERGY(1.2),A,156,3000,01,2016,5454618.5,0,TJ,A,1.0,China
UNSD:DF_UNDATA_ENERGY(1.2),A,156,3000,01,2017,5953108.3,0,TJ,A,1.0,China
UNSD:DF_UNDATA_ENERGY(1.2),A,156,3000,01,2018,6481248.5,0,TJ,A,1.0,China
UNSD:DF_UNDATA_ENERGY(1.2),A,156,3000,01,2019,7405377.45,0,TJ,A,1.0,China
UNSD:DF_UNDATA_ENERGY(1.2),A,156,3000,01,2020,8119377.33,0,TJ,A,1.0,China
UNSD:DF_UNDATA_ENERGY(1.2),A,156,3000,01,2021,8827137.98,0,TJ,A,1.0,China
UNSD:DF_UNDATA_ENERGY(1.2),A,156,3000,01,2022,9483811.81,0,TJ,A,1.0,China
UNSD:DF_UNDATA_ENERGY(1.2),A,156,3000,01,2023,10148800.75,0,TJ,A,1.0,China
UNSD:DF_UNDATA_ENERGY(1.2),A,156,3000,03,2015,2385743.94,0,TJ,A,1.0,China
UNSD:DF_UNDATA_ENERGY(1.2),A,156,3000,03,2016,2910966.6,0,TJ,A,1.0,China
UNSD:DF_UNDATA_ENERGY(1.2),A,156,3000,03,2017,3691386.6,0,TJ,A,1.0,China
UNSD:DF_UNDATA_ENERGY(1.2),A,156,3000,03,2018,4862016.6,0,TJ,A,1.0,China
UNSD:DF_UNDATA_ENERGY(1.2),A,156,3000,03,2019,4966954.28,0,TJ,A,1.0,China
UNSD:DF_UNDATA_ENERGY(1.2),A,156,3000,03,2020,5210322.44,0,TJ,A,1.0,China
UNSD:DF_UNDATA_ENERGY(1.2),A,156,3000,03,2021,6241752.95,0,TJ,A,1.0,China
UNSD:DF_UNDATA_ENERGY(1.2),A,156,3000,03,2022,5618312.23,0,TJ,A,1.0,China
UNSD:DF_UNDATA_ENERGY(1.2),A,156,3000,03,2023,6168520.8,0,TJ,A,1.0,China
UNSD:DF_UNDATA_ENERGY(1.2),A,156,3000,08811,2019,1579195.27,0,TJ,A,1.0,China
UNSD:DF_UNDATA_ENERGY(1.2),A,156,3000,08811,2020,1714348.08,0,TJ,A,1.0,China
UNSD:DF_UNDATA_ENERGY(1.2),A,156,3000,08811,2021,1909111.22,0,TJ,A,1.0,China
UNSD:DF_UNDATA_ENERGY(1.2),A,156,3000,08811,2022,1856911.33,0,TJ,A,1.0,China
UNSD:DF_UNDATA_ENERGY(1.2),A,156,3000,08811,2023,2084688.79,0,TJ,A,1.0,China
UNSD:DF_UNDATA_ENERGY(1.2),A,156,3000,08812,2015,1471872.12,0,TJ,E,1.0,China
UNSD:DF_UNDATA_ENERGY(1.2),A,156,3000,08812,2016,1724728.2,0,TJ,E,1.0,China
UNSD:DF_UNDATA_ENERGY(1.2),A,156,3000,08812,2017,1863642.96,0,TJ,E,1.0,China
UNSD:DF_UNDATA_ENERGY(1.2),A,156,3000,08812,2018,2155129.83,0,TJ,A,1.0,China
UNSD:DF_UNDATA_ENERGY(1.2),A,156,3000,121,2015,2061089.22,0,TJ,A,1.0,China
UNSD:DF_UNDATA_ENERGY(1.2),A,156,3000,121,2016,2258925.6900000004,0,TJ,A,1.0,China
UNSD:DF_UNDATA_ENERGY(1.2),A,156,3000,121,2017,2862580.56,0,TJ,A,1.0,China
UNSD:DF_UNDATA_ENERGY(1.2),A,156,3000,121,2018,3988726.62,0,TJ,A,1.0,China
UNSD:DF_UNDATA_ENERGY(1.2),A,156,3000,121,2019,4235308.24,0,TJ,A,1.0,China
UNSD:DF_UNDATA_ENERGY(1.2),A,156,3000,121,2020,4607408.53,0,TJ,A,1.0,China
UNSD:DF_UNDATA_ENERGY(1.2),A,156,3000,121,2021,5538632.77,0,TJ,A,1.0,China
UNSD:DF_UNDATA_ENERGY(1.2),A,156,3000,121,2022,5288535.5200000005,0,TJ,A,1.0,China
UNSD:DF_UNDATA_ENERGY(1.2),A,156,3000,121,2023,5862418.13,0,TJ,A,1.0,China
UNSD:DF_UNDATA_ENERGY(1.2),A,156,3000,1211,2015,171302.19,0,TJ,A,1.0,China
UNSD:DF_UNDATA_ENERGY(1.2),A,156,3000,1211,2016,204470.04,0,TJ,A,1.0,China
UNSD:DF_UNDATA_ENERGY(1.2),A,156,3000,1211,2017,230614.11,0,TJ,A,1.0,China
UNSD:DF_UNDATA_ENERGY(1.2),A,156,3000,1211,2018,430011.42,0,TJ,A,1.0,China
UNSD:DF_UNDATA_ENERGY(1.2),A,156,3000,1211,2019,510761.13,0,TJ,A,1.0,China
UNSD:DF_UNDATA_ENERGY(1.2),A,156,3000,1211,2020,536384.83,0,TJ,A,1.0,China
UNSD:DF_UNDATA_ENERGY(1.2),A,156,3000,1211,2021,577043.76,0,TJ,A,1.0,China
UNSD:DF_UNDATA_ENERGY(1.2),A,156,3000,1211,2022,546053.64,0,TJ,A,1.0,China
UNSD:DF_UNDATA_ENERGY(1.2),A,156,3000,1211,2023,596396.64,0,TJ,A,1.0,China
UNSD:DF_UNDATA_ENERGY(1.2),A,156,3000,1213,2015,794077.35,0,TJ,A,1.0,China
UNSD:DF_UNDATA_ENERGY(1.2),A,156,3000,1213,2016,741008.79,0,TJ,A,1.0,China
UNSD:DF_UNDATA_ENERGY(1.2),A,156,3000,1213,2017,894361.32,0,TJ,A,1.0,China
UNSD:DF_UNDATA_ENERGY(1.2),A,156,3000,1213,2018,1061371.2,0,TJ,A,1.0,China
UNSD:DF_UNDATA_ENERGY(1.2),A,156,3000,1213,2019,1138993.61,0,TJ,A,1.0,China
UNSD:DF_UNDATA_ENERGY(1.2),A,156,3000,1213,2020,1222784.8,0,TJ,A,1.0,China
UNSD:DF_UNDATA_ENERGY(1.2),A,156,3000,1213,2021,1467369.39,0,TJ,A,1.0,China
UNSD:DF_UNDATA_ENERGY(1.2),A,156,3000,1213,2022,1400081.82,0,TJ,A,1.0,China
UNSD:DF_UNDATA_ENERGY(1.2),A,156,3000,1213,2023,1348621.09,0,TJ,A,1.0,China
UNSD:DF_UNDATA_ENERGY(1.2),A,156,3000,1214A,2019,211889.09,0,TJ,A,1.0,China
UNSD:DF_UNDATA_ENERGY(1.2),A,156,3000,1214A,2020,197533.44,0,TJ,A,1.0,China
UNSD:DF_UNDATA_ENERGY(1.2),A,156,3000,1214A,2021,248169.71,0,TJ,A,1.0,China
UNSD:DF_UNDATA_ENERGY(1.2),A,156,3000,1214A,2022,286721.39,0,TJ,A,1.0,China
UNSD:DF_UNDATA_ENERGY(1.2),A,156,3000,1214A,2023,286807.36,0,TJ,A,1.0,China
UNSD:DF_UNDATA_ENERGY(1.2),A,156,3000,1214B,2019,665477.19,0,TJ,A,1.0,China
UNSD:DF_UNDATA_ENERGY(1.2),A,156,3000,1214B,2020,844457.61,0,TJ,A,1.0,China
UNSD:DF_UNDATA_ENERGY(1.2),A,156,3000,1214B,2021,1082822.79,0,TJ,A,1.0,China
UNSD:DF_UNDATA_ENERGY(1.2),A,156,3000,1214B,2022,969709.68,0,TJ,A,1.0,China
UNSD:DF_UNDATA_ENERGY(1.2),A,156,3000,1214B,2023,1367555.65,0,TJ,A,1.0,China
UNSD:DF_UNDATA_ENERGY(1.2),A,156,3000,1214C,2019,181564.21,0,TJ,A,1.0,China
UNSD:DF_UNDATA_ENERGY(1.2),A,156,3000,1214C,2020,191928.47,0,TJ,A,1.0,China
UNSD:DF_UNDATA_ENERGY(1.2),A,156,3000,1214C,2021,237884.5,0,TJ,A,1.0,China
UNSD:DF_UNDATA_ENERGY(1.2),A,156,3000,1214C,2022,246467.69,0,TJ,A,1.0,China
UNSD:DF_UNDATA_ENERGY(1.2),A,156,3000,1214C,2023,222229.42,0,TJ,A,1.0,China
UNSD:DF_UNDATA_ENERGY(1.2),A,156,3000,1214D,2019,334161.41,0,TJ,A,1.0,China
UNSD:DF_UNDATA_ENERGY(1.2),A,156,3000,1214D,2020,316603.41,0,TJ,A,1.0,China
UNSD:DF_UNDATA_ENERGY(1.2),A,156,3000,1214D,2021,379215.41,0,TJ,A,1.0,China
UNSD:DF_UNDATA_ENERGY(1.2),A,156,3000,1214D,2022,454634.25,0,TJ,A,1.0,China
UNSD:DF_UNDATA_ENERGY(1.2),A,156,3000,1214D,2023,523845.69,0,TJ,A,1.0,China
UNSD:DF_UNDATA_ENERGY(1.2),A,156,3000,1214E,2019,15129.67,0,TJ,A,1.0,China
UNSD:DF_UNDATA_ENERGY(1.2),A,156,3000,1214E,2020,23382.48,0,TJ,A,1.0,China
UNSD:DF_UNDATA_ENERGY(1.2),A,156,3000,1214E,2021,30058.09,0,TJ,A,1.0,China
UNSD:DF_UNDATA_ENERGY(1.2),A,156,3000,1214E,2022,24537.83,0,TJ,A,1.0,China
UNSD:DF_UNDATA_ENERGY(1.2),A,156,3000,1214E,2023,48830.32,0,TJ,A,1.0,China
UNSD:DF_UNDATA_ENERGY(1.2),A,156,3000,1214F,2019,273489.53,0,TJ,A,1.0,China
UNSD:DF_UNDATA_ENERGY(1.2),A,156,3000,1214F,2020,268956.6,0,TJ,A,1.0,China
UNSD:DF_UNDATA_ENERGY(1.2),A,156,3000,1214F,2021,316440.2,0,TJ,A,1.0,China
UNSD:DF_UNDATA_ENERGY(1.2),A,156,3000,1214F,2022,357831.42,0,TJ,A,1.0,China
UNSD:DF_UNDATA_ENERGY(1.2),A,156,3000,1214F,2023,359906.0,0,TJ,A,1.0,China
UNSD:DF_UNDATA_ENERGY(1.2),A,156,3000,1214G,2019,100423.12,0,TJ,A,1.0,China
UNSD:DF_UNDATA_ENERGY(1.2),A,156,3000,1214G,2020,96794.36,0,TJ,A,1.0,China
UNSD:DF_UNDATA_ENERGY(1.2),A,156,3000,1214G,2021,102755.3,0,TJ,A,1.0,China
UNSD:DF_UNDATA_ENERGY(1.2),A,156,3000,1214G,2022,89738.16,0,TJ,A,1.0,China
UNSD:DF_UNDATA_ENERGY(1.2),A,156,3000,1214G,2023,107665.1,0,TJ,A,1.0,China
UNSD:DF_UNDATA_ENERGY(1.2),A,156,3000,1214H,2019,16980.32,0,TJ,A,1.0,China
UNSD:DF_UNDATA_ENERGY(1.2),A,156,3000,1214H,2020,17899.06,0,TJ,A,1.0,China
UNSD:DF_UNDATA_ENERGY(1.2),A,156,3000,1214H,2021,20250.14,0,TJ,A,1.0,China
UNSD:DF_UNDATA_ENERGY(1.2),A,156,3000,1214H,2022,23298.83,0,TJ,A,1.0,China
UNSD:DF_UNDATA_ENERGY(1.2),A,156,3000,1214H,2023,21519.62,0,TJ,A,1.0,China
UNSD:DF_UNDATA_ENERGY(1.2),A,156,3000,1214I,2019,20172.29,0,TJ,A,1.0,China
UNSD:DF_UNDATA_ENERGY(1.2),A,156,3000,1214I,2020,18782.28,0,TJ,A,1.0,China
UNSD:DF_UNDATA_ENERGY(1.2),A,156,3000,1214I,2021,22763.8,0,TJ,A,1.0,China
UNSD:DF_UNDATA_ENERGY(1.2),A,156,3000,1214I,2022,28215.95,0,TJ,A,1.0,China
UNSD:DF_UNDATA_ENERGY(1.2),A,156,3000,1214I,2023,28704.82,0,TJ,A,1.0,China
UNSD:DF_UNDATA_ENERGY(1.2),A,156,3000,1214J,2019,215728.18,0,TJ,A,1.0,China
UNSD:DF_UNDATA_ENERGY(1.2),A,156,3000,1214J,2020,243495.12,0,TJ,A,1.0,China
UNSD:DF_UNDATA_ENERGY(1.2),A,156,3000,1214J,2021,320930.28,0,TJ,A,1.0,China
UNSD:DF_UNDATA_ENERGY(1.2),A,156,3000,1214J,2022,231911.5,0,TJ,A,1.0,China
UNSD:DF_UNDATA_ENERGY(1.2),A,156,3000,1214J,2023,234805.3,0,TJ,A,1.0,China
UNSD:DF_UNDATA_ENERGY(1.2),A,156,3000,1214O,2015,1095709.68,0,TJ,A,1.0,China
UNSD:DF_UNDATA_ENERGY(1.2),A,156,3000,1214O,2016,1313446.86,0,TJ,A,1.0,China
UNSD:DF_UNDATA_ENERGY(1.2),A,156,3000,1214O,2017,1737605.13,0,TJ,A,1.0,China
UNSD:DF_UNDATA_ENERGY(1.2),A,156,3000,1214O,2018,2497344.0,0,TJ,A,1.0,China
UNSD:DF_UNDATA_ENERGY(1.2),A,156,3000,1214O,2019,550538.49,0,TJ,A,1.0,China
UNSD:DF_UNDATA_ENERGY(1.2),A,156,3000,1214O,2020,628406.07,0,TJ,A,1.0,China
UNSD:DF_UNDATA_ENERGY(1.2),A,156,3000,1214O,2021,732929.4,0,TJ,A,1.0,China
UNSD:DF_UNDATA_ENERGY(1.2),A,156,3000,1214O,2022,629333.36,0,TJ,A,1.0,China
UNSD:DF_UNDATA_ENERGY(1.2),A,156,3000,1214O,2023,715531.12,0,TJ,A,1.0,China
UNSD:DF_UNDATA_ENERGY(1.2),A,156,3000,GA,2015,7490346.789999999,0,TJ,A,1.0,China
UNSD:DF_UNDATA_ENERGY(1.2),A,156,3000,GA,2016,8311678.699999999,0,TJ,A,1.0,China
UNSD:DF_UNDATA_ENERGY(1.2),A,156,3000,GA,2017,9646668.77,0,TJ,A,1.0,China
UNSD:DF_UNDATA_ENERGY(1.2),A,156,3000,GA,2018,11394049.54,0,TJ,A,1.0,China
UNSD:DF_UNDATA_ENERGY(1.2),A,156,3000,GA,2019,12237999.8,0,TJ,A,1.0,China
UNSD:DF_UNDATA_ENERGY(1.2),A,156,3000,GA,2020,13137219.98,0,TJ,A,1.0,China
UNSD:DF_UNDATA_ENERGY(1.2),A,156,3000,GA,2021,14863103.63,0,TJ,A,1.0,China
UNSD:DF_UNDATA_ENERGY(1.2),A,156,3000,GA,2022,14866597.34,0,TJ,A,1.0,China
UNSD:DF_UNDATA_ENERGY(1.2),A,156,3000,GA,2023,16005527.17,0,TJ,A,1.0,China
UNSD:DF_UNDATA_ENERGY(1.2),A,392,121,03,2015,46838.0,3,TN,A,28.2,Japan
UNSD:DF_UNDATA_ENERGY(1.2),A,392,121,03,2016,48293.0,3,TN,A,28.2,Japan
UNSD:DF_UNDATA_ENERGY(1.2),A,392,121,03,2017,47347.402,3,TN,A,28.2,Japan
UNSD:DF_UNDATA_ENERGY(1.2),A,392,121,03,2018,46722.452,3,TN,A,28.2,Japan
UNSD:DF_UNDATA_ENERGY(1.2),A,392,121,03,2019,46512.518,3,TN,A,28.2,Japan
UNSD:DF_UNDATA_ENERGY(1.2),A,392,121,03,2020,42287.643,3,TN,A,28.2,Japan
UNSD:DF_UNDATA_ENERGY(1.2),A,392,121,03,2021,43803.427,3,TN,A,28.2,Japan
UNSD:DF_UNDATA_ENERGY(1.2),A,392,121,03,2022,41291.454,3,TN,A,28.2,Japan
UNSD:DF_UNDATA_ENERGY(1.2),A,392,121,03,2023,39681.597,3,TN,A,28.2,Japan
UNSD:DF_UNDATA_ENERGY(1.2),A,392,121,081,2015,32858.0,3,TN,A,28.2,Japan
UNSD:DF_UNDATA_ENERGY(1.2),A,392,121,081,2016,33816.0,3,TN,A,28.2,Japan
UNSD:DF_UNDATA_ENERGY(1.2),A,392,121,081,2017,32820.721,3,TN,A,28.2,Japan
UNSD:DF_UNDATA_ENERGY(1.2),A,392,121,081,2018,33684.522,3,TN,A,28.2,Japan
UNSD:DF_UNDATA_ENERGY(1.2),A,392,121,081,2019,33551.033,3,TN,A,28.2,Japan
UNSD:DF_UNDATA_ENERGY(1.2),A,392,121,081,2020,32249.635,3,TN,A,28.2,Japan
UNSD:DF_UNDATA_ENERGY(1.2),A,392,121,081,2021,30737.24,3,TN,A,28.2,Japan
UNSD:DF_UNDATA_ENERGY(1.2),A,392,121,081,2022,30218.854,3,TN,A,28.2,Japan
UNSD:DF_UNDATA_ENERGY(1.2),A,392,121,081,2023,27936.087,3,TN,A,28.2,Japan
UNSD:DF_UNDATA_ENERGY(1.2),A,392,121,121,2015,0.0,3,TN,A,28.2,Japan
UNSD:DF_UNDATA_ENERGY(1.2),A,392,121,121,2016,0.0,3,TN,A,28.2,Japan
UNSD:DF_UNDATA_ENERGY(1.2),A,392,121,121,2017,0.0,3,TN,A,28.2,Japan
UNSD:DF_UNDATA_ENERGY(1.2),A,392,121,121,2018,0.007,3,TN,A,28.2,Japan
UNSD:DF_UNDATA_ENERGY(1.2),A,392,121,121,2019,0.001,3,TN,A,28.2,Japan
UNSD:DF_UNDATA_ENERGY(1.2),A,392,121,121,2020,2.858,3,TN,A,28.2,Japan
UNSD:DF_UNDATA_ENERGY(1.2),A,392,121,121,2021,5.782,3,TN,A,28.2,Japan
UNSD:DF_UNDATA_ENERGY(1.2),A,392,121,121,2022,15.377,3,TN,A,28.2,Japan
UNSD:DF_UNDATA_ENERGY(1.2),A,392,121,121,2023,15.4,3,TN,A,28.2,Japan
UNSD:DF_UNDATA_ENERGY(1.2),A,392,121,1211,2015,0.0,3,TN,A,28.2,Japan
UNSD:DF_UNDATA_ENERGY(1.2),A,392,121,1211,2016,0.0,3,TN,A,28.2,Japan
UNSD:DF_UNDATA_ENERGY(1.2),A,392,121,1211,2017,0.0,3,TN,A,28.2,Japan
UNSD:DF_UNDATA_ENERGY(1.2),A,392,121,1211,2018,0.007,3,TN,A,28.2,Japan
UNSD:DF_UNDATA_ENERGY(1.2),A,392,121,1211,2019,0.001,3,TN,A,28.2,Japan
UNSD:DF_UNDATA_ENERGY(1.2),A,392,121,1211,2020,2.858,3,TN,A,28.2,Japan
UNSD:DF_UNDATA_ENERGY(1.2),A,392,121,1211,2021,5.782,3,TN,A,28.2,Japan
UNSD:DF_UNDATA_ENERGY(1.2),A,392,121,1211,2022,15.377,3,TN,A,28.2,Japan
UNSD:DF_UNDATA_ENERGY(1.2),A,392,121,1211,2023,15.4,3,TN,A,28.2,Japan
UNSD:DF_UNDATA_ENERGY(1.2),A,392,121,GA,2015,46838.0,3,TN,A,28.2,Japan
UNSD:DF_UNDATA_ENERGY(1.2),A,392,121,GA,2016,48293.0,3,TN,A,28.2,Japan
UNSD:DF_UNDATA_ENERGY(1.2),A,392,121,GA,2017,47347.402,3,TN,A,28.2,Japan
UNSD:DF_UNDATA_ENERGY(1.2),A,392,121,GA,2018,46722.452,3,TN,A,28.2,Japan
UNSD:DF_UNDATA_ENERGY(1.2),A,392,121,GA,2019,46512.518,3,TN,A,28.2,Japan
UNSD:DF_UNDATA_ENERGY(1.2),A,392,121,GA,2020,42287.643,3,TN,A,28.2,Japan
UNSD:DF_UNDATA_ENERGY(1.2),A,392,121,GA,2021,43803.427,3,TN,A,28.2,Japan
UNSD:DF_UNDATA_ENERGY(1.2),A,392,121,GA,2022,41291.454,3,TN,A,28.2,Japan
UNSD:DF_UNDATA_ENERGY(1.2),A,392,121,GA,2023,39681.597,3,TN,A,28.2,Japan
UNSD:DF_UNDATA_ENERGY(1.2),A,392,129,01,2015,1265.0,3,TN,A,25.8,Japan
UNSD:DF_UNDATA_ENERGY(1.2),A,392,129,01,2016,1288.0,3,TN,A,25.8,Japan
UNSD:DF_UNDATA_ENERGY(1.2),A,392,129,01,2017,1327.897,3,TN,A,25.8,Japan
UNSD:DF_UNDATA_ENERGY(1.2),A,392,129,01,2018,963.679,3,TN,A,25.8,Japan
UNSD:DF_UNDATA_ENERGY(1.2),A,392,129,01,2019,775.116,3,TN,A,25.8,Japan
UNSD:DF_UNDATA_ENERGY(1.2),A,392,129,01,2020,747.958,3,TN,A,25.8,Japan
UNSD:DF_UNDATA_ENERGY(1.2),A,392,129,01,2021,659.479,3,TN,A,25.8,Japan
UNSD:DF_UNDATA_ENERGY(1.2),A,392,129,01,2022,680.139,3,TN,A,25.8,Japan
UNSD:DF_UNDATA_ENERGY(1.2),A,392,129,01,2023,623.45,3,TN,A,25.8,Japan
UNSD:DF_UNDATA_ENERGY(1.2),A,392,129,03,2015,138283.0,3,TN,A,25.8,Japan
UNSD:DF_UNDATA_ENERGY(1.2),A,392,129,03,2016,135362.0,3,TN,A,25.8,Japan
UNSD:DF_UNDATA_ENERGY(1.2),A,392,129,03,2017,137749.339,3,TN,A,25.8,Japan
UNSD:DF_UNDATA_ENERGY(1.2),A,392,129,03,2018,135878.452,3,TN,A,25.8,Japan
UNSD:DF_UNDATA_ENERGY(1.2),A,392,129,03,2019,134249.783,3,TN,A,25.8,Japan
UNSD:DF_UNDATA_ENERGY(1.2),A,392,129,03,2020,125246.574,3,TN,A,25.8,Japan
UNSD:DF_UNDATA_ENERGY(1.2),A,392,129,03,2021,133775.389,3,TN,A,25.8,Japan
UNSD:DF_UNDATA_ENERGY(1.2),A,392,129,03,2022,134778.834,3,TN,A,25.8,Japan
UNSD:DF_UNDATA_ENERGY(1.2),A,392,129,03,2023,119942.787,3,TN,A,25.8,Japan
UNSD:DF_UNDATA_ENERGY(1.2),A,392,129,081,2015,8216.0,3,TN,A,25.8,Japan
UNSD:DF_UNDATA_ENERGY(1.2),A,392,129,081,2016,8950.0,3,TN,A,25.8,Japan
UNSD:DF_UNDATA_ENERGY(1.2),A,392,129,081,2017,9058.306,3,TN,A,25.8,Japan
UNSD:DF_UNDATA_ENERGY(1.2),A,392,129,081,2018,8403.988,3,TN,A,25.8,Japan
UNSD:DF_UNDATA_ENERGY(1.2),A,392,129,081,2019,8093.12,3,TN,A,25.8,Japan
UNSD:DF_UNDATA_ENERGY(1.2),A,392,129,081,2020,4940.051,3,TN,A,25.8,Japan
UNSD:DF_UNDATA_ENERGY(1.2),A,392,129,081,2021,7540.936,3,TN,A,25.8,Japan
UNSD:DF_UNDATA_ENERGY(1.2),A,392,129,081,2022,7918.091,3,TN,A,25.8,Japan
UNSD:DF_UNDATA_ENERGY(1.2),A,392,129,081,2023,8325.583,3,TN,A,25.8,Japan
UNSD:DF_UNDATA_ENERGY(1.2),A,392,129,08811,2015,93800.0,3,TN,A,25.8,Japan
UNSD:DF_UNDATA_ENERGY(1.2),A,392,129,08811,2016,105074.0,3,TN,A,25.8,Japan
UNSD:DF_UNDATA_ENERGY(1.2),A,392,129,08811,2017,108482.784,3,TN,A,25.8,Japan
UNSD:DF_UNDATA_ENERGY(1.2),A,392,129,08811,2018,104030.284,3,TN,A,25.8,Japan
UNSD:DF_UNDATA_ENERGY(1.2),A,392,129,08811,2019,103007.494,3,TN,A,25.8,Japan
UNSD:DF_UNDATA_ENERGY(1.2),A,392,129,08811,2020,100818.875,3,TN,A,25.8,Japan
UNSD:DF_UNDATA_ENERGY(1.2),A,392,129,08811,2021,103659.491,3,TN,A,25.8,Japan
UNSD:DF_UNDATA_ENERGY(1.2),A,392,129,08811,2022,104029.815,3,TN,A,25.8,Japan
UNSD:DF_UNDATA_ENERGY(1.2),A,392,129,08811,2023,97213.528,3,TN,A,25.8,Japan
UNSD:DF_UNDATA_ENERGY(1.2),A,392,129,08812,2015,19369.0,3,TN,A,25.8,Japan
UNSD:DF_UNDATA_ENERGY(1.2),A,392,129,08812,2016,7769.0,3,TN,A,25.8,Japan
UNSD:DF_UNDATA_ENERGY(1.2),A,392,129,08812,2017,6397.404,3,TN,A,25.8,Japan
UNSD:DF_UNDATA_ENERGY(1.2),A,392,129,08812,2018,6756.225,3,TN,A,25.8,Japan
UNSD:DF_UNDATA_ENERGY(1.2),A,392,129,08812,2019,6759.594,3,TN,A,25.8,Japan
UNSD:DF_UNDATA_ENERGY(1.2),A,392,129,08812,2020,6583.186,3,TN,A,25.8,Japan
UNSD:DF_UNDATA_ENERGY(1.2),A,392,129,08812,2021,6680.629,3,TN,A,25.8,Japan
UNSD:DF_UNDATA_ENERGY(1.2),A,392,129,08812,2022,5292.959,3,TN,A,25.8,Japan
UNSD:DF_UNDATA_ENERGY(1.2),A,392,129,08812,2023,4796.666,3,TN,A,25.8,Japan
UNSD:DF_UNDATA_ENERGY(1.2),A,392,129,121,2015,16888.0,3,TN,A,25.8,Japan
UNSD:DF_UNDATA_ENERGY(1.2),A,392,129,121,2016,16151.0,3,TN,A,25.8,Japan
UNSD:DF_UNDATA_ENERGY(1.2),A,392,129,121,2017,16586.954,3,TN,A,25.8,Japan
UNSD:DF_UNDATA_ENERGY(1.2),A,392,129,121,2018,16282.408,3,TN,A,25.8,Japan
UNSD:DF_UNDATA_ENERGY(1.2),A,392,129,121,2019,15639.690000000002,3,TN,A,25.8,Japan
UNSD:DF_UNDATA_ENERGY(1.2),A,392,129,121,2020,14529.597000000002,3,TN,A,25.8,Japan
UNSD:DF_UNDATA_ENERGY(1.2),A,392,129,121,2021,14989.701,3,TN,A,25.8,Japan
UNSD:DF_UNDATA_ENERGY(1.2),A,392,129,121,2022,13465.503,3,TN,A,25.8,Japan
UNSD:DF_UNDATA_ENERGY(1.2),A,392,129,121,2023,11968.317,3,TN,A,25.8,Japan
UNSD:DF_UNDATA_ENERGY(1.2),A,392,129,1211,2015,4155.0,3,TN,A,25.8,Japan
UNSD:DF_UNDATA_ENERGY(1.2),A,392,129,1211,2016,3890.0,3,TN,A,25.8,Japan
UNSD:DF_UNDATA_ENERGY(1.2),A,392,129,1211,2017,3895.45,3,TN,A,25.8,Japan
UNSD:DF_UNDATA_ENERGY(1.2),A,392,129,1211,2018,3814.133,3,TN,A,25.8,Japan
UNSD:DF_UNDATA_ENERGY(1.2),A,392,129,1211,2019,3829.951,3,TN,A,25.8,Japan
UNSD:DF_UNDATA_ENERGY(1.2),A,392,129,1211,2020,3380.379,3,TN,A,25.8,Japan
UNSD:DF_UNDATA_ENERGY(1.2),A,392,129,1211,2021,3783.089,3,TN,A,25.8,Japan
UNSD:DF_UNDATA_ENERGY(1.2),A,392,129,1211,2022,3418.761,3,TN,A,25.8,Japan
UNSD:DF_UNDATA_ENERGY(1.2),A,392,129,1211,2023,2894.504,3,TN,A,25.8,Japan
UNSD:DF_UNDATA_ENERGY(1.2),A,392,129,1213,2015,4398.0,3,TN,A,25.8,Japan
UNSD:DF_UNDATA_ENERGY(1.2),A,392,129,1213,2016,4246.0,3,TN,A,25.8,Japan
UNSD:DF_UNDATA_ENERGY(1.2),A,392,129,1213,2017,4350.269,3,TN,A,25.8,Japan
UNSD:DF_UNDATA_ENERGY(1.2),A,392,129,1213,2018,4359.751,3,TN,A,25.8,Japan
UNSD:DF_UNDATA_ENERGY(1.2),A,392,129,1213,2019,4312.041,3,TN,A,25.8,Japan
UNSD:DF_UNDATA_ENERGY(1.2),A,392,129,1213,2020,3959.271,3,TN,A,25.8,Japan
UNSD:DF_UNDATA_ENERGY(1.2),A,392,129,1213,2021,4154.197,3,TN,A,25.8,Japan
UNSD:DF_UNDATA_ENERGY(1.2),A,392,129,1213,2022,3875.541,3,TN,A,25.8,Japan
UNSD:DF_UNDATA_ENERGY(1.2),A,392,129,1213,2023,3529.002,3,TN,A,25.8,Japan
UNSD:DF_UNDATA_ENERGY(1.2),A,392,129,1214A,2015,88.0,3,TN,A,25.8,Japan
UNSD:DF_UNDATA_ENERGY(1.2),A,392,129,1214A,2016,82.0,3,TN,A,25.8,Japan
UNSD:DF_UNDATA_ENERGY(1.2),A,392,129,1214A,2017,72.262,3,TN,A,25.8,Japan
UNSD:DF_UNDATA_ENERGY(1.2),A,392,129,1214A,2018,52.314,3,TN,A,25.8,Japan
UNSD:DF_UNDATA_ENERGY(1.2),A,392,129,1214A,2019,51.859,3,TN,A,25.8,Japan
UNSD:DF_UNDATA_ENERGY(1.2),A,392,129,1214A,2020,54.658,3,TN,A,25.8,Japan
UNSD:DF_UNDATA_ENERGY(1.2),A,392,129,1214A,2021,53.496,3,TN,A,25.8,Japan
UNSD:DF_UNDATA_ENERGY(1.2),A,392,129,1214A,2022,37.458,3,TN,A,25.8,Japan
UNSD:DF_UNDATA_ENERGY(1.2),A,392,129,1214A,2023,45.349,3,TN,A,25.8,Japan
UNSD:DF_UNDATA_ENERGY(1.2),A,392,129,1214B,2015,5173.0,3,TN,A,25.8,Japan
UNSD:DF_UNDATA_ENERGY(1.2),A,392,129,1214B,2016,5105.0,3,TN,A,25.8,Japan
UNSD:DF_UNDATA_ENERGY(1.2),A,392,129,1214B,2017,5280.066,3,TN,A,25.8,Japan
UNSD:DF_UNDATA_ENERGY(1.2),A,392,129,1214B,2018,5162.257,3,TN,A,25.8,Japan
UNSD:DF_UNDATA_ENERGY(1.2),A,392,129,1214B,2019,4811.013,3,TN,A,25.8,Japan
UNSD:DF_UNDATA_ENERGY(1.2),A,392,129,1214B,2020,4712.399,3,TN,A,25.8,Japan
UNSD:DF_UNDATA_ENERGY(1.2),A,392,129,1214B,2021,4590.938,3,TN,A,25.8,Japan
UNSD:DF_UNDATA_ENERGY(1.2),A,392,129,1214B,2022,4209.812,3,TN,A,25.8,Japan
UNSD:DF_UNDATA_ENERGY(1.2),A,392,129,1214B,2023,3716.174,3,TN,A,25.8,Japan
UNSD:DF_UNDATA_ENERGY(1.2),A,392,129,1214C,2015,3.0,3,TN,A,25.8,Japan
UNSD:DF_UNDATA_ENERGY(1.2),A,392,129,1214C,2016,7.0,3,TN,A,25.8,Japan
UNSD:DF_UNDATA_ENERGY(1.2),A,392,129,1214C,2017,7.253,3,TN,A,25.8,Japan
UNSD:DF_UNDATA_ENERGY(1.2),A,392,129,1214C,2018,10.021,3,TN,A,25.8,Japan
UNSD:DF_UNDATA_ENERGY(1.2),A,392,129,1214C,2019,8.12,3,TN,A,25.8,Japan
UNSD:DF_UNDATA_ENERGY(1.2),A,392,129,1214D,2017,0.11,3,TN,A,25.8,Japan
UNSD:DF_UNDATA_ENERGY(1.2),A,392,129,1214D,2018,0.118,3,TN,A,25.8,Japan
UNSD:DF_UNDATA_ENERGY(1.2),A,392,129,1214D,2019,0.004,3,TN,A,25.8,Japan
UNSD:DF_UNDATA_ENERGY(1.2),A,392,129,1214D,2020,0.033,3,TN,A,25.8,Japan
UNSD:DF_UNDATA_ENERGY(1.2),A,392,129,1214E,2015,1.0,3,TN,A,25.8,Japan
UNSD:DF_UNDATA_ENERGY(1.2),A,392,129,1214E,2016,0.0,3,TN,A,25.8,Japan
UNSD:DF_UNDATA_ENERGY(1.2),A,392,129,1214E,2017,0.008,3,TN,A,25.8,Japan
UNSD:DF_UNDATA_ENERGY(1.2),A,392,129,1214F,2015,12.0,3,TN,A,25.8,Japan
UNSD:DF_UNDATA_ENERGY(1.2),A,392,129,1214F,2016,7.0,3,TN,A,25.8,Japan
UNSD:DF_UNDATA_ENERGY(1.2),A,392,129,1214F,2017,1.434,3,TN,A,25.8,Japan
UNSD:DF_UNDATA_ENERGY(1.2),A,392,129,1214F,2018,1.053,3,TN,A,25.8,Japan
UNSD:DF_UNDATA_ENERGY(1.2),A,392,129,1214F,2019,1.13,3,TN,A,25.8,Japan
UNSD:DF_UNDATA_ENERGY(1.2),A,392,129,1214F,2020,0.941,3,TN,A,25.8,Japan
UNSD:DF_UNDATA_ENERGY(1.2),A,392,129,1214F,2021,0.967,3,TN,A,25.8,Japan
UNSD:DF_UNDATA_ENERGY(1.2),A,392,129,1214F,2022,0.15,3,TN,A,25.8,Japan
UNSD:DF_UNDATA_ENERGY(1.2),A,392,129,1214F,2023,0.15,3,TN,A,25.8,Japan
UNSD:DF_UNDATA_ENERGY(1.2),A,392,129,1214G,2015,3029.0,3,TN,A,25.8,Japan
UNSD:DF_UNDATA_ENERGY(1.2),A,392,129,1214G,2016,2809.0,3,TN,A,25.8,Japan
UNSD:DF_UNDATA_ENERGY(1.2),A,392,129,1214G,2017,2957.72,3,TN,A,25.8,Japan
UNSD:DF_UNDATA_ENERGY(1.2),A,392,129,1214G,2018,2882.761,3,TN,A,25.8,Japan
UNSD:DF_UNDATA_ENERGY(1.2),A,392,129,1214G,2019,2614.092,3,TN,A,25.8,Japan
UNSD:DF_UNDATA_ENERGY(1.2),A,392,129,1214G,2020,2419.81,3,TN,A,25.8,Japan
UNSD:DF_UNDATA_ENERGY(1.2),A,392,129,1214G,2021,2394.537,3,TN,A,25.8,Japan
UNSD:DF_UNDATA_ENERGY(1.2),A,392,129,1214G,2022,1907.289,3,TN,A,25.8,Japan
UNSD:DF_UNDATA_ENERGY(1.2),A,392,129,1214G,2023,1766.664,3,TN,A,25.8,Japan
UNSD:DF_UNDATA_ENERGY(1.2),A,392,129,1214J,2015,11.0,3,TN,A,25.8,Japan
UNSD:DF_UNDATA_ENERGY(1.2),A,392,129,1214J,2016,5.0,3,TN,A,25.8,Japan
UNSD:DF_UNDATA_ENERGY(1.2),A,392,129,1214J,2017,0.0,3,TN,A,25.8,Japan
UNSD:DF_UNDATA_ENERGY(1.2),A,392,129,1214O,2015,18.0,3,TN,A,25.8,Japan
UNSD:DF_UNDATA_ENERGY(1.2),A,392,129,1214O,2017,22.382,3,TN,A,25.8,Japan
UNSD:DF_UNDATA_ENERGY(1.2),A,392,129,1214O,2019,11.48,3,TN,A,25.8,Japan
UNSD:DF_UNDATA_ENERGY(1.2),A,392,129,1214O,2020,2.106,3,TN,A,25.8,Japan
UNSD:DF_UNDATA_ENERGY(1.2),A,392,129,1214O,2021,12.477,3,TN,A,25.8,Japan
UNSD:DF_UNDATA_ENERGY(1.2),A,392,129,1214O,2022,16.492,3,TN,A,25.8,Japan
UNSD:DF_UNDATA_ENERGY(1.2),A,392,129,1214O,2023,16.474,3,TN,A,25.8,Japan
UNSD:DF_UNDATA_ENERGY(1.2),A,392,129,GA,2015,139546.0,3,TN,A,25.8,Japan
UNSD:DF_UNDATA_ENERGY(1.2),A,392,129,GA,2016,136648.0,3,TN,A,25.8,Japan
UNSD:DF_UNDATA_ENERGY(1.2),A,392,129,GA,2017,139074.227,3,TN,A,25.8,Japan
UNSD:DF_UNDATA_ENERGY(1.2),A,392,129,GA,2018,136810.619,3,TN,A,25.8,Japan
UNSD:DF_UNDATA_ENERGY(1.2),A,392,129,GA,2019,135021.453,3,TN,A,25.8,Japan
UNSD:DF_UNDATA_ENERGY(1.2),A,392,129,GA,2020,125991.037,3,TN,A,25.8,Japan
UNSD:DF_UNDATA_ENERGY(1.2),A,392,129,GA,2021,134429.37399999998,3,TN,A,25.8,Japan
UNSD:DF_UNDATA_ENERGY(1.2),A,392,129,GA,2022,135455.447,3,TN,A,25.8,Japan
UNSD:DF_UNDATA_ENERGY(1.2),A,392,129,GA,2023,120563.516,3,TN,A,25.8,Japan
UNSD:DF_UNDATA_ENERGY(1.2),A,392,3000,01,2015,110598.0,0,TJ,A,1.0,Japan
UNSD:DF_UNDATA_ENERGY(1.2),A,392,3000,01,2016,113938.0,0,TJ,A,1.0,Japan
UNSD:DF_UNDATA_ENERGY(1.2),A,392,3000,01,2017,119166.631,0,TJ,A,1.0,Japan
UNSD:DF_UNDATA_ENERGY(1.2),A,392,3000,01,2018,104813.156,0,TJ,A,1.0,Japan
UNSD:DF_UNDATA_ENERGY(1.2),A,392,3000,01,2019,97324.893,0,TJ,A,1.0,Japan
UNSD:DF_UNDATA_ENERGY(1.2),A,392,3000,01,2020,90328.512,0,TJ,A,1.0,Japan
UNSD:DF_UNDATA_ENERGY(1.2),A,392,3000,01,2021,89229.786,0,TJ,A,1.0,Japan
UNSD:DF_UNDATA_ENERGY(1.2),A,392,3000,01,2022,83180.874,0,TJ,A,1.0,Japan
UNSD:DF_UNDATA_ENERGY(1.2),A,392,3000,01,2023,78026.211,0,TJ,A,1.0,Japan
UNSD:DF_UNDATA_ENERGY(1.2),A,392,3000,03,2015,4551428.0,0,TJ,A,1.0,Japan
UNSD:DF_UNDATA_ENERGY(1.2),A,392,3000,03,2016,4615551.0,0,TJ,A,1.0,Japan
UNSD:DF_UNDATA_ENERGY(1.2),A,392,3000,03,2017,4568890.429,0,TJ,A,1.0,Japan
UNSD:DF_UNDATA_ENERGY(1.2),A,392,3000,03,2018,4406587.56,0,TJ,A,1.0,Japan
UNSD:DF_UNDATA_ENERGY(1.2),A,392,3000,03,2019,4185466.273,0,TJ,A,1.0,Japan
UNSD:DF_UNDATA_ENERGY(1.2),A,392,3000,03,2020,4178883.262,0,TJ,A,1.0,Japan
UNSD:DF_UNDATA_ENERGY(1.2),A,392,3000,03,2021,3910636.367,0,TJ,A,1.0,Japan
UNSD:DF_UNDATA_ENERGY(1.2),A,392,3000,03,2022,3859628.424,0,TJ,A,1.0,Japan
UNSD:DF_UNDATA_ENERGY(1.2),A,392,3000,03,2023,3550878.345,0,TJ,A,1.0,Japan
UNSD:DF_UNDATA_ENERGY(1.2),A,392,3000,08811,2015,3045790.0,0,TJ,A,1.0,Japan
UNSD:DF_UNDATA_ENERGY(1.2),A,392,3000,08811,2016,3299301.0,0,TJ,A,1.0,Japan
UNSD:DF_UNDATA_ENERGY(1.2),A,392,3000,08811,2017,3139482.953,0,TJ,A,1.0,Japan
UNSD:DF_UNDATA_ENERGY(1.2),A,392,3000,08811,2018,2967113.996,0,TJ,A,1.0,Japan
UNSD:DF_UNDATA_ENERGY(1.2),A,392,3000,08811,2019,2790847.865,0,TJ,A,1.0,Japan
UNSD:DF_UNDATA_ENERGY(1.2),A,392,3000,08811,2020,2869383.791,0,TJ,A,1.0,Japan
UNSD:DF_UNDATA_ENERGY(1.2),A,392,3000,08811,2021,2589843.454,0,TJ,A,1.0,Japan
UNSD:DF_UNDATA_ENERGY(1.2),A,392,3000,08811,2022,2452349.033,0,TJ,A,1.0,Japan
UNSD:DF_UNDATA_ENERGY(1.2),A,392,3000,08811,2023,2378017.023,0,TJ,A,1.0,Japan
UNSD:DF_UNDATA_ENERGY(1.2),A,392,3000,08812,2015,296436.0,0,TJ,A,1.0,Japan
UNSD:DF_UNDATA_ENERGY(1.2),A,392,3000,08812,2016,151311.0,0,TJ,A,1.0,Japan
UNSD:DF_UNDATA_ENERGY(1.2),A,392,3000,08812,2017,148109.114,0,TJ,A,1.0,Japan
UNSD:DF_UNDATA_ENERGY(1.2),A,392,3000,08812,2018,160330.464,0,TJ,A,1.0,Japan
UNSD:DF_UNDATA_ENERGY(1.2),A,392,3000,08812,2019,147785.315,0,TJ,A,1.0,Japan
UNSD:DF_UNDATA_ENERGY(1.2),A,392,3000,08812,2020,153737.36,0,TJ,A,1.0,Japan
UNSD:DF_UNDATA_ENERGY(1.2),A,392,3000,08812,2021,161117.402,0,TJ,A,1.0,Japan
UNSD:DF_UNDATA_ENERGY(1.2),A,392,3000,08812,2022,165101.561,0,TJ,A,1.0,Japan
UNSD:DF_UNDATA_ENERGY(1.2),A,392,3000,08812,2023,164411.524,0,TJ,A,1.0,Japan
UNSD:DF_UNDATA_ENERGY(1.2),A,392,3000,121,2015,486126.0,0,TJ,A,1.0,Japan
UNSD:DF_UNDATA_ENERGY(1.2),A,392,3000,121,2016,502573.0,0,TJ,A,1.0,Japan
UNSD:DF_UNDATA_ENERGY(1.2),A,392,3000,121,2017,502993.469,0,TJ,A,1.0,Japan
UNSD:DF_UNDATA_ENERGY(1.2),A,392,3000,121,2018,529722.253,0,TJ,A,1.0,Japan
UNSD:DF_UNDATA_ENERGY(1.2),A,392,3000,121,2019,504187.035,0,TJ,A,1.0,Japan
UNSD:DF_UNDATA_ENERGY(1.2),A,392,3000,121,2020,476229.014,0,TJ,A,1.0,Japan
UNSD:DF_UNDATA_ENERGY(1.2),A,392,3000,121,2021,498077.773,0,TJ,A,1.0,Japan
UNSD:DF_UNDATA_ENERGY(1.2),A,392,3000,121,2022,492479.986,0,TJ,A,1.0,Japan
UNSD:DF_UNDATA_ENERGY(1.2),A,392,3000,121,2023,480001.10800000007,0,TJ,A,1.0,Japan
UNSD:DF_UNDATA_ENERGY(1.2),A,392,3000,1211,2015,108686.0,0,TJ,A,1.0,Japan
UNSD:DF_UNDATA_ENERGY(1.2),A,392,3000,1211,2016,113237.0,0,TJ,A,1.0,Japan
UNSD:DF_UNDATA_ENERGY(1.2),A,392,3000,1211,2017,113299.84,0,TJ,A,1.0,Japan
UNSD:DF_UNDATA_ENERGY(1.2),A,392,3000,1211,2018,119636.554,0,TJ,A,1.0,Japan
UNSD:DF_UNDATA_ENERGY(1.2),A,392,3000,1211,2019,107615.455,0,TJ,A,1.0,Japan
UNSD:DF_UNDATA_ENERGY(1.2),A,392,3000,1211,2020,96515.106,0,TJ,A,1.0,Japan
UNSD:DF_UNDATA_ENERGY(1.2),A,392,3000,1211,2021,108093.974,0,TJ,A,1.0,Japan
UNSD:DF_UNDATA_ENERGY(1.2),A,392,3000,1211,2022,101495.763,0,TJ,A,1.0,Japan
UNSD:DF_UNDATA_ENERGY(1.2),A,392,3000,1211,2023,102076.021,0,TJ,A,1.0,Japan
UNSD:DF_UNDATA_ENERGY(1.2),A,392,3000,1213,2015,89240.0,0,TJ,A,1.0,Japan
UNSD:DF_UNDATA_ENERGY(1.2),A,392,3000,1213,2016,89291.0,0,TJ,A,1.0,Japan
UNSD:DF_UNDATA_ENERGY(1.2),A,392,3000,1213,2017,93092.37,0,TJ,A,1.0,Japan
UNSD:DF_UNDATA_ENERGY(1.2),A,392,3000,1213,2018,95083.535,0,TJ,A,1.0,Japan
UNSD:DF_UNDATA_ENERGY(1.2),A,392,3000,1213,2019,91645.138,0,TJ,A,1.0,Japan
UNSD:DF_UNDATA_ENERGY(1.2),A,392,3000,1213,2020,88223.194,0,TJ,A,1.0,Japan
UNSD:DF_UNDATA_ENERGY(1.2),A,392,3000,1213,2021,94770.787,0,TJ,A,1.0,Japan
UNSD:DF_UNDATA_ENERGY(1.2),A,392,3000,1213,2022,89557.857,0,TJ,A,1.0,Japan
UNSD:DF_UNDATA_ENERGY(1.2),A,392,3000,1213,2023,89148.412,0,TJ,A,1.0,Japan
UNSD:DF_UNDATA_ENERGY(1.2),A,392,3000,1214A,2015,16919.0,0,TJ,A,1.0,Japan
UNSD:DF_UNDATA_ENERGY(1.2),A,392,3000,1214A,2016,21288.0,0,TJ,A,1.0,Japan
UNSD:DF_UNDATA_ENERGY(1.2),A,392,3000,1214A,2017,19455.731,0,TJ,A,1.0,Japan
UNSD:DF_UNDATA_ENERGY(1.2),A,392,3000,1214A,2018,23220.847,0,TJ,A,1.0,Japan
UNSD:DF_UNDATA_ENERGY(1.2),A,392,3000,1214A,2019,17197.54,0,TJ,A,1.0,Japan
UNSD:DF_UNDATA_ENERGY(1.2),A,392,3000,1214A,2020,15701.15,0,TJ,A,1.0,Japan
UNSD:DF_UNDATA_ENERGY(1.2),A,392,3000,1214A,2021,20749.411,0,TJ,A,1.0,Japan
UNSD:DF_UNDATA_ENERGY(1.2),A,392,3000,1214A,2022,17627.132,0,TJ,A,1.0,Japan
UNSD:DF_UNDATA_ENERGY(1.2),A,392,3000,1214A,2023,17221.274,0,TJ,A,1.0,Japan
UNSD:DF_UNDATA_ENERGY(1.2),A,392,3000,1214B,2015,36141.0,0,TJ,A,1.0,Japan
UNSD:DF_UNDATA_ENERGY(1.2),A,392,3000,1214B,2016,34470.0,0,TJ,A,1.0,Japan
UNSD:DF_UNDATA_ENERGY(1.2),A,392,3000,1214B,2017,34295.512,0,TJ,A,1.0,Japan
UNSD:DF_UNDATA_ENERGY(1.2),A,392,3000,1214B,2018,36291.759,0,TJ,A,1.0,Japan
UNSD:DF_UNDATA_ENERGY(1.2),A,392,3000,1214B,2019,35661.394,0,TJ,A,1.0,Japan
UNSD:DF_UNDATA_ENERGY(1.2),A,392,3000,1214B,2020,34732.745,0,TJ,A,1.0,Japan
UNSD:DF_UNDATA_ENERGY(1.2),A,392,3000,1214B,2021,32354.394,0,TJ,A,1.0,Japan
UNSD:DF_UNDATA_ENERGY(1.2),A,392,3000,1214B,2022,33850.24,0,TJ,A,1.0,Japan
UNSD:DF_UNDATA_ENERGY(1.2),A,392,3000,1214B,2023,30910.828,0,TJ,A,1.0,Japan
UNSD:DF_UNDATA_ENERGY(1.2),A,392,3000,1214C,2015,28189.0,0,TJ,A,1.0,Japan
UNSD:DF_UNDATA_ENERGY(1.2),A,392,3000,1214C,2016,28988.0,0,TJ,A,1.0,Japan
UNSD:DF_UNDATA_ENERGY(1.2),A,392,3000,1214C,2017,32147.525,0,TJ,A,1.0,Japan
UNSD:DF_UNDATA_ENERGY(1.2),A,392,3000,1214C,2018,30482.273,0,TJ,A,1.0,Japan
UNSD:DF_UNDATA_ENERGY(1.2),A,392,3000,1214C,2019,30574.649,0,TJ,A,1.0,Japan
UNSD:DF_UNDATA_ENERGY(1.2),A,392,3000,1214C,2020,27700.044,0,TJ,A,1.0,Japan
UNSD:DF_UNDATA_ENERGY(1.2),A,392,3000,1214C,2021,27718.351,0,TJ,A,1.0,Japan
UNSD:DF_UNDATA_ENERGY(1.2),A,392,3000,1214C,2022,26486.352,0,TJ,A,1.0,Japan
UNSD:DF_UNDATA_ENERGY(1.2),A,392,3000,1214C,2023,26514.954,0,TJ,A,1.0,Japan
UNSD:DF_UNDATA_ENERGY(1.2),A,392,3000,1214D,2015,62320.0,0,TJ,A,1.0,Japan
UNSD:DF_UNDATA_ENERGY(1.2),A,392,3000,1214D,2016,63921.0,0,TJ,A,1.0,Japan
UNSD:DF_UNDATA_ENERGY(1.2),A,392,3000,1214D,2017,63641.132,0,TJ,A,1.0,Japan
UNSD:DF_UNDATA_ENERGY(1.2),A,392,3000,1214D,2018,67566.746,0,TJ,A,1.0,Japan
UNSD:DF_UNDATA_ENERGY(1.2),A,392,3000,1214D,2019,66170.986,0,TJ,A,1.0,Japan
UNSD:DF_UNDATA_ENERGY(1.2),A,392,3000,1214D,2020,61467.515,0,TJ,A,1.0,Japan
UNSD:DF_UNDATA_ENERGY(1.2),A,392,3000,1214D,2021,61838.324,0,TJ,A,1.0,Japan
UNSD:DF_UNDATA_ENERGY(1.2),A,392,3000,1214D,2022,64074.063,0,TJ,A,1.0,Japan
UNSD:DF_UNDATA_ENERGY(1.2),A,392,3000,1214D,2023,61742.543,0,TJ,A,1.0,Japan
UNSD:DF_UNDATA_ENERGY(1.2),A,392,3000,1214F,2015,76093.0,0,TJ,A,1.0,Japan
UNSD:DF_UNDATA_ENERGY(1.2),A,392,3000,1214F,2016,82144.0,0,TJ,A,1.0,Japan
UNSD:DF_UNDATA_ENERGY(1.2),A,392,3000,1214F,2017,82082.025,0,TJ,A,1.0,Japan
UNSD:DF_UNDATA_ENERGY(1.2),A,392,3000,1214F,2018,88151.52,0,TJ,A,1.0,Japan
UNSD:DF_UNDATA_ENERGY(1.2),A,392,3000,1214F,2019,85826.922,0,TJ,A,1.0,Japan
UNSD:DF_UNDATA_ENERGY(1.2),A,392,3000,1214F,2020,84871.621,0,TJ,A,1.0,Japan
UNSD:DF_UNDATA_ENERGY(1.2),A,392,3000,1214F,2021,83810.761,0,TJ,A,1.0,Japan
UNSD:DF_UNDATA_ENERGY(1.2),A,392,3000,1214F,2022,81224.714,0,TJ,A,1.0,Japan
UNSD:DF_UNDATA_ENERGY(1.2),A,392,3000,1214F,2023,77836.931,0,TJ,A,1.0,Japan
UNSD:DF_UNDATA_ENERGY(1.2),A,392,3000,1214G,2015,32133.0,0,TJ,A,1.0,Japan
UNSD:DF_UNDATA_ENERGY(1.2),A,392,3000,1214G,2016,31856.0,0,TJ,A,1.0,Japan
UNSD:DF_UNDATA_ENERGY(1.2),A,392,3000,1214G,2017,32210.1,0,TJ,A,1.0,Japan
UNSD:DF_UNDATA_ENERGY(1.2),A,392,3000,1214G,2018,34368.799,0,TJ,A,1.0,Japan
UNSD:DF_UNDATA_ENERGY(1.2),A,392,3000,1214G,2019,32198.098,0,TJ,A,1.0,Japan
UNSD:DF_UNDATA_ENERGY(1.2),A,392,3000,1214G,2020,31720.188,0,TJ,A,1.0,Japan
UNSD:DF_UNDATA_ENERGY(1.2),A,392,3000,1214G,2021,34105.528,0,TJ,A,1.0,Japan
UNSD:DF_UNDATA_ENERGY(1.2),A,392,3000,1214G,2022,35710.156,0,TJ,A,1.0,Japan
UNSD:DF_UNDATA_ENERGY(1.2),A,392,3000,1214G,2023,33934.12,0,TJ,A,1.0,Japan
UNSD:DF_UNDATA_ENERGY(1.2),A,392,3000,1214H,2015,641.0,0,TJ,A,1.0,Japan
UNSD:DF_UNDATA_ENERGY(1.2),A,392,3000,1214H,2016,645.0,0,TJ,A,1.0,Japan
UNSD:DF_UNDATA_ENERGY(1.2),A,392,3000,1214H,2017,640.06,0,TJ,A,1.0,Japan
UNSD:DF_UNDATA_ENERGY(1.2),A,392,3000,1214H,2018,1038.143,0,TJ,A,1.0,Japan
UNSD:DF_UNDATA_ENERGY(1.2),A,392,3000,1214H,2019,1088.008,0,TJ,A,1.0,Japan
UNSD:DF_UNDATA_ENERGY(1.2),A,392,3000,1214H,2020,447.253,0,TJ,A,1.0,Japan
UNSD:DF_UNDATA_ENERGY(1.2),A,392,3000,1214H,2021,723.069,0,TJ,A,1.0,Japan
UNSD:DF_UNDATA_ENERGY(1.2),A,392,3000,1214H,2022,642.574,0,TJ,A,1.0,Japan
UNSD:DF_UNDATA_ENERGY(1.2),A,392,3000,1214H,2023,616.468,0,TJ,A,1.0,Japan
UNSD:DF_UNDATA_ENERGY(1.2),A,392,3000,1214I,2015,2762.0,0,TJ,A,1.0,Japan
UNSD:DF_UNDATA_ENERGY(1.2),A,392,3000,1214I,2016,2912.0,0,TJ,A,1.0,Japan
UNSD:DF_UNDATA_ENERGY(1.2),A,392,3000,1214I,2017,2676.584,0,TJ,A,1.0,Japan
UNSD:DF_UNDATA_ENERGY(1.2),A,392,3000,1214I,2018,2685.297,0,TJ,A,1.0,Japan
UNSD:DF_UNDATA_ENERGY(1.2),A,392,3000,1214I,2019,2622.906,0,TJ,A,1.0,Japan
UNSD:DF_UNDATA_ENERGY(1.2),A,392,3000,1214I,2020,2801.42,0,TJ,A,1.0,Japan
UNSD:DF_UNDATA_ENERGY(1.2),A,392,3000,1214I,2021,2772.992,0,TJ,A,1.0,Japan
UNSD:DF_UNDATA_ENERGY(1.2),A,392,3000,1214I,2022,2078.991,0,TJ,A,1.0,Japan
UNSD:DF_UNDATA_ENERGY(1.2),A,392,3000,1214I,2023,1994.197,0,TJ,A,1.0,Japan
UNSD:DF_UNDATA_ENERGY(1.2),A,392,3000,1214J,2015,8784.0,0,TJ,A,1.0,Japan
UNSD:DF_UNDATA_ENERGY(1.2),A,392,3000,1214J,2016,10403.0,0,TJ,A,1.0,Japan
UNSD:DF_UNDATA_ENERGY(1.2),A,392,3000,1214J,2017,9404.138,0,TJ,A,1.0,Japan
UNSD:DF_UNDATA_ENERGY(1.2),A,392,3000,1214J,2018,10373.62,0,TJ,A,1.0,Japan
UNSD:DF_UNDATA_ENERGY(1.2),A,392,3000,1214J,2019,9523.522,0,TJ,A,1.0,Japan
UNSD:DF_UNDATA_ENERGY(1.2),A,392,3000,1214J,2020,8918.962,0,TJ,A,1.0,Japan
UNSD:DF_UNDATA_ENERGY(1.2),A,392,3000,1214J,2021,8883.464,0,TJ,A,1.0,Japan
UNSD:DF_UNDATA_ENERGY(1.2),A,392,3000,1214J,2022,10116.031,0,TJ,A,1.0,Japan
UNSD:DF_UNDATA_ENERGY(1.2),A,392,3000,1214J,2023,9701.602,0,TJ,A,1.0,Japan
UNSD:DF_UNDATA_ENERGY(1.2),A,392,3000,1214O,2015,24218.0,0,TJ,A,1.0,Japan
UNSD:DF_UNDATA_ENERGY(1.2),A,392,3000,1214O,2016,23418.0,0,TJ,A,1.0,Japan
UNSD:DF_UNDATA_ENERGY(1.2),A,392,3000,1214O,2017,20048.452,0,TJ,A,1.0,Japan
UNSD:DF_UNDATA_ENERGY(1.2),A,392,3000,1214O,2018,20823.16,0,TJ,A,1.0,Japan
UNSD:DF_UNDATA_ENERGY(1.2),A,392,3000,1214O,2019,24062.417,0,TJ,A,1.0,Japan
UNSD:DF_UNDATA_ENERGY(1.2),A,392,3000,1214O,2020,23129.816,0,TJ,A,1.0,Japan
UNSD:DF_UNDATA_ENERGY(1.2),A,392,3000,1214O,2021,22256.718,0,TJ,A,1.0,Japan
UNSD:DF_UNDATA_ENERGY(1.2),A,392,3000,1214O,2022,29616.113,0,TJ,A,1.0,Japan
UNSD:DF_UNDATA_ENERGY(1.2),A,392,3000,1214O,2023,28303.758,0,TJ,A,1.0,Japan
UNSD:DF_UNDATA_ENERGY(1.2),A,392,3000,GA,2015,4741978.0,0,TJ,A,1.0,Japan
UNSD:DF_UNDATA_ENERGY(1.2),A,392,3000,GA,2016,4858473.0,0,TJ,A,1.0,Japan
UNSD:DF_UNDATA_ENERGY(1.2),A,392,3000,GA,2017,4728683.523999999,0,TJ,A,1.0,Japan
UNSD:DF_UNDATA_ENERGY(1.2),A,392,3000,GA,2018,4533134.448,0,TJ,A,1.0,Japan
UNSD:DF_UNDATA_ENERGY(1.2),A,392,3000,GA,2019,4357359.892999999,0,TJ,A,1.0,Japan
UNSD:DF_UNDATA_ENERGY(1.2),A,392,3000,GA,2020,4364765.967,0,TJ,A,1.0,Japan
UNSD:DF_UNDATA_ENERGY(1.2),A,392,3000,GA,2021,4122532.982,0,TJ,A,1.0,Japan
UNSD:DF_UNDATA_ENERGY(1.2),A,392,3000,GA,2022,3954446.096,0,TJ,A,1.0,Japan
UNSD:DF_UNDATA_ENERGY(1.2),A,392,3000,GA,2023,3808201.1290000007,0,TJ,A,1.0,Japan
UNSD:DF_UNDATA_ENERGY(1.2),A,410,121,03,2015,25210.0,3,TN,A,28.2,South Korea
UNSD:DF_UNDATA_ENERGY(1.2),A,410,121,03,2016,24652.0,3,TN,A,28.2,South Korea
UNSD:DF_UNDATA_ENERGY(1.2),A,410,121,03,2017,24719.425,3,TN,A,28.2,South Korea
UNSD:DF_UNDATA_ENERGY(1.2),A,410,121,03,2018,24716.247,3,TN,A,28.2,South Korea
UNSD:DF_UNDATA_ENERGY(1.2),A,410,121,03,2019,22622.322,3,TN,A,28.2,South Korea
UNSD:DF_UNDATA_ENERGY(1.2),A,410,121,03,2020,21233.971,3,TN,A,28.2,South Korea
UNSD:DF_UNDATA_ENERGY(1.2),A,410,121,03,2021,21511.07,3,TN,A,28.2,South Korea
UNSD:DF_UNDATA_ENERGY(1.2),A,410,121,03,2022,22266.147,3,TN,A,28.2,South Korea
UNSD:DF_UNDATA_ENERGY(1.2),A,410,121,03,2023,22231.156,3,TN,A,28.2,South Korea
UNSD:DF_UNDATA_ENERGY(1.2),A,410,121,081,2015,24568.0,3,TN,A,28.2,South Korea
UNSD:DF_UNDATA_ENERGY(1.2),A,410,121,081,2016,25401.0,3,TN,A,28.2,South Korea
UNSD:DF_UNDATA_ENERGY(1.2),A,410,121,081,2017,24985.667,3,TN,A,28.2,South Korea
UNSD:DF_UNDATA_ENERGY(1.2),A,410,121,081,2018,24669.279,3,TN,A,28.2,South Korea
UNSD:DF_UNDATA_ENERGY(1.2),A,410,121,081,2019,24670.897,3,TN,A,28.2,South Korea
UNSD:DF_UNDATA_ENERGY(1.2),A,410,121,081,2020,23367.21,3,TN,A,28.2,South Korea
UNSD:DF_UNDATA_ENERGY(1.2),A,410,121,081,2021,24094.862,3,TN,A,28.2,South Korea
UNSD:DF_UNDATA_ENERGY(1.2),A,410,121,081,2022,22323.0,3,TN,A,28.2,South Korea
UNSD:DF_UNDATA_ENERGY(1.2),A,410,121,081,2023,22794.762,3,TN,A,28.2,South Korea
UNSD:DF_UNDATA_ENERGY(1.2),A,410,121,GA,2015,24518.0,3,TN,A,28.2,South Korea
UNSD:DF_UNDATA_ENERGY(1.2),A,410,121,GA,2016,25540.0,3,TN,A,28.2,South Korea
UNSD:DF_UNDATA_ENERGY(1.2),A,410,121,GA,2017,24665.678,3,TN,A,28.2,South Korea
UNSD:DF_UNDATA_ENERGY(1.2),A,410,121,GA,2018,25656.64,3,TN,A,28.2,South Korea
UNSD:DF_UNDATA_ENERGY(1.2),A,410,121,GA,2019,21837.197,3,TN,A,28.2,South Korea
UNSD:DF_UNDATA_ENERGY(1.2),A,410,121,GA,2020,21004.685,3,TN,A,28.2,South Korea
UNSD:DF_UNDATA_ENERGY(1.2),A,410,121,GA,2021,21332.701,3,TN,A,28.2,South Korea
UNSD:DF_UNDATA_ENERGY(1.2),A,410,121,GA,2022,22198.311,3,TN,A,28.2,South Korea
UNSD:DF_UNDATA_ENERGY(1.2),A,410,121,GA,2023,23056.095,3,TN,A,28.2,South Korea
UNSD:DF_UNDATA_ENERGY(1.2),A,410,129,03,2015,94111.0,3,TN,A,25.8,South Korea
UNSD:DF_UNDATA_ENERGY(1.2),A,410,129,03,2016,93816.0,3,TN,A,25.8,South Korea
UNSD:DF_UNDATA_ENERGY(1.2),A,410,129,03,2017,106744.913,3,TN,A,25.8,South Korea
UNSD:DF_UNDATA_ENERGY(1.2),A,410,129,03,2018,106803.346,3,TN,A,25.8,South Korea
UNSD:DF_UNDATA_ENERGY(1.2),A,410,129,03,2019,110044.885,3,TN,A,25.8,South Korea
UNSD:DF_UNDATA_ENERGY(1.2),A,410,129,03,2020,94139.423,3,TN,A,25.8,South Korea
UNSD:DF_UNDATA_ENERGY(1.2),A,410,129,03,2021,95594.64,3,TN,A,25.8,South Korea
UNSD:DF_UNDATA_ENERGY(1.2),A,410,129,03,2022,95485.489,3,TN,A,25.8,South Korea
UNSD:DF_UNDATA_ENERGY(1.2),A,410,129,03,2023,90701.235,3,TN,A,25.8,South Korea
UNSD:DF_UNDATA_ENERGY(1.2),A,410,129,08811,2015,73527.0,3,TN,A,25.8,South Korea
UNSD:DF_UNDATA_ENERGY(1.2),A,410,129,08811,2016,71451.0,3,TN,A,25.8,South Korea
UNSD:DF_UNDATA_ENERGY(1.2),A,410,129,08811,2017,80281.087,3,TN,A,25.8,South Korea
UNSD:DF_UNDATA_ENERGY(1.2),A,410,129,08811,2018,85126.391,3,TN,A,25.8,South Korea
UNSD:DF_UNDATA_ENERGY(1.2),A,410,129,08811,2019,84411.648,3,TN,A,25.8,South Korea
UNSD:DF_UNDATA_ENERGY(1.2),A,410,129,08811,2020,70452.79,3,TN,A,25.8,South Korea
UNSD:DF_UNDATA_ENERGY(1.2),A,410,129,08811,2021,71627.092,3,TN,A,25.8,South Korea
UNSD:DF_UNDATA_ENERGY(1.2),A,410,129,08811,2022,72227.345,3,TN,A,25.8,South Korea
UNSD:DF_UNDATA_ENERGY(1.2),A,410,129,08811,2023,68825.546,3,TN,A,25.8,South Korea
UNSD:DF_UNDATA_ENERGY(1.2),A,410,129,08812,2015,124.0,3,TN,A,25.8,South Korea
UNSD:DF_UNDATA_ENERGY(1.2),A,410,129,08812,2016,82.0,3,TN,A,25.8,South Korea
UNSD:DF_UNDATA_ENERGY(1.2),A,410,129,08812,2017,129.914,3,TN,A,25.8,South Korea
UNSD:DF_UNDATA_ENERGY(1.2),A,410,129,08812,2018,115.672,3,TN,A,25.8,South Korea
UNSD:DF_UNDATA_ENERGY(1.2),A,410,129,08812,2019,186.565,3,TN,A,25.8,South Korea
UNSD:DF_UNDATA_ENERGY(1.2),A,410,129,08812,2020,38.031,3,TN,A,25.8,South Korea
UNSD:DF_UNDATA_ENERGY(1.2),A,410,129,08812,2021,41.176,3,TN,A,25.8,South Korea
UNSD:DF_UNDATA_ENERGY(1.2),A,410,129,08812,2022,47.896,3,TN,A,25.8,South Korea
UNSD:DF_UNDATA_ENERGY(1.2),A,410,129,08812,2023,61.234,3,TN,A,25.8,South Korea
UNSD:DF_UNDATA_ENERGY(1.2),A,410,129,08822,2015,4405.0,3,TN,A,25.8,South Korea
UNSD:DF_UNDATA_ENERGY(1.2),A,410,129,08822,2016,5252.0,3,TN,A,25.8,South Korea
UNSD:DF_UNDATA_ENERGY(1.2),A,410,129,08822,2017,7097.269,3,TN,A,25.8,South Korea
UNSD:DF_UNDATA_ENERGY(1.2),A,410,129,08822,2018,6545.24,3,TN,A,25.8,South Korea
UNSD:DF_UNDATA_ENERGY(1.2),A,410,129,08822,2019,6233.06,3,TN,A,25.8,South Korea
UNSD:DF_UNDATA_ENERGY(1.2),A,410,129,08822,2020,6561.202,3,TN,A,25.8,South Korea
UNSD:DF_UNDATA_ENERGY(1.2),A,410,129,08822,2021,7297.514,3,TN,A,25.8,South Korea
UNSD:DF_UNDATA_ENERGY(1.2),A,410,129,08822,2022,5644.149,3,TN,A,25.8,South Korea
UNSD:DF_UNDATA_ENERGY(1.2),A,410,129,08822,2023,5990.07,3,TN,A,25.8,South Korea
UNSD:DF_UNDATA_ENERGY(1.2),A,410,129,121,2015,9135.0,3,TN,A,25.8,South Korea
UNSD:DF_UNDATA_ENERGY(1.2),A,410,129,121,2016,7111.0,3,TN,A,25.8,South Korea
UNSD:DF_UNDATA_ENERGY(1.2),A,410,129,121,2017,6634.81,3,TN,A,25.8,South Korea
UNSD:DF_UNDATA_ENERGY(1.2),A,410,129,121,2018,7048.576000000001,3,TN,A,25.8,South Korea
UNSD:DF_UNDATA_ENERGY(1.2),A,410,129,121,2019,6027.04,3,TN,A,25.8,South Korea
UNSD:DF_UNDATA_ENERGY(1.2),A,410,129,121,2020,5572.113,3,TN,A,25.8,South Korea
UNSD:DF_UNDATA_ENERGY(1.2),A,410,129,121,2021,6268.459000000001,3,TN,A,25.8,South Korea
UNSD:DF_UNDATA_ENERGY(1.2),A,410,129,121,2022,6414.401000000001,3,TN,A,25.8,South Korea
UNSD:DF_UNDATA_ENERGY(1.2),A,410,129,121,2023,5676.508,3,TN,A,25.8,South Korea
UNSD:DF_UNDATA_ENERGY(1.2),A,410,129,1211,2015,1942.0,3,TN,A,25.8,South Korea
UNSD:DF_UNDATA_ENERGY(1.2),A,410,129,1211,2017,180.738,3,TN,A,25.8,South Korea
UNSD:DF_UNDATA_ENERGY(1.2),A,410,129,1211,2018,1042.795,3,TN,A,25.8,South Korea
UNSD:DF_UNDATA_ENERGY(1.2),A,410,129,1211,2021,475.75,3,TN,A,25.8,South Korea
UNSD:DF_UNDATA_ENERGY(1.2),A,410,129,1211,2022,493.457,3,TN,A,25.8,South Korea
UNSD:DF_UNDATA_ENERGY(1.2),A,410,129,1213,2015,1341.0,3,TN,A,25.8,South Korea
UNSD:DF_UNDATA_ENERGY(1.2),A,410,129,1213,2016,1212.0,3,TN,A,25.8,South Korea
UNSD:DF_UNDATA_ENERGY(1.2),A,410,129,1213,2017,1202.229,3,TN,A,25.8,South Korea
UNSD:DF_UNDATA_ENERGY(1.2),A,410,129,1213,2018,1245.377,3,TN,A,25.8,South Korea
UNSD:DF_UNDATA_ENERGY(1.2),A,410,129,1213,2019,1110.818,3,TN,A,25.8,South Korea
UNSD:DF_UNDATA_ENERGY(1.2),A,410,129,1213,2020,1196.12,3,TN,A,25.8,South Korea
UNSD:DF_UNDATA_ENERGY(1.2),A,410,129,1213,2021,1176.069,3,TN,A,25.8,South Korea
UNSD:DF_UNDATA_ENERGY(1.2),A,410,129,1213,2022,1122.001,3,TN,A,25.8,South Korea
UNSD:DF_UNDATA_ENERGY(1.2),A,410,129,1213,2023,1097.001,3,TN,A,25.8,South Korea
UNSD:DF_UNDATA_ENERGY(1.2),A,410,129,1214A,2015,353.0,3,TN,A,25.8,South Korea
UNSD:DF_UNDATA_ENERGY(1.2),A,410,129,1214A,2016,403.0,3,TN,A,25.8,South Korea
UNSD:DF_UNDATA_ENERGY(1.2),A,410,129,1214A,2017,272.274,3,TN,A,25.8,South Korea
UNSD:DF_UNDATA_ENERGY(1.2),A,410,129,1214A,2018,303.03,3,TN,A,25.8,South Korea
UNSD:DF_UNDATA_ENERGY(1.2),A,410,129,1214A,2019,326.906,3,TN,A,25.8,South Korea
UNSD:DF_UNDATA_ENERGY(1.2),A,410,129,1214A,2020,297.253,3,TN,A,25.8,South Korea
UNSD:DF_UNDATA_ENERGY(1.2),A,410,129,1214A,2021,230.798,3,TN,A,25.8,South Korea
UNSD:DF_UNDATA_ENERGY(1.2),A,410,129,1214A,2022,431.924,3,TN,A,25.8,South Korea
UNSD:DF_UNDATA_ENERGY(1.2),A,410,129,1214A,2023,432.707,3,TN,A,25.8,South Korea
UNSD:DF_UNDATA_ENERGY(1.2),A,410,129,1214B,2015,4576.0,3,TN,A,25.8,South Korea
UNSD:DF_UNDATA_ENERGY(1.2),A,410,129,1214B,2016,4565.0,3,TN,A,25.8,South Korea
UNSD:DF_UNDATA_ENERGY(1.2),A,410,129,1214B,2017,4072.134,3,TN,A,25.8,South Korea
UNSD:DF_UNDATA_ENERGY(1.2),A,410,129,1214B,2018,3610.807,3,TN,A,25.8,South Korea
UNSD:DF_UNDATA_ENERGY(1.2),A,410,129,1214B,2019,3802.202,3,TN,A,25.8,South Korea
UNSD:DF_UNDATA_ENERGY(1.2),A,410,129,1214B,2020,3404.082,3,TN,A,25.8,South Korea
UNSD:DF_UNDATA_ENERGY(1.2),A,410,129,1214B,2021,3649.0,3,TN,A,25.8,South Korea
UNSD:DF_UNDATA_ENERGY(1.2),A,410,129,1214B,2022,3656.0,3,TN,A,25.8,South Korea
UNSD:DF_UNDATA_ENERGY(1.2),A,410,129,1214B,2023,3479.0,3,TN,A,25.8,South Korea
UNSD:DF_UNDATA_ENERGY(1.2),A,410,129,1214F,2015,53.0,3,TN,A,25.8,South Korea
UNSD:DF_UNDATA_ENERGY(1.2),A,410,129,1214F,2016,52.0,3,TN,A,25.8,South Korea
UNSD:DF_UNDATA_ENERGY(1.2),A,410,129,1214F,2017,39.103,3,TN,A,25.8,South Korea
UNSD:DF_UNDATA_ENERGY(1.2),A,410,129,1214J,2015,870.0,3,TN,A,25.8,South Korea
UNSD:DF_UNDATA_ENERGY(1.2),A,410,129,1214J,2016,879.0,3,TN,A,25.8,South Korea
UNSD:DF_UNDATA_ENERGY(1.2),A,410,129,1214J,2017,868.332,3,TN,A,25.8,South Korea
UNSD:DF_UNDATA_ENERGY(1.2),A,410,129,1214J,2018,846.567,3,TN,A,25.8,South Korea
UNSD:DF_UNDATA_ENERGY(1.2),A,410,129,1214J,2019,787.114,3,TN,A,25.8,South Korea
UNSD:DF_UNDATA_ENERGY(1.2),A,410,129,1214J,2020,674.658,3,TN,A,25.8,South Korea
UNSD:DF_UNDATA_ENERGY(1.2),A,410,129,1214J,2021,736.842,3,TN,A,25.8,South Korea
UNSD:DF_UNDATA_ENERGY(1.2),A,410,129,1214J,2022,711.019,3,TN,A,25.8,South Korea
UNSD:DF_UNDATA_ENERGY(1.2),A,410,129,1214J,2023,667.8,3,TN,A,25.8,South Korea
UNSD:DF_UNDATA_ENERGY(1.2),A,410,129,GA,2015,92992.0,3,TN,A,25.8,South Korea
UNSD:DF_UNDATA_ENERGY(1.2),A,410,129,GA,2016,92401.0,3,TN,A,25.8,South Korea
UNSD:DF_UNDATA_ENERGY(1.2),A,410,129,GA,2017,106943.671,3,TN,A,25.8,South Korea
UNSD:DF_UNDATA_ENERGY(1.2),A,410,129,GA,2018,107436.743,3,TN,A,25.8,South Korea
UNSD:DF_UNDATA_ENERGY(1.2),A,410,129,GA,2019,109260.099,3,TN,A,25.8,South Korea
UNSD:DF_UNDATA_ENERGY(1.2),A,410,129,GA,2020,95749.3,3,TN,A,25.8,South Korea
UNSD:DF_UNDATA_ENERGY(1.2),A,410,129,GA,2021,96829.478,3,TN,A,25.8,South Korea
UNSD:DF_UNDATA_ENERGY(1.2),A,410,129,GA,2022,95066.658,3,TN,A,25.8,South Korea
UNSD:DF_UNDATA_ENERGY(1.2),A,410,129,GA,2023,91263.528,3,TN,A,25.8,South Korea
UNSD:DF_UNDATA_ENERGY(1.2),A,410,210,03,2015,6824.0,3,TN,A,18.9,South Korea
UNSD:DF_UNDATA_ENERGY(1.2),A,410,210,03,2016,6569.0,3,TN,A,18.9,South Korea
UNSD:DF_UNDATA_ENERGY(1.2),A,410,210,03,2017,9768.948,3,TN,A,18.9,South Korea
UNSD:DF_UNDATA_ENERGY(1.2),A,410,210,03,2018,8998.686,3,TN,A,18.9,South Korea
UNSD:DF_UNDATA_ENERGY(1.2),A,410,210,03,2019,1870.083,3,TN,A,18.9,South Korea
UNSD:DF_UNDATA_ENERGY(1.2),A,410,210,03,2020,1833.357,3,TN,A,18.9,South Korea
UNSD:DF_UNDATA_ENERGY(1.2),A,410,210,03,2021,2035.822,3,TN,A,18.9,South Korea
UNSD:DF_UNDATA_ENERGY(1.2),A,410,210,03,2022,2015.712,3,TN,A,18.9,South Korea
UNSD:DF_UNDATA_ENERGY(1.2),A,410,210,03,2023,1891.263,3,TN,A,18.9,South Korea
UNSD:DF_UNDATA_ENERGY(1.2),A,410,210,08811,2015,6824.0,3,TN,A,18.9,South Korea
UNSD:DF_UNDATA_ENERGY(1.2),A,410,210,08811,2016,6569.0,3,TN,A,18.9,South Korea
UNSD:DF_UNDATA_ENERGY(1.2),A,410,210,08811,2017,9768.908,3,TN,A,18.9,South Korea
UNSD:DF_UNDATA_ENERGY(1.2),A,410,210,08811,2018,8998.575,3,TN,A,18.9,South Korea
UNSD:DF_UNDATA_ENERGY(1.2),A,410,210,08811,2019,1870.066,3,TN,A,18.9,South Korea
UNSD:DF_UNDATA_ENERGY(1.2),A,410,210,08811,2020,1833.357,3,TN,A,18.9,South Korea
UNSD:DF_UNDATA_ENERGY(1.2),A,410,210,08811,2021,2035.822,3,TN,A,18.9,South Korea
UNSD:DF_UNDATA_ENERGY(1.2),A,410,210,08811,2022,2015.712,3,TN,A,18.9,South Korea
UNSD:DF_UNDATA_ENERGY(1.2),A,410,210,08811,2023,1891.263,3,TN,A,18.9,South Korea
UNSD:DF_UNDATA_ENERGY(1.2),A,410,210,GA,2015,6824.0,3,TN,A,18.9,South Korea
UNSD:DF_UNDATA_ENERGY(1.2),A,410,210,GA,2016,6569.0,3,TN,A,18.9,South Korea
UNSD:DF_UNDATA_ENERGY(1.2),A,410,210,GA,2017,9768.948,3,TN,A,18.9,South Korea
UNSD:DF_UNDATA_ENERGY(1.2),A,410,210,GA,2018,8998.686,3,TN,A,18.9,South Korea
UNSD:DF_UNDATA_ENERGY(1.2),A,410,210,GA,2019,1870.083,3,TN,A,18.9,South Korea
UNSD:DF_UNDATA_ENERGY(1.2),A,410,210,GA,2020,1833.357,3,TN,A,18.9,South Korea
UNSD:DF_UNDATA_ENERGY(1.2),A,410,210,GA,2021,2035.822,3,TN,A,18.9,South Korea
UNSD:DF_UNDATA_ENERGY(1.2),A,410,210,GA,2022,2015.712,3,TN,A,18.9,South Korea
UNSD:DF_UNDATA_ENERGY(1.2),A,410,210,GA,2023,1891.263,3,TN,A,18.9,South Korea
UNSD:DF_UNDATA_ENERGY(1.2),A,410,3000,01,2015,7878.0,0,TJ,A,1.0,South Korea
UNSD:DF_UNDATA_ENERGY(1.2),A,410,3000,01,2016,6460.0,0,TJ,A,1.0,South Korea
UNSD:DF_UNDATA_ENERGY(1.2),A,410,3000,01,2017,14268.802,0,TJ,A,1.0,South Korea
UNSD:DF_UNDATA_ENERGY(1.2),A,410,3000,01,2018,12789.17,0,TJ,A,1.0,South Korea
UNSD:DF_UNDATA_ENERGY(1.2),A,410,3000,01,2019,10845.041,0,TJ,A,1.0,South Korea
UNSD:DF_UNDATA_ENERGY(1.2),A,410,3000,01,2020,7747.027,0,TJ,A,1.0,South Korea
UNSD:DF_UNDATA_ENERGY(1.2),A,410,3000,01,2021,2300.671,0,TJ,A,1.0,South Korea
UNSD:DF_UNDATA_ENERGY(1.2),A,410,3000,03,2015,1821629.0,0,TJ,A,1.0,South Korea
UNSD:DF_UNDATA_ENERGY(1.2),A,410,3000,03,2016,1826416.0,0,TJ,A,1.0,South Korea
UNSD:DF_UNDATA_ENERGY(1.2),A,410,3000,03,2017,2052513.494,0,TJ,A,1.0,South Korea
UNSD:DF_UNDATA_ENERGY(1.2),A,410,3000,03,2018,2406740.263,0,TJ,A,1.0,South Korea
UNSD:DF_UNDATA_ENERGY(1.2),A,410,3000,03,2019,2228101.585,0,TJ,A,1.0,South Korea
UNSD:DF_UNDATA_ENERGY(1.2),A,410,3000,03,2020,2186212.409,0,TJ,A,1.0,South Korea
UNSD:DF_UNDATA_ENERGY(1.2),A,410,3000,03,2021,2511535.119,0,TJ,A,1.0,South Korea
UNSD:DF_UNDATA_ENERGY(1.2),A,410,3000,03,2022,2540696.224,0,TJ,A,1.0,South Korea
UNSD:DF_UNDATA_ENERGY(1.2),A,410,3000,03,2023,2415997.152,0,TJ,A,1.0,South Korea
UNSD:DF_UNDATA_ENERGY(1.2),A,410,3000,08811,2015,673521.0,0,TJ,A,1.0,South Korea
UNSD:DF_UNDATA_ENERGY(1.2),A,410,3000,08811,2016,667528.0,0,TJ,A,1.0,South Korea
UNSD:DF_UNDATA_ENERGY(1.2),A,410,3000,08811,2017,656682.483,0,TJ,A,1.0,South Korea
UNSD:DF_UNDATA_ENERGY(1.2),A,410,3000,08811,2018,809373.683,0,TJ,A,1.0,South Korea
UNSD:DF_UNDATA_ENERGY(1.2),A,410,3000,08811,2019,766368.945,0,TJ,A,1.0,South Korea
UNSD:DF_UNDATA_ENERGY(1.2),A,410,3000,08811,2020,779625.035,0,TJ,A,1.0,South Korea
UNSD:DF_UNDATA_ENERGY(1.2),A,410,3000,08811,2021,926409.641,0,TJ,A,1.0,South Korea
UNSD:DF_UNDATA_ENERGY(1.2),A,410,3000,08811,2022,881436.232,0,TJ,A,1.0,South Korea
UNSD:DF_UNDATA_ENERGY(1.2),A,410,3000,08811,2023,827804.419,0,TJ,A,1.0,South Korea
UNSD:DF_UNDATA_ENERGY(1.2),A,410,3000,08812,2015,17379.0,0,TJ,A,1.0,South Korea
UNSD:DF_UNDATA_ENERGY(1.2),A,410,3000,08812,2016,22643.0,0,TJ,A,1.0,South Korea
UNSD:DF_UNDATA_ENERGY(1.2),A,410,3000,08812,2017,24088.292,0,TJ,A,1.0,South Korea
UNSD:DF_UNDATA_ENERGY(1.2),A,410,3000,08812,2018,23947.603,0,TJ,A,1.0,South Korea
UNSD:DF_UNDATA_ENERGY(1.2),A,410,3000,08812,2019,28945.136,0,TJ,A,1.0,South Korea
UNSD:DF_UNDATA_ENERGY(1.2),A,410,3000,08812,2020,35141.195,0,TJ,A,1.0,South Korea
UNSD:DF_UNDATA_ENERGY(1.2),A,410,3000,08812,2021,32413.44,0,TJ,A,1.0,South Korea
UNSD:DF_UNDATA_ENERGY(1.2),A,410,3000,08812,2022,13552.004,0,TJ,A,1.0,South Korea
UNSD:DF_UNDATA_ENERGY(1.2),A,410,3000,08812,2023,13536.529,0,TJ,A,1.0,South Korea
UNSD:DF_UNDATA_ENERGY(1.2),A,410,3000,08821,2015,214920.0,0,TJ,A,1.0,South Korea
UNSD:DF_UNDATA_ENERGY(1.2),A,410,3000,08821,2016,234079.0,0,TJ,A,1.0,South Korea
UNSD:DF_UNDATA_ENERGY(1.2),A,410,3000,08821,2017,269588.579,0,TJ,A,1.0,South Korea
UNSD:DF_UNDATA_ENERGY(1.2),A,410,3000,08821,2018,340288.08,0,TJ,A,1.0,South Korea
UNSD:DF_UNDATA_ENERGY(1.2),A,410,3000,08821,2019,310691.52,0,TJ,A,1.0,South Korea
UNSD:DF_UNDATA_ENERGY(1.2),A,410,3000,08821,2020,330066.521,0,TJ,A,1.0,South Korea
UNSD:DF_UNDATA_ENERGY(1.2),A,410,3000,08821,2021,363843.374,0,TJ,A,1.0,South Korea
UNSD:DF_UNDATA_ENERGY(1.2),A,410,3000,08821,2022,375048.539,0,TJ,A,1.0,South Korea
UNSD:DF_UNDATA_ENERGY(1.2),A,410,3000,08821,2023,361608.142,0,TJ,A,1.0,South Korea
UNSD:DF_UNDATA_ENERGY(1.2),A,410,3000,08822,2015,12508.0,0,TJ,A,1.0,South Korea
UNSD:DF_UNDATA_ENERGY(1.2),A,410,3000,08822,2016,38607.0,0,TJ,A,1.0,South Korea
UNSD:DF_UNDATA_ENERGY(1.2),A,410,3000,08822,2017,33996.755,0,TJ,A,1.0,South Korea
UNSD:DF_UNDATA_ENERGY(1.2),A,410,3000,08822,2018,33837.521,0,TJ,A,1.0,South Korea
UNSD:DF_UNDATA_ENERGY(1.2),A,410,3000,08822,2019,30354.057,0,TJ,A,1.0,South Korea
UNSD:DF_UNDATA_ENERGY(1.2),A,410,3000,08822,2020,38497.666,0,TJ,A,1.0,South Korea
UNSD:DF_UNDATA_ENERGY(1.2),A,410,3000,08822,2021,35137.235,0,TJ,A,1.0,South Korea
UNSD:DF_UNDATA_ENERGY(1.2),A,410,3000,08822,2022,45787.651,0,TJ,A,1.0,South Korea
UNSD:DF_UNDATA_ENERGY(1.2),A,410,3000,08822,2023,45738.887,0,TJ,A,1.0,South Korea
UNSD:DF_UNDATA_ENERGY(1.2),A,410,3000,121,2015,332542.0,0,TJ,A,1.0,South Korea
UNSD:DF_UNDATA_ENERGY(1.2),A,410,3000,121,2016,324898.0,0,TJ,A,1.0,South Korea
UNSD:DF_UNDATA_ENERGY(1.2),A,410,3000,121,2017,350936.795,0,TJ,A,1.0,South Korea
UNSD:DF_UNDATA_ENERGY(1.2),A,410,3000,121,2018,343529.221,0,TJ,A,1.0,South Korea
UNSD:DF_UNDATA_ENERGY(1.2),A,410,3000,121,2019,343529.223,0,TJ,A,1.0,South Korea
UNSD:DF_UNDATA_ENERGY(1.2),A,410,3000,121,2020,328244.282,0,TJ,A,1.0,South Korea
UNSD:DF_UNDATA_ENERGY(1.2),A,410,3000,121,2021,356496.668,0,TJ,A,1.0,South Korea
UNSD:DF_UNDATA_ENERGY(1.2),A,410,3000,121,2022,360355.072,0,TJ,A,1.0,South Korea
UNSD:DF_UNDATA_ENERGY(1.2),A,410,3000,121,2023,335097.554,0,TJ,A,1.0,South Korea
UNSD:DF_UNDATA_ENERGY(1.2),A,410,3000,1211,2015,66656.0,0,TJ,A,1.0,South Korea
UNSD:DF_UNDATA_ENERGY(1.2),A,410,3000,1211,2016,67689.0,0,TJ,A,1.0,South Korea
UNSD:DF_UNDATA_ENERGY(1.2),A,410,3000,1211,2017,70417.519,0,TJ,A,1.0,South Korea
UNSD:DF_UNDATA_ENERGY(1.2),A,410,3000,1211,2018,69440.368,0,TJ,A,1.0,South Korea
UNSD:DF_UNDATA_ENERGY(1.2),A,410,3000,1211,2019,69028.072,0,TJ,A,1.0,South Korea
UNSD:DF_UNDATA_ENERGY(1.2),A,410,3000,1211,2020,61426.655,0,TJ,A,1.0,South Korea
UNSD:DF_UNDATA_ENERGY(1.2),A,410,3000,1211,2021,64599.305,0,TJ,A,1.0,South Korea
UNSD:DF_UNDATA_ENERGY(1.2),A,410,3000,1211,2022,64188.434,0,TJ,A,1.0,South Korea
UNSD:DF_UNDATA_ENERGY(1.2),A,410,3000,1211,2023,68658.884,0,TJ,A,1.0,South Korea
UNSD:DF_UNDATA_ENERGY(1.2),A,410,3000,1213,2015,49602.0,0,TJ,A,1.0,South Korea
UNSD:DF_UNDATA_ENERGY(1.2),A,410,3000,1213,2016,33114.0,0,TJ,A,1.0,South Korea
UNSD:DF_UNDATA_ENERGY(1.2),A,410,3000,1213,2017,33183.075,0,TJ,A,1.0,South Korea
UNSD:DF_UNDATA_ENERGY(1.2),A,410,3000,1213,2018,74346.771,0,TJ,A,1.0,South Korea
UNSD:DF_UNDATA_ENERGY(1.2),A,410,3000,1213,2019,72070.432,0,TJ,A,1.0,South Korea
UNSD:DF_UNDATA_ENERGY(1.2),A,410,3000,1213,2020,70611.16,0,TJ,A,1.0,South Korea
UNSD:DF_UNDATA_ENERGY(1.2),A,410,3000,1213,2021,81369.075,0,TJ,A,1.0,South Korea
UNSD:DF_UNDATA_ENERGY(1.2),A,410,3000,1213,2022,87245.219,0,TJ,A,1.0,South Korea
UNSD:DF_UNDATA_ENERGY(1.2),A,410,3000,1213,2023,67708.447,0,TJ,A,1.0,South Korea
UNSD:DF_UNDATA_ENERGY(1.2),A,410,3000,1214A,2015,14471.0,0,TJ,A,1.0,South Korea
UNSD:DF_UNDATA_ENERGY(1.2),A,410,3000,1214A,2016,12493.0,0,TJ,A,1.0,South Korea
UNSD:DF_UNDATA_ENERGY(1.2),A,410,3000,1214A,2017,11341.144,0,TJ,A,1.0,South Korea
UNSD:DF_UNDATA_ENERGY(1.2),A,410,3000,1214A,2018,16356.903,0,TJ,A,1.0,South Korea
UNSD:DF_UNDATA_ENERGY(1.2),A,410,3000,1214A,2019,15505.208,0,TJ,A,1.0,South Korea
UNSD:DF_UNDATA_ENERGY(1.2),A,410,3000,1214A,2020,19305.214,0,TJ,A,1.0,South Korea
UNSD:DF_UNDATA_ENERGY(1.2),A,410,3000,1214A,2021,20277.194,0,TJ,A,1.0,South Korea
UNSD:DF_UNDATA_ENERGY(1.2),A,410,3000,1214A,2022,20885.114,0,TJ,A,1.0,South Korea
UNSD:DF_UNDATA_ENERGY(1.2),A,410,3000,1214A,2023,20223.52,0,TJ,A,1.0,South Korea
UNSD:DF_UNDATA_ENERGY(1.2),A,410,3000,1214B,2015,22856.0,0,TJ,A,1.0,South Korea
UNSD:DF_UNDATA_ENERGY(1.2),A,410,3000,1214B,2016,21915.0,0,TJ,A,1.0,South Korea
UNSD:DF_UNDATA_ENERGY(1.2),A,410,3000,1214B,2017,22350.7,0,TJ,A,1.0,South Korea
UNSD:DF_UNDATA_ENERGY(1.2),A,410,3000,1214B,2018,22976.382,0,TJ,A,1.0,South Korea
UNSD:DF_UNDATA_ENERGY(1.2),A,410,3000,1214B,2019,24182.291,0,TJ,A,1.0,South Korea
UNSD:DF_UNDATA_ENERGY(1.2),A,410,3000,1214B,2020,22214.903,0,TJ,A,1.0,South Korea
UNSD:DF_UNDATA_ENERGY(1.2),A,410,3000,1214B,2021,23148.272,0,TJ,A,1.0,South Korea
UNSD:DF_UNDATA_ENERGY(1.2),A,410,3000,1214B,2022,22283.483,0,TJ,A,1.0,South Korea
UNSD:DF_UNDATA_ENERGY(1.2),A,410,3000,1214B,2023,20570.04,0,TJ,A,1.0,South Korea
UNSD:DF_UNDATA_ENERGY(1.2),A,410,3000,1214C,2015,31847.0,0,TJ,A,1.0,South Korea
UNSD:DF_UNDATA_ENERGY(1.2),A,410,3000,1214C,2016,28512.0,0,TJ,A,1.0,South Korea
UNSD:DF_UNDATA_ENERGY(1.2),A,410,3000,1214C,2017,24474.293,0,TJ,A,1.0,South Korea
UNSD:DF_UNDATA_ENERGY(1.2),A,410,3000,1214C,2018,32563.987,0,TJ,A,1.0,South Korea
UNSD:DF_UNDATA_ENERGY(1.2),A,410,3000,1214C,2019,29868.08,0,TJ,A,1.0,South Korea
UNSD:DF_UNDATA_ENERGY(1.2),A,410,3000,1214C,2020,28525.837,0,TJ,A,1.0,South Korea
UNSD:DF_UNDATA_ENERGY(1.2),A,410,3000,1214C,2021,30660.524,0,TJ,A,1.0,South Korea
UNSD:DF_UNDATA_ENERGY(1.2),A,410,3000,1214C,2022,28929.301,0,TJ,A,1.0,South Korea
UNSD:DF_UNDATA_ENERGY(1.2),A,410,3000,1214C,2023,28749.778,0,TJ,A,1.0,South Korea
UNSD:DF_UNDATA_ENERGY(1.2),A,410,3000,1214D,2015,41843.0,0,TJ,A,1.0,South Korea
UNSD:DF_UNDATA_ENERGY(1.2),A,410,3000,1214D,2016,39530.0,0,TJ,A,1.0,South Korea
UNSD:DF_UNDATA_ENERGY(1.2),A,410,3000,1214D,2017,45466.463,0,TJ,A,1.0,South Korea
UNSD:DF_UNDATA_ENERGY(1.2),A,410,3000,1214D,2018,50549.415,0,TJ,A,1.0,South Korea
UNSD:DF_UNDATA_ENERGY(1.2),A,410,3000,1214D,2019,52330.286,0,TJ,A,1.0,South Korea
UNSD:DF_UNDATA_ENERGY(1.2),A,410,3000,1214D,2020,53911.384,0,TJ,A,1.0,South Korea
UNSD:DF_UNDATA_ENERGY(1.2),A,410,3000,1214D,2021,58321.048,0,TJ,A,1.0,South Korea
UNSD:DF_UNDATA_ENERGY(1.2),A,410,3000,1214D,2022,59524.33,0,TJ,A,1.0,South Korea
UNSD:DF_UNDATA_ENERGY(1.2),A,410,3000,1214D,2023,57661.589,0,TJ,A,1.0,South Korea
UNSD:DF_UNDATA_ENERGY(1.2),A,410,3000,1214F,2015,28772.0,0,TJ,A,1.0,South Korea
UNSD:DF_UNDATA_ENERGY(1.2),A,410,3000,1214F,2016,29528.0,0,TJ,A,1.0,South Korea
UNSD:DF_UNDATA_ENERGY(1.2),A,410,3000,1214F,2017,29387.629,0,TJ,A,1.0,South Korea
UNSD:DF_UNDATA_ENERGY(1.2),A,410,3000,1214F,2018,33126.909,0,TJ,A,1.0,South Korea
UNSD:DF_UNDATA_ENERGY(1.2),A,410,3000,1214F,2019,33612.976,0,TJ,A,1.0,South Korea
UNSD:DF_UNDATA_ENERGY(1.2),A,410,3000,1214F,2020,35101.253,0,TJ,A,1.0,South Korea
UNSD:DF_UNDATA_ENERGY(1.2),A,410,3000,1214F,2021,37738.662,0,TJ,A,1.0,South Korea
UNSD:DF_UNDATA_ENERGY(1.2),A,410,3000,1214F,2022,38220.199,0,TJ,A,1.0,South Korea
UNSD:DF_UNDATA_ENERGY(1.2),A,410,3000,1214F,2023,36532.351,0,TJ,A,1.0,South Korea
UNSD:DF_UNDATA_ENERGY(1.2),A,410,3000,1214G,2015,9408.0,0,TJ,A,1.0,South Korea
UNSD:DF_UNDATA_ENERGY(1.2),A,410,3000,1214G,2016,10777.0,0,TJ,A,1.0,South Korea
UNSD:DF_UNDATA_ENERGY(1.2),A,410,3000,1214G,2017,10567.315,0,TJ,A,1.0,South Korea
UNSD:DF_UNDATA_ENERGY(1.2),A,410,3000,1214G,2018,10896.329,0,TJ,A,1.0,South Korea
UNSD:DF_UNDATA_ENERGY(1.2),A,410,3000,1214G,2019,12485.362,0,TJ,A,1.0,South Korea
UNSD:DF_UNDATA_ENERGY(1.2),A,410,3000,1214G,2020,12742.318,0,TJ,A,1.0,South Korea
UNSD:DF_UNDATA_ENERGY(1.2),A,410,3000,1214G,2021,12967.013,0,TJ,A,1.0,South Korea
UNSD:DF_UNDATA_ENERGY(1.2),A,410,3000,1214G,2022,12807.303,0,TJ,A,1.0,South Korea
UNSD:DF_UNDATA_ENERGY(1.2),A,410,3000,1214G,2023,11809.453,0,TJ,A,1.0,South Korea
UNSD:DF_UNDATA_ENERGY(1.2),A,410,3000,1214H,2015,2510.0,0,TJ,A,1.0,South Korea
UNSD:DF_UNDATA_ENERGY(1.2),A,410,3000,1214H,2016,1205.0,0,TJ,A,1.0,South Korea
UNSD:DF_UNDATA_ENERGY(1.2),A,410,3000,1214H,2017,1198.661,0,TJ,A,1.0,South Korea
UNSD:DF_UNDATA_ENERGY(1.2),A,410,3000,1214H,2018,2189.844,0,TJ,A,1.0,South Korea
UNSD:DF_UNDATA_ENERGY(1.2),A,410,3000,1214H,2019,1123.321,0,TJ,A,1.0,South Korea
UNSD:DF_UNDATA_ENERGY(1.2),A,410,3000,1214H,2020,1015.355,0,TJ,A,1.0,South Korea
UNSD:DF_UNDATA_ENERGY(1.2),A,410,3000,1214H,2021,1172.791,0,TJ,A,1.0,South Korea
UNSD:DF_UNDATA_ENERGY(1.2),A,410,3000,1214H,2022,1327.232,0,TJ,A,1.0,South Korea
UNSD:DF_UNDATA_ENERGY(1.2),A,410,3000,1214H,2023,1213.25,0,TJ,A,1.0,South Korea
UNSD:DF_UNDATA_ENERGY(1.2),A,410,3000,1214I,2015,60.0,0,TJ,A,1.0,South Korea
UNSD:DF_UNDATA_ENERGY(1.2),A,410,3000,1214I,2016,53.0,0,TJ,A,1.0,South Korea
UNSD:DF_UNDATA_ENERGY(1.2),A,410,3000,1214I,2017,27.372,0,TJ,A,1.0,South Korea
UNSD:DF_UNDATA_ENERGY(1.2),A,410,3000,1214I,2018,5.734,0,TJ,A,1.0,South Korea
UNSD:DF_UNDATA_ENERGY(1.2),A,410,3000,1214I,2019,5.438,0,TJ,A,1.0,South Korea
UNSD:DF_UNDATA_ENERGY(1.2),A,410,3000,1214I,2020,5.418,0,TJ,A,1.0,South Korea
UNSD:DF_UNDATA_ENERGY(1.2),A,410,3000,1214J,2015,14204.0,0,TJ,A,1.0,South Korea
UNSD:DF_UNDATA_ENERGY(1.2),A,410,3000,1214J,2016,11864.0,0,TJ,A,1.0,South Korea
UNSD:DF_UNDATA_ENERGY(1.2),A,410,3000,1214J,2017,11588.44,0,TJ,A,1.0,South Korea
UNSD:DF_UNDATA_ENERGY(1.2),A,410,3000,1214J,2018,7732.376,0,TJ,A,1.0,South Korea
UNSD:DF_UNDATA_ENERGY(1.2),A,410,3000,1214J,2019,10240.263,0,TJ,A,1.0,South Korea
UNSD:DF_UNDATA_ENERGY(1.2),A,410,3000,1214J,2020,9151.405,0,TJ,A,1.0,South Korea
UNSD:DF_UNDATA_ENERGY(1.2),A,410,3000,1214J,2021,9754.442,0,TJ,A,1.0,South Korea
UNSD:DF_UNDATA_ENERGY(1.2),A,410,3000,1214J,2022,8460.559,0,TJ,A,1.0,South Korea
UNSD:DF_UNDATA_ENERGY(1.2),A,410,3000,1214J,2023,6406.872,0,TJ,A,1.0,South Korea
UNSD:DF_UNDATA_ENERGY(1.2),A,410,3000,1214O,2015,50313.0,0,TJ,A,1.0,South Korea
UNSD:DF_UNDATA_ENERGY(1.2),A,410,3000,1214O,2016,68218.0,0,TJ,A,1.0,South Korea
UNSD:DF_UNDATA_ENERGY(1.2),A,410,3000,1214O,2017,90934.184,0,TJ,A,1.0,South Korea
UNSD:DF_UNDATA_ENERGY(1.2),A,410,3000,1214O,2018,23344.203,0,TJ,A,1.0,South Korea
UNSD:DF_UNDATA_ENERGY(1.2),A,410,3000,1214O,2019,23077.494,0,TJ,A,1.0,South Korea
UNSD:DF_UNDATA_ENERGY(1.2),A,410,3000,1214O,2020,14233.38,0,TJ,A,1.0,South Korea
UNSD:DF_UNDATA_ENERGY(1.2),A,410,3000,1214O,2021,16488.342,0,TJ,A,1.0,South Korea
UNSD:DF_UNDATA_ENERGY(1.2),A,410,3000,1214O,2022,16483.898,0,TJ,A,1.0,South Korea
UNSD:DF_UNDATA_ENERGY(1.2),A,410,3000,1214O,2023,15563.37,0,TJ,A,1.0,South Korea
UNSD:DF_UNDATA_ENERGY(1.2),A,410,3000,GA,2015,1840430.0,0,TJ,A,1.0,South Korea
UNSD:DF_UNDATA_ENERGY(1.2),A,410,3000,GA,2016,1906000.0,0,TJ,A,1.0,South Korea
UNSD:DF_UNDATA_ENERGY(1.2),A,410,3000,GA,2017,2037551.407,0,TJ,A,1.0,South Korea
UNSD:DF_UNDATA_ENERGY(1.2),A,410,3000,GA,2018,2314333.247,0,TJ,A,1.0,South Korea
UNSD:DF_UNDATA_ENERGY(1.2),A,410,3000,GA,2019,2259676.81,0,TJ,A,1.0,South Korea
UNSD:DF_UNDATA_ENERGY(1.2),A,410,3000,GA,2020,2261311.274,0,TJ,A,1.0,South Korea
UNSD:DF_UNDATA_ENERGY(1.2),A,410,3000,GA,2021,2505305.82,0,TJ,A,1.0,South Korea
UNSD:DF_UNDATA_ENERGY(1.2),A,410,3000,GA,2022,2490851.449,0,TJ,A,1.0,South Korea
UNSD:DF_UNDATA_ENERGY(1.2),A,410,3000,GA,2023,2388844.456,0,TJ,A,1.0,South Korea
UNSD:DF_UNDATA_ENERGY(1.2),A,356,3000,01,2015,1218477.0,0,TJ,E,1.0,India
UNSD:DF_UNDATA_ENERGY(1.2),A,356,3000,01,2016,1228788.0,0,TJ,A,1.0,India
UNSD:DF_UNDATA_ENERGY(1.2),A,356,3000,01,2017,1257639.0,0,TJ,A,1.0,India
UNSD:DF_UNDATA_ENERGY(1.2),A,356,3000,01,2018,1282737.333,0,TJ,A,1.0,India
UNSD:DF_UNDATA_ENERGY(1.2),A,356,3000,01,2019,1179996.0,0,TJ,E,1.0,India
UNSD:DF_UNDATA_ENERGY(1.2),A,356,3000,01,2020,1083578.0,0,TJ,E,1.0,India
UNSD:DF_UNDATA_ENERGY(1.2),A,356,3000,01,2021,1292122.0,0,TJ,E,1.0,India
UNSD:DF_UNDATA_ENERGY(1.2),A,356,3000,01,2022,1312905.0,0,TJ,E,1.0,India
UNSD:DF_UNDATA_ENERGY(1.2),A,356,3000,01,2023,1392960.376,0,TJ,A,1.0,India
UNSD:DF_UNDATA_ENERGY(1.2),A,356,3000,03,2015,792217.0,0,TJ,E,1.0,India
UNSD:DF_UNDATA_ENERGY(1.2),A,356,3000,03,2016,717628.0,0,TJ,A,1.0,India
UNSD:DF_UNDATA_ENERGY(1.2),A,356,3000,03,2017,765392.0,0,TJ,A,1.0,India
UNSD:DF_UNDATA_ENERGY(1.2),A,356,3000,03,2018,1121463.54,0,TJ,A,1.0,India
UNSD:DF_UNDATA_ENERGY(1.2),A,356,3000,03,2019,1401333.0,0,TJ,E,1.0,India
UNSD:DF_UNDATA_ENERGY(1.2),A,356,3000,03,2020,1363015.0,0,TJ,E,1.0,India
UNSD:DF_UNDATA_ENERGY(1.2),A,356,3000,03,2021,1269958.0,0,TJ,E,1.0,India
UNSD:DF_UNDATA_ENERGY(1.2),A,356,3000,03,2022,1088986.0,0,TJ,E,1.0,India
UNSD:DF_UNDATA_ENERGY(1.2),A,356,3000,03,2023,1316313.0,0,TJ,A,1.0,India
UNSD:DF_UNDATA_ENERGY(1.2),A,356,3000,08811,2015,447270.0,0,TJ,E,1.0,India
UNSD:DF_UNDATA_ENERGY(1.2),A,356,3000,08811,2016,447602.0,0,TJ,A,1.0,India
UNSD:DF_UNDATA_ENERGY(1.2),A,356,3000,08811,2017,380924.0,0,TJ,A,1.0,India
UNSD:DF_UNDATA_ENERGY(1.2),A,356,3000,08811,2018,313845.903,0,TJ,E,1.0,India
UNSD:DF_UNDATA_ENERGY(1.2),A,356,3000,08811,2019,442285.0,0,TJ,E,1.0,India
UNSD:DF_UNDATA_ENERGY(1.2),A,356,3000,08811,2020,434545.0,0,TJ,E,1.0,India
UNSD:DF_UNDATA_ENERGY(1.2),A,356,3000,08811,2021,407316.0,0,TJ,E,1.0,India
UNSD:DF_UNDATA_ENERGY(1.2),A,356,3000,08811,2022,326952.0,0,TJ,E,1.0,India
UNSD:DF_UNDATA_ENERGY(1.2),A,356,3000,08811,2023,364206.364,0,TJ,A,1.0,India
UNSD:DF_UNDATA_ENERGY(1.2),A,356,3000,08812,2015,186888.0,0,TJ,E,1.0,India
UNSD:DF_UNDATA_ENERGY(1.2),A,356,3000,08812,2016,207021.0,0,TJ,A,1.0,India
UNSD:DF_UNDATA_ENERGY(1.2),A,356,3000,08812,2017,251651.0,0,TJ,A,1.0,India
UNSD:DF_UNDATA_ENERGY(1.2),A,356,3000,08812,2018,154601.202,0,TJ,E,1.0,India
UNSD:DF_UNDATA_ENERGY(1.2),A,356,3000,08812,2019,194726.0,0,TJ,E,1.0,India
UNSD:DF_UNDATA_ENERGY(1.2),A,356,3000,08812,2020,212410.0,0,TJ,E,1.0,India
UNSD:DF_UNDATA_ENERGY(1.2),A,356,3000,08812,2021,200500.0,0,TJ,E,1.0,India
UNSD:DF_UNDATA_ENERGY(1.2),A,356,3000,08812,2022,215000.0,0,TJ,E,1.0,India
UNSD:DF_UNDATA_ENERGY(1.2),A,356,3000,08812,2023,215000.0,0,TJ,A,1.0,India
UNSD:DF_UNDATA_ENERGY(1.2),A,356,3000,121,2015,216952.0,0,TJ,E,1.0,India
UNSD:DF_UNDATA_ENERGY(1.2),A,356,3000,121,2016,26508.0,0,TJ,A,1.0,India
UNSD:DF_UNDATA_ENERGY(1.2),A,356,3000,121,2017,33628.0,0,TJ,A,1.0,India
UNSD:DF_UNDATA_ENERGY(1.2),A,356,3000,121,2018,42376.806,0,TJ,A,1.0,India
UNSD:DF_UNDATA_ENERGY(1.2),A,356,3000,121,2019,312708.0,0,TJ,E,1.0,India
UNSD:DF_UNDATA_ENERGY(1.2),A,356,3000,121,2020,266177.0,0,TJ,E,1.0,India
UNSD:DF_UNDATA_ENERGY(1.2),A,356,3000,121,2021,371666.0,0,TJ,E,1.0,India
UNSD:DF_UNDATA_ENERGY(1.2),A,356,3000,121,2022,666327.0,0,TJ,E,1.0,India
UNSD:DF_UNDATA_ENERGY(1.2),A,356,3000,121,2023,686460.0210000001,0,TJ,A,1.0,India
UNSD:DF_UNDATA_ENERGY(1.2),A,356,3000,1211,2019,22738.0,0,TJ,E,1.0,India
UNSD:DF_UNDATA_ENERGY(1.2),A,356,3000,1211,2020,25946.0,0,TJ,E,1.0,India
UNSD:DF_UNDATA_ENERGY(1.2),A,356,3000,1211,2021,45476.0,0,TJ,E,1.0,India
UNSD:DF_UNDATA_ENERGY(1.2),A,356,3000,1211,2022,34688.0,0,TJ,E,1.0,India
UNSD:DF_UNDATA_ENERGY(1.2),A,356,3000,1211,2023,58468.716,0,TJ,A,1.0,India
UNSD:DF_UNDATA_ENERGY(1.2),A,356,3000,1214O,2015,216952.0,0,TJ,E,1.0,India
UNSD:DF_UNDATA_ENERGY(1.2),A,356,3000,1214O,2016,26508.0,0,TJ,A,1.0,India
UNSD:DF_UNDATA_ENERGY(1.2),A,356,3000,1214O,2017,33628.0,0,TJ,A,1.0,India
UNSD:DF_UNDATA_ENERGY(1.2),A,356,3000,1214O,2018,42376.806,0,TJ,A,1.0,India
UNSD:DF_UNDATA_ENERGY(1.2),A,356,3000,1214O,2019,289970.0,0,TJ,E,1.0,India
UNSD:DF_UNDATA_ENERGY(1.2),A,356,3000,1214O,2020,240231.0,0,TJ,E,1.0,India
UNSD:DF_UNDATA_ENERGY(1.2),A,356,3000,1214O,2021,326190.0,0,TJ,E,1.0,India
UNSD:DF_UNDATA_ENERGY(1.2),A,356,3000,1214O,2022,631639.0,0,TJ,E,1.0,India
UNSD:DF_UNDATA_ENERGY(1.2),A,356,3000,1214O,2023,627991.305,0,TJ,A,1.0,India
UNSD:DF_UNDATA_ENERGY(1.2),A,356,3000,GA,2015,2010694.0,0,TJ,E,1.0,India
UNSD:DF_UNDATA_ENERGY(1.2),A,356,3000,GA,2016,1946416.0,0,TJ,A,1.0,India
UNSD:DF_UNDATA_ENERGY(1.2),A,356,3000,GA,2017,2023031.0,0,TJ,A,1.0,India
UNSD:DF_UNDATA_ENERGY(1.2),A,356,3000,GA,2018,2404200.873,0,TJ,A,1.0,India
UNSD:DF_UNDATA_ENERGY(1.2),A,356,3000,GA,2019,2581329.0,0,TJ,E,1.0,India
UNSD:DF_UNDATA_ENERGY(1.2),A,356,3000,GA,2020,2446593.0,0,TJ,E,1.0,India
UNSD:DF_UNDATA_ENERGY(1.2),A,356,3000,GA,2021,2562080.0,0,TJ,E,1.0,India
UNSD:DF_UNDATA_ENERGY(1.2),A,356,3000,GA,2022,2401891.0,0,TJ,E,1.0,India
UNSD:DF_UNDATA_ENERGY(1.2),A,356,3000,GA,2023,2709273.376,0,TJ,A,1.0,India
UNSD:DF_UNDATA_ENERGY(1.2),A,586,129,03,2015,48.08,3,TN,A,25.8,Pakistan
UNSD:DF_UNDATA_ENERGY(1.2),A,586,129,03,2016,5634.924,3,TN,A,25.8,Pakistan
UNSD:DF_UNDATA_ENERGY(1.2),A,586,129,03,2017,10192.165,3,TN,A,25.8,Pakistan
UNSD:DF_UNDATA_ENERGY(1.2),A,586,129,03,2018,12309.146,3,TN,A,25.8,Pakistan
UNSD:DF_UNDATA_ENERGY(1.2),A,586,129,03,2019,13224.905,3,TN,A,25.8,Pakistan
UNSD:DF_UNDATA_ENERGY(1.2),A,586,129,03,2020,16186.09,3,TN,A,25.8,Pakistan
UNSD:DF_UNDATA_ENERGY(1.2),A,586,129,03,2021,14414.869,3,TN,A,25.8,Pakistan
UNSD:DF_UNDATA_ENERGY(1.2),A,586,129,03,2022,5364.161,3,TN,A,25.8,Pakistan
UNSD:DF_UNDATA_ENERGY(1.2),A,586,129,03,2023,4699.254,3,TN,A,25.8,Pakistan
UNSD:DF_UNDATA_ENERGY(1.2),A,586,129,GA,2015,48.08,3,TN,A,25.8,Pakistan
UNSD:DF_UNDATA_ENERGY(1.2),A,586,129,GA,2016,5634.924,3,TN,A,25.8,Pakistan
UNSD:DF_UNDATA_ENERGY(1.2),A,586,129,GA,2017,10192.165,3,TN,A,25.8,Pakistan
UNSD:DF_UNDATA_ENERGY(1.2),A,586,129,GA,2018,12309.146,3,TN,A,25.8,Pakistan
UNSD:DF_UNDATA_ENERGY(1.2),A,586,129,GA,2019,13224.905,3,TN,A,25.8,Pakistan
UNSD:DF_UNDATA_ENERGY(1.2),A,586,129,GA,2020,16186.09,3,TN,A,25.8,Pakistan
UNSD:DF_UNDATA_ENERGY(1.2),A,586,129,GA,2021,14414.869,3,TN,A,25.8,Pakistan
UNSD:DF_UNDATA_ENERGY(1.2),A,586,129,GA,2022,5364.161,3,TN,A,25.8,Pakistan
UNSD:DF_UNDATA_ENERGY(1.2),A,586,129,GA,2023,4699.254,3,TN,A,25.8,Pakistan
UNSD:DF_UNDATA_ENERGY(1.2),A,586,210,03,2015,4836.983,3,TN,A,18.9,Pakistan
UNSD:DF_UNDATA_ENERGY(1.2),A,586,210,03,2016,1385.823,3,TN,A,18.9,Pakistan
UNSD:DF_UNDATA_ENERGY(1.2),A,586,210,03,2017,3428.699,3,TN,A,18.9,Pakistan
UNSD:DF_UNDATA_ENERGY(1.2),A,586,210,03,2018,3374.885,3,TN,A,18.9,Pakistan
UNSD:DF_UNDATA_ENERGY(1.2),A,586,210,03,2019,3190.381,3,TN,A,18.9,Pakistan
UNSD:DF_UNDATA_ENERGY(1.2),A,586,210,03,2020,2658.213,3,TN,A,18.9,Pakistan
UNSD:DF_UNDATA_ENERGY(1.2),A,586,210,03,2021,3672.524,3,TN,A,18.9,Pakistan
UNSD:DF_UNDATA_ENERGY(1.2),A,586,210,03,2022,3534.272,3,TN,A,18.9,Pakistan
UNSD:DF_UNDATA_ENERGY(1.2),A,586,210,03,2023,758.641,3,TN,A,18.9,Pakistan
UNSD:DF_UNDATA_ENERGY(1.2),A,586,210,GA,2015,4836.789,3,TN,A,18.9,Pakistan
UNSD:DF_UNDATA_ENERGY(1.2),A,586,210,GA,2016,1385.823,3,TN,A,18.9,Pakistan
UNSD:DF_UNDATA_ENERGY(1.2),A,586,210,GA,2017,3428.699,3,TN,A,18.9,Pakistan
UNSD:DF_UNDATA_ENERGY(1.2),A,586,210,GA,2018,3374.677,3,TN,A,18.9,Pakistan
UNSD:DF_UNDATA_ENERGY(1.2),A,586,210,GA,2019,3190.381,3,TN,A,18.9,Pakistan
UNSD:DF_UNDATA_ENERGY(1.2),A,586,210,GA,2020,2658.213,3,TN,A,18.9,Pakistan
UNSD:DF_UNDATA_ENERGY(1.2),A,586,210,GA,2021,3672.524,3,TN,A,18.9,Pakistan
UNSD:DF_UNDATA_ENERGY(1.2),A,586,210,GA,2022,3534.272,3,TN,A,18.9,Pakistan
UNSD:DF_UNDATA_ENERGY(1.2),A,586,210,GA,2023,758.641,3,TN,A,18.9,Pakistan
UNSD:DF_UNDATA_ENERGY(1.2),A,586,220,03,2015,0.42,3,TN,A,11.9,Pakistan
UNSD:DF_UNDATA_ENERGY(1.2),A,586,220,03,2016,0.219,3,TN,A,11.9,Pakistan
UNSD:DF_UNDATA_ENERGY(1.2),A,586,220,03,2017,0.046,3,TN,A,11.9,Pakistan
UNSD:DF_UNDATA_ENERGY(1.2),A,586,220,03,2018,0.244,3,TN,A,11.9,Pakistan
UNSD:DF_UNDATA_ENERGY(1.2),A,586,220,03,2019,0.054,3,TN,A,11.9,Pakistan
UNSD:DF_UNDATA_ENERGY(1.2),A,586,220,03,2020,59.258,3,TN,A,11.9,Pakistan
UNSD:DF_UNDATA_ENERGY(1.2),A,586,220,03,2021,1746.816,3,TN,A,11.9,Pakistan
UNSD:DF_UNDATA_ENERGY(1.2),A,586,220,03,2022,1409.028,3,TN,A,11.9,Pakistan
UNSD:DF_UNDATA_ENERGY(1.2),A,586,220,03,2023,1977.625,3,TN,A,11.9,Pakistan
UNSD:DF_UNDATA_ENERGY(1.2),A,586,220,GA,2015,0.206,3,TN,A,11.9,Pakistan
UNSD:DF_UNDATA_ENERGY(1.2),A,586,220,GA,2016,0.142,3,TN,A,11.9,Pakistan
UNSD:DF_UNDATA_ENERGY(1.2),A,586,220,GA,2017,-0.5299999999999999,3,TN,A,11.9,Pakistan
UNSD:DF_UNDATA_ENERGY(1.2),A,586,220,GA,2018,-0.1139999999999999,3,TN,A,11.9,Pakistan
UNSD:DF_UNDATA_ENERGY(1.2),A,586,220,GA,2019,-0.917,3,TN,A,11.9,Pakistan
UNSD:DF_UNDATA_ENERGY(1.2),A,586,220,GA,2020,58.627,3,TN,A,11.9,Pakistan
UNSD:DF_UNDATA_ENERGY(1.2),A,586,220,GA,2021,1745.186,3,TN,A,11.9,Pakistan
UNSD:DF_UNDATA_ENERGY(1.2),A,586,220,GA,2022,1407.604,3,TN,A,11.9,Pakistan
UNSD:DF_UNDATA_ENERGY(1.2),A,586,220,GA,2023,1975.989,3,TN,A,11.9,Pakistan
UNSD:DF_UNDATA_ENERGY(1.2),A,586,3000,01,2015,1256276.0,0,TJ,A,1.0,Pakistan
UNSD:DF_UNDATA_ENERGY(1.2),A,586,3000,01,2016,1274671.0,0,TJ,A,1.0,Pakistan
UNSD:DF_UNDATA_ENERGY(1.2),A,586,3000,01,2017,1219322.0,0,TJ,A,1.0,Pakistan
UNSD:DF_UNDATA_ENERGY(1.2),A,586,3000,01,2018,1515700.0,0,TJ,A,1.0,Pakistan
UNSD:DF_UNDATA_ENERGY(1.2),A,586,3000,01,2019,1389182.2,0,TJ,A,1.0,Pakistan
UNSD:DF_UNDATA_ENERGY(1.2),A,586,3000,01,2020,1349701.0,0,TJ,A,1.0,Pakistan
UNSD:DF_UNDATA_ENERGY(1.2),A,586,3000,01,2021,1379724.7,0,TJ,A,1.0,Pakistan
UNSD:DF_UNDATA_ENERGY(1.2),A,586,3000,01,2022,1255054.1,0,TJ,A,1.0,Pakistan
UNSD:DF_UNDATA_ENERGY(1.2),A,586,3000,01,2023,1203486.1,0,TJ,A,1.0,Pakistan
UNSD:DF_UNDATA_ENERGY(1.2),A,586,3000,03,2015,51733.0,0,TJ,A,1.0,Pakistan
UNSD:DF_UNDATA_ENERGY(1.2),A,586,3000,03,2016,35702.32359,0,TJ,A,1.0,Pakistan
UNSD:DF_UNDATA_ENERGY(1.2),A,586,3000,03,2017,320000.8617,0,TJ,A,1.0,Pakistan
UNSD:DF_UNDATA_ENERGY(1.2),A,586,3000,03,2018,376544.397,0,TJ,A,1.0,Pakistan
UNSD:DF_UNDATA_ENERGY(1.2),A,586,3000,03,2019,380213.9034,0,TJ,A,1.0,Pakistan
UNSD:DF_UNDATA_ENERGY(1.2),A,586,3000,03,2020,442515.6997,0,TJ,A,1.0,Pakistan
UNSD:DF_UNDATA_ENERGY(1.2),A,586,3000,03,2021,279223.408,0,TJ,A,1.0,Pakistan
UNSD:DF_UNDATA_ENERGY(1.2),A,586,3000,03,2022,339731.997,0,TJ,A,1.0,Pakistan
UNSD:DF_UNDATA_ENERGY(1.2),A,586,3000,03,2023,440652.258,0,TJ,A,1.0,Pakistan
UNSD:DF_UNDATA_ENERGY(1.2),A,586,3000,08811,2015,359107.95,0,TJ,A,1.0,Pakistan
UNSD:DF_UNDATA_ENERGY(1.2),A,586,3000,08811,2016,361882.0,0,TJ,A,1.0,Pakistan
UNSD:DF_UNDATA_ENERGY(1.2),A,586,3000,08811,2017,548796.0,0,TJ,E,1.0,Pakistan
UNSD:DF_UNDATA_ENERGY(1.2),A,586,3000,08811,2018,544249.0,0,TJ,E,1.0,Pakistan
UNSD:DF_UNDATA_ENERGY(1.2),A,586,3000,08811,2019,457492.0,0,TJ,E,1.0,Pakistan
UNSD:DF_UNDATA_ENERGY(1.2),A,586,3000,08811,2020,436277.0,0,TJ,E,1.0,Pakistan
UNSD:DF_UNDATA_ENERGY(1.2),A,586,3000,08811,2021,432332.701,0,TJ,E,1.0,Pakistan
UNSD:DF_UNDATA_ENERGY(1.2),A,586,3000,08811,2022,311148.055,0,TJ,A,1.0,Pakistan
UNSD:DF_UNDATA_ENERGY(1.2),A,586,3000,08811,2023,323007.544,0,TJ,A,1.0,Pakistan
UNSD:DF_UNDATA_ENERGY(1.2),A,586,3000,121,2015,323467.93000000005,0,TJ,E,1.0,Pakistan
UNSD:DF_UNDATA_ENERGY(1.2),A,586,3000,121,2016,369261.55,0,TJ,A,1.0,Pakistan
UNSD:DF_UNDATA_ENERGY(1.2),A,586,3000,121,2017,337651.0,0,TJ,A,1.0,Pakistan
UNSD:DF_UNDATA_ENERGY(1.2),A,586,3000,121,2018,286315.0,0,TJ,A,1.0,Pakistan
UNSD:DF_UNDATA_ENERGY(1.2),A,586,3000,121,2019,265193.0,0,TJ,A,1.0,Pakistan
UNSD:DF_UNDATA_ENERGY(1.2),A,586,3000,121,2020,245238.0,0,TJ,A,1.0,Pakistan
UNSD:DF_UNDATA_ENERGY(1.2),A,586,3000,121,2021,315996.585,0,TJ,A,1.0,Pakistan
UNSD:DF_UNDATA_ENERGY(1.2),A,586,3000,121,2022,259719.495,0,TJ,A,1.0,Pakistan
UNSD:DF_UNDATA_ENERGY(1.2),A,586,3000,121,2023,259184.476,0,TJ,A,1.0,Pakistan
UNSD:DF_UNDATA_ENERGY(1.2),A,586,3000,1211,2015,1117.65,0,TJ,A,1.0,Pakistan
UNSD:DF_UNDATA_ENERGY(1.2),A,586,3000,1211,2016,764.05,0,TJ,A,1.0,Pakistan
UNSD:DF_UNDATA_ENERGY(1.2),A,586,3000,1211,2017,760.0,0,TJ,A,1.0,Pakistan
UNSD:DF_UNDATA_ENERGY(1.2),A,586,3000,1211,2018,774.0,0,TJ,A,1.0,Pakistan
UNSD:DF_UNDATA_ENERGY(1.2),A,586,3000,1211,2019,809.0,0,TJ,A,1.0,Pakistan
UNSD:DF_UNDATA_ENERGY(1.2),A,586,3000,1211,2020,0.0,0,TJ,A,1.0,Pakistan
UNSD:DF_UNDATA_ENERGY(1.2),A,586,3000,1211,2021,772.676,0,TJ,A,1.0,Pakistan
UNSD:DF_UNDATA_ENERGY(1.2),A,586,3000,1211,2022,825.41,0,TJ,A,1.0,Pakistan
UNSD:DF_UNDATA_ENERGY(1.2),A,586,3000,1211,2023,823.71,0,TJ,A,1.0,Pakistan
UNSD:DF_UNDATA_ENERGY(1.2),A,586,3000,1213,2021,73731.956,0,TJ,A,1.0,Pakistan
UNSD:DF_UNDATA_ENERGY(1.2),A,586,3000,1213,2022,58149.811,0,TJ,A,1.0,Pakistan
UNSD:DF_UNDATA_ENERGY(1.2),A,586,3000,1213,2023,58030.023,0,TJ,A,1.0,Pakistan
UNSD:DF_UNDATA_ENERGY(1.2),A,586,3000,1214B,2020,964.0,0,TJ,A,1.0,Pakistan
UNSD:DF_UNDATA_ENERGY(1.2),A,586,3000,1214B,2021,1138.68,0,TJ,A,1.0,Pakistan
UNSD:DF_UNDATA_ENERGY(1.2),A,586,3000,1214B,2022,1228.678,0,TJ,A,1.0,Pakistan
UNSD:DF_UNDATA_ENERGY(1.2),A,586,3000,1214B,2023,1226.147,0,TJ,A,1.0,Pakistan
UNSD:DF_UNDATA_ENERGY(1.2),A,586,3000,1214O,2015,322350.28,0,TJ,E,1.0,Pakistan
UNSD:DF_UNDATA_ENERGY(1.2),A,586,3000,1214O,2016,368497.5,0,TJ,A,1.0,Pakistan
UNSD:DF_UNDATA_ENERGY(1.2),A,586,3000,1214O,2017,336891.0,0,TJ,A,1.0,Pakistan
UNSD:DF_UNDATA_ENERGY(1.2),A,586,3000,1214O,2018,285541.0,0,TJ,A,1.0,Pakistan
UNSD:DF_UNDATA_ENERGY(1.2),A,586,3000,1214O,2019,264384.0,0,TJ,A,1.0,Pakistan
UNSD:DF_UNDATA_ENERGY(1.2),A,586,3000,1214O,2020,244274.0,0,TJ,A,1.0,Pakistan
UNSD:DF_UNDATA_ENERGY(1.2),A,586,3000,1214O,2021,240353.273,0,TJ,A,1.0,Pakistan
UNSD:DF_UNDATA_ENERGY(1.2),A,586,3000,1214O,2022,199515.596,0,TJ,A,1.0,Pakistan
UNSD:DF_UNDATA_ENERGY(1.2),A,586,3000,1214O,2023,199104.596,0,TJ,A,1.0,Pakistan
UNSD:DF_UNDATA_ENERGY(1.2),A,586,3000,GA,2015,1309248.0,0,TJ,A,1.0,Pakistan
UNSD:DF_UNDATA_ENERGY(1.2),A,586,3000,GA,2016,1311619.36359,0,TJ,A,1.0,Pakistan
UNSD:DF_UNDATA_ENERGY(1.2),A,586,3000,GA,2017,1539322.8617,0,TJ,A,1.0,Pakistan
UNSD:DF_UNDATA_ENERGY(1.2),A,586,3000,GA,2018,1892244.397,0,TJ,A,1.0,Pakistan
UNSD:DF_UNDATA_ENERGY(1.2),A,586,3000,GA,2019,1769396.1034,0,TJ,A,1.0,Pakistan
UNSD:DF_UNDATA_ENERGY(1.2),A,586,3000,GA,2020,1792216.6997,0,TJ,A,1.0,Pakistan
UNSD:DF_UNDATA_ENERGY(1.2),A,586,3000,GA,2021,1658948.108,0,TJ,A,1.0,Pakistan
UNSD:DF_UNDATA_ENERGY(1.2),A,586,3000,GA,2022,1594786.097,0,TJ,A,1.0,Pakistan
UNSD:DF_UNDATA_ENERGY(1.2),A,586,3000,GA,2023,1644138.358,0,TJ,A,1.0,Pakistan
UNSD:DF_UNDATA_ENERGY(1.2),A,050,129,01,2015,675.8,3,TN,A,25.8,Bangladesh
UNSD:DF_UNDATA_ENERGY(1.2),A,050,129,01,2016,1021.6,3,TN,A,25.8,Bangladesh
UNSD:DF_UNDATA_ENERGY(1.2),A,050,129,01,2017,1160.7,3,TN,A,25.8,Bangladesh
UNSD:DF_UNDATA_ENERGY(1.2),A,050,129,01,2018,923.3,3,TN,A,25.8,Bangladesh
UNSD:DF_UNDATA_ENERGY(1.2),A,050,129,01,2019,805.696,3,TN,A,25.8,Bangladesh
UNSD:DF_UNDATA_ENERGY(1.2),A,050,129,01,2020,811.137,3,TN,A,25.8,Bangladesh
UNSD:DF_UNDATA_ENERGY(1.2),A,050,129,01,2021,753.973,3,TN,A,25.8,Bangladesh
UNSD:DF_UNDATA_ENERGY(1.2),A,050,129,01,2022,488.676,3,TN,A,25.8,Bangladesh
UNSD:DF_UNDATA_ENERGY(1.2),A,050,129,01,2023,767.307,3,TN,A,25.8,Bangladesh
UNSD:DF_UNDATA_ENERGY(1.2),A,050,129,03,2015,3651.0,3,TN,A,25.8,Bangladesh
UNSD:DF_UNDATA_ENERGY(1.2),A,050,129,03,2016,2184.0,3,TN,A,25.8,Bangladesh
UNSD:DF_UNDATA_ENERGY(1.2),A,050,129,03,2017,2614.0,3,TN,A,25.8,Bangladesh
UNSD:DF_UNDATA_ENERGY(1.2),A,050,129,03,2018,3394.7,3,TN,A,25.8,Bangladesh
UNSD:DF_UNDATA_ENERGY(1.2),A,050,129,03,2019,3776.0,3,TN,A,25.8,Bangladesh
UNSD:DF_UNDATA_ENERGY(1.2),A,050,129,03,2020,4758.046,3,TN,A,25.8,Bangladesh
UNSD:DF_UNDATA_ENERGY(1.2),A,050,129,03,2021,6751.0,3,TN,A,25.8,Bangladesh
UNSD:DF_UNDATA_ENERGY(1.2),A,050,129,03,2022,8036.072,3,TN,A,25.8,Bangladesh
UNSD:DF_UNDATA_ENERGY(1.2),A,050,129,03,2023,7103.0,3,TN,A,25.8,Bangladesh
UNSD:DF_UNDATA_ENERGY(1.2),A,050,129,08811,2015,523.0,3,TN,A,25.8,Bangladesh
UNSD:DF_UNDATA_ENERGY(1.2),A,050,129,08811,2016,490.0,3,TN,A,25.8,Bangladesh
UNSD:DF_UNDATA_ENERGY(1.2),A,050,129,08811,2017,590.0,3,TN,A,25.8,Bangladesh
UNSD:DF_UNDATA_ENERGY(1.2),A,050,129,08811,2018,820.0,3,TN,A,25.8,Bangladesh
UNSD:DF_UNDATA_ENERGY(1.2),A,050,129,08811,2019,570.0,3,TN,A,25.8,Bangladesh
UNSD:DF_UNDATA_ENERGY(1.2),A,050,129,08811,2020,1240.0,3,TN,A,25.8,Bangladesh
UNSD:DF_UNDATA_ENERGY(1.2),A,050,129,08811,2021,2482.98,3,TN,A,25.8,Bangladesh
UNSD:DF_UNDATA_ENERGY(1.2),A,050,129,08811,2022,2383.692,3,TN,A,25.8,Bangladesh
UNSD:DF_UNDATA_ENERGY(1.2),A,050,129,08811,2023,4550.0,3,TN,A,25.8,Bangladesh
UNSD:DF_UNDATA_ENERGY(1.2),A,050,129,121,2015,3977.8,3,TN,E,25.8,Bangladesh
UNSD:DF_UNDATA_ENERGY(1.2),A,050,129,121,2016,2692.6,3,TN,A,25.8,Bangladesh
UNSD:DF_UNDATA_ENERGY(1.2),A,050,129,121,2017,3160.7,3,TN,E,25.8,Bangladesh
UNSD:DF_UNDATA_ENERGY(1.2),A,050,129,121,2018,3459.5,3,TN,E,25.8,Bangladesh
UNSD:DF_UNDATA_ENERGY(1.2),A,050,129,121,2019,3983.602,3,TN,A,25.8,Bangladesh
UNSD:DF_UNDATA_ENERGY(1.2),A,050,129,121,2020,4120.976,3,TN,A,25.8,Bangladesh
UNSD:DF_UNDATA_ENERGY(1.2),A,050,129,121,2021,5021.0,3,TN,A,25.8,Bangladesh
UNSD:DF_UNDATA_ENERGY(1.2),A,050,129,121,2022,4244.54,3,TN,A,25.8,Bangladesh
UNSD:DF_UNDATA_ENERGY(1.2),A,050,129,121,2023,3126.0,3,TN,A,25.8,Bangladesh
UNSD:DF_UNDATA_ENERGY(1.2),A,050,129,1214B,2015,836.3,3,TN,A,25.8,Bangladesh
UNSD:DF_UNDATA_ENERGY(1.2),A,050,129,1214B,2016,916.4,3,TN,A,25.8,Bangladesh
UNSD:DF_UNDATA_ENERGY(1.2),A,050,129,1214B,2017,927.1,3,TN,A,25.8,Bangladesh
UNSD:DF_UNDATA_ENERGY(1.2),A,050,129,1214B,2018,1093.4,3,TN,A,25.8,Bangladesh
UNSD:DF_UNDATA_ENERGY(1.2),A,050,129,1214B,2019,3983.602,3,TN,A,25.8,Bangladesh
UNSD:DF_UNDATA_ENERGY(1.2),A,050,129,1214B,2020,4120.976,3,TN,A,25.8,Bangladesh
UNSD:DF_UNDATA_ENERGY(1.2),A,050,129,1214B,2021,5021.0,3,TN,A,25.8,Bangladesh
UNSD:DF_UNDATA_ENERGY(1.2),A,050,129,1214B,2022,4244.54,3,TN,A,25.8,Bangladesh
UNSD:DF_UNDATA_ENERGY(1.2),A,050,129,1214B,2023,3126.0,3,TN,A,25.8,Bangladesh
UNSD:DF_UNDATA_ENERGY(1.2),A,050,129,1214O,2015,3141.5,3,TN,E,25.8,Bangladesh
UNSD:DF_UNDATA_ENERGY(1.2),A,050,129,1214O,2016,1776.2,3,TN,E,25.8,Bangladesh
UNSD:DF_UNDATA_ENERGY(1.2),A,050,129,1214O,2017,2233.6,3,TN,E,25.8,Bangladesh
UNSD:DF_UNDATA_ENERGY(1.2),A,050,129,1214O,2018,2366.1,3,TN,E,25.8,Bangladesh
UNSD:DF_UNDATA_ENERGY(1.2),A,050,129,GA,2015,4523.8,3,TN,A,25.8,Bangladesh
UNSD:DF_UNDATA_ENERGY(1.2),A,050,129,GA,2016,3205.6,3,TN,A,25.8,Bangladesh
UNSD:DF_UNDATA_ENERGY(1.2),A,050,129,GA,2017,3774.7,3,TN,A,25.8,Bangladesh
UNSD:DF_UNDATA_ENERGY(1.2),A,050,129,GA,2018,4318.0,3,TN,A,25.8,Bangladesh
UNSD:DF_UNDATA_ENERGY(1.2),A,050,129,GA,2019,4581.696,3,TN,A,25.8,Bangladesh
UNSD:DF_UNDATA_ENERGY(1.2),A,050,129,GA,2020,5569.183,3,TN,A,25.8,Bangladesh
UNSD:DF_UNDATA_ENERGY(1.2),A,050,129,GA,2021,7504.973,3,TN,A,25.8,Bangladesh
UNSD:DF_UNDATA_ENERGY(1.2),A,050,129,GA,2022,8524.748,3,TN,A,25.8,Bangladesh
UNSD:DF_UNDATA_ENERGY(1.2),A,050,129,GA,2023,7870.307,3,TN,A,25.8,Bangladesh
UNSD:DF_UNDATA_ENERGY(1.2),A,050,220,03,2015,32.0,3,TN,A,11.9,Bangladesh
UNSD:DF_UNDATA_ENERGY(1.2),A,050,220,03,2016,0.0,3,TN,A,11.9,Bangladesh
UNSD:DF_UNDATA_ENERGY(1.2),A,050,220,121,2015,32.0,3,TN,A,11.9,Bangladesh
UNSD:DF_UNDATA_ENERGY(1.2),A,050,220,1214O,2015,32.0,3,TN,A,11.9,Bangladesh
UNSD:DF_UNDATA_ENERGY(1.2),A,050,220,GA,2015,32.0,3,TN,A,11.9,Bangladesh
UNSD:DF_UNDATA_ENERGY(1.2),A,050,220,GA,2016,0.0,3,TN,A,11.9,Bangladesh
UNSD:DF_UNDATA_ENERGY(1.2),A,050,3000,01,2015,985805.121471,0,TJ,A,1.0,Bangladesh
UNSD:DF_UNDATA_ENERGY(1.2),A,050,3000,01,2016,1075389.689355,0,TJ,A,1.0,Bangladesh
UNSD:DF_UNDATA_ENERGY(1.2),A,050,3000,01,2017,1070945.548644,0,TJ,A,1.0,Bangladesh
UNSD:DF_UNDATA_ENERGY(1.2),A,050,3000,01,2018,1070345.366643,0,TJ,A,1.0,Bangladesh
UNSD:DF_UNDATA_ENERGY(1.2),A,050,3000,01,2019,1077787.041,0,TJ,A,1.0,Bangladesh
UNSD:DF_UNDATA_ENERGY(1.2),A,050,3000,01,2020,973151.0,0,TJ,A,1.0,Bangladesh
UNSD:DF_UNDATA_ENERGY(1.2),A,050,3000,01,2021,983712.1,0,TJ,A,1.0,Bangladesh
UNSD:DF_UNDATA_ENERGY(1.2),A,050,3000,01,2022,929497.5,0,TJ,A,1.0,Bangladesh
UNSD:DF_UNDATA_ENERGY(1.2),A,050,3000,01,2023,883654.074663,0,TJ,A,1.0,Bangladesh
UNSD:DF_UNDATA_ENERGY(1.2),A,050,3000,03,2019,130002.388,0,TJ,A,1.0,Bangladesh
UNSD:DF_UNDATA_ENERGY(1.2),A,050,3000,03,2020,249068.0,0,TJ,A,1.0,Bangladesh
UNSD:DF_UNDATA_ENERGY(1.2),A,050,3000,03,2021,239120.3,0,TJ,A,1.0,Bangladesh
UNSD:DF_UNDATA_ENERGY(1.2),A,050,3000,03,2022,265478.2,0,TJ,A,1.0,Bangladesh
UNSD:DF_UNDATA_ENERGY(1.2),A,050,3000,03,2023,224535.0,0,TJ,A,1.0,Bangladesh
UNSD:DF_UNDATA_ENERGY(1.2),A,050,3000,08811,2015,391987.289487,0,TJ,A,1.0,Bangladesh
UNSD:DF_UNDATA_ENERGY(1.2),A,050,3000,08811,2016,368440.301163,0,TJ,A,1.0,Bangladesh
UNSD:DF_UNDATA_ENERGY(1.2),A,050,3000,08811,2017,445915.365054,0,TJ,A,1.0,Bangladesh
UNSD:DF_UNDATA_ENERGY(1.2),A,050,3000,08811,2018,440485.319757,0,TJ,A,1.0,Bangladesh
UNSD:DF_UNDATA_ENERGY(1.2),A,050,3000,08811,2019,505328.249,0,TJ,A,1.0,Bangladesh
UNSD:DF_UNDATA_ENERGY(1.2),A,050,3000,08811,2020,510901.284,0,TJ,A,1.0,Bangladesh
UNSD:DF_UNDATA_ENERGY(1.2),A,050,3000,08811,2021,471108.8,0,TJ,A,1.0,Bangladesh
UNSD:DF_UNDATA_ENERGY(1.2),A,050,3000,08811,2022,443745.1,0,TJ,A,1.0,Bangladesh
UNSD:DF_UNDATA_ENERGY(1.2),A,050,3000,08811,2023,430710.0,0,TJ,A,1.0,Bangladesh
UNSD:DF_UNDATA_ENERGY(1.2),A,050,3000,08812,2015,167685.0,0,TJ,A,1.0,Bangladesh
UNSD:DF_UNDATA_ENERGY(1.2),A,050,3000,08812,2016,179666.0,0,TJ,A,1.0,Bangladesh
UNSD:DF_UNDATA_ENERGY(1.2),A,050,3000,08812,2017,179643.17,0,TJ,A,1.0,Bangladesh
UNSD:DF_UNDATA_ENERGY(1.2),A,050,3000,08812,2018,179745.8,0,TJ,A,1.0,Bangladesh
UNSD:DF_UNDATA_ENERGY(1.2),A,050,3000,08812,2019,176511.863,0,TJ,A,1.0,Bangladesh
UNSD:DF_UNDATA_ENERGY(1.2),A,050,3000,08812,2020,169889.526,0,TJ,A,1.0,Bangladesh
UNSD:DF_UNDATA_ENERGY(1.2),A,050,3000,08812,2021,187083.7,0,TJ,A,1.0,Bangladesh
UNSD:DF_UNDATA_ENERGY(1.2),A,050,3000,08812,2022,193963.9,0,TJ,A,1.0,Bangladesh
UNSD:DF_UNDATA_ENERGY(1.2),A,050,3000,08812,2023,181619.0,0,TJ,A,1.0,Bangladesh
UNSD:DF_UNDATA_ENERGY(1.2),A,050,3000,121,2015,163222.696845,0,TJ,A,1.0,Bangladesh
UNSD:DF_UNDATA_ENERGY(1.2),A,050,3000,121,2016,172371.443442,0,TJ,A,1.0,Bangladesh
UNSD:DF_UNDATA_ENERGY(1.2),A,050,3000,121,2017,177349.937727,0,TJ,A,1.0,Bangladesh
UNSD:DF_UNDATA_ENERGY(1.2),A,050,3000,121,2018,177379.515645,0,TJ,A,1.0,Bangladesh
UNSD:DF_UNDATA_ENERGY(1.2),A,050,3000,121,2019,185477.545,0,TJ,A,1.0,Bangladesh
UNSD:DF_UNDATA_ENERGY(1.2),A,050,3000,121,2020,174484.163,0,TJ,A,1.0,Bangladesh
UNSD:DF_UNDATA_ENERGY(1.2),A,050,3000,121,2021,201136.0,0,TJ,A,1.0,Bangladesh
UNSD:DF_UNDATA_ENERGY(1.2),A,050,3000,121,2022,210866.0,0,TJ,A,1.0,Bangladesh
UNSD:DF_UNDATA_ENERGY(1.2),A,050,3000,121,2023,197768.0,0,TJ,A,1.0,Bangladesh
UNSD:DF_UNDATA_ENERGY(1.2),A,050,3000,1214I,2017,1119.272,0,TJ,A,1.0,Bangladesh
UNSD:DF_UNDATA_ENERGY(1.2),A,050,3000,1214I,2018,1007.92,0,TJ,A,1.0,Bangladesh
UNSD:DF_UNDATA_ENERGY(1.2),A,050,3000,1214I,2019,1120.71,0,TJ,A,1.0,Bangladesh
UNSD:DF_UNDATA_ENERGY(1.2),A,050,3000,1214O,2015,163222.696845,0,TJ,A,1.0,Bangladesh
UNSD:DF_UNDATA_ENERGY(1.2),A,050,3000,1214O,2016,172371.443442,0,TJ,A,1.0,Bangladesh
UNSD:DF_UNDATA_ENERGY(1.2),A,050,3000,1214O,2017,176230.665727,0,TJ,A,1.0,Bangladesh
UNSD:DF_UNDATA_ENERGY(1.2),A,050,3000,1214O,2018,176371.595645,0,TJ,A,1.0,Bangladesh
UNSD:DF_UNDATA_ENERGY(1.2),A,050,3000,1214O,2019,184356.835,0,TJ,A,1.0,Bangladesh
UNSD:DF_UNDATA_ENERGY(1.2),A,050,3000,1214O,2020,174484.163,0,TJ,A,1.0,Bangladesh
UNSD:DF_UNDATA_ENERGY(1.2),A,050,3000,1214O,2021,201136.0,0,TJ,A,1.0,Bangladesh
UNSD:DF_UNDATA_ENERGY(1.2),A,050,3000,1214O,2022,210866.0,0,TJ,A,1.0,Bangladesh
UNSD:DF_UNDATA_ENERGY(1.2),A,050,3000,1214O,2023,197768.0,0,TJ,A,1.0,Bangladesh
UNSD:DF_UNDATA_ENERGY(1.2),A,050,3000,GA,2015,985805.121471,0,TJ,A,1.0,Bangladesh
UNSD:DF_UNDATA_ENERGY(1.2),A,050,3000,GA,2016,1075389.689355,0,TJ,A,1.0,Bangladesh
UNSD:DF_UNDATA_ENERGY(1.2),A,050,3000,GA,2017,1070945.548644,0,TJ,A,1.0,Bangladesh
UNSD:DF_UNDATA_ENERGY(1.2),A,050,3000,GA,2018,1070345.366643,0,TJ,A,1.0,Bangladesh
UNSD:DF_UNDATA_ENERGY(1.2),A,050,3000,GA,2019,1207789.429,0,TJ,A,1.0,Bangladesh
UNSD:DF_UNDATA_ENERGY(1.2),A,050,3000,GA,2020,1222219.0,0,TJ,A,1.0,Bangladesh
UNSD:DF_UNDATA_ENERGY(1.2),A,050,3000,GA,2021,1222832.4,0,TJ,A,1.0,Bangladesh
UNSD:DF_UNDATA_ENERGY(1.2),A,050,3000,GA,2022,1194975.7,0,TJ,A,1.0,Bangladesh
UNSD:DF_UNDATA_ENERGY(1.2),A,050,3000,GA,2023,1108189.074663,0,TJ,A,1.0,Bangladesh
UNSD:DF_UNDATA_ENERGY(1.2),A,764,129,03,2015,23798.0,3,TN,A,25.8,Thailand
UNSD:DF_UNDATA_ENERGY(1.2),A,764,129,03,2016,22399.0,3,TN,A,25.8,Thailand
UNSD:DF_UNDATA_ENERGY(1.2),A,764,129,03,2017,23123.0,3,TN,A,25.8,Thailand
UNSD:DF_UNDATA_ENERGY(1.2),A,764,129,03,2018,7995.0,3,TN,A,25.8,Thailand
UNSD:DF_UNDATA_ENERGY(1.2),A,764,129,03,2019,8272.0,3,TN,A,25.8,Thailand
UNSD:DF_UNDATA_ENERGY(1.2),A,764,129,03,2020,8355.0,3,TN,A,25.8,Thailand
UNSD:DF_UNDATA_ENERGY(1.2),A,764,129,03,2021,8763.0,3,TN,A,25.8,Thailand
UNSD:DF_UNDATA_ENERGY(1.2),A,764,129,03,2022,6150.0,3,TN,A,25.8,Thailand
UNSD:DF_UNDATA_ENERGY(1.2),A,764,129,03,2023,6241.0,3,TN,A,25.8,Thailand
UNSD:DF_UNDATA_ENERGY(1.2),A,764,129,08811,2015,5859.0,3,TN,A,25.8,Thailand
UNSD:DF_UNDATA_ENERGY(1.2),A,764,129,08811,2016,5999.0,3,TN,A,25.8,Thailand
UNSD:DF_UNDATA_ENERGY(1.2),A,764,129,08811,2017,5716.0,3,TN,A,25.8,Thailand
UNSD:DF_UNDATA_ENERGY(1.2),A,764,129,08811,2018,5333.0,3,TN,A,25.8,Thailand
UNSD:DF_UNDATA_ENERGY(1.2),A,764,129,08811,2019,5110.0,3,TN,A,25.8,Thailand
UNSD:DF_UNDATA_ENERGY(1.2),A,764,129,08811,2020,5286.0,3,TN,A,25.8,Thailand
UNSD:DF_UNDATA_ENERGY(1.2),A,764,129,08811,2021,4698.0,3,TN,A,25.8,Thailand
UNSD:DF_UNDATA_ENERGY(1.2),A,764,129,08811,2022,4731.0,3,TN,A,25.8,Thailand
UNSD:DF_UNDATA_ENERGY(1.2),A,764,129,08811,2023,3661.0,3,TN,A,25.8,Thailand
UNSD:DF_UNDATA_ENERGY(1.2),A,764,129,08812,2015,2350.0,3,TN,A,25.8,Thailand
UNSD:DF_UNDATA_ENERGY(1.2),A,764,129,08812,2016,2365.0,3,TN,A,25.8,Thailand
UNSD:DF_UNDATA_ENERGY(1.2),A,764,129,08812,2017,2120.0,3,TN,A,25.8,Thailand
UNSD:DF_UNDATA_ENERGY(1.2),A,764,129,121,2015,12109.0,3,TN,A,25.8,Thailand
UNSD:DF_UNDATA_ENERGY(1.2),A,764,129,121,2016,9130.0,3,TN,A,25.8,Thailand
UNSD:DF_UNDATA_ENERGY(1.2),A,764,129,121,2017,11522.0,3,TN,A,25.8,Thailand
UNSD:DF_UNDATA_ENERGY(1.2),A,764,129,121,2018,1320.0,3,TN,A,25.8,Thailand
UNSD:DF_UNDATA_ENERGY(1.2),A,764,129,121,2019,1436.0,3,TN,A,25.8,Thailand
UNSD:DF_UNDATA_ENERGY(1.2),A,764,129,121,2020,1560.0,3,TN,A,25.8,Thailand
UNSD:DF_UNDATA_ENERGY(1.2),A,764,129,121,2021,1238.0,3,TN,A,25.8,Thailand
UNSD:DF_UNDATA_ENERGY(1.2),A,764,129,121,2022,1607.0,3,TN,A,25.8,Thailand
UNSD:DF_UNDATA_ENERGY(1.2),A,764,129,121,2023,1327.0,3,TN,A,25.8,Thailand
UNSD:DF_UNDATA_ENERGY(1.2),A,764,129,1211,2018,41.0,3,TN,A,25.8,Thailand
UNSD:DF_UNDATA_ENERGY(1.2),A,764,129,1211,2019,54.0,3,TN,A,25.8,Thailand
UNSD:DF_UNDATA_ENERGY(1.2),A,764,129,1211,2020,44.0,3,TN,A,25.8,Thailand
UNSD:DF_UNDATA_ENERGY(1.2),A,764,129,1211,2021,35.0,3,TN,A,25.8,Thailand
UNSD:DF_UNDATA_ENERGY(1.2),A,764,129,1211,2022,46.0,3,TN,A,25.8,Thailand
UNSD:DF_UNDATA_ENERGY(1.2),A,764,129,1211,2023,9.0,3,TN,A,25.8,Thailand
UNSD:DF_UNDATA_ENERGY(1.2),A,764,129,1213,2018,75.0,3,TN,A,25.8,Thailand
UNSD:DF_UNDATA_ENERGY(1.2),A,764,129,1213,2019,120.0,3,TN,A,25.8,Thailand
UNSD:DF_UNDATA_ENERGY(1.2),A,764,129,1213,2020,157.0,3,TN,A,25.8,Thailand
UNSD:DF_UNDATA_ENERGY(1.2),A,764,129,1213,2021,120.0,3,TN,A,25.8,Thailand
UNSD:DF_UNDATA_ENERGY(1.2),A,764,129,1213,2022,94.0,3,TN,A,25.8,Thailand
UNSD:DF_UNDATA_ENERGY(1.2),A,764,129,1213,2023,81.0,3,TN,A,25.8,Thailand
UNSD:DF_UNDATA_ENERGY(1.2),A,764,129,1214B,2015,10245.0,3,TN,A,25.8,Thailand
UNSD:DF_UNDATA_ENERGY(1.2),A,764,129,1214B,2016,7725.0,3,TN,A,25.8,Thailand
UNSD:DF_UNDATA_ENERGY(1.2),A,764,129,1214B,2017,9748.899,3,TN,A,25.8,Thailand
UNSD:DF_UNDATA_ENERGY(1.2),A,764,129,1214B,2018,567.0,3,TN,A,25.8,Thailand
UNSD:DF_UNDATA_ENERGY(1.2),A,764,129,1214B,2019,389.0,3,TN,A,25.8,Thailand
UNSD:DF_UNDATA_ENERGY(1.2),A,764,129,1214B,2020,282.0,3,TN,A,25.8,Thailand
UNSD:DF_UNDATA_ENERGY(1.2),A,764,129,1214B,2021,223.0,3,TN,A,25.8,Thailand
UNSD:DF_UNDATA_ENERGY(1.2),A,764,129,1214B,2022,186.0,3,TN,A,25.8,Thailand
UNSD:DF_UNDATA_ENERGY(1.2),A,764,129,1214B,2023,546.0,3,TN,A,25.8,Thailand
UNSD:DF_UNDATA_ENERGY(1.2),A,764,129,1214D,2020,0.0,3,TN,A,25.8,Thailand
UNSD:DF_UNDATA_ENERGY(1.2),A,764,129,1214D,2021,0.0,3,TN,A,25.8,Thailand
UNSD:DF_UNDATA_ENERGY(1.2),A,764,129,1214D,2022,0.0,3,TN,A,25.8,Thailand
UNSD:DF_UNDATA_ENERGY(1.2),A,764,129,1214D,2023,1.0,3,TN,A,25.8,Thailand
UNSD:DF_UNDATA_ENERGY(1.2),A,764,129,1214F,2015,645.0,3,TN,A,25.8,Thailand
UNSD:DF_UNDATA_ENERGY(1.2),A,764,129,1214F,2016,486.0,3,TN,A,25.8,Thailand
UNSD:DF_UNDATA_ENERGY(1.2),A,764,129,1214F,2017,613.329,3,TN,A,25.8,Thailand
UNSD:DF_UNDATA_ENERGY(1.2),A,764,129,1214F,2018,205.0,3,TN,A,25.8,Thailand
UNSD:DF_UNDATA_ENERGY(1.2),A,764,129,1214F,2019,353.0,3,TN,A,25.8,Thailand
UNSD:DF_UNDATA_ENERGY(1.2),A,764,129,1214F,2020,537.0,3,TN,A,25.8,Thailand
UNSD:DF_UNDATA_ENERGY(1.2),A,764,129,1214F,2021,429.0,3,TN,A,25.8,Thailand
UNSD:DF_UNDATA_ENERGY(1.2),A,764,129,1214F,2022,905.0,3,TN,A,25.8,Thailand
UNSD:DF_UNDATA_ENERGY(1.2),A,764,129,1214F,2023,311.0,3,TN,A,25.8,Thailand
UNSD:DF_UNDATA_ENERGY(1.2),A,764,129,1214G,2018,304.0,3,TN,A,25.8,Thailand
UNSD:DF_UNDATA_ENERGY(1.2),A,764,129,1214G,2019,314.0,3,TN,A,25.8,Thailand
UNSD:DF_UNDATA_ENERGY(1.2),A,764,129,1214G,2020,329.0,3,TN,A,25.8,Thailand
UNSD:DF_UNDATA_ENERGY(1.2),A,764,129,1214G,2021,261.0,3,TN,A,25.8,Thailand
UNSD:DF_UNDATA_ENERGY(1.2),A,764,129,1214G,2022,215.0,3,TN,A,25.8,Thailand
UNSD:DF_UNDATA_ENERGY(1.2),A,764,129,1214G,2023,304.0,3,TN,A,25.8,Thailand
UNSD:DF_UNDATA_ENERGY(1.2),A,764,129,1214J,2018,128.0,3,TN,A,25.8,Thailand
UNSD:DF_UNDATA_ENERGY(1.2),A,764,129,1214J,2019,206.0,3,TN,A,25.8,Thailand
UNSD:DF_UNDATA_ENERGY(1.2),A,764,129,1214J,2020,211.0,3,TN,A,25.8,Thailand
UNSD:DF_UNDATA_ENERGY(1.2),A,764,129,1214J,2021,168.0,3,TN,A,25.8,Thailand
UNSD:DF_UNDATA_ENERGY(1.2),A,764,129,1214J,2022,140.0,3,TN,A,25.8,Thailand
UNSD:DF_UNDATA_ENERGY(1.2),A,764,129,1214J,2023,74.0,3,TN,A,25.8,Thailand
UNSD:DF_UNDATA_ENERGY(1.2),A,764,129,1214O,2015,1219.0,3,TN,A,25.8,Thailand
UNSD:DF_UNDATA_ENERGY(1.2),A,764,129,1214O,2016,919.0,3,TN,A,25.8,Thailand
UNSD:DF_UNDATA_ENERGY(1.2),A,764,129,1214O,2017,1159.772,3,TN,A,25.8,Thailand
UNSD:DF_UNDATA_ENERGY(1.2),A,764,129,1214O,2018,0.0,3,TN,A,25.8,Thailand
UNSD:DF_UNDATA_ENERGY(1.2),A,764,129,1214O,2019,0.0,3,TN,A,25.8,Thailand
UNSD:DF_UNDATA_ENERGY(1.2),A,764,129,1214O,2020,0.0,3,TN,A,25.8,Thailand
UNSD:DF_UNDATA_ENERGY(1.2),A,764,129,1214O,2021,2.0,3,TN,A,25.8,Thailand
UNSD:DF_UNDATA_ENERGY(1.2),A,764,129,1214O,2022,21.0,3,TN,A,25.8,Thailand
UNSD:DF_UNDATA_ENERGY(1.2),A,764,129,1214O,2023,1.0,3,TN,A,25.8,Thailand
UNSD:DF_UNDATA_ENERGY(1.2),A,764,129,GA,2015,20318.0,3,TN,A,25.8,Thailand
UNSD:DF_UNDATA_ENERGY(1.2),A,764,129,GA,2016,17495.0,3,TN,A,25.8,Thailand
UNSD:DF_UNDATA_ENERGY(1.2),A,764,129,GA,2017,19358.0,3,TN,A,25.8,Thailand
UNSD:DF_UNDATA_ENERGY(1.2),A,764,129,GA,2018,7921.0,3,TN,A,25.8,Thailand
UNSD:DF_UNDATA_ENERGY(1.2),A,764,129,GA,2019,8239.0,3,TN,A,25.8,Thailand
UNSD:DF_UNDATA_ENERGY(1.2),A,764,129,GA,2020,8321.0,3,TN,A,25.8,Thailand
UNSD:DF_UNDATA_ENERGY(1.2),A,764,129,GA,2021,8712.0,3,TN,A,25.8,Thailand
UNSD:DF_UNDATA_ENERGY(1.2),A,764,129,GA,2022,6131.0,3,TN,A,25.8,Thailand
UNSD:DF_UNDATA_ENERGY(1.2),A,764,129,GA,2023,6231.0,3,TN,A,25.8,Thailand
UNSD:DF_UNDATA_ENERGY(1.2),A,764,210,03,2018,16728.0,3,TN,A,18.9,Thailand
UNSD:DF_UNDATA_ENERGY(1.2),A,764,210,03,2019,13010.0,3,TN,A,18.9,Thailand
UNSD:DF_UNDATA_ENERGY(1.2),A,764,210,03,2020,15379.0,3,TN,A,18.9,Thailand
UNSD:DF_UNDATA_ENERGY(1.2),A,764,210,03,2021,15030.0,3,TN,A,18.9,Thailand
UNSD:DF_UNDATA_ENERGY(1.2),A,764,210,03,2022,15107.0,3,TN,A,18.9,Thailand
UNSD:DF_UNDATA_ENERGY(1.2),A,764,210,03,2023,11659.0,3,TN,A,18.9,Thailand
UNSD:DF_UNDATA_ENERGY(1.2),A,764,210,08811,2018,1016.0,3,TN,A,18.9,Thailand
UNSD:DF_UNDATA_ENERGY(1.2),A,764,210,08811,2019,1181.0,3,TN,A,18.9,Thailand
UNSD:DF_UNDATA_ENERGY(1.2),A,764,210,08811,2020,1240.0,3,TN,A,18.9,Thailand
UNSD:DF_UNDATA_ENERGY(1.2),A,764,210,08811,2021,1102.0,3,TN,A,18.9,Thailand
UNSD:DF_UNDATA_ENERGY(1.2),A,764,210,08811,2022,1146.0,3,TN,A,18.9,Thailand
UNSD:DF_UNDATA_ENERGY(1.2),A,764,210,08811,2023,887.0,3,TN,A,18.9,Thailand
UNSD:DF_UNDATA_ENERGY(1.2),A,764,210,121,2018,9314.0,3,TN,A,18.9,Thailand
UNSD:DF_UNDATA_ENERGY(1.2),A,764,210,121,2019,9653.0,3,TN,A,18.9,Thailand
UNSD:DF_UNDATA_ENERGY(1.2),A,764,210,121,2020,10999.0,3,TN,A,18.9,Thailand
UNSD:DF_UNDATA_ENERGY(1.2),A,764,210,121,2021,8702.0,3,TN,A,18.9,Thailand
UNSD:DF_UNDATA_ENERGY(1.2),A,764,210,121,2022,11506.0,3,TN,A,18.9,Thailand
UNSD:DF_UNDATA_ENERGY(1.2),A,764,210,121,2023,8257.0,3,TN,A,18.9,Thailand
UNSD:DF_UNDATA_ENERGY(1.2),A,764,210,1211,2018,1.0,3,TN,A,18.9,Thailand
UNSD:DF_UNDATA_ENERGY(1.2),A,764,210,1213,2018,223.0,3,TN,A,18.9,Thailand
UNSD:DF_UNDATA_ENERGY(1.2),A,764,210,1213,2019,139.0,3,TN,A,18.9,Thailand
UNSD:DF_UNDATA_ENERGY(1.2),A,764,210,1213,2020,159.0,3,TN,A,18.9,Thailand
UNSD:DF_UNDATA_ENERGY(1.2),A,764,210,1213,2021,125.0,3,TN,A,18.9,Thailand
UNSD:DF_UNDATA_ENERGY(1.2),A,764,210,1213,2022,167.0,3,TN,A,18.9,Thailand
UNSD:DF_UNDATA_ENERGY(1.2),A,764,210,1213,2023,120.0,3,TN,A,18.9,Thailand
UNSD:DF_UNDATA_ENERGY(1.2),A,764,210,1214B,2018,6941.0,3,TN,A,18.9,Thailand
UNSD:DF_UNDATA_ENERGY(1.2),A,764,210,1214B,2019,7535.0,3,TN,A,18.9,Thailand
UNSD:DF_UNDATA_ENERGY(1.2),A,764,210,1214B,2020,8586.0,3,TN,A,18.9,Thailand
UNSD:DF_UNDATA_ENERGY(1.2),A,764,210,1214B,2021,6793.0,3,TN,A,18.9,Thailand
UNSD:DF_UNDATA_ENERGY(1.2),A,764,210,1214B,2022,8981.0,3,TN,A,18.9,Thailand
UNSD:DF_UNDATA_ENERGY(1.2),A,764,210,1214B,2023,6444.0,3,TN,A,18.9,Thailand
UNSD:DF_UNDATA_ENERGY(1.2),A,764,210,1214F,2018,584.0,3,TN,A,18.9,Thailand
UNSD:DF_UNDATA_ENERGY(1.2),A,764,210,1214F,2019,341.0,3,TN,A,18.9,Thailand
UNSD:DF_UNDATA_ENERGY(1.2),A,764,210,1214F,2020,388.0,3,TN,A,18.9,Thailand
UNSD:DF_UNDATA_ENERGY(1.2),A,764,210,1214F,2021,308.0,3,TN,A,18.9,Thailand
UNSD:DF_UNDATA_ENERGY(1.2),A,764,210,1214F,2022,405.0,3,TN,A,18.9,Thailand
UNSD:DF_UNDATA_ENERGY(1.2),A,764,210,1214F,2023,291.0,3,TN,A,18.9,Thailand
UNSD:DF_UNDATA_ENERGY(1.2),A,764,210,1214G,2018,1112.0,3,TN,A,18.9,Thailand
UNSD:DF_UNDATA_ENERGY(1.2),A,764,210,1214G,2019,1170.0,3,TN,A,18.9,Thailand
UNSD:DF_UNDATA_ENERGY(1.2),A,764,210,1214G,2020,1331.0,3,TN,A,18.9,Thailand
UNSD:DF_UNDATA_ENERGY(1.2),A,764,210,1214G,2021,1054.0,3,TN,A,18.9,Thailand
UNSD:DF_UNDATA_ENERGY(1.2),A,764,210,1214G,2022,1394.0,3,TN,A,18.9,Thailand
UNSD:DF_UNDATA_ENERGY(1.2),A,764,210,1214G,2023,1000.0,3,TN,A,18.9,Thailand
UNSD:DF_UNDATA_ENERGY(1.2),A,764,210,1214J,2018,441.0,3,TN,A,18.9,Thailand
UNSD:DF_UNDATA_ENERGY(1.2),A,764,210,1214J,2019,444.0,3,TN,A,18.9,Thailand
UNSD:DF_UNDATA_ENERGY(1.2),A,764,210,1214J,2020,506.0,3,TN,A,18.9,Thailand
UNSD:DF_UNDATA_ENERGY(1.2),A,764,210,1214J,2021,400.0,3,TN,A,18.9,Thailand
UNSD:DF_UNDATA_ENERGY(1.2),A,764,210,1214J,2022,529.0,3,TN,A,18.9,Thailand
UNSD:DF_UNDATA_ENERGY(1.2),A,764,210,1214J,2023,380.0,3,TN,A,18.9,Thailand
UNSD:DF_UNDATA_ENERGY(1.2),A,764,210,1214O,2018,12.0,3,TN,A,18.9,Thailand
UNSD:DF_UNDATA_ENERGY(1.2),A,764,210,1214O,2019,24.0,3,TN,A,18.9,Thailand
UNSD:DF_UNDATA_ENERGY(1.2),A,764,210,1214O,2020,29.0,3,TN,A,18.9,Thailand
UNSD:DF_UNDATA_ENERGY(1.2),A,764,210,1214O,2021,22.0,3,TN,A,18.9,Thailand
UNSD:DF_UNDATA_ENERGY(1.2),A,764,210,1214O,2022,30.0,3,TN,A,18.9,Thailand
UNSD:DF_UNDATA_ENERGY(1.2),A,764,210,1214O,2023,22.0,3,TN,A,18.9,Thailand
UNSD:DF_UNDATA_ENERGY(1.2),A,764,210,GA,2018,16718.0,3,TN,A,18.9,Thailand
UNSD:DF_UNDATA_ENERGY(1.2),A,764,210,GA,2019,12984.0,3,TN,A,18.9,Thailand
UNSD:DF_UNDATA_ENERGY(1.2),A,764,210,GA,2020,15350.0,3,TN,A,18.9,Thailand
UNSD:DF_UNDATA_ENERGY(1.2),A,764,210,GA,2021,14929.0,3,TN,A,18.9,Thailand
UNSD:DF_UNDATA_ENERGY(1.2),A,764,210,GA,2022,14941.0,3,TN,A,18.9,Thailand
UNSD:DF_UNDATA_ENERGY(1.2),A,764,210,GA,2023,11603.0,3,TN,A,18.9,Thailand
UNSD:DF_UNDATA_ENERGY(1.2),A,764,220,01,2015,15151.0,3,TN,A,11.9,Thailand
UNSD:DF_UNDATA_ENERGY(1.2),A,764,220,01,2016,16979.0,3,TN,A,11.9,Thailand
UNSD:DF_UNDATA_ENERGY(1.2),A,764,220,01,2017,16259.0,3,TN,A,11.9,Thailand
UNSD:DF_UNDATA_ENERGY(1.2),A,764,220,01,2018,14852.0,3,TN,A,11.9,Thailand
UNSD:DF_UNDATA_ENERGY(1.2),A,764,220,01,2019,14078.0,3,TN,A,11.9,Thailand
UNSD:DF_UNDATA_ENERGY(1.2),A,764,220,01,2020,13250.0,3,TN,A,11.9,Thailand
UNSD:DF_UNDATA_ENERGY(1.2),A,764,220,01,2021,14222.0,3,TN,A,11.9,Thailand
UNSD:DF_UNDATA_ENERGY(1.2),A,764,220,01,2022,13641.0,3,TN,A,11.9,Thailand
UNSD:DF_UNDATA_ENERGY(1.2),A,764,220,01,2023,12812.0,3,TN,A,11.9,Thailand
UNSD:DF_UNDATA_ENERGY(1.2),A,764,220,03,2016,55.0,3,TN,A,11.9,Thailand
UNSD:DF_UNDATA_ENERGY(1.2),A,764,220,03,2017,193.0,3,TN,A,11.9,Thailand
UNSD:DF_UNDATA_ENERGY(1.2),A,764,220,03,2018,226.0,3,TN,A,11.9,Thailand
UNSD:DF_UNDATA_ENERGY(1.2),A,764,220,03,2019,383.0,3,TN,A,11.9,Thailand
UNSD:DF_UNDATA_ENERGY(1.2),A,764,220,03,2020,148.0,3,TN,A,11.9,Thailand
UNSD:DF_UNDATA_ENERGY(1.2),A,764,220,03,2021,276.0,3,TN,A,11.9,Thailand
UNSD:DF_UNDATA_ENERGY(1.2),A,764,220,03,2022,256.0,3,TN,A,11.9,Thailand
UNSD:DF_UNDATA_ENERGY(1.2),A,764,220,03,2023,169.0,3,TN,A,11.9,Thailand
UNSD:DF_UNDATA_ENERGY(1.2),A,764,220,08811,2015,14484.0,3,TN,A,11.9,Thailand
UNSD:DF_UNDATA_ENERGY(1.2),A,764,220,08811,2016,16406.0,3,TN,A,11.9,Thailand
UNSD:DF_UNDATA_ENERGY(1.2),A,764,220,08811,2017,15898.0,3,TN,A,11.9,Thailand
UNSD:DF_UNDATA_ENERGY(1.2),A,764,220,08811,2018,14169.0,3,TN,A,11.9,Thailand
UNSD:DF_UNDATA_ENERGY(1.2),A,764,220,08811,2019,13761.0,3,TN,A,11.9,Thailand
UNSD:DF_UNDATA_ENERGY(1.2),A,764,220,08811,2020,13223.0,3,TN,A,11.9,Thailand
UNSD:DF_UNDATA_ENERGY(1.2),A,764,220,08811,2021,14245.0,3,TN,A,11.9,Thailand
UNSD:DF_UNDATA_ENERGY(1.2),A,764,220,08811,2022,13659.0,3,TN,A,11.9,Thailand
UNSD:DF_UNDATA_ENERGY(1.2),A,764,220,08811,2023,12744.0,3,TN,A,11.9,Thailand
UNSD:DF_UNDATA_ENERGY(1.2),A,764,220,121,2015,906.0,3,TN,A,11.9,Thailand
UNSD:DF_UNDATA_ENERGY(1.2),A,764,220,121,2016,536.0,3,TN,A,11.9,Thailand
UNSD:DF_UNDATA_ENERGY(1.2),A,764,220,121,2017,391.001,3,TN,A,11.9,Thailand
UNSD:DF_UNDATA_ENERGY(1.2),A,764,220,121,2018,418.0,3,TN,A,11.9,Thailand
UNSD:DF_UNDATA_ENERGY(1.2),A,764,220,121,2019,324.0,3,TN,A,11.9,Thailand
UNSD:DF_UNDATA_ENERGY(1.2),A,764,220,121,2020,204.0,3,TN,A,11.9,Thailand
UNSD:DF_UNDATA_ENERGY(1.2),A,764,220,121,2021,278.0,3,TN,A,11.9,Thailand
UNSD:DF_UNDATA_ENERGY(1.2),A,764,220,121,2022,174.0,3,TN,A,11.9,Thailand
UNSD:DF_UNDATA_ENERGY(1.2),A,764,220,121,2023,40.001,3,TN,A,11.9,Thailand
UNSD:DF_UNDATA_ENERGY(1.2),A,764,220,1213,2015,9.0,3,TN,A,11.9,Thailand
UNSD:DF_UNDATA_ENERGY(1.2),A,764,220,1213,2016,5.0,3,TN,A,11.9,Thailand
UNSD:DF_UNDATA_ENERGY(1.2),A,764,220,1213,2017,3.699,3,TN,A,11.9,Thailand
UNSD:DF_UNDATA_ENERGY(1.2),A,764,220,1213,2019,7.0,3,TN,A,11.9,Thailand
UNSD:DF_UNDATA_ENERGY(1.2),A,764,220,1213,2020,5.0,3,TN,A,11.9,Thailand
UNSD:DF_UNDATA_ENERGY(1.2),A,764,220,1213,2021,5.0,3,TN,A,11.9,Thailand
UNSD:DF_UNDATA_ENERGY(1.2),A,764,220,1213,2022,3.0,3,TN,A,11.9,Thailand
UNSD:DF_UNDATA_ENERGY(1.2),A,764,220,1213,2023,0.69,3,TN,A,11.9,Thailand
UNSD:DF_UNDATA_ENERGY(1.2),A,764,220,1214B,2015,800.0,3,TN,A,11.9,Thailand
UNSD:DF_UNDATA_ENERGY(1.2),A,764,220,1214B,2016,473.0,3,TN,A,11.9,Thailand
UNSD:DF_UNDATA_ENERGY(1.2),A,764,220,1214B,2017,345.207,3,TN,A,11.9,Thailand
UNSD:DF_UNDATA_ENERGY(1.2),A,764,220,1214B,2018,357.0,3,TN,A,11.9,Thailand
UNSD:DF_UNDATA_ENERGY(1.2),A,764,220,1214B,2019,314.0,3,TN,A,11.9,Thailand
UNSD:DF_UNDATA_ENERGY(1.2),A,764,220,1214B,2020,197.0,3,TN,A,11.9,Thailand
UNSD:DF_UNDATA_ENERGY(1.2),A,764,220,1214B,2021,271.0,3,TN,A,11.9,Thailand
UNSD:DF_UNDATA_ENERGY(1.2),A,764,220,1214B,2022,169.0,3,TN,A,11.9,Thailand
UNSD:DF_UNDATA_ENERGY(1.2),A,764,220,1214B,2023,38.851,3,TN,A,11.9,Thailand
UNSD:DF_UNDATA_ENERGY(1.2),A,764,220,1214F,2015,11.0,3,TN,A,11.9,Thailand
UNSD:DF_UNDATA_ENERGY(1.2),A,764,220,1214F,2016,7.0,3,TN,A,11.9,Thailand
UNSD:DF_UNDATA_ENERGY(1.2),A,764,220,1214F,2017,4.932,3,TN,A,11.9,Thailand
UNSD:DF_UNDATA_ENERGY(1.2),A,764,220,1214F,2018,53.0,3,TN,A,11.9,Thailand
UNSD:DF_UNDATA_ENERGY(1.2),A,764,220,1214G,2015,77.0,3,TN,A,11.9,Thailand
UNSD:DF_UNDATA_ENERGY(1.2),A,764,220,1214G,2016,45.0,3,TN,A,11.9,Thailand
UNSD:DF_UNDATA_ENERGY(1.2),A,764,220,1214G,2017,33.112,3,TN,A,11.9,Thailand
UNSD:DF_UNDATA_ENERGY(1.2),A,764,220,1214J,2015,9.0,3,TN,A,11.9,Thailand
UNSD:DF_UNDATA_ENERGY(1.2),A,764,220,1214J,2016,6.0,3,TN,A,11.9,Thailand
UNSD:DF_UNDATA_ENERGY(1.2),A,764,220,1214J,2017,4.051,3,TN,A,11.9,Thailand
UNSD:DF_UNDATA_ENERGY(1.2),A,764,220,1214J,2018,8.0,3,TN,A,11.9,Thailand
UNSD:DF_UNDATA_ENERGY(1.2),A,764,220,1214J,2019,3.0,3,TN,A,11.9,Thailand
UNSD:DF_UNDATA_ENERGY(1.2),A,764,220,1214J,2020,2.0,3,TN,A,11.9,Thailand
UNSD:DF_UNDATA_ENERGY(1.2),A,764,220,1214J,2021,2.0,3,TN,A,11.9,Thailand
UNSD:DF_UNDATA_ENERGY(1.2),A,764,220,1214J,2022,2.0,3,TN,A,11.9,Thailand
UNSD:DF_UNDATA_ENERGY(1.2),A,764,220,1214J,2023,0.45977,3,TN,A,11.9,Thailand
UNSD:DF_UNDATA_ENERGY(1.2),A,764,220,GA,2015,15390.0,3,TN,A,11.9,Thailand
UNSD:DF_UNDATA_ENERGY(1.2),A,764,220,GA,2016,16942.0,3,TN,A,11.9,Thailand
UNSD:DF_UNDATA_ENERGY(1.2),A,764,220,GA,2017,16289.0,3,TN,A,11.9,Thailand
UNSD:DF_UNDATA_ENERGY(1.2),A,764,220,GA,2018,15078.0,3,TN,A,11.9,Thailand
UNSD:DF_UNDATA_ENERGY(1.2),A,764,220,GA,2019,14460.0,3,TN,A,11.9,Thailand
UNSD:DF_UNDATA_ENERGY(1.2),A,764,220,GA,2020,13398.0,3,TN,A,11.9,Thailand
UNSD:DF_UNDATA_ENERGY(1.2),A,764,220,GA,2021,14498.0,3,TN,A,11.9,Thailand
UNSD:DF_UNDATA_ENERGY(1.2),A,764,220,GA,2022,13897.0,3,TN,A,11.9,Thailand
UNSD:DF_UNDATA_ENERGY(1.2),A,764,220,GA,2023,12981.0,3,TN,A,11.9,Thailand
UNSD:DF_UNDATA_ENERGY(1.2),A,764,3000,01,2015,1199937.0,0,TJ,A,1.0,Thailand
UNSD:DF_UNDATA_ENERGY(1.2),A,764,3000,01,2016,1176806.0,0,TJ,A,1.0,Thailand
UNSD:DF_UNDATA_ENERGY(1.2),A,764,3000,01,2017,1098964.48,0,TJ,A,1.0,Thailand
UNSD:DF_UNDATA_ENERGY(1.2),A,764,3000,01,2018,1422198.387,0,TJ,A,1.0,Thailand
UNSD:DF_UNDATA_ENERGY(1.2),A,764,3000,01,2019,1456419.804,0,TJ,A,1.0,Thailand
UNSD:DF_UNDATA_ENERGY(1.2),A,764,3000,01,2020,1319065.884,0,TJ,A,1.0,Thailand
UNSD:DF_UNDATA_ENERGY(1.2),A,764,3000,01,2021,1292258.457,0,TJ,A,1.0,Thailand
UNSD:DF_UNDATA_ENERGY(1.2),A,764,3000,01,2022,1069019.316,0,TJ,A,1.0,Thailand
UNSD:DF_UNDATA_ENERGY(1.2),A,764,3000,01,2023,1070658.198,0,TJ,A,1.0,Thailand
UNSD:DF_UNDATA_ENERGY(1.2),A,764,3000,03,2015,556232.0,0,TJ,A,1.0,Thailand
UNSD:DF_UNDATA_ENERGY(1.2),A,764,3000,03,2016,541690.0,0,TJ,A,1.0,Thailand
UNSD:DF_UNDATA_ENERGY(1.2),A,764,3000,03,2017,576393.788,0,TJ,A,1.0,Thailand
UNSD:DF_UNDATA_ENERGY(1.2),A,764,3000,03,2018,630657.402,0,TJ,A,1.0,Thailand
UNSD:DF_UNDATA_ENERGY(1.2),A,764,3000,03,2019,624570.126,0,TJ,A,1.0,Thailand
UNSD:DF_UNDATA_ENERGY(1.2),A,764,3000,03,2020,642675.87,0,TJ,A,1.0,Thailand
UNSD:DF_UNDATA_ENERGY(1.2),A,764,3000,03,2021,676897.287,0,TJ,A,1.0,Thailand
UNSD:DF_UNDATA_ENERGY(1.2),A,764,3000,03,2022,655747.905,0,TJ,A,1.0,Thailand
UNSD:DF_UNDATA_ENERGY(1.2),A,764,3000,03,2023,810856.38,0,TJ,A,1.0,Thailand
UNSD:DF_UNDATA_ENERGY(1.2),A,764,3000,08811,2015,806522.0,0,TJ,A,1.0,Thailand
UNSD:DF_UNDATA_ENERGY(1.2),A,764,3000,08811,2016,731781.0,0,TJ,A,1.0,Thailand
UNSD:DF_UNDATA_ENERGY(1.2),A,764,3000,08811,2017,636490.268,0,TJ,A,1.0,Thailand
UNSD:DF_UNDATA_ENERGY(1.2),A,764,3000,08811,2018,1170473.916,0,TJ,A,1.0,Thailand
UNSD:DF_UNDATA_ENERGY(1.2),A,764,3000,08811,2019,1206373.236,0,TJ,A,1.0,Thailand
UNSD:DF_UNDATA_ENERGY(1.2),A,764,3000,08811,2020,1130477.391,0,TJ,A,1.0,Thailand
UNSD:DF_UNDATA_ENERGY(1.2),A,764,3000,08811,2021,1130087.181,0,TJ,A,1.0,Thailand
UNSD:DF_UNDATA_ENERGY(1.2),A,764,3000,08811,2022,996557.319,0,TJ,A,1.0,Thailand
UNSD:DF_UNDATA_ENERGY(1.2),A,764,3000,08811,2023,1120683.12,0,TJ,A,1.0,Thailand
UNSD:DF_UNDATA_ENERGY(1.2),A,764,3000,08812,2015,268966.0,0,TJ,A,1.0,Thailand
UNSD:DF_UNDATA_ENERGY(1.2),A,764,3000,08812,2016,321757.0,0,TJ,A,1.0,Thailand
UNSD:DF_UNDATA_ENERGY(1.2),A,764,3000,08812,2017,386333.041,0,TJ,A,1.0,Thailand
UNSD:DF_UNDATA_ENERGY(1.2),A,764,3000,121,2015,141580.0,0,TJ,A,1.0,Thailand
UNSD:DF_UNDATA_ENERGY(1.2),A,764,3000,121,2016,153086.0,0,TJ,A,1.0,Thailand
UNSD:DF_UNDATA_ENERGY(1.2),A,764,3000,121,2017,154374.501,0,TJ,A,1.0,Thailand
UNSD:DF_UNDATA_ENERGY(1.2),A,764,3000,121,2018,175126.24800000002,0,TJ,A,1.0,Thailand
UNSD:DF_UNDATA_ENERGY(1.2),A,764,3000,121,2019,176296.878,0,TJ,A,1.0,Thailand
UNSD:DF_UNDATA_ENERGY(1.2),A,764,3000,121,2020,170170.581,0,TJ,A,1.0,Thailand
UNSD:DF_UNDATA_ENERGY(1.2),A,764,3000,121,2021,189212.82900000003,0,TJ,A,1.0,Thailand
UNSD:DF_UNDATA_ENERGY(1.2),A,764,3000,121,2022,313806.882,0,TJ,A,1.0,Thailand
UNSD:DF_UNDATA_ENERGY(1.2),A,764,3000,121,2023,302178.62399999995,0,TJ,A,1.0,Thailand
UNSD:DF_UNDATA_ENERGY(1.2),A,764,3000,1211,2015,13624.0,0,TJ,A,1.0,Thailand
UNSD:DF_UNDATA_ENERGY(1.2),A,764,3000,1211,2016,14699.0,0,TJ,A,1.0,Thailand
UNSD:DF_UNDATA_ENERGY(1.2),A,764,3000,1211,2017,16998.015,0,TJ,A,1.0,Thailand
UNSD:DF_UNDATA_ENERGY(1.2),A,764,3000,1211,2018,18495.954,0,TJ,A,1.0,Thailand
UNSD:DF_UNDATA_ENERGY(1.2),A,764,3000,1211,2019,17286.303,0,TJ,A,1.0,Thailand
UNSD:DF_UNDATA_ENERGY(1.2),A,764,3000,1211,2020,15764.484,0,TJ,A,1.0,Thailand
UNSD:DF_UNDATA_ENERGY(1.2),A,764,3000,1211,2021,17598.471,0,TJ,A,1.0,Thailand
UNSD:DF_UNDATA_ENERGY(1.2),A,764,3000,1211,2022,28758.477,0,TJ,A,1.0,Thailand
UNSD:DF_UNDATA_ENERGY(1.2),A,764,3000,1211,2023,27548.826,0,TJ,A,1.0,Thailand
UNSD:DF_UNDATA_ENERGY(1.2),A,764,3000,1213,2015,41794.0,0,TJ,A,1.0,Thailand
UNSD:DF_UNDATA_ENERGY(1.2),A,764,3000,1213,2016,46070.0,0,TJ,A,1.0,Thailand
UNSD:DF_UNDATA_ENERGY(1.2),A,764,3000,1213,2017,51318.69,0,TJ,A,1.0,Thailand
UNSD:DF_UNDATA_ENERGY(1.2),A,764,3000,1213,2018,63643.251,0,TJ,A,1.0,Thailand
UNSD:DF_UNDATA_ENERGY(1.2),A,764,3000,1213,2019,72422.976,0,TJ,A,1.0,Thailand
UNSD:DF_UNDATA_ENERGY(1.2),A,764,3000,1213,2020,76051.929,0,TJ,A,1.0,Thailand
UNSD:DF_UNDATA_ENERGY(1.2),A,764,3000,1213,2021,93494.316,0,TJ,A,1.0,Thailand
UNSD:DF_UNDATA_ENERGY(1.2),A,764,3000,1213,2022,144260.637,0,TJ,A,1.0,Thailand
UNSD:DF_UNDATA_ENERGY(1.2),A,764,3000,1213,2023,139695.18,0,TJ,A,1.0,Thailand
UNSD:DF_UNDATA_ENERGY(1.2),A,764,3000,1214B,2015,36915.0,0,TJ,A,1.0,Thailand
UNSD:DF_UNDATA_ENERGY(1.2),A,764,3000,1214B,2016,37914.0,0,TJ,A,1.0,Thailand
UNSD:DF_UNDATA_ENERGY(1.2),A,764,3000,1214B,2017,35296.672,0,TJ,A,1.0,Thailand
UNSD:DF_UNDATA_ENERGY(1.2),A,764,3000,1214B,2018,39333.168,0,TJ,A,1.0,Thailand
UNSD:DF_UNDATA_ENERGY(1.2),A,764,3000,1214B,2019,39411.21,0,TJ,A,1.0,Thailand
UNSD:DF_UNDATA_ENERGY(1.2),A,764,3000,1214B,2020,40698.903,0,TJ,A,1.0,Thailand
UNSD:DF_UNDATA_ENERGY(1.2),A,764,3000,1214B,2021,42064.638,0,TJ,A,1.0,Thailand
UNSD:DF_UNDATA_ENERGY(1.2),A,764,3000,1214B,2022,70471.92599999999,0,TJ,A,1.0,Thailand
UNSD:DF_UNDATA_ENERGY(1.2),A,764,3000,1214B,2023,67233.183,0,TJ,A,1.0,Thailand
UNSD:DF_UNDATA_ENERGY(1.2),A,764,3000,1214D,2015,12131.0,0,TJ,A,1.0,Thailand
UNSD:DF_UNDATA_ENERGY(1.2),A,764,3000,1214D,2016,13003.0,0,TJ,A,1.0,Thailand
UNSD:DF_UNDATA_ENERGY(1.2),A,764,3000,1214D,2017,13170.292,0,TJ,A,1.0,Thailand
UNSD:DF_UNDATA_ENERGY(1.2),A,764,3000,1214D,2018,14632.875,0,TJ,A,1.0,Thailand
UNSD:DF_UNDATA_ENERGY(1.2),A,764,3000,1214D,2019,14203.644,0,TJ,A,1.0,Thailand
UNSD:DF_UNDATA_ENERGY(1.2),A,764,3000,1214D,2020,12291.615,0,TJ,A,1.0,Thailand
UNSD:DF_UNDATA_ENERGY(1.2),A,764,3000,1214D,2021,14515.812,0,TJ,A,1.0,Thailand
UNSD:DF_UNDATA_ENERGY(1.2),A,764,3000,1214D,2022,24388.125,0,TJ,A,1.0,Thailand
UNSD:DF_UNDATA_ENERGY(1.2),A,764,3000,1214D,2023,24114.978,0,TJ,A,1.0,Thailand
UNSD:DF_UNDATA_ENERGY(1.2),A,764,3000,1214F,2015,7881.0,0,TJ,A,1.0,Thailand
UNSD:DF_UNDATA_ENERGY(1.2),A,764,3000,1214F,2016,7956.0,0,TJ,A,1.0,Thailand
UNSD:DF_UNDATA_ENERGY(1.2),A,764,3000,1214F,2017,7829.62,0,TJ,A,1.0,Thailand
UNSD:DF_UNDATA_ENERGY(1.2),A,764,3000,1214F,2018,8584.62,0,TJ,A,1.0,Thailand
UNSD:DF_UNDATA_ENERGY(1.2),A,764,3000,1214F,2019,9560.145,0,TJ,A,1.0,Thailand
UNSD:DF_UNDATA_ENERGY(1.2),A,764,3000,1214F,2020,8857.767,0,TJ,A,1.0,Thailand
UNSD:DF_UNDATA_ENERGY(1.2),A,764,3000,1214F,2021,8896.788,0,TJ,A,1.0,Thailand
UNSD:DF_UNDATA_ENERGY(1.2),A,764,3000,1214F,2022,16505.883,0,TJ,A,1.0,Thailand
UNSD:DF_UNDATA_ENERGY(1.2),A,764,3000,1214F,2023,16388.82,0,TJ,A,1.0,Thailand
UNSD:DF_UNDATA_ENERGY(1.2),A,764,3000,1214G,2015,18762.0,0,TJ,A,1.0,Thailand
UNSD:DF_UNDATA_ENERGY(1.2),A,764,3000,1214G,2016,19787.0,0,TJ,A,1.0,Thailand
UNSD:DF_UNDATA_ENERGY(1.2),A,764,3000,1214G,2017,18756.252,0,TJ,A,1.0,Thailand
UNSD:DF_UNDATA_ENERGY(1.2),A,764,3000,1214G,2018,19003.227,0,TJ,A,1.0,Thailand
UNSD:DF_UNDATA_ENERGY(1.2),A,764,3000,1214G,2019,12369.657,0,TJ,A,1.0,Thailand
UNSD:DF_UNDATA_ENERGY(1.2),A,764,3000,1214G,2020,6828.675,0,TJ,A,1.0,Thailand
UNSD:DF_UNDATA_ENERGY(1.2),A,764,3000,1214G,2021,2926.575,0,TJ,A,1.0,Thailand
UNSD:DF_UNDATA_ENERGY(1.2),A,764,3000,1214G,2022,10301.544,0,TJ,A,1.0,Thailand
UNSD:DF_UNDATA_ENERGY(1.2),A,764,3000,1214G,2023,9872.313,0,TJ,A,1.0,Thailand
UNSD:DF_UNDATA_ENERGY(1.2),A,764,3000,1214H,2015,184.0,0,TJ,A,1.0,Thailand
UNSD:DF_UNDATA_ENERGY(1.2),A,764,3000,1214H,2016,189.0,0,TJ,A,1.0,Thailand
UNSD:DF_UNDATA_ENERGY(1.2),A,764,3000,1214H,2017,61.837,0,TJ,A,1.0,Thailand
UNSD:DF_UNDATA_ENERGY(1.2),A,764,3000,1214H,2018,0.0,0,TJ,A,1.0,Thailand
UNSD:DF_UNDATA_ENERGY(1.2),A,764,3000,1214H,2019,0.0,0,TJ,A,1.0,Thailand
UNSD:DF_UNDATA_ENERGY(1.2),A,764,3000,1214H,2020,39.021,0,TJ,A,1.0,Thailand
UNSD:DF_UNDATA_ENERGY(1.2),A,764,3000,1214H,2021,39.021,0,TJ,A,1.0,Thailand
UNSD:DF_UNDATA_ENERGY(1.2),A,764,3000,1214H,2022,39.021,0,TJ,A,1.0,Thailand
UNSD:DF_UNDATA_ENERGY(1.2),A,764,3000,1214H,2023,39.021,0,TJ,A,1.0,Thailand
UNSD:DF_UNDATA_ENERGY(1.2),A,764,3000,1214J,2015,3589.0,0,TJ,A,1.0,Thailand
UNSD:DF_UNDATA_ENERGY(1.2),A,764,3000,1214J,2016,3788.0,0,TJ,A,1.0,Thailand
UNSD:DF_UNDATA_ENERGY(1.2),A,764,3000,1214J,2017,3118.656,0,TJ,A,1.0,Thailand
UNSD:DF_UNDATA_ENERGY(1.2),A,764,3000,1214J,2018,2965.596,0,TJ,A,1.0,Thailand
UNSD:DF_UNDATA_ENERGY(1.2),A,764,3000,1214J,2019,2731.47,0,TJ,A,1.0,Thailand
UNSD:DF_UNDATA_ENERGY(1.2),A,764,3000,1214J,2020,2653.428,0,TJ,A,1.0,Thailand
UNSD:DF_UNDATA_ENERGY(1.2),A,764,3000,1214J,2021,3082.659,0,TJ,A,1.0,Thailand
UNSD:DF_UNDATA_ENERGY(1.2),A,764,3000,1214J,2022,5072.73,0,TJ,A,1.0,Thailand
UNSD:DF_UNDATA_ENERGY(1.2),A,764,3000,1214J,2023,4994.688,0,TJ,A,1.0,Thailand
UNSD:DF_UNDATA_ENERGY(1.2),A,764,3000,1214O,2015,6700.0,0,TJ,A,1.0,Thailand
UNSD:DF_UNDATA_ENERGY(1.2),A,764,3000,1214O,2016,9680.0,0,TJ,A,1.0,Thailand
UNSD:DF_UNDATA_ENERGY(1.2),A,764,3000,1214O,2017,7824.467,0,TJ,A,1.0,Thailand
UNSD:DF_UNDATA_ENERGY(1.2),A,764,3000,1214O,2018,8467.557,0,TJ,A,1.0,Thailand
UNSD:DF_UNDATA_ENERGY(1.2),A,764,3000,1214O,2019,8311.473,0,TJ,A,1.0,Thailand
UNSD:DF_UNDATA_ENERGY(1.2),A,764,3000,1214O,2020,6984.759,0,TJ,A,1.0,Thailand
UNSD:DF_UNDATA_ENERGY(1.2),A,764,3000,1214O,2021,6594.549,0,TJ,A,1.0,Thailand
UNSD:DF_UNDATA_ENERGY(1.2),A,764,3000,1214O,2022,14008.539,0,TJ,A,1.0,Thailand
UNSD:DF_UNDATA_ENERGY(1.2),A,764,3000,1214O,2023,12291.615,0,TJ,A,1.0,Thailand
UNSD:DF_UNDATA_ENERGY(1.2),A,764,3000,GA,2015,1756169.0,0,TJ,A,1.0,Thailand
UNSD:DF_UNDATA_ENERGY(1.2),A,764,3000,GA,2016,1718496.0,0,TJ,A,1.0,Thailand
UNSD:DF_UNDATA_ENERGY(1.2),A,764,3000,GA,2017,1675358.268,0,TJ,A,1.0,Thailand
UNSD:DF_UNDATA_ENERGY(1.2),A,764,3000,GA,2018,2052855.789,0,TJ,A,1.0,Thailand
UNSD:DF_UNDATA_ENERGY(1.2),A,764,3000,GA,2019,2080989.93,0,TJ,A,1.0,Thailand
UNSD:DF_UNDATA_ENERGY(1.2),A,764,3000,GA,2020,1961741.754,0,TJ,A,1.0,Thailand
UNSD:DF_UNDATA_ENERGY(1.2),A,764,3000,GA,2021,1969155.744,0,TJ,A,1.0,Thailand
UNSD:DF_UNDATA_ENERGY(1.2),A,764,3000,GA,2022,1720006.659,0,TJ,A,1.0,Thailand
UNSD:DF_UNDATA_ENERGY(1.2),A,764,3000,GA,2023,1853887.71,0,TJ,A,1.0,Thailand
UNSD:DF_UNDATA_ENERGY(1.2),A,458,3000,01,2015,2419659.0,0,TJ,A,1.0,Malaysia
UNSD:DF_UNDATA_ENERGY(1.2),A,458,3000,01,2016,2393324.0,0,TJ,A,1.0,Malaysia
UNSD:DF_UNDATA_ENERGY(1.2),A,458,3000,01,2017,2430873.0,0,TJ,A,1.0,Malaysia
UNSD:DF_UNDATA_ENERGY(1.2),A,458,3000,01,2018,2565168.56,0,TJ,A,1.0,Malaysia
UNSD:DF_UNDATA_ENERGY(1.2),A,458,3000,01,2019,2858440.298,0,TJ,A,1.0,Malaysia
UNSD:DF_UNDATA_ENERGY(1.2),A,458,3000,01,2020,2580522.839,0,TJ,A,1.0,Malaysia
UNSD:DF_UNDATA_ENERGY(1.2),A,458,3000,01,2021,2815809.08,0,TJ,A,1.0,Malaysia
UNSD:DF_UNDATA_ENERGY(1.2),A,458,3000,01,2022,3094743.0,0,TJ,A,1.0,Malaysia
UNSD:DF_UNDATA_ENERGY(1.2),A,458,3000,01,2023,3077453.933,0,TJ,A,1.0,Malaysia
UNSD:DF_UNDATA_ENERGY(1.2),A,458,3000,03,2015,327148.0,0,TJ,A,1.0,Malaysia
UNSD:DF_UNDATA_ENERGY(1.2),A,458,3000,03,2016,286035.0,0,TJ,A,1.0,Malaysia
UNSD:DF_UNDATA_ENERGY(1.2),A,458,3000,03,2017,292784.0,0,TJ,A,1.0,Malaysia
UNSD:DF_UNDATA_ENERGY(1.2),A,458,3000,03,2018,291035.0,0,TJ,A,1.0,Malaysia
UNSD:DF_UNDATA_ENERGY(1.2),A,458,3000,03,2019,338625.548,0,TJ,A,1.0,Malaysia
UNSD:DF_UNDATA_ENERGY(1.2),A,458,3000,03,2020,393450.423,0,TJ,A,1.0,Malaysia
UNSD:DF_UNDATA_ENERGY(1.2),A,458,3000,03,2021,374253.4,0,TJ,A,1.0,Malaysia
UNSD:DF_UNDATA_ENERGY(1.2),A,458,3000,03,2022,485017.52,0,TJ,A,1.0,Malaysia
UNSD:DF_UNDATA_ENERGY(1.2),A,458,3000,03,2023,365176.361,0,TJ,A,1.0,Malaysia
UNSD:DF_UNDATA_ENERGY(1.2),A,458,3000,08811,2015,638513.0,0,TJ,A,1.0,Malaysia
UNSD:DF_UNDATA_ENERGY(1.2),A,458,3000,08811,2016,555156.0,0,TJ,A,1.0,Malaysia
UNSD:DF_UNDATA_ENERGY(1.2),A,458,3000,08811,2017,496738.0,0,TJ,A,1.0,Malaysia
UNSD:DF_UNDATA_ENERGY(1.2),A,458,3000,08811,2018,482897.0,0,TJ,A,1.0,Malaysia
UNSD:DF_UNDATA_ENERGY(1.2),A,458,3000,08811,2019,608119.313,0,TJ,A,1.0,Malaysia
UNSD:DF_UNDATA_ENERGY(1.2),A,458,3000,08811,2020,457786.05,0,TJ,A,1.0,Malaysia
UNSD:DF_UNDATA_ENERGY(1.2),A,458,3000,08811,2021,443986.88,0,TJ,A,1.0,Malaysia
UNSD:DF_UNDATA_ENERGY(1.2),A,458,3000,08811,2022,568055.72,0,TJ,A,1.0,Malaysia
UNSD:DF_UNDATA_ENERGY(1.2),A,458,3000,08811,2023,547447.371,0,TJ,A,1.0,Malaysia
UNSD:DF_UNDATA_ENERGY(1.2),A,458,3000,08812,2015,72807.0,0,TJ,A,1.0,Malaysia
UNSD:DF_UNDATA_ENERGY(1.2),A,458,3000,08812,2016,45802.0,0,TJ,A,1.0,Malaysia
UNSD:DF_UNDATA_ENERGY(1.2),A,458,3000,08812,2017,43423.0,0,TJ,A,1.0,Malaysia
UNSD:DF_UNDATA_ENERGY(1.2),A,458,3000,08812,2018,53311.0,0,TJ,A,1.0,Malaysia
UNSD:DF_UNDATA_ENERGY(1.2),A,458,3000,08812,2019,62031.898,0,TJ,A,1.0,Malaysia
UNSD:DF_UNDATA_ENERGY(1.2),A,458,3000,08812,2020,65901.521,0,TJ,A,1.0,Malaysia
UNSD:DF_UNDATA_ENERGY(1.2),A,458,3000,08812,2021,61297.725,0,TJ,A,1.0,Malaysia
UNSD:DF_UNDATA_ENERGY(1.2),A,458,3000,08812,2022,55824.0,0,TJ,A,1.0,Malaysia
UNSD:DF_UNDATA_ENERGY(1.2),A,458,3000,08812,2023,53798.775,0,TJ,A,1.0,Malaysia
UNSD:DF_UNDATA_ENERGY(1.2),A,458,3000,121,2015,201153.0,0,TJ,A,1.0,Malaysia
UNSD:DF_UNDATA_ENERGY(1.2),A,458,3000,121,2016,250561.0,0,TJ,A,1.0,Malaysia
UNSD:DF_UNDATA_ENERGY(1.2),A,458,3000,121,2017,285655.0,0,TJ,A,1.0,Malaysia
UNSD:DF_UNDATA_ENERGY(1.2),A,458,3000,121,2018,345374.0,0,TJ,A,1.0,Malaysia
UNSD:DF_UNDATA_ENERGY(1.2),A,458,3000,121,2019,358476.338,0,TJ,A,1.0,Malaysia
UNSD:DF_UNDATA_ENERGY(1.2),A,458,3000,121,2020,342299.852,0,TJ,A,1.0,Malaysia
UNSD:DF_UNDATA_ENERGY(1.2),A,458,3000,121,2021,403002.76,0,TJ,A,1.0,Malaysia
UNSD:DF_UNDATA_ENERGY(1.2),A,458,3000,121,2022,404630.96,0,TJ,A,1.0,Malaysia
UNSD:DF_UNDATA_ENERGY(1.2),A,458,3000,121,2023,406396.943,0,TJ,A,1.0,Malaysia
UNSD:DF_UNDATA_ENERGY(1.2),A,458,3000,1214O,2015,201153.0,0,TJ,A,1.0,Malaysia
UNSD:DF_UNDATA_ENERGY(1.2),A,458,3000,1214O,2016,250561.0,0,TJ,A,1.0,Malaysia
UNSD:DF_UNDATA_ENERGY(1.2),A,458,3000,1214O,2017,285655.0,0,TJ,A,1.0,Malaysia
UNSD:DF_UNDATA_ENERGY(1.2),A,458,3000,1214O,2018,345374.0,0,TJ,A,1.0,Malaysia
UNSD:DF_UNDATA_ENERGY(1.2),A,458,3000,1214O,2019,358476.338,0,TJ,A,1.0,Malaysia
UNSD:DF_UNDATA_ENERGY(1.2),A,458,3000,1214O,2020,342299.852,0,TJ,A,1.0,Malaysia
UNSD:DF_UNDATA_ENERGY(1.2),A,458,3000,1214O,2021,403002.76,0,TJ,A,1.0,Malaysia
UNSD:DF_UNDATA_ENERGY(1.2),A,458,3000,1214O,2022,404630.96,0,TJ,A,1.0,Malaysia
UNSD:DF_UNDATA_ENERGY(1.2),A,458,3000,1214O,2023,406396.943,0,TJ,A,1.0,Malaysia
UNSD:DF_UNDATA_ENERGY(1.2),A,458,3000,GA,2015,1569550.0,0,TJ,A,1.0,Malaysia
UNSD:DF_UNDATA_ENERGY(1.2),A,458,3000,GA,2016,1494608.0,0,TJ,A,1.0,Malaysia
UNSD:DF_UNDATA_ENERGY(1.2),A,458,3000,GA,2017,1431642.0,0,TJ,A,1.0,Malaysia
UNSD:DF_UNDATA_ENERGY(1.2),A,458,3000,GA,2018,1712868.56,0,TJ,A,1.0,Malaysia
UNSD:DF_UNDATA_ENERGY(1.2),A,458,3000,GA,2019,1824733.792,0,TJ,A,1.0,Malaysia
UNSD:DF_UNDATA_ENERGY(1.2),A,458,3000,GA,2020,1702367.445,0,TJ,A,1.0,Malaysia
UNSD:DF_UNDATA_ENERGY(1.2),A,458,3000,GA,2021,1983984.96,0,TJ,A,1.0,Malaysia
UNSD:DF_UNDATA_ENERGY(1.2),A,458,3000,GA,2022,2132244.2,0,TJ,A,1.0,Malaysia
UNSD:DF_UNDATA_ENERGY(1.2),A,458,3000,GA,2023,2054889.055,0,TJ,A,1.0,Malaysia
UNSD:DF_UNDATA_ENERGY(1.2),A,608,3000,01,2015,135402.87,0,TJ,A,1.0,Philippines
UNSD:DF_UNDATA_ENERGY(1.2),A,608,3000,01,2016,155131.8876,0,TJ,A,1.0,Philippines
UNSD:DF_UNDATA_ENERGY(1.2),A,608,3000,01,2017,153032.5578,0,TJ,A,1.0,Philippines
UNSD:DF_UNDATA_ENERGY(1.2),A,608,3000,01,2018,170849.5464,0,TJ,A,1.0,Philippines
UNSD:DF_UNDATA_ENERGY(1.2),A,608,3000,01,2019,172031.8827,0,TJ,A,1.0,Philippines
UNSD:DF_UNDATA_ENERGY(1.2),A,608,3000,01,2020,156009.2,0,TJ,A,1.0,Philippines
UNSD:DF_UNDATA_ENERGY(1.2),A,608,3000,01,2021,133795.2048,0,TJ,A,1.0,Philippines
UNSD:DF_UNDATA_ENERGY(1.2),A,608,3000,01,2022,123946.3044,0,TJ,A,1.0,Philippines
UNSD:DF_UNDATA_ENERGY(1.2),A,608,3000,01,2023,89123.96399999999,0,TJ,A,1.0,Philippines
UNSD:DF_UNDATA_ENERGY(1.2),A,608,3000,03,2023,31111.4433,0,TJ,A,1.0,Philippines
UNSD:DF_UNDATA_ENERGY(1.2),A,608,3000,08811,2015,127938.1527,0,TJ,E,1.0,Philippines
UNSD:DF_UNDATA_ENERGY(1.2),A,608,3000,08811,2016,146239.0017,0,TJ,E,1.0,Philippines
UNSD:DF_UNDATA_ENERGY(1.2),A,608,3000,08811,2017,146137.5471,0,TJ,E,1.0,Philippines
UNSD:DF_UNDATA_ENERGY(1.2),A,608,3000,08811,2018,157703.3715,0,TJ,E,1.0,Philippines
UNSD:DF_UNDATA_ENERGY(1.2),A,608,3000,08811,2019,161726.43660000002,0,TJ,E,1.0,Philippines
UNSD:DF_UNDATA_ENERGY(1.2),A,608,3000,08811,2020,145863.3,0,TJ,A,1.0,Philippines
UNSD:DF_UNDATA_ENERGY(1.2),A,608,3000,08811,2021,128016.1947,0,TJ,A,1.0,Philippines
UNSD:DF_UNDATA_ENERGY(1.2),A,608,3000,08811,2022,119962.2603,0,TJ,A,1.0,Philippines
UNSD:DF_UNDATA_ENERGY(1.2),A,608,3000,08811,2023,117023.979,0,TJ,A,1.0,Philippines
UNSD:DF_UNDATA_ENERGY(1.2),A,608,3000,121,2015,2360.7705,0,TJ,A,1.0,Philippines
UNSD:DF_UNDATA_ENERGY(1.2),A,608,3000,121,2016,3074.8548,0,TJ,A,1.0,Philippines
UNSD:DF_UNDATA_ENERGY(1.2),A,608,3000,121,2017,2489.5398,0,TJ,A,1.0,Philippines
UNSD:DF_UNDATA_ENERGY(1.2),A,608,3000,121,2018,2817.3162,0,TJ,A,1.0,Philippines
UNSD:DF_UNDATA_ENERGY(1.2),A,608,3000,121,2019,2918.7708,0,TJ,A,1.0,Philippines
UNSD:DF_UNDATA_ENERGY(1.2),A,608,3000,121,2020,1764.8,0,TJ,A,1.0,Philippines
UNSD:DF_UNDATA_ENERGY(1.2),A,608,3000,121,2021,15.6084,0,TJ,A,1.0,Philippines
UNSD:DF_UNDATA_ENERGY(1.2),A,608,3000,1214O,2015,2360.7705,0,TJ,A,1.0,Philippines
UNSD:DF_UNDATA_ENERGY(1.2),A,608,3000,1214O,2016,3074.8548,0,TJ,A,1.0,Philippines
UNSD:DF_UNDATA_ENERGY(1.2),A,608,3000,1214O,2017,2489.5398,0,TJ,A,1.0,Philippines
UNSD:DF_UNDATA_ENERGY(1.2),A,608,3000,1214O,2018,2817.3162,0,TJ,A,1.0,Philippines
UNSD:DF_UNDATA_ENERGY(1.2),A,608,3000,1214O,2019,2918.7708,0,TJ,A,1.0,Philippines
UNSD:DF_UNDATA_ENERGY(1.2),A,608,3000,1214O,2020,1764.8,0,TJ,A,1.0,Philippines
UNSD:DF_UNDATA_ENERGY(1.2),A,608,3000,1214O,2021,15.6084,0,TJ,A,1.0,Philippines
UNSD:DF_UNDATA_ENERGY(1.2),A,608,3000,GA,2015,135402.87,0,TJ,A,1.0,Philippines
UNSD:DF_UNDATA_ENERGY(1.2),A,608,3000,GA,2016,155131.8876,0,TJ,A,1.0,Philippines
UNSD:DF_UNDATA_ENERGY(1.2),A,608,3000,GA,2017,153032.5578,0,TJ,A,1.0,Philippines
UNSD:DF_UNDATA_ENERGY(1.2),A,608,3000,GA,2018,170849.5464,0,TJ,A,1.0,Philippines
UNSD:DF_UNDATA_ENERGY(1.2),A,608,3000,GA,2019,172031.8827,0,TJ,A,1.0,Philippines
UNSD:DF_UNDATA_ENERGY(1.2),A,608,3000,GA,2020,156009.2,0,TJ,A,1.0,Philippines
UNSD:DF_UNDATA_ENERGY(1.2),A,608,3000,GA,2021,133795.2048,0,TJ,A,1.0,Philippines
UNSD:DF_UNDATA_ENERGY(1.2),A,608,3000,GA,2022,123946.3044,0,TJ,A,1.0,Philippines
UNSD:DF_UNDATA_ENERGY(1.2),A,608,3000,GA,2023,120235.4073,0,TJ,A,1.0,Philippines
UNSD:DF_UNDATA_ENERGY(1.2),A,704,3000,01,2015,415963.86,0,TJ,A,1.0,Viet Nam
UNSD:DF_UNDATA_ENERGY(1.2),A,704,3000,01,2016,414012.81,0,TJ,A,1.0,Viet Nam
UNSD:DF_UNDATA_ENERGY(1.2),A,704,3000,01,2017,363390.0,0,TJ,A,1.0,Viet Nam
UNSD:DF_UNDATA_ENERGY(1.2),A,704,3000,01,2018,377188.8,0,TJ,A,1.0,Viet Nam
UNSD:DF_UNDATA_ENERGY(1.2),A,704,3000,01,2019,384348.2,0,TJ,A,1.0,Viet Nam
UNSD:DF_UNDATA_ENERGY(1.2),A,704,3000,01,2020,344201.48,0,TJ,A,1.0,Viet Nam
UNSD:DF_UNDATA_ENERGY(1.2),A,704,3000,01,2021,293452.812,0,TJ,A,1.0,Viet Nam
UNSD:DF_UNDATA_ENERGY(1.2),A,704,3000,01,2022,315289.68,0,TJ,A,1.0,Viet Nam
UNSD:DF_UNDATA_ENERGY(1.2),A,704,3000,01,2023,301357.0,0,TJ,A,1.0,Viet Nam
UNSD:DF_UNDATA_ENERGY(1.2),A,704,3000,08811,2015,354743.0,0,TJ,A,1.0,Viet Nam
UNSD:DF_UNDATA_ENERGY(1.2),A,704,3000,08811,2016,354757.0,0,TJ,A,1.0,Viet Nam
UNSD:DF_UNDATA_ENERGY(1.2),A,704,3000,08811,2017,304417.0,0,TJ,A,1.0,Viet Nam
UNSD:DF_UNDATA_ENERGY(1.2),A,704,3000,08811,2018,277650.2,0,TJ,A,1.0,Viet Nam
UNSD:DF_UNDATA_ENERGY(1.2),A,704,3000,08811,2019,289178.2,0,TJ,A,1.0,Viet Nam
UNSD:DF_UNDATA_ENERGY(1.2),A,704,3000,08811,2020,265510.133,0,TJ,A,1.0,Viet Nam
UNSD:DF_UNDATA_ENERGY(1.2),A,704,3000,08811,2021,201549.043,0,TJ,A,1.0,Viet Nam
UNSD:DF_UNDATA_ENERGY(1.2),A,704,3000,08811,2022,214381.374,0,TJ,A,1.0,Viet Nam
UNSD:DF_UNDATA_ENERGY(1.2),A,704,3000,08811,2023,204519.0,0,TJ,A,1.0,Viet Nam
UNSD:DF_UNDATA_ENERGY(1.2),A,704,3000,08812,2015,12156.0,0,TJ,A,1.0,Viet Nam
UNSD:DF_UNDATA_ENERGY(1.2),A,704,3000,08812,2016,12156.0,0,TJ,A,1.0,Viet Nam
UNSD:DF_UNDATA_ENERGY(1.2),A,704,3000,08812,2017,10431.0,0,TJ,A,1.0,Viet Nam
UNSD:DF_UNDATA_ENERGY(1.2),A,704,3000,08812,2018,10611.0,0,TJ,A,1.0,Viet Nam
UNSD:DF_UNDATA_ENERGY(1.2),A,704,3000,08812,2019,11141.0,0,TJ,A,1.0,Viet Nam
UNSD:DF_UNDATA_ENERGY(1.2),A,704,3000,08812,2020,9097.427,0,TJ,A,1.0,Viet Nam
UNSD:DF_UNDATA_ENERGY(1.2),A,704,3000,08812,2021,6905.867,0,TJ,A,1.0,Viet Nam
UNSD:DF_UNDATA_ENERGY(1.2),A,704,3000,08812,2022,8559.565,0,TJ,A,1.0,Viet Nam
UNSD:DF_UNDATA_ENERGY(1.2),A,704,3000,08812,2023,7008.0,0,TJ,A,1.0,Viet Nam
UNSD:DF_UNDATA_ENERGY(1.2),A,704,3000,121,2015,41654.0,0,TJ,A,1.0,Viet Nam
UNSD:DF_UNDATA_ENERGY(1.2),A,704,3000,121,2016,47213.0,0,TJ,A,1.0,Viet Nam
UNSD:DF_UNDATA_ENERGY(1.2),A,704,3000,121,2017,18141.0,0,TJ,A,1.0,Viet Nam
UNSD:DF_UNDATA_ENERGY(1.2),A,704,3000,121,2018,18012.0,0,TJ,A,1.0,Viet Nam
UNSD:DF_UNDATA_ENERGY(1.2),A,704,3000,121,2019,22186.0,0,TJ,A,1.0,Viet Nam
UNSD:DF_UNDATA_ENERGY(1.2),A,704,3000,121,2020,35215.64,0,TJ,A,1.0,Viet Nam
UNSD:DF_UNDATA_ENERGY(1.2),A,704,3000,121,2021,38487.67,0,TJ,A,1.0,Viet Nam
UNSD:DF_UNDATA_ENERGY(1.2),A,704,3000,121,2022,46333.92,0,TJ,A,1.0,Viet Nam
UNSD:DF_UNDATA_ENERGY(1.2),A,704,3000,121,2023,47777.0,0,TJ,A,1.0,Viet Nam
UNSD:DF_UNDATA_ENERGY(1.2),A,704,3000,1211,2015,2788.0,0,TJ,A,1.0,Viet Nam
UNSD:DF_UNDATA_ENERGY(1.2),A,704,3000,1211,2016,2991.0,0,TJ,A,1.0,Viet Nam
UNSD:DF_UNDATA_ENERGY(1.2),A,704,3000,1211,2020,10998.068,0,TJ,A,1.0,Viet Nam
UNSD:DF_UNDATA_ENERGY(1.2),A,704,3000,1211,2021,12011.737,0,TJ,A,1.0,Viet Nam
UNSD:DF_UNDATA_ENERGY(1.2),A,704,3000,1211,2022,15723.76,0,TJ,A,1.0,Viet Nam
UNSD:DF_UNDATA_ENERGY(1.2),A,704,3000,1211,2023,14747.0,0,TJ,A,1.0,Viet Nam
UNSD:DF_UNDATA_ENERGY(1.2),A,704,3000,1213,2015,8216.0,0,TJ,A,1.0,Viet Nam
UNSD:DF_UNDATA_ENERGY(1.2),A,704,3000,1213,2016,12934.0,0,TJ,A,1.0,Viet Nam
UNSD:DF_UNDATA_ENERGY(1.2),A,704,3000,1213,2017,12934.0,0,TJ,A,1.0,Viet Nam
UNSD:DF_UNDATA_ENERGY(1.2),A,704,3000,1213,2018,13407.0,0,TJ,A,1.0,Viet Nam
UNSD:DF_UNDATA_ENERGY(1.2),A,704,3000,1213,2019,14231.0,0,TJ,A,1.0,Viet Nam
UNSD:DF_UNDATA_ENERGY(1.2),A,704,3000,1213,2020,14838.664,0,TJ,A,1.0,Viet Nam
UNSD:DF_UNDATA_ENERGY(1.2),A,704,3000,1213,2021,16195.307,0,TJ,A,1.0,Viet Nam
UNSD:DF_UNDATA_ENERGY(1.2),A,704,3000,1213,2022,21213.12,0,TJ,A,1.0,Viet Nam
UNSD:DF_UNDATA_ENERGY(1.2),A,704,3000,1213,2023,19864.0,0,TJ,A,1.0,Viet Nam
UNSD:DF_UNDATA_ENERGY(1.2),A,704,3000,1214B,2017,5207.0,0,TJ,A,1.0,Viet Nam
UNSD:DF_UNDATA_ENERGY(1.2),A,704,3000,1214B,2018,4605.0,0,TJ,A,1.0,Viet Nam
UNSD:DF_UNDATA_ENERGY(1.2),A,704,3000,1214B,2019,7955.0,0,TJ,A,1.0,Viet Nam
UNSD:DF_UNDATA_ENERGY(1.2),A,704,3000,1214B,2020,6546.469,0,TJ,A,1.0,Viet Nam
UNSD:DF_UNDATA_ENERGY(1.2),A,704,3000,1214B,2021,7155.091,0,TJ,A,1.0,Viet Nam
UNSD:DF_UNDATA_ENERGY(1.2),A,704,3000,1214B,2022,9397.04,0,TJ,A,1.0,Viet Nam
UNSD:DF_UNDATA_ENERGY(1.2),A,704,3000,1214B,2023,9397.0,0,TJ,A,1.0,Viet Nam
UNSD:DF_UNDATA_ENERGY(1.2),A,704,3000,1214C,2020,523.718,0,TJ,A,1.0,Viet Nam
UNSD:DF_UNDATA_ENERGY(1.2),A,704,3000,1214C,2021,584.066,0,TJ,A,1.0,Viet Nam
UNSD:DF_UNDATA_ENERGY(1.2),A,704,3000,1214C,2023,698.0,0,TJ,A,1.0,Viet Nam
UNSD:DF_UNDATA_ENERGY(1.2),A,704,3000,1214D,2020,960.149,0,TJ,A,1.0,Viet Nam
UNSD:DF_UNDATA_ENERGY(1.2),A,704,3000,1214D,2021,1063.842,0,TJ,A,1.0,Viet Nam
UNSD:DF_UNDATA_ENERGY(1.2),A,704,3000,1214D,2023,1303.0,0,TJ,A,1.0,Viet Nam
UNSD:DF_UNDATA_ENERGY(1.2),A,704,3000,1214F,2015,3345.0,0,TJ,A,1.0,Viet Nam
UNSD:DF_UNDATA_ENERGY(1.2),A,704,3000,1214F,2016,3587.0,0,TJ,A,1.0,Viet Nam
UNSD:DF_UNDATA_ENERGY(1.2),A,704,3000,1214F,2020,829.219,0,TJ,A,1.0,Viet Nam
UNSD:DF_UNDATA_ENERGY(1.2),A,704,3000,1214F,2021,910.7,0,TJ,A,1.0,Viet Nam
UNSD:DF_UNDATA_ENERGY(1.2),A,704,3000,1214F,2023,1116.0,0,TJ,A,1.0,Viet Nam
UNSD:DF_UNDATA_ENERGY(1.2),A,704,3000,1214G,2015,1541.0,0,TJ,A,1.0,Viet Nam
UNSD:DF_UNDATA_ENERGY(1.2),A,704,3000,1214G,2016,1653.0,0,TJ,A,1.0,Viet Nam
UNSD:DF_UNDATA_ENERGY(1.2),A,704,3000,1214G,2020,218.215,0,TJ,A,1.0,Viet Nam
UNSD:DF_UNDATA_ENERGY(1.2),A,704,3000,1214G,2021,238.649,0,TJ,A,1.0,Viet Nam
UNSD:DF_UNDATA_ENERGY(1.2),A,704,3000,1214G,2023,279.0,0,TJ,A,1.0,Viet Nam
UNSD:DF_UNDATA_ENERGY(1.2),A,704,3000,1214J,2015,1148.0,0,TJ,A,1.0,Viet Nam
UNSD:DF_UNDATA_ENERGY(1.2),A,704,3000,1214J,2016,1231.0,0,TJ,A,1.0,Viet Nam
UNSD:DF_UNDATA_ENERGY(1.2),A,704,3000,1214J,2020,187.666,0,TJ,A,1.0,Viet Nam
UNSD:DF_UNDATA_ENERGY(1.2),A,704,3000,1214J,2021,206.619,0,TJ,A,1.0,Viet Nam
UNSD:DF_UNDATA_ENERGY(1.2),A,704,3000,1214J,2023,233.0,0,TJ,A,1.0,Viet Nam
UNSD:DF_UNDATA_ENERGY(1.2),A,704,3000,1214O,2015,24616.0,0,TJ,A,1.0,Viet Nam
UNSD:DF_UNDATA_ENERGY(1.2),A,704,3000,1214O,2016,24817.0,0,TJ,A,1.0,Viet Nam
UNSD:DF_UNDATA_ENERGY(1.2),A,704,3000,1214O,2020,113.472,0,TJ,A,1.0,Viet Nam
UNSD:DF_UNDATA_ENERGY(1.2),A,704,3000,1214O,2021,121.659,0,TJ,A,1.0,Viet Nam
UNSD:DF_UNDATA_ENERGY(1.2),A,704,3000,1214O,2023,140.0,0,TJ,A,1.0,Viet Nam
UNSD:DF_UNDATA_ENERGY(1.2),A,704,3000,GA,2015,415963.86,0,TJ,A,1.0,Viet Nam
UNSD:DF_UNDATA_ENERGY(1.2),A,704,3000,GA,2016,414012.81,0,TJ,A,1.0,Viet Nam
UNSD:DF_UNDATA_ENERGY(1.2),A,704,3000,GA,2017,363390.0,0,TJ,A,1.0,Viet Nam
UNSD:DF_UNDATA_ENERGY(1.2),A,704,3000,GA,2018,377188.8,0,TJ,A,1.0,Viet Nam
UNSD:DF_UNDATA_ENERGY(1.2),A,704,3000,GA,2019,384348.2,0,TJ,A,1.0,Viet Nam
UNSD:DF_UNDATA_ENERGY(1.2),A,704,3000,GA,2020,344201.48,0,TJ,A,1.0,Viet Nam
UNSD:DF_UNDATA_ENERGY(1.2),A,704,3000,GA,2021,293452.812,0,TJ,A,1.0,Viet Nam
UNSD:DF_UNDATA_ENERGY(1.2),A,704,3000,GA,2022,315289.68,0,TJ,A,1.0,Viet Nam
UNSD:DF_UNDATA_ENERGY(1.2),A,704,3000,GA,2023,301357.0,0,TJ,A,1.0,Viet Nam
UNSD:DF_UNDATA_ENERGY(1.2),A,360,3000,01,2015,2644065.0,0,TJ,A,1.0,Indonesia
UNSD:DF_UNDATA_ENERGY(1.2),A,360,3000,01,2016,2605595.0,0,TJ,A,1.0,Indonesia
UNSD:DF_UNDATA_ENERGY(1.2),A,360,3000,01,2017,2496383.0,0,TJ,A,1.0,Indonesia
UNSD:DF_UNDATA_ENERGY(1.2),A,360,3000,01,2018,2541308.0,0,TJ,A,1.0,Indonesia
UNSD:DF_UNDATA_ENERGY(1.2),A,360,3000,01,2019,2374248.0,0,TJ,A,1.0,Indonesia
UNSD:DF_UNDATA_ENERGY(1.2),A,360,3000,01,2020,2462373.0,0,TJ,A,1.0,Indonesia
UNSD:DF_UNDATA_ENERGY(1.2),A,360,3000,01,2021,2453147.0,0,TJ,A,1.0,Indonesia
UNSD:DF_UNDATA_ENERGY(1.2),A,360,3000,01,2022,2388614.569,0,TJ,A,1.0,Indonesia
UNSD:DF_UNDATA_ENERGY(1.2),A,360,3000,01,2023,2439420.307,0,TJ,A,1.0,Indonesia
UNSD:DF_UNDATA_ENERGY(1.2),A,360,3000,08811,2015,583570.0,0,TJ,A,1.0,Indonesia
UNSD:DF_UNDATA_ENERGY(1.2),A,360,3000,08811,2016,380723.0,0,TJ,E,1.0,Indonesia
UNSD:DF_UNDATA_ENERGY(1.2),A,360,3000,08811,2017,467903.0,0,TJ,A,1.0,Indonesia
UNSD:DF_UNDATA_ENERGY(1.2),A,360,3000,08811,2018,418582.8,0,TJ,A,1.0,Indonesia
UNSD:DF_UNDATA_ENERGY(1.2),A,360,3000,08811,2019,500411.0,0,TJ,A,1.0,Indonesia
UNSD:DF_UNDATA_ENERGY(1.2),A,360,3000,08811,2020,363000.0,0,TJ,E,1.0,Indonesia
UNSD:DF_UNDATA_ENERGY(1.2),A,360,3000,08811,2021,360000.0,0,TJ,E,1.0,Indonesia
UNSD:DF_UNDATA_ENERGY(1.2),A,360,3000,08811,2022,384672.607,0,TJ,A,1.0,Indonesia
UNSD:DF_UNDATA_ENERGY(1.2),A,360,3000,08811,2023,378337.5,0,TJ,E,1.0,Indonesia
UNSD:DF_UNDATA_ENERGY(1.2),A,360,3000,08812,2015,194247.0,0,TJ,A,1.0,Indonesia
UNSD:DF_UNDATA_ENERGY(1.2),A,360,3000,08812,2016,72268.0,0,TJ,E,1.0,Indonesia
UNSD:DF_UNDATA_ENERGY(1.2),A,360,3000,08812,2017,91605.0,0,TJ,A,1.0,Indonesia
UNSD:DF_UNDATA_ENERGY(1.2),A,360,3000,08812,2018,46509.2,0,TJ,A,1.0,Indonesia
UNSD:DF_UNDATA_ENERGY(1.2),A,360,3000,08812,2019,45799.0,0,TJ,A,1.0,Indonesia
UNSD:DF_UNDATA_ENERGY(1.2),A,360,3000,08812,2020,40234.0,0,TJ,E,1.0,Indonesia
UNSD:DF_UNDATA_ENERGY(1.2),A,360,3000,08812,2021,40947.0,0,TJ,E,1.0,Indonesia
UNSD:DF_UNDATA_ENERGY(1.2),A,360,3000,08812,2022,40800.0,0,TJ,E,1.0,Indonesia
UNSD:DF_UNDATA_ENERGY(1.2),A,360,3000,08812,2023,42037.5,0,TJ,E,1.0,Indonesia
UNSD:DF_UNDATA_ENERGY(1.2),A,360,3000,121,2015,282171.0,0,TJ,A,1.0,Indonesia
UNSD:DF_UNDATA_ENERGY(1.2),A,360,3000,121,2016,471794.0,0,TJ,A,1.0,Indonesia
UNSD:DF_UNDATA_ENERGY(1.2),A,360,3000,121,2017,338736.0,0,TJ,A,1.0,Indonesia
UNSD:DF_UNDATA_ENERGY(1.2),A,360,3000,121,2018,403540.0,0,TJ,A,1.0,Indonesia
UNSD:DF_UNDATA_ENERGY(1.2),A,360,3000,121,2019,480679.0,0,TJ,A,1.0,Indonesia
UNSD:DF_UNDATA_ENERGY(1.2),A,360,3000,121,2020,435314.0,0,TJ,A,1.0,Indonesia
UNSD:DF_UNDATA_ENERGY(1.2),A,360,3000,121,2021,537340.0,0,TJ,A,1.0,Indonesia
UNSD:DF_UNDATA_ENERGY(1.2),A,360,3000,121,2022,571301.64,0,TJ,A,1.0,Indonesia
UNSD:DF_UNDATA_ENERGY(1.2),A,360,3000,121,2023,605931.863,0,TJ,A,1.0,Indonesia
UNSD:DF_UNDATA_ENERGY(1.2),A,360,3000,1211,2015,10716.0,0,TJ,A,1.0,Indonesia
UNSD:DF_UNDATA_ENERGY(1.2),A,360,3000,1211,2016,128809.0,0,TJ,A,1.0,Indonesia
UNSD:DF_UNDATA_ENERGY(1.2),A,360,3000,1211,2017,64950.0,0,TJ,A,1.0,Indonesia
UNSD:DF_UNDATA_ENERGY(1.2),A,360,3000,1211,2018,50558.0,0,TJ,A,1.0,Indonesia
UNSD:DF_UNDATA_ENERGY(1.2),A,360,3000,1211,2019,110736.0,0,TJ,A,1.0,Indonesia
UNSD:DF_UNDATA_ENERGY(1.2),A,360,3000,1211,2020,19558.0,0,TJ,A,1.0,Indonesia
UNSD:DF_UNDATA_ENERGY(1.2),A,360,3000,1211,2021,73785.0,0,TJ,A,1.0,Indonesia
UNSD:DF_UNDATA_ENERGY(1.2),A,360,3000,1211,2022,15135.12,0,TJ,A,1.0,Indonesia
UNSD:DF_UNDATA_ENERGY(1.2),A,360,3000,1211,2023,12025.299,0,TJ,A,1.0,Indonesia
UNSD:DF_UNDATA_ENERGY(1.2),A,360,3000,1213,2015,83504.0,0,TJ,A,1.0,Indonesia
UNSD:DF_UNDATA_ENERGY(1.2),A,360,3000,1213,2016,33062.0,0,TJ,A,1.0,Indonesia
UNSD:DF_UNDATA_ENERGY(1.2),A,360,3000,1213,2017,68013.0,0,TJ,A,1.0,Indonesia
UNSD:DF_UNDATA_ENERGY(1.2),A,360,3000,1213,2018,82482.0,0,TJ,A,1.0,Indonesia
UNSD:DF_UNDATA_ENERGY(1.2),A,360,3000,1213,2019,30105.0,0,TJ,A,1.0,Indonesia
UNSD:DF_UNDATA_ENERGY(1.2),A,360,3000,1213,2020,151434.0,0,TJ,A,1.0,Indonesia
UNSD:DF_UNDATA_ENERGY(1.2),A,360,3000,1213,2021,16326.0,0,TJ,A,1.0,Indonesia
UNSD:DF_UNDATA_ENERGY(1.2),A,360,3000,1213,2022,205405.2,0,TJ,A,1.0,Indonesia
UNSD:DF_UNDATA_ENERGY(1.2),A,360,3000,1213,2023,145062.147,0,TJ,A,1.0,Indonesia
UNSD:DF_UNDATA_ENERGY(1.2),A,360,3000,1214O,2015,187951.0,0,TJ,A,1.0,Indonesia
UNSD:DF_UNDATA_ENERGY(1.2),A,360,3000,1214O,2016,309923.0,0,TJ,A,1.0,Indonesia
UNSD:DF_UNDATA_ENERGY(1.2),A,360,3000,1214O,2017,205773.0,0,TJ,A,1.0,Indonesia
UNSD:DF_UNDATA_ENERGY(1.2),A,360,3000,1214O,2018,270500.0,0,TJ,A,1.0,Indonesia
UNSD:DF_UNDATA_ENERGY(1.2),A,360,3000,1214O,2019,339838.0,0,TJ,A,1.0,Indonesia
UNSD:DF_UNDATA_ENERGY(1.2),A,360,3000,1214O,2020,264322.0,0,TJ,A,1.0,Indonesia
UNSD:DF_UNDATA_ENERGY(1.2),A,360,3000,1214O,2021,447229.0,0,TJ,A,1.0,Indonesia
UNSD:DF_UNDATA_ENERGY(1.2),A,360,3000,1214O,2022,350761.32,0,TJ,A,1.0,Indonesia
UNSD:DF_UNDATA_ENERGY(1.2),A,360,3000,1214O,2023,448844.417,0,TJ,A,1.0,Indonesia
UNSD:DF_UNDATA_ENERGY(1.2),A,360,3000,GA,2015,1915997.0,0,TJ,A,1.0,Indonesia
UNSD:DF_UNDATA_ENERGY(1.2),A,360,3000,GA,2016,1853634.0,0,TJ,A,1.0,Indonesia
UNSD:DF_UNDATA_ENERGY(1.2),A,360,3000,GA,2017,1714467.0,0,TJ,A,1.0,Indonesia
UNSD:DF_UNDATA_ENERGY(1.2),A,360,3000,GA,2018,1710597.0,0,TJ,A,1.0,Indonesia
UNSD:DF_UNDATA_ENERGY(1.2),A,360,3000,GA,2019,1787024.0,0,TJ,A,1.0,Indonesia
UNSD:DF_UNDATA_ENERGY(1.2),A,360,3000,GA,2020,1651012.0,0,TJ,A,1.0,Indonesia
UNSD:DF_UNDATA_ENERGY(1.2),A,360,3000,GA,2021,1702699.0,0,TJ,A,1.0,Indonesia
UNSD:DF_UNDATA_ENERGY(1.2),A,360,3000,GA,2022,1707772.37,0,TJ,A,1.0,Indonesia
UNSD:DF_UNDATA_ENERGY(1.2),A,360,3000,GA,2023,1771872.287,0,TJ,A,1.0,Indonesia
UNSD:DF_UNDATA_ENERGY(1.2),A,702,129,03,2015,648.6657,3,TN,E,25.8,Singapore
UNSD:DF_UNDATA_ENERGY(1.2),A,702,129,03,2016,692.3,3,TN,A,25.8,Singapore
UNSD:DF_UNDATA_ENERGY(1.2),A,702,129,03,2017,1458.24031,3,TN,A,25.8,Singapore
UNSD:DF_UNDATA_ENERGY(1.2),A,702,129,03,2018,775.531008,3,TN,A,25.8,Singapore
UNSD:DF_UNDATA_ENERGY(1.2),A,702,129,03,2019,743.236434,3,TN,A,25.8,Singapore
UNSD:DF_UNDATA_ENERGY(1.2),A,702,129,03,2020,694.554264,3,TN,A,25.8,Singapore
UNSD:DF_UNDATA_ENERGY(1.2),A,702,129,03,2021,753.46,3,TN,A,25.8,Singapore
UNSD:DF_UNDATA_ENERGY(1.2),A,702,129,03,2022,944.429,3,TN,A,25.8,Singapore
UNSD:DF_UNDATA_ENERGY(1.2),A,702,129,03,2023,895.78,3,TN,E,25.8,Singapore
UNSD:DF_UNDATA_ENERGY(1.2),A,702,129,08811,2015,394.4884,3,TN,A,25.8,Singapore
UNSD:DF_UNDATA_ENERGY(1.2),A,702,129,08811,2016,420.666667,3,TN,A,25.8,Singapore
UNSD:DF_UNDATA_ENERGY(1.2),A,702,129,08811,2017,483.100775193798,3,TN,A,25.8,Singapore
UNSD:DF_UNDATA_ENERGY(1.2),A,702,129,08811,2018,478.562016,3,TN,A,25.8,Singapore
UNSD:DF_UNDATA_ENERGY(1.2),A,702,129,08811,2019,449.55,3,TN,A,25.8,Singapore
UNSD:DF_UNDATA_ENERGY(1.2),A,702,129,08811,2020,405.697674,3,TN,A,25.8,Singapore
UNSD:DF_UNDATA_ENERGY(1.2),A,702,129,08811,2021,453.57,3,TN,A,25.8,Singapore
UNSD:DF_UNDATA_ENERGY(1.2),A,702,129,08811,2022,362.857,3,TN,A,25.8,Singapore
UNSD:DF_UNDATA_ENERGY(1.2),A,702,129,08811,2023,360.26,3,TN,A,25.8,Singapore
UNSD:DF_UNDATA_ENERGY(1.2),A,702,129,121,2015,254.0173,3,TN,E,25.8,Singapore
UNSD:DF_UNDATA_ENERGY(1.2),A,702,129,121,2016,270.681395,3,TN,A,25.8,Singapore
UNSD:DF_UNDATA_ENERGY(1.2),A,702,129,121,2017,974.485659,3,TN,A,25.8,Singapore
UNSD:DF_UNDATA_ENERGY(1.2),A,702,129,121,2018,296.159302,3,TN,A,25.8,Singapore
UNSD:DF_UNDATA_ENERGY(1.2),A,702,129,121,2019,293.562791,3,TN,A,25.8,Singapore
UNSD:DF_UNDATA_ENERGY(1.2),A,702,129,121,2020,288.48,3,TN,A,25.8,Singapore
UNSD:DF_UNDATA_ENERGY(1.2),A,702,129,121,2021,299.45,3,TN,A,25.8,Singapore
UNSD:DF_UNDATA_ENERGY(1.2),A,702,129,121,2022,581.429,3,TN,A,25.8,Singapore
UNSD:DF_UNDATA_ENERGY(1.2),A,702,129,121,2023,535.52,3,TN,A,25.8,Singapore
UNSD:DF_UNDATA_ENERGY(1.2),A,702,129,1214O,2015,254.0173,3,TN,E,25.8,Singapore
UNSD:DF_UNDATA_ENERGY(1.2),A,702,129,1214O,2016,270.681395,3,TN,A,25.8,Singapore
UNSD:DF_UNDATA_ENERGY(1.2),A,702,129,1214O,2017,974.485659,3,TN,A,25.8,Singapore
UNSD:DF_UNDATA_ENERGY(1.2),A,702,129,1214O,2018,296.159302,3,TN,A,25.8,Singapore
UNSD:DF_UNDATA_ENERGY(1.2),A,702,129,1214O,2019,293.562791,3,TN,A,25.8,Singapore
UNSD:DF_UNDATA_ENERGY(1.2),A,702,129,1214O,2020,288.48,3,TN,A,25.8,Singapore
UNSD:DF_UNDATA_ENERGY(1.2),A,702,129,1214O,2021,299.45,3,TN,A,25.8,Singapore
UNSD:DF_UNDATA_ENERGY(1.2),A,702,129,1214O,2022,581.429,3,TN,A,25.8,Singapore
UNSD:DF_UNDATA_ENERGY(1.2),A,702,129,1214O,2023,535.52,3,TN,A,25.8,Singapore
UNSD:DF_UNDATA_ENERGY(1.2),A,702,129,GA,2015,648.5033,3,TN,E,25.8,Singapore
UNSD:DF_UNDATA_ENERGY(1.2),A,702,129,GA,2016,691.3263569999999,3,TN,A,25.8,Singapore
UNSD:DF_UNDATA_ENERGY(1.2),A,702,129,GA,2017,1457.591085,3,TN,A,25.8,Singapore
UNSD:DF_UNDATA_ENERGY(1.2),A,702,129,GA,2018,774.7209304806202,3,TN,A,25.8,Singapore
UNSD:DF_UNDATA_ENERGY(1.2),A,702,129,GA,2019,743.074031,3,TN,A,25.8,Singapore
UNSD:DF_UNDATA_ENERGY(1.2),A,702,129,GA,2020,694.3918608992248,3,TN,A,25.8,Singapore
UNSD:DF_UNDATA_ENERGY(1.2),A,702,129,GA,2021,753.14,3,TN,A,25.8,Singapore
UNSD:DF_UNDATA_ENERGY(1.2),A,702,129,GA,2022,944.429,3,TN,A,25.8,Singapore
UNSD:DF_UNDATA_ENERGY(1.2),A,702,129,GA,2023,895.78,3,TN,E,25.8,Singapore
UNSD:DF_UNDATA_ENERGY(1.2),A,702,220,03,2015,0.0,3,TN,A,11.9,Singapore
UNSD:DF_UNDATA_ENERGY(1.2),A,702,220,GA,2015,0.0,3,TN,A,11.9,Singapore
UNSD:DF_UNDATA_ENERGY(1.2),A,702,3000,03,2015,395799.14,0,TJ,A,1.0,Singapore
UNSD:DF_UNDATA_ENERGY(1.2),A,702,3000,03,2016,405303.17,0,TJ,A,1.0,Singapore
UNSD:DF_UNDATA_ENERGY(1.2),A,702,3000,03,2017,413312.52,0,TJ,A,1.0,Singapore
UNSD:DF_UNDATA_ENERGY(1.2),A,702,3000,03,2018,416980.16,0,TJ,A,1.0,Singapore
UNSD:DF_UNDATA_ENERGY(1.2),A,702,3000,03,2019,424859.72,0,TJ,A,1.0,Singapore
UNSD:DF_UNDATA_ENERGY(1.2),A,702,3000,03,2020,427413.66,0,TJ,A,1.0,Singapore
UNSD:DF_UNDATA_ENERGY(1.2),A,702,3000,03,2021,444830.1,0,TJ,A,1.0,Singapore
UNSD:DF_UNDATA_ENERGY(1.2),A,702,3000,03,2022,441376.3,0,TJ,A,1.0,Singapore
UNSD:DF_UNDATA_ENERGY(1.2),A,702,3000,03,2023,458759.0,0,TJ,A,1.0,Singapore
UNSD:DF_UNDATA_ENERGY(1.2),A,702,3000,08811,2015,304334.0,0,TJ,A,1.0,Singapore
UNSD:DF_UNDATA_ENERGY(1.2),A,702,3000,08811,2016,308923.1,0,TJ,A,1.0,Singapore
UNSD:DF_UNDATA_ENERGY(1.2),A,702,3000,08811,2017,310752.7,0,TJ,A,1.0,Singapore
UNSD:DF_UNDATA_ENERGY(1.2),A,702,3000,08811,2018,307637.7,0,TJ,A,1.0,Singapore
UNSD:DF_UNDATA_ENERGY(1.2),A,702,3000,08811,2019,317753.0,0,TJ,A,1.0,Singapore
UNSD:DF_UNDATA_ENERGY(1.2),A,702,3000,08811,2020,311330.4,0,TJ,A,1.0,Singapore
UNSD:DF_UNDATA_ENERGY(1.2),A,702,3000,08811,2021,326788.1,0,TJ,A,1.0,Singapore
UNSD:DF_UNDATA_ENERGY(1.2),A,702,3000,08811,2022,320767.5,0,TJ,A,1.0,Singapore
UNSD:DF_UNDATA_ENERGY(1.2),A,702,3000,08811,2023,337364.0,0,TJ,A,1.0,Singapore
UNSD:DF_UNDATA_ENERGY(1.2),A,702,3000,08812,2015,37240.0,0,TJ,A,1.0,Singapore
UNSD:DF_UNDATA_ENERGY(1.2),A,702,3000,08812,2016,41270.4,0,TJ,A,1.0,Singapore
UNSD:DF_UNDATA_ENERGY(1.2),A,702,3000,08812,2017,41445.1,0,TJ,A,1.0,Singapore
UNSD:DF_UNDATA_ENERGY(1.2),A,702,3000,08812,2018,46762.4,0,TJ,A,1.0,Singapore
UNSD:DF_UNDATA_ENERGY(1.2),A,702,3000,08812,2019,45753.4,0,TJ,A,1.0,Singapore
UNSD:DF_UNDATA_ENERGY(1.2),A,702,3000,08812,2020,48604.6,0,TJ,A,1.0,Singapore
UNSD:DF_UNDATA_ENERGY(1.2),A,702,3000,08812,2021,46368.8,0,TJ,A,1.0,Singapore
UNSD:DF_UNDATA_ENERGY(1.2),A,702,3000,08812,2022,45179.8,0,TJ,A,1.0,Singapore
UNSD:DF_UNDATA_ENERGY(1.2),A,702,3000,08812,2023,47348.5,0,TJ,A,1.0,Singapore
UNSD:DF_UNDATA_ENERGY(1.2),A,702,3000,121,2015,49239.8,0,TJ,A,1.0,Singapore
UNSD:DF_UNDATA_ENERGY(1.2),A,702,3000,121,2016,49968.5,0,TJ,A,1.0,Singapore
UNSD:DF_UNDATA_ENERGY(1.2),A,702,3000,121,2017,53525.0,0,TJ,A,1.0,Singapore
UNSD:DF_UNDATA_ENERGY(1.2),A,702,3000,121,2018,55326.7,0,TJ,A,1.0,Singapore
UNSD:DF_UNDATA_ENERGY(1.2),A,702,3000,121,2019,55476.9,0,TJ,A,1.0,Singapore
UNSD:DF_UNDATA_ENERGY(1.2),A,702,3000,121,2020,61945.0,0,TJ,A,1.0,Singapore
UNSD:DF_UNDATA_ENERGY(1.2),A,702,3000,121,2021,65426.0,0,TJ,A,1.0,Singapore
UNSD:DF_UNDATA_ENERGY(1.2),A,702,3000,121,2022,64495.6,0,TJ,A,1.0,Singapore
UNSD:DF_UNDATA_ENERGY(1.2),A,702,3000,121,2023,55682.0,0,TJ,A,1.0,Singapore
UNSD:DF_UNDATA_ENERGY(1.2),A,702,3000,1214I,2023,237.0,0,TJ,A,1.0,Singapore
UNSD:DF_UNDATA_ENERGY(1.2),A,702,3000,1214O,2015,49239.8,0,TJ,A,1.0,Singapore
UNSD:DF_UNDATA_ENERGY(1.2),A,702,3000,1214O,2016,49968.5,0,TJ,A,1.0,Singapore
UNSD:DF_UNDATA_ENERGY(1.2),A,702,3000,1214O,2017,53525.0,0,TJ,A,1.0,Singapore
UNSD:DF_UNDATA_ENERGY(1.2),A,702,3000,1214O,2018,55326.7,0,TJ,A,1.0,Singapore
UNSD:DF_UNDATA_ENERGY(1.2),A,702,3000,1214O,2019,55476.9,0,TJ,A,1.0,Singapore
UNSD:DF_UNDATA_ENERGY(1.2),A,702,3000,1214O,2020,61945.0,0,TJ,A,1.0,Singapore
UNSD:DF_UNDATA_ENERGY(1.2),A,702,3000,1214O,2021,65426.0,0,TJ,A,1.0,Singapore
UNSD:DF_UNDATA_ENERGY(1.2),A,702,3000,1214O,2022,64495.6,0,TJ,A,1.0,Singapore
UNSD:DF_UNDATA_ENERGY(1.2),A,702,3000,1214O,2023,55445.0,0,TJ,A,1.0,Singapore
UNSD:DF_UNDATA_ENERGY(1.2),A,702,3000,GA,2015,397532.44,0,TJ,A,1.0,Singapore
UNSD:DF_UNDATA_ENERGY(1.2),A,702,3000,GA,2016,407463.57,0,TJ,A,1.0,Singapore
UNSD:DF_UNDATA_ENERGY(1.2),A,702,3000,GA,2017,409714.12,0,TJ,A,1.0,Singapore
UNSD:DF_UNDATA_ENERGY(1.2),A,702,3000,GA,2018,418418.06,0,TJ,A,1.0,Singapore
UNSD:DF_UNDATA_ENERGY(1.2),A,702,3000,GA,2019,424642.22,0,TJ,A,1.0,Singapore
UNSD:DF_UNDATA_ENERGY(1.2),A,702,3000,GA,2020,429250.76,0,TJ,A,1.0,Singapore
UNSD:DF_UNDATA_ENERGY(1.2),A,702,3000,GA,2021,438113.8,0,TJ,A,1.0,Singapore
UNSD:DF_UNDATA_ENERGY(1.2),A,702,3000,GA,2022,433526.0,0,TJ,A,1.0,Singapore
UNSD:DF_UNDATA_ENERGY(1.2),A,702,3000,GA,2023,456604.1,0,TJ,A,1.0,Singapore
UNSD:DF_UNDATA_ENERGY(1.2),A,344,3000,03,2015,123628.0,0,TJ,A,1.0,Hong Kong
UNSD:DF_UNDATA_ENERGY(1.2),A,344,3000,03,2016,126743.0,0,TJ,A,1.0,Hong Kong
UNSD:DF_UNDATA_ENERGY(1.2),A,344,3000,03,2017,126387.0,0,TJ,A,1.0,Hong Kong
UNSD:DF_UNDATA_ENERGY(1.2),A,344,3000,03,2018,123197.0,0,TJ,A,1.0,Hong Kong
UNSD:DF_UNDATA_ENERGY(1.2),A,344,3000,03,2019,127799.0,0,TJ,A,1.0,Hong Kong
UNSD:DF_UNDATA_ENERGY(1.2),A,344,3000,03,2020,191705.0,0,TJ,A,1.0,Hong Kong
UNSD:DF_UNDATA_ENERGY(1.2),A,344,3000,03,2021,191557.0,0,TJ,A,1.0,Hong Kong
UNSD:DF_UNDATA_ENERGY(1.2),A,344,3000,03,2022,187027.0,0,TJ,A,1.0,Hong Kong
UNSD:DF_UNDATA_ENERGY(1.2),A,344,3000,03,2023,198953.0,0,TJ,A,1.0,Hong Kong
UNSD:DF_UNDATA_ENERGY(1.2),A,344,3000,08811,2015,103478.0,0,TJ,A,1.0,Hong Kong
UNSD:DF_UNDATA_ENERGY(1.2),A,344,3000,08811,2016,106574.0,0,TJ,A,1.0,Hong Kong
UNSD:DF_UNDATA_ENERGY(1.2),A,344,3000,08811,2017,106754.0,0,TJ,A,1.0,Hong Kong
UNSD:DF_UNDATA_ENERGY(1.2),A,344,3000,08811,2018,103006.0,0,TJ,A,1.0,Hong Kong
UNSD:DF_UNDATA_ENERGY(1.2),A,344,3000,08811,2019,108340.0,0,TJ,A,1.0,Hong Kong
UNSD:DF_UNDATA_ENERGY(1.2),A,344,3000,08811,2020,172268.0,0,TJ,A,1.0,Hong Kong
UNSD:DF_UNDATA_ENERGY(1.2),A,344,3000,08811,2021,172889.0,0,TJ,A,1.0,Hong Kong
UNSD:DF_UNDATA_ENERGY(1.2),A,344,3000,08811,2022,168653.0,0,TJ,A,1.0,Hong Kong
UNSD:DF_UNDATA_ENERGY(1.2),A,344,3000,08811,2023,180335.0,0,TJ,A,1.0,Hong Kong
UNSD:DF_UNDATA_ENERGY(1.2),A,344,3000,GA,2015,123628.0,0,TJ,A,1.0,Hong Kong
UNSD:DF_UNDATA_ENERGY(1.2),A,344,3000,GA,2016,126743.0,0,TJ,A,1.0,Hong Kong
UNSD:DF_UNDATA_ENERGY(1.2),A,344,3000,GA,2017,126387.0,0,TJ,A,1.0,Hong Kong
UNSD:DF_UNDATA_ENERGY(1.2),A,344,3000,GA,2018,123197.0,0,TJ,A,1.0,Hong Kong
UNSD:DF_UNDATA_ENERGY(1.2),A,344,3000,GA,2019,127799.0,0,TJ,A,1.0,Hong Kong
UNSD:DF_UNDATA_ENERGY(1.2),A,344,3000,GA,2020,191705.0,0,TJ,A,1.0,Hong Kong
UNSD:DF_UNDATA_ENERGY(1.2),A,344,3000,GA,2021,191557.0,0,TJ,A,1.0,Hong Kong
UNSD:DF_UNDATA_ENERGY(1.2),A,344,3000,GA,2022,187027.0,0,TJ,A,1.0,Hong Kong
UNSD:DF_UNDATA_ENERGY(1.2),A,344,3000,GA,2023,198953.0,0,TJ,A,1.0,Hong Kong
UNSD:DF_UNDATA_ENERGY(1.2),A,792,121,01,2015,767.0,3,TN,A,28.2,Turkey
UNSD:DF_UNDATA_ENERGY(1.2),A,792,121,01,2016,695.0,3,TN,A,28.2,Turkey
UNSD:DF_UNDATA_ENERGY(1.2),A,792,121,01,2017,764.112,3,TN,A,28.2,Turkey
UNSD:DF_UNDATA_ENERGY(1.2),A,792,121,01,2018,692.133,3,TN,A,28.2,Turkey
UNSD:DF_UNDATA_ENERGY(1.2),A,792,121,01,2019,698.87,3,TN,A,28.2,Turkey
UNSD:DF_UNDATA_ENERGY(1.2),A,792,121,01,2020,617.282,3,TN,A,28.2,Turkey
UNSD:DF_UNDATA_ENERGY(1.2),A,792,121,01,2021,619.565,3,TN,A,28.2,Turkey
UNSD:DF_UNDATA_ENERGY(1.2),A,792,121,01,2022,541.495,3,TN,A,28.2,Turkey
UNSD:DF_UNDATA_ENERGY(1.2),A,792,121,01,2023,457.341,3,TN,A,28.2,Turkey
UNSD:DF_UNDATA_ENERGY(1.2),A,792,121,03,2015,5931.0,3,TN,A,28.2,Turkey
UNSD:DF_UNDATA_ENERGY(1.2),A,792,121,03,2016,5794.0,3,TN,A,28.2,Turkey
UNSD:DF_UNDATA_ENERGY(1.2),A,792,121,03,2017,5273.5,3,TN,A,28.2,Turkey
UNSD:DF_UNDATA_ENERGY(1.2),A,792,121,03,2018,6037.41,3,TN,A,28.2,Turkey
UNSD:DF_UNDATA_ENERGY(1.2),A,792,121,03,2019,6409.75,3,TN,A,28.2,Turkey
UNSD:DF_UNDATA_ENERGY(1.2),A,792,121,03,2020,6157.0,3,TN,A,28.2,Turkey
UNSD:DF_UNDATA_ENERGY(1.2),A,792,121,03,2021,5521.379,3,TN,A,28.2,Turkey
UNSD:DF_UNDATA_ENERGY(1.2),A,792,121,03,2022,5209.166,3,TN,A,28.2,Turkey
UNSD:DF_UNDATA_ENERGY(1.2),A,792,121,03,2023,4528.128,3,TN,A,28.2,Turkey
UNSD:DF_UNDATA_ENERGY(1.2),A,792,121,081,2015,6040.0,3,TN,A,28.2,Turkey
UNSD:DF_UNDATA_ENERGY(1.2),A,792,121,081,2016,5675.0,3,TN,A,28.2,Turkey
UNSD:DF_UNDATA_ENERGY(1.2),A,792,121,081,2017,5797.0,3,TN,A,28.2,Turkey
UNSD:DF_UNDATA_ENERGY(1.2),A,792,121,081,2018,5771.0,3,TN,A,28.2,Turkey
UNSD:DF_UNDATA_ENERGY(1.2),A,792,121,081,2019,5773.0,3,TN,A,28.2,Turkey
UNSD:DF_UNDATA_ENERGY(1.2),A,792,121,081,2020,5553.885,3,TN,A,28.2,Turkey
UNSD:DF_UNDATA_ENERGY(1.2),A,792,121,081,2021,5619.771,3,TN,A,28.2,Turkey
UNSD:DF_UNDATA_ENERGY(1.2),A,792,121,081,2022,5300.22,3,TN,A,28.2,Turkey
UNSD:DF_UNDATA_ENERGY(1.2),A,792,121,081,2023,4883.068,3,TN,A,28.2,Turkey
UNSD:DF_UNDATA_ENERGY(1.2),A,792,121,08812,2015,565.0,3,TN,A,28.2,Turkey
UNSD:DF_UNDATA_ENERGY(1.2),A,792,121,08812,2016,587.0,3,TN,A,28.2,Turkey
UNSD:DF_UNDATA_ENERGY(1.2),A,792,121,08812,2017,498.236,3,TN,A,28.2,Turkey
UNSD:DF_UNDATA_ENERGY(1.2),A,792,121,08812,2018,548.487,3,TN,A,28.2,Turkey
UNSD:DF_UNDATA_ENERGY(1.2),A,792,121,08812,2019,531.111,3,TN,A,28.2,Turkey
UNSD:DF_UNDATA_ENERGY(1.2),A,792,121,08812,2020,543.802,3,TN,A,28.2,Turkey
UNSD:DF_UNDATA_ENERGY(1.2),A,792,121,08812,2021,531.502,3,TN,A,28.2,Turkey
UNSD:DF_UNDATA_ENERGY(1.2),A,792,121,08812,2022,313.589,3,TN,A,28.2,Turkey
UNSD:DF_UNDATA_ENERGY(1.2),A,792,121,08812,2023,308.314,3,TN,A,28.2,Turkey
UNSD:DF_UNDATA_ENERGY(1.2),A,792,121,08822,2015,23.0,3,TN,A,28.2,Turkey
UNSD:DF_UNDATA_ENERGY(1.2),A,792,121,08822,2016,21.0,3,TN,A,28.2,Turkey
UNSD:DF_UNDATA_ENERGY(1.2),A,792,121,08822,2017,23.871,3,TN,A,28.2,Turkey
UNSD:DF_UNDATA_ENERGY(1.2),A,792,121,08822,2018,27.902,3,TN,A,28.2,Turkey
UNSD:DF_UNDATA_ENERGY(1.2),A,792,121,08822,2019,29.55,3,TN,A,28.2,Turkey
UNSD:DF_UNDATA_ENERGY(1.2),A,792,121,08822,2020,35.709,3,TN,A,28.2,Turkey
UNSD:DF_UNDATA_ENERGY(1.2),A,792,121,08822,2021,30.812,3,TN,A,28.2,Turkey
UNSD:DF_UNDATA_ENERGY(1.2),A,792,121,08822,2022,19.399,3,TN,A,28.2,Turkey
UNSD:DF_UNDATA_ENERGY(1.2),A,792,121,08822,2023,16.576,3,TN,A,28.2,Turkey
UNSD:DF_UNDATA_ENERGY(1.2),A,792,121,121,2015,0.0,3,TN,A,28.2,Turkey
UNSD:DF_UNDATA_ENERGY(1.2),A,792,121,121,2016,0.0,3,TN,A,28.2,Turkey
UNSD:DF_UNDATA_ENERGY(1.2),A,792,121,121,2017,0.0,3,TN,A,28.2,Turkey
UNSD:DF_UNDATA_ENERGY(1.2),A,792,121,1214O,2015,0.0,3,TN,A,28.2,Turkey
UNSD:DF_UNDATA_ENERGY(1.2),A,792,121,1214O,2016,0.0,3,TN,A,28.2,Turkey
UNSD:DF_UNDATA_ENERGY(1.2),A,792,121,1214O,2017,0.0,3,TN,A,28.2,Turkey
UNSD:DF_UNDATA_ENERGY(1.2),A,792,121,GA,2015,6654.0,3,TN,A,28.2,Turkey
UNSD:DF_UNDATA_ENERGY(1.2),A,792,121,GA,2016,6296.0,3,TN,A,28.2,Turkey
UNSD:DF_UNDATA_ENERGY(1.2),A,792,121,GA,2017,6334.0470000000005,3,TN,A,28.2,Turkey
UNSD:DF_UNDATA_ENERGY(1.2),A,792,121,GA,2018,6415.311,3,TN,A,28.2,Turkey
UNSD:DF_UNDATA_ENERGY(1.2),A,792,121,GA,2019,6419.01,3,TN,A,28.2,Turkey
UNSD:DF_UNDATA_ENERGY(1.2),A,792,121,GA,2020,6150.521,3,TN,A,28.2,Turkey
UNSD:DF_UNDATA_ENERGY(1.2),A,792,121,GA,2021,6120.851,3,TN,A,28.2,Turkey
UNSD:DF_UNDATA_ENERGY(1.2),A,792,121,GA,2022,5592.18,3,TN,A,28.2,Turkey
UNSD:DF_UNDATA_ENERGY(1.2),A,792,121,GA,2023,4939.084,3,TN,A,28.2,Turkey
UNSD:DF_UNDATA_ENERGY(1.2),A,792,129,01,2015,668.0,3,TN,A,25.8,Turkey
UNSD:DF_UNDATA_ENERGY(1.2),A,792,129,01,2016,618.0,3,TN,A,25.8,Turkey
UNSD:DF_UNDATA_ENERGY(1.2),A,792,129,01,2017,469.888,3,TN,A,25.8,Turkey
UNSD:DF_UNDATA_ENERGY(1.2),A,792,129,01,2018,409.52,3,TN,A,25.8,Turkey
UNSD:DF_UNDATA_ENERGY(1.2),A,792,129,01,2019,507.628,3,TN,A,25.8,Turkey
UNSD:DF_UNDATA_ENERGY(1.2),A,792,129,01,2020,448.718,3,TN,A,25.8,Turkey
UNSD:DF_UNDATA_ENERGY(1.2),A,792,129,01,2021,616.704,3,TN,A,25.8,Turkey
UNSD:DF_UNDATA_ENERGY(1.2),A,792,129,01,2022,874.984,3,TN,A,25.8,Turkey
UNSD:DF_UNDATA_ENERGY(1.2),A,792,129,01,2023,610.488,3,TN,A,25.8,Turkey
UNSD:DF_UNDATA_ENERGY(1.2),A,792,129,03,2015,28048.0,3,TN,A,25.8,Turkey
UNSD:DF_UNDATA_ENERGY(1.2),A,792,129,03,2016,30422.0,3,TN,A,25.8,Turkey
UNSD:DF_UNDATA_ENERGY(1.2),A,792,129,03,2017,32977.614,3,TN,A,25.8,Turkey
UNSD:DF_UNDATA_ENERGY(1.2),A,792,129,03,2018,32291.59,3,TN,A,25.8,Turkey
UNSD:DF_UNDATA_ENERGY(1.2),A,792,129,03,2019,31730.835,3,TN,A,25.8,Turkey
UNSD:DF_UNDATA_ENERGY(1.2),A,792,129,03,2020,33949.182,3,TN,A,25.8,Turkey
UNSD:DF_UNDATA_ENERGY(1.2),A,792,129,03,2021,31667.63,3,TN,A,25.8,Turkey
UNSD:DF_UNDATA_ENERGY(1.2),A,792,129,03,2022,31349.472,3,TN,A,25.8,Turkey
UNSD:DF_UNDATA_ENERGY(1.2),A,792,129,03,2023,34905.228,3,TN,A,25.8,Turkey
UNSD:DF_UNDATA_ENERGY(1.2),A,792,129,08811,2015,13868.0,3,TN,A,25.8,Turkey
UNSD:DF_UNDATA_ENERGY(1.2),A,792,129,08811,2016,15877.0,3,TN,A,25.8,Turkey
UNSD:DF_UNDATA_ENERGY(1.2),A,792,129,08811,2017,17555.975,3,TN,A,25.8,Turkey
UNSD:DF_UNDATA_ENERGY(1.2),A,792,129,08811,2018,21463.53,3,TN,A,25.8,Turkey
UNSD:DF_UNDATA_ENERGY(1.2),A,792,129,08811,2019,20989.21,3,TN,A,25.8,Turkey
UNSD:DF_UNDATA_ENERGY(1.2),A,792,129,08811,2020,21343.754,3,TN,A,25.8,Turkey
UNSD:DF_UNDATA_ENERGY(1.2),A,792,129,08811,2021,19042.338,3,TN,A,25.8,Turkey
UNSD:DF_UNDATA_ENERGY(1.2),A,792,129,08811,2022,22177.033,3,TN,A,25.8,Turkey
UNSD:DF_UNDATA_ENERGY(1.2),A,792,129,08811,2023,24572.132,3,TN,A,25.8,Turkey
UNSD:DF_UNDATA_ENERGY(1.2),A,792,129,08812,2015,1263.0,3,TN,A,25.8,Turkey
UNSD:DF_UNDATA_ENERGY(1.2),A,792,129,08812,2016,1316.0,3,TN,A,25.8,Turkey
UNSD:DF_UNDATA_ENERGY(1.2),A,792,129,08812,2017,1219.599,3,TN,A,25.8,Turkey
UNSD:DF_UNDATA_ENERGY(1.2),A,792,129,08812,2018,1252.347,3,TN,A,25.8,Turkey
UNSD:DF_UNDATA_ENERGY(1.2),A,792,129,08812,2019,1542.541,3,TN,A,25.8,Turkey
UNSD:DF_UNDATA_ENERGY(1.2),A,792,129,08812,2020,1427.708,3,TN,A,25.8,Turkey
UNSD:DF_UNDATA_ENERGY(1.2),A,792,129,08812,2021,1555.245,3,TN,A,25.8,Turkey
UNSD:DF_UNDATA_ENERGY(1.2),A,792,129,08812,2022,1341.329,3,TN,A,25.8,Turkey
UNSD:DF_UNDATA_ENERGY(1.2),A,792,129,08812,2023,1398.112,3,TN,A,25.8,Turkey
UNSD:DF_UNDATA_ENERGY(1.2),A,792,129,08822,2015,189.0,3,TN,A,25.8,Turkey
UNSD:DF_UNDATA_ENERGY(1.2),A,792,129,08822,2016,166.0,3,TN,A,25.8,Turkey
UNSD:DF_UNDATA_ENERGY(1.2),A,792,129,08822,2017,187.617,3,TN,A,25.8,Turkey
UNSD:DF_UNDATA_ENERGY(1.2),A,792,129,08822,2018,146.003,3,TN,A,25.8,Turkey
UNSD:DF_UNDATA_ENERGY(1.2),A,792,129,08822,2019,210.603,3,TN,A,25.8,Turkey
UNSD:DF_UNDATA_ENERGY(1.2),A,792,129,08822,2020,302.261,3,TN,A,25.8,Turkey
UNSD:DF_UNDATA_ENERGY(1.2),A,792,129,08822,2021,310.134,3,TN,A,25.8,Turkey
UNSD:DF_UNDATA_ENERGY(1.2),A,792,129,08822,2022,280.096,3,TN,A,25.8,Turkey
UNSD:DF_UNDATA_ENERGY(1.2),A,792,129,08822,2023,272.24,3,TN,A,25.8,Turkey
UNSD:DF_UNDATA_ENERGY(1.2),A,792,129,121,2015,5002.0,3,TN,A,25.8,Turkey
UNSD:DF_UNDATA_ENERGY(1.2),A,792,129,121,2016,5689.0,3,TN,A,25.8,Turkey
UNSD:DF_UNDATA_ENERGY(1.2),A,792,129,121,2017,4957.77,3,TN,A,25.8,Turkey
UNSD:DF_UNDATA_ENERGY(1.2),A,792,129,121,2018,4966.651,3,TN,A,25.8,Turkey
UNSD:DF_UNDATA_ENERGY(1.2),A,792,129,121,2019,4439.982,3,TN,A,25.8,Turkey
UNSD:DF_UNDATA_ENERGY(1.2),A,792,129,121,2020,5267.851,3,TN,A,25.8,Turkey
UNSD:DF_UNDATA_ENERGY(1.2),A,792,129,121,2021,6504.927,3,TN,A,25.8,Turkey
UNSD:DF_UNDATA_ENERGY(1.2),A,792,129,121,2022,4217.42,3,TN,A,25.8,Turkey
UNSD:DF_UNDATA_ENERGY(1.2),A,792,129,121,2023,5372.865,3,TN,A,25.8,Turkey
UNSD:DF_UNDATA_ENERGY(1.2),A,792,129,1211,2015,426.0,3,TN,A,25.8,Turkey
UNSD:DF_UNDATA_ENERGY(1.2),A,792,129,1211,2016,634.0,3,TN,A,25.8,Turkey
UNSD:DF_UNDATA_ENERGY(1.2),A,792,129,1211,2017,637.77,3,TN,A,25.8,Turkey
UNSD:DF_UNDATA_ENERGY(1.2),A,792,129,1211,2018,709.36,3,TN,A,25.8,Turkey
UNSD:DF_UNDATA_ENERGY(1.2),A,792,129,1211,2019,624.702,3,TN,A,25.8,Turkey
UNSD:DF_UNDATA_ENERGY(1.2),A,792,129,1211,2020,583.765,3,TN,A,25.8,Turkey
UNSD:DF_UNDATA_ENERGY(1.2),A,792,129,1211,2021,330.343,3,TN,A,25.8,Turkey
UNSD:DF_UNDATA_ENERGY(1.2),A,792,129,1211,2022,17.288,3,TN,A,25.8,Turkey
UNSD:DF_UNDATA_ENERGY(1.2),A,792,129,1211,2023,1319.441,3,TN,A,25.8,Turkey
UNSD:DF_UNDATA_ENERGY(1.2),A,792,129,1213,2015,594.0,3,TN,A,25.8,Turkey
UNSD:DF_UNDATA_ENERGY(1.2),A,792,129,1213,2016,545.0,3,TN,A,25.8,Turkey
UNSD:DF_UNDATA_ENERGY(1.2),A,792,129,1213,2017,352.0,3,TN,A,25.8,Turkey
UNSD:DF_UNDATA_ENERGY(1.2),A,792,129,1213,2018,637.691,3,TN,A,25.8,Turkey
UNSD:DF_UNDATA_ENERGY(1.2),A,792,129,1213,2019,686.3,3,TN,A,25.8,Turkey
UNSD:DF_UNDATA_ENERGY(1.2),A,792,129,1213,2020,670.68,3,TN,A,25.8,Turkey
UNSD:DF_UNDATA_ENERGY(1.2),A,792,129,1213,2021,690.817,3,TN,A,25.8,Turkey
UNSD:DF_UNDATA_ENERGY(1.2),A,792,129,1213,2022,539.86,3,TN,A,25.8,Turkey
UNSD:DF_UNDATA_ENERGY(1.2),A,792,129,1213,2023,603.048,3,TN,A,25.8,Turkey
UNSD:DF_UNDATA_ENERGY(1.2),A,792,129,1214A,2015,9.0,3,TN,A,25.8,Turkey
UNSD:DF_UNDATA_ENERGY(1.2),A,792,129,1214A,2016,10.0,3,TN,A,25.8,Turkey
UNSD:DF_UNDATA_ENERGY(1.2),A,792,129,1214A,2017,16.0,3,TN,A,25.8,Turkey
UNSD:DF_UNDATA_ENERGY(1.2),A,792,129,1214A,2018,12.0,3,TN,A,25.8,Turkey
UNSD:DF_UNDATA_ENERGY(1.2),A,792,129,1214A,2019,45.0,3,TN,A,25.8,Turkey
UNSD:DF_UNDATA_ENERGY(1.2),A,792,129,1214A,2020,38.0,3,TN,A,25.8,Turkey
UNSD:DF_UNDATA_ENERGY(1.2),A,792,129,1214A,2021,48.156,3,TN,A,25.8,Turkey
UNSD:DF_UNDATA_ENERGY(1.2),A,792,129,1214A,2022,0.143,3,TN,A,25.8,Turkey
UNSD:DF_UNDATA_ENERGY(1.2),A,792,129,1214A,2023,0.161,3,TN,A,25.8,Turkey
UNSD:DF_UNDATA_ENERGY(1.2),A,792,129,1214B,2015,3307.0,3,TN,A,25.8,Turkey
UNSD:DF_UNDATA_ENERGY(1.2),A,792,129,1214B,2016,3904.0,3,TN,A,25.8,Turkey
UNSD:DF_UNDATA_ENERGY(1.2),A,792,129,1214B,2017,3294.0,3,TN,A,25.8,Turkey
UNSD:DF_UNDATA_ENERGY(1.2),A,792,129,1214B,2018,2908.0,3,TN,A,25.8,Turkey
UNSD:DF_UNDATA_ENERGY(1.2),A,792,129,1214B,2019,2075.0,3,TN,A,25.8,Turkey
UNSD:DF_UNDATA_ENERGY(1.2),A,792,129,1214B,2020,2762.0,3,TN,A,25.8,Turkey
UNSD:DF_UNDATA_ENERGY(1.2),A,792,129,1214B,2021,4108.528,3,TN,A,25.8,Turkey
UNSD:DF_UNDATA_ENERGY(1.2),A,792,129,1214B,2022,2466.445,3,TN,A,25.8,Turkey
UNSD:DF_UNDATA_ENERGY(1.2),A,792,129,1214B,2023,2342.183,3,TN,A,25.8,Turkey
UNSD:DF_UNDATA_ENERGY(1.2),A,792,129,1214C,2015,0.0,3,TN,A,25.8,Turkey
UNSD:DF_UNDATA_ENERGY(1.2),A,792,129,1214C,2016,0.0,3,TN,A,25.8,Turkey
UNSD:DF_UNDATA_ENERGY(1.2),A,792,129,1214C,2017,0.0,3,TN,A,25.8,Turkey
UNSD:DF_UNDATA_ENERGY(1.2),A,792,129,1214C,2021,0.018,3,TN,A,25.8,Turkey
UNSD:DF_UNDATA_ENERGY(1.2),A,792,129,1214C,2022,0.022,3,TN,A,25.8,Turkey
UNSD:DF_UNDATA_ENERGY(1.2),A,792,129,1214D,2015,3.0,3,TN,A,25.8,Turkey
UNSD:DF_UNDATA_ENERGY(1.2),A,792,129,1214D,2016,0.0,3,TN,A,25.8,Turkey
UNSD:DF_UNDATA_ENERGY(1.2),A,792,129,1214D,2017,0.0,3,TN,A,25.8,Turkey
UNSD:DF_UNDATA_ENERGY(1.2),A,792,129,1214D,2021,0.799,3,TN,A,25.8,Turkey
UNSD:DF_UNDATA_ENERGY(1.2),A,792,129,1214D,2022,0.465,3,TN,A,25.8,Turkey
UNSD:DF_UNDATA_ENERGY(1.2),A,792,129,1214D,2023,0.396,3,TN,A,25.8,Turkey
UNSD:DF_UNDATA_ENERGY(1.2),A,792,129,1214E,2015,19.0,3,TN,A,25.8,Turkey
UNSD:DF_UNDATA_ENERGY(1.2),A,792,129,1214E,2016,1.0,3,TN,A,25.8,Turkey
UNSD:DF_UNDATA_ENERGY(1.2),A,792,129,1214E,2017,2.0,3,TN,A,25.8,Turkey
UNSD:DF_UNDATA_ENERGY(1.2),A,792,129,1214E,2018,1.0,3,TN,A,25.8,Turkey
UNSD:DF_UNDATA_ENERGY(1.2),A,792,129,1214E,2019,1.0,3,TN,A,25.8,Turkey
UNSD:DF_UNDATA_ENERGY(1.2),A,792,129,1214E,2020,1.0,3,TN,A,25.8,Turkey
UNSD:DF_UNDATA_ENERGY(1.2),A,792,129,1214E,2021,0.124,3,TN,A,25.8,Turkey
UNSD:DF_UNDATA_ENERGY(1.2),A,792,129,1214E,2022,0.062,3,TN,A,25.8,Turkey
UNSD:DF_UNDATA_ENERGY(1.2),A,792,129,1214E,2023,0.112,3,TN,A,25.8,Turkey
UNSD:DF_UNDATA_ENERGY(1.2),A,792,129,1214F,2015,228.0,3,TN,A,25.8,Turkey
UNSD:DF_UNDATA_ENERGY(1.2),A,792,129,1214F,2016,222.0,3,TN,A,25.8,Turkey
UNSD:DF_UNDATA_ENERGY(1.2),A,792,129,1214F,2017,260.0,3,TN,A,25.8,Turkey
UNSD:DF_UNDATA_ENERGY(1.2),A,792,129,1214F,2018,261.0,3,TN,A,25.8,Turkey
UNSD:DF_UNDATA_ENERGY(1.2),A,792,129,1214F,2019,422.0,3,TN,A,25.8,Turkey
UNSD:DF_UNDATA_ENERGY(1.2),A,792,129,1214F,2020,462.77,3,TN,A,25.8,Turkey
UNSD:DF_UNDATA_ENERGY(1.2),A,792,129,1214F,2021,515.613,3,TN,A,25.8,Turkey
UNSD:DF_UNDATA_ENERGY(1.2),A,792,129,1214F,2022,409.702,3,TN,A,25.8,Turkey
UNSD:DF_UNDATA_ENERGY(1.2),A,792,129,1214F,2023,431.685,3,TN,A,25.8,Turkey
UNSD:DF_UNDATA_ENERGY(1.2),A,792,129,1214G,2015,43.0,3,TN,A,25.8,Turkey
UNSD:DF_UNDATA_ENERGY(1.2),A,792,129,1214G,2016,192.0,3,TN,A,25.8,Turkey
UNSD:DF_UNDATA_ENERGY(1.2),A,792,129,1214G,2017,200.0,3,TN,A,25.8,Turkey
UNSD:DF_UNDATA_ENERGY(1.2),A,792,129,1214G,2018,237.6,3,TN,A,25.8,Turkey
UNSD:DF_UNDATA_ENERGY(1.2),A,792,129,1214G,2019,281.98,3,TN,A,25.8,Turkey
UNSD:DF_UNDATA_ENERGY(1.2),A,792,129,1214G,2020,409.636,3,TN,A,25.8,Turkey
UNSD:DF_UNDATA_ENERGY(1.2),A,792,129,1214G,2021,373.329,3,TN,A,25.8,Turkey
UNSD:DF_UNDATA_ENERGY(1.2),A,792,129,1214G,2022,413.155,3,TN,A,25.8,Turkey
UNSD:DF_UNDATA_ENERGY(1.2),A,792,129,1214G,2023,384.747,3,TN,A,25.8,Turkey
UNSD:DF_UNDATA_ENERGY(1.2),A,792,129,1214H,2015,17.0,3,TN,A,25.8,Turkey
UNSD:DF_UNDATA_ENERGY(1.2),A,792,129,1214H,2016,13.0,3,TN,A,25.8,Turkey
UNSD:DF_UNDATA_ENERGY(1.2),A,792,129,1214H,2017,8.0,3,TN,A,25.8,Turkey
UNSD:DF_UNDATA_ENERGY(1.2),A,792,129,1214H,2018,13.0,3,TN,A,25.8,Turkey
UNSD:DF_UNDATA_ENERGY(1.2),A,792,129,1214H,2019,24.0,3,TN,A,25.8,Turkey
UNSD:DF_UNDATA_ENERGY(1.2),A,792,129,1214H,2020,13.0,3,TN,A,25.8,Turkey
UNSD:DF_UNDATA_ENERGY(1.2),A,792,129,1214H,2021,14.255,3,TN,A,25.8,Turkey
UNSD:DF_UNDATA_ENERGY(1.2),A,792,129,1214H,2022,24.703,3,TN,A,25.8,Turkey
UNSD:DF_UNDATA_ENERGY(1.2),A,792,129,1214H,2023,24.837,3,TN,A,25.8,Turkey
UNSD:DF_UNDATA_ENERGY(1.2),A,792,129,1214I,2015,1.0,3,TN,A,25.8,Turkey
UNSD:DF_UNDATA_ENERGY(1.2),A,792,129,1214I,2016,0.0,3,TN,A,25.8,Turkey
UNSD:DF_UNDATA_ENERGY(1.2),A,792,129,1214I,2017,0.0,3,TN,A,25.8,Turkey
UNSD:DF_UNDATA_ENERGY(1.2),A,792,129,1214I,2018,38.0,3,TN,A,25.8,Turkey
UNSD:DF_UNDATA_ENERGY(1.2),A,792,129,1214I,2019,2.0,3,TN,A,25.8,Turkey
UNSD:DF_UNDATA_ENERGY(1.2),A,792,129,1214I,2020,1.0,3,TN,A,25.8,Turkey
UNSD:DF_UNDATA_ENERGY(1.2),A,792,129,1214I,2021,1.49,3,TN,A,25.8,Turkey
UNSD:DF_UNDATA_ENERGY(1.2),A,792,129,1214I,2022,1.384,3,TN,A,25.8,Turkey
UNSD:DF_UNDATA_ENERGY(1.2),A,792,129,1214I,2023,1.48,3,TN,A,25.8,Turkey
UNSD:DF_UNDATA_ENERGY(1.2),A,792,129,1214J,2015,355.0,3,TN,A,25.8,Turkey
UNSD:DF_UNDATA_ENERGY(1.2),A,792,129,1214J,2016,157.0,3,TN,A,25.8,Turkey
UNSD:DF_UNDATA_ENERGY(1.2),A,792,129,1214J,2017,188.0,3,TN,A,25.8,Turkey
UNSD:DF_UNDATA_ENERGY(1.2),A,792,129,1214J,2018,149.0,3,TN,A,25.8,Turkey
UNSD:DF_UNDATA_ENERGY(1.2),A,792,129,1214J,2019,278.0,3,TN,A,25.8,Turkey
UNSD:DF_UNDATA_ENERGY(1.2),A,792,129,1214J,2020,326.0,3,TN,A,25.8,Turkey
UNSD:DF_UNDATA_ENERGY(1.2),A,792,129,1214J,2021,421.455,3,TN,A,25.8,Turkey
UNSD:DF_UNDATA_ENERGY(1.2),A,792,129,1214J,2022,344.191,3,TN,A,25.8,Turkey
UNSD:DF_UNDATA_ENERGY(1.2),A,792,129,1214J,2023,264.775,3,TN,A,25.8,Turkey
UNSD:DF_UNDATA_ENERGY(1.2),A,792,129,1214O,2015,0.0,3,TN,A,25.8,Turkey
UNSD:DF_UNDATA_ENERGY(1.2),A,792,129,1214O,2016,11.0,3,TN,A,25.8,Turkey
UNSD:DF_UNDATA_ENERGY(1.2),A,792,129,1214O,2017,0.0,3,TN,A,25.8,Turkey
UNSD:DF_UNDATA_ENERGY(1.2),A,792,129,GA,2015,28165.0,3,TN,A,25.8,Turkey
UNSD:DF_UNDATA_ENERGY(1.2),A,792,129,GA,2016,30728.0,3,TN,A,25.8,Turkey
UNSD:DF_UNDATA_ENERGY(1.2),A,792,129,GA,2017,32545.352,3,TN,A,25.8,Turkey
UNSD:DF_UNDATA_ENERGY(1.2),A,792,129,GA,2018,33130.252,3,TN,A,25.8,Turkey
UNSD:DF_UNDATA_ENERGY(1.2),A,792,129,GA,2019,33868.676,3,TN,A,25.8,Turkey
UNSD:DF_UNDATA_ENERGY(1.2),A,792,129,GA,2020,34776.085,3,TN,A,25.8,Turkey
UNSD:DF_UNDATA_ENERGY(1.2),A,792,129,GA,2021,31959.691000000003,3,TN,A,25.8,Turkey
UNSD:DF_UNDATA_ENERGY(1.2),A,792,129,GA,2022,31406.351,3,TN,A,25.8,Turkey
UNSD:DF_UNDATA_ENERGY(1.2),A,792,129,GA,2023,35084.200000000004,3,TN,A,25.8,Turkey
UNSD:DF_UNDATA_ENERGY(1.2),A,792,210,01,2015,857.0,3,TN,A,18.9,Turkey
UNSD:DF_UNDATA_ENERGY(1.2),A,792,210,01,2016,1452.0,3,TN,A,18.9,Turkey
UNSD:DF_UNDATA_ENERGY(1.2),A,792,210,01,2017,1405.0,3,TN,A,18.9,Turkey
UNSD:DF_UNDATA_ENERGY(1.2),A,792,210,01,2018,1751.0,3,TN,A,18.9,Turkey
UNSD:DF_UNDATA_ENERGY(1.2),A,792,210,01,2019,2188.0,3,TN,A,18.9,Turkey
UNSD:DF_UNDATA_ENERGY(1.2),A,792,210,01,2020,2009.0,3,TN,A,18.9,Turkey
UNSD:DF_UNDATA_ENERGY(1.2),A,792,210,01,2021,1671.444,3,TN,A,18.9,Turkey
UNSD:DF_UNDATA_ENERGY(1.2),A,792,210,01,2022,1599.906,3,TN,A,18.9,Turkey
UNSD:DF_UNDATA_ENERGY(1.2),A,792,210,01,2023,1308.272,3,TN,A,18.9,Turkey
UNSD:DF_UNDATA_ENERGY(1.2),A,792,210,08811,2015,492.0,3,TN,A,18.9,Turkey
UNSD:DF_UNDATA_ENERGY(1.2),A,792,210,08811,2016,1324.0,3,TN,A,18.9,Turkey
UNSD:DF_UNDATA_ENERGY(1.2),A,792,210,08811,2017,1266.764,3,TN,A,18.9,Turkey
UNSD:DF_UNDATA_ENERGY(1.2),A,792,210,08811,2018,1156.897,3,TN,A,18.9,Turkey
UNSD:DF_UNDATA_ENERGY(1.2),A,792,210,08811,2019,1357.932,3,TN,A,18.9,Turkey
UNSD:DF_UNDATA_ENERGY(1.2),A,792,210,08811,2020,1302.627,3,TN,A,18.9,Turkey
UNSD:DF_UNDATA_ENERGY(1.2),A,792,210,08811,2021,1364.558,3,TN,A,18.9,Turkey
UNSD:DF_UNDATA_ENERGY(1.2),A,792,210,08811,2022,829.262,3,TN,A,18.9,Turkey
UNSD:DF_UNDATA_ENERGY(1.2),A,792,210,08811,2023,961.248,3,TN,A,18.9,Turkey
UNSD:DF_UNDATA_ENERGY(1.2),A,792,210,121,2015,300.0,3,TN,A,18.9,Turkey
UNSD:DF_UNDATA_ENERGY(1.2),A,792,210,121,2016,120.0,3,TN,A,18.9,Turkey
UNSD:DF_UNDATA_ENERGY(1.2),A,792,210,121,2017,0.0,3,TN,A,18.9,Turkey
UNSD:DF_UNDATA_ENERGY(1.2),A,792,210,121,2018,415.0,3,TN,A,18.9,Turkey
UNSD:DF_UNDATA_ENERGY(1.2),A,792,210,121,2019,580.0,3,TN,A,18.9,Turkey
UNSD:DF_UNDATA_ENERGY(1.2),A,792,210,121,2020,552.0,3,TN,A,18.9,Turkey
UNSD:DF_UNDATA_ENERGY(1.2),A,792,210,121,2021,73.847,3,TN,A,18.9,Turkey
UNSD:DF_UNDATA_ENERGY(1.2),A,792,210,121,2022,429.233,3,TN,A,18.9,Turkey
UNSD:DF_UNDATA_ENERGY(1.2),A,792,210,121,2023,71.58800000000001,3,TN,A,18.9,Turkey
UNSD:DF_UNDATA_ENERGY(1.2),A,792,210,1213,2020,2.0,3,TN,A,18.9,Turkey
UNSD:DF_UNDATA_ENERGY(1.2),A,792,210,1214B,2015,300.0,3,TN,A,18.9,Turkey
UNSD:DF_UNDATA_ENERGY(1.2),A,792,210,1214B,2016,120.0,3,TN,A,18.9,Turkey
UNSD:DF_UNDATA_ENERGY(1.2),A,792,210,1214B,2017,0.0,3,TN,A,18.9,Turkey
UNSD:DF_UNDATA_ENERGY(1.2),A,792,210,1214B,2020,1.0,3,TN,A,18.9,Turkey
UNSD:DF_UNDATA_ENERGY(1.2),A,792,210,1214B,2021,22.358,3,TN,A,18.9,Turkey
UNSD:DF_UNDATA_ENERGY(1.2),A,792,210,1214B,2022,47.584,3,TN,A,18.9,Turkey
UNSD:DF_UNDATA_ENERGY(1.2),A,792,210,1214B,2023,47.511,3,TN,A,18.9,Turkey
UNSD:DF_UNDATA_ENERGY(1.2),A,792,210,1214F,2020,2.0,3,TN,A,18.9,Turkey
UNSD:DF_UNDATA_ENERGY(1.2),A,792,210,1214J,2023,24.077,3,TN,A,18.9,Turkey
UNSD:DF_UNDATA_ENERGY(1.2),A,792,210,1214O,2018,415.0,3,TN,A,18.9,Turkey
UNSD:DF_UNDATA_ENERGY(1.2),A,792,210,1214O,2019,580.0,3,TN,A,18.9,Turkey
UNSD:DF_UNDATA_ENERGY(1.2),A,792,210,1214O,2020,547.0,3,TN,A,18.9,Turkey
UNSD:DF_UNDATA_ENERGY(1.2),A,792,210,1214O,2021,51.489,3,TN,A,18.9,Turkey
UNSD:DF_UNDATA_ENERGY(1.2),A,792,210,1214O,2022,381.649,3,TN,A,18.9,Turkey
UNSD:DF_UNDATA_ENERGY(1.2),A,792,210,GA,2015,1034.0,3,TN,A,18.9,Turkey
UNSD:DF_UNDATA_ENERGY(1.2),A,792,210,GA,2016,1557.0,3,TN,A,18.9,Turkey
UNSD:DF_UNDATA_ENERGY(1.2),A,792,210,GA,2017,1277.0,3,TN,A,18.9,Turkey
UNSD:DF_UNDATA_ENERGY(1.2),A,792,210,GA,2018,1583.0,3,TN,A,18.9,Turkey
UNSD:DF_UNDATA_ENERGY(1.2),A,792,210,GA,2019,2188.0,3,TN,A,18.9,Turkey
UNSD:DF_UNDATA_ENERGY(1.2),A,792,210,GA,2020,2101.627,3,TN,A,18.9,Turkey
UNSD:DF_UNDATA_ENERGY(1.2),A,792,210,GA,2021,1697.567,3,TN,A,18.9,Turkey
UNSD:DF_UNDATA_ENERGY(1.2),A,792,210,GA,2022,1550.422,3,TN,A,18.9,Turkey
UNSD:DF_UNDATA_ENERGY(1.2),A,792,210,GA,2023,1371.346,3,TN,A,18.9,Turkey
UNSD:DF_UNDATA_ENERGY(1.2),A,792,220,01,2015,56122.0,3,TN,A,11.9,Turkey
UNSD:DF_UNDATA_ENERGY(1.2),A,792,220,01,2016,70239.0,3,TN,A,11.9,Turkey
UNSD:DF_UNDATA_ENERGY(1.2),A,792,220,01,2017,71459.171,3,TN,A,11.9,Turkey
UNSD:DF_UNDATA_ENERGY(1.2),A,792,220,01,2018,81084.0,3,TN,A,11.9,Turkey
UNSD:DF_UNDATA_ENERGY(1.2),A,792,220,01,2019,83694.6,3,TN,A,11.9,Turkey
UNSD:DF_UNDATA_ENERGY(1.2),A,792,220,01,2020,71637.0,3,TN,A,11.9,Turkey
UNSD:DF_UNDATA_ENERGY(1.2),A,792,220,01,2021,83558.681,3,TN,A,11.9,Turkey
UNSD:DF_UNDATA_ENERGY(1.2),A,792,220,01,2022,92296.101,3,TN,A,11.9,Turkey
UNSD:DF_UNDATA_ENERGY(1.2),A,792,220,01,2023,71867.743,3,TN,A,11.9,Turkey
UNSD:DF_UNDATA_ENERGY(1.2),A,792,220,08811,2015,48311.0,3,TN,A,11.9,Turkey
UNSD:DF_UNDATA_ENERGY(1.2),A,792,220,08811,2016,58557.0,3,TN,A,11.9,Turkey
UNSD:DF_UNDATA_ENERGY(1.2),A,792,220,08811,2017,62099.105,3,TN,A,11.9,Turkey
UNSD:DF_UNDATA_ENERGY(1.2),A,792,220,08811,2018,71582.03,3,TN,A,11.9,Turkey
UNSD:DF_UNDATA_ENERGY(1.2),A,792,220,08811,2019,73865.296,3,TN,A,11.9,Turkey
UNSD:DF_UNDATA_ENERGY(1.2),A,792,220,08811,2020,59315.122,3,TN,A,11.9,Turkey
UNSD:DF_UNDATA_ENERGY(1.2),A,792,220,08811,2021,70838.608,3,TN,A,11.9,Turkey
UNSD:DF_UNDATA_ENERGY(1.2),A,792,220,08811,2022,77087.69,3,TN,A,11.9,Turkey
UNSD:DF_UNDATA_ENERGY(1.2),A,792,220,08811,2023,61801.508,3,TN,A,11.9,Turkey
UNSD:DF_UNDATA_ENERGY(1.2),A,792,220,08812,2015,112.0,3,TN,A,11.9,Turkey
UNSD:DF_UNDATA_ENERGY(1.2),A,792,220,08812,2016,130.0,3,TN,A,11.9,Turkey
UNSD:DF_UNDATA_ENERGY(1.2),A,792,220,08812,2017,233.646,3,TN,A,11.9,Turkey
UNSD:DF_UNDATA_ENERGY(1.2),A,792,220,08812,2018,32.425,3,TN,A,11.9,Turkey
UNSD:DF_UNDATA_ENERGY(1.2),A,792,220,08812,2019,70.529,3,TN,A,11.9,Turkey
UNSD:DF_UNDATA_ENERGY(1.2),A,792,220,08812,2020,87.322,3,TN,A,11.9,Turkey
UNSD:DF_UNDATA_ENERGY(1.2),A,792,220,08812,2021,184.72,3,TN,A,11.9,Turkey
UNSD:DF_UNDATA_ENERGY(1.2),A,792,220,08812,2022,122.8,3,TN,A,11.9,Turkey
UNSD:DF_UNDATA_ENERGY(1.2),A,792,220,08812,2023,183.392,3,TN,A,11.9,Turkey
UNSD:DF_UNDATA_ENERGY(1.2),A,792,220,08822,2015,360.0,3,TN,A,11.9,Turkey
UNSD:DF_UNDATA_ENERGY(1.2),A,792,220,08822,2016,288.0,3,TN,A,11.9,Turkey
UNSD:DF_UNDATA_ENERGY(1.2),A,792,220,08822,2017,478.405,3,TN,A,11.9,Turkey
UNSD:DF_UNDATA_ENERGY(1.2),A,792,220,08822,2018,368.764,3,TN,A,11.9,Turkey
UNSD:DF_UNDATA_ENERGY(1.2),A,792,220,08822,2019,460.812,3,TN,A,11.9,Turkey
UNSD:DF_UNDATA_ENERGY(1.2),A,792,220,08822,2020,432.11,3,TN,A,11.9,Turkey
UNSD:DF_UNDATA_ENERGY(1.2),A,792,220,08822,2021,425.063,3,TN,A,11.9,Turkey
UNSD:DF_UNDATA_ENERGY(1.2),A,792,220,08822,2022,466.515,3,TN,A,11.9,Turkey
UNSD:DF_UNDATA_ENERGY(1.2),A,792,220,08822,2023,352.424,3,TN,A,11.9,Turkey
UNSD:DF_UNDATA_ENERGY(1.2),A,792,220,121,2015,4879.0,3,TN,A,11.9,Turkey
UNSD:DF_UNDATA_ENERGY(1.2),A,792,220,121,2016,4966.0,3,TN,A,11.9,Turkey
UNSD:DF_UNDATA_ENERGY(1.2),A,792,220,121,2017,5703.0,3,TN,A,11.9,Turkey
UNSD:DF_UNDATA_ENERGY(1.2),A,792,220,121,2018,5489.41,3,TN,A,11.9,Turkey
UNSD:DF_UNDATA_ENERGY(1.2),A,792,220,121,2019,5687.549999999999,3,TN,A,11.9,Turkey
UNSD:DF_UNDATA_ENERGY(1.2),A,792,220,121,2020,6013.603,3,TN,A,11.9,Turkey
UNSD:DF_UNDATA_ENERGY(1.2),A,792,220,121,2021,7810.82,3,TN,A,11.9,Turkey
UNSD:DF_UNDATA_ENERGY(1.2),A,792,220,121,2022,7910.872,3,TN,A,11.9,Turkey
UNSD:DF_UNDATA_ENERGY(1.2),A,792,220,121,2023,6973.187,3,TN,A,11.9,Turkey
UNSD:DF_UNDATA_ENERGY(1.2),A,792,220,1211,2020,29.0,3,TN,A,11.9,Turkey
UNSD:DF_UNDATA_ENERGY(1.2),A,792,220,1213,2015,613.0,3,TN,A,11.9,Turkey
UNSD:DF_UNDATA_ENERGY(1.2),A,792,220,1213,2016,541.0,3,TN,A,11.9,Turkey
UNSD:DF_UNDATA_ENERGY(1.2),A,792,220,1213,2017,625.0,3,TN,A,11.9,Turkey
UNSD:DF_UNDATA_ENERGY(1.2),A,792,220,1213,2018,722.74,3,TN,A,11.9,Turkey
UNSD:DF_UNDATA_ENERGY(1.2),A,792,220,1213,2019,743.74,3,TN,A,11.9,Turkey
UNSD:DF_UNDATA_ENERGY(1.2),A,792,220,1213,2020,719.727,3,TN,A,11.9,Turkey
UNSD:DF_UNDATA_ENERGY(1.2),A,792,220,1213,2021,766.973,3,TN,A,11.9,Turkey
UNSD:DF_UNDATA_ENERGY(1.2),A,792,220,1213,2022,875.108,3,TN,A,11.9,Turkey
UNSD:DF_UNDATA_ENERGY(1.2),A,792,220,1213,2023,708.085,3,TN,A,11.9,Turkey
UNSD:DF_UNDATA_ENERGY(1.2),A,792,220,1214A,2015,330.0,3,TN,A,11.9,Turkey
UNSD:DF_UNDATA_ENERGY(1.2),A,792,220,1214A,2016,362.0,3,TN,A,11.9,Turkey
UNSD:DF_UNDATA_ENERGY(1.2),A,792,220,1214A,2017,420.0,3,TN,A,11.9,Turkey
UNSD:DF_UNDATA_ENERGY(1.2),A,792,220,1214A,2018,480.0,3,TN,A,11.9,Turkey
UNSD:DF_UNDATA_ENERGY(1.2),A,792,220,1214A,2019,488.32,3,TN,A,11.9,Turkey
UNSD:DF_UNDATA_ENERGY(1.2),A,792,220,1214A,2020,537.315,3,TN,A,11.9,Turkey
UNSD:DF_UNDATA_ENERGY(1.2),A,792,220,1214A,2021,664.497,3,TN,A,11.9,Turkey
UNSD:DF_UNDATA_ENERGY(1.2),A,792,220,1214A,2022,700.54,3,TN,A,11.9,Turkey
UNSD:DF_UNDATA_ENERGY(1.2),A,792,220,1214A,2023,707.637,3,TN,A,11.9,Turkey
UNSD:DF_UNDATA_ENERGY(1.2),A,792,220,1214B,2015,1106.0,3,TN,A,11.9,Turkey
UNSD:DF_UNDATA_ENERGY(1.2),A,792,220,1214B,2016,855.0,3,TN,A,11.9,Turkey
UNSD:DF_UNDATA_ENERGY(1.2),A,792,220,1214B,2017,1295.0,3,TN,A,11.9,Turkey
UNSD:DF_UNDATA_ENERGY(1.2),A,792,220,1214B,2018,1311.0,3,TN,A,11.9,Turkey
UNSD:DF_UNDATA_ENERGY(1.2),A,792,220,1214B,2019,1298.0,3,TN,A,11.9,Turkey
UNSD:DF_UNDATA_ENERGY(1.2),A,792,220,1214B,2020,1468.0,3,TN,A,11.9,Turkey
UNSD:DF_UNDATA_ENERGY(1.2),A,792,220,1214B,2021,2946.24,3,TN,A,11.9,Turkey
UNSD:DF_UNDATA_ENERGY(1.2),A,792,220,1214B,2022,2640.092,3,TN,A,11.9,Turkey
UNSD:DF_UNDATA_ENERGY(1.2),A,792,220,1214B,2023,2347.666,3,TN,A,11.9,Turkey
UNSD:DF_UNDATA_ENERGY(1.2),A,792,220,1214C,2015,8.0,3,TN,A,11.9,Turkey
UNSD:DF_UNDATA_ENERGY(1.2),A,792,220,1214C,2016,5.0,3,TN,A,11.9,Turkey
UNSD:DF_UNDATA_ENERGY(1.2),A,792,220,1214C,2017,14.0,3,TN,A,11.9,Turkey
UNSD:DF_UNDATA_ENERGY(1.2),A,792,220,1214C,2018,5.0,3,TN,A,11.9,Turkey
UNSD:DF_UNDATA_ENERGY(1.2),A,792,220,1214C,2019,4.0,3,TN,A,11.9,Turkey
UNSD:DF_UNDATA_ENERGY(1.2),A,792,220,1214C,2020,3.0,3,TN,A,11.9,Turkey
UNSD:DF_UNDATA_ENERGY(1.2),A,792,220,1214C,2021,3.496,3,TN,A,11.9,Turkey
UNSD:DF_UNDATA_ENERGY(1.2),A,792,220,1214C,2022,10.939,3,TN,A,11.9,Turkey
UNSD:DF_UNDATA_ENERGY(1.2),A,792,220,1214C,2023,13.99,3,TN,A,11.9,Turkey
UNSD:DF_UNDATA_ENERGY(1.2),A,792,220,1214D,2015,85.0,3,TN,A,11.9,Turkey
UNSD:DF_UNDATA_ENERGY(1.2),A,792,220,1214D,2016,78.0,3,TN,A,11.9,Turkey
UNSD:DF_UNDATA_ENERGY(1.2),A,792,220,1214D,2017,52.0,3,TN,A,11.9,Turkey
UNSD:DF_UNDATA_ENERGY(1.2),A,792,220,1214D,2018,3.0,3,TN,A,11.9,Turkey
UNSD:DF_UNDATA_ENERGY(1.2),A,792,220,1214D,2019,2.0,3,TN,A,11.9,Turkey
UNSD:DF_UNDATA_ENERGY(1.2),A,792,220,1214D,2020,3.0,3,TN,A,11.9,Turkey
UNSD:DF_UNDATA_ENERGY(1.2),A,792,220,1214D,2021,45.391,3,TN,A,11.9,Turkey
UNSD:DF_UNDATA_ENERGY(1.2),A,792,220,1214D,2022,20.991,3,TN,A,11.9,Turkey
UNSD:DF_UNDATA_ENERGY(1.2),A,792,220,1214D,2023,4.023,3,TN,A,11.9,Turkey
UNSD:DF_UNDATA_ENERGY(1.2),A,792,220,1214E,2015,94.0,3,TN,A,11.9,Turkey
UNSD:DF_UNDATA_ENERGY(1.2),A,792,220,1214E,2016,57.0,3,TN,A,11.9,Turkey
UNSD:DF_UNDATA_ENERGY(1.2),A,792,220,1214E,2017,217.0,3,TN,A,11.9,Turkey
UNSD:DF_UNDATA_ENERGY(1.2),A,792,220,1214E,2018,5.33,3,TN,A,11.9,Turkey
UNSD:DF_UNDATA_ENERGY(1.2),A,792,220,1214E,2019,19.66,3,TN,A,11.9,Turkey
UNSD:DF_UNDATA_ENERGY(1.2),A,792,220,1214E,2020,6.357,3,TN,A,11.9,Turkey
UNSD:DF_UNDATA_ENERGY(1.2),A,792,220,1214E,2021,3.314,3,TN,A,11.9,Turkey
UNSD:DF_UNDATA_ENERGY(1.2),A,792,220,1214E,2022,28.371,3,TN,A,11.9,Turkey
UNSD:DF_UNDATA_ENERGY(1.2),A,792,220,1214E,2023,73.371,3,TN,A,11.9,Turkey
UNSD:DF_UNDATA_ENERGY(1.2),A,792,220,1214F,2015,1283.0,3,TN,A,11.9,Turkey
UNSD:DF_UNDATA_ENERGY(1.2),A,792,220,1214F,2016,1414.0,3,TN,A,11.9,Turkey
UNSD:DF_UNDATA_ENERGY(1.2),A,792,220,1214F,2017,1462.0,3,TN,A,11.9,Turkey
UNSD:DF_UNDATA_ENERGY(1.2),A,792,220,1214F,2018,1514.74,3,TN,A,11.9,Turkey
UNSD:DF_UNDATA_ENERGY(1.2),A,792,220,1214F,2019,1402.13,3,TN,A,11.9,Turkey
UNSD:DF_UNDATA_ENERGY(1.2),A,792,220,1214F,2020,1609.689,3,TN,A,11.9,Turkey
UNSD:DF_UNDATA_ENERGY(1.2),A,792,220,1214F,2021,1698.754,3,TN,A,11.9,Turkey
UNSD:DF_UNDATA_ENERGY(1.2),A,792,220,1214F,2022,2105.882,3,TN,A,11.9,Turkey
UNSD:DF_UNDATA_ENERGY(1.2),A,792,220,1214F,2023,1836.214,3,TN,A,11.9,Turkey
UNSD:DF_UNDATA_ENERGY(1.2),A,792,220,1214G,2015,227.0,3,TN,A,11.9,Turkey
UNSD:DF_UNDATA_ENERGY(1.2),A,792,220,1214G,2016,191.0,3,TN,A,11.9,Turkey
UNSD:DF_UNDATA_ENERGY(1.2),A,792,220,1214G,2017,209.0,3,TN,A,11.9,Turkey
UNSD:DF_UNDATA_ENERGY(1.2),A,792,220,1214G,2018,216.8,3,TN,A,11.9,Turkey
UNSD:DF_UNDATA_ENERGY(1.2),A,792,220,1214G,2019,213.22,3,TN,A,11.9,Turkey
UNSD:DF_UNDATA_ENERGY(1.2),A,792,220,1214G,2020,266.515,3,TN,A,11.9,Turkey
UNSD:DF_UNDATA_ENERGY(1.2),A,792,220,1214G,2021,348.141,3,TN,A,11.9,Turkey
UNSD:DF_UNDATA_ENERGY(1.2),A,792,220,1214G,2022,385.847,3,TN,A,11.9,Turkey
UNSD:DF_UNDATA_ENERGY(1.2),A,792,220,1214G,2023,304.375,3,TN,A,11.9,Turkey
UNSD:DF_UNDATA_ENERGY(1.2),A,792,220,1214H,2015,26.0,3,TN,A,11.9,Turkey
UNSD:DF_UNDATA_ENERGY(1.2),A,792,220,1214H,2016,20.0,3,TN,A,11.9,Turkey
UNSD:DF_UNDATA_ENERGY(1.2),A,792,220,1214H,2017,12.0,3,TN,A,11.9,Turkey
UNSD:DF_UNDATA_ENERGY(1.2),A,792,220,1214H,2018,18.0,3,TN,A,11.9,Turkey
UNSD:DF_UNDATA_ENERGY(1.2),A,792,220,1214H,2020,12.0,3,TN,A,11.9,Turkey
UNSD:DF_UNDATA_ENERGY(1.2),A,792,220,1214H,2021,0.394,3,TN,A,11.9,Turkey
UNSD:DF_UNDATA_ENERGY(1.2),A,792,220,1214H,2022,11.195,3,TN,A,11.9,Turkey
UNSD:DF_UNDATA_ENERGY(1.2),A,792,220,1214H,2023,0.344,3,TN,A,11.9,Turkey
UNSD:DF_UNDATA_ENERGY(1.2),A,792,220,1214I,2015,3.0,3,TN,A,11.9,Turkey
UNSD:DF_UNDATA_ENERGY(1.2),A,792,220,1214I,2016,3.0,3,TN,A,11.9,Turkey
UNSD:DF_UNDATA_ENERGY(1.2),A,792,220,1214I,2017,0.0,3,TN,A,11.9,Turkey
UNSD:DF_UNDATA_ENERGY(1.2),A,792,220,1214I,2018,3.0,3,TN,A,11.9,Turkey
UNSD:DF_UNDATA_ENERGY(1.2),A,792,220,1214J,2015,1103.0,3,TN,A,11.9,Turkey
UNSD:DF_UNDATA_ENERGY(1.2),A,792,220,1214J,2016,1439.0,3,TN,A,11.9,Turkey
UNSD:DF_UNDATA_ENERGY(1.2),A,792,220,1214J,2017,1397.0,3,TN,A,11.9,Turkey
UNSD:DF_UNDATA_ENERGY(1.2),A,792,220,1214J,2018,1209.8,3,TN,A,11.9,Turkey
UNSD:DF_UNDATA_ENERGY(1.2),A,792,220,1214J,2019,1516.48,3,TN,A,11.9,Turkey
UNSD:DF_UNDATA_ENERGY(1.2),A,792,220,1214J,2020,1359.0,3,TN,A,11.9,Turkey
UNSD:DF_UNDATA_ENERGY(1.2),A,792,220,1214J,2021,1333.62,3,TN,A,11.9,Turkey
UNSD:DF_UNDATA_ENERGY(1.2),A,792,220,1214J,2022,1131.907,3,TN,A,11.9,Turkey
UNSD:DF_UNDATA_ENERGY(1.2),A,792,220,1214J,2023,977.482,3,TN,A,11.9,Turkey
UNSD:DF_UNDATA_ENERGY(1.2),A,792,220,1214O,2015,1.0,3,TN,A,11.9,Turkey
UNSD:DF_UNDATA_ENERGY(1.2),A,792,220,1214O,2016,1.0,3,TN,A,11.9,Turkey
UNSD:DF_UNDATA_ENERGY(1.2),A,792,220,1214O,2017,0.0,3,TN,A,11.9,Turkey
UNSD:DF_UNDATA_ENERGY(1.2),A,792,220,GA,2015,56661.0,3,TN,A,11.9,Turkey
UNSD:DF_UNDATA_ENERGY(1.2),A,792,220,GA,2016,67950.0,3,TN,A,11.9,Turkey
UNSD:DF_UNDATA_ENERGY(1.2),A,792,220,GA,2017,71658.171,3,TN,A,11.9,Turkey
UNSD:DF_UNDATA_ENERGY(1.2),A,792,220,GA,2018,80898.0,3,TN,A,11.9,Turkey
UNSD:DF_UNDATA_ENERGY(1.2),A,792,220,GA,2019,82882.6,3,TN,A,11.9,Turkey
UNSD:DF_UNDATA_ENERGY(1.2),A,792,220,GA,2020,70154.0,3,TN,A,11.9,Turkey
UNSD:DF_UNDATA_ENERGY(1.2),A,792,220,GA,2021,84829.62299999999,3,TN,A,11.9,Turkey
UNSD:DF_UNDATA_ENERGY(1.2),A,792,220,GA,2022,89843.783,3,TN,A,11.9,Turkey
UNSD:DF_UNDATA_ENERGY(1.2),A,792,220,GA,2023,72585.733,3,TN,A,11.9,Turkey
UNSD:DF_UNDATA_ENERGY(1.2),A,792,3000,01,2015,14584.0,0,TJ,A,1.0,Turkey
UNSD:DF_UNDATA_ENERGY(1.2),A,792,3000,01,2016,14068.0,0,TJ,A,1.0,Turkey
UNSD:DF_UNDATA_ENERGY(1.2),A,792,3000,01,2017,13564.0,0,TJ,A,1.0,Turkey
UNSD:DF_UNDATA_ENERGY(1.2),A,792,3000,01,2018,16343.0,0,TJ,A,1.0,Turkey
UNSD:DF_UNDATA_ENERGY(1.2),A,792,3000,01,2019,18129.0,0,TJ,A,1.0,Turkey
UNSD:DF_UNDATA_ENERGY(1.2),A,792,3000,01,2020,16902.37,0,TJ,A,1.0,Turkey
UNSD:DF_UNDATA_ENERGY(1.2),A,792,3000,01,2021,15108.17,0,TJ,A,1.0,Turkey
UNSD:DF_UNDATA_ENERGY(1.2),A,792,3000,01,2022,14548.24,0,TJ,A,1.0,Turkey
UNSD:DF_UNDATA_ENERGY(1.2),A,792,3000,01,2023,30918.921,0,TJ,A,1.0,Turkey
UNSD:DF_UNDATA_ENERGY(1.2),A,792,3000,03,2015,1855031.0,0,TJ,A,1.0,Turkey
UNSD:DF_UNDATA_ENERGY(1.2),A,792,3000,03,2016,1775476.0,0,TJ,A,1.0,Turkey
UNSD:DF_UNDATA_ENERGY(1.2),A,792,3000,03,2017,2116077.0,0,TJ,A,1.0,Turkey
UNSD:DF_UNDATA_ENERGY(1.2),A,792,3000,03,2018,1925967.0,0,TJ,A,1.0,Turkey
UNSD:DF_UNDATA_ENERGY(1.2),A,792,3000,03,2019,1731656.0,0,TJ,A,1.0,Turkey
UNSD:DF_UNDATA_ENERGY(1.2),A,792,3000,03,2020,1843399.255,0,TJ,A,1.0,Turkey
UNSD:DF_UNDATA_ENERGY(1.2),A,792,3000,03,2021,2248584.01,0,TJ,A,1.0,Turkey
UNSD:DF_UNDATA_ENERGY(1.2),A,792,3000,03,2022,2093760.73,0,TJ,A,1.0,Turkey
UNSD:DF_UNDATA_ENERGY(1.2),A,792,3000,03,2023,1933729.469,0,TJ,A,1.0,Turkey
UNSD:DF_UNDATA_ENERGY(1.2),A,792,3000,08811,2015,621027.0,0,TJ,A,1.0,Turkey
UNSD:DF_UNDATA_ENERGY(1.2),A,792,3000,08811,2016,538832.0,0,TJ,A,1.0,Turkey
UNSD:DF_UNDATA_ENERGY(1.2),A,792,3000,08811,2017,663054.99,0,TJ,A,1.0,Turkey
UNSD:DF_UNDATA_ENERGY(1.2),A,792,3000,08811,2018,545563.029,0,TJ,A,1.0,Turkey
UNSD:DF_UNDATA_ENERGY(1.2),A,792,3000,08811,2019,301128.963,0,TJ,A,1.0,Turkey
UNSD:DF_UNDATA_ENERGY(1.2),A,792,3000,08811,2020,375333.569,0,TJ,A,1.0,Turkey
UNSD:DF_UNDATA_ENERGY(1.2),A,792,3000,08811,2021,620891.466,0,TJ,A,1.0,Turkey
UNSD:DF_UNDATA_ENERGY(1.2),A,792,3000,08811,2022,420561.336,0,TJ,A,1.0,Turkey
UNSD:DF_UNDATA_ENERGY(1.2),A,792,3000,08811,2023,382542.883,0,TJ,A,1.0,Turkey
UNSD:DF_UNDATA_ENERGY(1.2),A,792,3000,08812,2015,61758.0,0,TJ,A,1.0,Turkey
UNSD:DF_UNDATA_ENERGY(1.2),A,792,3000,08812,2016,62411.0,0,TJ,A,1.0,Turkey
UNSD:DF_UNDATA_ENERGY(1.2),A,792,3000,08812,2017,55495.962,0,TJ,A,1.0,Turkey
UNSD:DF_UNDATA_ENERGY(1.2),A,792,3000,08812,2018,29848.892,0,TJ,A,1.0,Turkey
UNSD:DF_UNDATA_ENERGY(1.2),A,792,3000,08812,2019,30418.608,0,TJ,A,1.0,Turkey
UNSD:DF_UNDATA_ENERGY(1.2),A,792,3000,08812,2020,48843.3,0,TJ,A,1.0,Turkey
UNSD:DF_UNDATA_ENERGY(1.2),A,792,3000,08812,2021,72211.306,0,TJ,A,1.0,Turkey
UNSD:DF_UNDATA_ENERGY(1.2),A,792,3000,08812,2022,36582.979,0,TJ,A,1.0,Turkey
UNSD:DF_UNDATA_ENERGY(1.2),A,792,3000,08812,2023,38225.599,0,TJ,A,1.0,Turkey
UNSD:DF_UNDATA_ENERGY(1.2),A,792,3000,08821,2015,44529.0,0,TJ,A,1.0,Turkey
UNSD:DF_UNDATA_ENERGY(1.2),A,792,3000,08821,2016,36491.0,0,TJ,A,1.0,Turkey
UNSD:DF_UNDATA_ENERGY(1.2),A,792,3000,08821,2017,38302.367,0,TJ,A,1.0,Turkey
UNSD:DF_UNDATA_ENERGY(1.2),A,792,3000,08821,2018,28898.006,0,TJ,A,1.0,Turkey
UNSD:DF_UNDATA_ENERGY(1.2),A,792,3000,08821,2019,32426.35,0,TJ,A,1.0,Turkey
UNSD:DF_UNDATA_ENERGY(1.2),A,792,3000,08821,2020,31240.59,0,TJ,A,1.0,Turkey
UNSD:DF_UNDATA_ENERGY(1.2),A,792,3000,08821,2021,29361.347,0,TJ,A,1.0,Turkey
UNSD:DF_UNDATA_ENERGY(1.2),A,792,3000,08821,2022,26049.307,0,TJ,A,1.0,Turkey
UNSD:DF_UNDATA_ENERGY(1.2),A,792,3000,08821,2023,20162.056,0,TJ,A,1.0,Turkey
UNSD:DF_UNDATA_ENERGY(1.2),A,792,3000,08822,2015,36478.0,0,TJ,A,1.0,Turkey
UNSD:DF_UNDATA_ENERGY(1.2),A,792,3000,08822,2016,46274.0,0,TJ,A,1.0,Turkey
UNSD:DF_UNDATA_ENERGY(1.2),A,792,3000,08822,2017,48898.199,0,TJ,A,1.0,Turkey
UNSD:DF_UNDATA_ENERGY(1.2),A,792,3000,08822,2018,57768.838,0,TJ,A,1.0,Turkey
UNSD:DF_UNDATA_ENERGY(1.2),A,792,3000,08822,2019,61832.833,0,TJ,A,1.0,Turkey
UNSD:DF_UNDATA_ENERGY(1.2),A,792,3000,08822,2020,60811.555,0,TJ,A,1.0,Turkey
UNSD:DF_UNDATA_ENERGY(1.2),A,792,3000,08822,2021,62248.338,0,TJ,A,1.0,Turkey
UNSD:DF_UNDATA_ENERGY(1.2),A,792,3000,08822,2022,53146.367,0,TJ,A,1.0,Turkey
UNSD:DF_UNDATA_ENERGY(1.2),A,792,3000,08822,2023,53656.33,0,TJ,A,1.0,Turkey
UNSD:DF_UNDATA_ENERGY(1.2),A,792,3000,121,2015,420298.0,0,TJ,A,1.0,Turkey
UNSD:DF_UNDATA_ENERGY(1.2),A,792,3000,121,2016,398357.0,0,TJ,A,1.0,Turkey
UNSD:DF_UNDATA_ENERGY(1.2),A,792,3000,121,2017,478998.283,0,TJ,A,1.0,Turkey
UNSD:DF_UNDATA_ENERGY(1.2),A,792,3000,121,2018,450012.298,0,TJ,A,1.0,Turkey
UNSD:DF_UNDATA_ENERGY(1.2),A,792,3000,121,2019,429186.454,0,TJ,A,1.0,Turkey
UNSD:DF_UNDATA_ENERGY(1.2),A,792,3000,121,2020,431872.455,0,TJ,A,1.0,Turkey
UNSD:DF_UNDATA_ENERGY(1.2),A,792,3000,121,2021,512528.466,0,TJ,A,1.0,Turkey
UNSD:DF_UNDATA_ENERGY(1.2),A,792,3000,121,2022,421085.971,0,TJ,A,1.0,Turkey
UNSD:DF_UNDATA_ENERGY(1.2),A,792,3000,121,2023,408129.285,0,TJ,A,1.0,Turkey
UNSD:DF_UNDATA_ENERGY(1.2),A,792,3000,1211,2015,53174.0,0,TJ,A,1.0,Turkey
UNSD:DF_UNDATA_ENERGY(1.2),A,792,3000,1211,2016,49270.0,0,TJ,A,1.0,Turkey
UNSD:DF_UNDATA_ENERGY(1.2),A,792,3000,1211,2017,58281.11,0,TJ,A,1.0,Turkey
UNSD:DF_UNDATA_ENERGY(1.2),A,792,3000,1211,2018,54347.7,0,TJ,A,1.0,Turkey
UNSD:DF_UNDATA_ENERGY(1.2),A,792,3000,1211,2019,63195.9,0,TJ,A,1.0,Turkey
UNSD:DF_UNDATA_ENERGY(1.2),A,792,3000,1211,2020,67183.462,0,TJ,A,1.0,Turkey
UNSD:DF_UNDATA_ENERGY(1.2),A,792,3000,1211,2021,74457.037,0,TJ,A,1.0,Turkey
UNSD:DF_UNDATA_ENERGY(1.2),A,792,3000,1211,2022,76074.751,0,TJ,A,1.0,Turkey
UNSD:DF_UNDATA_ENERGY(1.2),A,792,3000,1211,2023,66486.475,0,TJ,A,1.0,Turkey
UNSD:DF_UNDATA_ENERGY(1.2),A,792,3000,1213,2015,82189.0,0,TJ,A,1.0,Turkey
UNSD:DF_UNDATA_ENERGY(1.2),A,792,3000,1213,2016,83686.0,0,TJ,A,1.0,Turkey
UNSD:DF_UNDATA_ENERGY(1.2),A,792,3000,1213,2017,77558.012,0,TJ,A,1.0,Turkey
UNSD:DF_UNDATA_ENERGY(1.2),A,792,3000,1213,2018,62582.2,0,TJ,A,1.0,Turkey
UNSD:DF_UNDATA_ENERGY(1.2),A,792,3000,1213,2019,60935.3,0,TJ,A,1.0,Turkey
UNSD:DF_UNDATA_ENERGY(1.2),A,792,3000,1213,2020,88403.324,0,TJ,A,1.0,Turkey
UNSD:DF_UNDATA_ENERGY(1.2),A,792,3000,1213,2021,117049.939,0,TJ,A,1.0,Turkey
UNSD:DF_UNDATA_ENERGY(1.2),A,792,3000,1213,2022,82902.611,0,TJ,A,1.0,Turkey
UNSD:DF_UNDATA_ENERGY(1.2),A,792,3000,1213,2023,76009.456,0,TJ,A,1.0,Turkey
UNSD:DF_UNDATA_ENERGY(1.2),A,792,3000,1214A,2015,20509.0,0,TJ,A,1.0,Turkey
UNSD:DF_UNDATA_ENERGY(1.2),A,792,3000,1214A,2016,22413.0,0,TJ,A,1.0,Turkey
UNSD:DF_UNDATA_ENERGY(1.2),A,792,3000,1214A,2017,17118.185,0,TJ,A,1.0,Turkey
UNSD:DF_UNDATA_ENERGY(1.2),A,792,3000,1214A,2018,11528.3,0,TJ,A,1.0,Turkey
UNSD:DF_UNDATA_ENERGY(1.2),A,792,3000,1214A,2019,12524.1,0,TJ,A,1.0,Turkey
UNSD:DF_UNDATA_ENERGY(1.2),A,792,3000,1214A,2020,10916.355,0,TJ,A,1.0,Turkey
UNSD:DF_UNDATA_ENERGY(1.2),A,792,3000,1214A,2021,13851.214,0,TJ,A,1.0,Turkey
UNSD:DF_UNDATA_ENERGY(1.2),A,792,3000,1214A,2022,11512.7,0,TJ,A,1.0,Turkey
UNSD:DF_UNDATA_ENERGY(1.2),A,792,3000,1214A,2023,13520.948,0,TJ,A,1.0,Turkey
UNSD:DF_UNDATA_ENERGY(1.2),A,792,3000,1214B,2015,72157.0,0,TJ,A,1.0,Turkey
UNSD:DF_UNDATA_ENERGY(1.2),A,792,3000,1214B,2016,71659.0,0,TJ,A,1.0,Turkey
UNSD:DF_UNDATA_ENERGY(1.2),A,792,3000,1214B,2017,82574.8,0,TJ,A,1.0,Turkey
UNSD:DF_UNDATA_ENERGY(1.2),A,792,3000,1214B,2018,79051.2,0,TJ,A,1.0,Turkey
UNSD:DF_UNDATA_ENERGY(1.2),A,792,3000,1214B,2019,70395.4,0,TJ,A,1.0,Turkey
UNSD:DF_UNDATA_ENERGY(1.2),A,792,3000,1214B,2020,80934.239,0,TJ,A,1.0,Turkey
UNSD:DF_UNDATA_ENERGY(1.2),A,792,3000,1214B,2021,95441.499,0,TJ,A,1.0,Turkey
UNSD:DF_UNDATA_ENERGY(1.2),A,792,3000,1214B,2022,80706.344,0,TJ,A,1.0,Turkey
UNSD:DF_UNDATA_ENERGY(1.2),A,792,3000,1214B,2023,78085.372,0,TJ,A,1.0,Turkey
UNSD:DF_UNDATA_ENERGY(1.2),A,792,3000,1214C,2015,6817.0,0,TJ,A,1.0,Turkey
UNSD:DF_UNDATA_ENERGY(1.2),A,792,3000,1214C,2016,6856.0,0,TJ,A,1.0,Turkey
UNSD:DF_UNDATA_ENERGY(1.2),A,792,3000,1214C,2017,6703.498,0,TJ,A,1.0,Turkey
UNSD:DF_UNDATA_ENERGY(1.2),A,792,3000,1214C,2018,8426.0,0,TJ,A,1.0,Turkey
UNSD:DF_UNDATA_ENERGY(1.2),A,792,3000,1214C,2019,12294.3,0,TJ,A,1.0,Turkey
UNSD:DF_UNDATA_ENERGY(1.2),A,792,3000,1214C,2020,11912.233,0,TJ,A,1.0,Turkey
UNSD:DF_UNDATA_ENERGY(1.2),A,792,3000,1214C,2021,12607.243,0,TJ,A,1.0,Turkey
UNSD:DF_UNDATA_ENERGY(1.2),A,792,3000,1214C,2022,9921.337,0,TJ,A,1.0,Turkey
UNSD:DF_UNDATA_ENERGY(1.2),A,792,3000,1214C,2023,11694.849,0,TJ,A,1.0,Turkey
UNSD:DF_UNDATA_ENERGY(1.2),A,792,3000,1214D,2015,7737.0,0,TJ,A,1.0,Turkey
UNSD:DF_UNDATA_ENERGY(1.2),A,792,3000,1214D,2016,6358.0,0,TJ,A,1.0,Turkey
UNSD:DF_UNDATA_ENERGY(1.2),A,792,3000,1214D,2017,10341.21,0,TJ,A,1.0,Turkey
UNSD:DF_UNDATA_ENERGY(1.2),A,792,3000,1214D,2018,9958.0,0,TJ,A,1.0,Turkey
UNSD:DF_UNDATA_ENERGY(1.2),A,792,3000,1214D,2019,11718.9,0,TJ,A,1.0,Turkey
UNSD:DF_UNDATA_ENERGY(1.2),A,792,3000,1214D,2020,12410.172,0,TJ,A,1.0,Turkey
UNSD:DF_UNDATA_ENERGY(1.2),A,792,3000,1214D,2021,13702.507,0,TJ,A,1.0,Turkey
UNSD:DF_UNDATA_ENERGY(1.2),A,792,3000,1214D,2022,6438.807,0,TJ,A,1.0,Turkey
UNSD:DF_UNDATA_ENERGY(1.2),A,792,3000,1214D,2023,13768.709,0,TJ,A,1.0,Turkey
UNSD:DF_UNDATA_ENERGY(1.2),A,792,3000,1214E,2015,4994.0,0,TJ,A,1.0,Turkey
UNSD:DF_UNDATA_ENERGY(1.2),A,792,3000,1214E,2016,4204.0,0,TJ,A,1.0,Turkey
UNSD:DF_UNDATA_ENERGY(1.2),A,792,3000,1214E,2017,5517.115,0,TJ,A,1.0,Turkey
UNSD:DF_UNDATA_ENERGY(1.2),A,792,3000,1214E,2018,5936.5,0,TJ,A,1.0,Turkey
UNSD:DF_UNDATA_ENERGY(1.2),A,792,3000,1214E,2019,5974.8,0,TJ,A,1.0,Turkey
UNSD:DF_UNDATA_ENERGY(1.2),A,792,3000,1214E,2020,6588.116,0,TJ,A,1.0,Turkey
UNSD:DF_UNDATA_ENERGY(1.2),A,792,3000,1214E,2021,7629.192,0,TJ,A,1.0,Turkey
UNSD:DF_UNDATA_ENERGY(1.2),A,792,3000,1214E,2022,6126.342,0,TJ,A,1.0,Turkey
UNSD:DF_UNDATA_ENERGY(1.2),A,792,3000,1214E,2023,5012.078,0,TJ,A,1.0,Turkey
UNSD:DF_UNDATA_ENERGY(1.2),A,792,3000,1214F,2015,37603.0,0,TJ,A,1.0,Turkey
UNSD:DF_UNDATA_ENERGY(1.2),A,792,3000,1214F,2016,47530.0,0,TJ,A,1.0,Turkey
UNSD:DF_UNDATA_ENERGY(1.2),A,792,3000,1214F,2017,47339.093,0,TJ,A,1.0,Turkey
UNSD:DF_UNDATA_ENERGY(1.2),A,792,3000,1214F,2018,51360.3,0,TJ,A,1.0,Turkey
UNSD:DF_UNDATA_ENERGY(1.2),A,792,3000,1214F,2019,53083.8,0,TJ,A,1.0,Turkey
UNSD:DF_UNDATA_ENERGY(1.2),A,792,3000,1214F,2020,56382.016,0,TJ,A,1.0,Turkey
UNSD:DF_UNDATA_ENERGY(1.2),A,792,3000,1214F,2021,58826.503,0,TJ,A,1.0,Turkey
UNSD:DF_UNDATA_ENERGY(1.2),A,792,3000,1214F,2022,45845.734,0,TJ,A,1.0,Turkey
UNSD:DF_UNDATA_ENERGY(1.2),A,792,3000,1214F,2023,45058.88,0,TJ,A,1.0,Turkey
UNSD:DF_UNDATA_ENERGY(1.2),A,792,3000,1214G,2015,8513.0,0,TJ,A,1.0,Turkey
UNSD:DF_UNDATA_ENERGY(1.2),A,792,3000,1214G,2016,10511.0,0,TJ,A,1.0,Turkey
UNSD:DF_UNDATA_ENERGY(1.2),A,792,3000,1214G,2017,9439.801,0,TJ,A,1.0,Turkey
UNSD:DF_UNDATA_ENERGY(1.2),A,792,3000,1214G,2018,8234.5,0,TJ,A,1.0,Turkey
UNSD:DF_UNDATA_ENERGY(1.2),A,792,3000,1214G,2019,9651.6,0,TJ,A,1.0,Turkey
UNSD:DF_UNDATA_ENERGY(1.2),A,792,3000,1214G,2020,11490.9,0,TJ,A,1.0,Turkey
UNSD:DF_UNDATA_ENERGY(1.2),A,792,3000,1214G,2021,10687.303,0,TJ,A,1.0,Turkey
UNSD:DF_UNDATA_ENERGY(1.2),A,792,3000,1214G,2022,6713.542,0,TJ,A,1.0,Turkey
UNSD:DF_UNDATA_ENERGY(1.2),A,792,3000,1214G,2023,6301.008,0,TJ,A,1.0,Turkey
UNSD:DF_UNDATA_ENERGY(1.2),A,792,3000,1214H,2015,7793.0,0,TJ,A,1.0,Turkey
UNSD:DF_UNDATA_ENERGY(1.2),A,792,3000,1214H,2016,7660.0,0,TJ,A,1.0,Turkey
UNSD:DF_UNDATA_ENERGY(1.2),A,792,3000,1214H,2017,7507.778,0,TJ,A,1.0,Turkey
UNSD:DF_UNDATA_ENERGY(1.2),A,792,3000,1214H,2018,2949.1,0,TJ,A,1.0,Turkey
UNSD:DF_UNDATA_ENERGY(1.2),A,792,3000,1214H,2019,1723.5,0,TJ,A,1.0,Turkey
UNSD:DF_UNDATA_ENERGY(1.2),A,792,3000,1214H,2020,1263.999,0,TJ,A,1.0,Turkey
UNSD:DF_UNDATA_ENERGY(1.2),A,792,3000,1214H,2021,2839.401,0,TJ,A,1.0,Turkey
UNSD:DF_UNDATA_ENERGY(1.2),A,792,3000,1214H,2022,1808.715,0,TJ,A,1.0,Turkey
UNSD:DF_UNDATA_ENERGY(1.2),A,792,3000,1214H,2023,1798.373,0,TJ,A,1.0,Turkey
UNSD:DF_UNDATA_ENERGY(1.2),A,792,3000,1214I,2015,13788.0,0,TJ,A,1.0,Turkey
UNSD:DF_UNDATA_ENERGY(1.2),A,792,3000,1214I,2016,20977.0,0,TJ,A,1.0,Turkey
UNSD:DF_UNDATA_ENERGY(1.2),A,792,3000,1214I,2017,23398.619,0,TJ,A,1.0,Turkey
UNSD:DF_UNDATA_ENERGY(1.2),A,792,3000,1214I,2018,24971.6,0,TJ,A,1.0,Turkey
UNSD:DF_UNDATA_ENERGY(1.2),A,792,3000,1214I,2019,13366.7,0,TJ,A,1.0,Turkey
UNSD:DF_UNDATA_ENERGY(1.2),A,792,3000,1214I,2020,15014.776,0,TJ,A,1.0,Turkey
UNSD:DF_UNDATA_ENERGY(1.2),A,792,3000,1214I,2021,15086.786,0,TJ,A,1.0,Turkey
UNSD:DF_UNDATA_ENERGY(1.2),A,792,3000,1214I,2022,12806.176,0,TJ,A,1.0,Turkey
UNSD:DF_UNDATA_ENERGY(1.2),A,792,3000,1214I,2023,12269.92,0,TJ,A,1.0,Turkey
UNSD:DF_UNDATA_ENERGY(1.2),A,792,3000,1214J,2015,45883.0,0,TJ,A,1.0,Turkey
UNSD:DF_UNDATA_ENERGY(1.2),A,792,3000,1214J,2016,42015.0,0,TJ,A,1.0,Turkey
UNSD:DF_UNDATA_ENERGY(1.2),A,792,3000,1214J,2017,43471.042,0,TJ,A,1.0,Turkey
UNSD:DF_UNDATA_ENERGY(1.2),A,792,3000,1214J,2018,46649.4,0,TJ,A,1.0,Turkey
UNSD:DF_UNDATA_ENERGY(1.2),A,792,3000,1214J,2019,46649.4,0,TJ,A,1.0,Turkey
UNSD:DF_UNDATA_ENERGY(1.2),A,792,3000,1214J,2020,46499.842,0,TJ,A,1.0,Turkey
UNSD:DF_UNDATA_ENERGY(1.2),A,792,3000,1214J,2021,63418.689,0,TJ,A,1.0,Turkey
UNSD:DF_UNDATA_ENERGY(1.2),A,792,3000,1214J,2022,48400.586,0,TJ,A,1.0,Turkey
UNSD:DF_UNDATA_ENERGY(1.2),A,792,3000,1214J,2023,46876.729,0,TJ,A,1.0,Turkey
UNSD:DF_UNDATA_ENERGY(1.2),A,792,3000,1214O,2015,59141.0,0,TJ,A,1.0,Turkey
UNSD:DF_UNDATA_ENERGY(1.2),A,792,3000,1214O,2016,25218.0,0,TJ,A,1.0,Turkey
UNSD:DF_UNDATA_ENERGY(1.2),A,792,3000,1214O,2017,89748.02,0,TJ,A,1.0,Turkey
UNSD:DF_UNDATA_ENERGY(1.2),A,792,3000,1214O,2018,84017.498,0,TJ,A,1.0,Turkey
UNSD:DF_UNDATA_ENERGY(1.2),A,792,3000,1214O,2019,67672.754,0,TJ,A,1.0,Turkey
UNSD:DF_UNDATA_ENERGY(1.2),A,792,3000,1214O,2020,22873.021,0,TJ,A,1.0,Turkey
UNSD:DF_UNDATA_ENERGY(1.2),A,792,3000,1214O,2021,26931.153,0,TJ,A,1.0,Turkey
UNSD:DF_UNDATA_ENERGY(1.2),A,792,3000,1214O,2022,31828.326,0,TJ,A,1.0,Turkey
UNSD:DF_UNDATA_ENERGY(1.2),A,792,3000,1214O,2023,31246.488,0,TJ,A,1.0,Turkey
UNSD:DF_UNDATA_ENERGY(1.2),A,792,3000,GA,2015,1832108.0,0,TJ,A,1.0,Turkey
UNSD:DF_UNDATA_ENERGY(1.2),A,792,3000,GA,2016,1779939.0,0,TJ,A,1.0,Turkey
UNSD:DF_UNDATA_ENERGY(1.2),A,792,3000,GA,2017,2057694.0,0,TJ,A,1.0,Turkey
UNSD:DF_UNDATA_ENERGY(1.2),A,792,3000,GA,2018,1908137.0,0,TJ,A,1.0,Turkey
UNSD:DF_UNDATA_ENERGY(1.2),A,792,3000,GA,2019,1723319.0,0,TJ,A,1.0,Turkey
UNSD:DF_UNDATA_ENERGY(1.2),A,792,3000,GA,2020,1847505.705,0,TJ,A,1.0,Turkey
UNSD:DF_UNDATA_ENERGY(1.2),A,792,3000,GA,2021,2284949.652,0,TJ,A,1.0,Turkey
UNSD:DF_UNDATA_ENERGY(1.2),A,792,3000,GA,2022,1955026.7,0,TJ,A,1.0,Turkey
UNSD:DF_UNDATA_ENERGY(1.2),A,792,3000,GA,2023,1926182.936,0,TJ,A,1.0,Turkey
UNSD:DF_UNDATA_ENERGY(1.2),A,104,3000,01,2015,713772.132,0,TJ,A,1.0,Myanmar
UNSD:DF_UNDATA_ENERGY(1.2),A,104,3000,01,2016,744589.0,0,TJ,A,1.0,Myanmar
UNSD:DF_UNDATA_ENERGY(1.2),A,104,3000,01,2017,710324.0,0,TJ,A,1.0,Myanmar
UNSD:DF_UNDATA_ENERGY(1.2),A,104,3000,01,2018,645644.0,0,TJ,A,1.0,Myanmar
UNSD:DF_UNDATA_ENERGY(1.2),A,104,3000,01,2019,738693.0,0,TJ,A,1.0,Myanmar
UNSD:DF_UNDATA_ENERGY(1.2),A,104,3000,01,2020,661296.0,0,TJ,A,1.0,Myanmar
UNSD:DF_UNDATA_ENERGY(1.2),A,104,3000,01,2021,729693.0,0,TJ,A,1.0,Myanmar
UNSD:DF_UNDATA_ENERGY(1.2),A,104,3000,01,2022,701588.0,0,TJ,A,1.0,Myanmar
UNSD:DF_UNDATA_ENERGY(1.2),A,104,3000,01,2023,616444.505,0,TJ,A,1.0,Myanmar
UNSD:DF_UNDATA_ENERGY(1.2),A,104,3000,08811,2015,67225.6,0,TJ,E,1.0,Myanmar
UNSD:DF_UNDATA_ENERGY(1.2),A,104,3000,08811,2016,65712.0,0,TJ,E,1.0,Myanmar
UNSD:DF_UNDATA_ENERGY(1.2),A,104,3000,08811,2017,65315.0,0,TJ,E,1.0,Myanmar
UNSD:DF_UNDATA_ENERGY(1.2),A,104,3000,08811,2018,49138.0,0,TJ,E,1.0,Myanmar
UNSD:DF_UNDATA_ENERGY(1.2),A,104,3000,08811,2019,43642.0,0,TJ,E,1.0,Myanmar
UNSD:DF_UNDATA_ENERGY(1.2),A,104,3000,08811,2020,69408.0,0,TJ,A,1.0,Myanmar
UNSD:DF_UNDATA_ENERGY(1.2),A,104,3000,08811,2021,14850.0,0,TJ,A,1.0,Myanmar
UNSD:DF_UNDATA_ENERGY(1.2),A,104,3000,08811,2022,33498.0,0,TJ,E,1.0,Myanmar
UNSD:DF_UNDATA_ENERGY(1.2),A,104,3000,08811,2023,30182.869,0,TJ,A,1.0,Myanmar
UNSD:DF_UNDATA_ENERGY(1.2),A,104,3000,08812,2015,22717.4,0,TJ,E,1.0,Myanmar
UNSD:DF_UNDATA_ENERGY(1.2),A,104,3000,08812,2016,57760.0,0,TJ,E,1.0,Myanmar
UNSD:DF_UNDATA_ENERGY(1.2),A,104,3000,08812,2017,60796.0,0,TJ,A,1.0,Myanmar
UNSD:DF_UNDATA_ENERGY(1.2),A,104,3000,08812,2018,77184.09,0,TJ,E,1.0,Myanmar
UNSD:DF_UNDATA_ENERGY(1.2),A,104,3000,08812,2019,77452.0,0,TJ,E,1.0,Myanmar
UNSD:DF_UNDATA_ENERGY(1.2),A,104,3000,08812,2020,77500.0,0,TJ,E,1.0,Myanmar
UNSD:DF_UNDATA_ENERGY(1.2),A,104,3000,08812,2021,97800.0,0,TJ,E,1.0,Myanmar
UNSD:DF_UNDATA_ENERGY(1.2),A,104,3000,08812,2022,98200.0,0,TJ,E,1.0,Myanmar
UNSD:DF_UNDATA_ENERGY(1.2),A,104,3000,08812,2023,88481.632,0,TJ,A,1.0,Myanmar
UNSD:DF_UNDATA_ENERGY(1.2),A,104,3000,121,2015,17584.0,0,TJ,A,1.0,Myanmar
UNSD:DF_UNDATA_ENERGY(1.2),A,104,3000,121,2016,11980.0,0,TJ,A,1.0,Myanmar
UNSD:DF_UNDATA_ENERGY(1.2),A,104,3000,121,2017,11449.0,0,TJ,A,1.0,Myanmar
UNSD:DF_UNDATA_ENERGY(1.2),A,104,3000,121,2018,9457.38,0,TJ,A,1.0,Myanmar
UNSD:DF_UNDATA_ENERGY(1.2),A,104,3000,121,2019,12577.0,0,TJ,A,1.0,Myanmar
UNSD:DF_UNDATA_ENERGY(1.2),A,104,3000,121,2020,5775.0,0,TJ,A,1.0,Myanmar
UNSD:DF_UNDATA_ENERGY(1.2),A,104,3000,121,2021,5794.0,0,TJ,A,1.0,Myanmar
UNSD:DF_UNDATA_ENERGY(1.2),A,104,3000,121,2022,7983.0,0,TJ,A,1.0,Myanmar
UNSD:DF_UNDATA_ENERGY(1.2),A,104,3000,121,2023,10269.11,0,TJ,A,1.0,Myanmar
UNSD:DF_UNDATA_ENERGY(1.2),A,104,3000,1211,2016,294.0,0,TJ,A,1.0,Myanmar
UNSD:DF_UNDATA_ENERGY(1.2),A,104,3000,1211,2017,429.0,0,TJ,A,1.0,Myanmar
UNSD:DF_UNDATA_ENERGY(1.2),A,104,3000,1211,2018,151.05,0,TJ,A,1.0,Myanmar
UNSD:DF_UNDATA_ENERGY(1.2),A,104,3000,1211,2019,472.0,0,TJ,A,1.0,Myanmar
UNSD:DF_UNDATA_ENERGY(1.2),A,104,3000,1211,2020,17.0,0,TJ,A,1.0,Myanmar
UNSD:DF_UNDATA_ENERGY(1.2),A,104,3000,1211,2022,314.0,0,TJ,A,1.0,Myanmar
UNSD:DF_UNDATA_ENERGY(1.2),A,104,3000,1211,2023,333.412,0,TJ,A,1.0,Myanmar
UNSD:DF_UNDATA_ENERGY(1.2),A,104,3000,1213,2016,5123.0,0,TJ,A,1.0,Myanmar
UNSD:DF_UNDATA_ENERGY(1.2),A,104,3000,1213,2017,5920.0,0,TJ,A,1.0,Myanmar
UNSD:DF_UNDATA_ENERGY(1.2),A,104,3000,1213,2018,5268.61,0,TJ,A,1.0,Myanmar
UNSD:DF_UNDATA_ENERGY(1.2),A,104,3000,1213,2019,6502.0,0,TJ,A,1.0,Myanmar
UNSD:DF_UNDATA_ENERGY(1.2),A,104,3000,1213,2020,3290.0,0,TJ,A,1.0,Myanmar
UNSD:DF_UNDATA_ENERGY(1.2),A,104,3000,1213,2021,3946.0,0,TJ,A,1.0,Myanmar
UNSD:DF_UNDATA_ENERGY(1.2),A,104,3000,1213,2022,4649.0,0,TJ,A,1.0,Myanmar
UNSD:DF_UNDATA_ENERGY(1.2),A,104,3000,1213,2023,5402.707,0,TJ,A,1.0,Myanmar
UNSD:DF_UNDATA_ENERGY(1.2),A,104,3000,1214A,2016,88.0,0,TJ,A,1.0,Myanmar
UNSD:DF_UNDATA_ENERGY(1.2),A,104,3000,1214A,2017,79.0,0,TJ,A,1.0,Myanmar
UNSD:DF_UNDATA_ENERGY(1.2),A,104,3000,1214A,2018,79.97,0,TJ,A,1.0,Myanmar
UNSD:DF_UNDATA_ENERGY(1.2),A,104,3000,1214A,2019,87.0,0,TJ,A,1.0,Myanmar
UNSD:DF_UNDATA_ENERGY(1.2),A,104,3000,1214A,2020,69.0,0,TJ,A,1.0,Myanmar
UNSD:DF_UNDATA_ENERGY(1.2),A,104,3000,1214A,2021,84.0,0,TJ,A,1.0,Myanmar
UNSD:DF_UNDATA_ENERGY(1.2),A,104,3000,1214A,2022,90.0,0,TJ,A,1.0,Myanmar
UNSD:DF_UNDATA_ENERGY(1.2),A,104,3000,1214A,2023,92.682,0,TJ,A,1.0,Myanmar
UNSD:DF_UNDATA_ENERGY(1.2),A,104,3000,1214B,2016,253.0,0,TJ,A,1.0,Myanmar
UNSD:DF_UNDATA_ENERGY(1.2),A,104,3000,1214B,2017,3886.0,0,TJ,A,1.0,Myanmar
UNSD:DF_UNDATA_ENERGY(1.2),A,104,3000,1214B,2018,2731.68,0,TJ,A,1.0,Myanmar
UNSD:DF_UNDATA_ENERGY(1.2),A,104,3000,1214B,2019,4268.0,0,TJ,A,1.0,Myanmar
UNSD:DF_UNDATA_ENERGY(1.2),A,104,3000,1214B,2020,862.0,0,TJ,A,1.0,Myanmar
UNSD:DF_UNDATA_ENERGY(1.2),A,104,3000,1214B,2021,714.0,0,TJ,A,1.0,Myanmar
UNSD:DF_UNDATA_ENERGY(1.2),A,104,3000,1214B,2022,1683.0,0,TJ,A,1.0,Myanmar
UNSD:DF_UNDATA_ENERGY(1.2),A,104,3000,1214B,2023,2477.939,0,TJ,A,1.0,Myanmar
UNSD:DF_UNDATA_ENERGY(1.2),A,104,3000,1214C,2016,69.0,0,TJ,A,1.0,Myanmar
UNSD:DF_UNDATA_ENERGY(1.2),A,104,3000,1214C,2017,139.0,0,TJ,A,1.0,Myanmar
UNSD:DF_UNDATA_ENERGY(1.2),A,104,3000,1214C,2018,280.74,0,TJ,A,1.0,Myanmar
UNSD:DF_UNDATA_ENERGY(1.2),A,104,3000,1214C,2019,153.0,0,TJ,A,1.0,Myanmar
UNSD:DF_UNDATA_ENERGY(1.2),A,104,3000,1214C,2020,119.0,0,TJ,A,1.0,Myanmar
UNSD:DF_UNDATA_ENERGY(1.2),A,104,3000,1214C,2021,252.0,0,TJ,A,1.0,Myanmar
UNSD:DF_UNDATA_ENERGY(1.2),A,104,3000,1214C,2022,265.0,0,TJ,A,1.0,Myanmar
UNSD:DF_UNDATA_ENERGY(1.2),A,104,3000,1214C,2023,349.719,0,TJ,A,1.0,Myanmar
UNSD:DF_UNDATA_ENERGY(1.2),A,104,3000,1214D,2016,227.0,0,TJ,A,1.0,Myanmar
UNSD:DF_UNDATA_ENERGY(1.2),A,104,3000,1214D,2017,220.0,0,TJ,A,1.0,Myanmar
UNSD:DF_UNDATA_ENERGY(1.2),A,104,3000,1214D,2018,203.96,0,TJ,A,1.0,Myanmar
UNSD:DF_UNDATA_ENERGY(1.2),A,104,3000,1214D,2019,242.0,0,TJ,A,1.0,Myanmar
UNSD:DF_UNDATA_ENERGY(1.2),A,104,3000,1214D,2020,203.0,0,TJ,A,1.0,Myanmar
UNSD:DF_UNDATA_ENERGY(1.2),A,104,3000,1214D,2021,210.0,0,TJ,A,1.0,Myanmar
UNSD:DF_UNDATA_ENERGY(1.2),A,104,3000,1214D,2022,175.0,0,TJ,A,1.0,Myanmar
UNSD:DF_UNDATA_ENERGY(1.2),A,104,3000,1214D,2023,156.918,0,TJ,A,1.0,Myanmar
UNSD:DF_UNDATA_ENERGY(1.2),A,104,3000,1214F,2016,450.0,0,TJ,A,1.0,Myanmar
UNSD:DF_UNDATA_ENERGY(1.2),A,104,3000,1214F,2017,399.0,0,TJ,A,1.0,Myanmar
UNSD:DF_UNDATA_ENERGY(1.2),A,104,3000,1214F,2018,359.06,0,TJ,A,1.0,Myanmar
UNSD:DF_UNDATA_ENERGY(1.2),A,104,3000,1214F,2019,438.0,0,TJ,A,1.0,Myanmar
UNSD:DF_UNDATA_ENERGY(1.2),A,104,3000,1214F,2020,931.0,0,TJ,A,1.0,Myanmar
UNSD:DF_UNDATA_ENERGY(1.2),A,104,3000,1214F,2021,378.0,0,TJ,A,1.0,Myanmar
UNSD:DF_UNDATA_ENERGY(1.2),A,104,3000,1214F,2022,475.0,0,TJ,A,1.0,Myanmar
UNSD:DF_UNDATA_ENERGY(1.2),A,104,3000,1214F,2023,719.14,0,TJ,A,1.0,Myanmar
UNSD:DF_UNDATA_ENERGY(1.2),A,104,3000,1214G,2016,7.0,0,TJ,A,1.0,Myanmar
UNSD:DF_UNDATA_ENERGY(1.2),A,104,3000,1214G,2017,10.0,0,TJ,A,1.0,Myanmar
UNSD:DF_UNDATA_ENERGY(1.2),A,104,3000,1214G,2018,80.13,0,TJ,A,1.0,Myanmar
UNSD:DF_UNDATA_ENERGY(1.2),A,104,3000,1214G,2019,11.0,0,TJ,A,1.0,Myanmar
UNSD:DF_UNDATA_ENERGY(1.2),A,104,3000,1214G,2020,53.0,0,TJ,A,1.0,Myanmar
UNSD:DF_UNDATA_ENERGY(1.2),A,104,3000,1214G,2021,42.0,0,TJ,A,1.0,Myanmar
UNSD:DF_UNDATA_ENERGY(1.2),A,104,3000,1214G,2022,46.0,0,TJ,A,1.0,Myanmar
UNSD:DF_UNDATA_ENERGY(1.2),A,104,3000,1214G,2023,417.161,0,TJ,A,1.0,Myanmar
UNSD:DF_UNDATA_ENERGY(1.2),A,104,3000,1214I,2016,5121.0,0,TJ,A,1.0,Myanmar
UNSD:DF_UNDATA_ENERGY(1.2),A,104,3000,1214I,2017,0.0,0,TJ,A,1.0,Myanmar
UNSD:DF_UNDATA_ENERGY(1.2),A,104,3000,1214J,2016,348.0,0,TJ,A,1.0,Myanmar
UNSD:DF_UNDATA_ENERGY(1.2),A,104,3000,1214J,2017,367.0,0,TJ,A,1.0,Myanmar
UNSD:DF_UNDATA_ENERGY(1.2),A,104,3000,1214J,2018,302.18,0,TJ,A,1.0,Myanmar
UNSD:DF_UNDATA_ENERGY(1.2),A,104,3000,1214J,2019,404.0,0,TJ,A,1.0,Myanmar
UNSD:DF_UNDATA_ENERGY(1.2),A,104,3000,1214J,2020,231.0,0,TJ,A,1.0,Myanmar
UNSD:DF_UNDATA_ENERGY(1.2),A,104,3000,1214J,2021,168.0,0,TJ,A,1.0,Myanmar
UNSD:DF_UNDATA_ENERGY(1.2),A,104,3000,1214J,2022,286.0,0,TJ,A,1.0,Myanmar
UNSD:DF_UNDATA_ENERGY(1.2),A,104,3000,1214J,2023,319.432,0,TJ,A,1.0,Myanmar
UNSD:DF_UNDATA_ENERGY(1.2),A,104,3000,1214O,2015,17584.0,0,TJ,A,1.0,Myanmar
UNSD:DF_UNDATA_ENERGY(1.2),A,104,3000,GA,2015,220523.2794,0,TJ,A,1.0,Myanmar
UNSD:DF_UNDATA_ENERGY(1.2),A,104,3000,GA,2016,164251.0,0,TJ,A,1.0,Myanmar
UNSD:DF_UNDATA_ENERGY(1.2),A,104,3000,GA,2017,172063.0,0,TJ,A,1.0,Myanmar
UNSD:DF_UNDATA_ENERGY(1.2),A,104,3000,GA,2018,164976.75,0,TJ,A,1.0,Myanmar
UNSD:DF_UNDATA_ENERGY(1.2),A,104,3000,GA,2019,162252.0,0,TJ,A,1.0,Myanmar
UNSD:DF_UNDATA_ENERGY(1.2),A,104,3000,GA,2020,176819.0,0,TJ,A,1.0,Myanmar
UNSD:DF_UNDATA_ENERGY(1.2),A,104,3000,GA,2021,183892.0,0,TJ,A,1.0,Myanmar
UNSD:DF_UNDATA_ENERGY(1.2),A,104,3000,GA,2022,183421.0,0,TJ,A,1.0,Myanmar
UNSD:DF_UNDATA_ENERGY(1.2),A,104,3000,GA,2023,169777.69300000003,0,TJ,A,1.0,Myanmar
