month,operator,pointKey,label,dir,adjType,adjCountry,TWh
2025-01,UK-TSO-0002,DIS-00017,PTL Stranraer,exit,Distribution,UK,0.0165
2025-01,UK-TSO-0002,ITP-00298,Carrickfergus,exit,Transmission,UK,0.8962
2025-01,UK-TSO-0002,DIS-00015,Greater Belfast,exit,Distribution,UK,0.6142
2025-01,UK-TSO-0002,ITP-00077,Twynholm,entry,Transmission,UK,2.156
2025-01,FR-TSO-0002,DIS-00188,TEREGA Delivery Pool - Distribution (FR),exit,Distribution,FR,3.1059
2025-01,FR-TSO-0002,UGS-00017,Lussagnet,exit,Storage,FR,1.7579
2025-01,FR-TSO-0002,FNC-00015,TEREGA Delivery Pool - Industrials (FR),exit,Final Consumers,FR,0.3418
2025-01,FR-TSO-0002,ITP-00304,VIP PIRINEOS,entry,Transmission,ES,1.1671
2025-01,FR-TSO-0002,UGS-00017,Lussagnet,entry,Storage,FR,12.2224
2025-01,FR-TSO-0002,ITP-00304,VIP PIRINEOS,exit,Transmission,ES,0.4671
2025-01,UK-TSO-0004,ITP-00207,Bacton (BBL),exit,Transmission,UK,1.4147
2025-01,UK-TSO-0003,ITP-00061,Zeebrugge IZT,entry,Transmission,BE,2.6722
2025-01,UK-TSO-0003,ITP-00005,Bacton (IUK),entry,Transmission,UK,0.0
2025-01,UK-TSO-0003,ITP-00005,Bacton (IUK),exit,Transmission,UK,2.6389
2025-01,UK-TSO-0003,ITP-00061,Zeebrugge IZT,exit,Transmission,BE,0.0006
2025-01,IT-TSO-0001,PRD-00154,IT - Indigenous Production,entry,Production,IT,3.287
2025-01,IT-TSO-0001,LNG-00019,FSRU ITALIA_PANIGAGLIA TERMINAL,entry,LNG Terminals,IT,0.2185
2025-01,IT-TSO-0001,ITP-00093,Mazara del Vallo,entry,Transmission,DZ,19.8262
2025-01,IT-TSO-0001,UGS-00023,UGS - IT - Snam Rete Gas/Edison,entry,Storage,IT,2.3475
2025-01,IT-TSO-0001,UGS-00008,UGS - IT - Snam Rete Gas/STOGIT,exit,Storage,IT,0.0
2025-01,IT-TSO-0001,ITP-00008,Melendugno - IT / TAP,exit,Transmission,AL,0.0
2025-01,IT-TSO-0001,LNG-00082,FSRU ITALIA_RAVENNA TERMINAL,entry,LNG Terminals,IT,0.0
2025-01,IT-TSO-0001,FNC-00006,Thermal Plants (IT),exit,Final Consumers,IT,23.2867
2025-01,IT-TSO-0001,ITP-00040,Tarvisio (IT) / Arnoldstein (AT),entry,Transmission,AT,1.8302
2025-01,IT-TSO-0001,ITP-00049,Gorizia (IT) /Šempeter (SI),entry,Transmission,SI,0.0013
2025-01,IT-TSO-0001,ITP-00136,Griespass (CH) / Passo Gries (IT),entry,Transmission,CH,5.7977
2025-01,IT-TSO-0001,UGS-00023,UGS - IT - Snam Rete Gas/Edison,exit,Storage,IT,0.0
2025-01,IT-TSO-0001,ITP-00278,Bizzarone,exit,Transmission,CH,0.1955
2025-01,IT-TSO-0001,UGS-00475,Italgasstorage (IT),exit,Storage,IT,0.0887
2025-01,IT-TSO-0001,ITP-00288,SRG Delivery to other transmission networks,exit,Transmission,IT,2.0465
2025-01,IT-TSO-0001,DIS-00005,Distribution (IT),exit,Distribution,IT,49.6794
2025-01,IT-TSO-0001,ITP-00049,Gorizia (IT) /Šempeter (SI),exit,Transmission,SI,0.0113
2025-01,IT-TSO-0001,ITP-00074,Gela,entry,Transmission,LY,0.444
2025-01,IT-TSO-0001,UGS-00008,UGS - IT - Snam Rete Gas/STOGIT,entry,Storage,IT,28.8672
2025-01,IT-TSO-0001,ITP-00283,Rep. San Marino,exit,Transmission,SM,0.0723
2025-01,IT-TSO-0001,UGS-00475,Italgasstorage (IT),entry,Storage,IT,0.7976
2025-01,IT-TSO-0001,FNC-00005,Industrial Consumers (IT),exit,Final Consumers,IT,10.4136
2025-01,IT-TSO-0001,ITP-00040,Tarvisio (IT) / Arnoldstein (AT),exit,Transmission,AT,0.4908
2025-01,IT-TSO-0001,LNG-00015,Cavarzere (Porto Levante / Adriatic LNG),entry,LNG Terminals,IT,7.7688
2025-01,IT-TSO-0001,ITP-00136,Griespass (CH) / Passo Gries (IT),exit,Transmission,CH,0.0
2025-01,IT-TSO-0001,LNG-00004,OLT LNG / Livorno,entry,LNG Terminals,IT,3.1874
2025-01,IT-TSO-0001,ITP-00008,Melendugno - IT / TAP,entry,Transmission,AL,8.0964
2025-01,IT-TSO-0001,LNG-00069,FSRU ITALIA_PIOMBINO TERMINAL,entry,LNG Terminals,IT,3.7041
2025-01,ES-TSO-0006,VTP-00043,TVB,entry,LNG Terminals,ES,18.6806
2025-01,ES-TSO-0006,PRD-00231,Aggregated Production Sites (ES),entry,Production,ES,0.1122
2025-01,ES-TSO-0006,ITP-00082,Tarifa,exit,Transmission,MA,0.6604
2025-01,ES-TSO-0006,LNG-00012,Barcelona,entry,LNG Terminals,ES,2.2791
2025-01,ES-TSO-0006,LNG-00022,Cartagena,entry,LNG Terminals,ES,1.6179
2025-01,ES-TSO-0006,LNG-00018,Huelva,entry,LNG Terminals,ES,4.0661
2025-01,ES-TSO-0006,LNG-00021,Mugardos,entry,LNG Terminals,ES,1.8751
2025-01,ES-TSO-0006,LNG-00023,Sagunto,entry,LNG Terminals,ES,2.9216
2025-01,ES-TSO-0006,LNG-00013,Bilbao,entry,LNG Terminals,ES,4.85
2025-01,ES-TSO-0006,LNG-00016,Musel,entry,LNG Terminals,ES,0.9541
2025-01,ES-TSO-0006,ITP-00048,Almería,entry,Transmission,DZ,10.2727
2025-01,ES-TSO-0006,ITP-00286,VIP IBERICO,entry,Transmission,PT,0.3123
2025-01,ES-TSO-0006,ITP-00286,VIP IBERICO,exit,Transmission,PT,0.0332
2025-01,ES-TSO-0006,ITP-00304,VIP PIRINEOS,entry,Transmission,FR,0.4784
2025-01,ES-TSO-0006,ITP-00304,VIP PIRINEOS,exit,Transmission,FR,1.1961
2025-01,ES-TSO-0006,UGS-00024,BASIC UGS - AASS Unificado,entry,Storage,ES,3.6957
2025-01,ES-TSO-0006,UGS-00024,BASIC UGS - AASS Unificado,exit,Storage,ES,0.0
2025-01,FR-TSO-0003,LNG-00029,Fos (Tonkin/Cavaou),entry,LNG Terminals,FR,8.5628
2025-01,FR-TSO-0003,ITP-00115,Blaregnies L (BE) / Taisnières B (FR),entry,Transmission,BE,0.6153
2025-01,FR-TSO-0003,LNG-00024,Montoir de Bretagne,entry,LNG Terminals,FR,8.7755
2025-01,FR-TSO-0003,ITP-00039,Oltingue (FR) / Rodersdorf (CH),exit,Transmission,CH,6.2554
2025-01,FR-TSO-0003,ITP-00137,Obergailbach (FR) / Medelsheim (DE),entry,Transmission,DE,0.0
2025-01,FR-TSO-0003,ITP-00045,Dunkerque,entry,Transmission,NO,7.8243
2025-01,FR-TSO-0003,LNG-00003,Dunkerque LNG / PEG North,entry,,,12.0401
2025-01,FR-TSO-0003,UGS-00285,Nord-B / SEDIANE B,entry,Storage,FR,1.8582
2025-01,FR-TSO-0003,UGS-00284,Nord-Ouest / SEDIANE,entry,Storage,FR,4.9813
2025-01,FR-TSO-0003,UGS-00286,Nord-Est / SERENE Nord,entry,Storage,FR,2.4683
2025-01,FR-TSO-0003,UGS-00288,Sud-Est / SALINE,exit,Storage,FR,0.0544
2025-01,FR-TSO-0003,ITP-00526,VIRTUALYS,exit,Transmission,BE,7.1705
2025-01,FR-TSO-0003,DIS-00197,GRTgaz aggregated distribution consumers,exit,Distribution,FR,38.3226
2025-01,FR-TSO-0003,FNC-00201,GRTgaz aggregated industrial consumers,exit,Final Consumers,FR,15.3194
2025-01,FR-TSO-0003,ITP-00541,Atlantique,entry,Storage,FR,8.3562
2025-01,FR-TSO-0003,LNG-00071,Le Havre (FR),entry,LNG Terminals,FR,0.0
2025-01,PT-TSO-0001,UGS-00010,Carriço,entry,Storage,PT,0.1637
2025-01,PT-TSO-0001,LNG-00026,Sines,entry,LNG Terminals,PT,4.1625
2025-01,PT-TSO-0001,UGS-00010,Carriço,exit,Storage,PT,0.0001
2025-01,PT-TSO-0001,DIS-00001,Distribution (PT),exit,Distribution,PT,1.9667
2025-01,PT-TSO-0001,ITP-00286,VIP IBERICO,exit,Transmission,ES,0.3139
2025-01,PT-TSO-0001,FNC-00001,Final Consumers (PT),exit,Final Consumers,PT,2.0371
2025-01,PT-TSO-0001,ITP-00286,VIP IBERICO,entry,Transmission,ES,0.0289
2025-01,UK-TSO-0001,LNG-00049,Milford Haven,entry,LNG Terminals,UK,18.5071
2025-01,UK-TSO-0001,PRD-00152,Burton Point,entry,Production,UK,0.0
2025-01,UK-TSO-0001,PRD-00151,Barrow,entry,Production,UK,0.6701
2025-01,UK-TSO-0001,ITP-00091,Easington,entry,Transmission,NO,28.8156
2025-01,UK-TSO-0001,UGS-00282,Hornsea,entry,Storage,UK,1.6537
2025-01,UK-TSO-0001,LNG-00008,Isle of Grain,entry,LNG Terminals,UK,4.7282
2025-01,UK-TSO-0001,ITP-00022,St. Fergus,entry,Transmission,NO,20.8159
2025-01,UK-TSO-0001,LNG-00007,Teesside,entry,Production,UK,8.2557
2025-01,UK-TSO-0001,ITP-00090,Moffat,exit,Transmission,UK,7.4328
2025-01,UK-TSO-0001,ITP-00005,Bacton (IUK),exit,Transmission,UK,0.0
2025-01,UK-TSO-0001,ITP-00207,Bacton (BBL),exit,Transmission,NL,0.0
2025-01,UK-TSO-0001,UGS-00279,Aldbrough,entry,Storage,UK,1.5669
2025-01,UK-TSO-0001,UGS-00281,Hole House Farm,entry,,,0.0293
2025-01,UK-TSO-0001,UGS-00280,Hatfield Moor Storage,entry,Storage,UK,0.3434
2025-01,UK-TSO-0001,UGS-00275,Humbly Grove,entry,Storage,UK,1.7309
2025-01,UK-TSO-0001,ITP-00492,Bacton IPs,entry,Transmission,UK,4.0476
2025-01,UK-TSO-0001,PRD-00156,Bacton (UKCS),entry,Production,UK,6.2245
2025-01,UK-TSO-0001,DIS-00063,Aberdeen,exit,Distribution,UK,0.3132
2025-01,UK-TSO-0001,DIS-00064,Alrewas (EM),exit,Distribution,UK,1.8931
2025-01,UK-TSO-0001,DIS-00065,Alrewas (WM),exit,Distribution,UK,1.4426
2025-01,UK-TSO-0001,DIS-00066,Armadale,exit,Distribution,UK,0.1908
2025-01,UK-TSO-0001,DIS-00067,Aspley,exit,Distribution,UK,1.2948
2025-01,UK-TSO-0001,DIS-00068,Asselby,exit,Distribution,UK,0.0623
2025-01,UK-TSO-0001,DIS-00069,Audley (NW),exit,Distribution,UK,0.1783
2025-01,UK-TSO-0001,DIS-00070,Audley (WM),exit,Distribution,UK,0.2279
2025-01,UK-TSO-0001,DIS-00071,Austrey,exit,Distribution,UK,1.2118
2025-01,UK-TSO-0001,DIS-00072,Aylesbeare,exit,Distribution,UK,0.3219
2025-01,UK-TSO-0001,UGS-00275,Humbly Grove,exit,Storage,UK,0.0
2025-01,UK-TSO-0001,DIS-00073,Bacton,exit,Distribution,UK,0.0525
2025-01,UK-TSO-0001,DIS-00074,Baldersby,exit,Distribution,UK,0.0247
2025-01,UK-TSO-0001,DIS-00075,Balgray,exit,Distribution,UK,0.238
2025-01,UK-TSO-0001,UGS-00279,Aldbrough,exit,Storage,UK,0.9918
2025-01,UK-TSO-0001,DIS-00076,Bathgate,exit,Distribution,UK,0.3638
2025-01,UK-TSO-0001,DIS-00077,Bishop Auckland,exit,Distribution,UK,1.0432
2025-01,UK-TSO-0001,DIS-00078,Blaby,exit,Distribution,UK,0.2144
2025-01,UK-TSO-0001,DIS-00079,Blackrod,exit,Distribution,UK,2.2702
2025-01,UK-TSO-0001,DIS-00080,Blyborough,exit,Distribution,UK,0.9289
2025-01,UK-TSO-0001,DIS-00081,Braishfield A,exit,Distribution,UK,2.1144
2025-01,UK-TSO-0001,DIS-00082,Braishfield B,exit,Distribution,UK,0.0134
2025-01,UK-TSO-0001,DIS-00083,Brisley,exit,Distribution,UK,0.0458
2025-01,UK-TSO-0001,DIS-00084,Broxburn,exit,Distribution,UK,0.8894
2025-01,UK-TSO-0001,DIS-00085,Burley Bank,exit,Distribution,UK,0.3427
2025-01,UK-TSO-0001,DIS-00183,Burnhervie,exit,Distribution,UK,0.3692
2025-01,UK-TSO-0001,DIS-00086,Caldecott,exit,Distribution,UK,0.0
2025-01,UK-TSO-0001,DIS-00087,Careston,exit,Distribution,UK,0.0688
2025-01,UK-TSO-0001,UGS-00216,Stublach,exit,Storage,UK,0.6146
2025-01,UK-TSO-0001,DIS-00088,Cirencester,exit,Distribution,UK,0.1237
2025-01,UK-TSO-0001,DIS-00089,Coffinswell,exit,Distribution,UK,0.0652
2025-01,UK-TSO-0001,DIS-00090,Coldstream,exit,Distribution,UK,0.035
2025-01,UK-TSO-0001,DIS-00091,Corbridge,exit,Distribution,UK,0.0012
2025-01,UK-TSO-0001,DIS-00092,Cowpen Bewley,exit,Distribution,UK,0.5679
2025-01,UK-TSO-0001,DIS-00093,Dowlais,exit,Distribution,UK,1.4281
2025-01,UK-TSO-0001,DIS-00094,Drointon,exit,Distribution,UK,1.376
2025-01,UK-TSO-0001,DIS-00095,Drum,exit,Distribution,UK,0.8956
2025-01,UK-TSO-0001,DIS-00096,Dyffryn Clydach,exit,Distribution,UK,0.6583
2025-01,UK-TSO-0001,DIS-00097,Easton Grey,exit,Distribution,UK,0.4033
2025-01,UK-TSO-0001,DIS-00098,Ecclestone,exit,Distribution,UK,0.2564
2025-01,UK-TSO-0001,DIS-00099,Elton,exit,Distribution,UK,0.689
2025-01,UK-TSO-0001,DIS-00100,Evesham,exit,Distribution,UK,0.1146
2025-01,UK-TSO-0001,DIS-00101,Farningham,exit,Distribution,UK,1.6511
2025-01,UK-TSO-0001,DIS-00102,Farningham B,exit,Distribution,UK,0.9611
2025-01,UK-TSO-0001,DIS-00103,Fiddington,exit,Distribution,UK,0.3912
2025-01,UK-TSO-0001,DIS-00104,Ganstead,exit,Distribution,UK,0.3886
2025-01,UK-TSO-0001,DIS-00105,Gilwern,exit,Distribution,UK,0.7937
2025-01,UK-TSO-0001,DIS-00106,Glenmavis,exit,Distribution,UK,2.2512
2025-01,UK-TSO-0001,DIS-00107,Gosberton,exit,Distribution,UK,0.2682
2025-01,UK-TSO-0001,DIS-00108,Great Wilbraham,exit,Distribution,UK,0.4743
2025-01,UK-TSO-0001,DIS-00109,Guyzance,exit,Distribution,UK,0.0435
2025-01,UK-TSO-0001,DIS-00110,Hardwick,exit,Distribution,UK,2.037
2025-01,UK-TSO-0001,UGS-00408,Hatfield Moor Max Refill,exit,Storage,UK,0.0
2025-01,UK-TSO-0001,UGS-00182,Hill Top Farm,exit,Storage,UK,0.2044
2025-01,UK-TSO-0001,UGS-00281,Hole House Farm,exit,,,0.0
2025-01,UK-TSO-0001,UGS-00181,Holford,exit,Storage,UK,0.2762
2025-01,UK-TSO-0001,DIS-00111,Holmes Chapel,exit,Distribution,UK,0.3372
2025-01,UK-TSO-0001,DIS-00112,Horndon,exit,Distribution,UK,0.8571
2025-01,UK-TSO-0001,UGS-00409,Hornsea Max Refill,exit,Storage,UK,0.0145
2025-01,UK-TSO-0001,DIS-00113,Humbleton,exit,Distribution,UK,0.0025
2025-01,UK-TSO-0001,DIS-00114,Hume,exit,Distribution,UK,0.0258
2025-01,UK-TSO-0001,DIS-00115,Ilchester,exit,Distribution,UK,0.4738
2025-01,UK-TSO-0001,FNC-00011,Industrial Offtakes (UK),exit,Final Consumers,UK,1.9341
2025-01,UK-TSO-0001,DIS-00117,Ipsden 2,exit,Distribution,UK,0.1646
2025-01,UK-TSO-0001,DIS-00116,Ipsden,exit,Distribution,UK,0.1349
2025-01,UK-TSO-0001,DIS-00118,Keld,exit,Distribution,UK,0.0068
2025-01,UK-TSO-0001,DIS-00119,Kenn,exit,Distribution,UK,0.3291
2025-01,UK-TSO-0001,DIS-00120,Kinknockie,exit,Distribution,UK,0.0474
2025-01,UK-TSO-0001,DIS-00121,Kirkstead,exit,Distribution,UK,0.0198
2025-01,UK-TSO-0001,DIS-00122,Langholm,exit,Distribution,UK,0.0025
2025-01,UK-TSO-0001,DIS-00123,Leamington,exit,Distribution,UK,0.076
2025-01,UK-TSO-0001,DIS-00124,Little Burdon,exit,Distribution,UK,0.2174
2025-01,UK-TSO-0001,DIS-00125,Littleton Drew,exit,Distribution,UK,0.0223
2025-01,UK-TSO-0001,DIS-00126,Lockerbie,exit,Distribution,UK,0.1156
2025-01,UK-TSO-0001,DIS-00127,Lower Quinton,exit,Distribution,UK,0.3626
2025-01,UK-TSO-0001,DIS-00128,Lupton,exit,Distribution,UK,0.3793
2025-01,UK-TSO-0001,DIS-00129,Luxborough Lane,exit,Distribution,UK,1.7891
2025-01,UK-TSO-0001,DIS-00130,Lyneham (Choakford),exit,Distribution,UK,0.5544
2025-01,UK-TSO-0001,DIS-00131,Maelor,exit,Distribution,UK,0.8404
2025-01,UK-TSO-0001,DIS-00132,Malpas,exit,Distribution,UK,0.0139
2025-01,UK-TSO-0001,DIS-00133,Mappowder,exit,Distribution,UK,0.6845
2025-01,UK-TSO-0001,DIS-00134,Market Harborough,exit,Distribution,UK,0.1202
2025-01,UK-TSO-0001,DIS-00135,Matching Green,exit,Distribution,UK,1.1962
2025-01,UK-TSO-0001,DIS-00136,Melkinthorpe,exit,Distribution,UK,0.0538
2025-01,UK-TSO-0001,DIS-00137,Mickle Trafford,exit,Distribution,UK,0.3994
2025-01,UK-TSO-0001,DIS-00138,Milwich,exit,Distribution,UK,0.3722
2025-01,UK-TSO-0001,DIS-00139,Netherhowcleugh,exit,Distribution,UK,0.0039
2025-01,UK-TSO-0001,DIS-00140,Pannal,exit,Distribution,UK,2.3065
2025-01,UK-TSO-0001,DIS-00141,Partington,exit,Distribution,UK,1.2939
2025-01,UK-TSO-0001,DIS-00142,Paull,exit,Distribution,UK,0.4306
2025-01,UK-TSO-0001,DIS-00143,Peterborough Eye (Tee),exit,Distribution,UK,0.4199
2025-01,UK-TSO-0001,DIS-00144,Peters Green,exit,Distribution,UK,2.2452
2025-01,UK-TSO-0001,DIS-00145,Peters Green South Mimms,exit,Distribution,UK,2.3475
2025-01,UK-TSO-0001,DIS-00146,Pickering,exit,Distribution,UK,0.1037
2025-01,UK-TSO-0001,DIS-00147,Pitcairngreen,exit,Distribution,UK,0.0281
2025-01,UK-TSO-0001,FNC-00012,Power Stations (UK),exit,Final Consumers,UK,19.6624
2025-01,UK-TSO-0001,DIS-00148,Pucklechurch,exit,Distribution,UK,0.467
2025-01,UK-TSO-0001,DIS-00149,Rawcliffe,exit,Distribution,UK,0.0632
2025-01,UK-TSO-0001,DIS-00150,Ross (SW),exit,Distribution,UK,0.0681
2025-01,UK-TSO-0001,DIS-00151,Ross (WM),exit,Distribution,UK,0.2343
2025-01,UK-TSO-0001,DIS-00152,Roudham Heath,exit,Distribution,UK,0.5151
2025-01,UK-TSO-0001,UGS-00235,Rough,exit,Storage,UK,0.0
2025-01,UK-TSO-0001,DIS-00153,Royston,exit,Distribution,UK,0.0484
2025-01,UK-TSO-0001,DIS-00154,Rugby,exit,Distribution,UK,1.0396
2025-01,UK-TSO-0001,DIS-00155,Saltwick Pressure Controlled,exit,Distribution,UK,0.8468
2025-01,UK-TSO-0001,DIS-00156,Saltwick Volumetric Controlled,exit,Distribution,UK,0.0
2025-01,UK-TSO-0001,DIS-00157,Samlesbury,exit,Distribution,UK,1.9419
2025-01,UK-TSO-0001,DIS-00158,Seabank (DN),exit,Distribution,UK,0.8528
2025-01,UK-TSO-0001,DIS-00159,Shorne,exit,Distribution,UK,0.001
2025-01,UK-TSO-0001,DIS-00161,Silk Willoughby,exit,Distribution,UK,0.0435
2025-01,UK-TSO-0001,DIS-00162,Soutra,exit,Distribution,UK,0.1409
2025-01,UK-TSO-0001,DIS-00163,St Fergus,exit,Distribution,UK,0.0208
2025-01,UK-TSO-0001,DIS-00165,Stratford-upon-Avon,exit,Distribution,UK,0.0831
2025-01,UK-TSO-0001,DIS-00166,Sutton Bridge,exit,Distribution,UK,0.0177
2025-01,UK-TSO-0001,DIS-00167,Tatsfield,exit,Distribution,UK,3.7729
2025-01,UK-TSO-0001,DIS-00168,Thornton Curtis,exit,Distribution,UK,1.6651
2025-01,UK-TSO-0001,DIS-00169,Thrintoft,exit,Distribution,UK,0.0908
2025-01,UK-TSO-0001,DIS-00170,Towlaw,exit,Distribution,UK,0.0084
2025-01,UK-TSO-0001,DIS-00171,Towton,exit,Distribution,UK,0.9605
2025-01,UK-TSO-0001,DIS-00172,Tur Langton,exit,Distribution,UK,1.4767
2025-01,UK-TSO-0001,DIS-00173,Walesby,exit,Distribution,UK,0.0145
2025-01,UK-TSO-0001,DIS-00174,Warburton,exit,Distribution,UK,2.0023
2025-01,UK-TSO-0001,DIS-00176,Weston Point,exit,Distribution,UK,0.0211
2025-01,UK-TSO-0001,DIS-00175,West Winch,exit,Distribution,UK,0.1589
2025-01,UK-TSO-0001,DIS-00177,Wetheral,exit,Distribution,UK,0.3779
2025-01,UK-TSO-0001,DIS-00178,Whitwell,exit,Distribution,UK,2.2134
2025-01,UK-TSO-0001,DIS-00179,Winkfield (NT),exit,Distribution,UK,0.0
2025-01,UK-TSO-0001,DIS-00180,Winkfield (SE),exit,Distribution,UK,0.6246
2025-01,UK-TSO-0001,DIS-00181,Winkfield (SO),exit,Distribution,UK,0.5086
2025-01,UK-TSO-0001,DIS-00182,Yelverton,exit,Distribution,UK,1.0041
2025-01,FR-TSO-0002,PRD-00330,TEREGA Biomethane Production Pool,entry,Production,FR,0.0187
2025-01,ES-TSO-0006,FNC-00043,Aggregated Distribution + Final Customers Exits (ES),exit,Final Consumers,ES,22.2031
2025-01,UK-TSO-0004,ITP-00207,Bacton (BBL),entry,Transmission,UK,0.0
2025-01,UK-TSO-0001,UGS-00277,Cheshire Storage,entry,Storage,UK,3.6859
2025-01,FR-TSO-0003,UGS-00288,Sud-Est / SALINE,entry,Storage,FR,3.8728
2025-01,UK-TSO-0001,DIS-00160,Shustoke,exit,Distribution,UK,0.0
2025-02,UK-TSO-0002,DIS-00015,Greater Belfast,exit,Distribution,UK,0.5111
2025-02,UK-TSO-0002,ITP-00298,Carrickfergus,exit,Transmission,UK,0.7468
2025-02,UK-TSO-0002,ITP-00077,Twynholm,entry,Transmission,UK,1.7504
2025-02,UK-TSO-0002,DIS-00017,PTL Stranraer,exit,Distribution,UK,0.0137
2025-02,PT-TSO-0001,UGS-00010,Carriço,entry,Storage,PT,0.1189
2025-02,PT-TSO-0001,UGS-00010,Carriço,exit,Storage,PT,0.0562
2025-02,PT-TSO-0001,FNC-00001,Final Consumers (PT),exit,Final Consumers,PT,1.7348
2025-02,PT-TSO-0001,DIS-00001,Distribution (PT),exit,Distribution,PT,1.7908
2025-02,PT-TSO-0001,LNG-00026,Sines,entry,LNG Terminals,PT,3.625
2025-02,PT-TSO-0001,ITP-00286,VIP IBERICO,entry,Transmission,ES,0.0958
2025-02,PT-TSO-0001,ITP-00286,VIP IBERICO,exit,Transmission,ES,0.2823
2025-02,FR-TSO-0002,ITP-00304,VIP PIRINEOS,entry,Transmission,ES,2.3074
2025-02,UK-TSO-0004,ITP-00207,Bacton (BBL),exit,Transmission,UK,0.4246
2025-02,FR-TSO-0002,DIS-00188,TEREGA Delivery Pool - Distribution (FR),exit,Distribution,FR,2.2817
2025-02,FR-TSO-0002,ITP-00304,VIP PIRINEOS,exit,Transmission,ES,0.0808
2025-02,FR-TSO-0002,UGS-00017,Lussagnet,exit,Storage,FR,3.6714
2025-02,FR-TSO-0002,FNC-00015,TEREGA Delivery Pool - Industrials (FR),exit,Final Consumers,FR,0.3182
2025-02,FR-TSO-0002,UGS-00017,Lussagnet,entry,Storage,FR,8.3883
2025-02,UK-TSO-0003,ITP-00061,Zeebrugge IZT,entry,Transmission,BE,1.2428
2025-02,UK-TSO-0003,ITP-00005,Bacton (IUK),entry,Transmission,UK,0.1759
2025-02,UK-TSO-0003,ITP-00005,Bacton (IUK),exit,Transmission,UK,1.2247
2025-02,UK-TSO-0003,ITP-00061,Zeebrugge IZT,exit,Transmission,BE,0.1691
2025-02,IT-TSO-0001,PRD-00154,IT - Indigenous Production,entry,Production,IT,2.8452
2025-02,IT-TSO-0001,ITP-00040,Tarvisio (IT) / Arnoldstein (AT),exit,Transmission,AT,0.9202
2025-02,IT-TSO-0001,ITP-00093,Mazara del Vallo,entry,Transmission,DZ,18.5225
2025-02,IT-TSO-0001,ITP-00136,Griespass (CH) / Passo Gries (IT),exit,Transmission,CH,0.0
2025-02,IT-TSO-0001,UGS-00008,UGS - IT - Snam Rete Gas/STOGIT,exit,Storage,IT,0.0
2025-02,IT-TSO-0001,ITP-00008,Melendugno - IT / TAP,entry,Transmission,AL,7.2699
2025-02,IT-TSO-0001,LNG-00069,FSRU ITALIA_PIOMBINO TERMINAL,entry,LNG Terminals,IT,3.5979
2025-02,IT-TSO-0001,FNC-00006,Thermal Plants (IT),exit,Final Consumers,IT,23.3328
2025-02,IT-TSO-0001,DIS-00005,Distribution (IT),exit,Distribution,IT,41.6842
2025-02,IT-TSO-0001,ITP-00049,Gorizia (IT) /Šempeter (SI),entry,Transmission,SI,0.0
2025-02,IT-TSO-0001,ITP-00074,Gela,entry,Transmission,LY,0.3716
2025-02,IT-TSO-0001,UGS-00023,UGS - IT - Snam Rete Gas/Stogit Adriatica,exit,Storage,IT,0.0
2025-02,IT-TSO-0001,ITP-00283,Rep. San Marino,exit,Transmission,SM,0.0656
2025-02,IT-TSO-0001,ITP-00008,Melendugno - IT / TAP,exit,Transmission,AL,0.0
2025-02,IT-TSO-0001,UGS-00475,Italgasstorage (IT),exit,Storage,IT,0.0102
2025-02,IT-TSO-0001,ITP-00288,SRG Delivery to other transmission networks,exit,Transmission,IT,1.777
2025-02,IT-TSO-0001,FNC-00005,Industrial Consumers (IT),exit,Final Consumers,IT,10.5007
2025-02,IT-TSO-0001,ITP-00040,Tarvisio (IT) / Arnoldstein (AT),entry,Transmission,AT,1.319
2025-02,IT-TSO-0001,LNG-00019,FSRU ITALIA_PANIGAGLIA TERMINAL,entry,LNG Terminals,IT,0.3998
2025-02,IT-TSO-0001,ITP-00049,Gorizia (IT) /Šempeter (SI),exit,Transmission,SI,0.0198
2025-02,IT-TSO-0001,LNG-00015,Cavarzere (Porto Levante / Adriatic LNG),entry,LNG Terminals,IT,7.7394
2025-02,IT-TSO-0001,ITP-00136,Griespass (CH) / Passo Gries (IT),entry,Transmission,CH,5.9365
2025-02,IT-TSO-0001,UGS-00023,UGS - IT - Snam Rete Gas/Stogit Adriatica,entry,Storage,IT,2.0234
2025-02,IT-TSO-0001,UGS-00008,UGS - IT - Snam Rete Gas/STOGIT,entry,Storage,IT,23.6067
2025-02,IT-TSO-0001,LNG-00004,OLT LNG / Livorno,entry,LNG Terminals,IT,4.0259
2025-02,IT-TSO-0001,ITP-00278,Bizzarone,exit,Transmission,CH,0.1615
2025-02,IT-TSO-0001,UGS-00475,Italgasstorage (IT),entry,Storage,IT,0.4934
2025-02,ES-TSO-0006,VTP-00043,TVB,entry,LNG Terminals,ES,18.3975
2025-02,ES-TSO-0006,PRD-00231,Aggregated Production Sites (ES),entry,Production,ES,0.0694
2025-02,ES-TSO-0006,ITP-00082,Tarifa,exit,Transmission,MA,0.7067
2025-02,ES-TSO-0006,LNG-00012,Barcelona,entry,LNG Terminals,ES,1.9727
2025-02,ES-TSO-0006,LNG-00022,Cartagena,entry,LNG Terminals,ES,2.4435
2025-02,ES-TSO-0006,LNG-00018,Huelva,entry,LNG Terminals,ES,3.2245
2025-02,ES-TSO-0006,LNG-00021,Mugardos,entry,LNG Terminals,ES,1.6356
2025-02,ES-TSO-0006,LNG-00023,Sagunto,entry,LNG Terminals,ES,2.6517
2025-02,ES-TSO-0006,LNG-00013,Bilbao,entry,LNG Terminals,ES,5.5212
2025-02,ES-TSO-0006,LNG-00016,Musel,entry,LNG Terminals,ES,0.8512
2025-02,ES-TSO-0006,ITP-00048,Almería,entry,Transmission,DZ,9.2969
2025-02,ES-TSO-0006,ITP-00286,VIP IBERICO,entry,Transmission,PT,0.2702
2025-02,ES-TSO-0006,ITP-00286,VIP IBERICO,exit,Transmission,PT,0.0979
2025-02,ES-TSO-0006,ITP-00304,VIP PIRINEOS,entry,Transmission,FR,0.0879
2025-02,ES-TSO-0006,ITP-00304,VIP PIRINEOS,exit,Transmission,FR,2.3674
2025-02,ES-TSO-0006,UGS-00024,BASIC UGS - AASS Unificado,entry,Storage,ES,2.5404
2025-02,ES-TSO-0006,UGS-00024,BASIC UGS - AASS Unificado,exit,Storage,ES,0.0
2025-02,FR-TSO-0003,ITP-00115,Blaregnies L (BE) / Taisnières B (FR),entry,Transmission,BE,0.5292
2025-02,FR-TSO-0003,LNG-00024,Montoir de Bretagne,entry,LNG Terminals,FR,6.7704
2025-02,FR-TSO-0003,ITP-00045,Dunkerque,entry,Transmission,NO,9.4414
2025-02,FR-TSO-0003,LNG-00003,Dunkerque LNG / PEG North,entry,,,13.7075
2025-02,FR-TSO-0003,UGS-00284,Nord-Ouest / SEDIANE,entry,Storage,FR,3.307
2025-02,FR-TSO-0003,UGS-00286,Nord-Est / SERENE Nord,entry,Storage,FR,1.7094
2025-02,FR-TSO-0003,UGS-00288,Sud-Est / SALINE,exit,Storage,FR,0.3322
2025-02,FR-TSO-0003,FNC-00201,GRTgaz aggregated industrial consumers,exit,Final Consumers,FR,13.5702
2025-02,FR-TSO-0003,ITP-00541,Atlantique,entry,Storage,FR,5.3204
2025-02,FR-TSO-0003,LNG-00029,Fos (Tonkin/Cavaou),entry,LNG Terminals,FR,10.1133
2025-02,FR-TSO-0003,ITP-00039,Oltingue (FR) / Rodersdorf (CH),exit,Transmission,CH,6.4824
2025-02,FR-TSO-0003,ITP-00137,Obergailbach (FR) / Medelsheim (DE),entry,Transmission,DE,0.0
2025-02,FR-TSO-0003,UGS-00285,Nord-B / SEDIANE B,entry,Storage,FR,1.5627
2025-02,FR-TSO-0003,ITP-00526,VIRTUALYS,exit,Transmission,BE,6.9037
2025-02,FR-TSO-0003,DIS-00197,GRTgaz aggregated distribution consumers,exit,Distribution,FR,31.2259
2025-02,FR-TSO-0003,LNG-00071,Le Havre (FR),entry,LNG Terminals,FR,0.0
2025-02,UK-TSO-0001,LNG-00049,Milford Haven,entry,LNG Terminals,UK,20.3587
2025-02,UK-TSO-0001,PRD-00152,Burton Point,entry,Production,UK,0.0
2025-02,UK-TSO-0001,UGS-00282,Hornsea,entry,Storage,UK,0.1112
2025-02,UK-TSO-0001,LNG-00008,Isle of Grain,entry,LNG Terminals,UK,4.759
2025-02,UK-TSO-0001,ITP-00090,Moffat,exit,Transmission,UK,5.5227
2025-02,UK-TSO-0001,ITP-00207,Bacton (BBL),exit,Transmission,NL,0.0
2025-02,UK-TSO-0001,UGS-00280,Hatfield Moor Storage,entry,Storage,UK,0.1404
2025-02,UK-TSO-0001,PRD-00156,Bacton (UKCS),entry,Production,UK,5.3206
2025-02,UK-TSO-0001,DIS-00063,Aberdeen,exit,Distribution,UK,0.2354
2025-02,UK-TSO-0001,DIS-00066,Armadale,exit,Distribution,UK,0.1839
2025-02,UK-TSO-0001,DIS-00067,Aspley,exit,Distribution,UK,1.0753
2025-02,UK-TSO-0001,DIS-00070,Audley (WM),exit,Distribution,UK,0.1651
2025-02,UK-TSO-0001,DIS-00071,Austrey,exit,Distribution,UK,0.7048
2025-02,UK-TSO-0001,UGS-00275,Humbly Grove,exit,Storage,UK,0.0
2025-02,UK-TSO-0001,DIS-00073,Bacton,exit,Distribution,UK,0.0438
2025-02,UK-TSO-0001,UGS-00279,Aldbrough,exit,Storage,UK,1.0454
2025-02,UK-TSO-0001,DIS-00076,Bathgate,exit,Distribution,UK,0.2987
2025-02,UK-TSO-0001,DIS-00079,Blackrod,exit,Distribution,UK,1.9258
2025-02,UK-TSO-0001,DIS-00080,Blyborough,exit,Distribution,UK,0.6261
2025-02,UK-TSO-0001,DIS-00083,Brisley,exit,Distribution,UK,0.0402
2025-02,UK-TSO-0001,DIS-00084,Broxburn,exit,Distribution,UK,0.7128
2025-02,UK-TSO-0001,DIS-00086,Caldecott,exit,Distribution,UK,0.0
2025-02,UK-TSO-0001,DIS-00087,Careston,exit,Distribution,UK,0.0587
2025-02,UK-TSO-0001,DIS-00089,Coffinswell,exit,Distribution,UK,0.0534
2025-02,UK-TSO-0001,DIS-00090,Coldstream,exit,Distribution,UK,0.0274
2025-02,UK-TSO-0001,DIS-00093,Dowlais,exit,Distribution,UK,1.1893
2025-02,UK-TSO-0001,DIS-00094,Drointon,exit,Distribution,UK,1.0885
2025-02,UK-TSO-0001,DIS-00097,Easton Grey,exit,Distribution,UK,0.3139
2025-02,UK-TSO-0001,DIS-00098,Ecclestone,exit,Distribution,UK,0.2303
2025-02,UK-TSO-0001,DIS-00101,Farningham,exit,Distribution,UK,1.2523
2025-02,UK-TSO-0001,DIS-00104,Ganstead,exit,Distribution,UK,0.301
2025-02,UK-TSO-0001,DIS-00105,Gilwern,exit,Distribution,UK,0.6133
2025-02,UK-TSO-0001,DIS-00108,Great Wilbraham,exit,Distribution,UK,0.3991
2025-02,UK-TSO-0001,DIS-00109,Guyzance,exit,Distribution,UK,0.0355
2025-02,UK-TSO-0001,UGS-00182,Hill Top Farm,exit,Storage,UK,0.5666
2025-02,UK-TSO-0001,UGS-00281,Hole House Farm,exit,,,0.0
2025-02,UK-TSO-0001,DIS-00112,Horndon,exit,Distribution,UK,0.66
2025-02,UK-TSO-0001,UGS-00409,Hornsea Max Refill,exit,Storage,UK,0.1137
2025-02,UK-TSO-0001,DIS-00115,Ilchester,exit,Distribution,UK,0.3835
2025-02,UK-TSO-0001,FNC-00011,Industrial Offtakes (UK),exit,Final Consumers,UK,1.2008
2025-02,UK-TSO-0001,DIS-00118,Keld,exit,Distribution,UK,0.0052
2025-02,UK-TSO-0001,DIS-00119,Kenn,exit,Distribution,UK,0.2732
2025-02,UK-TSO-0001,DIS-00122,Langholm,exit,Distribution,UK,0.002
2025-02,UK-TSO-0001,DIS-00123,Leamington,exit,Distribution,UK,0.0594
2025-02,UK-TSO-0001,DIS-00126,Lockerbie,exit,Distribution,UK,0.0973
2025-02,UK-TSO-0001,DIS-00127,Lower Quinton,exit,Distribution,UK,0.5383
2025-02,UK-TSO-0001,DIS-00128,Lupton,exit,Distribution,UK,0.3219
2025-02,UK-TSO-0001,DIS-00129,Luxborough Lane,exit,Distribution,UK,1.5837
2025-02,UK-TSO-0001,DIS-00131,Maelor,exit,Distribution,UK,0.6948
2025-02,UK-TSO-0001,DIS-00134,Market Harborough,exit,Distribution,UK,0.0806
2025-02,UK-TSO-0001,DIS-00135,Matching Green,exit,Distribution,UK,1.0193
2025-02,UK-TSO-0001,DIS-00137,Mickle Trafford,exit,Distribution,UK,0.358
2025-02,UK-TSO-0001,DIS-00140,Pannal,exit,Distribution,UK,1.8883
2025-02,UK-TSO-0001,DIS-00141,Partington,exit,Distribution,UK,0.8674
2025-02,UK-TSO-0001,DIS-00144,Peters Green,exit,Distribution,UK,1.8388
2025-02,UK-TSO-0001,DIS-00145,Peters Green South Mimms,exit,Distribution,UK,2.0182
2025-02,UK-TSO-0001,FNC-00012,Power Stations (UK),exit,Final Consumers,UK,14.6189
2025-02,UK-TSO-0001,DIS-00148,Pucklechurch,exit,Distribution,UK,0.3822
2025-02,UK-TSO-0001,DIS-00151,Ross (WM),exit,Distribution,UK,0.2064
2025-02,UK-TSO-0001,DIS-00152,Roudham Heath,exit,Distribution,UK,0.4967
2025-02,UK-TSO-0001,DIS-00154,Rugby,exit,Distribution,UK,0.8919
2025-02,UK-TSO-0001,DIS-00155,Saltwick Pressure Controlled,exit,Distribution,UK,0.6996
2025-02,UK-TSO-0001,DIS-00158,Seabank (DN),exit,Distribution,UK,0.696
2025-02,UK-TSO-0001,DIS-00159,Shorne,exit,Distribution,UK,0.0007
2025-02,UK-TSO-0001,DIS-00162,Soutra,exit,Distribution,UK,0.1142
2025-02,UK-TSO-0001,DIS-00165,Stratford-upon-Avon,exit,Distribution,UK,0.0684
2025-02,UK-TSO-0001,DIS-00167,Tatsfield,exit,Distribution,UK,3.1782
2025-02,UK-TSO-0001,DIS-00168,Thornton Curtis,exit,Distribution,UK,1.5411
2025-02,UK-TSO-0001,DIS-00171,Towton,exit,Distribution,UK,0.7599
2025-02,UK-TSO-0001,DIS-00172,Tur Langton,exit,Distribution,UK,1.235
2025-02,UK-TSO-0001,DIS-00176,Weston Point,exit,Distribution,UK,0.0166
2025-02,UK-TSO-0001,DIS-00175,West Winch,exit,Distribution,UK,0.1295
2025-02,UK-TSO-0001,DIS-00179,Winkfield (NT),exit,Distribution,UK,0.0
2025-02,UK-TSO-0001,DIS-00180,Winkfield (SE),exit,Distribution,UK,0.5862
2025-02,UK-TSO-0001,PRD-00151,Barrow,entry,Production,UK,0.567
2025-02,UK-TSO-0001,ITP-00091,Easington,entry,Transmission,NO,24.3612
2025-02,UK-TSO-0001,ITP-00022,St. Fergus,entry,Transmission,NO,15.5674
2025-02,UK-TSO-0001,LNG-00007,Teesside,entry,Production,UK,7.6305
2025-02,UK-TSO-0001,ITP-00005,Bacton (IUK),exit,Transmission,UK,0.1756
2025-02,UK-TSO-0001,UGS-00279,Aldbrough,entry,Storage,UK,1.2342
2025-02,UK-TSO-0001,UGS-00281,Hole House Farm,entry,,,0.0012
2025-02,UK-TSO-0001,UGS-00275,Humbly Grove,entry,Storage,UK,0.6278
2025-02,UK-TSO-0001,ITP-00492,Bacton IPs,entry,Transmission,UK,1.6508
2025-02,UK-TSO-0001,DIS-00064,Alrewas (EM),exit,Distribution,UK,1.5562
2025-02,UK-TSO-0001,DIS-00065,Alrewas (WM),exit,Distribution,UK,1.0972
2025-02,UK-TSO-0001,DIS-00068,Asselby,exit,Distribution,UK,0.0482
2025-02,UK-TSO-0001,DIS-00069,Audley (NW),exit,Distribution,UK,0.1435
2025-02,UK-TSO-0001,DIS-00072,Aylesbeare,exit,Distribution,UK,0.2735
2025-02,UK-TSO-0001,DIS-00074,Baldersby,exit,Distribution,UK,0.0196
2025-02,UK-TSO-0001,DIS-00075,Balgray,exit,Distribution,UK,0.1996
2025-02,UK-TSO-0001,DIS-00077,Bishop Auckland,exit,Distribution,UK,0.7902
2025-02,UK-TSO-0001,DIS-00078,Blaby,exit,Distribution,UK,0.1965
2025-02,UK-TSO-0001,DIS-00081,Braishfield A,exit,Distribution,UK,1.7543
2025-02,UK-TSO-0001,DIS-00082,Braishfield B,exit,Distribution,UK,0.0014
2025-02,UK-TSO-0001,DIS-00085,Burley Bank,exit,Distribution,UK,0.3057
2025-02,UK-TSO-0001,DIS-00183,Burnhervie,exit,Distribution,UK,0.3449
2025-02,UK-TSO-0001,UGS-00216,Stublach,exit,Storage,UK,1.6962
2025-02,UK-TSO-0001,DIS-00088,Cirencester,exit,Distribution,UK,0.0983
2025-02,UK-TSO-0001,DIS-00091,Corbridge,exit,Distribution,UK,0.0009
2025-02,UK-TSO-0001,DIS-00092,Cowpen Bewley,exit,Distribution,UK,0.4764
2025-02,UK-TSO-0001,DIS-00095,Drum,exit,Distribution,UK,0.8768
2025-02,UK-TSO-0001,DIS-00096,Dyffryn Clydach,exit,Distribution,UK,0.5443
2025-02,UK-TSO-0001,DIS-00099,Elton,exit,Distribution,UK,0.4777
2025-02,UK-TSO-0001,DIS-00100,Evesham,exit,Distribution,UK,0.0953
2025-02,UK-TSO-0001,DIS-00102,Farningham B,exit,Distribution,UK,0.8593
2025-02,UK-TSO-0001,DIS-00103,Fiddington,exit,Distribution,UK,0.343
2025-02,UK-TSO-0001,DIS-00106,Glenmavis,exit,Distribution,UK,1.7409
2025-02,UK-TSO-0001,DIS-00107,Gosberton,exit,Distribution,UK,0.2092
2025-02,UK-TSO-0001,DIS-00110,Hardwick,exit,Distribution,UK,1.6997
2025-02,UK-TSO-0001,UGS-00408,Hatfield Moor Max Refill,exit,Storage,UK,0.0365
2025-02,UK-TSO-0001,UGS-00181,Holford,exit,Storage,UK,0.9318
2025-02,UK-TSO-0001,DIS-00111,Holmes Chapel,exit,Distribution,UK,0.2854
2025-02,UK-TSO-0001,DIS-00113,Humbleton,exit,Distribution,UK,0.0021
2025-02,UK-TSO-0001,DIS-00114,Hume,exit,Distribution,UK,0.0214
2025-02,UK-TSO-0001,DIS-00117,Ipsden 2,exit,Distribution,UK,0.1415
2025-02,UK-TSO-0001,DIS-00116,Ipsden,exit,Distribution,UK,0.0821
2025-02,UK-TSO-0001,DIS-00120,Kinknockie,exit,Distribution,UK,0.0379
2025-02,UK-TSO-0001,DIS-00121,Kirkstead,exit,Distribution,UK,0.0163
2025-02,UK-TSO-0001,DIS-00124,Little Burdon,exit,Distribution,UK,0.1867
2025-02,UK-TSO-0001,DIS-00125,Littleton Drew,exit,Distribution,UK,0.0166
2025-02,UK-TSO-0001,DIS-00130,Lyneham (Choakford),exit,Distribution,UK,0.4592
2025-02,UK-TSO-0001,DIS-00132,Malpas,exit,Distribution,UK,0.0109
2025-02,UK-TSO-0001,DIS-00133,Mappowder,exit,Distribution,UK,0.5777
2025-02,UK-TSO-0001,DIS-00136,Melkinthorpe,exit,Distribution,UK,0.0522
2025-02,UK-TSO-0001,DIS-00138,Milwich,exit,Distribution,UK,0.3157
2025-02,UK-TSO-0001,DIS-00139,Netherhowcleugh,exit,Distribution,UK,0.0032
2025-02,UK-TSO-0001,DIS-00142,Paull,exit,Distribution,UK,0.3415
2025-02,UK-TSO-0001,DIS-00143,Peterborough Eye (Tee),exit,Distribution,UK,0.3476
2025-02,UK-TSO-0001,DIS-00146,Pickering,exit,Distribution,UK,0.0742
2025-02,UK-TSO-0001,DIS-00147,Pitcairngreen,exit,Distribution,UK,0.0267
2025-02,UK-TSO-0001,DIS-00149,Rawcliffe,exit,Distribution,UK,0.0559
2025-02,UK-TSO-0001,DIS-00150,Ross (SW),exit,Distribution,UK,0.0566
2025-02,UK-TSO-0001,UGS-00235,Rough,exit,Storage,UK,0.0
2025-02,UK-TSO-0001,DIS-00153,Royston,exit,Distribution,UK,0.0401
2025-02,UK-TSO-0001,DIS-00156,Saltwick Volumetric Controlled,exit,Distribution,UK,0.0
2025-02,UK-TSO-0001,DIS-00157,Samlesbury,exit,Distribution,UK,1.5373
2025-02,UK-TSO-0001,DIS-00161,Silk Willoughby,exit,Distribution,UK,0.0353
2025-02,UK-TSO-0001,DIS-00163,St Fergus,exit,Distribution,UK,0.0173
2025-02,UK-TSO-0001,DIS-00166,Sutton Bridge,exit,Distribution,UK,0.0162
2025-02,UK-TSO-0001,DIS-00169,Thrintoft,exit,Distribution,UK,0.0757
2025-02,UK-TSO-0001,DIS-00170,Towlaw,exit,Distribution,UK,0.0069
2025-02,UK-TSO-0001,DIS-00173,Walesby,exit,Distribution,UK,0.0119
2025-02,UK-TSO-0001,DIS-00174,Warburton,exit,Distribution,UK,1.6716
2025-02,UK-TSO-0001,DIS-00177,Wetheral,exit,Distribution,UK,0.2938
2025-02,UK-TSO-0001,DIS-00178,Whitwell,exit,Distribution,UK,1.8044
2025-02,UK-TSO-0001,DIS-00181,Winkfield (SO),exit,Distribution,UK,0.3943
2025-02,UK-TSO-0001,DIS-00182,Yelverton,exit,Distribution,UK,0.8616
2025-02,FR-TSO-0002,PRD-00330,TEREGA Biomethane Production Pool,entry,Production,FR,0.0176
2025-02,ES-TSO-0006,FNC-00043,Aggregated Distribution + Final Customers Exits (ES),exit,Final Consumers,ES,19.4782
2025-02,UK-TSO-0004,ITP-00207,Bacton (BBL),entry,Transmission,UK,0.0
2025-02,UK-TSO-0001,UGS-00277,Cheshire Storage,entry,Storage,UK,1.4093
2025-02,IT-TSO-0001,LNG-00082,FSRU ITALIA_RAVENNA TERMINAL,entry,LNG Terminals,IT,0.0
2025-02,FR-TSO-0003,UGS-00288,Sud-Est / SALINE,entry,Storage,FR,2.1511
2025-02,UK-TSO-0001,DIS-00160,Shustoke,exit,Distribution,UK,0.0
2025-02,FR-TSO-0003,UGS-00284,Nord-Ouest / SEDIANE,exit,Storage,FR,0.331
2025-03,UK-TSO-0002,DIS-00015,Greater Belfast,exit,Distribution,UK,0.4581
2025-03,UK-TSO-0002,ITP-00077,Twynholm,entry,Transmission,UK,1.65
2025-03,UK-TSO-0002,ITP-00298,Carrickfergus,exit,Transmission,UK,0.8519
2025-03,UK-TSO-0002,DIS-00017,PTL Stranraer,exit,Distribution,UK,0.0152
2025-03,PT-TSO-0001,UGS-00010,Carriço,entry,Storage,PT,0.7147
2025-03,PT-TSO-0001,UGS-00010,Carriço,exit,Storage,PT,0.278
2025-03,PT-TSO-0001,LNG-00026,Sines,entry,LNG Terminals,PT,2.4552
2025-03,PT-TSO-0001,ITP-00286,VIP IBERICO,entry,Transmission,ES,0.8955
2025-03,PT-TSO-0001,FNC-00001,Final Consumers (PT),exit,Final Consumers,PT,1.562
2025-03,PT-TSO-0001,DIS-00001,Distribution (PT),exit,Distribution,PT,1.9125
2025-03,PT-TSO-0001,ITP-00286,VIP IBERICO,exit,Transmission,ES,0.2886
2025-03,FR-TSO-0002,FNC-00015,TEREGA Delivery Pool - Industrials (FR),exit,Final Consumers,FR,0.362
2025-03,FR-TSO-0002,DIS-00188,TEREGA Delivery Pool - Distribution (FR),exit,Distribution,FR,2.041
2025-03,FR-TSO-0002,ITP-00304,VIP PIRINEOS,entry,Transmission,ES,0.837
2025-03,FR-TSO-0002,ITP-00304,VIP PIRINEOS,exit,Transmission,ES,0.2476
2025-03,FR-TSO-0002,UGS-00017,Lussagnet,entry,Storage,FR,3.1849
2025-03,FR-TSO-0002,UGS-00017,Lussagnet,exit,Storage,FR,5.0049
2025-03,FR-TSO-0002,PRD-00330,TEREGA Biomethane Production Pool,entry,Production,FR,0.0225
2025-03,UK-TSO-0004,ITP-00207,Bacton (BBL),entry,Transmission,UK,0.0
2025-03,UK-TSO-0004,ITP-00207,Bacton (BBL),exit,Transmission,UK,0.0226
2025-03,UK-TSO-0003,ITP-00061,Zeebrugge IZT,exit,Transmission,BE,0.9897
2025-03,UK-TSO-0003,ITP-00061,Zeebrugge IZT,entry,Transmission,BE,0.0883
2025-03,UK-TSO-0003,ITP-00005,Bacton (IUK),entry,Transmission,UK,0.982
2025-03,UK-TSO-0003,ITP-00005,Bacton (IUK),exit,Transmission,UK,0.0908
2025-03,IT-TSO-0001,FNC-00006,Thermal Plants (IT),exit,Final Consumers,IT,19.6671
2025-03,IT-TSO-0001,FNC-00005,Industrial Consumers (IT),exit,Final Consumers,IT,11.3703
2025-03,IT-TSO-0001,DIS-00005,Distribution (IT),exit,Distribution,IT,32.4674
2025-03,IT-TSO-0001,LNG-00019,FSRU ITALIA_PANIGAGLIA TERMINAL,entry,LNG Terminals,IT,0.8136
2025-03,IT-TSO-0001,ITP-00049,Gorizia (IT) /Šempeter (SI),entry,Transmission,SI,0.0
2025-03,IT-TSO-0001,LNG-00015,Cavarzere (Porto Levante / Adriatic LNG),entry,LNG Terminals,IT,8.4325
2025-03,IT-TSO-0001,ITP-00074,Gela,entry,Transmission,LY,1.5923
2025-03,IT-TSO-0001,ITP-00136,Griespass (CH) / Passo Gries (IT),exit,Transmission,CH,0.0
2025-03,IT-TSO-0001,UGS-00008,UGS - IT - Snam Rete Gas/STOGIT,entry,Storage,IT,13.4097
2025-03,IT-TSO-0001,UGS-00008,UGS - IT - Snam Rete Gas/STOGIT,exit,Storage,IT,0.1265
2025-03,IT-TSO-0001,ITP-00278,Bizzarone,exit,Transmission,CH,0.1343
2025-03,IT-TSO-0001,ITP-00008,Melendugno - IT / TAP,exit,Transmission,AL,0.0
2025-03,IT-TSO-0001,UGS-00475,Italgasstorage (IT),exit,Storage,IT,0.4583
2025-03,IT-TSO-0001,ITP-00283,Rep. San Marino,exit,Transmission,SM,0.0559
2025-03,IT-TSO-0001,UGS-00475,Italgasstorage (IT),entry,Storage,IT,0.1199
2025-03,IT-TSO-0001,ITP-00288,SRG Delivery to other transmission networks,exit,Transmission,IT,1.5176
2025-03,IT-TSO-0001,PRD-00154,IT - Indigenous Production,entry,Production,IT,3.1716
2025-03,IT-TSO-0001,ITP-00040,Tarvisio (IT) / Arnoldstein (AT),entry,Transmission,AT,0.0
2025-03,IT-TSO-0001,ITP-00040,Tarvisio (IT) / Arnoldstein (AT),exit,Transmission,AT,3.226
2025-03,IT-TSO-0001,ITP-00049,Gorizia (IT) /Šempeter (SI),exit,Transmission,SI,0.0184
2025-03,IT-TSO-0001,ITP-00093,Mazara del Vallo,entry,Transmission,DZ,18.9458
2025-03,IT-TSO-0001,ITP-00136,Griespass (CH) / Passo Gries (IT),entry,Transmission,CH,3.8446
2025-03,IT-TSO-0001,UGS-00023,UGS - IT - Snam Rete Gas/Stogit Adriatica,entry,Storage,IT,1.7235
2025-03,IT-TSO-0001,UGS-00023,UGS - IT - Snam Rete Gas/Stogit Adriatica,exit,Storage,IT,0.0
2025-03,IT-TSO-0001,LNG-00004,OLT LNG / Livorno,entry,LNG Terminals,IT,4.1809
2025-03,IT-TSO-0001,ITP-00008,Melendugno - IT / TAP,entry,Transmission,AL,9.0828
2025-03,IT-TSO-0001,LNG-00069,FSRU ITALIA_PIOMBINO TERMINAL,entry,LNG Terminals,IT,3.8337
2025-03,ES-TSO-0006,VTP-00043,TVB,entry,LNG Terminals,ES,19.184
2025-03,ES-TSO-0006,FNC-00043,Aggregated Distribution + Final Customers Exits (ES),exit,Final Consumers,ES,18.993
2025-03,ES-TSO-0006,PRD-00231,Aggregated Production Sites (ES),entry,Production,ES,0.0531
2025-03,ES-TSO-0006,ITP-00082,Tarifa,exit,Transmission,MA,0.9478
2025-03,ES-TSO-0006,LNG-00012,Barcelona,entry,LNG Terminals,ES,2.289
2025-03,ES-TSO-0006,LNG-00022,Cartagena,entry,LNG Terminals,ES,3.1116
2025-03,ES-TSO-0006,LNG-00018,Huelva,entry,LNG Terminals,ES,1.4404
2025-03,ES-TSO-0006,LNG-00021,Mugardos,entry,LNG Terminals,ES,2.4513
2025-03,ES-TSO-0006,LNG-00023,Sagunto,entry,LNG Terminals,ES,2.9815
2025-03,ES-TSO-0006,LNG-00013,Bilbao,entry,LNG Terminals,ES,5.6768
2025-03,ES-TSO-0006,LNG-00016,Musel,entry,LNG Terminals,ES,0.9333
2025-03,ES-TSO-0006,ITP-00048,Almería,entry,Transmission,DZ,9.5794
2025-03,ES-TSO-0006,ITP-00286,VIP IBERICO,entry,Transmission,PT,0.2874
2025-03,ES-TSO-0006,ITP-00286,VIP IBERICO,exit,Transmission,PT,0.9223
2025-03,ES-TSO-0006,ITP-00304,VIP PIRINEOS,entry,Transmission,FR,0.255
2025-03,ES-TSO-0006,ITP-00304,VIP PIRINEOS,exit,Transmission,FR,0.8493
2025-03,ES-TSO-0006,UGS-00024,BASIC UGS - AASS Unificado,entry,Storage,ES,1.4076
2025-03,ES-TSO-0006,UGS-00024,BASIC UGS - AASS Unificado,exit,Storage,ES,0.6606
2025-03,FR-TSO-0003,LNG-00029,Fos (Tonkin/Cavaou),entry,LNG Terminals,FR,12.8339
2025-03,FR-TSO-0003,ITP-00115,Blaregnies L (BE) / Taisnières B (FR),entry,Transmission,BE,1.2263
2025-03,FR-TSO-0003,LNG-00024,Montoir de Bretagne,entry,LNG Terminals,FR,12.9883
2025-03,FR-TSO-0003,ITP-00039,Oltingue (FR) / Rodersdorf (CH),exit,Transmission,CH,6.4279
2025-03,FR-TSO-0003,ITP-00137,Obergailbach (FR) / Medelsheim (DE),entry,Transmission,DE,0.0
2025-03,FR-TSO-0003,ITP-00045,Dunkerque,entry,Transmission,NO,13.9289
2025-03,FR-TSO-0003,LNG-00003,Dunkerque LNG / PEG North,entry,,,14.7048
2025-03,FR-TSO-0003,UGS-00285,Nord-B / SEDIANE B,entry,Storage,FR,0.3621
2025-03,FR-TSO-0003,UGS-00284,Nord-Ouest / SEDIANE,entry,Storage,FR,0.3333
2025-03,FR-TSO-0003,UGS-00286,Nord-Est / SERENE Nord,entry,Storage,FR,0.5816
2025-03,FR-TSO-0003,UGS-00288,Sud-Est / SALINE,exit,Storage,FR,1.126
2025-03,FR-TSO-0003,ITP-00526,VIRTUALYS,exit,Transmission,BE,7.8089
2025-03,FR-TSO-0003,DIS-00197,GRTgaz aggregated distribution consumers,exit,Distribution,FR,24.7334
2025-03,FR-TSO-0003,FNC-00201,GRTgaz aggregated industrial consumers,exit,Final Consumers,FR,11.7887
2025-03,FR-TSO-0003,ITP-00541,Atlantique,entry,Storage,FR,1.5228
2025-03,FR-TSO-0003,LNG-00071,Le Havre (FR),entry,LNG Terminals,FR,0.0
2025-03,UK-TSO-0001,LNG-00049,Milford Haven,entry,LNG Terminals,UK,17.3191
2025-03,UK-TSO-0001,PRD-00152,Burton Point,entry,Production,UK,0.0
2025-03,UK-TSO-0001,PRD-00151,Barrow,entry,Production,UK,0.4324
2025-03,UK-TSO-0001,UGS-00282,Hornsea,entry,Storage,UK,0.1263
2025-03,UK-TSO-0001,LNG-00007,Teesside,entry,Production,UK,8.9808
2025-03,UK-TSO-0001,ITP-00207,Bacton (BBL),exit,Transmission,NL,0.0
2025-03,UK-TSO-0001,UGS-00277,Cheshire Storage,entry,Storage,UK,1.0884
2025-03,UK-TSO-0001,UGS-00280,Hatfield Moor Storage,entry,Storage,UK,0.0449
2025-03,UK-TSO-0001,UGS-00275,Barton Stacey,entry,Storage,UK,0.096
2025-03,UK-TSO-0001,ITP-00492,Bacton IPs,entry,Transmission,UK,0.1134
2025-03,UK-TSO-0001,DIS-00064,Alrewas (EM),exit,Distribution,UK,0.9138
2025-03,UK-TSO-0001,DIS-00065,Alrewas (WM),exit,Distribution,UK,1.0663
2025-03,UK-TSO-0001,DIS-00068,Asselby,exit,Distribution,UK,0.0398
2025-03,UK-TSO-0001,DIS-00069,Audley (NW),exit,Distribution,UK,0.1161
2025-03,UK-TSO-0001,UGS-00275,Barton Stacey,exit,Storage,UK,0.0
2025-03,UK-TSO-0001,DIS-00073,Bacton,exit,Distribution,UK,0.0326
2025-03,UK-TSO-0001,DIS-00075,Balgray,exit,Distribution,UK,0.1681
2025-03,UK-TSO-0001,DIS-00077,Bishop Auckland,exit,Distribution,UK,0.7018
2025-03,UK-TSO-0001,DIS-00078,Blaby,exit,Distribution,UK,0.1955
2025-03,UK-TSO-0001,DIS-00081,Braishfield A,exit,Distribution,UK,1.5215
2025-03,UK-TSO-0001,DIS-00082,Braishfield B,exit,Distribution,UK,0.0013
2025-03,UK-TSO-0001,DIS-00085,Burley Bank,exit,Distribution,UK,0.324
2025-03,UK-TSO-0001,DIS-00183,Burnhervie,exit,Distribution,UK,0.3948
2025-03,UK-TSO-0001,UGS-00216,Stublach,exit,Storage,UK,3.2554
2025-03,UK-TSO-0001,DIS-00088,Cirencester,exit,Distribution,UK,0.0687
2025-03,UK-TSO-0001,DIS-00091,Corbridge,exit,Distribution,UK,0.001
2025-03,UK-TSO-0001,DIS-00092,Cowpen Bewley,exit,Distribution,UK,0.3593
2025-03,UK-TSO-0001,DIS-00095,Drum,exit,Distribution,UK,0.7247
2025-03,UK-TSO-0001,DIS-00096,Dyffryn Clydach,exit,Distribution,UK,0.452
2025-03,UK-TSO-0001,DIS-00099,Elton,exit,Distribution,UK,0.4674
2025-03,UK-TSO-0001,DIS-00100,Evesham,exit,Distribution,UK,0.0759
2025-03,UK-TSO-0001,DIS-00103,Fiddington,exit,Distribution,UK,0.3377
2025-03,UK-TSO-0001,DIS-00104,Ganstead,exit,Distribution,UK,0.2416
2025-03,UK-TSO-0001,DIS-00107,Gosberton,exit,Distribution,UK,0.1719
2025-03,UK-TSO-0001,DIS-00108,Great Wilbraham,exit,Distribution,UK,0.3211
2025-03,UK-TSO-0001,UGS-00408,Hatfield Moor Max Refill,exit,Storage,UK,0.0978
2025-03,UK-TSO-0001,UGS-00182,Hill Top Farm,exit,Storage,UK,0.8522
2025-03,UK-TSO-0001,UGS-00181,Holford,exit,Storage,UK,0.934
2025-03,UK-TSO-0001,UGS-00409,Hornsea Max Refill,exit,Storage,UK,0.2129
2025-03,UK-TSO-0001,DIS-00114,Hume,exit,Distribution,UK,0.0208
2025-03,UK-TSO-0001,DIS-00115,Ilchester,exit,Distribution,UK,0.3183
2025-03,UK-TSO-0001,DIS-00116,Ipsden,exit,Distribution,UK,0.0761
2025-03,UK-TSO-0001,DIS-00118,Keld,exit,Distribution,UK,0.0038
2025-03,UK-TSO-0001,DIS-00121,Kirkstead,exit,Distribution,UK,0.0134
2025-03,UK-TSO-0001,DIS-00122,Langholm,exit,Distribution,UK,0.0016
2025-03,UK-TSO-0001,DIS-00125,Littleton Drew,exit,Distribution,UK,0.0084
2025-03,UK-TSO-0001,DIS-00126,Lockerbie,exit,Distribution,UK,0.0836
2025-03,UK-TSO-0001,DIS-00129,Luxborough Lane,exit,Distribution,UK,1.2698
2025-03,UK-TSO-0001,DIS-00130,Lyneham (Choakford),exit,Distribution,UK,0.3834
2025-03,UK-TSO-0001,DIS-00133,Mappowder,exit,Distribution,UK,0.5244
2025-03,UK-TSO-0001,DIS-00134,Market Harborough,exit,Distribution,UK,0.0022
2025-03,UK-TSO-0001,DIS-00137,Mickle Trafford,exit,Distribution,UK,0.4739
2025-03,UK-TSO-0001,DIS-00138,Milwich,exit,Distribution,UK,0.3354
2025-03,UK-TSO-0001,DIS-00141,Partington,exit,Distribution,UK,0.3671
2025-03,UK-TSO-0001,DIS-00142,Paull,exit,Distribution,UK,0.3247
2025-03,UK-TSO-0001,DIS-00145,Peters Green South Mimms,exit,Distribution,UK,1.7549
2025-03,UK-TSO-0001,DIS-00147,Pitcairngreen,exit,Distribution,UK,0.015
2025-03,UK-TSO-0001,FNC-00012,Power Stations (UK),exit,Final Consumers,UK,14.2897
2025-03,UK-TSO-0001,DIS-00150,Ross (SW),exit,Distribution,UK,0.0487
2025-03,UK-TSO-0001,DIS-00151,Ross (WM),exit,Distribution,UK,0.1872
2025-03,UK-TSO-0001,DIS-00153,Royston,exit,Distribution,UK,0.034
2025-03,UK-TSO-0001,DIS-00154,Rugby,exit,Distribution,UK,1.0432
2025-03,UK-TSO-0001,DIS-00157,Samlesbury,exit,Distribution,UK,1.3182
2025-03,UK-TSO-0001,DIS-00158,Seabank (DN),exit,Distribution,UK,0.5746
2025-03,UK-TSO-0001,DIS-00161,Silk Willoughby,exit,Distribution,UK,0.027
2025-03,UK-TSO-0001,DIS-00162,Soutra,exit,Distribution,UK,0.0914
2025-03,UK-TSO-0001,DIS-00166,Sutton Bridge,exit,Distribution,UK,0.0129
2025-03,UK-TSO-0001,DIS-00167,Tatsfield,exit,Distribution,UK,2.0907
2025-03,UK-TSO-0001,DIS-00170,Towlaw,exit,Distribution,UK,0.0058
2025-03,UK-TSO-0001,DIS-00171,Towton,exit,Distribution,UK,0.6189
2025-03,UK-TSO-0001,DIS-00174,Warburton,exit,Distribution,UK,1.8679
2025-03,UK-TSO-0001,DIS-00176,Weston Point,exit,Distribution,UK,0.0058
2025-03,UK-TSO-0001,DIS-00178,Whitwell,exit,Distribution,UK,1.4178
2025-03,UK-TSO-0001,DIS-00179,Winkfield (NT),exit,Distribution,UK,0.0017
2025-03,UK-TSO-0001,DIS-00182,Yelverton,exit,Distribution,UK,0.6642
2025-03,UK-TSO-0001,ITP-00091,Easington,entry,Transmission,NO,24.942
2025-03,UK-TSO-0001,LNG-00008,Isle of Grain,entry,LNG Terminals,UK,1.0062
2025-03,UK-TSO-0001,ITP-00022,St. Fergus,entry,Transmission,NO,14.616
2025-03,UK-TSO-0001,ITP-00090,Moffat,exit,Transmission,UK,5.8381
2025-03,UK-TSO-0001,ITP-00005,Bacton (IUK),exit,Transmission,UK,0.982
2025-03,UK-TSO-0001,UGS-00279,Garton,entry,Storage,UK,0.4707
2025-03,UK-TSO-0001,UGS-00281,Hole House Farm,entry,,,0.0059
2025-03,UK-TSO-0001,PRD-00156,Bacton (UKCS),entry,Production,UK,6.1892
2025-03,UK-TSO-0001,DIS-00063,Aberdeen,exit,Distribution,UK,0.1082
2025-03,UK-TSO-0001,DIS-00066,Armadale,exit,Distribution,UK,0.172
2025-03,UK-TSO-0001,DIS-00067,Aspley,exit,Distribution,UK,1.1158
2025-03,UK-TSO-0001,DIS-00070,Audley (WM),exit,Distribution,UK,0.0004
2025-03,UK-TSO-0001,DIS-00071,Austrey,exit,Distribution,UK,0.0002
2025-03,UK-TSO-0001,DIS-00072,Aylesbeare,exit,Distribution,UK,0.2336
2025-03,UK-TSO-0001,DIS-00074,Baldersby,exit,Distribution,UK,0.018
2025-03,UK-TSO-0001,UGS-00279,Garton,exit,Storage,UK,1.367
2025-03,UK-TSO-0001,DIS-00076,Bathgate,exit,Distribution,UK,0.2509
2025-03,UK-TSO-0001,DIS-00079,Blackrod,exit,Distribution,UK,1.2932
2025-03,UK-TSO-0001,DIS-00080,Blyborough,exit,Distribution,UK,0.1019
2025-03,UK-TSO-0001,DIS-00083,Brisley,exit,Distribution,UK,0.0366
2025-03,UK-TSO-0001,DIS-00084,Broxburn,exit,Distribution,UK,0.5916
2025-03,UK-TSO-0001,DIS-00086,Caldecott,exit,Distribution,UK,0.0
2025-03,UK-TSO-0001,DIS-00087,Careston,exit,Distribution,UK,0.0497
2025-03,UK-TSO-0001,DIS-00089,Coffinswell,exit,Distribution,UK,0.0494
2025-03,UK-TSO-0001,DIS-00090,Coldstream,exit,Distribution,UK,0.0267
2025-03,UK-TSO-0001,DIS-00093,Dowlais,exit,Distribution,UK,1.0131
2025-03,UK-TSO-0001,DIS-00094,Drointon,exit,Distribution,UK,1.2671
2025-03,UK-TSO-0001,DIS-00097,Easton Grey,exit,Distribution,UK,0.1756
2025-03,UK-TSO-0001,DIS-00098,Ecclestone,exit,Distribution,UK,0.0397
2025-03,UK-TSO-0001,DIS-00101,Farningham,exit,Distribution,UK,1.31
2025-03,UK-TSO-0001,DIS-00102,Farningham B,exit,Distribution,UK,0.267
2025-03,UK-TSO-0001,DIS-00105,Gilwern,exit,Distribution,UK,0.5092
2025-03,UK-TSO-0001,DIS-00106,Glenmavis,exit,Distribution,UK,1.5362
2025-03,UK-TSO-0001,DIS-00109,Guyzance,exit,Distribution,UK,0.0317
2025-03,UK-TSO-0001,DIS-00110,Hardwick,exit,Distribution,UK,1.4115
2025-03,UK-TSO-0001,UGS-00281,Hole House Farm,exit,,,0.0
2025-03,UK-TSO-0001,DIS-00111,Holmes Chapel,exit,Distribution,UK,0.2573
2025-03,UK-TSO-0001,DIS-00112,Horndon,exit,Distribution,UK,0.2458
2025-03,UK-TSO-0001,DIS-00113,Humbleton,exit,Distribution,UK,0.0017
2025-03,UK-TSO-0001,FNC-00011,Industrial Offtakes (UK),exit,Final Consumers,UK,0.9358
2025-03,UK-TSO-0001,DIS-00117,Ipsden 2,exit,Distribution,UK,0.1182
2025-03,UK-TSO-0001,DIS-00119,Kenn,exit,Distribution,UK,0.2562
2025-03,UK-TSO-0001,DIS-00120,Kinknockie,exit,Distribution,UK,0.0331
2025-03,UK-TSO-0001,DIS-00123,Leamington,exit,Distribution,UK,0.0358
2025-03,UK-TSO-0001,DIS-00124,Little Burdon,exit,Distribution,UK,0.1478
2025-03,UK-TSO-0001,DIS-00127,Lower Quinton,exit,Distribution,UK,0.2446
2025-03,UK-TSO-0001,DIS-00128,Lupton,exit,Distribution,UK,0.3135
2025-03,UK-TSO-0001,DIS-00131,Maelor,exit,Distribution,UK,0.5896
2025-03,UK-TSO-0001,DIS-00132,Malpas,exit,Distribution,UK,0.0084
2025-03,UK-TSO-0001,DIS-00135,Matching Green,exit,Distribution,UK,0.8365
2025-03,UK-TSO-0001,DIS-00136,Melkinthorpe,exit,Distribution,UK,0.0535
2025-03,UK-TSO-0001,DIS-00139,Netherhowcleugh,exit,Distribution,UK,0.0026
2025-03,UK-TSO-0001,DIS-00140,Pannal,exit,Distribution,UK,1.4936
2025-03,UK-TSO-0001,DIS-00143,Peterborough Eye (Tee),exit,Distribution,UK,0.2521
2025-03,UK-TSO-0001,DIS-00144,Peters Green,exit,Distribution,UK,1.6316
2025-03,UK-TSO-0001,DIS-00146,Pickering,exit,Distribution,UK,0.038
2025-03,UK-TSO-0001,DIS-00148,Pucklechurch,exit,Distribution,UK,0.3004
2025-03,UK-TSO-0001,DIS-00149,Rawcliffe,exit,Distribution,UK,0.0524
2025-03,UK-TSO-0001,DIS-00152,Roudham Heath,exit,Distribution,UK,0.3427
2025-03,UK-TSO-0001,UGS-00235,Rough,exit,Storage,UK,0.0
2025-03,UK-TSO-0001,DIS-00155,Saltwick Pressure Controlled,exit,Distribution,UK,0.5905
2025-03,UK-TSO-0001,DIS-00156,Saltwick Volumetric Controlled,exit,Distribution,UK,0.0
2025-03,UK-TSO-0001,DIS-00159,Shorne,exit,Distribution,UK,0.1044
2025-03,UK-TSO-0001,DIS-00163,St Fergus,exit,Distribution,UK,0.0151
2025-03,UK-TSO-0001,DIS-00165,Stratford-upon-Avon,exit,Distribution,UK,0.0592
2025-03,UK-TSO-0001,DIS-00168,Thornton Curtis,exit,Distribution,UK,1.636
2025-03,UK-TSO-0001,DIS-00169,Thrintoft,exit,Distribution,UK,0.0646
2025-03,UK-TSO-0001,DIS-00172,Tur Langton,exit,Distribution,UK,0.9471
2025-03,UK-TSO-0001,DIS-00173,Walesby,exit,Distribution,UK,0.0094
2025-03,UK-TSO-0001,DIS-00175,West Winch,exit,Distribution,UK,0.1124
2025-03,UK-TSO-0001,DIS-00177,Wetheral,exit,Distribution,UK,0.2837
2025-03,UK-TSO-0001,DIS-00180,Winkfield (SE),exit,Distribution,UK,0.7001
2025-03,UK-TSO-0001,DIS-00181,Winkfield (SO),exit,Distribution,UK,0.3519
2025-03,IT-TSO-0001,LNG-00082,FSRU ITALIA_RAVENNA TERMINAL,entry,LNG Terminals,IT,0.0
2025-03,FR-TSO-0003,UGS-00284,Nord-Ouest / SEDIANE,exit,Storage,FR,1.033
2025-03,FR-TSO-0003,UGS-00288,Sud-Est / SALINE,entry,Storage,FR,0.0242
2025-03,FR-TSO-0003,UGS-00286,Nord-Est / SERENE Nord,exit,Storage,FR,0.1817
2025-03,FR-TSO-0003,ITP-00541,Atlantique,exit,Storage,FR,1.7825
2025-03,FR-TSO-0003,UGS-00285,Nord-B / SEDIANE B,exit,Storage,FR,0.0002
2025-04,UK-TSO-0002,DIS-00015,Greater Belfast,exit,Distribution,UK,0.3037
2025-04,UK-TSO-0002,DIS-00017,PTL Stranraer,exit,Distribution,UK,0.0125
2025-04,UK-TSO-0002,ITP-00298,Carrickfergus,exit,Transmission,UK,0.7657
2025-04,UK-TSO-0002,ITP-00077,Twynholm,entry,Transmission,UK,1.3277
2025-04,PT-TSO-0001,UGS-00010,Carriço,entry,Storage,PT,0.0355
2025-04,PT-TSO-0001,UGS-00010,Carriço,exit,Storage,PT,0.423
2025-04,PT-TSO-0001,FNC-00001,Final Consumers (PT),exit,Final Consumers,PT,1.2042
2025-04,PT-TSO-0001,DIS-00001,Distribution (PT),exit,Distribution,PT,1.6206
2025-04,PT-TSO-0001,LNG-00026,Sines,entry,LNG Terminals,PT,4.3775
2025-04,PT-TSO-0001,ITP-00286,VIP IBERICO,entry,Transmission,ES,0.3275
2025-04,PT-TSO-0001,ITP-00286,VIP IBERICO,exit,Transmission,ES,1.5218
2025-04,UK-TSO-0004,ITP-00207,Bacton (BBL),entry,Transmission,UK,3.2296
2025-04,UK-TSO-0004,ITP-00207,Bacton (BBL),exit,Transmission,UK,0.0
2025-04,FR-TSO-0002,FNC-00015,TEREGA Delivery Pool - Industrials (FR),exit,Final Consumers,FR,0.325
2025-04,FR-TSO-0002,DIS-00188,TEREGA Delivery Pool - Distribution (FR),exit,Distribution,FR,1.0936
2025-04,FR-TSO-0002,ITP-00304,VIP PIRINEOS,entry,Transmission,ES,4.2921
2025-04,FR-TSO-0002,ITP-00304,VIP PIRINEOS,exit,Transmission,ES,0.0
2025-04,FR-TSO-0002,UGS-00017,Lussagnet,entry,Storage,FR,1.765
2025-04,FR-TSO-0002,UGS-00017,Lussagnet,exit,Storage,FR,9.0092
2025-04,FR-TSO-0002,PRD-00330,TEREGA Biomethane Production Pool,entry,Production,FR,0.0217
2025-04,UK-TSO-0003,ITP-00061,Zeebrugge IZT,entry,Transmission,BE,0.0
2025-04,UK-TSO-0003,ITP-00061,Zeebrugge IZT,exit,Transmission,BE,4.7759
2025-04,UK-TSO-0003,ITP-00005,Bacton (IUK),entry,Transmission,UK,4.7809
2025-04,UK-TSO-0003,ITP-00005,Bacton (IUK),exit,Transmission,UK,0.0
2025-04,IT-TSO-0001,ITP-00288,SRG Delivery to other transmission networks,exit,Transmission,IT,1.0552
2025-04,IT-TSO-0001,PRD-00154,IT - Indigenous Production,entry,Production,IT,2.8447
2025-04,IT-TSO-0001,ITP-00040,Tarvisio (IT) / Arnoldstein (AT),entry,Transmission,AT,0.9766
2025-04,IT-TSO-0001,ITP-00040,Tarvisio (IT) / Arnoldstein (AT),exit,Transmission,AT,2.2564
2025-04,IT-TSO-0001,ITP-00049,Gorizia (IT) /Šempeter (SI),exit,Transmission,SI,0.0043
2025-04,IT-TSO-0001,LNG-00015,Cavarzere (Porto Levante / Adriatic LNG),entry,LNG Terminals,IT,7.8705
2025-04,IT-TSO-0001,ITP-00074,Gela,entry,Transmission,LY,1.4179
2025-04,IT-TSO-0001,ITP-00136,Griespass (CH) / Passo Gries (IT),exit,Transmission,CH,0.0
2025-04,IT-TSO-0001,UGS-00008,UGS - IT - Snam Rete Gas/STOGIT,entry,Storage,IT,0.0
2025-04,IT-TSO-0001,UGS-00008,UGS - IT - Snam Rete Gas/STOGIT,exit,Storage,IT,10.1056
2025-04,IT-TSO-0001,ITP-00278,Bizzarone,exit,Transmission,CH,0.0832
2025-04,IT-TSO-0001,ITP-00008,Melendugno - IT / TAP,entry,Transmission,AL,8.178
2025-04,IT-TSO-0001,UGS-00475,Italgasstorage (IT),exit,Storage,IT,0.6038
2025-04,IT-TSO-0001,LNG-00082,RAVENNA TERMINAL,entry,LNG Terminals,IT,0.7421
2025-04,IT-TSO-0001,FNC-00006,Thermal Plants (IT),exit,Final Consumers,IT,13.2037
2025-04,IT-TSO-0001,FNC-00005,Industrial Consumers (IT),exit,Final Consumers,IT,10.3875
2025-04,IT-TSO-0001,DIS-00005,Distribution (IT),exit,Distribution,IT,18.3375
2025-04,IT-TSO-0001,LNG-00019,PANIGAGLIA TERMINAL,entry,LNG Terminals,IT,2.0216
2025-04,IT-TSO-0001,ITP-00049,Gorizia (IT) /Šempeter (SI),entry,Transmission,SI,0.0
2025-04,IT-TSO-0001,ITP-00093,Mazara del Vallo,entry,Transmission,DZ,19.4482
2025-04,IT-TSO-0001,ITP-00136,Griespass (CH) / Passo Gries (IT),entry,Transmission,CH,8.6219
2025-04,IT-TSO-0001,UGS-00023,UGS - IT - Snam Rete Gas/Stogit Adriatica,entry,Storage,IT,0.019
2025-04,IT-TSO-0001,UGS-00023,UGS - IT - Snam Rete Gas/Stogit Adriatica,exit,Storage,IT,1.0622
2025-04,IT-TSO-0001,LNG-00004,OLT LNG / Livorno,entry,LNG Terminals,IT,3.8161
2025-04,IT-TSO-0001,ITP-00283,Rep. San Marino,exit,Transmission,SM,0.0344
2025-04,IT-TSO-0001,ITP-00008,Melendugno - IT / TAP,exit,Transmission,AL,0.0
2025-04,IT-TSO-0001,UGS-00475,Italgasstorage (IT),entry,Storage,IT,0.0
2025-04,IT-TSO-0001,LNG-00069,PIOMBINO TERMINAL,entry,LNG Terminals,IT,2.0413
2025-04,FR-TSO-0003,LNG-00029,Fos (Tonkin/Cavaou),entry,LNG Terminals,FR,11.2377
2025-04,FR-TSO-0003,ITP-00115,Blaregnies L (BE) / Taisnières B (FR),entry,Transmission,BE,1.0793
2025-04,FR-TSO-0003,LNG-00024,Montoir de Bretagne,entry,LNG Terminals,FR,9.6201
2025-04,FR-TSO-0003,ITP-00039,Oltingue (FR) / Rodersdorf (CH),exit,Transmission,CH,7.4713
2025-04,FR-TSO-0003,ITP-00137,Obergailbach (FR) / Medelsheim (DE),entry,Transmission,DE,0.0
2025-04,FR-TSO-0003,ITP-00045,Dunkerque,entry,Transmission,NO,15.8848
2025-04,FR-TSO-0003,LNG-00003,Dunkerque LNG / PEG North,entry,,,15.0225
2025-04,FR-TSO-0003,UGS-00285,Nord-B / SEDIANE B,exit,Storage,FR,0.2021
2025-04,FR-TSO-0003,UGS-00284,Nord-Ouest / SEDIANE,exit,Storage,FR,3.5603
2025-04,FR-TSO-0003,UGS-00286,Nord-Est / SERENE Nord,exit,Storage,FR,2.1809
2025-04,FR-TSO-0003,UGS-00288,Sud-Est / SALINE,exit,Storage,FR,1.8498
2025-04,FR-TSO-0003,ITP-00526,VIRTUALYS,exit,Transmission,BE,7.5931
2025-04,FR-TSO-0003,DIS-00197,GRTgaz aggregated distribution consumers,exit,Distribution,FR,12.5425
2025-04,FR-TSO-0003,FNC-00201,GRTgaz aggregated industrial consumers,exit,Final Consumers,FR,8.6019
2025-04,FR-TSO-0003,ITP-00541,Atlantique,exit,Storage,FR,4.616
2025-04,FR-TSO-0003,LNG-00071,Le Havre (FR),entry,LNG Terminals,FR,0.0
2025-04,UK-TSO-0001,PRD-00151,Barrow,entry,Production,UK,0.5543
2025-04,UK-TSO-0001,ITP-00091,Easington,entry,Transmission,NO,18.6944
2025-04,UK-TSO-0001,ITP-00022,St. Fergus,entry,Transmission,NO,13.9478
2025-04,UK-TSO-0001,LNG-00007,Teesside,entry,Production,UK,8.5593
2025-04,UK-TSO-0001,ITP-00005,Bacton (IUK),exit,Transmission,UK,4.7809
2025-04,UK-TSO-0001,ITP-00207,Bacton (BBL),exit,Transmission,NL,3.2296
2025-04,UK-TSO-0001,UGS-00281,Hole House Farm,entry,,,0.0
2025-04,UK-TSO-0001,UGS-00280,Hatfield Moor Storage,entry,Storage,UK,0.0
2025-04,UK-TSO-0001,ITP-00492,Bacton IPs,entry,Transmission,UK,0.0
2025-04,UK-TSO-0001,PRD-00156,Bacton (UKCS),entry,Production,UK,5.3782
2025-04,UK-TSO-0001,DIS-00065,Alrewas (WM),exit,Distribution,UK,0.5297
2025-04,UK-TSO-0001,DIS-00066,Armadale,exit,Distribution,UK,0.0993
2025-04,UK-TSO-0001,DIS-00069,Audley (NW),exit,Distribution,UK,0.0748
2025-04,UK-TSO-0001,DIS-00070,Audley (WM),exit,Distribution,UK,0.1121
2025-04,UK-TSO-0001,DIS-00072,Aylesbeare,exit,Distribution,UK,0.1421
2025-04,UK-TSO-0001,UGS-00275,Barton Stacey,exit,Storage,UK,0.0088
2025-04,UK-TSO-0001,DIS-00075,Balgray,exit,Distribution,UK,0.1184
2025-04,UK-TSO-0001,UGS-00279,Garton,exit,Storage,UK,1.1347
2025-04,UK-TSO-0001,DIS-00078,Blaby,exit,Distribution,UK,0.1922
2025-04,UK-TSO-0001,DIS-00079,Blackrod,exit,Distribution,UK,0.2813
2025-04,UK-TSO-0001,DIS-00082,Braishfield B,exit,Distribution,UK,0.003
2025-04,UK-TSO-0001,DIS-00083,Brisley,exit,Distribution,UK,0.0272
2025-04,UK-TSO-0001,DIS-00183,Burnhervie,exit,Distribution,UK,0.0706
2025-04,UK-TSO-0001,DIS-00086,Caldecott,exit,Distribution,UK,0.0
2025-04,UK-TSO-0001,DIS-00088,Cirencester,exit,Distribution,UK,0.035
2025-04,UK-TSO-0001,DIS-00089,Coffinswell,exit,Distribution,UK,0.0324
2025-04,UK-TSO-0001,DIS-00092,Cowpen Bewley,exit,Distribution,UK,0.2828
2025-04,UK-TSO-0001,DIS-00093,Dowlais,exit,Distribution,UK,0.6467
2025-04,UK-TSO-0001,DIS-00096,Dyffryn Clydach,exit,Distribution,UK,0.281
2025-04,UK-TSO-0001,DIS-00097,Easton Grey,exit,Distribution,UK,0.0034
2025-04,UK-TSO-0001,DIS-00100,Evesham,exit,Distribution,UK,0.0379
2025-04,UK-TSO-0001,DIS-00101,Farningham,exit,Distribution,UK,1.3619
2025-04,UK-TSO-0001,DIS-00104,Ganstead,exit,Distribution,UK,0.1101
2025-04,UK-TSO-0001,DIS-00105,Gilwern,exit,Distribution,UK,0.4766
2025-04,UK-TSO-0001,DIS-00108,Great Wilbraham,exit,Distribution,UK,0.1887
2025-04,UK-TSO-0001,DIS-00109,Guyzance,exit,Distribution,UK,0.0215
2025-04,UK-TSO-0001,UGS-00182,Hill Top Farm,exit,Storage,UK,0.063
2025-04,UK-TSO-0001,UGS-00281,Hole House Farm,exit,,,0.0
2025-04,UK-TSO-0001,DIS-00112,Horndon,exit,Distribution,UK,0.0397
2025-04,UK-TSO-0001,UGS-00409,Hornsea Max Refill,exit,Storage,UK,0.4264
2025-04,UK-TSO-0001,DIS-00115,Ilchester,exit,Distribution,UK,0.278
2025-04,UK-TSO-0001,FNC-00011,Industrial Offtakes (UK),exit,Final Consumers,UK,0.8556
2025-04,UK-TSO-0001,DIS-00118,Keld,exit,Distribution,UK,0.0014
2025-04,UK-TSO-0001,DIS-00119,Kenn,exit,Distribution,UK,0.2607
2025-04,UK-TSO-0001,DIS-00122,Langholm,exit,Distribution,UK,0.0009
2025-04,UK-TSO-0001,DIS-00123,Leamington,exit,Distribution,UK,0.0001
2025-04,UK-TSO-0001,DIS-00126,Lockerbie,exit,Distribution,UK,0.0601
2025-04,UK-TSO-0001,DIS-00127,Lower Quinton,exit,Distribution,UK,0.0025
2025-04,UK-TSO-0001,DIS-00130,Lyneham (Choakford),exit,Distribution,UK,0.1297
2025-04,UK-TSO-0001,DIS-00131,Maelor,exit,Distribution,UK,0.4076
2025-04,UK-TSO-0001,DIS-00134,Market Harborough,exit,Distribution,UK,0.0
2025-04,UK-TSO-0001,DIS-00135,Matching Green,exit,Distribution,UK,0.3536
2025-04,UK-TSO-0001,DIS-00138,Milwich,exit,Distribution,UK,0.1002
2025-04,UK-TSO-0001,DIS-00139,Netherhowcleugh,exit,Distribution,UK,0.0016
2025-04,UK-TSO-0001,DIS-00142,Paull,exit,Distribution,UK,0.2948
2025-04,UK-TSO-0001,DIS-00143,Peterborough Eye (Tee),exit,Distribution,UK,0.1545
2025-04,UK-TSO-0001,DIS-00146,Pickering,exit,Distribution,UK,0.023
2025-04,UK-TSO-0001,DIS-00147,Pitcairngreen,exit,Distribution,UK,0.0063
2025-04,UK-TSO-0001,DIS-00149,Rawcliffe,exit,Distribution,UK,0.0408
2025-04,UK-TSO-0001,DIS-00150,Ross (SW),exit,Distribution,UK,0.0347
2025-04,UK-TSO-0001,UGS-00235,Rough,exit,Storage,UK,0.0
2025-04,UK-TSO-0001,DIS-00153,Royston,exit,Distribution,UK,0.0215
2025-04,UK-TSO-0001,DIS-00156,Saltwick Volumetric Controlled,exit,Distribution,UK,0.0
2025-04,UK-TSO-0001,DIS-00157,Samlesbury,exit,Distribution,UK,1.2719
2025-04,UK-TSO-0001,DIS-00161,Silk Willoughby,exit,Distribution,UK,0.0173
2025-04,UK-TSO-0001,DIS-00165,Stratford-upon-Avon,exit,Distribution,UK,0.0407
2025-04,UK-TSO-0001,DIS-00166,Sutton Bridge,exit,Distribution,UK,0.0097
2025-04,UK-TSO-0001,DIS-00169,Thrintoft,exit,Distribution,UK,0.0448
2025-04,UK-TSO-0001,DIS-00170,Towlaw,exit,Distribution,UK,0.0036
2025-04,UK-TSO-0001,DIS-00173,Walesby,exit,Distribution,UK,0.0069
2025-04,UK-TSO-0001,DIS-00174,Warburton,exit,Distribution,UK,0.0492
2025-04,UK-TSO-0001,DIS-00177,Wetheral,exit,Distribution,UK,0.2132
2025-04,UK-TSO-0001,DIS-00178,Whitwell,exit,Distribution,UK,0.8692
2025-04,UK-TSO-0001,DIS-00181,Winkfield (SO),exit,Distribution,UK,0.3268
2025-04,UK-TSO-0001,DIS-00182,Yelverton,exit,Distribution,UK,0.4382
2025-04,UK-TSO-0001,LNG-00049,Milford Haven,entry,LNG Terminals,UK,4.9434
2025-04,UK-TSO-0001,PRD-00152,Burton Point,entry,Production,UK,0.0
2025-04,UK-TSO-0001,UGS-00282,Hornsea,entry,Storage,UK,0.1018
2025-04,UK-TSO-0001,LNG-00008,Isle of Grain,entry,LNG Terminals,UK,0.8362
2025-04,UK-TSO-0001,ITP-00090,Moffat,exit,Transmission,UK,4.9652
2025-04,UK-TSO-0001,UGS-00277,Cheshire Storage,entry,Storage,UK,1.8272
2025-04,UK-TSO-0001,UGS-00279,Garton,entry,Storage,UK,1.273
2025-04,UK-TSO-0001,UGS-00275,Barton Stacey,entry,Storage,UK,0.0
2025-04,UK-TSO-0001,DIS-00063,Aberdeen,exit,Distribution,UK,0.2798
2025-04,UK-TSO-0001,DIS-00064,Alrewas (EM),exit,Distribution,UK,0.0002
2025-04,UK-TSO-0001,DIS-00067,Aspley,exit,Distribution,UK,0.8476
2025-04,UK-TSO-0001,DIS-00068,Asselby,exit,Distribution,UK,0.0283
2025-04,UK-TSO-0001,DIS-00071,Austrey,exit,Distribution,UK,0.0
2025-04,UK-TSO-0001,DIS-00073,Bacton,exit,Distribution,UK,0.0203
2025-04,UK-TSO-0001,DIS-00074,Baldersby,exit,Distribution,UK,0.0121
2025-04,UK-TSO-0001,DIS-00076,Bathgate,exit,Distribution,UK,0.1511
2025-04,UK-TSO-0001,DIS-00077,Bishop Auckland,exit,Distribution,UK,0.4125
2025-04,UK-TSO-0001,DIS-00080,Blyborough,exit,Distribution,UK,0.0
2025-04,UK-TSO-0001,DIS-00081,Braishfield A,exit,Distribution,UK,0.7557
2025-04,UK-TSO-0001,DIS-00084,Broxburn,exit,Distribution,UK,0.4006
2025-04,UK-TSO-0001,DIS-00085,Burley Bank,exit,Distribution,UK,0.2863
2025-04,UK-TSO-0001,DIS-00087,Careston,exit,Distribution,UK,0.0296
2025-04,UK-TSO-0001,UGS-00216,Stublach,exit,Storage,UK,1.396
2025-04,UK-TSO-0001,DIS-00090,Coldstream,exit,Distribution,UK,0.0202
2025-04,UK-TSO-0001,DIS-00091,Corbridge,exit,Distribution,UK,0.0006
2025-04,UK-TSO-0001,DIS-00094,Drointon,exit,Distribution,UK,1.3506
2025-04,UK-TSO-0001,DIS-00095,Drum,exit,Distribution,UK,0.4675
2025-04,UK-TSO-0001,DIS-00098,Ecclestone,exit,Distribution,UK,0.2898
2025-04,UK-TSO-0001,DIS-00099,Elton,exit,Distribution,UK,0.3228
2025-04,UK-TSO-0001,DIS-00102,Farningham B,exit,Distribution,UK,0.0346
2025-04,UK-TSO-0001,DIS-00103,Fiddington,exit,Distribution,UK,0.2501
2025-04,UK-TSO-0001,DIS-00106,Glenmavis,exit,Distribution,UK,1.1016
2025-04,UK-TSO-0001,DIS-00107,Gosberton,exit,Distribution,UK,0.1217
2025-04,UK-TSO-0001,DIS-00110,Hardwick,exit,Distribution,UK,0.7922
2025-04,UK-TSO-0001,UGS-00408,Hatfield Moor Max Refill,exit,Storage,UK,0.1247
2025-04,UK-TSO-0001,UGS-00181,Holford,exit,Storage,UK,0.0059
2025-04,UK-TSO-0001,DIS-00111,Holmes Chapel,exit,Distribution,UK,0.179
2025-04,UK-TSO-0001,DIS-00113,Humbleton,exit,Distribution,UK,0.0011
2025-04,UK-TSO-0001,DIS-00114,Hume,exit,Distribution,UK,0.0157
2025-04,UK-TSO-0001,DIS-00117,Ipsden 2,exit,Distribution,UK,0.0375
2025-04,UK-TSO-0001,DIS-00116,Ipsden,exit,Distribution,UK,0.141
2025-04,UK-TSO-0001,DIS-00120,Kinknockie,exit,Distribution,UK,0.0212
2025-04,UK-TSO-0001,DIS-00121,Kirkstead,exit,Distribution,UK,0.0084
2025-04,UK-TSO-0001,DIS-00124,Little Burdon,exit,Distribution,UK,0.0955
2025-04,UK-TSO-0001,DIS-00125,Littleton Drew,exit,Distribution,UK,0.0009
2025-04,UK-TSO-0001,DIS-00128,Lupton,exit,Distribution,UK,0.2725
2025-04,UK-TSO-0001,DIS-00129,Luxborough Lane,exit,Distribution,UK,0.6536
2025-04,UK-TSO-0001,DIS-00132,Malpas,exit,Distribution,UK,0.0044
2025-04,UK-TSO-0001,DIS-00133,Mappowder,exit,Distribution,UK,0.377
2025-04,UK-TSO-0001,DIS-00136,Melkinthorpe,exit,Distribution,UK,0.0444
2025-04,UK-TSO-0001,DIS-00137,Mickle Trafford,exit,Distribution,UK,0.0502
2025-04,UK-TSO-0001,DIS-00140,Pannal,exit,Distribution,UK,0.8958
2025-04,UK-TSO-0001,DIS-00141,Partington,exit,Distribution,UK,1.4361
2025-04,UK-TSO-0001,DIS-00144,Peters Green,exit,Distribution,UK,1.0835
2025-04,UK-TSO-0001,DIS-00145,Peters Green South Mimms,exit,Distribution,UK,1.2447
2025-04,UK-TSO-0001,FNC-00012,Power Stations (UK),exit,Final Consumers,UK,10.3733
2025-04,UK-TSO-0001,DIS-00148,Pucklechurch,exit,Distribution,UK,0.0709
2025-04,UK-TSO-0001,DIS-00151,Ross (WM),exit,Distribution,UK,0.1446
2025-04,UK-TSO-0001,DIS-00152,Roudham Heath,exit,Distribution,UK,0.1694
2025-04,UK-TSO-0001,DIS-00154,Rugby,exit,Distribution,UK,0.7446
2025-04,UK-TSO-0001,DIS-00155,Saltwick Pressure Controlled,exit,Distribution,UK,0.3692
2025-04,UK-TSO-0001,DIS-00158,Seabank (DN),exit,Distribution,UK,0.3761
2025-04,UK-TSO-0001,DIS-00159,Shorne,exit,Distribution,UK,0.0012
2025-04,UK-TSO-0001,DIS-00162,Soutra,exit,Distribution,UK,0.0662
2025-04,UK-TSO-0001,DIS-00163,St Fergus,exit,Distribution,UK,0.0103
2025-04,UK-TSO-0001,DIS-00167,Tatsfield,exit,Distribution,UK,0.0787
2025-04,UK-TSO-0001,DIS-00168,Thornton Curtis,exit,Distribution,UK,1.0889
2025-04,UK-TSO-0001,DIS-00171,Towton,exit,Distribution,UK,0.3839
2025-04,UK-TSO-0001,DIS-00172,Tur Langton,exit,Distribution,UK,0.5293
2025-04,UK-TSO-0001,DIS-00176,Weston Point,exit,Distribution,UK,0.0026
2025-04,UK-TSO-0001,DIS-00175,West Winch,exit,Distribution,UK,0.0715
2025-04,UK-TSO-0001,DIS-00179,Winkfield (NT),exit,Distribution,UK,0.0
2025-04,UK-TSO-0001,DIS-00180,Winkfield (SE),exit,Distribution,UK,0.9043
2025-04,ES-TSO-0006,FNC-00043,Aggregated Distribution + Final Customers Exits (ES),exit,Final Consumers,ES,15.243
2025-04,ES-TSO-0006,LNG-00012,Barcelona,entry,LNG Terminals,ES,4.4786
2025-04,ES-TSO-0006,LNG-00021,Mugardos,entry,LNG Terminals,ES,2.5517
2025-04,ES-TSO-0006,LNG-00023,Sagunto,entry,LNG Terminals,ES,1.9103
2025-04,ES-TSO-0006,ITP-00048,Almería,entry,Transmission,DZ,7.9717
2025-04,ES-TSO-0006,ITP-00286,VIP IBERICO,entry,Transmission,PT,1.5093
2025-04,ES-TSO-0006,ITP-00304,VIP PIRINEOS,exit,Transmission,FR,4.3811
2025-04,ES-TSO-0006,UGS-00024,BASIC UGS - AASS Unificado,entry,Storage,ES,0.0
2025-04,ES-TSO-0006,PRD-00231,Aggregated Production Sites (ES),entry,Production,ES,0.0057
2025-04,ES-TSO-0006,ITP-00082,Tarifa,exit,Transmission,MA,0.7293
2025-04,ES-TSO-0006,LNG-00022,Cartagena,entry,LNG Terminals,ES,2.2756
2025-04,ES-TSO-0006,LNG-00018,Huelva,entry,LNG Terminals,ES,3.3813
2025-04,ES-TSO-0006,LNG-00013,Bilbao,entry,LNG Terminals,ES,4.6108
2025-04,ES-TSO-0006,LNG-00016,Musel,entry,LNG Terminals,ES,0.8808
2025-04,ES-TSO-0006,ITP-00286,VIP IBERICO,exit,Transmission,PT,0.3385
2025-04,ES-TSO-0006,ITP-00304,VIP PIRINEOS,entry,Transmission,FR,0.0
2025-04,ES-TSO-0006,UGS-00024,BASIC UGS - AASS Unificado,exit,Storage,ES,2.2048
2025-04,ES-TSO-0006,VTP-00043,TVB,entry,LNG Terminals,ES,20.3335
2025-04,FR-TSO-0003,PRD-00331,GRTgaz aggregated producers (FR),entry,Production,FR,0.2044
2025-04,FR-TSO-0003,UGS-00285,Nord-B / SEDIANE B,entry,Storage,FR,0.0005
2025-04,UK-TSO-0001,DIS-00160,Shustoke,exit,Distribution,UK,0.0
2025-04,FR-TSO-0003,UGS-00286,Nord-Est / SERENE Nord,entry,Storage,FR,0.0021
2025-04,UK-TSO-0001,UGS-00279,Aldbrough,entry,Storage,UK,0.1629
2025-04,UK-TSO-0001,UGS-00275,Humbly Grove,entry,Storage,UK,0.0
2025-04,UK-TSO-0001,UGS-00275,Humbly Grove,exit,Storage,UK,0.0
2025-04,UK-TSO-0001,UGS-00279,Aldbrough,exit,Storage,UK,0.0
2025-05,UK-TSO-0002,DIS-00015,Greater Belfast,exit,Distribution,UK,0.198
2025-05,UK-TSO-0002,ITP-00077,Twynholm,entry,Transmission,UK,1.2534
2025-05,UK-TSO-0002,DIS-00017,PTL Stranraer,exit,Distribution,UK,0.0111
2025-05,UK-TSO-0002,ITP-00298,Carrickfergus,exit,Transmission,UK,0.6988
2025-05,PT-TSO-0001,UGS-00010,Carriço,entry,Storage,PT,0.1264
2025-05,PT-TSO-0001,UGS-00010,Carriço,exit,Storage,PT,0.1771
2025-05,PT-TSO-0001,FNC-00001,Final Consumers (PT),exit,Final Consumers,PT,2.01
2025-05,PT-TSO-0001,DIS-00001,Distribution (PT),exit,Distribution,PT,1.6781
2025-05,PT-TSO-0001,LNG-00026,Sines,entry,LNG Terminals,PT,4.3619
2025-05,PT-TSO-0001,ITP-00286,VIP IBERICO,entry,Transmission,ES,0.339
2025-05,PT-TSO-0001,ITP-00286,VIP IBERICO,exit,Transmission,ES,0.863
2025-05,FR-TSO-0002,FNC-00015,TEREGA Delivery Pool - Industrials (FR),exit,Final Consumers,FR,0.3058
2025-05,FR-TSO-0002,ITP-00304,VIP PIRINEOS,exit,Transmission,ES,0.021
2025-05,FR-TSO-0002,UGS-00017,Lussagnet,entry,Storage,FR,2.0674
2025-05,UK-TSO-0004,ITP-00207,Bacton (BBL),entry,Transmission,UK,4.3826
2025-05,UK-TSO-0004,ITP-00207,Bacton (BBL),exit,Transmission,UK,0.0
2025-05,FR-TSO-0002,DIS-00188,TEREGA Delivery Pool - Distribution (FR),exit,Distribution,FR,0.6145
2025-05,FR-TSO-0002,ITP-00304,VIP PIRINEOS,entry,Transmission,ES,1.2097
2025-05,FR-TSO-0002,UGS-00017,Lussagnet,exit,Storage,FR,6.8241
2025-05,FR-TSO-0002,PRD-00330,TEREGA Biomethane Production Pool,entry,Production,FR,0.0237
2025-05,UK-TSO-0003,ITP-00061,Zeebrugge IZT,entry,Transmission,BE,0.0001
2025-05,UK-TSO-0003,ITP-00061,Zeebrugge IZT,exit,Transmission,BE,7.4613
2025-05,UK-TSO-0003,ITP-00005,Bacton (IUK),entry,Transmission,UK,7.4268
2025-05,UK-TSO-0003,ITP-00005,Bacton (IUK),exit,Transmission,UK,0.0
2025-05,IT-TSO-0001,FNC-00006,Thermal Plants (IT),exit,Final Consumers,IT,10.6373
2025-05,IT-TSO-0001,PRD-00154,IT - Indigenous Production,entry,Production,IT,2.8296
2025-05,IT-TSO-0001,DIS-00005,Distribution (IT),exit,Distribution,IT,11.9072
2025-05,IT-TSO-0001,LNG-00019,PANIGAGLIA TERMINAL,entry,LNG Terminals,IT,2.9639
2025-05,IT-TSO-0001,LNG-00015,Cavarzere (Porto Levante / Adriatic LNG),entry,LNG Terminals,IT,9.0472
2025-05,IT-TSO-0001,UGS-00023,UGS - IT - Snam Rete Gas/Stogit Adriatica,entry,Storage,IT,0.0052
2025-05,IT-TSO-0001,LNG-00004,OLT LNG / Livorno,entry,LNG Terminals,IT,4.1899
2025-05,IT-TSO-0001,ITP-00008,Melendugno - IT / TAP,exit,Transmission,AL,0.0
2025-05,IT-TSO-0001,LNG-00069,PIOMBINO TERMINAL,entry,LNG Terminals,IT,4.2799
2025-05,IT-TSO-0001,FNC-00005,Industrial Consumers (IT),exit,Final Consumers,IT,10.7814
2025-05,IT-TSO-0001,ITP-00040,Tarvisio (IT) / Arnoldstein (AT),exit,Transmission,AT,1.6485
2025-05,IT-TSO-0001,ITP-00049,Gorizia (IT) /Šempeter (SI),exit,Transmission,SI,0.0038
2025-05,IT-TSO-0001,ITP-00136,Griespass (CH) / Passo Gries (IT),entry,Transmission,CH,9.0476
2025-05,IT-TSO-0001,UGS-00008,UGS - IT - Snam Rete Gas/STOGIT,entry,Storage,IT,0.0
2025-05,IT-TSO-0001,ITP-00278,Bizzarone,exit,Transmission,CH,0.0573
2025-05,IT-TSO-0001,UGS-00475,Italgasstorage (IT),exit,Storage,IT,0.5468
2025-05,IT-TSO-0001,ITP-00288,SRG Delivery to other transmission networks,exit,Transmission,IT,0.9049
2025-05,IT-TSO-0001,ITP-00040,Tarvisio (IT) / Arnoldstein (AT),entry,Transmission,AT,0.1389
2025-05,IT-TSO-0001,ITP-00049,Gorizia (IT) /Šempeter (SI),entry,Transmission,SI,0.0
2025-05,IT-TSO-0001,ITP-00093,Mazara del Vallo,entry,Transmission,DZ,19.5601
2025-05,IT-TSO-0001,ITP-00074,Gela,entry,Transmission,LY,1.1437
2025-05,IT-TSO-0001,ITP-00136,Griespass (CH) / Passo Gries (IT),exit,Transmission,CH,0.0
2025-05,IT-TSO-0001,UGS-00023,UGS - IT - Snam Rete Gas/Stogit Adriatica,exit,Storage,IT,1.376
2025-05,IT-TSO-0001,UGS-00008,UGS - IT - Snam Rete Gas/STOGIT,exit,Storage,IT,23.5428
2025-05,IT-TSO-0001,ITP-00283,Rep. San Marino,exit,Transmission,SM,0.0227
2025-05,IT-TSO-0001,ITP-00008,Melendugno - IT / TAP,entry,Transmission,AL,8.4641
2025-05,IT-TSO-0001,UGS-00475,Italgasstorage (IT),entry,Storage,IT,0.0
2025-05,IT-TSO-0001,LNG-00082,RAVENNA TERMINAL,entry,LNG Terminals,IT,0.2069
2025-05,ES-TSO-0006,PRD-00231,Aggregated Production Sites (ES),entry,Production,ES,0.0
2025-05,ES-TSO-0006,LNG-00022,Cartagena,entry,LNG Terminals,ES,2.1154
2025-05,ES-TSO-0006,LNG-00018,Huelva,entry,LNG Terminals,ES,4.4649
2025-05,ES-TSO-0006,LNG-00013,Bilbao,entry,LNG Terminals,ES,2.5627
2025-05,ES-TSO-0006,LNG-00016,Musel,entry,LNG Terminals,ES,0.9626
2025-05,ES-TSO-0006,ITP-00286,VIP IBERICO,exit,Transmission,PT,0.3502
2025-05,ES-TSO-0006,ITP-00304,VIP PIRINEOS,entry,Transmission,FR,0.0218
2025-05,ES-TSO-0006,UGS-00024,BASIC UGS - AASS Unificado,exit,Storage,ES,1.5211
2025-05,ES-TSO-0006,VTP-00043,TVB,entry,LNG Terminals,ES,18.4499
2025-05,ES-TSO-0006,FNC-00043,Aggregated Distribution + Final Customers Exits (ES),exit,Final Consumers,ES,16.261
2025-05,ES-TSO-0006,ITP-00082,Tarifa,exit,Transmission,MA,0.828
2025-05,ES-TSO-0006,LNG-00012,Barcelona,entry,LNG Terminals,ES,3.3665
2025-05,ES-TSO-0006,LNG-00021,Mugardos,entry,LNG Terminals,ES,2.5438
2025-05,ES-TSO-0006,LNG-00023,Sagunto,entry,LNG Terminals,ES,2.2506
2025-05,ES-TSO-0006,ITP-00048,Almería,entry,Transmission,DZ,8.2989
2025-05,ES-TSO-0006,ITP-00286,VIP IBERICO,entry,Transmission,PT,0.8686
2025-05,ES-TSO-0006,ITP-00304,VIP PIRINEOS,exit,Transmission,FR,1.2347
2025-05,ES-TSO-0006,UGS-00024,BASIC UGS - AASS Unificado,entry,Storage,ES,0.0
2025-05,FR-TSO-0003,LNG-00024,Montoir de Bretagne,entry,LNG Terminals,FR,3.4642
2025-05,FR-TSO-0003,ITP-00115,Blaregnies L (BE) / Taisnières B (FR),entry,Transmission,BE,1.1119
2025-05,FR-TSO-0003,ITP-00039,Oltingue (FR) / Rodersdorf (CH),exit,Transmission,CH,8.039
2025-05,FR-TSO-0003,LNG-00003,Dunkerque LNG / PEG North,entry,,,14.7736
2025-05,FR-TSO-0003,DIS-00197,GRTgaz aggregated distribution consumers,exit,Distribution,FR,7.5666
2025-05,FR-TSO-0003,LNG-00071,Le Havre (FR),entry,LNG Terminals,FR,0.0
2025-05,FR-TSO-0003,LNG-00029,Fos (Tonkin/Cavaou),entry,LNG Terminals,FR,11.6003
2025-05,FR-TSO-0003,ITP-00137,Obergailbach (FR) / Medelsheim (DE),entry,Transmission,DE,0.0
2025-05,FR-TSO-0003,ITP-00045,Dunkerque,entry,Transmission,NO,15.2192
2025-05,FR-TSO-0003,UGS-00285,Nord-B / SEDIANE B,exit,Storage,FR,0.5432
2025-05,FR-TSO-0003,UGS-00284,Nord-Ouest / SEDIANE,exit,Storage,FR,2.7454
2025-05,FR-TSO-0003,UGS-00286,Nord-Est / SERENE Nord,exit,Storage,FR,2.6438
2025-05,FR-TSO-0003,UGS-00288,Sud-Est / SALINE,exit,Storage,FR,1.2066
2025-05,FR-TSO-0003,ITP-00526,VIRTUALYS,exit,Transmission,BE,7.0798
2025-05,FR-TSO-0003,FNC-00201,GRTgaz aggregated industrial consumers,exit,Final Consumers,FR,7.8128
2025-05,FR-TSO-0003,ITP-00541,Atlantique,exit,Storage,FR,4.2006
2025-05,UK-TSO-0001,LNG-00049,Milford Haven,entry,LNG Terminals,UK,2.8744
2025-05,UK-TSO-0001,PRD-00152,Burton Point,entry,Production,UK,0.0
2025-05,UK-TSO-0001,PRD-00151,Barrow,entry,Production,UK,0.9163
2025-05,UK-TSO-0001,ITP-00091,Easington,entry,Transmission,NO,13.9024
2025-05,UK-TSO-0001,UGS-00282,Hornsea,entry,Storage,UK,0.127
2025-05,UK-TSO-0001,LNG-00008,Isle of Grain,entry,LNG Terminals,UK,0.6353
2025-05,UK-TSO-0001,ITP-00022,St. Fergus,entry,Transmission,NO,12.8476
2025-05,UK-TSO-0001,LNG-00007,Teesside,entry,Production,UK,8.7946
2025-05,UK-TSO-0001,ITP-00090,Moffat,exit,Transmission,UK,4.3757
2025-05,UK-TSO-0001,ITP-00005,Bacton (IUK),exit,Transmission,UK,7.4268
2025-05,UK-TSO-0001,ITP-00207,Bacton (BBL),exit,Transmission,NL,4.3826
2025-05,UK-TSO-0001,UGS-00277,Cheshire Storage,entry,Storage,UK,0.837
2025-05,UK-TSO-0001,UGS-00279,Aldbrough,entry,Storage,UK,0.652
2025-05,UK-TSO-0001,UGS-00281,Hole House Farm,entry,,,0.0
2025-05,UK-TSO-0001,UGS-00280,Hatfield Moor Storage,entry,Storage,UK,0.0
2025-05,UK-TSO-0001,UGS-00275,Humbly Grove,entry,Storage,UK,0.0
2025-05,UK-TSO-0001,ITP-00492,Bacton IPs,entry,Transmission,UK,0.0
2025-05,UK-TSO-0001,PRD-00156,Bacton (UKCS),entry,Production,UK,5.7524
2025-05,UK-TSO-0001,DIS-00063,Aberdeen,exit,Distribution,UK,0.2441
2025-05,UK-TSO-0001,DIS-00064,Alrewas (EM),exit,Distribution,UK,0.0633
2025-05,UK-TSO-0001,DIS-00065,Alrewas (WM),exit,Distribution,UK,0.004
2025-05,UK-TSO-0001,DIS-00066,Armadale,exit,Distribution,UK,0.1111
2025-05,UK-TSO-0001,DIS-00067,Aspley,exit,Distribution,UK,0.844
2025-05,UK-TSO-0001,DIS-00068,Asselby,exit,Distribution,UK,0.0182
2025-05,UK-TSO-0001,DIS-00069,Audley (NW),exit,Distribution,UK,0.055
2025-05,UK-TSO-0001,DIS-00070,Audley (WM),exit,Distribution,UK,0.0
2025-05,UK-TSO-0001,DIS-00071,Austrey,exit,Distribution,UK,0.0523
2025-05,UK-TSO-0001,DIS-00072,Aylesbeare,exit,Distribution,UK,0.0928
2025-05,UK-TSO-0001,UGS-00275,Humbly Grove,exit,Storage,UK,0.0712
2025-05,UK-TSO-0001,DIS-00073,Bacton,exit,Distribution,UK,0.0129
2025-05,UK-TSO-0001,DIS-00074,Baldersby,exit,Distribution,UK,0.0089
2025-05,UK-TSO-0001,DIS-00075,Balgray,exit,Distribution,UK,0.0713
2025-05,UK-TSO-0001,UGS-00279,Aldbrough,exit,Storage,UK,0.4491
2025-05,UK-TSO-0001,DIS-00076,Bathgate,exit,Distribution,UK,0.0501
2025-05,UK-TSO-0001,DIS-00077,Bishop Auckland,exit,Distribution,UK,0.5703
2025-05,UK-TSO-0001,DIS-00078,Blaby,exit,Distribution,UK,0.2057
2025-05,UK-TSO-0001,DIS-00079,Blackrod,exit,Distribution,UK,0.0062
2025-05,UK-TSO-0001,DIS-00080,Blyborough,exit,Distribution,UK,0.0201
2025-05,UK-TSO-0001,DIS-00081,Braishfield A,exit,Distribution,UK,0.4197
2025-05,UK-TSO-0001,DIS-00082,Braishfield B,exit,Distribution,UK,0.1919
2025-05,UK-TSO-0001,DIS-00083,Brisley,exit,Distribution,UK,0.0245
2025-05,UK-TSO-0001,DIS-00084,Broxburn,exit,Distribution,UK,0.2265
2025-05,UK-TSO-0001,DIS-00085,Burley Bank,exit,Distribution,UK,0.178
2025-05,UK-TSO-0001,DIS-00183,Burnhervie,exit,Distribution,UK,0.0105
2025-05,UK-TSO-0001,DIS-00086,Caldecott,exit,Distribution,UK,0.0
2025-05,UK-TSO-0001,DIS-00087,Careston,exit,Distribution,UK,0.0226
2025-05,UK-TSO-0001,UGS-00216,Stublach,exit,Storage,UK,1.3435
2025-05,UK-TSO-0001,DIS-00088,Cirencester,exit,Distribution,UK,0.0202
2025-05,UK-TSO-0001,DIS-00089,Coffinswell,exit,Distribution,UK,0.0203
2025-05,UK-TSO-0001,DIS-00090,Coldstream,exit,Distribution,UK,0.015
2025-05,UK-TSO-0001,DIS-00091,Corbridge,exit,Distribution,UK,0.0003
2025-05,UK-TSO-0001,DIS-00092,Cowpen Bewley,exit,Distribution,UK,0.2188
2025-05,UK-TSO-0001,DIS-00093,Dowlais,exit,Distribution,UK,0.4803
2025-05,UK-TSO-0001,DIS-00094,Drointon,exit,Distribution,UK,0.9517
2025-05,UK-TSO-0001,DIS-00095,Drum,exit,Distribution,UK,0.6569
2025-05,UK-TSO-0001,DIS-00096,Dyffryn Clydach,exit,Distribution,UK,0.1855
2025-05,UK-TSO-0001,DIS-00097,Easton Grey,exit,Distribution,UK,0.0
2025-05,UK-TSO-0001,DIS-00098,Ecclestone,exit,Distribution,UK,0.2136
2025-05,UK-TSO-0001,DIS-00099,Elton,exit,Distribution,UK,0.3282
2025-05,UK-TSO-0001,DIS-00100,Evesham,exit,Distribution,UK,0.0232
2025-05,UK-TSO-0001,DIS-00101,Farningham,exit,Distribution,UK,0.9652
2025-05,UK-TSO-0001,DIS-00102,Farningham B,exit,Distribution,UK,0.0449
2025-05,UK-TSO-0001,DIS-00103,Fiddington,exit,Distribution,UK,0.1644
2025-05,UK-TSO-0001,DIS-00104,Ganstead,exit,Distribution,UK,0.0037
2025-05,UK-TSO-0001,DIS-00105,Gilwern,exit,Distribution,UK,0.3038
2025-05,UK-TSO-0001,DIS-00106,Glenmavis,exit,Distribution,UK,0.4283
2025-05,UK-TSO-0001,DIS-00107,Gosberton,exit,Distribution,UK,0.0977
2025-05,UK-TSO-0001,DIS-00108,Great Wilbraham,exit,Distribution,UK,0.1344
2025-05,UK-TSO-0001,DIS-00109,Guyzance,exit,Distribution,UK,0.0133
2025-05,UK-TSO-0001,DIS-00110,Hardwick,exit,Distribution,UK,0.5377
2025-05,UK-TSO-0001,UGS-00408,Hatfield Moor Max Refill,exit,Storage,UK,0.0
2025-05,UK-TSO-0001,UGS-00182,Hill Top Farm,exit,Storage,UK,0.71
2025-05,UK-TSO-0001,UGS-00281,Hole House Farm,exit,,,0.0
2025-05,UK-TSO-0001,UGS-00181,Holford,exit,Storage,UK,0.7828
2025-05,UK-TSO-0001,DIS-00111,Holmes Chapel,exit,Distribution,UK,0.1485
2025-05,UK-TSO-0001,DIS-00112,Horndon,exit,Distribution,UK,0.0481
2025-05,UK-TSO-0001,UGS-00409,Hornsea Max Refill,exit,Storage,UK,0.4486
2025-05,UK-TSO-0001,DIS-00113,Humbleton,exit,Distribution,UK,0.0006
2025-05,UK-TSO-0001,DIS-00114,Hume,exit,Distribution,UK,0.0105
2025-05,UK-TSO-0001,DIS-00115,Ilchester,exit,Distribution,UK,0.0919
2025-05,UK-TSO-0001,FNC-00011,Industrial Offtakes (UK),exit,Final Consumers,UK,0.8799
2025-05,UK-TSO-0001,DIS-00117,Ipsden 2,exit,Distribution,UK,0.0138
2025-05,UK-TSO-0001,DIS-00116,Ipsden,exit,Distribution,UK,0.0002
2025-05,UK-TSO-0001,DIS-00118,Keld,exit,Distribution,UK,0.0001
2025-05,UK-TSO-0001,DIS-00119,Kenn,exit,Distribution,UK,0.158
2025-05,UK-TSO-0001,DIS-00120,Kinknockie,exit,Distribution,UK,0.0182
2025-05,UK-TSO-0001,DIS-00121,Kirkstead,exit,Distribution,UK,0.0053
2025-05,UK-TSO-0001,DIS-00122,Langholm,exit,Distribution,UK,0.0002
2025-05,UK-TSO-0001,DIS-00123,Leamington,exit,Distribution,UK,0.0001
2025-05,UK-TSO-0001,DIS-00124,Little Burdon,exit,Distribution,UK,0.048
2025-05,UK-TSO-0001,DIS-00125,Littleton Drew,exit,Distribution,UK,0.0
2025-05,UK-TSO-0001,DIS-00126,Lockerbie,exit,Distribution,UK,0.0433
2025-05,UK-TSO-0001,DIS-00127,Lower Quinton,exit,Distribution,UK,0.0026
2025-05,UK-TSO-0001,DIS-00128,Lupton,exit,Distribution,UK,0.1857
2025-05,UK-TSO-0001,DIS-00129,Luxborough Lane,exit,Distribution,UK,0.0
2025-05,UK-TSO-0001,DIS-00130,Lyneham (Choakford),exit,Distribution,UK,0.0855
2025-05,UK-TSO-0001,DIS-00131,Maelor,exit,Distribution,UK,0.3183
2025-05,UK-TSO-0001,DIS-00132,Malpas,exit,Distribution,UK,0.0025
2025-05,UK-TSO-0001,DIS-00133,Mappowder,exit,Distribution,UK,0.2868
2025-05,UK-TSO-0001,DIS-00134,Market Harborough,exit,Distribution,UK,0.0
2025-05,UK-TSO-0001,DIS-00135,Matching Green,exit,Distribution,UK,0.7183
2025-05,UK-TSO-0001,DIS-00136,Melkinthorpe,exit,Distribution,UK,0.0411
2025-05,UK-TSO-0001,DIS-00137,Mickle Trafford,exit,Distribution,UK,0.0021
2025-05,UK-TSO-0001,DIS-00138,Milwich,exit,Distribution,UK,0.0
2025-05,UK-TSO-0001,DIS-00139,Netherhowcleugh,exit,Distribution,UK,0.0008
2025-05,UK-TSO-0001,DIS-00140,Pannal,exit,Distribution,UK,0.6711
2025-05,UK-TSO-0001,DIS-00141,Partington,exit,Distribution,UK,1.1565
2025-05,UK-TSO-0001,DIS-00142,Paull,exit,Distribution,UK,0.2859
2025-05,UK-TSO-0001,DIS-00143,Peterborough Eye (Tee),exit,Distribution,UK,0.1169
2025-05,UK-TSO-0001,DIS-00144,Peters Green,exit,Distribution,UK,0.8307
2025-05,UK-TSO-0001,DIS-00145,Peters Green South Mimms,exit,Distribution,UK,1.3469
2025-05,UK-TSO-0001,DIS-00146,Pickering,exit,Distribution,UK,0.0151
2025-05,UK-TSO-0001,DIS-00147,Pitcairngreen,exit,Distribution,UK,0.0161
2025-05,UK-TSO-0001,FNC-00012,Power Stations (UK),exit,Final Consumers,UK,7.6428
2025-05,UK-TSO-0001,DIS-00148,Pucklechurch,exit,Distribution,UK,0.1269
2025-05,UK-TSO-0001,DIS-00149,Rawcliffe,exit,Distribution,UK,0.0363
2025-05,UK-TSO-0001,DIS-00150,Ross (SW),exit,Distribution,UK,0.0288
2025-05,UK-TSO-0001,DIS-00151,Ross (WM),exit,Distribution,UK,0.1019
2025-05,UK-TSO-0001,DIS-00152,Roudham Heath,exit,Distribution,UK,0.1286
2025-05,UK-TSO-0001,UGS-00235,Rough,exit,Storage,UK,0.0
2025-05,UK-TSO-0001,DIS-00153,Royston,exit,Distribution,UK,0.0187
2025-05,UK-TSO-0001,DIS-00154,Rugby,exit,Distribution,UK,0.6756
2025-05,UK-TSO-0001,DIS-00155,Saltwick Pressure Controlled,exit,Distribution,UK,0.0783
2025-05,UK-TSO-0001,DIS-00156,Saltwick Volumetric Controlled,exit,Distribution,UK,0.0
2025-05,UK-TSO-0001,DIS-00157,Samlesbury,exit,Distribution,UK,1.0153
2025-05,UK-TSO-0001,DIS-00158,Seabank (DN),exit,Distribution,UK,0.2518
2025-05,UK-TSO-0001,DIS-00159,Shorne,exit,Distribution,UK,0.0013
2025-05,UK-TSO-0001,DIS-00161,Silk Willoughby,exit,Distribution,UK,0.0135
2025-05,UK-TSO-0001,DIS-00162,Soutra,exit,Distribution,UK,0.0262
2025-05,UK-TSO-0001,DIS-00163,St Fergus,exit,Distribution,UK,0.0075
2025-05,UK-TSO-0001,DIS-00165,Stratford-upon-Avon,exit,Distribution,UK,0.0298
2025-05,UK-TSO-0001,DIS-00166,Sutton Bridge,exit,Distribution,UK,0.0075
2025-05,UK-TSO-0001,DIS-00167,Tatsfield,exit,Distribution,UK,0.0215
2025-05,UK-TSO-0001,DIS-00168,Thornton Curtis,exit,Distribution,UK,1.0239
2025-05,UK-TSO-0001,DIS-00169,Thrintoft,exit,Distribution,UK,0.0306
2025-05,UK-TSO-0001,DIS-00170,Towlaw,exit,Distribution,UK,0.0019
2025-05,UK-TSO-0001,DIS-00171,Towton,exit,Distribution,UK,0.295
2025-05,UK-TSO-0001,DIS-00172,Tur Langton,exit,Distribution,UK,0.0322
2025-05,UK-TSO-0001,DIS-00173,Walesby,exit,Distribution,UK,0.0049
2025-05,UK-TSO-0001,DIS-00174,Warburton,exit,Distribution,UK,0.0
2025-05,UK-TSO-0001,DIS-00176,Weston Point,exit,Distribution,UK,0.0016
2025-05,UK-TSO-0001,DIS-00175,West Winch,exit,Distribution,UK,0.0594
2025-05,UK-TSO-0001,DIS-00177,Wetheral,exit,Distribution,UK,0.0801
2025-05,UK-TSO-0001,DIS-00178,Whitwell,exit,Distribution,UK,0.3151
2025-05,UK-TSO-0001,DIS-00179,Winkfield (NT),exit,Distribution,UK,0.0
2025-05,UK-TSO-0001,DIS-00180,Winkfield (SE),exit,Distribution,UK,0.4116
2025-05,UK-TSO-0001,DIS-00181,Winkfield (SO),exit,Distribution,UK,0.3353
2025-05,UK-TSO-0001,DIS-00182,Yelverton,exit,Distribution,UK,0.092
2025-05,FR-TSO-0003,PRD-00331,GRTgaz aggregated producers (FR),entry,Production,FR,0.2209
2025-05,UK-TSO-0001,DIS-00160,Shustoke,exit,Distribution,UK,0.0
2025-05,FR-TSO-0003,UGS-00285,Nord-B / SEDIANE B,entry,Storage,FR,0.0
2025-05,FR-TSO-0003,UGS-00284,Nord-Ouest / SEDIANE,entry,Storage,FR,0.0
2025-05,FR-TSO-0003,UGS-00286,Nord-Est / SERENE Nord,entry,Storage,FR,0.0028
2025-05,FR-TSO-0003,UGS-00288,Sud-Est / SALINE,entry,Storage,FR,0.0997
2025-06,UK-TSO-0002,DIS-00015,Greater Belfast,exit,Distribution,UK,0.1616
2025-06,UK-TSO-0002,ITP-00077,Twynholm,entry,Transmission,UK,1.1607
2025-06,UK-TSO-0002,DIS-00017,PTL Stranraer,exit,Distribution,UK,0.01
2025-06,UK-TSO-0002,ITP-00298,Carrickfergus,exit,Transmission,UK,0.5739
2025-06,PT-TSO-0001,UGS-00010,Carriço,entry,Storage,PT,0.0
2025-06,PT-TSO-0001,UGS-00010,Carriço,exit,Storage,PT,0.0893
2025-06,PT-TSO-0001,FNC-00001,Final Consumers (PT),exit,Final Consumers,PT,1.919
2025-06,PT-TSO-0001,DIS-00001,Distribution (PT),exit,Distribution,PT,1.4534
2025-06,PT-TSO-0001,LNG-00026,Sines,entry,LNG Terminals,PT,3.4276
2025-06,PT-TSO-0001,ITP-00286,VIP IBERICO,entry,Transmission,ES,0.1677
2025-06,PT-TSO-0001,ITP-00286,VIP IBERICO,exit,Transmission,ES,0.1386
2025-06,FR-TSO-0002,FNC-00015,TEREGA Delivery Pool - Industrials (FR),exit,Final Consumers,FR,0.2886
2025-06,FR-TSO-0002,ITP-00304,VIP PIRINEOS,entry,Transmission,ES,0.0391
2025-06,FR-TSO-0002,PRD-00330,TEREGA Biomethane Production Pool,entry,Production,FR,0.0234
2025-06,FR-TSO-0002,DIS-00188,TEREGA Delivery Pool - Distribution (FR),exit,Distribution,FR,0.4171
2025-06,FR-TSO-0002,UGS-00017,Lussagnet,entry,Storage,FR,2.6543
2025-06,UK-TSO-0004,ITP-00207,Bacton (BBL),exit,Transmission,UK,0.0
2025-06,FR-TSO-0002,ITP-00304,VIP PIRINEOS,exit,Transmission,ES,0.4121
2025-06,FR-TSO-0002,UGS-00017,Lussagnet,exit,Storage,FR,3.3503
2025-06,UK-TSO-0004,ITP-00207,Bacton (BBL),entry,Transmission,UK,4.1145
2025-06,UK-TSO-0003,ITP-00061,Zeebrugge IZT,exit,Transmission,BE,9.4948
2025-06,UK-TSO-0003,ITP-00005,Bacton (IUK),exit,Transmission,UK,0.0
2025-06,UK-TSO-0003,ITP-00061,Zeebrugge IZT,entry,Transmission,BE,0.0
2025-06,UK-TSO-0003,ITP-00005,Bacton (IUK),entry,Transmission,UK,9.4819
2025-06,IT-TSO-0001,ITP-00288,SRG Delivery to other transmission networks,exit,Transmission,IT,0.7995
2025-06,IT-TSO-0001,ITP-00040,Tarvisio (IT) / Arnoldstein (AT),entry,Transmission,AT,0.0002
2025-06,IT-TSO-0001,ITP-00049,Gorizia (IT) /Šempeter (SI),exit,Transmission,SI,0.0165
2025-06,IT-TSO-0001,ITP-00074,Gela,entry,Transmission,LY,0.5163
2025-06,IT-TSO-0001,ITP-00136,Griespass (CH) / Passo Gries (IT),exit,Transmission,CH,0.0
2025-06,IT-TSO-0001,UGS-00023,UGS - IT - Snam Rete Gas/Stogit Adriatica,exit,Storage,IT,1.5478
2025-06,IT-TSO-0001,UGS-00008,UGS - IT - Snam Rete Gas/STOGIT,entry,Storage,IT,0.0
2025-06,IT-TSO-0001,ITP-00283,Rep. San Marino,exit,Transmission,SM,0.0187
2025-06,IT-TSO-0001,ITP-00008,Melendugno - IT / TAP,entry,Transmission,AL,9.0881
2025-06,IT-TSO-0001,UGS-00475,Italgasstorage (IT),entry,Storage,IT,0.0
2025-06,IT-TSO-0001,LNG-00082,RAVENNA TERMINAL,entry,LNG Terminals,IT,1.7087
2025-06,IT-TSO-0001,FNC-00005,Industrial Consumers (IT),exit,Final Consumers,IT,10.1202
2025-06,IT-TSO-0001,LNG-00019,PANIGAGLIA TERMINAL,entry,LNG Terminals,IT,2.5483
2025-06,IT-TSO-0001,LNG-00015,Cavarzere (Porto Levante / Adriatic LNG),entry,LNG Terminals,IT,8.5099
2025-06,IT-TSO-0001,UGS-00023,UGS - IT - Snam Rete Gas/Stogit Adriatica,entry,Storage,IT,0.0001
2025-06,IT-TSO-0001,UGS-00008,UGS - IT - Snam Rete Gas/STOGIT,exit,Storage,IT,21.3059
2025-06,IT-TSO-0001,ITP-00278,Bizzarone,exit,Transmission,CH,0.0356
2025-06,IT-TSO-0001,UGS-00475,Italgasstorage (IT),exit,Storage,IT,0.5922
2025-06,IT-TSO-0001,FNC-00006,Thermal Plants (IT),exit,Final Consumers,IT,16.4414
2025-06,IT-TSO-0001,PRD-00154,IT - Indigenous Production,entry,Production,IT,2.724
2025-06,IT-TSO-0001,DIS-00005,Distribution (IT),exit,Distribution,IT,9.5148
2025-06,IT-TSO-0001,ITP-00040,Tarvisio (IT) / Arnoldstein (AT),exit,Transmission,AT,1.6952
2025-06,IT-TSO-0001,ITP-00049,Gorizia (IT) /Šempeter (SI),entry,Transmission,SI,0.0
2025-06,IT-TSO-0001,ITP-00093,Mazara del Vallo,entry,Transmission,DZ,19.3839
2025-06,IT-TSO-0001,ITP-00136,Griespass (CH) / Passo Gries (IT),entry,Transmission,CH,10.1536
2025-06,IT-TSO-0001,LNG-00004,OLT LNG / Livorno,entry,LNG Terminals,IT,4.2187
2025-06,IT-TSO-0001,ITP-00008,Melendugno - IT / TAP,exit,Transmission,AL,0.0
2025-06,IT-TSO-0001,LNG-00069,PIOMBINO TERMINAL,entry,LNG Terminals,IT,3.8841
2025-06,ES-TSO-0006,VTP-00043,TVB,entry,LNG Terminals,ES,17.4271
2025-06,ES-TSO-0006,PRD-00231,Aggregated Production Sites (ES),entry,Production,ES,0.0
2025-06,ES-TSO-0006,ITP-00082,Tarifa,exit,Transmission,MA,0.8539
2025-06,ES-TSO-0006,LNG-00022,Cartagena,entry,LNG Terminals,ES,3.3942
2025-06,ES-TSO-0006,LNG-00021,Mugardos,entry,LNG Terminals,ES,2.0906
2025-06,ES-TSO-0006,LNG-00013,Bilbao,entry,LNG Terminals,ES,2.4468
2025-06,ES-TSO-0006,ITP-00048,Almería,entry,Transmission,DZ,8.0218
2025-06,ES-TSO-0006,ITP-00286,VIP IBERICO,exit,Transmission,PT,0.1709
2025-06,ES-TSO-0006,ITP-00304,VIP PIRINEOS,exit,Transmission,FR,0.0402
2025-06,ES-TSO-0006,UGS-00024,BASIC UGS - AASS Unificado,exit,Storage,ES,0.3437
2025-06,ES-TSO-0006,LNG-00018,Huelva,entry,LNG Terminals,ES,2.4705
2025-06,ES-TSO-0006,LNG-00016,Musel,entry,LNG Terminals,ES,0.9342
2025-06,ES-TSO-0006,ITP-00304,VIP PIRINEOS,entry,Transmission,FR,0.4191
2025-06,ES-TSO-0006,FNC-00043,Aggregated Distribution + Final Customers Exits (ES),exit,Final Consumers,ES,17.1455
2025-06,ES-TSO-0006,LNG-00012,Barcelona,entry,LNG Terminals,ES,2.8483
2025-06,ES-TSO-0006,LNG-00023,Sagunto,entry,LNG Terminals,ES,3.2379
2025-06,ES-TSO-0006,ITP-00286,VIP IBERICO,entry,Transmission,PT,0.1367
2025-06,ES-TSO-0006,UGS-00024,BASIC UGS - AASS Unificado,entry,Storage,ES,0.0
2025-06,FR-TSO-0003,ITP-00115,Blaregnies L (BE) / Taisnières B (FR),entry,Transmission,BE,1.328
2025-06,FR-TSO-0003,ITP-00039,Oltingue (FR) / Rodersdorf (CH),exit,Transmission,CH,7.8084
2025-06,FR-TSO-0003,LNG-00003,Dunkerque LNG / PEG North,entry,,,8.7625
2025-06,FR-TSO-0003,DIS-00197,GRTgaz aggregated distribution consumers,exit,Distribution,FR,5.4386
2025-06,FR-TSO-0003,ITP-00541,Atlantique,exit,Storage,FR,9.2509
2025-06,FR-TSO-0003,LNG-00024,Montoir de Bretagne,entry,LNG Terminals,FR,8.8392
2025-06,FR-TSO-0003,UGS-00285,Nord-B / SEDIANE B,entry,Storage,FR,0.0
2025-06,FR-TSO-0003,UGS-00288,Sud-Est / SALINE,exit,Storage,FR,0.7669
2025-06,FR-TSO-0003,ITP-00526,VIRTUALYS,exit,Transmission,BE,4.2315
2025-06,FR-TSO-0003,PRD-00331,GRTgaz aggregated producers (FR),entry,Production,FR,0.2097
2025-06,FR-TSO-0003,LNG-00071,Le Havre (FR),entry,LNG Terminals,FR,0.0
2025-06,FR-TSO-0003,LNG-00029,Fos (Tonkin/Cavaou),entry,LNG Terminals,FR,6.4097
2025-06,FR-TSO-0003,ITP-00137,Obergailbach (FR) / Medelsheim (DE),entry,Transmission,DE,0.0
2025-06,FR-TSO-0003,ITP-00045,Dunkerque,entry,Transmission,NO,14.5152
2025-06,FR-TSO-0003,UGS-00284,Nord-Ouest / SEDIANE,exit,Storage,FR,1.0659
2025-06,FR-TSO-0003,UGS-00286,Nord-Est / SERENE Nord,exit,Storage,FR,1.3536
2025-06,FR-TSO-0003,FNC-00201,GRTgaz aggregated industrial consumers,exit,Final Consumers,FR,7.4537
2025-06,UK-TSO-0001,LNG-00049,Milford Haven,entry,LNG Terminals,UK,1.8714
2025-06,UK-TSO-0001,PRD-00152,Burton Point,entry,Production,UK,0.0
2025-06,UK-TSO-0001,PRD-00151,Barrow,entry,Production,UK,0.8475
2025-06,UK-TSO-0001,ITP-00091,Easington,entry,Transmission,NO,10.8238
2025-06,UK-TSO-0001,UGS-00282,Hornsea,entry,Storage,UK,0.0209
2025-06,UK-TSO-0001,LNG-00008,Isle of Grain,entry,LNG Terminals,UK,0.9634
2025-06,UK-TSO-0001,ITP-00022,St. Fergus,entry,Transmission,NO,13.8866
2025-06,UK-TSO-0001,LNG-00007,Teesside,entry,Production,UK,6.007
2025-06,UK-TSO-0001,ITP-00090,Moffat,exit,Transmission,UK,4.109
2025-06,UK-TSO-0001,ITP-00005,Bacton (IUK),exit,Transmission,UK,9.4819
2025-06,UK-TSO-0001,ITP-00207,Bacton (BBL),exit,Transmission,NL,4.1144
2025-06,UK-TSO-0001,UGS-00277,Cheshire Storage,entry,Storage,UK,2.489
2025-06,UK-TSO-0001,UGS-00279,Aldbrough,entry,Storage,UK,0.6339
2025-06,UK-TSO-0001,UGS-00281,Hole House Farm,entry,,,0.0
2025-06,UK-TSO-0001,UGS-00280,Hatfield Moor Storage,entry,Storage,UK,0.0
2025-06,UK-TSO-0001,UGS-00275,Humbly Grove,entry,Storage,UK,0.0
2025-06,UK-TSO-0001,ITP-00492,Bacton IPs,entry,Transmission,UK,0.0
2025-06,UK-TSO-0001,PRD-00156,Bacton (UKCS),entry,Production,UK,5.2491
2025-06,UK-TSO-0001,DIS-00063,Aberdeen,exit,Distribution,UK,0.1994
2025-06,UK-TSO-0001,DIS-00064,Alrewas (EM),exit,Distribution,UK,0.0
2025-06,UK-TSO-0001,DIS-00065,Alrewas (WM),exit,Distribution,UK,0.0
2025-06,UK-TSO-0001,DIS-00066,Armadale,exit,Distribution,UK,0.0903
2025-06,UK-TSO-0001,DIS-00067,Aspley,exit,Distribution,UK,0.6455
2025-06,UK-TSO-0001,DIS-00068,Asselby,exit,Distribution,UK,0.0155
2025-06,UK-TSO-0001,DIS-00069,Audley (NW),exit,Distribution,UK,0.0481
2025-06,UK-TSO-0001,DIS-00070,Audley (WM),exit,Distribution,UK,0.0
2025-06,UK-TSO-0001,DIS-00071,Austrey,exit,Distribution,UK,0.0
2025-06,UK-TSO-0001,DIS-00072,Aylesbeare,exit,Distribution,UK,0.0782
2025-06,UK-TSO-0001,UGS-00275,Humbly Grove,exit,Storage,UK,0.1653
2025-06,UK-TSO-0001,DIS-00073,Bacton,exit,Distribution,UK,0.0076
2025-06,UK-TSO-0001,DIS-00074,Baldersby,exit,Distribution,UK,0.0065
2025-06,UK-TSO-0001,DIS-00075,Balgray,exit,Distribution,UK,0.0591
2025-06,UK-TSO-0001,UGS-00279,Aldbrough,exit,Storage,UK,0.2694
2025-06,UK-TSO-0001,DIS-00076,Bathgate,exit,Distribution,UK,0.0104
2025-06,UK-TSO-0001,DIS-00077,Bishop Auckland,exit,Distribution,UK,0.5542
2025-06,UK-TSO-0001,DIS-00078,Blaby,exit,Distribution,UK,0.1984
2025-06,UK-TSO-0001,DIS-00079,Blackrod,exit,Distribution,UK,0.018
2025-06,UK-TSO-0001,DIS-00080,Blyborough,exit,Distribution,UK,0.0004
2025-06,UK-TSO-0001,DIS-00081,Braishfield A,exit,Distribution,UK,0.3881
2025-06,UK-TSO-0001,DIS-00082,Braishfield B,exit,Distribution,UK,0.0856
2025-06,UK-TSO-0001,DIS-00083,Brisley,exit,Distribution,UK,0.0198
2025-06,UK-TSO-0001,DIS-00084,Broxburn,exit,Distribution,UK,0.1845
2025-06,UK-TSO-0001,DIS-00085,Burley Bank,exit,Distribution,UK,0.1277
2025-06,UK-TSO-0001,DIS-00183,Burnhervie,exit,Distribution,UK,0.0051
2025-06,UK-TSO-0001,DIS-00086,Caldecott,exit,Distribution,UK,0.0
2025-06,UK-TSO-0001,DIS-00087,Careston,exit,Distribution,UK,0.0187
2025-06,UK-TSO-0001,UGS-00216,Stublach,exit,Storage,UK,0.582
2025-06,UK-TSO-0001,DIS-00088,Cirencester,exit,Distribution,UK,0.0169
2025-06,UK-TSO-0001,DIS-00089,Coffinswell,exit,Distribution,UK,0.0188
2025-06,UK-TSO-0001,DIS-00090,Coldstream,exit,Distribution,UK,0.0066
2025-06,UK-TSO-0001,DIS-00091,Corbridge,exit,Distribution,UK,0.0001
2025-06,UK-TSO-0001,DIS-00092,Cowpen Bewley,exit,Distribution,UK,0.2015
2025-06,UK-TSO-0001,DIS-00093,Dowlais,exit,Distribution,UK,0.3994
2025-06,UK-TSO-0001,DIS-00094,Drointon,exit,Distribution,UK,0.6463
2025-06,UK-TSO-0001,DIS-00095,Drum,exit,Distribution,UK,0.9166
2025-06,UK-TSO-0001,DIS-00096,Dyffryn Clydach,exit,Distribution,UK,0.1773
2025-06,UK-TSO-0001,DIS-00097,Easton Grey,exit,Distribution,UK,0.0
2025-06,UK-TSO-0001,DIS-00098,Ecclestone,exit,Distribution,UK,0.1494
2025-06,UK-TSO-0001,DIS-00099,Elton,exit,Distribution,UK,0.2413
2025-06,UK-TSO-0001,DIS-00100,Evesham,exit,Distribution,UK,0.0147
2025-06,UK-TSO-0001,DIS-00101,Farningham,exit,Distribution,UK,0.0582
2025-06,UK-TSO-0001,DIS-00102,Farningham B,exit,Distribution,UK,0.0151
2025-06,UK-TSO-0001,DIS-00103,Fiddington,exit,Distribution,UK,0.1478
2025-06,UK-TSO-0001,DIS-00104,Ganstead,exit,Distribution,UK,0.0023
2025-06,UK-TSO-0001,DIS-00105,Gilwern,exit,Distribution,UK,0.3156
2025-06,UK-TSO-0001,DIS-00106,Glenmavis,exit,Distribution,UK,0.1072
2025-06,UK-TSO-0001,DIS-00107,Gosberton,exit,Distribution,UK,0.0015
2025-06,UK-TSO-0001,DIS-00108,Great Wilbraham,exit,Distribution,UK,0.0922
2025-06,UK-TSO-0001,DIS-00109,Guyzance,exit,Distribution,UK,0.0083
2025-06,UK-TSO-0001,DIS-00110,Hardwick,exit,Distribution,UK,0.3076
2025-06,UK-TSO-0001,UGS-00408,Hatfield Moor Max Refill,exit,Storage,UK,0.0195
2025-06,UK-TSO-0001,UGS-00182,Hill Top Farm,exit,Storage,UK,0.215
2025-06,UK-TSO-0001,UGS-00281,Hole House Farm,exit,,,0.0
2025-06,UK-TSO-0001,UGS-00181,Holford,exit,Storage,UK,0.1112
2025-06,UK-TSO-0001,DIS-00111,Holmes Chapel,exit,Distribution,UK,0.1298
2025-06,UK-TSO-0001,DIS-00112,Horndon,exit,Distribution,UK,0.0073
2025-06,UK-TSO-0001,UGS-00409,Hornsea Max Refill,exit,Storage,UK,0.4761
2025-06,UK-TSO-0001,DIS-00113,Humbleton,exit,Distribution,UK,0.0004
2025-06,UK-TSO-0001,DIS-00114,Hume,exit,Distribution,UK,0.0101
2025-06,UK-TSO-0001,DIS-00115,Ilchester,exit,Distribution,UK,0.1734
2025-06,UK-TSO-0001,FNC-00011,Industrial Offtakes (UK),exit,Final Consumers,UK,0.7787
2025-06,UK-TSO-0001,DIS-00117,Ipsden 2,exit,Distribution,UK,0.0004
2025-06,UK-TSO-0001,DIS-00116,Ipsden,exit,Distribution,UK,0.0001
2025-06,UK-TSO-0001,DIS-00118,Keld,exit,Distribution,UK,0.0
2025-06,UK-TSO-0001,DIS-00119,Kenn,exit,Distribution,UK,0.2076
2025-06,UK-TSO-0001,DIS-00120,Kinknockie,exit,Distribution,UK,0.0105
2025-06,UK-TSO-0001,DIS-00121,Kirkstead,exit,Distribution,UK,0.003
2025-06,UK-TSO-0001,DIS-00122,Langholm,exit,Distribution,UK,0.0
2025-06,UK-TSO-0001,DIS-00123,Leamington,exit,Distribution,UK,0.0002
2025-06,UK-TSO-0001,DIS-00124,Little Burdon,exit,Distribution,UK,0.0008
2025-06,UK-TSO-0001,DIS-00125,Littleton Drew,exit,Distribution,UK,0.0
2025-06,UK-TSO-0001,DIS-00126,Lockerbie,exit,Distribution,UK,0.0375
2025-06,UK-TSO-0001,DIS-00127,Lower Quinton,exit,Distribution,UK,0.004
2025-06,UK-TSO-0001,DIS-00128,Lupton,exit,Distribution,UK,0.1641
2025-06,UK-TSO-0001,DIS-00129,Luxborough Lane,exit,Distribution,UK,0.0
2025-06,UK-TSO-0001,DIS-00130,Lyneham (Choakford),exit,Distribution,UK,0.0009
2025-06,UK-TSO-0001,DIS-00131,Maelor,exit,Distribution,UK,0.2674
2025-06,UK-TSO-0001,DIS-00132,Malpas,exit,Distribution,UK,0.0017
2025-06,UK-TSO-0001,DIS-00133,Mappowder,exit,Distribution,UK,0.2565
2025-06,UK-TSO-0001,DIS-00134,Market Harborough,exit,Distribution,UK,0.0
2025-06,UK-TSO-0001,DIS-00135,Matching Green,exit,Distribution,UK,0.6592
2025-06,UK-TSO-0001,DIS-00136,Melkinthorpe,exit,Distribution,UK,0.04
2025-06,UK-TSO-0001,DIS-00137,Mickle Trafford,exit,Distribution,UK,0.0388
2025-06,UK-TSO-0001,DIS-00138,Milwich,exit,Distribution,UK,0.0016
2025-06,UK-TSO-0001,DIS-00139,Netherhowcleugh,exit,Distribution,UK,0.0007
2025-06,UK-TSO-0001,DIS-00140,Pannal,exit,Distribution,UK,0.6153
2025-06,UK-TSO-0001,DIS-00141,Partington,exit,Distribution,UK,1.217
2025-06,UK-TSO-0001,DIS-00142,Paull,exit,Distribution,UK,0.253
2025-06,UK-TSO-0001,DIS-00143,Peterborough Eye (Tee),exit,Distribution,UK,0.0848
2025-06,UK-TSO-0001,DIS-00144,Peters Green,exit,Distribution,UK,1.0485
2025-06,UK-TSO-0001,DIS-00145,Peters Green South Mimms,exit,Distribution,UK,0.5566
2025-06,UK-TSO-0001,DIS-00146,Pickering,exit,Distribution,UK,0.0115
2025-06,UK-TSO-0001,DIS-00147,Pitcairngreen,exit,Distribution,UK,0.0231
2025-06,UK-TSO-0001,FNC-00012,Power Stations (UK),exit,Final Consumers,UK,6.7478
2025-06,UK-TSO-0001,DIS-00148,Pucklechurch,exit,Distribution,UK,0.001
2025-06,UK-TSO-0001,DIS-00149,Rawcliffe,exit,Distribution,UK,0.0294
2025-06,UK-TSO-0001,DIS-00150,Ross (SW),exit,Distribution,UK,0.026
2025-06,UK-TSO-0001,DIS-00151,Ross (WM),exit,Distribution,UK,0.0954
2025-06,UK-TSO-0001,DIS-00152,Roudham Heath,exit,Distribution,UK,0.2269
2025-06,UK-TSO-0001,UGS-00235,Rough,exit,Storage,UK,0.0
2025-06,UK-TSO-0001,DIS-00153,Royston,exit,Distribution,UK,0.0168
2025-06,UK-TSO-0001,DIS-00154,Rugby,exit,Distribution,UK,0.5965
2025-06,UK-TSO-0001,DIS-00155,Saltwick Pressure Controlled,exit,Distribution,UK,0.0
2025-06,UK-TSO-0001,DIS-00156,Saltwick Volumetric Controlled,exit,Distribution,UK,0.0
2025-06,UK-TSO-0001,DIS-00157,Samlesbury,exit,Distribution,UK,0.6542
2025-06,UK-TSO-0001,DIS-00158,Seabank (DN),exit,Distribution,UK,0.1893
2025-06,UK-TSO-0001,DIS-00159,Shorne,exit,Distribution,UK,0.0119
2025-06,UK-TSO-0001,DIS-00161,Silk Willoughby,exit,Distribution,UK,0.0099
2025-06,UK-TSO-0001,DIS-00162,Soutra,exit,Distribution,UK,0.0059
2025-06,UK-TSO-0001,DIS-00163,St Fergus,exit,Distribution,UK,0.0055
2025-06,UK-TSO-0001,DIS-00165,Stratford-upon-Avon,exit,Distribution,UK,0.0206
2025-06,UK-TSO-0001,DIS-00166,Sutton Bridge,exit,Distribution,UK,0.0067
2025-06,UK-TSO-0001,DIS-00167,Tatsfield,exit,Distribution,UK,0.2674
2025-06,UK-TSO-0001,DIS-00168,Thornton Curtis,exit,Distribution,UK,0.9957
2025-06,UK-TSO-0001,DIS-00169,Thrintoft,exit,Distribution,UK,0.0237
2025-06,UK-TSO-0001,DIS-00170,Towlaw,exit,Distribution,UK,0.0017
2025-06,UK-TSO-0001,DIS-00171,Towton,exit,Distribution,UK,0.1538
2025-06,UK-TSO-0001,DIS-00172,Tur Langton,exit,Distribution,UK,0.0
2025-06,UK-TSO-0001,DIS-00173,Walesby,exit,Distribution,UK,0.0026
2025-06,UK-TSO-0001,DIS-00174,Warburton,exit,Distribution,UK,0.0
2025-06,UK-TSO-0001,DIS-00176,Weston Point,exit,Distribution,UK,0.0014
2025-06,UK-TSO-0001,DIS-00175,West Winch,exit,Distribution,UK,0.047
2025-06,UK-TSO-0001,DIS-00177,Wetheral,exit,Distribution,UK,0.001
2025-06,UK-TSO-0001,DIS-00178,Whitwell,exit,Distribution,UK,0.0998
2025-06,UK-TSO-0001,DIS-00179,Winkfield (NT),exit,Distribution,UK,0.0
2025-06,UK-TSO-0001,DIS-00180,Winkfield (SE),exit,Distribution,UK,0.4837
2025-06,UK-TSO-0001,DIS-00181,Winkfield (SO),exit,Distribution,UK,0.2695
2025-06,UK-TSO-0001,DIS-00182,Yelverton,exit,Distribution,UK,0.0
2025-06,FR-TSO-0003,UGS-00285,Nord-B / SEDIANE B,exit,Storage,FR,0.8519
2025-06,UK-TSO-0001,DIS-00160,Shustoke,exit,Distribution,UK,0.0
2025-06,FR-TSO-0003,ITP-00526,VIRTUALYS,entry,Transmission,BE,0.0062
2025-07,UK-TSO-0002,DIS-00015,Greater Belfast,exit,Distribution,UK,0.4667
2025-07,UK-TSO-0002,ITP-00077,Twynholm,entry,Transmission,UK,1.1506
2025-07,UK-TSO-0002,DIS-00017,PTL Stranraer,exit,Distribution,UK,0.0095
2025-07,UK-TSO-0002,ITP-00298,Carrickfergus,exit,Transmission,UK,0.2139
2025-07,PT-TSO-0001,UGS-00010,Carriço,entry,Storage,PT,0.0359
2025-07,PT-TSO-0001,UGS-00010,Carriço,exit,Storage,PT,0.1451
2025-07,PT-TSO-0001,FNC-00001,Final Consumers (PT),exit,Final Consumers,PT,2.0155
2025-07,PT-TSO-0001,DIS-00001,Distribution (PT),exit,Distribution,PT,1.5215
2025-07,PT-TSO-0001,LNG-00026,Sines,entry,LNG Terminals,PT,3.5443
2025-07,PT-TSO-0001,ITP-00286,VIP IBERICO,entry,Transmission,ES,0.1149
2025-07,PT-TSO-0001,ITP-00286,VIP IBERICO,exit,Transmission,ES,0.0
2025-07,FR-TSO-0002,FNC-00015,TEREGA Delivery Pool - Industrials (FR),exit,Final Consumers,FR,0.2769
2025-07,FR-TSO-0002,DIS-00188,TEREGA Delivery Pool - Distribution (FR),exit,Distribution,FR,0.3905
2025-07,FR-TSO-0002,ITP-00304,VIP PIRINEOS,entry,Transmission,ES,0.001
2025-07,FR-TSO-0002,ITP-00304,VIP PIRINEOS,exit,Transmission,ES,1.5294
2025-07,FR-TSO-0002,UGS-00017,Lussagnet,entry,Storage,FR,2.0143
2025-07,FR-TSO-0002,UGS-00017,Lussagnet,exit,Storage,FR,3.3144
2025-07,FR-TSO-0002,PRD-00330,TEREGA Biomethane Production Pool,entry,Production,FR,0.0264
2025-07,UK-TSO-0004,ITP-00207,Bacton (BBL),entry,Transmission,UK,5.6534
2025-07,UK-TSO-0004,ITP-00207,Bacton (BBL),exit,Transmission,UK,0.0
2025-07,UK-TSO-0003,ITP-00061,Zeebrugge IZT,entry,Transmission,BE,0.0
2025-07,UK-TSO-0003,ITP-00061,Zeebrugge IZT,exit,Transmission,BE,11.5323
2025-07,UK-TSO-0003,ITP-00005,Bacton (IUK),entry,Transmission,UK,11.4939
2025-07,UK-TSO-0003,ITP-00005,Bacton (IUK),exit,Transmission,UK,0.0
2025-07,IT-TSO-0001,FNC-00006,Thermal Plants (IT),exit,Final Consumers,IT,20.6299
2025-07,IT-TSO-0001,ITP-00288,SRG Delivery to other transmission networks,exit,Transmission,IT,0.7924
2025-07,IT-TSO-0001,PRD-00154,IT - Indigenous Production,entry,Production,IT,2.7749
2025-07,IT-TSO-0001,FNC-00005,Industrial Consumers (IT),exit,Final Consumers,IT,10.6673
2025-07,IT-TSO-0001,DIS-00005,Distribution (IT),exit,Distribution,IT,9.7494
2025-07,IT-TSO-0001,ITP-00040,Tarvisio (IT) / Arnoldstein (AT),entry,Transmission,AT,0.0325
2025-07,IT-TSO-0001,ITP-00040,Tarvisio (IT) / Arnoldstein (AT),exit,Transmission,AT,1.1777
2025-07,IT-TSO-0001,LNG-00019,PANIGAGLIA TERMINAL,entry,LNG Terminals,IT,2.6424
2025-07,IT-TSO-0001,ITP-00049,Gorizia (IT) /Šempeter (SI),entry,Transmission,SI,0.0
2025-07,IT-TSO-0001,ITP-00049,Gorizia (IT) /Šempeter (SI),exit,Transmission,SI,0.006
2025-07,IT-TSO-0001,ITP-00093,Mazara del Vallo,entry,Transmission,DZ,16.6759
2025-07,IT-TSO-0001,LNG-00015,Cavarzere (Porto Levante / Adriatic LNG),entry,LNG Terminals,IT,8.21
2025-07,IT-TSO-0001,ITP-00074,Gela,entry,Transmission,LY,0.4562
2025-07,IT-TSO-0001,ITP-00136,Griespass (CH) / Passo Gries (IT),entry,Transmission,CH,12.1301
2025-07,IT-TSO-0001,ITP-00136,Griespass (CH) / Passo Gries (IT),exit,Transmission,CH,0.0
2025-07,IT-TSO-0001,UGS-00023,UGS - IT - Snam Rete Gas/Stogit Adriatica,entry,Storage,IT,0.0
2025-07,IT-TSO-0001,UGS-00023,UGS - IT - Snam Rete Gas/Stogit Adriatica,exit,Storage,IT,1.4419
2025-07,IT-TSO-0001,UGS-00008,UGS - IT - Snam Rete Gas/STOGIT,entry,Storage,IT,0.0
2025-07,IT-TSO-0001,UGS-00008,UGS - IT - Snam Rete Gas/STOGIT,exit,Storage,IT,16.5866
2025-07,IT-TSO-0001,LNG-00004,OLT LNG / Livorno,entry,LNG Terminals,IT,4.242
2025-07,IT-TSO-0001,ITP-00283,Rep. San Marino,exit,Transmission,SM,0.0194
2025-07,IT-TSO-0001,ITP-00278,Bizzarone,exit,Transmission,CH,0.0359
2025-07,IT-TSO-0001,ITP-00008,Melendugno - IT / TAP,entry,Transmission,AL,9.0236
2025-07,IT-TSO-0001,ITP-00008,Melendugno - IT / TAP,exit,Transmission,AL,0.0
2025-07,IT-TSO-0001,UGS-00475,Italgasstorage (IT),entry,Storage,IT,0.0
2025-07,IT-TSO-0001,UGS-00475,Italgasstorage (IT),exit,Storage,IT,0.5563
2025-07,IT-TSO-0001,LNG-00082,RAVENNA TERMINAL,entry,LNG Terminals,IT,2.3559
2025-07,IT-TSO-0001,LNG-00069,PIOMBINO TERMINAL,entry,LNG Terminals,IT,3.7888
2025-07,ES-TSO-0006,VTP-00043,TVB,entry,LNG Terminals,ES,16.6276
2025-07,ES-TSO-0006,FNC-00043,Aggregated Distribution + Final Customers Exits (ES),exit,Final Consumers,ES,16.6795
2025-07,ES-TSO-0006,PRD-00231,Aggregated Production Sites (ES),entry,Production,ES,0.0
2025-07,ES-TSO-0006,ITP-00082,Tarifa,exit,Transmission,MA,0.9752
2025-07,ES-TSO-0006,LNG-00012,Barcelona,entry,LNG Terminals,ES,2.7354
2025-07,ES-TSO-0006,LNG-00022,Cartagena,entry,LNG Terminals,ES,2.4742
2025-07,ES-TSO-0006,LNG-00018,Huelva,entry,LNG Terminals,ES,4.5621
2025-07,ES-TSO-0006,LNG-00021,Mugardos,entry,LNG Terminals,ES,1.6971
2025-07,ES-TSO-0006,LNG-00023,Sagunto,entry,LNG Terminals,ES,1.6594
2025-07,ES-TSO-0006,LNG-00013,Bilbao,entry,LNG Terminals,ES,2.5753
2025-07,ES-TSO-0006,LNG-00016,Musel,entry,LNG Terminals,ES,0.9674
2025-07,ES-TSO-0006,ITP-00048,Almería,entry,Transmission,DZ,9.4357
2025-07,ES-TSO-0006,ITP-00286,VIP IBERICO,entry,Transmission,PT,0.0
2025-07,ES-TSO-0006,ITP-00286,VIP IBERICO,exit,Transmission,PT,0.116
2025-07,ES-TSO-0006,ITP-00304,VIP PIRINEOS,entry,Transmission,FR,1.5239
2025-07,ES-TSO-0006,ITP-00304,VIP PIRINEOS,exit,Transmission,FR,0.0009
2025-07,ES-TSO-0006,UGS-00024,BASIC UGS - AASS Unificado,entry,Storage,ES,0.0
2025-07,ES-TSO-0006,UGS-00024,BASIC UGS - AASS Unificado,exit,Storage,ES,2.0129
2025-07,FR-TSO-0003,LNG-00029,Fos (Tonkin/Cavaou),entry,LNG Terminals,FR,4.905
2025-07,FR-TSO-0003,ITP-00115,Blaregnies L (BE) / Taisnières B (FR),entry,Transmission,BE,2.0143
2025-07,FR-TSO-0003,LNG-00024,Montoir de Bretagne,entry,LNG Terminals,FR,8.5553
2025-07,FR-TSO-0003,ITP-00039,Oltingue (FR) / Rodersdorf (CH),exit,Transmission,CH,7.8232
2025-07,FR-TSO-0003,ITP-00137,Obergailbach (FR) / Medelsheim (DE),entry,Transmission,DE,0.0
2025-07,FR-TSO-0003,ITP-00045,Dunkerque,entry,Transmission,NO,16.4661
2025-07,FR-TSO-0003,LNG-00003,Dunkerque LNG / PEG North,entry,,,7.2614
2025-07,FR-TSO-0003,UGS-00285,Nord-B / SEDIANE B,exit,Storage,FR,1.5889
2025-07,FR-TSO-0003,UGS-00284,Nord-Ouest / SEDIANE,exit,Storage,FR,1.3585
2025-07,FR-TSO-0003,UGS-00286,Nord-Est / SERENE Nord,entry,Storage,FR,0.0005
2025-07,FR-TSO-0003,UGS-00288,Sud-Est / SALINE,exit,Storage,FR,1.16
2025-07,FR-TSO-0003,ITP-00526,VIRTUALYS,exit,Transmission,BE,3.1337
2025-07,FR-TSO-0003,DIS-00197,GRTgaz aggregated distribution consumers,exit,Distribution,FR,5.0237
2025-07,FR-TSO-0003,PRD-00331,GRTgaz aggregated producers (FR),entry,Production,FR,0.2166
2025-07,FR-TSO-0003,FNC-00201,GRTgaz aggregated industrial consumers,exit,Final Consumers,FR,7.9543
2025-07,FR-TSO-0003,ITP-00541,Atlantique,exit,Storage,FR,6.5674
2025-07,FR-TSO-0003,LNG-00071,Le Havre (FR),entry,LNG Terminals,FR,0.0
2025-07,UK-TSO-0001,LNG-00049,Milford Haven,entry,LNG Terminals,UK,2.1316
2025-07,UK-TSO-0001,ITP-00091,Easington,entry,Transmission,NO,19.7869
2025-07,UK-TSO-0001,UGS-00282,Hornsea,entry,Storage,UK,0.0476
2025-07,UK-TSO-0001,LNG-00007,Teesside,entry,Production,UK,8.4913
2025-07,UK-TSO-0001,ITP-00207,Bacton (BBL),exit,Transmission,NL,5.6453
2025-07,UK-TSO-0001,UGS-00277,Cheshire Storage,entry,Storage,UK,1.0395
2025-07,UK-TSO-0001,UGS-00280,Hatfield Moor Storage,entry,Storage,UK,0.0
2025-07,UK-TSO-0001,ITP-00492,Bacton IPs,entry,Transmission,UK,0.0
2025-07,UK-TSO-0001,DIS-00063,Aberdeen,exit,Distribution,UK,0.1494
2025-07,UK-TSO-0001,DIS-00066,Armadale,exit,Distribution,UK,0.0709
2025-07,UK-TSO-0001,DIS-00067,Aspley,exit,Distribution,UK,1.1075
2025-07,UK-TSO-0001,DIS-00070,Audley (WM),exit,Distribution,UK,0.0
2025-07,UK-TSO-0001,DIS-00071,Austrey,exit,Distribution,UK,0.0085
2025-07,UK-TSO-0001,UGS-00275,Humbly Grove,exit,Storage,UK,0.7641
2025-07,UK-TSO-0001,DIS-00073,Bacton,exit,Distribution,UK,0.0067
2025-07,UK-TSO-0001,UGS-00279,Aldbrough,exit,Storage,UK,1.2857
2025-07,UK-TSO-0001,DIS-00076,Bathgate,exit,Distribution,UK,0.0024
2025-07,UK-TSO-0001,DIS-00079,Blackrod,exit,Distribution,UK,0.0
2025-07,UK-TSO-0001,DIS-00080,Blyborough,exit,Distribution,UK,0.002
2025-07,UK-TSO-0001,DIS-00083,Brisley,exit,Distribution,UK,0.0232
2025-07,UK-TSO-0001,DIS-00084,Broxburn,exit,Distribution,UK,0.1591
2025-07,UK-TSO-0001,DIS-00086,Caldecott,exit,Distribution,UK,0.0
2025-07,UK-TSO-0001,DIS-00087,Careston,exit,Distribution,UK,0.0113
2025-07,UK-TSO-0001,DIS-00089,Coffinswell,exit,Distribution,UK,0.0185
2025-07,UK-TSO-0001,DIS-00091,Corbridge,exit,Distribution,UK,0.0
2025-07,UK-TSO-0001,DIS-00093,Dowlais,exit,Distribution,UK,0.3652
2025-07,UK-TSO-0001,DIS-00094,Drointon,exit,Distribution,UK,0.5856
2025-07,UK-TSO-0001,DIS-00097,Easton Grey,exit,Distribution,UK,0.0
2025-07,UK-TSO-0001,DIS-00098,Ecclestone,exit,Distribution,UK,0.1772
2025-07,UK-TSO-0001,DIS-00101,Farningham,exit,Distribution,UK,0.0445
2025-07,UK-TSO-0001,DIS-00102,Farningham B,exit,Distribution,UK,0.0003
2025-07,UK-TSO-0001,DIS-00105,Gilwern,exit,Distribution,UK,0.3201
2025-07,UK-TSO-0001,DIS-00106,Glenmavis,exit,Distribution,UK,0.8611
2025-07,UK-TSO-0001,DIS-00109,Guyzance,exit,Distribution,UK,0.0071
2025-07,UK-TSO-0001,DIS-00110,Hardwick,exit,Distribution,UK,0.3524
2025-07,UK-TSO-0001,UGS-00281,Hole House Farm,exit,,,0.0
2025-07,UK-TSO-0001,UGS-00181,Holford,exit,Storage,UK,0.1866
2025-07,UK-TSO-0001,UGS-00409,Hornsea Max Refill,exit,Storage,UK,0.219
2025-07,UK-TSO-0001,DIS-00113,Humbleton,exit,Distribution,UK,0.0003
2025-07,UK-TSO-0001,FNC-00011,Industrial Offtakes (UK),exit,Final Consumers,UK,0.8848
2025-07,UK-TSO-0001,DIS-00117,Ipsden 2,exit,Distribution,UK,0.0467
2025-07,UK-TSO-0001,DIS-00119,Kenn,exit,Distribution,UK,0.1877
2025-07,UK-TSO-0001,DIS-00120,Kinknockie,exit,Distribution,UK,0.007
2025-07,UK-TSO-0001,DIS-00123,Leamington,exit,Distribution,UK,0.0002
2025-07,UK-TSO-0001,DIS-00124,Little Burdon,exit,Distribution,UK,0.0
2025-07,UK-TSO-0001,DIS-00127,Lower Quinton,exit,Distribution,UK,0.0053
2025-07,UK-TSO-0001,DIS-00128,Lupton,exit,Distribution,UK,0.1687
2025-07,UK-TSO-0001,DIS-00131,Maelor,exit,Distribution,UK,0.2514
2025-07,UK-TSO-0001,DIS-00132,Malpas,exit,Distribution,UK,0.0015
2025-07,UK-TSO-0001,DIS-00135,Matching Green,exit,Distribution,UK,0.6733
2025-07,UK-TSO-0001,DIS-00136,Melkinthorpe,exit,Distribution,UK,0.0421
2025-07,UK-TSO-0001,DIS-00139,Netherhowcleugh,exit,Distribution,UK,0.0005
2025-07,UK-TSO-0001,DIS-00141,Partington,exit,Distribution,UK,1.5996
2025-07,UK-TSO-0001,DIS-00142,Paull,exit,Distribution,UK,0.3511
2025-07,UK-TSO-0001,DIS-00145,Peters Green South Mimms,exit,Distribution,UK,0.0173
2025-07,UK-TSO-0001,DIS-00146,Pickering,exit,Distribution,UK,0.0111
2025-07,UK-TSO-0001,FNC-00012,Power Stations (UK),exit,Final Consumers,UK,9.4599
2025-07,UK-TSO-0001,DIS-00149,Rawcliffe,exit,Distribution,UK,0.0291
2025-07,UK-TSO-0001,DIS-00150,Ross (SW),exit,Distribution,UK,0.0255
2025-07,UK-TSO-0001,UGS-00235,Rough,exit,Storage,UK,0.0
2025-07,UK-TSO-0001,DIS-00153,Royston,exit,Distribution,UK,0.0161
2025-07,UK-TSO-0001,DIS-00156,Saltwick Volumetric Controlled,exit,Distribution,UK,0.0
2025-07,UK-TSO-0001,DIS-00157,Samlesbury,exit,Distribution,UK,0.0879
2025-07,UK-TSO-0001,DIS-00160,Shustoke,exit,Distribution,UK,0.0
2025-07,UK-TSO-0001,DIS-00161,Silk Willoughby,exit,Distribution,UK,0.0087
2025-07,UK-TSO-0001,DIS-00165,Stratford-upon-Avon,exit,Distribution,UK,0.0001
2025-07,UK-TSO-0001,DIS-00166,Sutton Bridge,exit,Distribution,UK,0.0073
2025-07,UK-TSO-0001,DIS-00169,Thrintoft,exit,Distribution,UK,0.0209
2025-07,UK-TSO-0001,DIS-00170,Towlaw,exit,Distribution,UK,0.0014
2025-07,UK-TSO-0001,DIS-00173,Walesby,exit,Distribution,UK,0.0
2025-07,UK-TSO-0001,DIS-00174,Warburton,exit,Distribution,UK,0.0
2025-07,UK-TSO-0001,DIS-00177,Wetheral,exit,Distribution,UK,0.0001
2025-07,UK-TSO-0001,DIS-00178,Whitwell,exit,Distribution,UK,0.0
2025-07,UK-TSO-0001,DIS-00181,Winkfield (SO),exit,Distribution,UK,0.5475
2025-07,UK-TSO-0001,DIS-00182,Yelverton,exit,Distribution,UK,0.0009
2025-07,UK-TSO-0001,PRD-00152,Burton Point,entry,Production,UK,0.0
2025-07,UK-TSO-0001,PRD-00151,Barrow,entry,Production,UK,0.6953
2025-07,UK-TSO-0001,LNG-00008,Isle of Grain,entry,LNG Terminals,UK,0.1866
2025-07,UK-TSO-0001,ITP-00022,St. Fergus,entry,Transmission,NO,14.2948
2025-07,UK-TSO-0001,ITP-00090,Moffat,exit,Transmission,UK,4.7266
2025-07,UK-TSO-0001,ITP-00005,Bacton (IUK),exit,Transmission,UK,11.4939
2025-07,UK-TSO-0001,UGS-00279,Aldbrough,entry,Storage,UK,0.9199
2025-07,UK-TSO-0001,UGS-00281,Hole House Farm,entry,,,0.0
2025-07,UK-TSO-0001,UGS-00275,Humbly Grove,entry,Storage,UK,0.0
2025-07,UK-TSO-0001,PRD-00156,Bacton (UKCS),entry,Production,UK,3.883
2025-07,UK-TSO-0001,DIS-00064,Alrewas (EM),exit,Distribution,UK,0.0
2025-07,UK-TSO-0001,DIS-00065,Alrewas (WM),exit,Distribution,UK,0.0
2025-07,UK-TSO-0001,DIS-00068,Asselby,exit,Distribution,UK,0.0141
2025-07,UK-TSO-0001,DIS-00069,Audley (NW),exit,Distribution,UK,0.0462
2025-07,UK-TSO-0001,DIS-00072,Aylesbeare,exit,Distribution,UK,0.0705
2025-07,UK-TSO-0001,DIS-00074,Baldersby,exit,Distribution,UK,0.0066
2025-07,UK-TSO-0001,DIS-00075,Balgray,exit,Distribution,UK,0.0485
2025-07,UK-TSO-0001,DIS-00077,Bishop Auckland,exit,Distribution,UK,0.4055
2025-07,UK-TSO-0001,DIS-00078,Blaby,exit,Distribution,UK,0.1846
2025-07,UK-TSO-0001,DIS-00081,Braishfield A,exit,Distribution,UK,0.0422
2025-07,UK-TSO-0001,DIS-00082,Braishfield B,exit,Distribution,UK,0.0767
2025-07,UK-TSO-0001,DIS-00085,Burley Bank,exit,Distribution,UK,0.1382
2025-07,UK-TSO-0001,DIS-00183,Burnhervie,exit,Distribution,UK,0.0058
2025-07,UK-TSO-0001,UGS-00216,Stublach,exit,Storage,UK,1.8472
2025-07,UK-TSO-0001,DIS-00088,Cirencester,exit,Distribution,UK,0.0165
2025-07,UK-TSO-0001,DIS-00090,Coldstream,exit,Distribution,UK,0.0078
2025-07,UK-TSO-0001,DIS-00092,Cowpen Bewley,exit,Distribution,UK,0.1988
2025-07,UK-TSO-0001,DIS-00095,Drum,exit,Distribution,UK,0.005
2025-07,UK-TSO-0001,DIS-00096,Dyffryn Clydach,exit,Distribution,UK,0.1518
2025-07,UK-TSO-0001,DIS-00099,Elton,exit,Distribution,UK,0.1927
2025-07,UK-TSO-0001,DIS-00100,Evesham,exit,Distribution,UK,0.0094
2025-07,UK-TSO-0001,DIS-00103,Fiddington,exit,Distribution,UK,0.1339
2025-07,UK-TSO-0001,DIS-00104,Ganstead,exit,Distribution,UK,0.0028
2025-07,UK-TSO-0001,DIS-00107,Gosberton,exit,Distribution,UK,0.0001
2025-07,UK-TSO-0001,DIS-00108,Great Wilbraham,exit,Distribution,UK,0.0864
2025-07,UK-TSO-0001,UGS-00408,Hatfield Moor Max Refill,exit,Storage,UK,0.2712
2025-07,UK-TSO-0001,UGS-00182,Hill Top Farm,exit,Storage,UK,0.073
2025-07,UK-TSO-0001,DIS-00111,Holmes Chapel,exit,Distribution,UK,0.1186
2025-07,UK-TSO-0001,DIS-00112,Horndon,exit,Distribution,UK,0.0007
2025-07,UK-TSO-0001,DIS-00114,Hume,exit,Distribution,UK,0.0097
2025-07,UK-TSO-0001,DIS-00115,Ilchester,exit,Distribution,UK,0.1562
2025-07,UK-TSO-0001,DIS-00116,Ipsden,exit,Distribution,UK,0.0001
2025-07,UK-TSO-0001,DIS-00118,Keld,exit,Distribution,UK,0.0
2025-07,UK-TSO-0001,DIS-00121,Kirkstead,exit,Distribution,UK,0.0025
2025-07,UK-TSO-0001,DIS-00122,Langholm,exit,Distribution,UK,0.0
2025-07,UK-TSO-0001,DIS-00125,Littleton Drew,exit,Distribution,UK,0.0
2025-07,UK-TSO-0001,DIS-00126,Lockerbie,exit,Distribution,UK,0.0343
2025-07,UK-TSO-0001,DIS-00129,Luxborough Lane,exit,Distribution,UK,0.013
2025-07,UK-TSO-0001,DIS-00130,Lyneham (Choakford),exit,Distribution,UK,0.0
2025-07,UK-TSO-0001,DIS-00133,Mappowder,exit,Distribution,UK,0.2749
2025-07,UK-TSO-0001,DIS-00134,Market Harborough,exit,Distribution,UK,0.0
2025-07,UK-TSO-0001,DIS-00137,Mickle Trafford,exit,Distribution,UK,0.0031
2025-07,UK-TSO-0001,DIS-00138,Milwich,exit,Distribution,UK,0.0008
2025-07,UK-TSO-0001,DIS-00140,Pannal,exit,Distribution,UK,0.6612
2025-07,UK-TSO-0001,DIS-00143,Peterborough Eye (Tee),exit,Distribution,UK,0.0695
2025-07,UK-TSO-0001,DIS-00144,Peters Green,exit,Distribution,UK,1.3827
2025-07,UK-TSO-0001,DIS-00147,Pitcairngreen,exit,Distribution,UK,0.0201
2025-07,UK-TSO-0001,DIS-00148,Pucklechurch,exit,Distribution,UK,0.0
2025-07,UK-TSO-0001,DIS-00151,Ross (WM),exit,Distribution,UK,0.0992
2025-07,UK-TSO-0001,DIS-00152,Roudham Heath,exit,Distribution,UK,0.2601
2025-07,UK-TSO-0001,DIS-00154,Rugby,exit,Distribution,UK,0.0017
2025-07,UK-TSO-0001,DIS-00155,Saltwick Pressure Controlled,exit,Distribution,UK,0.0
2025-07,UK-TSO-0001,DIS-00158,Seabank (DN),exit,Distribution,UK,0.1678
2025-07,UK-TSO-0001,DIS-00159,Shorne,exit,Distribution,UK,0.0059
2025-07,UK-TSO-0001,DIS-00162,Soutra,exit,Distribution,UK,0.0
2025-07,UK-TSO-0001,DIS-00163,St Fergus,exit,Distribution,UK,0.0036
2025-07,UK-TSO-0001,DIS-00167,Tatsfield,exit,Distribution,UK,0.3928
2025-07,UK-TSO-0001,DIS-00168,Thornton Curtis,exit,Distribution,UK,0.9178
2025-07,UK-TSO-0001,DIS-00171,Towton,exit,Distribution,UK,0.0039
2025-07,UK-TSO-0001,DIS-00172,Tur Langton,exit,Distribution,UK,0.0089
2025-07,UK-TSO-0001,DIS-00176,Weston Point,exit,Distribution,UK,0.002
2025-07,UK-TSO-0001,DIS-00175,West Winch,exit,Distribution,UK,0.0415
2025-07,UK-TSO-0001,DIS-00179,Winkfield (NT),exit,Distribution,UK,0.0
2025-07,UK-TSO-0001,DIS-00180,Winkfield (SE),exit,Distribution,UK,0.2606
2025-07,FR-TSO-0003,UGS-00286,Nord-Est / SERENE Nord,exit,Storage,FR,1.1227
2025-07,FR-TSO-0003,ITP-00526,VIRTUALYS,entry,Transmission,BE,0.1206
2025-07,FR-TSO-0003,ITP-00137,Obergailbach (FR) / Medelsheim (DE),exit,Transmission,DE,0.0407
2025-08,UK-TSO-0002,ITP-00077,Twynholm,entry,Transmission,UK,1.1063
2025-08,UK-TSO-0002,ITP-00298,Carrickfergus,exit,Transmission,UK,0.2021
2025-08,UK-TSO-0002,DIS-00015,Greater Belfast,exit,Distribution,UK,0.1406
2025-08,UK-TSO-0002,DIS-00017,PTL Stranraer,exit,Distribution,UK,0.007
2025-08,PT-TSO-0001,UGS-00010,Carriço,entry,Storage,PT,0.0794
2025-08,PT-TSO-0001,UGS-00010,Carriço,exit,Storage,PT,0.1249
2025-08,PT-TSO-0001,FNC-00001,Final Consumers (PT),exit,Final Consumers,PT,2.098
2025-08,PT-TSO-0001,DIS-00001,Distribution (PT),exit,Distribution,PT,1.2136
2025-08,PT-TSO-0001,LNG-00026,Sines,entry,LNG Terminals,PT,3.726
2025-08,PT-TSO-0001,ITP-00286,VIP IBERICO,entry,Transmission,ES,0.086
2025-08,PT-TSO-0001,ITP-00286,VIP IBERICO,exit,Transmission,ES,0.4636
2025-08,UK-TSO-0004,ITP-00207,Bacton (BBL),entry,Transmission,UK,3.6727
2025-08,UK-TSO-0004,ITP-00207,Bacton (BBL),exit,Transmission,UK,0.0
2025-08,FR-TSO-0002,FNC-00015,TEREGA Delivery Pool - Industrials (FR),exit,Final Consumers,FR,0.2744
2025-08,FR-TSO-0002,DIS-00188,TEREGA Delivery Pool - Distribution (FR),exit,Distribution,FR,0.3458
2025-08,FR-TSO-0002,ITP-00304,VIP PIRINEOS,entry,Transmission,ES,0.0006
2025-08,FR-TSO-0002,ITP-00304,VIP PIRINEOS,exit,Transmission,ES,1.4562
2025-08,FR-TSO-0002,UGS-00017,Lussagnet,entry,Storage,FR,1.7725
2025-08,FR-TSO-0002,UGS-00017,Lussagnet,exit,Storage,FR,6.3529
2025-08,FR-TSO-0002,PRD-00330,TEREGA Biomethane Production Pool,entry,Production,FR,0.028
2025-08,UK-TSO-0003,ITP-00061,Zeebrugge IZT,entry,Transmission,BE,0.0
2025-08,UK-TSO-0003,ITP-00061,Zeebrugge IZT,exit,Transmission,BE,7.4387
2025-08,UK-TSO-0003,ITP-00005,Bacton (IUK),entry,Transmission,UK,7.4229
2025-08,UK-TSO-0003,ITP-00005,Bacton (IUK),exit,Transmission,UK,0.0
2025-08,IT-TSO-0001,FNC-00006,Thermal Plants (IT),exit,Final Consumers,IT,16.3987
2025-08,IT-TSO-0001,ITP-00288,SRG Delivery to other transmission networks,exit,Transmission,IT,0.508
2025-08,IT-TSO-0001,FNC-00005,Industrial Consumers (IT),exit,Final Consumers,IT,7.5357
2025-08,IT-TSO-0001,ITP-00040,Tarvisio (IT) / Arnoldstein (AT),entry,Transmission,AT,0.7728
2025-08,IT-TSO-0001,ITP-00049,Gorizia (IT) /Šempeter (SI),entry,Transmission,SI,0.0
2025-08,IT-TSO-0001,ITP-00049,Gorizia (IT) /Šempeter (SI),exit,Transmission,SI,0.0014
2025-08,IT-TSO-0001,LNG-00015,Cavarzere (Porto Levante / Adriatic LNG),entry,LNG Terminals,IT,0.0902
2025-08,IT-TSO-0001,ITP-00136,Griespass (CH) / Passo Gries (IT),exit,Transmission,CH,0.0
2025-08,IT-TSO-0001,UGS-00023,UGS - IT - Snam Rete Gas/Stogit Adriatica,entry,Storage,IT,0.0
2025-08,IT-TSO-0001,UGS-00008,UGS - IT - Snam Rete Gas/STOGIT,exit,Storage,IT,15.4726
2025-08,IT-TSO-0001,LNG-00004,OLT LNG / Livorno,entry,LNG Terminals,IT,4.295
2025-08,IT-TSO-0001,ITP-00008,Melendugno - IT / TAP,entry,Transmission,AL,8.9165
2025-08,IT-TSO-0001,ITP-00008,Melendugno - IT / TAP,exit,Transmission,AL,0.0
2025-08,IT-TSO-0001,LNG-00082,RAVENNA TERMINAL,entry,LNG Terminals,IT,1.7793
2025-08,IT-TSO-0001,LNG-00069,PIOMBINO TERMINAL,entry,LNG Terminals,IT,4.0976
2025-08,IT-TSO-0001,PRD-00154,IT - Indigenous Production,entry,Production,IT,2.7709
2025-08,IT-TSO-0001,DIS-00005,Distribution (IT),exit,Distribution,IT,7.9417
2025-08,IT-TSO-0001,ITP-00040,Tarvisio (IT) / Arnoldstein (AT),exit,Transmission,AT,0.559
2025-08,IT-TSO-0001,LNG-00019,PANIGAGLIA TERMINAL,entry,LNG Terminals,IT,1.7417
2025-08,IT-TSO-0001,ITP-00093,Mazara del Vallo,entry,Transmission,DZ,18.9218
2025-08,IT-TSO-0001,ITP-00074,Gela,entry,Transmission,LY,0.2047
2025-08,IT-TSO-0001,ITP-00136,Griespass (CH) / Passo Gries (IT),entry,Transmission,CH,8.0817
2025-08,IT-TSO-0001,UGS-00023,UGS - IT - Snam Rete Gas/Stogit Adriatica,exit,Storage,IT,2.0243
2025-08,IT-TSO-0001,UGS-00008,UGS - IT - Snam Rete Gas/STOGIT,entry,Storage,IT,0.0
2025-08,IT-TSO-0001,ITP-00283,Rep. San Marino,exit,Transmission,SM,0.0144
2025-08,IT-TSO-0001,ITP-00278,Bizzarone,exit,Transmission,CH,0.0317
2025-08,IT-TSO-0001,UGS-00475,Italgasstorage (IT),entry,Storage,IT,0.0
2025-08,IT-TSO-0001,UGS-00475,Italgasstorage (IT),exit,Storage,IT,0.3851
2025-08,ES-TSO-0006,VTP-00043,TVB,entry,LNG Terminals,ES,14.3261
2025-08,ES-TSO-0006,FNC-00043,Aggregated Distribution + Final Customers Exits (ES),exit,Final Consumers,ES,15.0172
2025-08,ES-TSO-0006,PRD-00231,Aggregated Production Sites (ES),entry,Production,ES,0.0
2025-08,ES-TSO-0006,ITP-00082,Tarifa,exit,Transmission,MA,0.9871
2025-08,ES-TSO-0006,LNG-00012,Barcelona,entry,LNG Terminals,ES,1.7182
2025-08,ES-TSO-0006,LNG-00022,Cartagena,entry,LNG Terminals,ES,1.5821
2025-08,ES-TSO-0006,LNG-00018,Huelva,entry,LNG Terminals,ES,2.7543
2025-08,ES-TSO-0006,LNG-00021,Mugardos,entry,LNG Terminals,ES,1.6714
2025-08,ES-TSO-0006,LNG-00023,Sagunto,entry,LNG Terminals,ES,1.3395
2025-08,ES-TSO-0006,LNG-00013,Bilbao,entry,LNG Terminals,ES,4.1497
2025-08,ES-TSO-0006,LNG-00016,Musel,entry,LNG Terminals,ES,0.9741
2025-08,ES-TSO-0006,ITP-00048,Almería,entry,Transmission,DZ,9.3022
2025-08,ES-TSO-0006,ITP-00286,VIP IBERICO,entry,Transmission,PT,0.4603
2025-08,ES-TSO-0006,ITP-00286,VIP IBERICO,exit,Transmission,PT,0.0872
2025-08,ES-TSO-0006,ITP-00304,VIP PIRINEOS,entry,Transmission,FR,1.4534
2025-08,ES-TSO-0006,ITP-00304,VIP PIRINEOS,exit,Transmission,FR,0.0006
2025-08,ES-TSO-0006,UGS-00024,BASIC UGS - AASS Unificado,entry,Storage,ES,0.0
2025-08,ES-TSO-0006,UGS-00024,BASIC UGS - AASS Unificado,exit,Storage,ES,2.0813
2025-08,FR-TSO-0003,PRD-00331,GRTgaz aggregated producers (FR),entry,Production,FR,0.2241
2025-08,FR-TSO-0003,ITP-00541,Atlantique,exit,Storage,FR,3.8584
2025-08,FR-TSO-0003,LNG-00029,Fos (Tonkin/Cavaou),entry,LNG Terminals,FR,6.1477
2025-08,FR-TSO-0003,ITP-00115,Blaregnies L (BE) / Taisnières B (FR),entry,Transmission,BE,0.9746
2025-08,FR-TSO-0003,LNG-00024,Montoir de Bretagne,entry,LNG Terminals,FR,4.5031
2025-08,FR-TSO-0003,ITP-00039,Oltingue (FR) / Rodersdorf (CH),exit,Transmission,CH,5.4488
2025-08,FR-TSO-0003,ITP-00137,Obergailbach (FR) / Medelsheim (DE),entry,Transmission,DE,0.0
2025-08,FR-TSO-0003,ITP-00045,Dunkerque,entry,Transmission,NO,16.1258
2025-08,FR-TSO-0003,LNG-00003,Dunkerque LNG / PEG North,entry,,,8.9498
2025-08,FR-TSO-0003,UGS-00285,Nord-B / SEDIANE B,exit,Storage,FR,0.6241
2025-08,FR-TSO-0003,UGS-00284,Nord-Ouest / SEDIANE,exit,Storage,FR,1.352
2025-08,FR-TSO-0003,UGS-00286,Nord-Est / SERENE Nord,exit,Storage,FR,1.2773
2025-08,FR-TSO-0003,UGS-00288,Sud-Est / SALINE,exit,Storage,FR,1.1698
2025-08,FR-TSO-0003,ITP-00526,VIRTUALYS,entry,Transmission,BE,0.3279
2025-08,FR-TSO-0003,DIS-00197,GRTgaz aggregated distribution consumers,exit,Distribution,FR,4.3222
2025-08,FR-TSO-0003,FNC-00201,GRTgaz aggregated industrial consumers,exit,Final Consumers,FR,7.3267
2025-08,FR-TSO-0003,LNG-00071,Le Havre (FR),entry,LNG Terminals,FR,0.0
2025-08,UK-TSO-0001,LNG-00049,Milford Haven,entry,LNG Terminals,UK,1.824
2025-08,UK-TSO-0001,PRD-00152,Burton Point,entry,Production,UK,0.0
2025-08,UK-TSO-0001,PRD-00151,Barrow,entry,Production,UK,1.1071
2025-08,UK-TSO-0001,ITP-00091,Easington,entry,Transmission,NO,18.7484
2025-08,UK-TSO-0001,UGS-00282,Hornsea,entry,Storage,UK,0.1252
2025-08,UK-TSO-0001,LNG-00008,Isle of Grain,entry,LNG Terminals,UK,0.0017
2025-08,UK-TSO-0001,ITP-00022,St. Fergus,entry,Transmission,NO,11.8409
2025-08,UK-TSO-0001,LNG-00007,Teesside,entry,Production,UK,7.2131
2025-08,UK-TSO-0001,ITP-00090,Moffat,exit,Transmission,UK,4.3486
2025-08,UK-TSO-0001,ITP-00005,Bacton (IUK),exit,Transmission,UK,7.4227
2025-08,UK-TSO-0001,ITP-00207,Bacton (BBL),exit,Transmission,NL,3.6727
2025-08,UK-TSO-0001,UGS-00277,Cheshire Storage,entry,Storage,UK,0.9261
2025-08,UK-TSO-0001,UGS-00279,Aldbrough,entry,Storage,UK,0.6131
2025-08,UK-TSO-0001,UGS-00281,Hole House Farm,entry,,,0.0
2025-08,UK-TSO-0001,UGS-00280,Hatfield Moor Storage,entry,Storage,UK,0.0
2025-08,UK-TSO-0001,UGS-00275,Humbly Grove,entry,Storage,UK,0.0
2025-08,UK-TSO-0001,ITP-00492,Bacton IPs,entry,Transmission,UK,0.0
2025-08,UK-TSO-0001,PRD-00156,Bacton (UKCS),entry,Production,UK,2.4739
2025-08,UK-TSO-0001,DIS-00063,Aberdeen,exit,Distribution,UK,0.1674
2025-08,UK-TSO-0001,DIS-00064,Alrewas (EM),exit,Distribution,UK,0.01
2025-08,UK-TSO-0001,DIS-00065,Alrewas (WM),exit,Distribution,UK,0.0
2025-08,UK-TSO-0001,DIS-00066,Armadale,exit,Distribution,UK,0.0711
2025-08,UK-TSO-0001,DIS-00067,Aspley,exit,Distribution,UK,1.1099
2025-08,UK-TSO-0001,DIS-00068,Asselby,exit,Distribution,UK,0.0166
2025-08,UK-TSO-0001,DIS-00069,Audley (NW),exit,Distribution,UK,0.0457
2025-08,UK-TSO-0001,DIS-00070,Audley (WM),exit,Distribution,UK,0.0
2025-08,UK-TSO-0001,DIS-00071,Austrey,exit,Distribution,UK,0.0
2025-08,UK-TSO-0001,DIS-00072,Aylesbeare,exit,Distribution,UK,0.0705
2025-08,UK-TSO-0001,UGS-00275,Humbly Grove,exit,Storage,UK,0.9162
2025-08,UK-TSO-0001,DIS-00073,Bacton,exit,Distribution,UK,0.0076
2025-08,UK-TSO-0001,DIS-00074,Baldersby,exit,Distribution,UK,0.0066
2025-08,UK-TSO-0001,DIS-00075,Balgray,exit,Distribution,UK,0.0471
2025-08,UK-TSO-0001,UGS-00279,Aldbrough,exit,Storage,UK,1.635
2025-08,UK-TSO-0001,DIS-00076,Bathgate,exit,Distribution,UK,0.0013
2025-08,UK-TSO-0001,DIS-00077,Bishop Auckland,exit,Distribution,UK,0.4244
2025-08,UK-TSO-0001,DIS-00078,Blaby,exit,Distribution,UK,0.189
2025-08,UK-TSO-0001,DIS-00079,Blackrod,exit,Distribution,UK,0.6127
2025-08,UK-TSO-0001,DIS-00080,Blyborough,exit,Distribution,UK,0.0
2025-08,UK-TSO-0001,DIS-00081,Braishfield A,exit,Distribution,UK,0.0
2025-08,UK-TSO-0001,DIS-00082,Braishfield B,exit,Distribution,UK,0.0001
2025-08,UK-TSO-0001,DIS-00083,Brisley,exit,Distribution,UK,0.0168
2025-08,UK-TSO-0001,DIS-00084,Broxburn,exit,Distribution,UK,0.1683
2025-08,UK-TSO-0001,DIS-00085,Burley Bank,exit,Distribution,UK,0.1391
2025-08,UK-TSO-0001,DIS-00183,Burnhervie,exit,Distribution,UK,0.0065
2025-08,UK-TSO-0001,DIS-00086,Caldecott,exit,Distribution,UK,0.0
2025-08,UK-TSO-0001,DIS-00087,Careston,exit,Distribution,UK,0.0128
2025-08,UK-TSO-0001,UGS-00216,Stublach,exit,Storage,UK,1.8616
2025-08,UK-TSO-0001,DIS-00088,Cirencester,exit,Distribution,UK,0.0167
2025-08,UK-TSO-0001,DIS-00089,Coffinswell,exit,Distribution,UK,0.019
2025-08,UK-TSO-0001,DIS-00090,Coldstream,exit,Distribution,UK,0.0082
2025-08,UK-TSO-0001,DIS-00091,Corbridge,exit,Distribution,UK,0.0
2025-08,UK-TSO-0001,DIS-00092,Cowpen Bewley,exit,Distribution,UK,0.2054
2025-08,UK-TSO-0001,DIS-00093,Dowlais,exit,Distribution,UK,0.3855
2025-08,UK-TSO-0001,DIS-00094,Drointon,exit,Distribution,UK,0.6112
2025-08,UK-TSO-0001,DIS-00095,Drum,exit,Distribution,UK,0.0066
2025-08,UK-TSO-0001,DIS-00096,Dyffryn Clydach,exit,Distribution,UK,0.1552
2025-08,UK-TSO-0001,DIS-00097,Easton Grey,exit,Distribution,UK,0.0
2025-08,UK-TSO-0001,DIS-00098,Ecclestone,exit,Distribution,UK,0.0003
2025-08,UK-TSO-0001,DIS-00099,Elton,exit,Distribution,UK,0.19
2025-08,UK-TSO-0001,DIS-00100,Evesham,exit,Distribution,UK,0.0105
2025-08,UK-TSO-0001,DIS-00101,Farningham,exit,Distribution,UK,0.2337
2025-08,UK-TSO-0001,DIS-00102,Farningham B,exit,Distribution,UK,0.0029
2025-08,UK-TSO-0001,DIS-00103,Fiddington,exit,Distribution,UK,0.0127
2025-08,UK-TSO-0001,DIS-00104,Ganstead,exit,Distribution,UK,0.0005
2025-08,UK-TSO-0001,DIS-00105,Gilwern,exit,Distribution,UK,0.356
2025-08,UK-TSO-0001,DIS-00106,Glenmavis,exit,Distribution,UK,0.8627
2025-08,UK-TSO-0001,DIS-00107,Gosberton,exit,Distribution,UK,0.0
2025-08,UK-TSO-0001,DIS-00108,Great Wilbraham,exit,Distribution,UK,0.0847
2025-08,UK-TSO-0001,DIS-00109,Guyzance,exit,Distribution,UK,0.0095
2025-08,UK-TSO-0001,DIS-00110,Hardwick,exit,Distribution,UK,0.4919
2025-08,UK-TSO-0001,UGS-00408,Hatfield Moor Max Refill,exit,Storage,UK,0.0997
2025-08,UK-TSO-0001,UGS-00182,Hill Top Farm,exit,Storage,UK,0.194
2025-08,UK-TSO-0001,UGS-00281,Hole House Farm,exit,,,0.0
2025-08,UK-TSO-0001,UGS-00181,Holford,exit,Storage,UK,0.5538
2025-08,UK-TSO-0001,DIS-00111,Holmes Chapel,exit,Distribution,UK,0.1178
2025-08,UK-TSO-0001,DIS-00112,Horndon,exit,Distribution,UK,0.0116
2025-08,UK-TSO-0001,UGS-00409,Hornsea Max Refill,exit,Storage,UK,0.2191
2025-08,UK-TSO-0001,DIS-00113,Humbleton,exit,Distribution,UK,0.0003
2025-08,UK-TSO-0001,DIS-00114,Hume,exit,Distribution,UK,0.0108
2025-08,UK-TSO-0001,DIS-00115,Ilchester,exit,Distribution,UK,0.1613
2025-08,UK-TSO-0001,FNC-00011,Industrial Offtakes (UK),exit,Final Consumers,UK,0.9536
2025-08,UK-TSO-0001,DIS-00117,Ipsden 2,exit,Distribution,UK,0.0607
2025-08,UK-TSO-0001,DIS-00116,Ipsden,exit,Distribution,UK,0.0001
2025-08,UK-TSO-0001,DIS-00118,Keld,exit,Distribution,UK,0.0
2025-08,UK-TSO-0001,DIS-00119,Kenn,exit,Distribution,UK,0.1829
2025-08,UK-TSO-0001,DIS-00120,Kinknockie,exit,Distribution,UK,0.0068
2025-08,UK-TSO-0001,DIS-00121,Kirkstead,exit,Distribution,UK,0.0027
2025-08,UK-TSO-0001,DIS-00122,Langholm,exit,Distribution,UK,0.0
2025-08,UK-TSO-0001,DIS-00123,Leamington,exit,Distribution,UK,0.0002
2025-08,UK-TSO-0001,DIS-00124,Little Burdon,exit,Distribution,UK,0.0
2025-08,UK-TSO-0001,DIS-00125,Littleton Drew,exit,Distribution,UK,0.0
2025-08,UK-TSO-0001,DIS-00126,Lockerbie,exit,Distribution,UK,0.0313
2025-08,UK-TSO-0001,DIS-00127,Lower Quinton,exit,Distribution,UK,0.0023
2025-08,UK-TSO-0001,DIS-00128,Lupton,exit,Distribution,UK,0.1738
2025-08,UK-TSO-0001,DIS-00129,Luxborough Lane,exit,Distribution,UK,0.0005
2025-08,UK-TSO-0001,DIS-00130,Lyneham (Choakford),exit,Distribution,UK,0.0006
2025-08,UK-TSO-0001,DIS-00131,Maelor,exit,Distribution,UK,0.2363
2025-08,UK-TSO-0001,DIS-00132,Malpas,exit,Distribution,UK,0.0015
2025-08,UK-TSO-0001,DIS-00133,Mappowder,exit,Distribution,UK,0.2641
2025-08,UK-TSO-0001,DIS-00134,Market Harborough,exit,Distribution,UK,0.0
2025-08,UK-TSO-0001,DIS-00135,Matching Green,exit,Distribution,UK,0.7279
2025-08,UK-TSO-0001,DIS-00136,Melkinthorpe,exit,Distribution,UK,0.0324
2025-08,UK-TSO-0001,DIS-00137,Mickle Trafford,exit,Distribution,UK,0.1716
2025-08,UK-TSO-0001,DIS-00138,Milwich,exit,Distribution,UK,0.0
2025-08,UK-TSO-0001,DIS-00139,Netherhowcleugh,exit,Distribution,UK,0.0005
2025-08,UK-TSO-0001,DIS-00140,Pannal,exit,Distribution,UK,0.6855
2025-08,UK-TSO-0001,DIS-00141,Partington,exit,Distribution,UK,1.0496
2025-08,UK-TSO-0001,DIS-00142,Paull,exit,Distribution,UK,0.2716
2025-08,UK-TSO-0001,DIS-00143,Peterborough Eye (Tee),exit,Distribution,UK,0.0824
2025-08,UK-TSO-0001,DIS-00144,Peters Green,exit,Distribution,UK,1.4425
2025-08,UK-TSO-0001,DIS-00145,Peters Green South Mimms,exit,Distribution,UK,0.0
2025-08,UK-TSO-0001,DIS-00146,Pickering,exit,Distribution,UK,0.0105
2025-08,UK-TSO-0001,DIS-00147,Pitcairngreen,exit,Distribution,UK,0.0201
2025-08,UK-TSO-0001,FNC-00012,Power Stations (UK),exit,Final Consumers,UK,9.3419
2025-08,UK-TSO-0001,DIS-00148,Pucklechurch,exit,Distribution,UK,0.0001
2025-08,UK-TSO-0001,DIS-00149,Rawcliffe,exit,Distribution,UK,0.0274
2025-08,UK-TSO-0001,DIS-00150,Ross (SW),exit,Distribution,UK,0.0264
2025-08,UK-TSO-0001,DIS-00151,Ross (WM),exit,Distribution,UK,0.1092
2025-08,UK-TSO-0001,DIS-00152,Roudham Heath,exit,Distribution,UK,0.2547
2025-08,UK-TSO-0001,UGS-00235,Rough,exit,Storage,UK,0.0
2025-08,UK-TSO-0001,DIS-00153,Royston,exit,Distribution,UK,0.017
2025-08,UK-TSO-0001,DIS-00154,Rugby,exit,Distribution,UK,0.0045
2025-08,UK-TSO-0001,DIS-00155,Saltwick Pressure Controlled,exit,Distribution,UK,0.0
2025-08,UK-TSO-0001,DIS-00156,Saltwick Volumetric Controlled,exit,Distribution,UK,0.0
2025-08,UK-TSO-0001,DIS-00157,Samlesbury,exit,Distribution,UK,0.0
2025-08,UK-TSO-0001,DIS-00158,Seabank (DN),exit,Distribution,UK,0.2818
2025-08,UK-TSO-0001,DIS-00159,Shorne,exit,Distribution,UK,0.0005
2025-08,UK-TSO-0001,DIS-00160,Shustoke,exit,Distribution,UK,0.0
2025-08,UK-TSO-0001,DIS-00161,Silk Willoughby,exit,Distribution,UK,0.0092
2025-08,UK-TSO-0001,DIS-00162,Soutra,exit,Distribution,UK,0.0
2025-08,UK-TSO-0001,DIS-00163,St Fergus,exit,Distribution,UK,0.0044
2025-08,UK-TSO-0001,DIS-00165,Stratford-upon-Avon,exit,Distribution,UK,0.001
2025-08,UK-TSO-0001,DIS-00166,Sutton Bridge,exit,Distribution,UK,0.0082
2025-08,UK-TSO-0001,DIS-00167,Tatsfield,exit,Distribution,UK,0.3157
2025-08,UK-TSO-0001,DIS-00168,Thornton Curtis,exit,Distribution,UK,0.9268
2025-08,UK-TSO-0001,DIS-00169,Thrintoft,exit,Distribution,UK,0.0209
2025-08,UK-TSO-0001,DIS-00170,Towlaw,exit,Distribution,UK,0.0012
2025-08,UK-TSO-0001,DIS-00171,Towton,exit,Distribution,UK,0.0009
2025-08,UK-TSO-0001,DIS-00172,Tur Langton,exit,Distribution,UK,0.0031
2025-08,UK-TSO-0001,DIS-00173,Walesby,exit,Distribution,UK,0.0
2025-08,UK-TSO-0001,DIS-00174,Warburton,exit,Distribution,UK,0.0
2025-08,UK-TSO-0001,DIS-00176,Weston Point,exit,Distribution,UK,0.0077
2025-08,UK-TSO-0001,DIS-00175,West Winch,exit,Distribution,UK,0.0388
2025-08,UK-TSO-0001,DIS-00177,Wetheral,exit,Distribution,UK,0.0
2025-08,UK-TSO-0001,DIS-00178,Whitwell,exit,Distribution,UK,0.0
2025-08,UK-TSO-0001,DIS-00179,Winkfield (NT),exit,Distribution,UK,0.0
2025-08,UK-TSO-0001,DIS-00180,Winkfield (SE),exit,Distribution,UK,0.2129
2025-08,UK-TSO-0001,DIS-00181,Winkfield (SO),exit,Distribution,UK,0.6061
2025-08,UK-TSO-0001,DIS-00182,Yelverton,exit,Distribution,UK,0.0004
2025-08,FR-TSO-0003,ITP-00526,VIRTUALYS,exit,Transmission,BE,5.2037
2025-08,FR-TSO-0003,UGS-00286,Nord-Est / SERENE Nord,entry,Storage,FR,0.0058
2025-08,FR-TSO-0003,UGS-00285,Nord-B / SEDIANE B,entry,Storage,FR,0.0
2025-08,FR-TSO-0003,ITP-00039,Oltingue (FR) / Rodersdorf (CH),entry,Transmission,CH,0.0
2025-09,UK-TSO-0002,DIS-00015,Greater Belfast,exit,Distribution,UK,0.2345
2025-09,UK-TSO-0002,ITP-00077,Twynholm,entry,Transmission,UK,1.1948
2025-09,UK-TSO-0002,DIS-00017,PTL Stranraer,exit,Distribution,UK,0.0094
2025-09,UK-TSO-0002,ITP-00298,Carrickfergus,exit,Transmission,UK,0.2337
2025-09,PT-TSO-0001,UGS-00010,Carriço,entry,Storage,PT,0.1939
2025-09,PT-TSO-0001,UGS-00010,Carriço,exit,Storage,PT,0.0206
2025-09,PT-TSO-0001,FNC-00001,Final Consumers (PT),exit,Final Consumers,PT,2.0284
2025-09,PT-TSO-0001,DIS-00001,Distribution (PT),exit,Distribution,PT,1.6322
2025-09,PT-TSO-0001,LNG-00026,Sines,entry,LNG Terminals,PT,3.746
2025-09,PT-TSO-0001,ITP-00286,VIP IBERICO,entry,Transmission,ES,0.0741
2025-09,PT-TSO-0001,ITP-00286,VIP IBERICO,exit,Transmission,ES,0.3385
2025-09,UK-TSO-0004,ITP-00207,Bacton (BBL),entry,Transmission,UK,2.8291
2025-09,UK-TSO-0004,ITP-00207,Bacton (BBL),exit,Transmission,UK,0.0
2025-09,FR-TSO-0002,FNC-00015,TEREGA Delivery Pool - Industrials (FR),exit,Final Consumers,FR,0.3469
2025-09,FR-TSO-0002,UGS-00017,Lussagnet,entry,Storage,FR,2.6267
2025-09,FR-TSO-0002,DIS-00188,TEREGA Delivery Pool - Distribution (FR),exit,Distribution,FR,0.5992
2025-09,FR-TSO-0002,ITP-00304,VIP PIRINEOS,exit,Transmission,ES,0.8998
2025-09,FR-TSO-0002,UGS-00017,Lussagnet,exit,Storage,FR,3.0058
2025-09,FR-TSO-0002,ITP-00304,VIP PIRINEOS,entry,Transmission,ES,0.3269
2025-09,FR-TSO-0002,PRD-00330,TEREGA Biomethane Production Pool,entry,Production,FR,0.0282
2025-09,UK-TSO-0003,ITP-00061,Zeebrugge IZT,entry,Transmission,BE,0.0
2025-09,UK-TSO-0003,ITP-00061,Zeebrugge IZT,exit,Transmission,BE,8.582
2025-09,UK-TSO-0003,ITP-00005,Bacton (IUK),exit,Transmission,UK,0.0
2025-09,UK-TSO-0003,ITP-00005,Bacton (IUK),entry,Transmission,UK,8.5689
2025-09,IT-TSO-0001,FNC-00006,Thermal Plants (IT),exit,Final Consumers,IT,19.265
2025-09,IT-TSO-0001,ITP-00288,SRG Delivery to other transmission networks,exit,Transmission,IT,0.8154
2025-09,IT-TSO-0001,PRD-00154,IT - Indigenous Production,entry,Production,IT,2.6553
2025-09,IT-TSO-0001,FNC-00005,Industrial Consumers (IT),exit,Final Consumers,IT,10.716
2025-09,IT-TSO-0001,DIS-00005,Distribution (IT),exit,Distribution,IT,10.7504
2025-09,IT-TSO-0001,ITP-00040,Tarvisio (IT) / Arnoldstein (AT),entry,Transmission,AT,1.0649
2025-09,IT-TSO-0001,ITP-00040,Tarvisio (IT) / Arnoldstein (AT),exit,Transmission,AT,0.9944
2025-09,IT-TSO-0001,LNG-00019,PANIGAGLIA TERMINAL,entry,LNG Terminals,IT,2.1709
2025-09,IT-TSO-0001,ITP-00049,Gorizia (IT) /Šempeter (SI),entry,Transmission,SI,0.0
2025-09,IT-TSO-0001,ITP-00049,Gorizia (IT) /Šempeter (SI),exit,Transmission,SI,0.0117
2025-09,IT-TSO-0001,ITP-00093,Mazara del Vallo,entry,Transmission,DZ,11.1833
2025-09,IT-TSO-0001,LNG-00015,Cavarzere (Porto Levante / Adriatic LNG),entry,LNG Terminals,IT,6.7098
2025-09,IT-TSO-0001,ITP-00074,Gela,entry,Transmission,LY,0.4279
2025-09,IT-TSO-0001,ITP-00136,Griespass (CH) / Passo Gries (IT),entry,Transmission,CH,5.3456
2025-09,IT-TSO-0001,ITP-00136,Griespass (CH) / Passo Gries (IT),exit,Transmission,CH,0.0
2025-09,IT-TSO-0001,UGS-00023,UGS - IT - Snam Rete Gas/Stogit Adriatica,entry,Storage,IT,0.0
2025-09,IT-TSO-0001,UGS-00023,UGS - IT - Snam Rete Gas/Stogit Adriatica,exit,Storage,IT,1.7423
2025-09,IT-TSO-0001,UGS-00008,UGS - IT - Snam Rete Gas/STOGIT,entry,Storage,IT,0.0
2025-09,IT-TSO-0001,UGS-00008,UGS - IT - Snam Rete Gas/STOGIT,exit,Storage,IT,5.3652
2025-09,IT-TSO-0001,LNG-00004,OLT LNG / Livorno,entry,LNG Terminals,IT,4.1471
2025-09,IT-TSO-0001,ITP-00283,Rep. San Marino,exit,Transmission,SM,0.0186
2025-09,IT-TSO-0001,ITP-00278,Bizzarone,exit,Transmission,CH,0.0477
2025-09,IT-TSO-0001,ITP-00008,Melendugno - IT / TAP,entry,Transmission,AL,9.3631
2025-09,IT-TSO-0001,ITP-00008,Melendugno - IT / TAP,exit,Transmission,AL,0.0
2025-09,IT-TSO-0001,UGS-00475,Italgasstorage (IT),entry,Storage,IT,0.0
2025-09,IT-TSO-0001,UGS-00475,Italgasstorage (IT),exit,Storage,IT,0.3168
2025-09,IT-TSO-0001,LNG-00082,RAVENNA TERMINAL,entry,LNG Terminals,IT,3.3184
2025-09,IT-TSO-0001,LNG-00069,PIOMBINO TERMINAL,entry,LNG Terminals,IT,3.9023
2025-09,ES-TSO-0006,PRD-00231,Aggregated Production Sites (ES),entry,Production,ES,0.0038
2025-09,ES-TSO-0006,LNG-00022,Cartagena,entry,LNG Terminals,ES,1.7601
2025-09,ES-TSO-0006,LNG-00018,Huelva,entry,LNG Terminals,ES,2.3004
2025-09,ES-TSO-0006,LNG-00023,Sagunto,entry,LNG Terminals,ES,2.9637
2025-09,ES-TSO-0006,ITP-00048,Almería,entry,Transmission,DZ,7.4237
2025-09,ES-TSO-0006,ITP-00286,VIP IBERICO,entry,Transmission,PT,0.3562
2025-09,ES-TSO-0006,ITP-00304,VIP PIRINEOS,exit,Transmission,FR,0.5334
2025-09,ES-TSO-0006,UGS-00024,BASIC UGS - AASS Unificado,entry,Storage,ES,0.0001
2025-09,ES-TSO-0006,VTP-00043,TVB,entry,LNG Terminals,ES,16.9661
2025-09,ES-TSO-0006,FNC-00043,Aggregated Distribution + Final Customers Exits (ES),exit,Final Consumers,ES,16.2956
2025-09,ES-TSO-0006,ITP-00082,Tarifa,exit,Transmission,MA,0.9067
2025-09,ES-TSO-0006,LNG-00012,Barcelona,entry,LNG Terminals,ES,2.2326
2025-09,ES-TSO-0006,LNG-00021,Mugardos,entry,LNG Terminals,ES,2.034
2025-09,ES-TSO-0006,LNG-00013,Bilbao,entry,LNG Terminals,ES,4.6227
2025-09,ES-TSO-0006,LNG-00016,Musel,entry,LNG Terminals,ES,0.935
2025-09,ES-TSO-0006,ITP-00286,VIP IBERICO,exit,Transmission,PT,0.0761
2025-09,ES-TSO-0006,ITP-00304,VIP PIRINEOS,entry,Transmission,FR,0.8807
2025-09,ES-TSO-0006,UGS-00024,BASIC UGS - AASS Unificado,exit,Storage,ES,0.5098
2025-09,FR-TSO-0003,LNG-00029,Fos (Tonkin/Cavaou),entry,LNG Terminals,FR,3.2543
2025-09,FR-TSO-0003,ITP-00115,Blaregnies L (BE) / Taisnières B (FR),entry,Transmission,BE,1.7162
2025-09,FR-TSO-0003,LNG-00024,Montoir de Bretagne,entry,LNG Terminals,FR,6.2693
2025-09,FR-TSO-0003,ITP-00039,Oltingue (FR) / Rodersdorf (CH),exit,Transmission,CH,4.2438
2025-09,FR-TSO-0003,ITP-00137,Obergailbach (FR) / Medelsheim (DE),entry,Transmission,DE,0.0259
2025-09,FR-TSO-0003,ITP-00045,Dunkerque,entry,Transmission,NO,11.4427
2025-09,FR-TSO-0003,LNG-00003,Dunkerque LNG / PEG North,entry,,,11.2388
2025-09,FR-TSO-0003,UGS-00285,Nord-B / SEDIANE B,exit,Storage,FR,1.2017
2025-09,FR-TSO-0003,UGS-00284,Nord-Ouest / SEDIANE,exit,Storage,FR,0.3187
2025-09,FR-TSO-0003,UGS-00286,Nord-Est / SERENE Nord,exit,Storage,FR,0.8713
2025-09,FR-TSO-0003,UGS-00288,Sud-Est / SALINE,exit,Storage,FR,0.2705
2025-09,FR-TSO-0003,ITP-00526,VIRTUALYS,exit,Transmission,BE,6.9466
2025-09,FR-TSO-0003,DIS-00197,GRTgaz aggregated distribution consumers,exit,Distribution,FR,7.0084
2025-09,FR-TSO-0003,PRD-00331,GRTgaz aggregated producers (FR),entry,Production,FR,0.213
2025-09,FR-TSO-0003,FNC-00201,GRTgaz aggregated industrial consumers,exit,Final Consumers,FR,8.4005
2025-09,FR-TSO-0003,ITP-00541,Atlantique,exit,Storage,FR,3.0543
2025-09,FR-TSO-0003,LNG-00071,Le Havre (FR),entry,LNG Terminals,FR,0.0
2025-09,UK-TSO-0001,PRD-00152,Burton Point,entry,Production,UK,0.0
2025-09,UK-TSO-0001,PRD-00151,Barrow,entry,Production,UK,0.1388
2025-09,UK-TSO-0001,LNG-00008,Isle of Grain,entry,LNG Terminals,UK,0.3876
2025-09,UK-TSO-0001,ITP-00022,St. Fergus,entry,Transmission,NO,11.3069
2025-09,UK-TSO-0001,ITP-00090,Moffat,exit,Transmission,UK,4.3659
2025-09,UK-TSO-0001,ITP-00005,Bacton (IUK),exit,Transmission,UK,8.5715
2025-09,UK-TSO-0001,UGS-00279,Aldbrough,entry,Storage,UK,1.8685
2025-09,UK-TSO-0001,UGS-00281,Hole House Farm,entry,,,0.0
2025-09,UK-TSO-0001,UGS-00275,Humbly Grove,entry,Storage,UK,0.0
2025-09,UK-TSO-0001,PRD-00156,Bacton (UKCS),entry,Production,UK,4.5832
2025-09,UK-TSO-0001,DIS-00063,Aberdeen,exit,Distribution,UK,0.2242
2025-09,UK-TSO-0001,DIS-00066,Armadale,exit,Distribution,UK,0.1034
2025-09,UK-TSO-0001,DIS-00067,Aspley,exit,Distribution,UK,1.1869
2025-09,UK-TSO-0001,DIS-00070,Audley (WM),exit,Distribution,UK,0.0001
2025-09,UK-TSO-0001,DIS-00071,Austrey,exit,Distribution,UK,0.0
2025-09,UK-TSO-0001,UGS-00275,Humbly Grove,exit,Storage,UK,0.4305
2025-09,UK-TSO-0001,DIS-00073,Bacton,exit,Distribution,UK,0.0118
2025-09,UK-TSO-0001,UGS-00279,Aldbrough,exit,Storage,UK,0.8208
2025-09,UK-TSO-0001,DIS-00076,Bathgate,exit,Distribution,UK,0.0
2025-09,UK-TSO-0001,DIS-00079,Blackrod,exit,Distribution,UK,0.8022
2025-09,UK-TSO-0001,DIS-00080,Blyborough,exit,Distribution,UK,0.0007
2025-09,UK-TSO-0001,DIS-00083,Brisley,exit,Distribution,UK,0.022
2025-09,UK-TSO-0001,DIS-00084,Broxburn,exit,Distribution,UK,0.2632
2025-09,UK-TSO-0001,DIS-00086,Caldecott,exit,Distribution,UK,0.0
2025-09,UK-TSO-0001,DIS-00087,Careston,exit,Distribution,UK,0.0229
2025-09,UK-TSO-0001,DIS-00089,Coffinswell,exit,Distribution,UK,0.0269
2025-09,UK-TSO-0001,DIS-00090,Coldstream,exit,Distribution,UK,0.0079
2025-09,UK-TSO-0001,DIS-00093,Dowlais,exit,Distribution,UK,0.4801
2025-09,UK-TSO-0001,DIS-00094,Drointon,exit,Distribution,UK,0.9846
2025-09,UK-TSO-0001,DIS-00097,Easton Grey,exit,Distribution,UK,0.0001
2025-09,UK-TSO-0001,DIS-00098,Ecclestone,exit,Distribution,UK,0.0017
2025-09,UK-TSO-0001,DIS-00101,Farningham,exit,Distribution,UK,0.4078
2025-09,UK-TSO-0001,DIS-00102,Farningham B,exit,Distribution,UK,0.0736
2025-09,UK-TSO-0001,DIS-00105,Gilwern,exit,Distribution,UK,0.4718
2025-09,UK-TSO-0001,DIS-00106,Glenmavis,exit,Distribution,UK,1.2429
2025-09,UK-TSO-0001,DIS-00109,Guyzance,exit,Distribution,UK,0.0121
2025-09,UK-TSO-0001,DIS-00110,Hardwick,exit,Distribution,UK,0.4094
2025-09,UK-TSO-0001,UGS-00281,Hole House Farm,exit,,,0.0
2025-09,UK-TSO-0001,UGS-00181,Holford,exit,Storage,UK,0.0363
2025-09,UK-TSO-0001,UGS-00409,Hornsea Max Refill,exit,Storage,UK,0.0622
2025-09,UK-TSO-0001,DIS-00113,Humbleton,exit,Distribution,UK,0.0006
2025-09,UK-TSO-0001,FNC-00011,Industrial Offtakes (UK),exit,Final Consumers,UK,0.815
2025-09,UK-TSO-0001,DIS-00117,Ipsden 2,exit,Distribution,UK,0.043
2025-09,UK-TSO-0001,DIS-00119,Kenn,exit,Distribution,UK,0.2614
2025-09,UK-TSO-0001,DIS-00120,Kinknockie,exit,Distribution,UK,0.0117
2025-09,UK-TSO-0001,DIS-00123,Leamington,exit,Distribution,UK,0.0002
2025-09,UK-TSO-0001,DIS-00124,Little Burdon,exit,Distribution,UK,0.0241
2025-09,UK-TSO-0001,DIS-00127,Lower Quinton,exit,Distribution,UK,0.0023
2025-09,UK-TSO-0001,DIS-00128,Lupton,exit,Distribution,UK,0.1737
2025-09,UK-TSO-0001,DIS-00131,Maelor,exit,Distribution,UK,0.3029
2025-09,UK-TSO-0001,DIS-00132,Malpas,exit,Distribution,UK,0.0028
2025-09,UK-TSO-0001,DIS-00135,Matching Green,exit,Distribution,UK,1.0303
2025-09,UK-TSO-0001,DIS-00136,Melkinthorpe,exit,Distribution,UK,0.0299
2025-09,UK-TSO-0001,DIS-00139,Netherhowcleugh,exit,Distribution,UK,0.0011
2025-09,UK-TSO-0001,DIS-00140,Pannal,exit,Distribution,UK,0.9705
2025-09,UK-TSO-0001,DIS-00143,Peterborough Eye (Tee),exit,Distribution,UK,0.1025
2025-09,UK-TSO-0001,DIS-00144,Peters Green,exit,Distribution,UK,0.8655
2025-09,UK-TSO-0001,DIS-00147,Pitcairngreen,exit,Distribution,UK,0.027
2025-09,UK-TSO-0001,FNC-00012,Power Stations (UK),exit,Final Consumers,UK,8.7952
2025-09,UK-TSO-0001,DIS-00150,Ross (SW),exit,Distribution,UK,0.0289
2025-09,UK-TSO-0001,DIS-00151,Ross (WM),exit,Distribution,UK,0.1138
2025-09,UK-TSO-0001,DIS-00153,Royston,exit,Distribution,UK,0.0192
2025-09,UK-TSO-0001,DIS-00154,Rugby,exit,Distribution,UK,0.518
2025-09,UK-TSO-0001,DIS-00157,Samlesbury,exit,Distribution,UK,0.6728
2025-09,UK-TSO-0001,DIS-00158,Seabank (DN),exit,Distribution,UK,0.3396
2025-09,UK-TSO-0001,DIS-00161,Silk Willoughby,exit,Distribution,UK,0.0113
2025-09,UK-TSO-0001,DIS-00162,Soutra,exit,Distribution,UK,0.0
2025-09,UK-TSO-0001,DIS-00166,Sutton Bridge,exit,Distribution,UK,0.0099
2025-09,UK-TSO-0001,DIS-00167,Tatsfield,exit,Distribution,UK,0.4732
2025-09,UK-TSO-0001,DIS-00170,Towlaw,exit,Distribution,UK,0.0025
2025-09,UK-TSO-0001,DIS-00171,Towton,exit,Distribution,UK,0.0029
2025-09,UK-TSO-0001,DIS-00174,Warburton,exit,Distribution,UK,0.0
2025-09,UK-TSO-0001,DIS-00176,Weston Point,exit,Distribution,UK,0.0045
2025-09,UK-TSO-0001,DIS-00178,Whitwell,exit,Distribution,UK,0.031
2025-09,UK-TSO-0001,DIS-00179,Winkfield (NT),exit,Distribution,UK,0.0
2025-09,UK-TSO-0001,DIS-00182,Yelverton,exit,Distribution,UK,0.0054
2025-09,UK-TSO-0001,LNG-00049,Milford Haven,entry,LNG Terminals,UK,1.699
2025-09,UK-TSO-0001,ITP-00091,Easington,entry,Transmission,NO,19.163
2025-09,UK-TSO-0001,UGS-00282,Hornsea,entry,Storage,UK,0.217
2025-09,UK-TSO-0001,LNG-00007,Teesside,entry,Production,UK,7.4944
2025-09,UK-TSO-0001,ITP-00207,Bacton (BBL),exit,Transmission,NL,2.8215
2025-09,UK-TSO-0001,UGS-00277,Cheshire Storage,entry,Storage,UK,0.8235
2025-09,UK-TSO-0001,UGS-00280,Hatfield Moor Storage,entry,Storage,UK,0.0
2025-09,UK-TSO-0001,ITP-00492,Bacton IPs,entry,Transmission,UK,0.0
2025-09,UK-TSO-0001,DIS-00064,Alrewas (EM),exit,Distribution,UK,0.0317
2025-09,UK-TSO-0001,DIS-00065,Alrewas (WM),exit,Distribution,UK,0.0
2025-09,UK-TSO-0001,DIS-00068,Asselby,exit,Distribution,UK,0.0215
2025-09,UK-TSO-0001,DIS-00069,Audley (NW),exit,Distribution,UK,0.0577
2025-09,UK-TSO-0001,DIS-00072,Aylesbeare,exit,Distribution,UK,0.0807
2025-09,UK-TSO-0001,DIS-00074,Baldersby,exit,Distribution,UK,0.0082
2025-09,UK-TSO-0001,DIS-00075,Balgray,exit,Distribution,UK,0.0689
2025-09,UK-TSO-0001,DIS-00077,Bishop Auckland,exit,Distribution,UK,0.5591
2025-09,UK-TSO-0001,DIS-00078,Blaby,exit,Distribution,UK,0.206
2025-09,UK-TSO-0001,DIS-00081,Braishfield A,exit,Distribution,UK,0.1165
2025-09,UK-TSO-0001,DIS-00082,Braishfield B,exit,Distribution,UK,0.4652
2025-09,UK-TSO-0001,DIS-00085,Burley Bank,exit,Distribution,UK,0.1446
2025-09,UK-TSO-0001,DIS-00183,Burnhervie,exit,Distribution,UK,0.0032
2025-09,UK-TSO-0001,UGS-00216,Stublach,exit,Storage,UK,0.5461
2025-09,UK-TSO-0001,DIS-00088,Cirencester,exit,Distribution,UK,0.0249
2025-09,UK-TSO-0001,DIS-00091,Corbridge,exit,Distribution,UK,0.0002
2025-09,UK-TSO-0001,DIS-00092,Cowpen Bewley,exit,Distribution,UK,0.2791
2025-09,UK-TSO-0001,DIS-00095,Drum,exit,Distribution,UK,0.0
2025-09,UK-TSO-0001,DIS-00096,Dyffryn Clydach,exit,Distribution,UK,0.2087
2025-09,UK-TSO-0001,DIS-00099,Elton,exit,Distribution,UK,0.2028
2025-09,UK-TSO-0001,DIS-00100,Evesham,exit,Distribution,UK,0.025
2025-09,UK-TSO-0001,DIS-00103,Fiddington,exit,Distribution,UK,0.0761
2025-09,UK-TSO-0001,DIS-00104,Ganstead,exit,Distribution,UK,0.0045
2025-09,UK-TSO-0001,DIS-00107,Gosberton,exit,Distribution,UK,0.0454
2025-09,UK-TSO-0001,DIS-00108,Great Wilbraham,exit,Distribution,UK,0.1206
2025-09,UK-TSO-0001,UGS-00408,Hatfield Moor Max Refill,exit,Storage,UK,0.0
2025-09,UK-TSO-0001,UGS-00182,Hill Top Farm,exit,Storage,UK,0.0009
2025-09,UK-TSO-0001,DIS-00111,Holmes Chapel,exit,Distribution,UK,0.143
2025-09,UK-TSO-0001,DIS-00112,Horndon,exit,Distribution,UK,0.032
2025-09,UK-TSO-0001,DIS-00114,Hume,exit,Distribution,UK,0.0128
2025-09,UK-TSO-0001,DIS-00115,Ilchester,exit,Distribution,UK,0.1525
2025-09,UK-TSO-0001,DIS-00116,Ipsden,exit,Distribution,UK,0.0001
2025-09,UK-TSO-0001,DIS-00118,Keld,exit,Distribution,UK,0.0005
2025-09,UK-TSO-0001,DIS-00121,Kirkstead,exit,Distribution,UK,0.0046
2025-09,UK-TSO-0001,DIS-00122,Langholm,exit,Distribution,UK,0.0005
2025-09,UK-TSO-0001,DIS-00125,Littleton Drew,exit,Distribution,UK,0.0
2025-09,UK-TSO-0001,DIS-00126,Lockerbie,exit,Distribution,UK,0.0404
2025-09,UK-TSO-0001,DIS-00129,Luxborough Lane,exit,Distribution,UK,0.0
2025-09,UK-TSO-0001,DIS-00130,Lyneham (Choakford),exit,Distribution,UK,0.0033
2025-09,UK-TSO-0001,DIS-00133,Mappowder,exit,Distribution,UK,0.2784
2025-09,UK-TSO-0001,DIS-00134,Market Harborough,exit,Distribution,UK,0.0
2025-09,UK-TSO-0001,DIS-00137,Mickle Trafford,exit,Distribution,UK,0.2457
2025-09,UK-TSO-0001,DIS-00138,Milwich,exit,Distribution,UK,0.0003
2025-09,UK-TSO-0001,DIS-00141,Partington,exit,Distribution,UK,0.8882
2025-09,UK-TSO-0001,DIS-00142,Paull,exit,Distribution,UK,0.301
2025-09,UK-TSO-0001,DIS-00145,Peters Green South Mimms,exit,Distribution,UK,1.1424
2025-09,UK-TSO-0001,DIS-00146,Pickering,exit,Distribution,UK,0.0133
2025-09,UK-TSO-0001,DIS-00148,Pucklechurch,exit,Distribution,UK,0.0867
2025-09,UK-TSO-0001,DIS-00149,Rawcliffe,exit,Distribution,UK,0.0356
2025-09,UK-TSO-0001,DIS-00152,Roudham Heath,exit,Distribution,UK,0.3066
2025-09,UK-TSO-0001,UGS-00235,Rough,exit,Storage,UK,0.0
2025-09,UK-TSO-0001,DIS-00155,Saltwick Pressure Controlled,exit,Distribution,UK,0.0031
2025-09,UK-TSO-0001,DIS-00156,Saltwick Volumetric Controlled,exit,Distribution,UK,0.0
2025-09,UK-TSO-0001,DIS-00159,Shorne,exit,Distribution,UK,0.0021
2025-09,UK-TSO-0001,DIS-00160,Shustoke,exit,Distribution,UK,0.0
2025-09,UK-TSO-0001,DIS-00163,St Fergus,exit,Distribution,UK,0.0062
2025-09,UK-TSO-0001,DIS-00165,Stratford-upon-Avon,exit,Distribution,UK,0.0035
2025-09,UK-TSO-0001,DIS-00168,Thornton Curtis,exit,Distribution,UK,1.0406
2025-09,UK-TSO-0001,DIS-00169,Thrintoft,exit,Distribution,UK,0.0293
2025-09,UK-TSO-0001,DIS-00172,Tur Langton,exit,Distribution,UK,0.0497
2025-09,UK-TSO-0001,DIS-00173,Walesby,exit,Distribution,UK,0.0
2025-09,UK-TSO-0001,DIS-00175,West Winch,exit,Distribution,UK,0.0537
2025-09,UK-TSO-0001,DIS-00177,Wetheral,exit,Distribution,UK,0.0001
2025-09,UK-TSO-0001,DIS-00180,Winkfield (SE),exit,Distribution,UK,0.3803
2025-09,UK-TSO-0001,DIS-00181,Winkfield (SO),exit,Distribution,UK,0.315
2025-09,FR-TSO-0003,ITP-00039,Oltingue (FR) / Rodersdorf (CH),entry,Transmission,CH,0.0
2025-09,FR-TSO-0003,UGS-00284,Nord-Ouest / SEDIANE,entry,Storage,FR,0.0508
2025-09,FR-TSO-0003,UGS-00288,Sud-Est / SALINE,entry,Storage,FR,0.0597
2025-09,FR-TSO-0003,UGS-00286,Nord-Est / SERENE Nord,entry,Storage,FR,0.0149
2025-09,FR-TSO-0003,ITP-00137,Obergailbach (FR) / Medelsheim (DE),exit,Transmission,DE,0.0214
2025-09,FR-TSO-0003,UGS-00285,Nord-B / SEDIANE B,entry,Storage,FR,0.0
2025-10,UK-TSO-0002,DIS-00015,Greater Belfast,exit,Distribution,UK,0.3325
2025-10,UK-TSO-0002,DIS-00017,PTL Stranraer,exit,Distribution,UK,0.0104
2025-10,UK-TSO-0002,ITP-00077,Twynholm,entry,Transmission,UK,1.3151
2025-10,UK-TSO-0002,ITP-00298,Carrickfergus,exit,Transmission,UK,0.3177
2025-10,PT-TSO-0001,UGS-00010,Carriço,exit,Storage,PT,0.0
2025-10,PT-TSO-0001,LNG-00026,Sines,entry,LNG Terminals,PT,3.5089
2025-10,PT-TSO-0001,ITP-00286,VIP IBERICO,exit,Transmission,ES,0.044
2025-10,PT-TSO-0001,UGS-00010,Carriço,entry,Storage,PT,0.0294
2025-10,PT-TSO-0001,FNC-00001,Final Consumers (PT),exit,Final Consumers,PT,2.1984
2025-10,PT-TSO-0001,DIS-00001,Distribution (PT),exit,Distribution,PT,1.69
2025-10,PT-TSO-0001,ITP-00286,VIP IBERICO,entry,Transmission,ES,0.3927
2025-10,UK-TSO-0004,ITP-00207,Bacton (BBL),entry,Transmission,UK,0.0251
2025-10,UK-TSO-0004,ITP-00207,Bacton (BBL),exit,Transmission,UK,0.0281
2025-10,FR-TSO-0002,FNC-00015,TEREGA Delivery Pool - Industrials (FR),exit,Final Consumers,FR,0.3498
2025-10,FR-TSO-0002,ITP-00304,VIP PIRINEOS,exit,Transmission,ES,0.1229
2025-10,FR-TSO-0002,UGS-00017,Lussagnet,entry,Storage,FR,2.6974
2025-10,FR-TSO-0002,ITP-00304,VIP PIRINEOS,entry,Transmission,ES,1.7059
2025-10,FR-TSO-0002,DIS-00188,TEREGA Delivery Pool - Distribution (FR),exit,Distribution,FR,0.8665
2025-10,FR-TSO-0002,PRD-00330,TEREGA Biomethane Production Pool,entry,Production,FR,0.029
2025-10,FR-TSO-0002,UGS-00017,Lussagnet,exit,Storage,FR,5.0939
2025-10,UK-TSO-0003,ITP-00005,Bacton (IUK),entry,Transmission,UK,2.1939
2025-10,UK-TSO-0003,ITP-00005,Bacton (IUK),exit,Transmission,UK,0.0
2025-10,UK-TSO-0003,ITP-00061,Zeebrugge IZT,entry,Transmission,BE,0.0003
2025-10,UK-TSO-0003,ITP-00061,Zeebrugge IZT,exit,Transmission,BE,2.1838
2025-10,IT-TSO-0001,FNC-00006,Thermal Plants (IT),exit,Final Consumers,IT,19.1598
2025-10,IT-TSO-0001,ITP-00288,SRG Delivery to other transmission networks,exit,Transmission,IT,1.0372
2025-10,IT-TSO-0001,PRD-00154,IT - Indigenous Production,entry,Production,IT,2.7423
2025-10,IT-TSO-0001,FNC-00005,Industrial Consumers (IT),exit,Final Consumers,IT,11.1753
2025-10,IT-TSO-0001,DIS-00005,Distribution (IT),exit,Distribution,IT,16.9535
2025-10,IT-TSO-0001,ITP-00040,Tarvisio (IT) / Arnoldstein (AT),entry,Transmission,AT,0.1474
2025-10,IT-TSO-0001,ITP-00040,Tarvisio (IT) / Arnoldstein (AT),exit,Transmission,AT,2.6892
2025-10,IT-TSO-0001,LNG-00019,PANIGAGLIA TERMINAL,entry,LNG Terminals,IT,3.0794
2025-10,IT-TSO-0001,ITP-00049,Gorizia (IT) /Šempeter (SI),entry,Transmission,SI,0.0
2025-10,IT-TSO-0001,ITP-00049,Gorizia (IT) /Šempeter (SI),exit,Transmission,SI,0.04
2025-10,IT-TSO-0001,ITP-00093,Mazara del Vallo,entry,Transmission,DZ,17.7634
2025-10,IT-TSO-0001,LNG-00015,Cavarzere (Porto Levante / Adriatic LNG),entry,LNG Terminals,IT,8.4696
2025-10,IT-TSO-0001,ITP-00074,Gela,entry,Transmission,LY,1.6377
2025-10,IT-TSO-0001,ITP-00136,Griespass (CH) / Passo Gries (IT),entry,Transmission,CH,5.5441
2025-10,IT-TSO-0001,ITP-00136,Griespass (CH) / Passo Gries (IT),exit,Transmission,CH,0.0
2025-10,IT-TSO-0001,UGS-00023,UGS - IT - Snam Rete Gas/Stogit Adriatica,exit,Storage,IT,0.5971
2025-10,IT-TSO-0001,UGS-00023,UGS - IT - Snam Rete Gas/Stogit Adriatica,entry,Storage,IT,0.0
2025-10,IT-TSO-0001,UGS-00008,UGS - IT - Snam Rete Gas/STOGIT,entry,Storage,IT,0.0
2025-10,IT-TSO-0001,LNG-00004,OLT LNG / Livorno,entry,LNG Terminals,IT,0.8147
2025-10,IT-TSO-0001,UGS-00008,UGS - IT - Snam Rete Gas/STOGIT,exit,Storage,IT,4.3561
2025-10,IT-TSO-0001,ITP-00283,Rep. San Marino,exit,Transmission,SM,0.031
2025-10,IT-TSO-0001,ITP-00278,Bizzarone,exit,Transmission,CH,0.0903
2025-10,IT-TSO-0001,ITP-00008,Melendugno - IT / TAP,entry,Transmission,AL,9.6334
2025-10,IT-TSO-0001,ITP-00008,Melendugno - IT / TAP,exit,Transmission,AL,0.0
2025-10,IT-TSO-0001,UGS-00475,Italgasstorage (IT),entry,Storage,IT,0.0
2025-10,IT-TSO-0001,UGS-00475,Italgasstorage (IT),exit,Storage,IT,0.1709
2025-10,IT-TSO-0001,LNG-00082,RAVENNA TERMINAL,entry,LNG Terminals,IT,3.3634
2025-10,IT-TSO-0001,LNG-00069,PIOMBINO TERMINAL,entry,LNG Terminals,IT,3.914
2025-10,ES-TSO-0006,VTP-00043,TVB,entry,LNG Terminals,ES,20.616
2025-10,ES-TSO-0006,FNC-00043,Aggregated Distribution + Final Customers Exits (ES),exit,Final Consumers,ES,19.763
2025-10,ES-TSO-0006,PRD-00231,Aggregated Production Sites (ES),entry,Production,ES,0.0266
2025-10,ES-TSO-0006,ITP-00082,Tarifa,exit,Transmission,MA,0.9805
2025-10,ES-TSO-0006,LNG-00012,Barcelona,entry,LNG Terminals,ES,3.7303
2025-10,ES-TSO-0006,LNG-00022,Cartagena,entry,LNG Terminals,ES,2.1512
2025-10,ES-TSO-0006,LNG-00018,Huelva,entry,LNG Terminals,ES,3.0904
2025-10,ES-TSO-0006,LNG-00021,Mugardos,entry,LNG Terminals,ES,1.8599
2025-10,ES-TSO-0006,LNG-00023,Sagunto,entry,LNG Terminals,ES,3.712
2025-10,ES-TSO-0006,LNG-00013,Bilbao,entry,LNG Terminals,ES,4.9657
2025-10,ES-TSO-0006,LNG-00016,Musel,entry,LNG Terminals,ES,0.9582
2025-10,ES-TSO-0006,ITP-00048,Almería,entry,Transmission,DZ,10.1611
2025-10,ES-TSO-0006,ITP-00286,VIP IBERICO,entry,Transmission,PT,0.0456
2025-10,ES-TSO-0006,ITP-00286,VIP IBERICO,exit,Transmission,PT,0.4023
2025-10,ES-TSO-0006,ITP-00304,VIP PIRINEOS,entry,Transmission,FR,0.1293
2025-10,ES-TSO-0006,ITP-00304,VIP PIRINEOS,exit,Transmission,FR,1.7577
2025-10,ES-TSO-0006,UGS-00024,BASIC UGS - AASS Unificado,entry,Storage,ES,0.0
2025-10,ES-TSO-0006,UGS-00024,BASIC UGS - AASS Unificado,exit,Storage,ES,0.0015
2025-10,FR-TSO-0003,ITP-00115,Blaregnies L (BE) / Taisnières B (FR),entry,Transmission,BE,1.2528
2025-10,FR-TSO-0003,ITP-00039,Oltingue (FR) / Rodersdorf (CH),exit,Transmission,CH,7.1435
2025-10,FR-TSO-0003,LNG-00003,Dunkerque LNG / PEG North,entry,,,15.5058
2025-10,FR-TSO-0003,UGS-00284,Nord-Ouest / SEDIANE,entry,Storage,FR,0.641
2025-10,FR-TSO-0003,DIS-00197,GRTgaz aggregated distribution consumers,exit,Distribution,FR,13.7831
2025-10,FR-TSO-0003,ITP-00541,Atlantique,exit,Storage,FR,0.4656
2025-10,FR-TSO-0003,LNG-00024,Montoir de Bretagne,entry,LNG Terminals,FR,3.5717
2025-10,FR-TSO-0003,UGS-00285,Nord-B / SEDIANE B,entry,Storage,FR,0.0036
2025-10,FR-TSO-0003,UGS-00286,Nord-Est / SERENE Nord,entry,Storage,FR,1.2861
2025-10,FR-TSO-0003,FNC-00201,GRTgaz aggregated industrial consumers,exit,Final Consumers,FR,10.8407
2025-10,FR-TSO-0003,LNG-00029,Fos (Tonkin/Cavaou),entry,LNG Terminals,FR,5.19
2025-10,FR-TSO-0003,ITP-00137,Obergailbach (FR) / Medelsheim (DE),entry,Transmission,DE,0.0
2025-10,FR-TSO-0003,ITP-00045,Dunkerque,entry,Transmission,NO,14.2377
2025-10,FR-TSO-0003,UGS-00288,Sud-Est / SALINE,exit,Storage,FR,0.2702
2025-10,FR-TSO-0003,ITP-00526,VIRTUALYS,exit,Transmission,BE,7.2305
2025-10,FR-TSO-0003,PRD-00331,GRTgaz aggregated producers (FR),entry,Production,FR,0.2154
2025-10,FR-TSO-0003,LNG-00071,Le Havre (FR),entry,LNG Terminals,FR,0.0
2025-10,UK-TSO-0001,LNG-00049,Milford Haven,entry,LNG Terminals,UK,6.5008
2025-10,UK-TSO-0001,PRD-00152,Burton Point,entry,Production,UK,0.0
2025-10,UK-TSO-0001,PRD-00151,Barrow,entry,Production,UK,0.0
2025-10,UK-TSO-0001,ITP-00091,Easington,entry,Transmission,NO,21.4324
2025-10,UK-TSO-0001,UGS-00282,Hornsea,entry,Storage,UK,0.0009
2025-10,UK-TSO-0001,LNG-00008,Isle of Grain,entry,LNG Terminals,UK,1.4518
2025-10,UK-TSO-0001,ITP-00022,St. Fergus,entry,Transmission,NO,15.3839
2025-10,UK-TSO-0001,LNG-00007,Teesside,entry,Production,UK,8.316
2025-10,UK-TSO-0001,ITP-00090,Moffat,exit,Transmission,UK,5.2401
2025-10,UK-TSO-0001,ITP-00005,Bacton (IUK),exit,Transmission,UK,2.185
2025-10,UK-TSO-0001,ITP-00207,Bacton (BBL),exit,Transmission,NL,0.0251
2025-10,UK-TSO-0001,UGS-00277,Cheshire Storage,entry,Storage,UK,0.4436
2025-10,UK-TSO-0001,UGS-00279,Aldbrough,entry,Storage,UK,0.8272
2025-10,UK-TSO-0001,UGS-00281,Hole House Farm,entry,,,0.0
2025-10,UK-TSO-0001,UGS-00280,Hatfield Moor Storage,entry,Storage,UK,0.0
2025-10,UK-TSO-0001,UGS-00275,Humbly Grove,entry,Storage,UK,0.0
2025-10,UK-TSO-0001,ITP-00492,Bacton IPs,entry,Transmission,UK,0.0281
2025-10,UK-TSO-0001,PRD-00156,Bacton (UKCS),entry,Production,UK,5.4029
2025-10,UK-TSO-0001,DIS-00063,Aberdeen,exit,Distribution,UK,0.1849
2025-10,UK-TSO-0001,DIS-00064,Alrewas (EM),exit,Distribution,UK,0.2015
2025-10,UK-TSO-0001,DIS-00065,Alrewas (WM),exit,Distribution,UK,0.1646
2025-10,UK-TSO-0001,DIS-00066,Armadale,exit,Distribution,UK,0.1397
2025-10,UK-TSO-0001,DIS-00067,Aspley,exit,Distribution,UK,1.3315
2025-10,UK-TSO-0001,DIS-00068,Asselby,exit,Distribution,UK,0.0313
2025-10,UK-TSO-0001,DIS-00069,Audley (NW),exit,Distribution,UK,0.0876
2025-10,UK-TSO-0001,DIS-00070,Audley (WM),exit,Distribution,UK,0.1404
2025-10,UK-TSO-0001,DIS-00071,Austrey,exit,Distribution,UK,0.0001
2025-10,UK-TSO-0001,DIS-00072,Aylesbeare,exit,Distribution,UK,0.1281
2025-10,UK-TSO-0001,UGS-00275,Humbly Grove,exit,Storage,UK,0.1197
2025-10,UK-TSO-0001,DIS-00073,Bacton,exit,Distribution,UK,0.0219
2025-10,UK-TSO-0001,DIS-00074,Baldersby,exit,Distribution,UK,0.0131
2025-10,UK-TSO-0001,DIS-00075,Balgray,exit,Distribution,UK,0.114
2025-10,UK-TSO-0001,UGS-00279,Aldbrough,exit,Storage,UK,1.8535
2025-10,UK-TSO-0001,DIS-00076,Bathgate,exit,Distribution,UK,0.0446
2025-10,UK-TSO-0001,DIS-00077,Bishop Auckland,exit,Distribution,UK,0.3887
2025-10,UK-TSO-0001,DIS-00078,Blaby,exit,Distribution,UK,0.2282
2025-10,UK-TSO-0001,DIS-00079,Blackrod,exit,Distribution,UK,1.0761
2025-10,UK-TSO-0001,DIS-00080,Blyborough,exit,Distribution,UK,0.0
2025-10,UK-TSO-0001,DIS-00081,Braishfield A,exit,Distribution,UK,0.6364
2025-10,UK-TSO-0001,DIS-00082,Braishfield B,exit,Distribution,UK,0.4545
2025-10,UK-TSO-0001,DIS-00083,Brisley,exit,Distribution,UK,0.0334
2025-10,UK-TSO-0001,DIS-00084,Broxburn,exit,Distribution,UK,0.4402
2025-10,UK-TSO-0001,DIS-00085,Burley Bank,exit,Distribution,UK,0.2219
2025-10,UK-TSO-0001,DIS-00183,Burnhervie,exit,Distribution,UK,0.1546
2025-10,UK-TSO-0001,DIS-00086,Caldecott,exit,Distribution,UK,0.0
2025-10,UK-TSO-0001,DIS-00087,Careston,exit,Distribution,UK,0.0334
2025-10,UK-TSO-0001,UGS-00216,Stublach,exit,Storage,UK,2.0949
2025-10,UK-TSO-0001,DIS-00088,Cirencester,exit,Distribution,UK,0.0497
2025-10,UK-TSO-0001,DIS-00089,Coffinswell,exit,Distribution,UK,0.0415
2025-10,UK-TSO-0001,DIS-00090,Coldstream,exit,Distribution,UK,0.0117
2025-10,UK-TSO-0001,DIS-00091,Corbridge,exit,Distribution,UK,0.0005
2025-10,UK-TSO-0001,DIS-00092,Cowpen Bewley,exit,Distribution,UK,0.2683
2025-10,UK-TSO-0001,DIS-00093,Dowlais,exit,Distribution,UK,0.6924
2025-10,UK-TSO-0001,DIS-00094,Drointon,exit,Distribution,UK,1.225
2025-10,UK-TSO-0001,DIS-00095,Drum,exit,Distribution,UK,0.1523
2025-10,UK-TSO-0001,DIS-00096,Dyffryn Clydach,exit,Distribution,UK,0.3179
2025-10,UK-TSO-0001,DIS-00097,Easton Grey,exit,Distribution,UK,0.0373
2025-10,UK-TSO-0001,DIS-00098,Ecclestone,exit,Distribution,UK,0.18
2025-10,UK-TSO-0001,DIS-00099,Elton,exit,Distribution,UK,0.2868
2025-10,UK-TSO-0001,DIS-00100,Evesham,exit,Distribution,UK,0.0503
2025-10,UK-TSO-0001,DIS-00101,Farningham,exit,Distribution,UK,0.4771
2025-10,UK-TSO-0001,DIS-00102,Farningham B,exit,Distribution,UK,0.1163
2025-10,UK-TSO-0001,DIS-00103,Fiddington,exit,Distribution,UK,0.2651
2025-10,UK-TSO-0001,DIS-00104,Ganstead,exit,Distribution,UK,0.0103
2025-10,UK-TSO-0001,DIS-00105,Gilwern,exit,Distribution,UK,0.4247
2025-10,UK-TSO-0001,DIS-00106,Glenmavis,exit,Distribution,UK,1.7614
2025-10,UK-TSO-0001,DIS-00107,Gosberton,exit,Distribution,UK,0.1431
2025-10,UK-TSO-0001,DIS-00108,Great Wilbraham,exit,Distribution,UK,0.2265
2025-10,UK-TSO-0001,DIS-00109,Guyzance,exit,Distribution,UK,0.0156
2025-10,UK-TSO-0001,DIS-00110,Hardwick,exit,Distribution,UK,0.8414
2025-10,UK-TSO-0001,UGS-00408,Hatfield Moor Max Refill,exit,Storage,UK,0.0
2025-10,UK-TSO-0001,UGS-00182,Hill Top Farm,exit,Storage,UK,0.3232
2025-10,UK-TSO-0001,UGS-00281,Hole House Farm,exit,,,0.0
2025-10,UK-TSO-0001,UGS-00181,Holford,exit,Storage,UK,1.1141
2025-10,UK-TSO-0001,DIS-00111,Holmes Chapel,exit,Distribution,UK,0.1957
2025-10,UK-TSO-0001,DIS-00112,Horndon,exit,Distribution,UK,0.5004
2025-10,UK-TSO-0001,UGS-00409,Hornsea Max Refill,exit,Storage,UK,0.4033
2025-10,UK-TSO-0001,DIS-00113,Humbleton,exit,Distribution,UK,0.0012
2025-10,UK-TSO-0001,DIS-00114,Hume,exit,Distribution,UK,0.0162
2025-10,UK-TSO-0001,DIS-00115,Ilchester,exit,Distribution,UK,0.294
2025-10,UK-TSO-0001,FNC-00011,Industrial Offtakes (UK),exit,Final Consumers,UK,0.9565
2025-10,UK-TSO-0001,DIS-00117,Ipsden 2,exit,Distribution,UK,0.0892
2025-10,UK-TSO-0001,DIS-00116,Ipsden,exit,Distribution,UK,0.0
2025-10,UK-TSO-0001,DIS-00118,Keld,exit,Distribution,UK,0.0022
2025-10,UK-TSO-0001,DIS-00119,Kenn,exit,Distribution,UK,0.2869
2025-10,UK-TSO-0001,DIS-00120,Kinknockie,exit,Distribution,UK,0.0217
2025-10,UK-TSO-0001,DIS-00121,Kirkstead,exit,Distribution,UK,0.0096
2025-10,UK-TSO-0001,DIS-00122,Langholm,exit,Distribution,UK,0.0012
2025-10,UK-TSO-0001,DIS-00123,Leamington,exit,Distribution,UK,0.0008
2025-10,UK-TSO-0001,DIS-00124,Little Burdon,exit,Distribution,UK,0.1248
2025-10,UK-TSO-0001,DIS-00125,Littleton Drew,exit,Distribution,UK,0.0
2025-10,UK-TSO-0001,DIS-00126,Lockerbie,exit,Distribution,UK,0.0653
2025-10,UK-TSO-0001,DIS-00127,Lower Quinton,exit,Distribution,UK,0.0046
2025-10,UK-TSO-0001,DIS-00128,Lupton,exit,Distribution,UK,0.2704
2025-10,UK-TSO-0001,DIS-00129,Luxborough Lane,exit,Distribution,UK,0.1044
2025-10,UK-TSO-0001,DIS-00130,Lyneham (Choakford),exit,Distribution,UK,0.1162
2025-10,UK-TSO-0001,DIS-00131,Maelor,exit,Distribution,UK,0.4614
2025-10,UK-TSO-0001,DIS-00132,Malpas,exit,Distribution,UK,0.0054
2025-10,UK-TSO-0001,DIS-00133,Mappowder,exit,Distribution,UK,0.2877
2025-10,UK-TSO-0001,DIS-00134,Market Harborough,exit,Distribution,UK,0.0021
2025-10,UK-TSO-0001,DIS-00135,Matching Green,exit,Distribution,UK,0.7589
2025-10,UK-TSO-0001,DIS-00136,Melkinthorpe,exit,Distribution,UK,0.0363
2025-10,UK-TSO-0001,DIS-00137,Mickle Trafford,exit,Distribution,UK,0.1444
2025-10,UK-TSO-0001,DIS-00138,Milwich,exit,Distribution,UK,0.0165
2025-10,UK-TSO-0001,DIS-00139,Netherhowcleugh,exit,Distribution,UK,0.002
2025-10,UK-TSO-0001,DIS-00140,Pannal,exit,Distribution,UK,1.2547
2025-10,UK-TSO-0001,DIS-00141,Partington,exit,Distribution,UK,0.6066
2025-10,UK-TSO-0001,DIS-00142,Paull,exit,Distribution,UK,0.4755
2025-10,UK-TSO-0001,DIS-00143,Peterborough Eye (Tee),exit,Distribution,UK,0.1854
2025-10,UK-TSO-0001,DIS-00144,Peters Green,exit,Distribution,UK,1.0159
2025-10,UK-TSO-0001,DIS-00145,Peters Green South Mimms,exit,Distribution,UK,1.698
2025-10,UK-TSO-0001,DIS-00146,Pickering,exit,Distribution,UK,0.0329
2025-10,UK-TSO-0001,DIS-00147,Pitcairngreen,exit,Distribution,UK,0.0298
2025-10,UK-TSO-0001,FNC-00012,Power Stations (UK),exit,Final Consumers,UK,12.644
2025-10,UK-TSO-0001,DIS-00148,Pucklechurch,exit,Distribution,UK,0.1261
2025-10,UK-TSO-0001,DIS-00149,Rawcliffe,exit,Distribution,UK,0.0439
2025-10,UK-TSO-0001,DIS-00150,Ross (SW),exit,Distribution,UK,0.039
2025-10,UK-TSO-0001,DIS-00151,Ross (WM),exit,Distribution,UK,0.1415
2025-10,UK-TSO-0001,DIS-00152,Roudham Heath,exit,Distribution,UK,0.4703
2025-10,UK-TSO-0001,UGS-00235,Rough,exit,Storage,UK,0.0
2025-10,UK-TSO-0001,DIS-00153,Royston,exit,Distribution,UK,0.028
2025-10,UK-TSO-0001,DIS-00154,Rugby,exit,Distribution,UK,1.2215
2025-10,UK-TSO-0001,DIS-00155,Saltwick Pressure Controlled,exit,Distribution,UK,0.6441
2025-10,UK-TSO-0001,DIS-00156,Saltwick Volumetric Controlled,exit,Distribution,UK,0.0
2025-10,UK-TSO-0001,DIS-00157,Samlesbury,exit,Distribution,UK,1.2018
2025-10,UK-TSO-0001,DIS-00158,Seabank (DN),exit,Distribution,UK,0.4243
2025-10,UK-TSO-0001,DIS-00159,Shorne,exit,Distribution,UK,0.0008
2025-10,UK-TSO-0001,DIS-00160,Shustoke,exit,Distribution,UK,0.0
2025-10,UK-TSO-0001,DIS-00161,Silk Willoughby,exit,Distribution,UK,0.0206
2025-10,UK-TSO-0001,DIS-00162,Soutra,exit,Distribution,UK,0.0272
2025-10,UK-TSO-0001,DIS-00163,St Fergus,exit,Distribution,UK,0.0105
2025-10,UK-TSO-0001,DIS-00165,Stratford-upon-Avon,exit,Distribution,UK,0.0427
2025-10,UK-TSO-0001,DIS-00166,Sutton Bridge,exit,Distribution,UK,0.0125
2025-10,UK-TSO-0001,DIS-00167,Tatsfield,exit,Distribution,UK,1.4082
2025-10,UK-TSO-0001,DIS-00168,Thornton Curtis,exit,Distribution,UK,1.2743
2025-10,UK-TSO-0001,DIS-00169,Thrintoft,exit,Distribution,UK,0.0455
2025-10,UK-TSO-0001,DIS-00170,Towlaw,exit,Distribution,UK,0.004
2025-10,UK-TSO-0001,DIS-00171,Towton,exit,Distribution,UK,0.2958
2025-10,UK-TSO-0001,DIS-00172,Tur Langton,exit,Distribution,UK,0.7545
2025-10,UK-TSO-0001,DIS-00173,Walesby,exit,Distribution,UK,0.0085
2025-10,UK-TSO-0001,DIS-00174,Warburton,exit,Distribution,UK,0.7753
2025-10,UK-TSO-0001,DIS-00176,Weston Point,exit,Distribution,UK,0.0018
2025-10,UK-TSO-0001,DIS-00175,West Winch,exit,Distribution,UK,0.0869
2025-10,UK-TSO-0001,DIS-00177,Wetheral,exit,Distribution,UK,0.0169
2025-10,UK-TSO-0001,DIS-00178,Whitwell,exit,Distribution,UK,1.0142
2025-10,UK-TSO-0001,DIS-00179,Winkfield (NT),exit,Distribution,UK,0.0
2025-10,UK-TSO-0001,DIS-00180,Winkfield (SE),exit,Distribution,UK,0.5233
2025-10,UK-TSO-0001,DIS-00181,Winkfield (SO),exit,Distribution,UK,0.2927
2025-10,UK-TSO-0001,DIS-00182,Yelverton,exit,Distribution,UK,0.1402
2025-10,FR-TSO-0003,UGS-00288,Sud-Est / SALINE,entry,Storage,FR,0.1268
2025-10,FR-TSO-0003,UGS-00284,Nord-Ouest / SEDIANE,exit,Storage,FR,0.9854
2025-10,FR-TSO-0003,UGS-00286,Nord-Est / SERENE Nord,exit,Storage,FR,0.0117
2025-10,FR-TSO-0003,UGS-00285,Nord-B / SEDIANE B,exit,Storage,FR,0.539
2025-10,FR-TSO-0003,ITP-00541,Atlantique,entry,Storage,FR,1.3442
2025-11,UK-TSO-0002,ITP-00077,Twynholm,entry,Transmission,UK,1.5577
2025-11,UK-TSO-0002,DIS-00017,PTL Stranraer,exit,Distribution,UK,0.0135
2025-11,UK-TSO-0002,DIS-00015,Greater Belfast,exit,Distribution,UK,0.4504
2025-11,UK-TSO-0002,ITP-00298,Carrickfergus,exit,Transmission,UK,0.3856
2025-11,PT-TSO-0001,UGS-00010,Carriço,entry,Storage,PT,0.4392
2025-11,PT-TSO-0001,UGS-00010,Carriço,exit,Storage,PT,0.2581
2025-11,PT-TSO-0001,LNG-00026,Sines,entry,LNG Terminals,PT,3.6593
2025-11,PT-TSO-0001,ITP-00286,VIP IBERICO,entry,Transmission,ES,0.1535
2025-11,PT-TSO-0001,FNC-00001,Final Consumers (PT),exit,Final Consumers,PT,2.1405
2025-11,PT-TSO-0001,DIS-00001,Distribution (PT),exit,Distribution,PT,1.7531
2025-11,PT-TSO-0001,ITP-00286,VIP IBERICO,exit,Transmission,ES,0.1026
2025-11,UK-TSO-0004,ITP-00207,Bacton (BBL),entry,Transmission,UK,0.0
2025-11,UK-TSO-0004,ITP-00207,Bacton (BBL),exit,Transmission,UK,0.0569
2025-11,FR-TSO-0002,FNC-00015,TEREGA Delivery Pool - Industrials (FR),exit,Final Consumers,FR,0.3401
2025-11,FR-TSO-0002,ITP-00304,VIP PIRINEOS,exit,Transmission,ES,0.9529
2025-11,FR-TSO-0002,UGS-00017,Lussagnet,entry,Storage,FR,4.6527
2025-11,FR-TSO-0002,DIS-00188,TEREGA Delivery Pool - Distribution (FR),exit,Distribution,FR,1.8821
2025-11,FR-TSO-0002,ITP-00304,VIP PIRINEOS,entry,Transmission,ES,0.0012
2025-11,FR-TSO-0002,UGS-00017,Lussagnet,exit,Storage,FR,5.0076
2025-11,FR-TSO-0002,PRD-00330,TEREGA Biomethane Production Pool,entry,Production,FR,0.028
2025-11,UK-TSO-0003,ITP-00061,Zeebrugge IZT,entry,Transmission,BE,0.0453
2025-11,UK-TSO-0003,ITP-00061,Zeebrugge IZT,exit,Transmission,BE,4.441
2025-11,UK-TSO-0003,ITP-00005,Bacton (IUK),entry,Transmission,UK,4.417
2025-11,UK-TSO-0003,ITP-00005,Bacton (IUK),exit,Transmission,UK,0.027
2025-11,IT-TSO-0001,FNC-00006,Thermal Plants (IT),exit,Final Consumers,IT,23.0975
2025-11,IT-TSO-0001,ITP-00288,SRG Delivery to other transmission networks,exit,Transmission,IT,1.4779
2025-11,IT-TSO-0001,PRD-00154,IT - Indigenous Production,entry,Production,IT,2.5105
2025-11,IT-TSO-0001,FNC-00005,Industrial Consumers (IT),exit,Final Consumers,IT,11.2956
2025-11,IT-TSO-0001,DIS-00005,Distribution (IT),exit,Distribution,IT,32.9524
2025-11,IT-TSO-0001,ITP-00040,Tarvisio (IT) / Arnoldstein (AT),entry,Transmission,AT,0.1067
2025-11,IT-TSO-0001,ITP-00040,Tarvisio (IT) / Arnoldstein (AT),exit,Transmission,AT,2.0599
2025-11,IT-TSO-0001,LNG-00019,PANIGAGLIA TERMINAL,entry,LNG Terminals,IT,1.0266
2025-11,IT-TSO-0001,ITP-00049,Gorizia (IT) /Šempeter (SI),entry,Transmission,SI,0.0057
2025-11,IT-TSO-0001,ITP-00093,Mazara del Vallo,entry,Transmission,DZ,16.868
2025-11,IT-TSO-0001,ITP-00049,Gorizia (IT) /Šempeter (SI),exit,Transmission,SI,0.0642
2025-11,IT-TSO-0001,LNG-00015,Cavarzere (Porto Levante / Adriatic LNG),entry,LNG Terminals,IT,7.9223
2025-11,IT-TSO-0001,ITP-00074,Gela,entry,Transmission,LY,1.4741
2025-11,IT-TSO-0001,ITP-00136,Griespass (CH) / Passo Gries (IT),entry,Transmission,CH,6.6045
2025-11,IT-TSO-0001,UGS-00023,UGS - IT - Snam Rete Gas/Stogit Adriatica,entry,Storage,IT,1.5419
2025-11,IT-TSO-0001,ITP-00136,Griespass (CH) / Passo Gries (IT),exit,Transmission,CH,0.0
2025-11,IT-TSO-0001,UGS-00008,UGS - IT - Snam Rete Gas/STOGIT,entry,Storage,IT,14.0766
2025-11,IT-TSO-0001,UGS-00023,UGS - IT - Snam Rete Gas/Stogit Adriatica,exit,Storage,IT,0.0699
2025-11,IT-TSO-0001,UGS-00008,UGS - IT - Snam Rete Gas/STOGIT,exit,Storage,IT,0.0002
2025-11,IT-TSO-0001,LNG-00004,OLT LNG / Livorno,entry,LNG Terminals,IT,3.38
2025-11,IT-TSO-0001,ITP-00283,Rep. San Marino,exit,Transmission,SM,0.0525
2025-11,IT-TSO-0001,ITP-00278,Bizzarone,exit,Transmission,CH,0.1482
2025-11,IT-TSO-0001,ITP-00008,Melendugno - IT / TAP,entry,Transmission,AL,9.1596
2025-11,IT-TSO-0001,ITP-00008,Melendugno - IT / TAP,exit,Transmission,AL,0.0
2025-11,IT-TSO-0001,UGS-00475,Italgasstorage (IT),entry,Storage,IT,0.763
2025-11,IT-TSO-0001,LNG-00082,RAVENNA TERMINAL,entry,LNG Terminals,IT,2.301
2025-11,IT-TSO-0001,UGS-00475,Italgasstorage (IT),exit,Storage,IT,0.1084
2025-11,IT-TSO-0001,LNG-00069,PIOMBINO TERMINAL,entry,LNG Terminals,IT,3.7487
2025-11,ES-TSO-0006,LNG-00021,Mugardos,entry,LNG Terminals,ES,2.2742
2025-11,ES-TSO-0006,ITP-00048,Almería,entry,Transmission,DZ,9.812
2025-11,ES-TSO-0006,ITP-00304,VIP PIRINEOS,exit,Transmission,FR,0.0013
2025-11,ES-TSO-0006,FNC-00043,Aggregated Distribution + Final Customers Exits (ES),exit,Final Consumers,ES,21.2309
2025-11,ES-TSO-0006,ITP-00082,Tarifa,exit,Transmission,MA,0.841
2025-11,ES-TSO-0006,LNG-00012,Barcelona,entry,LNG Terminals,ES,2.7572
2025-11,ES-TSO-0006,LNG-00018,Huelva,entry,LNG Terminals,ES,2.0322
2025-11,ES-TSO-0006,LNG-00023,Sagunto,entry,LNG Terminals,ES,2.7359
2025-11,ES-TSO-0006,LNG-00016,Musel,entry,LNG Terminals,ES,0.9224
2025-11,ES-TSO-0006,ITP-00286,VIP IBERICO,entry,Transmission,PT,0.1019
2025-11,ES-TSO-0006,ITP-00304,VIP PIRINEOS,entry,Transmission,FR,0.9613
2025-11,ES-TSO-0006,UGS-00024,BASIC UGS - AASS Unificado,entry,Storage,ES,2.588
2025-11,ES-TSO-0006,VTP-00043,TVB,entry,LNG Terminals,ES,17.3139
2025-11,ES-TSO-0006,PRD-00231,Aggregated Production Sites (ES),entry,Production,ES,0.0607
2025-11,ES-TSO-0006,LNG-00022,Cartagena,entry,LNG Terminals,ES,2.691
2025-11,ES-TSO-0006,LNG-00013,Bilbao,entry,LNG Terminals,ES,3.7513
2025-11,ES-TSO-0006,ITP-00286,VIP IBERICO,exit,Transmission,PT,0.159
2025-11,ES-TSO-0006,UGS-00024,BASIC UGS - AASS Unificado,exit,Storage,ES,0.0
2025-11,FR-TSO-0003,LNG-00029,Fos (Tonkin/Cavaou),entry,LNG Terminals,FR,6.3312
2025-11,FR-TSO-0003,LNG-00024,Montoir de Bretagne,entry,LNG Terminals,FR,7.0482
2025-11,FR-TSO-0003,ITP-00045,Dunkerque,entry,Transmission,NO,12.9383
2025-11,FR-TSO-0003,UGS-00284,Nord-Ouest / SEDIANE,exit,Storage,FR,0.5549
2025-11,FR-TSO-0003,UGS-00288,Sud-Est / SALINE,exit,Storage,FR,0.3217
2025-11,FR-TSO-0003,DIS-00197,GRTgaz aggregated distribution consumers,exit,Distribution,FR,24.4503
2025-11,FR-TSO-0003,PRD-00331,GRTgaz aggregated producers (FR),entry,Production,FR,0.2191
2025-11,FR-TSO-0003,ITP-00541,Atlantique,exit,Storage,FR,0.0
2025-11,FR-TSO-0003,LNG-00071,Le Havre (FR),entry,LNG Terminals,FR,0.0
2025-11,FR-TSO-0003,ITP-00115,Blaregnies L (BE) / Taisnières B (FR),entry,Transmission,BE,0.0227
2025-11,FR-TSO-0003,ITP-00039,Oltingue (FR) / Rodersdorf (CH),exit,Transmission,CH,7.3575
2025-11,FR-TSO-0003,ITP-00137,Obergailbach (FR) / Medelsheim (DE),entry,Transmission,DE,0.0
2025-11,FR-TSO-0003,LNG-00003,Dunkerque LNG / PEG North,entry,,,14.6895
2025-11,FR-TSO-0003,UGS-00285,Nord-B / SEDIANE B,entry,Storage,FR,1.148
2025-11,FR-TSO-0003,UGS-00286,Nord-Est / SERENE Nord,entry,Storage,FR,1.9612
2025-11,FR-TSO-0003,ITP-00526,VIRTUALYS,exit,Transmission,BE,6.3836
2025-11,FR-TSO-0003,FNC-00201,GRTgaz aggregated industrial consumers,exit,Final Consumers,FR,12.0698
2025-11,UK-TSO-0001,LNG-00049,Milford Haven,entry,LNG Terminals,UK,17.4078
2025-11,UK-TSO-0001,PRD-00152,Burton Point,entry,Production,UK,0.0
2025-11,UK-TSO-0001,PRD-00151,Barrow,entry,Production,UK,0.0
2025-11,UK-TSO-0001,ITP-00091,Easington,entry,Transmission,NO,24.2022
2025-11,UK-TSO-0001,UGS-00282,Hornsea,entry,Storage,UK,0.3095
2025-11,UK-TSO-0001,LNG-00008,Isle of Grain,entry,LNG Terminals,UK,0.9646
2025-11,UK-TSO-0001,ITP-00022,St. Fergus,entry,Transmission,NO,17.2585
2025-11,UK-TSO-0001,LNG-00007,Teesside,entry,Production,UK,7.7631
2025-11,UK-TSO-0001,ITP-00090,Moffat,exit,Transmission,UK,6.1301
2025-11,UK-TSO-0001,ITP-00005,Bacton (IUK),exit,Transmission,UK,4.4335
2025-11,UK-TSO-0001,ITP-00207,Bacton (BBL),exit,Transmission,NL,0.0
2025-11,UK-TSO-0001,UGS-00277,Cheshire Storage,entry,Storage,UK,2.0348
2025-11,UK-TSO-0001,UGS-00279,Aldbrough,entry,Storage,UK,0.527
2025-11,UK-TSO-0001,UGS-00280,Hatfield Moor Storage,entry,Storage,UK,0.0
2025-11,UK-TSO-0001,UGS-00281,Hole House Farm,entry,,,0.0016
2025-11,UK-TSO-0001,UGS-00275,Humbly Grove,entry,Storage,UK,0.4085
2025-11,UK-TSO-0001,ITP-00492,Bacton IPs,entry,Transmission,UK,0.0839
2025-11,UK-TSO-0001,PRD-00156,Bacton (UKCS),entry,Production,UK,5.2927
2025-11,UK-TSO-0001,DIS-00063,Aberdeen,exit,Distribution,UK,0.4237
2025-11,UK-TSO-0001,DIS-00064,Alrewas (EM),exit,Distribution,UK,0.8451
2025-11,UK-TSO-0001,DIS-00065,Alrewas (WM),exit,Distribution,UK,1.1669
2025-11,UK-TSO-0001,DIS-00066,Armadale,exit,Distribution,UK,0.1797
2025-11,UK-TSO-0001,DIS-00067,Aspley,exit,Distribution,UK,0.6899
2025-11,UK-TSO-0001,DIS-00068,Asselby,exit,Distribution,UK,0.041
2025-11,UK-TSO-0001,DIS-00069,Audley (NW),exit,Distribution,UK,0.1205
2025-11,UK-TSO-0001,DIS-00070,Audley (WM),exit,Distribution,UK,0.2948
2025-11,UK-TSO-0001,DIS-00071,Austrey,exit,Distribution,UK,0.0003
2025-11,UK-TSO-0001,DIS-00072,Aylesbeare,exit,Distribution,UK,0.1957
2025-11,UK-TSO-0001,UGS-00275,Humbly Grove,exit,Storage,UK,0.1753
2025-11,UK-TSO-0001,DIS-00073,Bacton,exit,Distribution,UK,0.0331
2025-11,UK-TSO-0001,DIS-00074,Baldersby,exit,Distribution,UK,0.0162
2025-11,UK-TSO-0001,DIS-00075,Balgray,exit,Distribution,UK,0.1799
2025-11,UK-TSO-0001,UGS-00279,Aldbrough,exit,Storage,UK,1.0028
2025-11,UK-TSO-0001,DIS-00076,Bathgate,exit,Distribution,UK,0.2505
2025-11,UK-TSO-0001,DIS-00077,Bishop Auckland,exit,Distribution,UK,0.7359
2025-11,UK-TSO-0001,DIS-00078,Blaby,exit,Distribution,UK,0.1982
2025-11,UK-TSO-0001,DIS-00079,Blackrod,exit,Distribution,UK,1.9644
2025-11,UK-TSO-0001,DIS-00080,Blyborough,exit,Distribution,UK,0.3399
2025-11,UK-TSO-0001,DIS-00081,Braishfield A,exit,Distribution,UK,1.2973
2025-11,UK-TSO-0001,DIS-00082,Braishfield B,exit,Distribution,UK,0.2077
2025-11,UK-TSO-0001,DIS-00083,Brisley,exit,Distribution,UK,0.0392
2025-11,UK-TSO-0001,DIS-00084,Broxburn,exit,Distribution,UK,0.6332
2025-11,UK-TSO-0001,DIS-00085,Burley Bank,exit,Distribution,UK,0.2814
2025-11,UK-TSO-0001,DIS-00183,Burnhervie,exit,Distribution,UK,0.0812
2025-11,UK-TSO-0001,DIS-00086,Caldecott,exit,Distribution,UK,0.0
2025-11,UK-TSO-0001,DIS-00087,Careston,exit,Distribution,UK,0.0472
2025-11,UK-TSO-0001,UGS-00216,Stublach,exit,Storage,UK,1.2988
2025-11,UK-TSO-0001,DIS-00088,Cirencester,exit,Distribution,UK,0.0754
2025-11,UK-TSO-0001,DIS-00089,Coffinswell,exit,Distribution,UK,0.0594
2025-11,UK-TSO-0001,DIS-00090,Coldstream,exit,Distribution,UK,0.018
2025-11,UK-TSO-0001,DIS-00091,Corbridge,exit,Distribution,UK,0.0008
2025-11,UK-TSO-0001,DIS-00092,Cowpen Bewley,exit,Distribution,UK,0.2789
2025-11,UK-TSO-0001,DIS-00093,Dowlais,exit,Distribution,UK,0.964
2025-11,UK-TSO-0001,DIS-00094,Drointon,exit,Distribution,UK,1.2986
2025-11,UK-TSO-0001,DIS-00095,Drum,exit,Distribution,UK,0.684
2025-11,UK-TSO-0001,DIS-00096,Dyffryn Clydach,exit,Distribution,UK,0.4388
2025-11,UK-TSO-0001,DIS-00097,Easton Grey,exit,Distribution,UK,0.1619
2025-11,UK-TSO-0001,DIS-00098,Ecclestone,exit,Distribution,UK,0.2565
2025-11,UK-TSO-0001,DIS-00099,Elton,exit,Distribution,UK,0.4194
2025-11,UK-TSO-0001,DIS-00100,Evesham,exit,Distribution,UK,0.0785
2025-11,UK-TSO-0001,DIS-00101,Farningham,exit,Distribution,UK,0.9016
2025-11,UK-TSO-0001,DIS-00102,Farningham B,exit,Distribution,UK,0.3793
2025-11,UK-TSO-0001,DIS-00103,Fiddington,exit,Distribution,UK,0.3574
2025-11,UK-TSO-0001,DIS-00104,Ganstead,exit,Distribution,UK,0.1314
2025-11,UK-TSO-0001,DIS-00105,Gilwern,exit,Distribution,UK,0.5413
2025-11,UK-TSO-0001,DIS-00106,Glenmavis,exit,Distribution,UK,1.7143
2025-11,UK-TSO-0001,DIS-00107,Gosberton,exit,Distribution,UK,0.1884
2025-11,UK-TSO-0001,DIS-00108,Great Wilbraham,exit,Distribution,UK,0.331
2025-11,UK-TSO-0001,DIS-00109,Guyzance,exit,Distribution,UK,0.0241
2025-11,UK-TSO-0001,DIS-00110,Hardwick,exit,Distribution,UK,1.3034
2025-11,UK-TSO-0001,UGS-00408,Hatfield Moor Max Refill,exit,Storage,UK,0.0
2025-11,UK-TSO-0001,UGS-00182,Hill Top Farm,exit,Storage,UK,0.3421
2025-11,UK-TSO-0001,UGS-00281,Hole House Farm,exit,,,0.0
2025-11,UK-TSO-0001,UGS-00181,Holford,exit,Storage,UK,0.8778
2025-11,UK-TSO-0001,DIS-00111,Holmes Chapel,exit,Distribution,UK,0.2456
2025-11,UK-TSO-0001,DIS-00112,Horndon,exit,Distribution,UK,0.6818
2025-11,UK-TSO-0001,UGS-00409,Hornsea Max Refill,exit,Storage,UK,0.2096
2025-11,UK-TSO-0001,DIS-00114,Hume,exit,Distribution,UK,0.0219
2025-11,UK-TSO-0001,DIS-00113,Humbleton,exit,Distribution,UK,0.0017
2025-11,UK-TSO-0001,DIS-00115,Ilchester,exit,Distribution,UK,0.2987
2025-11,UK-TSO-0001,FNC-00011,Industrial Offtakes (UK),exit,Final Consumers,UK,0.94
2025-11,UK-TSO-0001,DIS-00117,Ipsden 2,exit,Distribution,UK,0.1204
2025-11,UK-TSO-0001,DIS-00116,Ipsden,exit,Distribution,UK,0.0005
2025-11,UK-TSO-0001,DIS-00118,Keld,exit,Distribution,UK,0.004
2025-11,UK-TSO-0001,DIS-00120,Kinknockie,exit,Distribution,UK,0.0335
2025-11,UK-TSO-0001,DIS-00119,Kenn,exit,Distribution,UK,0.2462
2025-11,UK-TSO-0001,DIS-00121,Kirkstead,exit,Distribution,UK,0.014
2025-11,UK-TSO-0001,DIS-00122,Langholm,exit,Distribution,UK,0.0018
2025-11,UK-TSO-0001,DIS-00123,Leamington,exit,Distribution,UK,0.0247
2025-11,UK-TSO-0001,DIS-00124,Little Burdon,exit,Distribution,UK,0.1766
2025-11,UK-TSO-0001,DIS-00125,Littleton Drew,exit,Distribution,UK,0.0131
2025-11,UK-TSO-0001,DIS-00126,Lockerbie,exit,Distribution,UK,0.0878
2025-11,UK-TSO-0001,DIS-00127,Lower Quinton,exit,Distribution,UK,0.645
2025-11,UK-TSO-0001,DIS-00128,Lupton,exit,Distribution,UK,0.3159
2025-11,UK-TSO-0001,DIS-00129,Luxborough Lane,exit,Distribution,UK,0.4588
2025-11,UK-TSO-0001,DIS-00130,Lyneham (Choakford),exit,Distribution,UK,0.3374
2025-11,UK-TSO-0001,DIS-00131,Maelor,exit,Distribution,UK,0.6073
2025-11,UK-TSO-0001,DIS-00132,Malpas,exit,Distribution,UK,0.0088
2025-11,UK-TSO-0001,DIS-00133,Mappowder,exit,Distribution,UK,0.4737
2025-11,UK-TSO-0001,DIS-00134,Market Harborough,exit,Distribution,UK,0.053
2025-11,UK-TSO-0001,DIS-00135,Matching Green,exit,Distribution,UK,1.0267
2025-11,UK-TSO-0001,DIS-00136,Melkinthorpe,exit,Distribution,UK,0.0389
2025-11,UK-TSO-0001,DIS-00137,Mickle Trafford,exit,Distribution,UK,0.1793
2025-11,UK-TSO-0001,DIS-00138,Milwich,exit,Distribution,UK,0.1029
2025-11,UK-TSO-0001,DIS-00139,Netherhowcleugh,exit,Distribution,UK,0.0028
2025-11,UK-TSO-0001,DIS-00140,Pannal,exit,Distribution,UK,1.6766
2025-11,UK-TSO-0001,DIS-00141,Partington,exit,Distribution,UK,1.3372
2025-11,UK-TSO-0001,DIS-00142,Paull,exit,Distribution,UK,0.5024
2025-11,UK-TSO-0001,DIS-00143,Peterborough Eye (Tee),exit,Distribution,UK,0.2581
2025-11,UK-TSO-0001,DIS-00144,Peters Green,exit,Distribution,UK,1.2928
2025-11,UK-TSO-0001,DIS-00145,Peters Green South Mimms,exit,Distribution,UK,2.2918
2025-11,UK-TSO-0001,DIS-00146,Pickering,exit,Distribution,UK,0.0666
2025-11,UK-TSO-0001,DIS-00147,Pitcairngreen,exit,Distribution,UK,0.0176
2025-11,UK-TSO-0001,FNC-00012,Power Stations (UK),exit,Final Consumers,UK,12.8393
2025-11,UK-TSO-0001,DIS-00148,Pucklechurch,exit,Distribution,UK,0.3161
2025-11,UK-TSO-0001,DIS-00149,Rawcliffe,exit,Distribution,UK,0.0503
2025-11,UK-TSO-0001,DIS-00150,Ross (SW),exit,Distribution,UK,0.05
2025-11,UK-TSO-0001,DIS-00151,Ross (WM),exit,Distribution,UK,0.1706
2025-11,UK-TSO-0001,DIS-00152,Roudham Heath,exit,Distribution,UK,0.4767
2025-11,UK-TSO-0001,UGS-00235,Rough,exit,Storage,UK,0.0
2025-11,UK-TSO-0001,DIS-00153,Royston,exit,Distribution,UK,0.0345
2025-11,UK-TSO-0001,DIS-00154,Rugby,exit,Distribution,UK,1.1614
2025-11,UK-TSO-0001,DIS-00155,Saltwick Pressure Controlled,exit,Distribution,UK,0.7203
2025-11,UK-TSO-0001,DIS-00156,Saltwick Volumetric Controlled,exit,Distribution,UK,0.0
2025-11,UK-TSO-0001,DIS-00157,Samlesbury,exit,Distribution,UK,1.1563
2025-11,UK-TSO-0001,DIS-00158,Seabank (DN),exit,Distribution,UK,0.5328
2025-11,UK-TSO-0001,DIS-00159,Shorne,exit,Distribution,UK,0.1665
2025-11,UK-TSO-0001,DIS-00161,Silk Willoughby,exit,Distribution,UK,0.031
2025-11,UK-TSO-0001,DIS-00162,Soutra,exit,Distribution,UK,0.0943
2025-11,UK-TSO-0001,DIS-00163,St Fergus,exit,Distribution,UK,0.0154
2025-11,UK-TSO-0001,DIS-00165,Stratford-upon-Avon,exit,Distribution,UK,0.0573
2025-11,UK-TSO-0001,DIS-00166,Sutton Bridge,exit,Distribution,UK,0.0141
2025-11,UK-TSO-0001,DIS-00167,Tatsfield,exit,Distribution,UK,2.3986
2025-11,UK-TSO-0001,DIS-00168,Thornton Curtis,exit,Distribution,UK,1.4559
2025-11,UK-TSO-0001,DIS-00169,Thrintoft,exit,Distribution,UK,0.0625
2025-11,UK-TSO-0001,DIS-00170,Towlaw,exit,Distribution,UK,0.0059
2025-11,UK-TSO-0001,DIS-00171,Towton,exit,Distribution,UK,0.5652
2025-11,UK-TSO-0001,DIS-00172,Tur Langton,exit,Distribution,UK,1.1292
2025-11,UK-TSO-0001,DIS-00173,Walesby,exit,Distribution,UK,0.0125
2025-11,UK-TSO-0001,DIS-00174,Warburton,exit,Distribution,UK,0.6573
2025-11,UK-TSO-0001,DIS-00176,Weston Point,exit,Distribution,UK,0.0213
2025-11,UK-TSO-0001,DIS-00175,West Winch,exit,Distribution,UK,0.1143
2025-11,UK-TSO-0001,DIS-00177,Wetheral,exit,Distribution,UK,0.1801
2025-11,UK-TSO-0001,DIS-00178,Whitwell,exit,Distribution,UK,1.2065
2025-11,UK-TSO-0001,DIS-00179,Winkfield (NT),exit,Distribution,UK,0.0
2025-11,UK-TSO-0001,DIS-00180,Winkfield (SE),exit,Distribution,UK,0.4208
2025-11,UK-TSO-0001,DIS-00181,Winkfield (SO),exit,Distribution,UK,0.459
2025-11,UK-TSO-0001,DIS-00182,Yelverton,exit,Distribution,UK,0.5592
2025-11,FR-TSO-0003,UGS-00284,Nord-Ouest / SEDIANE,entry,Storage,FR,2.7158
2025-11,FR-TSO-0003,ITP-00541,Atlantique,entry,Storage,FR,7.5567
2025-11,FR-TSO-0003,UGS-00288,Sud-Est / SALINE,entry,Storage,FR,0.4891
2025-11,UK-TSO-0001,DIS-00160,Shustoke,exit,Distribution,UK,0.0
2025-12,UK-TSO-0002,ITP-00077,Twynholm,entry,Transmission,UK,1.6913
2025-12,UK-TSO-0002,ITP-00298,Carrickfergus,exit,Transmission,UK,0.6197
2025-12,UK-TSO-0002,DIS-00015,Greater Belfast,exit,Distribution,UK,0.5914
2025-12,UK-TSO-0002,DIS-00017,PTL Stranraer,exit,Distribution,UK,0.0115
2025-12,PT-TSO-0001,UGS-00010,Carriço,entry,Storage,PT,0.0
2025-12,PT-TSO-0001,UGS-00010,Carriço,exit,Storage,PT,0.0847
2025-12,PT-TSO-0001,FNC-00001,Final Consumers (PT),exit,Final Consumers,PT,1.9057
2025-12,PT-TSO-0001,DIS-00001,Distribution (PT),exit,Distribution,PT,1.7736
2025-12,PT-TSO-0001,LNG-00026,Sines,entry,LNG Terminals,PT,3.9733
2025-12,PT-TSO-0001,ITP-00286,VIP IBERICO,entry,Transmission,ES,0.0424
2025-12,PT-TSO-0001,ITP-00286,VIP IBERICO,exit,Transmission,ES,0.2435
2025-12,UK-TSO-0004,ITP-00207,Bacton (BBL),entry,Transmission,UK,0.0
2025-12,UK-TSO-0004,ITP-00207,Bacton (BBL),exit,Transmission,UK,0.0566
2025-12,FR-TSO-0002,FNC-00015,TEREGA Delivery Pool - Industrials (FR),exit,Final Consumers,FR,0.3757
2025-12,FR-TSO-0002,ITP-00304,VIP PIRINEOS,entry,Transmission,ES,0.0001
2025-12,FR-TSO-0002,DIS-00188,TEREGA Delivery Pool - Distribution (FR),exit,Distribution,FR,2.466
2025-12,FR-TSO-0002,UGS-00017,Lussagnet,entry,Storage,FR,8.8632
2025-12,FR-TSO-0002,ITP-00304,VIP PIRINEOS,exit,Transmission,ES,2.1354
2025-12,FR-TSO-0002,UGS-00017,Lussagnet,exit,Storage,FR,1.5981
2025-12,FR-TSO-0002,PRD-00330,TEREGA Biomethane Production Pool,entry,Production,FR,0.0289
2025-12,UK-TSO-0003,ITP-00061,Zeebrugge IZT,entry,Transmission,BE,0.0789
2025-12,UK-TSO-0003,ITP-00061,Zeebrugge IZT,exit,Transmission,BE,1.4278
2025-12,UK-TSO-0003,ITP-00005,Bacton (IUK),entry,Transmission,UK,1.3954
2025-12,UK-TSO-0003,ITP-00005,Bacton (IUK),exit,Transmission,UK,0.0941
2025-12,IT-TSO-0001,ITP-00008,Melendugno - IT / TAP,exit,Transmission,AL,0.0
2025-12,IT-TSO-0001,LNG-00082,RAVENNA TERMINAL,entry,LNG Terminals,IT,2.4084
2025-12,IT-TSO-0001,ITP-00288,SRG Delivery to other transmission networks,exit,Transmission,IT,1.8246
2025-12,IT-TSO-0001,PRD-00154,IT - Indigenous Production,entry,Production,IT,2.6043
2025-12,IT-TSO-0001,ITP-00040,Tarvisio (IT) / Arnoldstein (AT),entry,Transmission,AT,0.5667
2025-12,IT-TSO-0001,DIS-00005,Distribution (IT),exit,Distribution,IT,43.7572
2025-12,IT-TSO-0001,ITP-00049,Gorizia (IT) /Šempeter (SI),entry,Transmission,SI,0.0
2025-12,IT-TSO-0001,ITP-00049,Gorizia (IT) /Šempeter (SI),exit,Transmission,SI,0.1816
2025-12,IT-TSO-0001,ITP-00074,Gela,entry,Transmission,LY,0.4484
2025-12,IT-TSO-0001,ITP-00136,Griespass (CH) / Passo Gries (IT),entry,Transmission,CH,8.7828
2025-12,IT-TSO-0001,UGS-00023,UGS - IT - Snam Rete Gas/Stogit Adriatica,exit,Storage,IT,0.0
2025-12,IT-TSO-0001,UGS-00008,UGS - IT - Snam Rete Gas/STOGIT,entry,Storage,IT,23.2397
2025-12,IT-TSO-0001,ITP-00283,Rep. San Marino,exit,Transmission,SM,0.0635
2025-12,IT-TSO-0001,UGS-00475,Italgasstorage (IT),entry,Storage,IT,1.4678
2025-12,IT-TSO-0001,UGS-00475,Italgasstorage (IT),exit,Storage,IT,0.1634
2025-12,IT-TSO-0001,FNC-00006,Thermal Plants (IT),exit,Final Consumers,IT,26.8355
2025-12,IT-TSO-0001,FNC-00005,Industrial Consumers (IT),exit,Final Consumers,IT,9.371
2025-12,IT-TSO-0001,ITP-00040,Tarvisio (IT) / Arnoldstein (AT),exit,Transmission,AT,0.4899
2025-12,IT-TSO-0001,LNG-00069,PIOMBINO TERMINAL,entry,LNG Terminals,IT,3.9409
2025-12,IT-TSO-0001,LNG-00019,PANIGAGLIA TERMINAL,entry,LNG Terminals,IT,0.0238
2025-12,IT-TSO-0001,ITP-00093,Mazara del Vallo,entry,Transmission,DZ,15.2784
2025-12,IT-TSO-0001,LNG-00015,Cavarzere (Porto Levante / Adriatic LNG),entry,LNG Terminals,IT,8.6433
2025-12,IT-TSO-0001,ITP-00136,Griespass (CH) / Passo Gries (IT),exit,Transmission,CH,0.0
2025-12,IT-TSO-0001,UGS-00023,UGS - IT - Snam Rete Gas/Stogit Adriatica,entry,Storage,IT,2.4241
2025-12,IT-TSO-0001,LNG-00004,OLT LNG / Livorno,entry,LNG Terminals,IT,4.0001
2025-12,IT-TSO-0001,UGS-00008,UGS - IT - Snam Rete Gas/STOGIT,exit,Storage,IT,0.0
2025-12,IT-TSO-0001,ITP-00278,Bizzarone,exit,Transmission,CH,0.1711
2025-12,IT-TSO-0001,ITP-00008,Melendugno - IT / TAP,entry,Transmission,AL,8.8652
2025-12,ES-TSO-0006,ITP-00082,Tarifa,exit,Transmission,MA,0.912
2025-12,ES-TSO-0006,LNG-00018,Huelva,entry,LNG Terminals,ES,2.2797
2025-12,ES-TSO-0006,LNG-00021,Mugardos,entry,LNG Terminals,ES,2.2158
2025-12,ES-TSO-0006,LNG-00016,Musel,entry,LNG Terminals,ES,0.949
2025-12,ES-TSO-0006,ITP-00048,Almería,entry,Transmission,DZ,9.0865
2025-12,ES-TSO-0006,ITP-00304,VIP PIRINEOS,exit,Transmission,FR,0.0001
2025-12,ES-TSO-0006,ITP-00304,VIP PIRINEOS,entry,Transmission,FR,2.1602
2025-12,ES-TSO-0006,VTP-00043,TVB,entry,LNG Terminals,ES,19.1588
2025-12,ES-TSO-0006,FNC-00043,Aggregated Distribution + Final Customers Exits (ES),exit,Final Consumers,ES,24.2247
2025-12,ES-TSO-0006,PRD-00231,Aggregated Production Sites (ES),entry,Production,ES,0.0487
2025-12,ES-TSO-0006,LNG-00022,Cartagena,entry,LNG Terminals,ES,2.3461
2025-12,ES-TSO-0006,LNG-00012,Barcelona,entry,LNG Terminals,ES,3.132
2025-12,ES-TSO-0006,LNG-00023,Sagunto,entry,LNG Terminals,ES,3.1697
2025-12,ES-TSO-0006,LNG-00013,Bilbao,entry,LNG Terminals,ES,5.0828
2025-12,ES-TSO-0006,ITP-00286,VIP IBERICO,entry,Transmission,PT,0.2445
2025-12,ES-TSO-0006,ITP-00286,VIP IBERICO,exit,Transmission,PT,0.0434
2025-12,ES-TSO-0006,UGS-00024,BASIC UGS - AASS Unificado,entry,Storage,ES,4.1934
2025-12,ES-TSO-0006,UGS-00024,BASIC UGS - AASS Unificado,exit,Storage,ES,0.0
2025-12,FR-TSO-0003,LNG-00024,Montoir de Bretagne,entry,LNG Terminals,FR,7.3296
2025-12,FR-TSO-0003,ITP-00137,Obergailbach (FR) / Medelsheim (DE),entry,Transmission,DE,0.0
2025-12,FR-TSO-0003,UGS-00285,Nord-B / SEDIANE B,entry,Storage,FR,1.2683
2025-12,FR-TSO-0003,UGS-00286,Nord-Est / SERENE Nord,entry,Storage,FR,3.056
2025-12,FR-TSO-0003,PRD-00331,GRTgaz aggregated producers (FR),entry,Production,FR,0.2305
2025-12,FR-TSO-0003,FNC-00201,GRTgaz aggregated industrial consumers,exit,Final Consumers,FR,13.52
2025-12,FR-TSO-0003,LNG-00071,Le Havre (FR),entry,LNG Terminals,FR,0.0
2025-12,FR-TSO-0003,LNG-00029,Fos (Tonkin/Cavaou),entry,LNG Terminals,FR,5.0885
2025-12,FR-TSO-0003,ITP-00115,Blaregnies L (BE) / Taisnières B (FR),entry,Transmission,BE,0.0
2025-12,FR-TSO-0003,ITP-00039,Oltingue (FR) / Rodersdorf (CH),exit,Transmission,CH,7.9447
2025-12,FR-TSO-0003,ITP-00045,Dunkerque,entry,Transmission,NO,11.2253
2025-12,FR-TSO-0003,LNG-00003,Dunkerque LNG / PEG North,entry,,,12.8025
2025-12,FR-TSO-0003,UGS-00284,Nord-Ouest / SEDIANE,entry,Storage,FR,4.6798
2025-12,FR-TSO-0003,UGS-00288,Sud-Est / SALINE,entry,Storage,FR,2.6289
2025-12,FR-TSO-0003,ITP-00526,VIRTUALYS,exit,Transmission,BE,8.2889
2025-12,FR-TSO-0003,DIS-00197,GRTgaz aggregated distribution consumers,exit,Distribution,FR,30.3537
2025-12,FR-TSO-0003,ITP-00541,Atlantique,entry,Storage,FR,10.001
2025-12,UK-TSO-0001,PRD-00151,Barrow,entry,Production,UK,0.0712
2025-12,UK-TSO-0001,ITP-00091,Easington,entry,Transmission,NO,25.9177
2025-12,UK-TSO-0001,ITP-00022,St. Fergus,entry,Transmission,NO,19.7718
2025-12,UK-TSO-0001,LNG-00007,Teesside,entry,Production,UK,7.8093
2025-12,UK-TSO-0001,ITP-00005,Bacton (IUK),exit,Transmission,UK,1.4198
2025-12,UK-TSO-0001,ITP-00207,Bacton (BBL),exit,Transmission,NL,0.0
2025-12,UK-TSO-0001,UGS-00279,Aldbrough,entry,Storage,UK,1.1345
2025-12,UK-TSO-0001,UGS-00275,Humbly Grove,entry,Storage,UK,0.1871
2025-12,UK-TSO-0001,PRD-00156,Bacton (UKCS),entry,Production,UK,5.1774
2025-12,UK-TSO-0001,DIS-00065,Alrewas (WM),exit,Distribution,UK,1.2216
2025-12,UK-TSO-0001,DIS-00066,Armadale,exit,Distribution,UK,0.1762
2025-12,UK-TSO-0001,DIS-00068,Asselby,exit,Distribution,UK,0.042
2025-12,UK-TSO-0001,DIS-00071,Austrey,exit,Distribution,UK,0.0759
2025-12,UK-TSO-0001,DIS-00073,Bacton,exit,Distribution,UK,0.0423
2025-12,UK-TSO-0001,DIS-00074,Baldersby,exit,Distribution,UK,0.0177
2025-12,UK-TSO-0001,DIS-00076,Bathgate,exit,Distribution,UK,0.2868
2025-12,UK-TSO-0001,DIS-00077,Bishop Auckland,exit,Distribution,UK,0.8776
2025-12,UK-TSO-0001,DIS-00079,Blackrod,exit,Distribution,UK,2.0992
2025-12,UK-TSO-0001,DIS-00081,Braishfield A,exit,Distribution,UK,1.7424
2025-12,UK-TSO-0001,DIS-00084,Broxburn,exit,Distribution,UK,0.7376
2025-12,UK-TSO-0001,DIS-00085,Burley Bank,exit,Distribution,UK,0.3425
2025-12,UK-TSO-0001,DIS-00087,Careston,exit,Distribution,UK,0.0533
2025-12,UK-TSO-0001,UGS-00216,Stublach,exit,Storage,UK,1.5194
2025-12,UK-TSO-0001,DIS-00090,Coldstream,exit,Distribution,UK,0.0196
2025-12,UK-TSO-0001,DIS-00091,Corbridge,exit,Distribution,UK,0.0009
2025-12,UK-TSO-0001,DIS-00094,Drointon,exit,Distribution,UK,1.1202
2025-12,UK-TSO-0001,DIS-00095,Drum,exit,Distribution,UK,0.9179
2025-12,UK-TSO-0001,DIS-00098,Ecclestone,exit,Distribution,UK,0.272
2025-12,UK-TSO-0001,DIS-00099,Elton,exit,Distribution,UK,0.4643
2025-12,UK-TSO-0001,DIS-00102,Farningham B,exit,Distribution,UK,0.3963
2025-12,UK-TSO-0001,DIS-00103,Fiddington,exit,Distribution,UK,0.3594
2025-12,UK-TSO-0001,DIS-00106,Glenmavis,exit,Distribution,UK,1.7221
2025-12,UK-TSO-0001,DIS-00107,Gosberton,exit,Distribution,UK,0.2206
2025-12,UK-TSO-0001,UGS-00408,Hatfield Moor Max Refill,exit,Storage,UK,0.0
2025-12,UK-TSO-0001,DIS-00110,Hardwick,exit,Distribution,UK,1.5988
2025-12,UK-TSO-0001,UGS-00181,Holford,exit,Storage,UK,0.2122
2025-12,UK-TSO-0001,DIS-00111,Holmes Chapel,exit,Distribution,UK,0.2809
2025-12,UK-TSO-0001,LNG-00049,Milford Haven,entry,LNG Terminals,UK,16.4232
2025-12,UK-TSO-0001,PRD-00152,Burton Point,entry,Production,UK,0.0
2025-12,UK-TSO-0001,UGS-00282,Hornsea,entry,Storage,UK,0.4375
2025-12,UK-TSO-0001,LNG-00008,Isle of Grain,entry,LNG Terminals,UK,1.9708
2025-12,UK-TSO-0001,ITP-00090,Moffat,exit,Transmission,UK,6.2304
2025-12,UK-TSO-0001,UGS-00277,Cheshire Storage,entry,Storage,UK,1.2872
2025-12,UK-TSO-0001,UGS-00281,Hole House Farm,entry,,,0.0
2025-12,UK-TSO-0001,UGS-00280,Hatfield Moor Storage,entry,Storage,UK,0.0703
2025-12,UK-TSO-0001,ITP-00492,Bacton IPs,entry,Transmission,UK,0.1507
2025-12,UK-TSO-0001,DIS-00063,Aberdeen,exit,Distribution,UK,0.2265
2025-12,UK-TSO-0001,DIS-00064,Alrewas (EM),exit,Distribution,UK,1.3564
2025-12,UK-TSO-0001,DIS-00067,Aspley,exit,Distribution,UK,1.179
2025-12,UK-TSO-0001,DIS-00069,Audley (NW),exit,Distribution,UK,0.1413
2025-12,UK-TSO-0001,DIS-00070,Audley (WM),exit,Distribution,UK,0.2489
2025-12,UK-TSO-0001,DIS-00072,Aylesbeare,exit,Distribution,UK,0.2585
2025-12,UK-TSO-0001,UGS-00275,Humbly Grove,exit,Storage,UK,0.0
2025-12,UK-TSO-0001,DIS-00075,Balgray,exit,Distribution,UK,0.2029
2025-12,UK-TSO-0001,UGS-00279,Aldbrough,exit,Storage,UK,0.9233
2025-12,UK-TSO-0001,DIS-00078,Blaby,exit,Distribution,UK,0.1971
2025-12,UK-TSO-0001,DIS-00080,Blyborough,exit,Distribution,UK,0.8191
2025-12,UK-TSO-0001,DIS-00082,Braishfield B,exit,Distribution,UK,0.165
2025-12,UK-TSO-0001,DIS-00083,Brisley,exit,Distribution,UK,0.0435
2025-12,UK-TSO-0001,DIS-00183,Burnhervie,exit,Distribution,UK,0.3188
2025-12,UK-TSO-0001,DIS-00086,Caldecott,exit,Distribution,UK,0.1054
2025-12,UK-TSO-0001,DIS-00088,Cirencester,exit,Distribution,UK,0.0962
2025-12,UK-TSO-0001,DIS-00089,Coffinswell,exit,Distribution,UK,0.0767
2025-12,UK-TSO-0001,DIS-00092,Cowpen Bewley,exit,Distribution,UK,0.3091
2025-12,UK-TSO-0001,DIS-00093,Dowlais,exit,Distribution,UK,1.0891
2025-12,UK-TSO-0001,DIS-00096,Dyffryn Clydach,exit,Distribution,UK,0.5399
2025-12,UK-TSO-0001,DIS-00097,Easton Grey,exit,Distribution,UK,0.2868
2025-12,UK-TSO-0001,DIS-00100,Evesham,exit,Distribution,UK,0.0944
2025-12,UK-TSO-0001,DIS-00101,Farningham,exit,Distribution,UK,1.2994
2025-12,UK-TSO-0001,DIS-00104,Ganstead,exit,Distribution,UK,0.2756
2025-12,UK-TSO-0001,DIS-00105,Gilwern,exit,Distribution,UK,0.6843
2025-12,UK-TSO-0001,DIS-00108,Great Wilbraham,exit,Distribution,UK,0.3914
2025-12,UK-TSO-0001,DIS-00109,Guyzance,exit,Distribution,UK,0.0257
2025-12,UK-TSO-0001,UGS-00182,Hill Top Farm,exit,Storage,UK,0.3223
2025-12,UK-TSO-0001,UGS-00281,Hole House Farm,exit,,,0.0
2025-12,UK-TSO-0001,DIS-00112,Horndon,exit,Distribution,UK,0.7578
2025-12,UK-TSO-0001,UGS-00409,Hornsea Max Refill,exit,Storage,UK,0.2666
2025-12,UK-TSO-0001,DIS-00115,Ilchester,exit,Distribution,UK,0.4103
2025-12,UK-TSO-0001,FNC-00011,Industrial Offtakes (UK),exit,Final Consumers,UK,0.8506
2025-12,UK-TSO-0001,DIS-00118,Keld,exit,Distribution,UK,0.0052
2025-12,UK-TSO-0001,DIS-00119,Kenn,exit,Distribution,UK,0.2903
2025-12,UK-TSO-0001,DIS-00122,Langholm,exit,Distribution,UK,0.0021
2025-12,UK-TSO-0001,DIS-00123,Leamington,exit,Distribution,UK,0.0499
2025-12,UK-TSO-0001,DIS-00126,Lockerbie,exit,Distribution,UK,0.0972
2025-12,UK-TSO-0001,DIS-00127,Lower Quinton,exit,Distribution,UK,0.6253
2025-12,UK-TSO-0001,DIS-00130,Lyneham (Choakford),exit,Distribution,UK,0.4516
2025-12,UK-TSO-0001,DIS-00131,Maelor,exit,Distribution,UK,0.6977
2025-12,UK-TSO-0001,DIS-00134,Market Harborough,exit,Distribution,UK,0.1251
2025-12,UK-TSO-0001,DIS-00136,Melkinthorpe,exit,Distribution,UK,0.0325
2025-12,UK-TSO-0001,DIS-00138,Milwich,exit,Distribution,UK,0.2781
2025-12,UK-TSO-0001,DIS-00139,Netherhowcleugh,exit,Distribution,UK,0.0031
2025-12,UK-TSO-0001,DIS-00142,Paull,exit,Distribution,UK,0.432
2025-12,UK-TSO-0001,DIS-00143,Peterborough Eye (Tee),exit,Distribution,UK,0.3091
2025-12,UK-TSO-0001,DIS-00146,Pickering,exit,Distribution,UK,0.0651
2025-12,UK-TSO-0001,DIS-00147,Pitcairngreen,exit,Distribution,UK,0.0144
2025-12,UK-TSO-0001,DIS-00149,Rawcliffe,exit,Distribution,UK,0.0542
2025-12,UK-TSO-0001,DIS-00150,Ross (SW),exit,Distribution,UK,0.055
2025-12,UK-TSO-0001,UGS-00235,Rough,exit,Storage,UK,0.0
2025-12,UK-TSO-0001,DIS-00153,Royston,exit,Distribution,UK,0.0399
2025-12,UK-TSO-0001,DIS-00156,Saltwick Volumetric Controlled,exit,Distribution,UK,0.0
2025-12,UK-TSO-0001,DIS-00158,Seabank (DN),exit,Distribution,UK,0.6586
2025-12,UK-TSO-0001,DIS-00159,Shorne,exit,Distribution,UK,0.0022
2025-12,UK-TSO-0001,DIS-00162,Soutra,exit,Distribution,UK,0.1156
2025-12,UK-TSO-0001,DIS-00163,St Fergus,exit,Distribution,UK,0.0171
2025-12,UK-TSO-0001,DIS-00167,Tatsfield,exit,Distribution,UK,3.0649
2025-12,UK-TSO-0001,DIS-00168,Thornton Curtis,exit,Distribution,UK,1.3128
2025-12,UK-TSO-0001,DIS-00171,Towton,exit,Distribution,UK,0.6752
2025-12,UK-TSO-0001,DIS-00172,Tur Langton,exit,Distribution,UK,1.1496
2025-12,UK-TSO-0001,DIS-00174,Warburton,exit,Distribution,UK,1.5163
2025-12,UK-TSO-0001,DIS-00177,Wetheral,exit,Distribution,UK,0.3557
2025-12,UK-TSO-0001,DIS-00178,Whitwell,exit,Distribution,UK,1.6774
2025-12,UK-TSO-0001,DIS-00181,Winkfield (SO),exit,Distribution,UK,0.484
2025-12,UK-TSO-0001,DIS-00182,Yelverton,exit,Distribution,UK,0.7358
2025-12,UK-TSO-0001,DIS-00113,Humbleton,exit,Distribution,UK,0.0019
2025-12,UK-TSO-0001,DIS-00114,Hume,exit,Distribution,UK,0.0213
2025-12,UK-TSO-0001,DIS-00117,Ipsden 2,exit,Distribution,UK,0.144
2025-12,UK-TSO-0001,DIS-00116,Ipsden,exit,Distribution,UK,0.0002
2025-12,UK-TSO-0001,DIS-00120,Kinknockie,exit,Distribution,UK,0.0357
2025-12,UK-TSO-0001,DIS-00121,Kirkstead,exit,Distribution,UK,0.0167
2025-12,UK-TSO-0001,DIS-00124,Little Burdon,exit,Distribution,UK,0.2061
2025-12,UK-TSO-0001,DIS-00125,Littleton Drew,exit,Distribution,UK,0.023
2025-12,UK-TSO-0001,DIS-00128,Lupton,exit,Distribution,UK,0.3709
2025-12,UK-TSO-0001,DIS-00129,Luxborough Lane,exit,Distribution,UK,1.1988
2025-12,UK-TSO-0001,DIS-00132,Malpas,exit,Distribution,UK,0.011
2025-12,UK-TSO-0001,DIS-00133,Mappowder,exit,Distribution,UK,0.5753
2025-12,UK-TSO-0001,DIS-00135,Matching Green,exit,Distribution,UK,1.0674
2025-12,UK-TSO-0001,DIS-00137,Mickle Trafford,exit,Distribution,UK,0.2441
2025-12,UK-TSO-0001,DIS-00140,Pannal,exit,Distribution,UK,1.9021
2025-12,UK-TSO-0001,DIS-00141,Partington,exit,Distribution,UK,1.1764
2025-12,UK-TSO-0001,DIS-00144,Peters Green,exit,Distribution,UK,1.5115
2025-12,UK-TSO-0001,DIS-00145,Peters Green South Mimms,exit,Distribution,UK,2.2805
2025-12,UK-TSO-0001,FNC-00012,Power Stations (UK),exit,Final Consumers,UK,11.9955
2025-12,UK-TSO-0001,DIS-00148,Pucklechurch,exit,Distribution,UK,0.3666
2025-12,UK-TSO-0001,DIS-00151,Ross (WM),exit,Distribution,UK,0.2039
2025-12,UK-TSO-0001,DIS-00152,Roudham Heath,exit,Distribution,UK,0.4892
2025-12,UK-TSO-0001,DIS-00154,Rugby,exit,Distribution,UK,1.1176
2025-12,UK-TSO-0001,DIS-00155,Saltwick Pressure Controlled,exit,Distribution,UK,0.6163
2025-12,UK-TSO-0001,DIS-00157,Samlesbury,exit,Distribution,UK,1.1949
2025-12,UK-TSO-0001,DIS-00161,Silk Willoughby,exit,Distribution,UK,0.0352
2025-12,UK-TSO-0001,DIS-00165,Stratford-upon-Avon,exit,Distribution,UK,0.0708
2025-12,UK-TSO-0001,DIS-00166,Sutton Bridge,exit,Distribution,UK,0.0159
2025-12,UK-TSO-0001,DIS-00169,Thrintoft,exit,Distribution,UK,0.0699
2025-12,UK-TSO-0001,DIS-00170,Towlaw,exit,Distribution,UK,0.0068
2025-12,UK-TSO-0001,DIS-00173,Walesby,exit,Distribution,UK,0.0138
2025-12,UK-TSO-0001,DIS-00176,Weston Point,exit,Distribution,UK,0.0139
2025-12,UK-TSO-0001,DIS-00175,West Winch,exit,Distribution,UK,0.1276
2025-12,UK-TSO-0001,DIS-00179,Winkfield (NT),exit,Distribution,UK,0.0
2025-12,UK-TSO-0001,DIS-00180,Winkfield (SE),exit,Distribution,UK,0.5175
2025-12,FR-TSO-0003,UGS-00288,Sud-Est / SALINE,exit,Storage,FR,0.113
2025-12,FR-TSO-0003,UGS-00284,Nord-Ouest / SEDIANE,exit,Storage,FR,0.1352
2025-12,FR-TSO-0003,ITP-00137,Obergailbach (FR) / Medelsheim (DE),exit,Transmission,DE,0.0487
2025-12,UK-TSO-0001,DIS-00160,Shustoke,exit,Distribution,UK,0.0
2026-01,UK-TSO-0002,ITP-00077,Twynholm,entry,Transmission,UK,1.8671
2026-01,UK-TSO-0002,DIS-00017,PTL Stranraer,exit,Distribution,UK,0.0115
2026-01,UK-TSO-0002,DIS-00015,Greater Belfast,exit,Distribution,UK,0.7352
2026-01,UK-TSO-0002,ITP-00298,Carrickfergus,exit,Transmission,UK,0.9608
2026-01,PT-TSO-0001,UGS-00010,Carriço,exit,Storage,PT,0.0164
2026-01,PT-TSO-0001,FNC-00001,Final Consumers (PT),exit,Final Consumers,PT,2.2961
2026-01,PT-TSO-0001,ITP-00286,VIP IBERICO,entry,Transmission,ES,0.8122
2026-01,PT-TSO-0001,ITP-00286,VIP IBERICO,exit,Transmission,ES,0.1975
2026-01,PT-TSO-0001,UGS-00010,Carriço,entry,Storage,PT,0.4245
2026-01,PT-TSO-0001,DIS-00001,Distribution (PT),exit,Distribution,PT,2.0158
2026-01,PT-TSO-0001,LNG-00026,Sines,entry,LNG Terminals,PT,3.2897
2026-01,UK-TSO-0004,ITP-00207,Bacton (BBL),entry,Transmission,UK,0.0
2026-01,UK-TSO-0004,ITP-00207,Bacton (BBL),exit,Transmission,UK,0.2928
2026-01,FR-TSO-0002,FNC-00015,TEREGA Delivery Pool - Industrials (FR),exit,Final Consumers,FR,0.3555
2026-01,FR-TSO-0002,DIS-00188,TEREGA Delivery Pool - Distribution (FR),exit,Distribution,FR,3.1544
2026-01,FR-TSO-0002,ITP-00304,VIP PIRINEOS,entry,Transmission,ES,0.0492
2026-01,FR-TSO-0002,ITP-00304,VIP PIRINEOS,exit,Transmission,ES,2.3884
2026-01,FR-TSO-0002,UGS-00017,Lussagnet,entry,Storage,FR,14.6055
2026-01,FR-TSO-0002,UGS-00017,Lussagnet,exit,Storage,FR,0.4334
2026-01,FR-TSO-0002,PRD-00330,TEREGA Biomethane Production Pool,entry,Production,FR,0.0249
2026-01,UK-TSO-0003,ITP-00061,Zeebrugge IZT,entry,Transmission,BE,0.4823
2026-01,UK-TSO-0003,ITP-00061,Zeebrugge IZT,exit,Transmission,BE,0.4488
2026-01,UK-TSO-0003,ITP-00005,Bacton (IUK),exit,Transmission,UK,0.4674
2026-01,UK-TSO-0003,ITP-00005,Bacton (IUK),entry,Transmission,UK,0.448
2026-01,IT-TSO-0001,FNC-00006,Thermal Plants (IT),exit,Final Consumers,IT,28.9546
2026-01,IT-TSO-0001,ITP-00288,SRG Delivery to other transmission networks,exit,Transmission,IT,2.2074
2026-01,IT-TSO-0001,PRD-00154,IT - Indigenous Production,entry,Production,IT,2.5829
2026-01,IT-TSO-0001,FNC-00005,Industrial Consumers (IT),exit,Final Consumers,IT,10.4673
2026-01,IT-TSO-0001,DIS-00005,Distribution (IT),exit,Distribution,IT,53.588
2026-01,IT-TSO-0001,ITP-00040,Tarvisio (IT) / Arnoldstein (AT),entry,Transmission,AT,3.0156
2026-01,IT-TSO-0001,ITP-00040,Tarvisio (IT) / Arnoldstein (AT),exit,Transmission,AT,0.6771
2026-01,IT-TSO-0001,LNG-00019,PANIGAGLIA TERMINAL,entry,LNG Terminals,IT,0.4515
2026-01,IT-TSO-0001,ITP-00049,Gorizia (IT) /Šempeter (SI),entry,Transmission,SI,0.0
2026-01,IT-TSO-0001,ITP-00049,Gorizia (IT) /Šempeter (SI),exit,Transmission,SI,0.0329
2026-01,IT-TSO-0001,ITP-00093,Mazara del Vallo,entry,Transmission,DZ,19.6519
2026-01,IT-TSO-0001,LNG-00015,Cavarzere (Porto Levante / Adriatic LNG),entry,LNG Terminals,IT,8.9103
2026-01,IT-TSO-0001,ITP-00074,Gela,entry,Transmission,LY,0.3289
2026-01,IT-TSO-0001,ITP-00136,Griespass (CH) / Passo Gries (IT),entry,Transmission,CH,8.7272
2026-01,IT-TSO-0001,ITP-00136,Griespass (CH) / Passo Gries (IT),exit,Transmission,CH,0.0
2026-01,IT-TSO-0001,UGS-00023,UGS - IT - Snam Rete Gas/Stogit Adriatica,entry,Storage,IT,2.5661
2026-01,IT-TSO-0001,UGS-00023,UGS - IT - Snam Rete Gas/Stogit Adriatica,exit,Storage,IT,0.0
2026-01,IT-TSO-0001,UGS-00008,UGS - IT - Snam Rete Gas/STOGIT,entry,Storage,IT,29.795
2026-01,IT-TSO-0001,UGS-00008,UGS - IT - Snam Rete Gas/STOGIT,exit,Storage,IT,0.0
2026-01,IT-TSO-0001,LNG-00004,OLT LNG / Livorno,entry,LNG Terminals,IT,3.7803
2026-01,IT-TSO-0001,ITP-00283,Rep. San Marino,exit,Transmission,SM,0.0794
2026-01,IT-TSO-0001,ITP-00278,Bizzarone,exit,Transmission,CH,0.2016
2026-01,IT-TSO-0001,ITP-00008,Melendugno - IT / TAP,entry,Transmission,AL,8.3193
2026-01,IT-TSO-0001,ITP-00008,Melendugno - IT / TAP,exit,Transmission,AL,0.0
2026-01,IT-TSO-0001,UGS-00475,Italgasstorage (IT),entry,Storage,IT,0.8913
2026-01,IT-TSO-0001,UGS-00475,Italgasstorage (IT),exit,Storage,IT,0.0342
2026-01,IT-TSO-0001,LNG-00082,RAVENNA TERMINAL,entry,LNG Terminals,IT,2.6782
2026-01,IT-TSO-0001,LNG-00069,PIOMBINO TERMINAL,entry,LNG Terminals,IT,4.1154
2026-01,ES-TSO-0006,FNC-00043,Aggregated Distribution + Final Customers Exits (ES),exit,Final Consumers,ES,24.6009
2026-01,ES-TSO-0006,LNG-00022,Cartagena,entry,LNG Terminals,ES,2.3027
2026-01,ES-TSO-0006,LNG-00023,Sagunto,entry,LNG Terminals,ES,3.3102
2026-01,ES-TSO-0006,ITP-00286,VIP IBERICO,exit,Transmission,PT,0.8281
2026-01,ES-TSO-0006,UGS-00024,BASIC UGS - AASS Unificado,entry,Storage,ES,3.3741
2026-01,ES-TSO-0006,PRD-00231,Aggregated Production Sites (ES),entry,Production,ES,0.0478
2026-01,ES-TSO-0006,LNG-00012,Barcelona,entry,LNG Terminals,ES,3.9332
2026-01,ES-TSO-0006,LNG-00013,Bilbao,entry,LNG Terminals,ES,4.1097
2026-01,ES-TSO-0006,ITP-00286,VIP IBERICO,entry,Transmission,PT,0.1869
2026-01,ES-TSO-0006,UGS-00024,BASIC UGS - AASS Unificado,exit,Storage,ES,0.0
2026-01,ES-TSO-0006,VTP-00043,TVB,entry,LNG Terminals,ES,20.4784
2026-01,ES-TSO-0006,LNG-00021,Mugardos,entry,LNG Terminals,ES,1.946
2026-01,ES-TSO-0006,LNG-00016,Musel,entry,LNG Terminals,ES,0.9633
2026-01,ES-TSO-0006,ITP-00304,VIP PIRINEOS,exit,Transmission,FR,0.05
2026-01,ES-TSO-0006,ITP-00082,Tarifa,exit,Transmission,MA,0.8188
2026-01,ES-TSO-0006,LNG-00018,Huelva,entry,LNG Terminals,ES,3.694
2026-01,ES-TSO-0006,ITP-00048,Almería,entry,Transmission,DZ,10.1631
2026-01,ES-TSO-0006,ITP-00304,VIP PIRINEOS,entry,Transmission,FR,2.4236
2026-01,FR-TSO-0003,ITP-00115,Blaregnies L (BE) / Taisnières B (FR),entry,Transmission,BE,0.0
2026-01,FR-TSO-0003,LNG-00003,Dunkerque LNG / PEG North,entry,,,14.6926
2026-01,FR-TSO-0003,UGS-00288,Sud-Est / SALINE,entry,Storage,FR,4.7867
2026-01,FR-TSO-0003,ITP-00526,VIRTUALYS,exit,Transmission,BE,8.2661
2026-01,FR-TSO-0003,LNG-00024,Montoir de Bretagne,entry,LNG Terminals,FR,9.1553
2026-01,FR-TSO-0003,ITP-00137,Obergailbach (FR) / Medelsheim (DE),entry,Transmission,DE,0.0
2026-01,FR-TSO-0003,UGS-00285,Nord-B / SEDIANE B,entry,Storage,FR,1.4985
2026-01,FR-TSO-0003,PRD-00331,GRTgaz aggregated producers (FR),entry,Production,FR,0.2246
2026-01,FR-TSO-0003,UGS-00286,Nord-Est / SERENE Nord,entry,Storage,FR,2.9597
2026-01,FR-TSO-0003,FNC-00201,GRTgaz aggregated industrial consumers,exit,Final Consumers,FR,16.7056
2026-01,FR-TSO-0003,LNG-00071,Le Havre (FR),entry,LNG Terminals,FR,0.0
2026-01,FR-TSO-0003,LNG-00029,Fos (Tonkin/Cavaou),entry,LNG Terminals,FR,3.7153
2026-01,FR-TSO-0003,ITP-00039,Oltingue (FR) / Rodersdorf (CH),exit,Transmission,CH,7.7512
2026-01,FR-TSO-0003,ITP-00045,Dunkerque,entry,Transmission,NO,10.9408
2026-01,FR-TSO-0003,UGS-00284,Nord-Ouest / SEDIANE,entry,Storage,FR,4.4334
2026-01,FR-TSO-0003,DIS-00197,GRTgaz aggregated distribution consumers,exit,Distribution,FR,36.1333
2026-01,FR-TSO-0003,ITP-00541,Atlantique,entry,Storage,FR,8.6444
2026-01,UK-TSO-0001,LNG-00049,Milford Haven,entry,LNG Terminals,UK,23.3967
2026-01,UK-TSO-0001,PRD-00152,Burton Point,entry,Production,UK,0.0
2026-01,UK-TSO-0001,PRD-00151,Barrow,entry,Production,UK,0.2642
2026-01,UK-TSO-0001,ITP-00091,Easington,entry,Transmission,NO,25.9877
2026-01,UK-TSO-0001,UGS-00282,Hornsea,entry,Storage,UK,1.4623
2026-01,UK-TSO-0001,LNG-00008,Isle of Grain,entry,LNG Terminals,UK,7.1717
2026-01,UK-TSO-0001,ITP-00022,St. Fergus,entry,Transmission,NO,19.5548
2026-01,UK-TSO-0001,LNG-00007,Teesside,entry,Production,UK,8.5625
2026-01,UK-TSO-0001,ITP-00090,Moffat,exit,Transmission,UK,7.2747
2026-01,UK-TSO-0001,ITP-00005,Bacton (IUK),exit,Transmission,UK,0.448
2026-01,UK-TSO-0001,ITP-00207,Bacton (BBL),exit,Transmission,NL,0.0
2026-01,UK-TSO-0001,UGS-00277,Cheshire Storage,entry,Storage,UK,2.1431
2026-01,UK-TSO-0001,UGS-00279,Aldbrough,entry,Storage,UK,1.4361
2026-01,UK-TSO-0001,UGS-00281,Hole House Farm,entry,,,0.0015
2026-01,UK-TSO-0001,UGS-00280,Hatfield Moor Storage,entry,Storage,UK,0.3301
2026-01,UK-TSO-0001,UGS-00275,Humbly Grove,entry,Storage,UK,1.5632
2026-01,UK-TSO-0001,ITP-00492,Bacton IPs,entry,Transmission,UK,0.7602
2026-01,UK-TSO-0001,PRD-00156,Bacton (UKCS),entry,Production,UK,4.896
2026-01,UK-TSO-0001,DIS-00063,Aberdeen,exit,Distribution,UK,0.2814
2026-01,UK-TSO-0001,DIS-00064,Alrewas (EM),exit,Distribution,UK,1.7105
2026-01,UK-TSO-0001,DIS-00065,Alrewas (WM),exit,Distribution,UK,1.3004
2026-01,UK-TSO-0001,DIS-00066,Armadale,exit,Distribution,UK,0.2146
2026-01,UK-TSO-0001,DIS-00067,Aspley,exit,Distribution,UK,1.208
2026-01,UK-TSO-0001,DIS-00068,Asselby,exit,Distribution,UK,0.0575
2026-01,UK-TSO-0001,DIS-00069,Audley (NW),exit,Distribution,UK,0.1721
2026-01,UK-TSO-0001,DIS-00070,Audley (WM),exit,Distribution,UK,0.233
2026-01,UK-TSO-0001,DIS-00071,Austrey,exit,Distribution,UK,0.9526
2026-01,UK-TSO-0001,DIS-00072,Aylesbeare,exit,Distribution,UK,0.3028
2026-01,UK-TSO-0001,UGS-00275,Humbly Grove,exit,Storage,UK,0.0
2026-01,UK-TSO-0001,DIS-00073,Bacton,exit,Distribution,UK,0.052
2026-01,UK-TSO-0001,DIS-00074,Baldersby,exit,Distribution,UK,0.0227
2026-01,UK-TSO-0001,DIS-00075,Balgray,exit,Distribution,UK,0.2515
2026-01,UK-TSO-0001,UGS-00279,Aldbrough,exit,Storage,UK,1.1846
2026-01,UK-TSO-0001,DIS-00076,Bathgate,exit,Distribution,UK,0.3385
2026-01,UK-TSO-0001,DIS-00077,Bishop Auckland,exit,Distribution,UK,1.0513
2026-01,UK-TSO-0001,DIS-00078,Blaby,exit,Distribution,UK,0.1954
2026-01,UK-TSO-0001,DIS-00079,Blackrod,exit,Distribution,UK,2.4552
2026-01,UK-TSO-0001,DIS-00080,Blyborough,exit,Distribution,UK,1.0267
2026-01,UK-TSO-0001,DIS-00081,Braishfield A,exit,Distribution,UK,1.8662
2026-01,UK-TSO-0001,DIS-00082,Braishfield B,exit,Distribution,UK,0.4148
2026-01,UK-TSO-0001,DIS-00083,Brisley,exit,Distribution,UK,0.0508
2026-01,UK-TSO-0001,DIS-00084,Broxburn,exit,Distribution,UK,0.9144
2026-01,UK-TSO-0001,DIS-00085,Burley Bank,exit,Distribution,UK,0.3409
2026-01,UK-TSO-0001,DIS-00183,Burnhervie,exit,Distribution,UK,0.4042
2026-01,UK-TSO-0001,DIS-00086,Caldecott,exit,Distribution,UK,0.1627
2026-01,UK-TSO-0001,DIS-00087,Careston,exit,Distribution,UK,0.0724
2026-01,UK-TSO-0001,UGS-00216,Stublach,exit,Storage,UK,0.9909
2026-01,UK-TSO-0001,DIS-00088,Cirencester,exit,Distribution,UK,0.1052
2026-01,UK-TSO-0001,DIS-00089,Coffinswell,exit,Distribution,UK,0.0882
2026-01,UK-TSO-0001,DIS-00090,Coldstream,exit,Distribution,UK,0.0256
2026-01,UK-TSO-0001,DIS-00091,Corbridge,exit,Distribution,UK,0.0012
2026-01,UK-TSO-0001,DIS-00092,Cowpen Bewley,exit,Distribution,UK,0.439
2026-01,UK-TSO-0001,DIS-00093,Dowlais,exit,Distribution,UK,1.3386
2026-01,UK-TSO-0001,DIS-00094,Drointon,exit,Distribution,UK,1.4494
2026-01,UK-TSO-0001,DIS-00095,Drum,exit,Distribution,UK,1.0787
2026-01,UK-TSO-0001,DIS-00096,Dyffryn Clydach,exit,Distribution,UK,0.6582
2026-01,UK-TSO-0001,DIS-00097,Easton Grey,exit,Distribution,UK,0.3578
2026-01,UK-TSO-0001,DIS-00098,Ecclestone,exit,Distribution,UK,0.3286
2026-01,UK-TSO-0001,DIS-00099,Elton,exit,Distribution,UK,0.6036
2026-01,UK-TSO-0001,DIS-00100,Evesham,exit,Distribution,UK,0.1084
2026-01,UK-TSO-0001,DIS-00101,Farningham,exit,Distribution,UK,1.4836
2026-01,UK-TSO-0001,DIS-00102,Farningham B,exit,Distribution,UK,0.9164
2026-01,UK-TSO-0001,DIS-00103,Fiddington,exit,Distribution,UK,0.3911
2026-01,UK-TSO-0001,DIS-00104,Ganstead,exit,Distribution,UK,0.3598
2026-01,UK-TSO-0001,DIS-00105,Gilwern,exit,Distribution,UK,0.943
2026-01,UK-TSO-0001,DIS-00106,Glenmavis,exit,Distribution,UK,2.2483
2026-01,UK-TSO-0001,DIS-00107,Gosberton,exit,Distribution,UK,0.2636
2026-01,UK-TSO-0001,DIS-00108,Great Wilbraham,exit,Distribution,UK,0.4825
2026-01,UK-TSO-0001,DIS-00109,Guyzance,exit,Distribution,UK,0.033
2026-01,UK-TSO-0001,DIS-00110,Hardwick,exit,Distribution,UK,1.8033
2026-01,UK-TSO-0001,UGS-00408,Hatfield Moor Max Refill,exit,Storage,UK,0.0
2026-01,UK-TSO-0001,UGS-00182,Hill Top Farm,exit,Storage,UK,0.2402
2026-01,UK-TSO-0001,UGS-00281,Hole House Farm,exit,,,0.0
2026-01,UK-TSO-0001,UGS-00181,Holford,exit,Storage,UK,0.5603
2026-01,UK-TSO-0001,DIS-00111,Holmes Chapel,exit,Distribution,UK,0.3247
2026-01,UK-TSO-0001,DIS-00112,Horndon,exit,Distribution,UK,0.7716
2026-01,UK-TSO-0001,UGS-00409,Hornsea Max Refill,exit,Storage,UK,0.0028
2026-01,UK-TSO-0001,DIS-00113,Humbleton,exit,Distribution,UK,0.0026
2026-01,UK-TSO-0001,DIS-00114,Hume,exit,Distribution,UK,0.0258
2026-01,UK-TSO-0001,DIS-00115,Ilchester,exit,Distribution,UK,0.4857
2026-01,UK-TSO-0001,FNC-00011,Industrial Offtakes (UK),exit,Final Consumers,UK,1.1436
2026-01,UK-TSO-0001,DIS-00117,Ipsden 2,exit,Distribution,UK,0.1522
2026-01,UK-TSO-0001,DIS-00116,Ipsden,exit,Distribution,UK,0.0017
2026-01,UK-TSO-0001,DIS-00118,Keld,exit,Distribution,UK,0.007
2026-01,UK-TSO-0001,DIS-00119,Kenn,exit,Distribution,UK,0.3213
2026-01,UK-TSO-0001,DIS-00120,Kinknockie,exit,Distribution,UK,0.047
2026-01,UK-TSO-0001,DIS-00121,Kirkstead,exit,Distribution,UK,0.0199
2026-01,UK-TSO-0001,DIS-00122,Langholm,exit,Distribution,UK,0.0027
2026-01,UK-TSO-0001,DIS-00123,Leamington,exit,Distribution,UK,0.0766
2026-01,UK-TSO-0001,DIS-00124,Little Burdon,exit,Distribution,UK,0.2566
2026-01,UK-TSO-0001,DIS-00125,Littleton Drew,exit,Distribution,UK,0.0298
2026-01,UK-TSO-0001,DIS-00126,Lockerbie,exit,Distribution,UK,0.1167
2026-01,UK-TSO-0001,DIS-00127,Lower Quinton,exit,Distribution,UK,0.6667
2026-01,UK-TSO-0001,DIS-00128,Lupton,exit,Distribution,UK,0.391
2026-01,UK-TSO-0001,DIS-00129,Luxborough Lane,exit,Distribution,UK,1.6405
2026-01,UK-TSO-0001,DIS-00130,Lyneham (Choakford),exit,Distribution,UK,0.5404
2026-01,UK-TSO-0001,DIS-00131,Maelor,exit,Distribution,UK,0.8392
2026-01,UK-TSO-0001,DIS-00132,Malpas,exit,Distribution,UK,0.0136
2026-01,UK-TSO-0001,DIS-00133,Mappowder,exit,Distribution,UK,0.6618
2026-01,UK-TSO-0001,DIS-00134,Market Harborough,exit,Distribution,UK,0.1241
2026-01,UK-TSO-0001,DIS-00135,Matching Green,exit,Distribution,UK,1.2709
2026-01,UK-TSO-0001,DIS-00136,Melkinthorpe,exit,Distribution,UK,0.0462
2026-01,UK-TSO-0001,DIS-00137,Mickle Trafford,exit,Distribution,UK,0.2967
2026-01,UK-TSO-0001,DIS-00138,Milwich,exit,Distribution,UK,0.3741
2026-01,UK-TSO-0001,DIS-00139,Netherhowcleugh,exit,Distribution,UK,0.0039
2026-01,UK-TSO-0001,DIS-00140,Pannal,exit,Distribution,UK,2.3062
2026-01,UK-TSO-0001,DIS-00141,Partington,exit,Distribution,UK,1.3331
2026-01,UK-TSO-0001,DIS-00142,Paull,exit,Distribution,UK,0.5022
2026-01,UK-TSO-0001,DIS-00143,Peterborough Eye (Tee),exit,Distribution,UK,0.389
2026-01,UK-TSO-0001,DIS-00144,Peters Green,exit,Distribution,UK,2.079
2026-01,UK-TSO-0001,DIS-00145,Peters Green South Mimms,exit,Distribution,UK,2.4153
2026-01,UK-TSO-0001,DIS-00146,Pickering,exit,Distribution,UK,0.0999
2026-01,UK-TSO-0001,DIS-00147,Pitcairngreen,exit,Distribution,UK,0.0156
2026-01,UK-TSO-0001,FNC-00012,Power Stations (UK),exit,Final Consumers,UK,16.6228
2026-01,UK-TSO-0001,DIS-00148,Pucklechurch,exit,Distribution,UK,0.4125
2026-01,UK-TSO-0001,DIS-00149,Rawcliffe,exit,Distribution,UK,0.0666
2026-01,UK-TSO-0001,DIS-00150,Ross (SW),exit,Distribution,UK,0.0672
2026-01,UK-TSO-0001,DIS-00151,Ross (WM),exit,Distribution,UK,0.2229
2026-01,UK-TSO-0001,DIS-00152,Roudham Heath,exit,Distribution,UK,0.514
2026-01,UK-TSO-0001,UGS-00235,Rough,exit,Storage,UK,0.0
2026-01,UK-TSO-0001,DIS-00153,Royston,exit,Distribution,UK,0.0463
2026-01,UK-TSO-0001,DIS-00154,Rugby,exit,Distribution,UK,0.9708
2026-01,UK-TSO-0001,DIS-00155,Saltwick Pressure Controlled,exit,Distribution,UK,0.7919
2026-01,UK-TSO-0001,DIS-00156,Saltwick Volumetric Controlled,exit,Distribution,UK,0.0
2026-01,UK-TSO-0001,DIS-00157,Samlesbury,exit,Distribution,UK,1.486
2026-01,UK-TSO-0001,DIS-00158,Seabank (DN),exit,Distribution,UK,0.7785
2026-01,UK-TSO-0001,DIS-00159,Shorne,exit,Distribution,UK,0.0545
2026-01,UK-TSO-0001,DIS-00161,Silk Willoughby,exit,Distribution,UK,0.0434
2026-01,UK-TSO-0001,DIS-00162,Soutra,exit,Distribution,UK,0.1389
2026-01,UK-TSO-0001,DIS-00163,St Fergus,exit,Distribution,UK,0.022
2026-01,UK-TSO-0001,DIS-00165,Stratford-upon-Avon,exit,Distribution,UK,0.0862
2026-01,UK-TSO-0001,DIS-00166,Sutton Bridge,exit,Distribution,UK,0.0161
2026-01,UK-TSO-0001,DIS-00167,Tatsfield,exit,Distribution,UK,3.5225
2026-01,UK-TSO-0001,DIS-00168,Thornton Curtis,exit,Distribution,UK,1.6295
2026-01,UK-TSO-0001,DIS-00169,Thrintoft,exit,Distribution,UK,0.0876
2026-01,UK-TSO-0001,DIS-00170,Towlaw,exit,Distribution,UK,0.0085
2026-01,UK-TSO-0001,DIS-00171,Towton,exit,Distribution,UK,0.937
2026-01,UK-TSO-0001,DIS-00172,Tur Langton,exit,Distribution,UK,1.3429
2026-01,UK-TSO-0001,DIS-00173,Walesby,exit,Distribution,UK,0.0148
2026-01,UK-TSO-0001,DIS-00174,Warburton,exit,Distribution,UK,2.026
2026-01,UK-TSO-0001,DIS-00176,Weston Point,exit,Distribution,UK,0.0279
2026-01,UK-TSO-0001,DIS-00175,West Winch,exit,Distribution,UK,0.1578
2026-01,UK-TSO-0001,DIS-00177,Wetheral,exit,Distribution,UK,0.4121
2026-01,UK-TSO-0001,DIS-00178,Whitwell,exit,Distribution,UK,2.0577
2026-01,UK-TSO-0001,DIS-00179,Winkfield (NT),exit,Distribution,UK,0.0
2026-01,UK-TSO-0001,DIS-00180,Winkfield (SE),exit,Distribution,UK,0.6879
2026-01,UK-TSO-0001,DIS-00181,Winkfield (SO),exit,Distribution,UK,0.5743
2026-01,UK-TSO-0001,DIS-00182,Yelverton,exit,Distribution,UK,0.9191
2026-01,UK-TSO-0001,DIS-00160,Shustoke,exit,Distribution,UK,0.0
2026-01,FR-TSO-0003,ITP-00137,Obergailbach (FR) / Medelsheim (DE),exit,Transmission,DE,0.0792
2026-01,FR-TSO-0003,UGS-00288,Sud-Est / SALINE,exit,Storage,FR,0.0038
2026-02,UK-TSO-0002,DIS-00015,Greater Belfast,exit,Distribution,UK,0.5668
2026-02,UK-TSO-0002,ITP-00077,Twynholm,entry,Transmission,UK,1.5578
2026-02,UK-TSO-0002,DIS-00017,PTL Stranraer,exit,Distribution,UK,0.0122
2026-02,UK-TSO-0002,ITP-00298,Carrickfergus,exit,Transmission,UK,0.8006
2026-02,PT-TSO-0001,UGS-00010,Carriço,entry,Storage,PT,0.1891
2026-02,PT-TSO-0001,DIS-00001,Distribution (PT),exit,Distribution,PT,1.804
2026-02,PT-TSO-0001,LNG-00026,Sines,entry,LNG Terminals,PT,3.3126
2026-02,PT-TSO-0001,UGS-00010,Carriço,exit,Storage,PT,0.0
2026-02,PT-TSO-0001,FNC-00001,Final Consumers (PT),exit,Final Consumers,PT,2.6146
2026-02,PT-TSO-0001,ITP-00286,VIP IBERICO,entry,Transmission,ES,1.1877
2026-02,PT-TSO-0001,ITP-00286,VIP IBERICO,exit,Transmission,ES,0.3063
2026-02,UK-TSO-0004,ITP-00207,Bacton (BBL),entry,Transmission,UK,0.0
2026-02,UK-TSO-0004,ITP-00207,Bacton (BBL),exit,Transmission,UK,0.0422
2026-02,FR-TSO-0002,FNC-00015,TEREGA Delivery Pool - Industrials (FR),exit,Final Consumers,FR,0.3306
2026-02,FR-TSO-0002,ITP-00304,VIP PIRINEOS,entry,Transmission,ES,1.2679
2026-02,FR-TSO-0002,UGS-00017,Lussagnet,entry,Storage,FR,5.0605
2026-02,FR-TSO-0002,PRD-00330,TEREGA Biomethane Production Pool,entry,Production,FR,0.0223
2026-02,FR-TSO-0002,ITP-00304,VIP PIRINEOS,exit,Transmission,ES,0.0517
2026-02,FR-TSO-0002,DIS-00188,TEREGA Delivery Pool - Distribution (FR),exit,Distribution,FR,2.0677
2026-02,FR-TSO-0002,UGS-00017,Lussagnet,exit,Storage,FR,3.1683
2026-02,UK-TSO-0003,ITP-00061,Zeebrugge IZT,exit,Transmission,BE,3.9517
2026-02,UK-TSO-0003,ITP-00061,Zeebrugge IZT,entry,Transmission,BE,0.0007
2026-02,UK-TSO-0003,ITP-00005,Bacton (IUK),exit,Transmission,UK,0.0
2026-02,UK-TSO-0003,ITP-00005,Bacton (IUK),entry,Transmission,UK,3.9332
2026-02,ES-TSO-0006,PRD-00231,Aggregated Production Sites (ES),entry,Production,ES,0.0201
2026-02,ES-TSO-0006,LNG-00022,Cartagena,entry,LNG Terminals,ES,2.0862
2026-02,ES-TSO-0006,LNG-00018,Huelva,entry,LNG Terminals,ES,2.8136
2026-02,ES-TSO-0006,ITP-00048,Almería,entry,Transmission,DZ,9.222
2026-02,ES-TSO-0006,ITP-00286,VIP IBERICO,exit,Transmission,PT,1.2122
2026-02,ES-TSO-0006,ITP-00304,VIP PIRINEOS,entry,Transmission,FR,0.0568
2026-02,ES-TSO-0006,UGS-00024,BASIC UGS - AASS Unificado,exit,Storage,ES,0.0
2026-02,ES-TSO-0006,VTP-00043,TVB,entry,LNG Terminals,ES,19.1012
2026-02,ES-TSO-0006,FNC-00043,Aggregated Distribution + Final Customers Exits (ES),exit,Final Consumers,ES,18.5588
2026-02,ES-TSO-0006,ITP-00082,Tarifa,exit,Transmission,MA,0.5721
2026-02,ES-TSO-0006,LNG-00012,Barcelona,entry,LNG Terminals,ES,2.9801
2026-02,ES-TSO-0006,LNG-00021,Mugardos,entry,LNG Terminals,ES,2.1058
2026-02,ES-TSO-0006,LNG-00023,Sagunto,entry,LNG Terminals,ES,3.1871
2026-02,ES-TSO-0006,LNG-00013,Bilbao,entry,LNG Terminals,ES,4.8537
2026-02,ES-TSO-0006,LNG-00016,Musel,entry,LNG Terminals,ES,0.8559
2026-02,ES-TSO-0006,ITP-00286,VIP IBERICO,entry,Transmission,PT,0.3056
2026-02,ES-TSO-0006,ITP-00304,VIP PIRINEOS,exit,Transmission,FR,1.2912
2026-02,ES-TSO-0006,UGS-00024,BASIC UGS - AASS Unificado,entry,Storage,ES,0.899
2026-02,FR-TSO-0003,LNG-00029,Fos (Tonkin/Cavaou),entry,LNG Terminals,FR,5.6314
2026-02,FR-TSO-0003,ITP-00115,Blaregnies L (BE) / Taisnières B (FR),entry,Transmission,BE,0.1613
2026-02,FR-TSO-0003,LNG-00024,Montoir de Bretagne,entry,LNG Terminals,FR,5.508
2026-02,FR-TSO-0003,ITP-00039,Oltingue (FR) / Rodersdorf (CH),exit,Transmission,CH,6.7636
2026-02,FR-TSO-0003,ITP-00137,Obergailbach (FR) / Medelsheim (DE),entry,Transmission,DE,0.0
2026-02,FR-TSO-0003,ITP-00045,Dunkerque,entry,Transmission,NO,14.2374
2026-02,FR-TSO-0003,LNG-00003,Dunkerque LNG / PEG North,entry,,,14.0461
2026-02,FR-TSO-0003,UGS-00285,Nord-B / SEDIANE B,entry,Storage,FR,0.9195
2026-02,FR-TSO-0003,UGS-00284,Nord-Ouest / SEDIANE,entry,Storage,FR,1.2481
2026-02,FR-TSO-0003,UGS-00286,Nord-Est / SERENE Nord,entry,Storage,FR,1.6616
2026-02,FR-TSO-0003,UGS-00288,Sud-Est / SALINE,entry,Storage,FR,0.8794
2026-02,FR-TSO-0003,ITP-00526,VIRTUALYS,exit,Transmission,BE,6.1536
2026-02,FR-TSO-0003,DIS-00197,GRTgaz aggregated distribution consumers,exit,Distribution,FR,24.5209
2026-02,FR-TSO-0003,PRD-00331,GRTgaz aggregated producers (FR),entry,Production,FR,0.2051
2026-02,FR-TSO-0003,FNC-00201,GRTgaz aggregated industrial consumers,exit,Final Consumers,FR,10.4782
2026-02,FR-TSO-0003,ITP-00541,Atlantique,entry,Storage,FR,5.5181
2026-02,FR-TSO-0003,LNG-00071,Le Havre (FR),entry,LNG Terminals,FR,0.0
2026-02,UK-TSO-0001,LNG-00049,Milford Haven,entry,LNG Terminals,UK,23.2306
2026-02,UK-TSO-0001,PRD-00152,Burton Point,entry,Production,UK,0.0
2026-02,UK-TSO-0001,PRD-00151,Barrow,entry,Production,UK,0.0833
2026-02,UK-TSO-0001,ITP-00091,Easington,entry,Transmission,NO,19.5521
2026-02,UK-TSO-0001,UGS-00282,Hornsea,entry,Storage,UK,0.7486
2026-02,UK-TSO-0001,LNG-00008,Isle of Grain,entry,LNG Terminals,UK,4.783
2026-02,UK-TSO-0001,ITP-00022,St. Fergus,entry,Transmission,NO,13.2486
2026-02,UK-TSO-0001,LNG-00007,Teesside,entry,Production,UK,8.6896
2026-02,UK-TSO-0001,ITP-00090,Moffat,exit,Transmission,UK,5.714
2026-02,UK-TSO-0001,ITP-00005,Bacton (IUK),exit,Transmission,UK,3.9332
2026-02,UK-TSO-0001,ITP-00207,Bacton (BBL),exit,Transmission,NL,0.0
2026-02,UK-TSO-0001,UGS-00277,Cheshire Storage,entry,Storage,UK,2.035
2026-02,UK-TSO-0001,UGS-00279,Aldbrough,entry,Storage,UK,1.2929
2026-02,UK-TSO-0001,UGS-00281,Hole House Farm,entry,,,0.0
2026-02,UK-TSO-0001,UGS-00280,Hatfield Moor Storage,entry,Storage,UK,0.1238
2026-02,UK-TSO-0001,UGS-00275,Humbly Grove,entry,Storage,UK,0.3819
2026-02,UK-TSO-0001,ITP-00492,Bacton IPs,entry,Transmission,UK,0.0422
2026-02,UK-TSO-0001,PRD-00156,Bacton (UKCS),entry,Production,UK,4.797
2026-02,UK-TSO-0001,DIS-00063,Aberdeen,exit,Distribution,UK,0.2256
2026-02,UK-TSO-0001,DIS-00064,Alrewas (EM),exit,Distribution,UK,1.3442
2026-02,UK-TSO-0001,DIS-00065,Alrewas (WM),exit,Distribution,UK,1.1188
2026-02,UK-TSO-0001,DIS-00066,Armadale,exit,Distribution,UK,0.1836
2026-02,UK-TSO-0001,DIS-00067,Aspley,exit,Distribution,UK,0.3033
2026-02,UK-TSO-0001,DIS-00068,Asselby,exit,Distribution,UK,0.0444
2026-02,UK-TSO-0001,DIS-00069,Audley (NW),exit,Distribution,UK,0.1354
2026-02,UK-TSO-0001,DIS-00070,Audley (WM),exit,Distribution,UK,0.1765
2026-02,UK-TSO-0001,DIS-00071,Austrey,exit,Distribution,UK,0.0
2026-02,UK-TSO-0001,DIS-00072,Aylesbeare,exit,Distribution,UK,0.2193
2026-02,UK-TSO-0001,UGS-00275,Humbly Grove,exit,Storage,UK,0.0
2026-02,UK-TSO-0001,DIS-00073,Bacton,exit,Distribution,UK,0.0398
2026-02,UK-TSO-0001,DIS-00074,Baldersby,exit,Distribution,UK,0.0176
2026-02,UK-TSO-0001,DIS-00075,Balgray,exit,Distribution,UK,0.2043
2026-02,UK-TSO-0001,UGS-00279,Aldbrough,exit,Storage,UK,0.3747
2026-02,UK-TSO-0001,DIS-00076,Bathgate,exit,Distribution,UK,0.2635
2026-02,UK-TSO-0001,DIS-00077,Bishop Auckland,exit,Distribution,UK,0.7277
2026-02,UK-TSO-0001,DIS-00078,Blaby,exit,Distribution,UK,0.1707
2026-02,UK-TSO-0001,DIS-00079,Blackrod,exit,Distribution,UK,1.8778
2026-02,UK-TSO-0001,DIS-00080,Blyborough,exit,Distribution,UK,0.6698
2026-02,UK-TSO-0001,DIS-00081,Braishfield A,exit,Distribution,UK,1.6049
2026-02,UK-TSO-0001,DIS-00082,Braishfield B,exit,Distribution,UK,0.0518
2026-02,UK-TSO-0001,DIS-00083,Brisley,exit,Distribution,UK,0.0434
2026-02,UK-TSO-0001,DIS-00084,Broxburn,exit,Distribution,UK,0.7262
2026-02,UK-TSO-0001,DIS-00085,Burley Bank,exit,Distribution,UK,0.3091
2026-02,UK-TSO-0001,DIS-00183,Burnhervie,exit,Distribution,UK,0.3586
2026-02,UK-TSO-0001,DIS-00086,Caldecott,exit,Distribution,UK,0.1144
2026-02,UK-TSO-0001,DIS-00087,Careston,exit,Distribution,UK,0.0583
2026-02,UK-TSO-0001,UGS-00216,Stublach,exit,Storage,UK,1.5211
2026-02,UK-TSO-0001,DIS-00088,Cirencester,exit,Distribution,UK,0.0724
2026-02,UK-TSO-0001,DIS-00089,Coffinswell,exit,Distribution,UK,0.0631
2026-02,UK-TSO-0001,DIS-00090,Coldstream,exit,Distribution,UK,0.0218
2026-02,UK-TSO-0001,DIS-00091,Corbridge,exit,Distribution,UK,0.0012
2026-02,UK-TSO-0001,DIS-00092,Cowpen Bewley,exit,Distribution,UK,0.3325
2026-02,UK-TSO-0001,DIS-00093,Dowlais,exit,Distribution,UK,1.0094
2026-02,UK-TSO-0001,DIS-00094,Drointon,exit,Distribution,UK,1.0808
2026-02,UK-TSO-0001,DIS-00095,Drum,exit,Distribution,UK,0.916
2026-02,UK-TSO-0001,DIS-00096,Dyffryn Clydach,exit,Distribution,UK,0.5027
2026-02,UK-TSO-0001,DIS-00097,Easton Grey,exit,Distribution,UK,0.2422
2026-02,UK-TSO-0001,DIS-00098,Ecclestone,exit,Distribution,UK,0.3185
2026-02,UK-TSO-0001,DIS-00099,Elton,exit,Distribution,UK,0.4644
2026-02,UK-TSO-0001,DIS-00100,Evesham,exit,Distribution,UK,0.0814
2026-02,UK-TSO-0001,DIS-00101,Farningham,exit,Distribution,UK,1.1672
2026-02,UK-TSO-0001,DIS-00102,Farningham B,exit,Distribution,UK,0.5279
2026-02,UK-TSO-0001,DIS-00103,Fiddington,exit,Distribution,UK,0.3814
2026-02,UK-TSO-0001,DIS-00104,Ganstead,exit,Distribution,UK,0.224
2026-02,UK-TSO-0001,DIS-00105,Gilwern,exit,Distribution,UK,0.5579
2026-02,UK-TSO-0001,DIS-00106,Glenmavis,exit,Distribution,UK,1.7309
2026-02,UK-TSO-0001,DIS-00107,Gosberton,exit,Distribution,UK,0.2177
2026-02,UK-TSO-0001,DIS-00108,Great Wilbraham,exit,Distribution,UK,0.3582
2026-02,UK-TSO-0001,DIS-00109,Guyzance,exit,Distribution,UK,0.0255
2026-02,UK-TSO-0001,DIS-00110,Hardwick,exit,Distribution,UK,1.4319
2026-02,UK-TSO-0001,UGS-00408,Hatfield Moor Max Refill,exit,Storage,UK,0.0022
2026-02,UK-TSO-0001,UGS-00182,Hill Top Farm,exit,Storage,UK,0.3844
2026-02,UK-TSO-0001,UGS-00281,Hole House Farm,exit,,,0.0
2026-02,UK-TSO-0001,UGS-00181,Holford,exit,Storage,UK,0.2808
2026-02,UK-TSO-0001,DIS-00111,Holmes Chapel,exit,Distribution,UK,0.2757
2026-02,UK-TSO-0001,DIS-00112,Horndon,exit,Distribution,UK,0.5392
2026-02,UK-TSO-0001,UGS-00409,Hornsea Max Refill,exit,Storage,UK,0.0081
2026-02,UK-TSO-0001,DIS-00113,Humbleton,exit,Distribution,UK,0.002
2026-02,UK-TSO-0001,DIS-00114,Hume,exit,Distribution,UK,0.022
2026-02,UK-TSO-0001,DIS-00115,Ilchester,exit,Distribution,UK,0.2397
2026-02,UK-TSO-0001,FNC-00011,Industrial Offtakes (UK),exit,Final Consumers,UK,0.9408
2026-02,UK-TSO-0001,DIS-00117,Ipsden 2,exit,Distribution,UK,0.1201
2026-02,UK-TSO-0001,DIS-00116,Ipsden,exit,Distribution,UK,0.0001
2026-02,UK-TSO-0001,DIS-00118,Keld,exit,Distribution,UK,0.0052
2026-02,UK-TSO-0001,DIS-00119,Kenn,exit,Distribution,UK,0.2498
2026-02,UK-TSO-0001,DIS-00120,Kinknockie,exit,Distribution,UK,0.0398
2026-02,UK-TSO-0001,DIS-00121,Kirkstead,exit,Distribution,UK,0.0151
2026-02,UK-TSO-0001,DIS-00122,Langholm,exit,Distribution,UK,0.0021
2026-02,UK-TSO-0001,DIS-00123,Leamington,exit,Distribution,UK,0.0579
2026-02,UK-TSO-0001,DIS-00124,Little Burdon,exit,Distribution,UK,0.1978
2026-02,UK-TSO-0001,DIS-00125,Littleton Drew,exit,Distribution,UK,0.0189
2026-02,UK-TSO-0001,DIS-00126,Lockerbie,exit,Distribution,UK,0.094
2026-02,UK-TSO-0001,DIS-00127,Lower Quinton,exit,Distribution,UK,1.3845
2026-02,UK-TSO-0001,DIS-00128,Lupton,exit,Distribution,UK,0.3284
2026-02,UK-TSO-0001,DIS-00129,Luxborough Lane,exit,Distribution,UK,1.0946
2026-02,UK-TSO-0001,DIS-00130,Lyneham (Choakford),exit,Distribution,UK,0.3749
2026-02,UK-TSO-0001,DIS-00131,Maelor,exit,Distribution,UK,0.6921
2026-02,UK-TSO-0001,DIS-00132,Malpas,exit,Distribution,UK,0.0104
2026-02,UK-TSO-0001,DIS-00133,Mappowder,exit,Distribution,UK,0.5024
2026-02,UK-TSO-0001,DIS-00134,Market Harborough,exit,Distribution,UK,0.1123
2026-02,UK-TSO-0001,DIS-00135,Matching Green,exit,Distribution,UK,0.9093
2026-02,UK-TSO-0001,DIS-00136,Melkinthorpe,exit,Distribution,UK,0.0428
2026-02,UK-TSO-0001,DIS-00137,Mickle Trafford,exit,Distribution,UK,0.1825
2026-02,UK-TSO-0001,DIS-00138,Milwich,exit,Distribution,UK,0.3242
2026-02,UK-TSO-0001,DIS-00139,Netherhowcleugh,exit,Distribution,UK,0.0031
2026-02,UK-TSO-0001,DIS-00140,Pannal,exit,Distribution,UK,1.7809
2026-02,UK-TSO-0001,DIS-00141,Partington,exit,Distribution,UK,0.701
2026-02,UK-TSO-0001,DIS-00142,Paull,exit,Distribution,UK,0.4485
2026-02,UK-TSO-0001,DIS-00143,Peterborough Eye (Tee),exit,Distribution,UK,0.2984
2026-02,UK-TSO-0001,DIS-00144,Peters Green,exit,Distribution,UK,1.5586
2026-02,UK-TSO-0001,DIS-00145,Peters Green South Mimms,exit,Distribution,UK,2.0024
2026-02,UK-TSO-0001,DIS-00146,Pickering,exit,Distribution,UK,0.0733
2026-02,UK-TSO-0001,DIS-00147,Pitcairngreen,exit,Distribution,UK,0.0118
2026-02,UK-TSO-0001,FNC-00012,Power Stations (UK),exit,Final Consumers,UK,13.3425
2026-02,UK-TSO-0001,DIS-00148,Pucklechurch,exit,Distribution,UK,0.4177
2026-02,UK-TSO-0001,DIS-00149,Rawcliffe,exit,Distribution,UK,0.058
2026-02,UK-TSO-0001,DIS-00150,Ross (SW),exit,Distribution,UK,0.0524
2026-02,UK-TSO-0001,DIS-00151,Ross (WM),exit,Distribution,UK,0.2027
2026-02,UK-TSO-0001,DIS-00152,Roudham Heath,exit,Distribution,UK,0.342
2026-02,UK-TSO-0001,UGS-00235,Rough,exit,Storage,UK,0.0
2026-02,UK-TSO-0001,DIS-00153,Royston,exit,Distribution,UK,0.0345
2026-02,UK-TSO-0001,DIS-00154,Rugby,exit,Distribution,UK,1.1479
2026-02,UK-TSO-0001,DIS-00155,Saltwick Pressure Controlled,exit,Distribution,UK,0.7481
2026-02,UK-TSO-0001,DIS-00156,Saltwick Volumetric Controlled,exit,Distribution,UK,0.0
2026-02,UK-TSO-0001,DIS-00157,Samlesbury,exit,Distribution,UK,1.1608
2026-02,UK-TSO-0001,DIS-00158,Seabank (DN),exit,Distribution,UK,0.4936
2026-02,UK-TSO-0001,DIS-00159,Shorne,exit,Distribution,UK,0.0017
2026-02,UK-TSO-0001,DIS-00161,Silk Willoughby,exit,Distribution,UK,0.0326
2026-02,UK-TSO-0001,DIS-00162,Soutra,exit,Distribution,UK,0.111
2026-02,UK-TSO-0001,DIS-00163,St Fergus,exit,Distribution,UK,0.0184
2026-02,UK-TSO-0001,DIS-00165,Stratford-upon-Avon,exit,Distribution,UK,0.0627
2026-02,UK-TSO-0001,DIS-00166,Sutton Bridge,exit,Distribution,UK,0.0123
2026-02,UK-TSO-0001,DIS-00167,Tatsfield,exit,Distribution,UK,2.7875
2026-02,UK-TSO-0001,DIS-00168,Thornton Curtis,exit,Distribution,UK,1.3245
2026-02,UK-TSO-0001,DIS-00169,Thrintoft,exit,Distribution,UK,0.0729
2026-02,UK-TSO-0001,DIS-00170,Towlaw,exit,Distribution,UK,0.0068
2026-02,UK-TSO-0001,DIS-00171,Towton,exit,Distribution,UK,0.7323
2026-02,UK-TSO-0001,DIS-00172,Tur Langton,exit,Distribution,UK,1.0865
2026-02,UK-TSO-0001,DIS-00173,Walesby,exit,Distribution,UK,0.0132
2026-02,UK-TSO-0001,DIS-00174,Warburton,exit,Distribution,UK,1.9566
2026-02,UK-TSO-0001,DIS-00176,Weston Point,exit,Distribution,UK,0.0151
2026-02,UK-TSO-0001,DIS-00175,West Winch,exit,Distribution,UK,0.1268
2026-02,UK-TSO-0001,DIS-00177,Wetheral,exit,Distribution,UK,0.3186
2026-02,UK-TSO-0001,DIS-00178,Whitwell,exit,Distribution,UK,1.5525
2026-02,UK-TSO-0001,DIS-00179,Winkfield (NT),exit,Distribution,UK,0.0002
2026-02,UK-TSO-0001,DIS-00180,Winkfield (SE),exit,Distribution,UK,0.3765
2026-02,UK-TSO-0001,DIS-00181,Winkfield (SO),exit,Distribution,UK,0.4108
2026-02,UK-TSO-0001,DIS-00182,Yelverton,exit,Distribution,UK,0.6942
2026-02,IT-TSO-0001,FNC-00006,Thermal Plants (IT),exit,Final Consumers,IT,20.3997
2026-02,IT-TSO-0001,ITP-00288,SRG Delivery to other transmission networks,exit,Transmission,IT,1.6585
2026-02,IT-TSO-0001,PRD-00154,IT - Indigenous Production,entry,Production,IT,2.3315
2026-02,IT-TSO-0001,FNC-00005,Industrial Consumers (IT),exit,Final Consumers,IT,10.5022
2026-02,IT-TSO-0001,DIS-00005,Distribution (IT),exit,Distribution,IT,37.9347
2026-02,IT-TSO-0001,ITP-00040,Tarvisio (IT) / Arnoldstein (AT),entry,Transmission,AT,0.7071
2026-02,IT-TSO-0001,ITP-00040,Tarvisio (IT) / Arnoldstein (AT),exit,Transmission,AT,1.5785
2026-02,IT-TSO-0001,LNG-00019,PANIGAGLIA TERMINAL,entry,LNG Terminals,IT,0.3809
2026-02,IT-TSO-0001,ITP-00049,Gorizia (IT) /Šempeter (SI),entry,Transmission,SI,0.0
2026-02,IT-TSO-0001,ITP-00049,Gorizia (IT) /Šempeter (SI),exit,Transmission,SI,0.0315
2026-02,IT-TSO-0001,ITP-00093,Mazara del Vallo,entry,Transmission,DZ,18.2833
2026-02,IT-TSO-0001,LNG-00015,Cavarzere (Porto Levante / Adriatic LNG),entry,LNG Terminals,IT,8.0086
2026-02,IT-TSO-0001,ITP-00074,Gela,entry,Transmission,LY,0.4007
2026-02,IT-TSO-0001,ITP-00136,Griespass (CH) / Passo Gries (IT),entry,Transmission,CH,5.1589
2026-02,IT-TSO-0001,ITP-00136,Griespass (CH) / Passo Gries (IT),exit,Transmission,CH,0.0
2026-02,IT-TSO-0001,UGS-00023,UGS - IT - Snam Rete Gas/Stogit Adriatica,entry,Storage,IT,1.7756
2026-02,IT-TSO-0001,UGS-00023,UGS - IT - Snam Rete Gas/Stogit Adriatica,exit,Storage,IT,0.0
2026-02,IT-TSO-0001,UGS-00008,UGS - IT - Snam Rete Gas/STOGIT,entry,Storage,IT,17.1823
2026-02,IT-TSO-0001,UGS-00008,UGS - IT - Snam Rete Gas/STOGIT,exit,Storage,IT,0.0
2026-02,IT-TSO-0001,LNG-00004,OLT LNG / Livorno,entry,LNG Terminals,IT,3.3171
2026-02,IT-TSO-0001,ITP-00283,Rep. San Marino,exit,Transmission,SM,0.0589
2026-02,IT-TSO-0001,ITP-00278,Bizzarone,exit,Transmission,CH,0.1455
2026-02,IT-TSO-0001,ITP-00008,Melendugno - IT / TAP,entry,Transmission,AL,8.0571
2026-02,IT-TSO-0001,ITP-00008,Melendugno - IT / TAP,exit,Transmission,AL,0.0
2026-02,IT-TSO-0001,UGS-00475,Italgasstorage (IT),entry,Storage,IT,0.424
2026-02,IT-TSO-0001,UGS-00475,Italgasstorage (IT),exit,Storage,IT,0.0523
2026-02,IT-TSO-0001,LNG-00082,RAVENNA TERMINAL,entry,LNG Terminals,IT,2.3068
2026-02,IT-TSO-0001,LNG-00069,PIOMBINO TERMINAL,entry,LNG Terminals,IT,3.7557
2026-02,FR-TSO-0003,ITP-00137,Obergailbach (FR) / Medelsheim (DE),exit,Transmission,DE,1.434
2026-02,FR-TSO-0003,UGS-00284,Nord-Ouest / SEDIANE,exit,Storage,FR,0.6496
2026-02,FR-TSO-0003,UGS-00288,Sud-Est / SALINE,exit,Storage,FR,0.4315
2026-02,FR-TSO-0003,UGS-00285,Nord-B / SEDIANE B,exit,Storage,FR,0.0036
2026-02,UK-TSO-0001,DIS-00160,Shustoke,exit,Distribution,UK,0.0
2026-03,UK-TSO-0002,ITP-00077,Twynholm,entry,Transmission,UK,1.4946
2026-03,UK-TSO-0002,DIS-00017,PTL Stranraer,exit,Distribution,UK,0.0159
2026-03,UK-TSO-0002,DIS-00015,Greater Belfast,exit,Distribution,UK,0.5066
2026-03,UK-TSO-0002,ITP-00298,Carrickfergus,exit,Transmission,UK,0.7911
2026-03,PT-TSO-0001,UGS-00010,Carriço,entry,Storage,PT,0.0
2026-03,PT-TSO-0001,UGS-00010,Carriço,exit,Storage,PT,0.3998
2026-03,PT-TSO-0001,FNC-00001,Final Consumers (PT),exit,Final Consumers,PT,1.9956
2026-03,PT-TSO-0001,DIS-00001,Distribution (PT),exit,Distribution,PT,1.8467
2026-03,PT-TSO-0001,LNG-00026,Sines,entry,LNG Terminals,PT,4.1273
2026-03,PT-TSO-0001,ITP-00286,VIP IBERICO,entry,Transmission,ES,0.1167
2026-03,PT-TSO-0001,ITP-00286,VIP IBERICO,exit,Transmission,ES,0.0
2026-03,UK-TSO-0004,ITP-00207,Bacton (BBL),entry,Transmission,UK,0.5838
2026-03,UK-TSO-0004,ITP-00207,Bacton (BBL),exit,Transmission,UK,0.0
2026-03,FR-TSO-0002,FNC-00015,TEREGA Delivery Pool - Industrials (FR),exit,Final Consumers,FR,0.3239
2026-03,FR-TSO-0002,DIS-00188,TEREGA Delivery Pool - Distribution (FR),exit,Distribution,FR,1.8246
2026-03,FR-TSO-0002,ITP-00304,VIP PIRINEOS,entry,Transmission,ES,1.9824
2026-03,FR-TSO-0002,ITP-00304,VIP PIRINEOS,exit,Transmission,ES,0.0973
2026-03,FR-TSO-0002,UGS-00017,Lussagnet,entry,Storage,FR,2.7662
2026-03,FR-TSO-0002,UGS-00017,Lussagnet,exit,Storage,FR,4.3484
2026-03,FR-TSO-0002,PRD-00330,TEREGA Biomethane Production Pool,entry,Production,FR,0.0282
2026-03,UK-TSO-0003,ITP-00061,Zeebrugge IZT,exit,Transmission,BE,2.688
2026-03,UK-TSO-0003,ITP-00061,Zeebrugge IZT,entry,Transmission,BE,0.0005
2026-03,UK-TSO-0003,ITP-00005,Bacton (IUK),entry,Transmission,UK,2.6912
2026-03,UK-TSO-0003,ITP-00005,Bacton (IUK),exit,Transmission,UK,0.0207
2026-03,IT-TSO-0001,PRD-00154,IT - Indigenous Production,entry,Production,IT,2.5786
2026-03,IT-TSO-0001,FNC-00005,Industrial Consumers (IT),exit,Final Consumers,IT,11.533
2026-03,IT-TSO-0001,ITP-00040,Tarvisio (IT) / Arnoldstein (AT),entry,Transmission,AT,0.0437
2026-03,IT-TSO-0001,ITP-00049,Gorizia (IT) /Šempeter (SI),entry,Transmission,SI,0.0
2026-03,IT-TSO-0001,ITP-00049,Gorizia (IT) /Šempeter (SI),exit,Transmission,SI,0.0599
2026-03,IT-TSO-0001,ITP-00074,Gela,entry,Transmission,LY,0.3719
2026-03,IT-TSO-0001,ITP-00136,Griespass (CH) / Passo Gries (IT),entry,Transmission,CH,4.7015
2026-03,IT-TSO-0001,UGS-00023,UGS - IT - Snam Rete Gas/Stogit Adriatica,entry,Storage,IT,1.0985
2026-03,IT-TSO-0001,UGS-00023,UGS - IT - Snam Rete Gas/Stogit Adriatica,exit,Storage,IT,0.012
2026-03,IT-TSO-0001,LNG-00004,OLT LNG / Livorno,entry,LNG Terminals,IT,4.7093
2026-03,IT-TSO-0001,ITP-00283,Rep. San Marino,exit,Transmission,SM,0.0582
2026-03,IT-TSO-0001,ITP-00008,Melendugno - IT / TAP,entry,Transmission,AL,9.1946
2026-03,IT-TSO-0001,UGS-00475,Italgasstorage (IT),exit,Storage,IT,0.0527
2026-03,IT-TSO-0001,LNG-00082,RAVENNA TERMINAL,entry,LNG Terminals,IT,1.7001
2026-03,IT-TSO-0001,FNC-00006,Thermal Plants (IT),exit,Final Consumers,IT,18.1895
2026-03,IT-TSO-0001,ITP-00288,SRG Delivery to other transmission networks,exit,Transmission,IT,1.555
2026-03,IT-TSO-0001,DIS-00005,Distribution (IT),exit,Distribution,IT,32.0164
2026-03,IT-TSO-0001,ITP-00040,Tarvisio (IT) / Arnoldstein (AT),exit,Transmission,AT,1.5403
2026-03,IT-TSO-0001,LNG-00019,PANIGAGLIA TERMINAL,entry,LNG Terminals,IT,0.5671
2026-03,IT-TSO-0001,ITP-00093,Mazara del Vallo,entry,Transmission,DZ,21.1875
2026-03,IT-TSO-0001,LNG-00015,Cavarzere (Porto Levante / Adriatic LNG),entry,LNG Terminals,IT,7.6193
2026-03,IT-TSO-0001,ITP-00136,Griespass (CH) / Passo Gries (IT),exit,Transmission,CH,0.0
2026-03,IT-TSO-0001,UGS-00008,UGS - IT - Snam Rete Gas/STOGIT,entry,Storage,IT,7.6301
2026-03,IT-TSO-0001,UGS-00008,UGS - IT - Snam Rete Gas/STOGIT,exit,Storage,IT,0.3234
2026-03,IT-TSO-0001,ITP-00278,Bizzarone,exit,Transmission,CH,0.1285
2026-03,IT-TSO-0001,ITP-00008,Melendugno - IT / TAP,exit,Transmission,AL,0.0
2026-03,IT-TSO-0001,UGS-00475,Italgasstorage (IT),entry,Storage,IT,0.2281
2026-03,IT-TSO-0001,LNG-00069,PIOMBINO TERMINAL,entry,LNG Terminals,IT,3.8831
2026-03,ES-TSO-0006,VTP-00043,TVB,entry,LNG Terminals,ES,16.4443
2026-03,ES-TSO-0006,FNC-00043,Aggregated Distribution + Final Customers Exits (ES),exit,Final Consumers,ES,18.6662
2026-03,ES-TSO-0006,PRD-00231,Aggregated Production Sites (ES),entry,Production,ES,0.0288
2026-03,ES-TSO-0006,ITP-00082,Tarifa,exit,Transmission,MA,0.5807
2026-03,ES-TSO-0006,LNG-00012,Barcelona,entry,LNG Terminals,ES,3.5079
2026-03,ES-TSO-0006,LNG-00022,Cartagena,entry,LNG Terminals,ES,2.1019
2026-03,ES-TSO-0006,LNG-00018,Huelva,entry,LNG Terminals,ES,2.4747
2026-03,ES-TSO-0006,LNG-00021,Mugardos,entry,LNG Terminals,ES,2.1141
2026-03,ES-TSO-0006,LNG-00023,Sagunto,entry,LNG Terminals,ES,2.9608
2026-03,ES-TSO-0006,LNG-00013,Bilbao,entry,LNG Terminals,ES,6.0146
2026-03,ES-TSO-0006,LNG-00016,Musel,entry,LNG Terminals,ES,0.9519
2026-03,ES-TSO-0006,ITP-00048,Almería,entry,Transmission,DZ,10.3199
2026-03,ES-TSO-0006,ITP-00286,VIP IBERICO,entry,Transmission,PT,0.0
2026-03,ES-TSO-0006,ITP-00286,VIP IBERICO,exit,Transmission,PT,0.1188
2026-03,ES-TSO-0006,ITP-00304,VIP PIRINEOS,entry,Transmission,FR,0.1199
2026-03,ES-TSO-0006,ITP-00304,VIP PIRINEOS,exit,Transmission,FR,14.4368
2026-03,ES-TSO-0006,UGS-00024,BASIC UGS - AASS Unificado,entry,Storage,ES,0.1053
2026-03,ES-TSO-0006,UGS-00024,BASIC UGS - AASS Unificado,exit,Storage,ES,0.6192
2026-03,FR-TSO-0003,LNG-00029,Fos (Tonkin/Cavaou),entry,LNG Terminals,FR,5.8355
2026-03,FR-TSO-0003,ITP-00115,Blaregnies L (BE) / Taisnières B (FR),entry,Transmission,BE,0.0519
2026-03,FR-TSO-0003,LNG-00024,Montoir de Bretagne,entry,LNG Terminals,FR,11.0612
2026-03,FR-TSO-0003,ITP-00039,Oltingue (FR) / Rodersdorf (CH),exit,Transmission,CH,5.9015
2026-03,FR-TSO-0003,ITP-00137,Obergailbach (FR) / Medelsheim (DE),entry,Transmission,DE,0.0
2026-03,FR-TSO-0003,ITP-00045,Dunkerque,entry,Transmission,NO,14.9005
2026-03,FR-TSO-0003,LNG-00003,Dunkerque LNG / PEG North,entry,,,13.1931
2026-03,FR-TSO-0003,UGS-00285,Nord-B / SEDIANE B,entry,Storage,FR,0.9712
2026-03,FR-TSO-0003,UGS-00284,Nord-Ouest / SEDIANE,exit,Storage,FR,1.2955
2026-03,FR-TSO-0003,UGS-00286,Nord-Est / SERENE Nord,entry,Storage,FR,0.7766
2026-03,FR-TSO-0003,UGS-00288,Sud-Est / SALINE,exit,Storage,FR,1.1902
2026-03,FR-TSO-0003,ITP-00526,VIRTUALYS,exit,Transmission,BE,6.3991
2026-03,FR-TSO-0003,DIS-00197,GRTgaz aggregated distribution consumers,exit,Distribution,FR,21.9268
2026-03,FR-TSO-0003,PRD-00331,GRTgaz aggregated producers (FR),entry,Production,FR,0.2346
2026-03,FR-TSO-0003,FNC-00201,GRTgaz aggregated industrial consumers,exit,Final Consumers,FR,10.336
2026-03,FR-TSO-0003,ITP-00541,Atlantique,entry,Storage,FR,1.9989
2026-03,FR-TSO-0003,LNG-00071,Le Havre (FR),entry,LNG Terminals,FR,0.0
2026-03,UK-TSO-0001,LNG-00049,Milford Haven,entry,LNG Terminals,UK,15.8814
2026-03,UK-TSO-0001,PRD-00152,Burton Point,entry,Production,UK,0.0
2026-03,UK-TSO-0001,UGS-00282,Hornsea,entry,Storage,UK,0.1867
2026-03,UK-TSO-0001,LNG-00008,Isle of Grain,entry,LNG Terminals,UK,1.8784
2026-03,UK-TSO-0001,LNG-00007,Teesside,entry,Production,UK,9.0111
2026-03,UK-TSO-0001,ITP-00090,Moffat,exit,Transmission,UK,5.6786
2026-03,UK-TSO-0001,UGS-00277,Cheshire Storage,entry,Storage,UK,0.2858
2026-03,UK-TSO-0001,UGS-00281,Hole House Farm,entry,,,0.0
2026-03,UK-TSO-0001,UGS-00280,Hatfield Moor Storage,entry,Storage,UK,0.0458
2026-03,UK-TSO-0001,ITP-00492,Bacton IPs,entry,Transmission,UK,0.0207
2026-03,UK-TSO-0001,PRD-00156,Bacton (UKCS),entry,Production,UK,4.7945
2026-03,UK-TSO-0001,DIS-00065,Alrewas (WM),exit,Distribution,UK,1.0118
2026-03,UK-TSO-0001,DIS-00066,Armadale,exit,Distribution,UK,0.1585
2026-03,UK-TSO-0001,DIS-00069,Audley (NW),exit,Distribution,UK,0.1176
2026-03,UK-TSO-0001,DIS-00070,Audley (WM),exit,Distribution,UK,0.0
2026-03,UK-TSO-0001,DIS-00072,Aylesbeare,exit,Distribution,UK,0.2009
2026-03,UK-TSO-0001,UGS-00275,Humbly Grove,exit,Storage,UK,0.0
2026-03,UK-TSO-0001,PRD-00151,Barrow,entry,Production,UK,0.5194
2026-03,UK-TSO-0001,ITP-00091,Easington,entry,Transmission,NO,22.398
2026-03,UK-TSO-0001,ITP-00022,St. Fergus,entry,Transmission,NO,16.4224
2026-03,UK-TSO-0001,ITP-00005,Bacton (IUK),exit,Transmission,UK,2.6912
2026-03,UK-TSO-0001,ITP-00207,Bacton (BBL),exit,Transmission,NL,0.5838
2026-03,UK-TSO-0001,UGS-00279,Aldbrough,entry,Storage,UK,0.5249
2026-03,UK-TSO-0001,UGS-00275,Humbly Grove,entry,Storage,UK,0.0
2026-03,UK-TSO-0001,DIS-00063,Aberdeen,exit,Distribution,UK,0.1267
2026-03,UK-TSO-0001,DIS-00064,Alrewas (EM),exit,Distribution,UK,0.8768
2026-03,UK-TSO-0001,DIS-00067,Aspley,exit,Distribution,UK,0.8948
2026-03,UK-TSO-0001,DIS-00068,Asselby,exit,Distribution,UK,0.0418
2026-03,UK-TSO-0001,DIS-00071,Austrey,exit,Distribution,UK,0.038
2026-03,UK-TSO-0001,DIS-00073,Bacton,exit,Distribution,UK,0.0345
2026-03,UK-TSO-0001,DIS-00074,Baldersby,exit,Distribution,UK,0.0156
2026-03,UK-TSO-0001,DIS-00076,Bathgate,exit,Distribution,UK,0.2441
2026-03,UK-TSO-0001,DIS-00077,Bishop Auckland,exit,Distribution,UK,0.6152
2026-03,UK-TSO-0001,DIS-00080,Blyborough,exit,Distribution,UK,0.0625
2026-03,UK-TSO-0001,DIS-00081,Braishfield A,exit,Distribution,UK,1.564
2026-03,UK-TSO-0001,DIS-00084,Broxburn,exit,Distribution,UK,0.6368
2026-03,UK-TSO-0001,DIS-00085,Burley Bank,exit,Distribution,UK,0.3201
2026-03,UK-TSO-0001,DIS-00087,Careston,exit,Distribution,UK,0.0479
2026-03,UK-TSO-0001,UGS-00216,Stublach,exit,Storage,UK,2.7731
2026-03,UK-TSO-0001,DIS-00090,Coldstream,exit,Distribution,UK,0.0175
2026-03,UK-TSO-0001,DIS-00091,Corbridge,exit,Distribution,UK,0.0009
2026-03,UK-TSO-0001,DIS-00094,Drointon,exit,Distribution,UK,1.2098
2026-03,UK-TSO-0001,DIS-00096,Dyffryn Clydach,exit,Distribution,UK,0.4548
2026-03,UK-TSO-0001,DIS-00098,Ecclestone,exit,Distribution,UK,0.3872
2026-03,UK-TSO-0001,DIS-00099,Elton,exit,Distribution,UK,0.403
2026-03,UK-TSO-0001,DIS-00102,Farningham B,exit,Distribution,UK,0.4794
2026-03,UK-TSO-0001,DIS-00103,Fiddington,exit,Distribution,UK,0.2954
2026-03,UK-TSO-0001,DIS-00106,Glenmavis,exit,Distribution,UK,1.5877
2026-03,UK-TSO-0001,DIS-00107,Gosberton,exit,Distribution,UK,0.1716
2026-03,UK-TSO-0001,DIS-00110,Hardwick,exit,Distribution,UK,1.3372
2026-03,UK-TSO-0001,UGS-00408,Hatfield Moor Max Refill,exit,Storage,UK,0.0489
2026-03,UK-TSO-0001,DIS-00075,Balgray,exit,Distribution,UK,0.1822
2026-03,UK-TSO-0001,UGS-00279,Aldbrough,exit,Storage,UK,0.6717
2026-03,UK-TSO-0001,DIS-00078,Blaby,exit,Distribution,UK,0.1905
2026-03,UK-TSO-0001,DIS-00079,Blackrod,exit,Distribution,UK,1.4338
2026-03,UK-TSO-0001,DIS-00082,Braishfield B,exit,Distribution,UK,0.0154
2026-03,UK-TSO-0001,DIS-00083,Brisley,exit,Distribution,UK,0.0414
2026-03,UK-TSO-0001,DIS-00183,Burnhervie,exit,Distribution,UK,0.3874
2026-03,UK-TSO-0001,DIS-00086,Caldecott,exit,Distribution,UK,0.0933
2026-03,UK-TSO-0001,DIS-00088,Cirencester,exit,Distribution,UK,0.0604
2026-03,UK-TSO-0001,DIS-00089,Coffinswell,exit,Distribution,UK,0.0592
2026-03,UK-TSO-0001,DIS-00092,Cowpen Bewley,exit,Distribution,UK,0.2758
2026-03,UK-TSO-0001,DIS-00093,Dowlais,exit,Distribution,UK,0.9352
2026-03,UK-TSO-0001,DIS-00095,Drum,exit,Distribution,UK,0.8527
2026-03,UK-TSO-0001,DIS-00097,Easton Grey,exit,Distribution,UK,0.1533
2026-03,UK-TSO-0001,DIS-00100,Evesham,exit,Distribution,UK,0.0679
2026-03,UK-TSO-0001,DIS-00101,Farningham,exit,Distribution,UK,1.0409
2026-03,UK-TSO-0001,DIS-00104,Ganstead,exit,Distribution,UK,0.249
2026-03,UK-TSO-0001,DIS-00105,Gilwern,exit,Distribution,UK,0.4629
2026-03,UK-TSO-0001,DIS-00108,Great Wilbraham,exit,Distribution,UK,0.3248
2026-03,UK-TSO-0001,DIS-00109,Guyzance,exit,Distribution,UK,0.0214
2026-03,UK-TSO-0001,UGS-00182,Hill Top Farm,exit,Storage,UK,0.156
2026-03,UK-TSO-0001,UGS-00281,Hole House Farm,exit,,,0.0
2026-03,UK-TSO-0001,UGS-00181,Holford,exit,Storage,UK,0.7951
2026-03,UK-TSO-0001,DIS-00111,Holmes Chapel,exit,Distribution,UK,0.2588
2026-03,UK-TSO-0001,DIS-00112,Horndon,exit,Distribution,UK,0.6106
2026-03,UK-TSO-0001,UGS-00409,Hornsea Max Refill,exit,Storage,UK,0.1372
2026-03,UK-TSO-0001,DIS-00113,Humbleton,exit,Distribution,UK,0.0016
2026-03,UK-TSO-0001,DIS-00114,Hume,exit,Distribution,UK,0.0209
2026-03,UK-TSO-0001,DIS-00115,Ilchester,exit,Distribution,UK,0.2891
2026-03,UK-TSO-0001,FNC-00011,Industrial Offtakes (UK),exit,Final Consumers,UK,0.8142
2026-03,UK-TSO-0001,DIS-00117,Ipsden 2,exit,Distribution,UK,0.1111
2026-03,UK-TSO-0001,DIS-00116,Ipsden,exit,Distribution,UK,0.0003
2026-03,UK-TSO-0001,DIS-00118,Keld,exit,Distribution,UK,0.0041
2026-03,UK-TSO-0001,DIS-00119,Kenn,exit,Distribution,UK,0.244
2026-03,UK-TSO-0001,DIS-00120,Kinknockie,exit,Distribution,UK,0.0322
2026-03,UK-TSO-0001,DIS-00121,Kirkstead,exit,Distribution,UK,0.0135
2026-03,UK-TSO-0001,DIS-00122,Langholm,exit,Distribution,UK,0.0019
2026-03,UK-TSO-0001,DIS-00123,Leamington,exit,Distribution,UK,0.0479
2026-03,UK-TSO-0001,DIS-00124,Little Burdon,exit,Distribution,UK,0.1673
2026-03,UK-TSO-0001,DIS-00125,Littleton Drew,exit,Distribution,UK,0.0245
2026-03,UK-TSO-0001,DIS-00126,Lockerbie,exit,Distribution,UK,0.0883
2026-03,UK-TSO-0001,DIS-00127,Lower Quinton,exit,Distribution,UK,0.4342
2026-03,UK-TSO-0001,DIS-00128,Lupton,exit,Distribution,UK,0.3165
2026-03,UK-TSO-0001,DIS-00129,Luxborough Lane,exit,Distribution,UK,1.1626
2026-03,UK-TSO-0001,DIS-00130,Lyneham (Choakford),exit,Distribution,UK,0.356
2026-03,UK-TSO-0001,DIS-00131,Maelor,exit,Distribution,UK,0.5954
2026-03,UK-TSO-0001,DIS-00132,Malpas,exit,Distribution,UK,0.0087
2026-03,UK-TSO-0001,DIS-00133,Mappowder,exit,Distribution,UK,0.463
2026-03,UK-TSO-0001,DIS-00134,Market Harborough,exit,Distribution,UK,0.0086
2026-03,UK-TSO-0001,DIS-00135,Matching Green,exit,Distribution,UK,0.9402
2026-03,UK-TSO-0001,DIS-00136,Melkinthorpe,exit,Distribution,UK,0.0476
2026-03,UK-TSO-0001,DIS-00137,Mickle Trafford,exit,Distribution,UK,0.0516
2026-03,UK-TSO-0001,DIS-00138,Milwich,exit,Distribution,UK,0.3556
2026-03,UK-TSO-0001,DIS-00139,Netherhowcleugh,exit,Distribution,UK,0.0029
2026-03,UK-TSO-0001,DIS-00140,Pannal,exit,Distribution,UK,1.6016
2026-03,UK-TSO-0001,DIS-00141,Partington,exit,Distribution,UK,0.7405
2026-03,UK-TSO-0001,DIS-00142,Paull,exit,Distribution,UK,0.377
2026-03,UK-TSO-0001,DIS-00143,Peterborough Eye (Tee),exit,Distribution,UK,0.2717
2026-03,UK-TSO-0001,DIS-00144,Peters Green,exit,Distribution,UK,1.5915
2026-03,UK-TSO-0001,DIS-00145,Peters Green South Mimms,exit,Distribution,UK,1.4475
2026-03,UK-TSO-0001,DIS-00146,Pickering,exit,Distribution,UK,0.0401
2026-03,UK-TSO-0001,DIS-00147,Pitcairngreen,exit,Distribution,UK,0.0148
2026-03,UK-TSO-0001,FNC-00012,Power Stations (UK),exit,Final Consumers,UK,10.3531
2026-03,UK-TSO-0001,DIS-00148,Pucklechurch,exit,Distribution,UK,0.2917
2026-03,UK-TSO-0001,DIS-00149,Rawcliffe,exit,Distribution,UK,0.0472
2026-03,UK-TSO-0001,DIS-00150,Ross (SW),exit,Distribution,UK,0.0477
2026-03,UK-TSO-0001,DIS-00151,Ross (WM),exit,Distribution,UK,0.2144
2026-03,UK-TSO-0001,DIS-00152,Roudham Heath,exit,Distribution,UK,0.2826
2026-03,UK-TSO-0001,UGS-00235,Rough,exit,Storage,UK,0.0
2026-03,UK-TSO-0001,DIS-00153,Royston,exit,Distribution,UK,0.0343
2026-03,UK-TSO-0001,DIS-00154,Rugby,exit,Distribution,UK,1.118
2026-03,UK-TSO-0001,DIS-00155,Saltwick Pressure Controlled,exit,Distribution,UK,0.6593
2026-03,UK-TSO-0001,DIS-00156,Saltwick Volumetric Controlled,exit,Distribution,UK,0.0
2026-03,UK-TSO-0001,DIS-00157,Samlesbury,exit,Distribution,UK,0.9755
2026-03,UK-TSO-0001,DIS-00158,Seabank (DN),exit,Distribution,UK,0.543
2026-03,UK-TSO-0001,DIS-00159,Shorne,exit,Distribution,UK,0.0196
2026-03,UK-TSO-0001,DIS-00161,Silk Willoughby,exit,Distribution,UK,0.0284
2026-03,UK-TSO-0001,DIS-00162,Soutra,exit,Distribution,UK,0.0992
2026-03,UK-TSO-0001,DIS-00163,St Fergus,exit,Distribution,UK,0.0155
2026-03,UK-TSO-0001,DIS-00165,Stratford-upon-Avon,exit,Distribution,UK,0.0565
2026-03,UK-TSO-0001,DIS-00166,Sutton Bridge,exit,Distribution,UK,0.0125
2026-03,UK-TSO-0001,DIS-00167,Tatsfield,exit,Distribution,UK,2.5977
2026-03,UK-TSO-0001,DIS-00168,Thornton Curtis,exit,Distribution,UK,1.6803
2026-03,UK-TSO-0001,DIS-00169,Thrintoft,exit,Distribution,UK,0.0656
2026-03,UK-TSO-0001,DIS-00170,Towlaw,exit,Distribution,UK,0.0059
2026-03,UK-TSO-0001,DIS-00171,Towton,exit,Distribution,UK,0.5342
2026-03,UK-TSO-0001,DIS-00172,Tur Langton,exit,Distribution,UK,0.9413
2026-03,UK-TSO-0001,DIS-00173,Walesby,exit,Distribution,UK,0.014
2026-03,UK-TSO-0001,DIS-00174,Warburton,exit,Distribution,UK,1.7998
2026-03,UK-TSO-0001,DIS-00176,Weston Point,exit,Distribution,UK,0.0031
2026-03,UK-TSO-0001,DIS-00175,West Winch,exit,Distribution,UK,0.1148
2026-03,UK-TSO-0001,DIS-00177,Wetheral,exit,Distribution,UK,0.2746
2026-03,UK-TSO-0001,DIS-00178,Whitwell,exit,Distribution,UK,1.3271
2026-03,UK-TSO-0001,DIS-00179,Winkfield (NT),exit,Distribution,UK,0.0039
2026-03,UK-TSO-0001,DIS-00180,Winkfield (SE),exit,Distribution,UK,0.2605
2026-03,UK-TSO-0001,DIS-00181,Winkfield (SO),exit,Distribution,UK,0.3271
2026-03,UK-TSO-0001,DIS-00182,Yelverton,exit,Distribution,UK,0.5626
2026-03,FR-TSO-0003,ITP-00137,Obergailbach (FR) / Medelsheim (DE),exit,Transmission,DE,0.0434
2026-03,FR-TSO-0003,UGS-00284,Nord-Ouest / SEDIANE,entry,Storage,FR,0.1007
2026-03,UK-TSO-0001,DIS-00160,Shustoke,exit,Distribution,UK,0.0
2026-03,FR-TSO-0003,UGS-00288,Sud-Est / SALINE,entry,Storage,FR,0.0355
2026-03,FR-TSO-0003,ITP-00541,Atlantique,exit,Storage,FR,0.1513
2026-03,FR-TSO-0003,UGS-00285,Nord-B / SEDIANE B,exit,Storage,FR,0.0
2026-03,FR-TSO-0003,UGS-00286,Nord-Est / SERENE Nord,exit,Storage,FR,0.002
2026-04,UK-TSO-0002,DIS-00015,Greater Belfast,exit,Distribution,UK,0.3617
2026-04,UK-TSO-0002,ITP-00077,Twynholm,entry,Transmission,UK,1.3828
2026-04,UK-TSO-0002,DIS-00017,PTL Stranraer,exit,Distribution,UK,0.0135
2026-04,UK-TSO-0002,ITP-00298,Carrickfergus,exit,Transmission,UK,0.6125
2026-04,PT-TSO-0001,UGS-00010,Carriço,entry,Storage,PT,0.031
2026-04,PT-TSO-0001,UGS-00010,Carriço,exit,Storage,PT,0.1535
2026-04,PT-TSO-0001,FNC-00001,Final Consumers (PT),exit,Final Consumers,PT,1.7413
2026-04,PT-TSO-0001,DIS-00001,Distribution (PT),exit,Distribution,PT,1.5536
2026-04,PT-TSO-0001,LNG-00026,Sines,entry,LNG Terminals,PT,4.3314
2026-04,PT-TSO-0001,ITP-00286,VIP IBERICO,entry,Transmission,ES,0.0909
2026-04,PT-TSO-0001,ITP-00286,VIP IBERICO,exit,Transmission,ES,0.9975
2026-04,UK-TSO-0004,ITP-00207,Bacton (BBL),entry,Transmission,UK,3.3308
2026-04,UK-TSO-0004,ITP-00207,Bacton (BBL),exit,Transmission,UK,0.0
2026-04,UK-TSO-0003,ITP-00061,Zeebrugge IZT,entry,Transmission,BE,0.0
2026-04,UK-TSO-0003,ITP-00061,Zeebrugge IZT,exit,Transmission,BE,3.7857
2026-04,UK-TSO-0003,ITP-00005,Bacton (IUK),entry,Transmission,UK,3.7756
2026-04,UK-TSO-0003,ITP-00005,Bacton (IUK),exit,Transmission,UK,0.0
2026-04,FR-TSO-0002,FNC-00015,TEREGA Delivery Pool - Industrials (FR),exit,Final Consumers,FR,0.2993
2026-04,FR-TSO-0002,DIS-00188,TEREGA Delivery Pool - Distribution (FR),exit,Distribution,FR,0.8904
2026-04,FR-TSO-0002,ITP-00304,VIP PIRINEOS,entry,Transmission,ES,2.3168
2026-04,FR-TSO-0002,ITP-00304,VIP PIRINEOS,exit,Transmission,ES,0.0169
2026-04,FR-TSO-0002,UGS-00017,Lussagnet,entry,Storage,FR,1.7972
2026-04,FR-TSO-0002,UGS-00017,Lussagnet,exit,Storage,FR,5.4358
2026-04,FR-TSO-0002,PRD-00330,TEREGA Biomethane Production Pool,entry,Production,FR,0.0292
2026-04,IT-TSO-0001,FNC-00006,Thermal Plants (IT),exit,Final Consumers,IT,12.4824
2026-04,IT-TSO-0001,ITP-00288,SRG Delivery to other transmission networks,exit,Transmission,IT,1.0204
2026-04,IT-TSO-0001,PRD-00154,IT - Indigenous Production,entry,Production,IT,2.4466
2026-04,IT-TSO-0001,FNC-00005,Industrial Consumers (IT),exit,Final Consumers,IT,10.2743
2026-04,IT-TSO-0001,DIS-00005,Distribution (IT),exit,Distribution,IT,16.1059
2026-04,IT-TSO-0001,ITP-00040,Tarvisio (IT) / Arnoldstein (AT),entry,Transmission,AT,0.5893
2026-04,IT-TSO-0001,ITP-00040,Tarvisio (IT) / Arnoldstein (AT),exit,Transmission,AT,2.1892
2026-04,IT-TSO-0001,LNG-00019,PANIGAGLIA TERMINAL,entry,LNG Terminals,IT,1.7215
2026-04,IT-TSO-0001,ITP-00049,Gorizia (IT) /Šempeter (SI),entry,Transmission,SI,0.0
2026-04,IT-TSO-0001,ITP-00049,Gorizia (IT) /Šempeter (SI),exit,Transmission,SI,0.04
2026-04,IT-TSO-0001,ITP-00093,Mazara del Vallo,entry,Transmission,DZ,20.607
2026-04,IT-TSO-0001,LNG-00015,Cavarzere (Porto Levante / Adriatic LNG),entry,LNG Terminals,IT,8.2309
2026-04,IT-TSO-0001,ITP-00074,Gela,entry,Transmission,LY,0.1096
2026-04,IT-TSO-0001,ITP-00136,Griespass (CH) / Passo Gries (IT),entry,Transmission,CH,5.5505
2026-04,IT-TSO-0001,ITP-00136,Griespass (CH) / Passo Gries (IT),exit,Transmission,CH,0.0
2026-04,IT-TSO-0001,UGS-00023,UGS - IT - Snam Rete Gas/Stogit Adriatica,entry,Storage,IT,0.0214
2026-04,IT-TSO-0001,UGS-00023,UGS - IT - Snam Rete Gas/Stogit Adriatica,exit,Storage,IT,1.0848
2026-04,IT-TSO-0001,UGS-00008,UGS - IT - Snam Rete Gas/STOGIT,entry,Storage,IT,0.4154
2026-04,IT-TSO-0001,UGS-00008,UGS - IT - Snam Rete Gas/STOGIT,exit,Storage,IT,12.0766
2026-04,IT-TSO-0001,LNG-00004,OLT LNG / Livorno,entry,LNG Terminals,IT,3.7463
2026-04,IT-TSO-0001,ITP-00283,Rep. San Marino,exit,Transmission,SM,0.0318
2026-04,IT-TSO-0001,ITP-00278,Bizzarone,exit,Transmission,CH,0.0692
2026-04,IT-TSO-0001,ITP-00008,Melendugno - IT / TAP,entry,Transmission,AL,8.4442
2026-04,IT-TSO-0001,ITP-00008,Melendugno - IT / TAP,exit,Transmission,AL,0.0
2026-04,IT-TSO-0001,UGS-00475,Italgasstorage (IT),entry,Storage,IT,0.0
2026-04,IT-TSO-0001,UGS-00475,Italgasstorage (IT),exit,Storage,IT,0.8035
2026-04,IT-TSO-0001,LNG-00082,RAVENNA TERMINAL,entry,LNG Terminals,IT,1.1702
2026-04,IT-TSO-0001,LNG-00069,PIOMBINO TERMINAL,entry,LNG Terminals,IT,3.8968
2026-04,ES-TSO-0006,FNC-00043,Aggregated Distribution + Final Customers Exits (ES),exit,Final Consumers,ES,14.7761
2026-04,ES-TSO-0006,PRD-00231,Aggregated Production Sites (ES),entry,Production,ES,0.0139
2026-04,ES-TSO-0006,ITP-00082,Tarifa,exit,Transmission,MA,0.3397
2026-04,ES-TSO-0006,LNG-00012,Barcelona,entry,LNG Terminals,ES,4.5067
2026-04,ES-TSO-0006,LNG-00022,Cartagena,entry,LNG Terminals,ES,1.2765
2026-04,ES-TSO-0006,LNG-00018,Huelva,entry,LNG Terminals,ES,1.5353
2026-04,ES-TSO-0006,LNG-00021,Mugardos,entry,LNG Terminals,ES,2.1261
2026-04,ES-TSO-0006,LNG-00023,Sagunto,entry,LNG Terminals,ES,2.6514
2026-04,ES-TSO-0006,LNG-00013,Bilbao,entry,LNG Terminals,ES,3.2765
2026-04,ES-TSO-0006,LNG-00016,Musel,entry,LNG Terminals,ES,0.9573
2026-04,ES-TSO-0006,ITP-00048,Almería,entry,Transmission,DZ,9.8831
2026-04,ES-TSO-0006,ITP-00286,VIP IBERICO,entry,Transmission,PT,1.011
2026-04,ES-TSO-0006,ITP-00286,VIP IBERICO,exit,Transmission,PT,0.0929
2026-04,ES-TSO-0006,ITP-00304,VIP PIRINEOS,entry,Transmission,FR,0.0186
2026-04,ES-TSO-0006,ITP-00304,VIP PIRINEOS,exit,Transmission,FR,2.2429
2026-04,ES-TSO-0006,UGS-00024,BASIC UGS - AASS Unificado,entry,Storage,ES,0.0
2026-04,ES-TSO-0006,UGS-00024,BASIC UGS - AASS Unificado,exit,Storage,ES,2.4542
2026-04,ES-TSO-0006,VTP-00043,TVB,entry,LNG Terminals,ES,16.5197
2026-04,FR-TSO-0003,LNG-00029,Fos (Tonkin/Cavaou),entry,LNG Terminals,FR,5.9579
2026-04,FR-TSO-0003,ITP-00115,Blaregnies L (BE) / Taisnières B (FR),entry,Transmission,BE,0.7634
2026-04,FR-TSO-0003,LNG-00024,Montoir de Bretagne,entry,LNG Terminals,FR,10.1372
2026-04,FR-TSO-0003,ITP-00039,Oltingue (FR) / Rodersdorf (CH),exit,Transmission,CH,6.4744
2026-04,FR-TSO-0003,ITP-00137,Obergailbach (FR) / Medelsheim (DE),entry,Transmission,DE,0.0
2026-04,FR-TSO-0003,ITP-00045,Dunkerque,entry,Transmission,NO,15.6787
2026-04,FR-TSO-0003,LNG-00003,Dunkerque LNG / PEG North,entry,,,13.4637
2026-04,FR-TSO-0003,UGS-00285,Nord-B / SEDIANE B,exit,Storage,FR,0.1769
2026-04,FR-TSO-0003,UGS-00284,Nord-Ouest / SEDIANE,entry,Storage,FR,0.2218
2026-04,FR-TSO-0003,UGS-00286,Nord-Est / SERENE Nord,exit,Storage,FR,0.7091
2026-04,FR-TSO-0003,UGS-00288,Sud-Est / SALINE,entry,Storage,FR,0.0204
2026-04,FR-TSO-0003,ITP-00526,VIRTUALYS,exit,Transmission,BE,7.4185
2026-04,FR-TSO-0003,DIS-00197,GRTgaz aggregated distribution consumers,exit,Distribution,FR,12.0147
2026-04,FR-TSO-0003,PRD-00331,GRTgaz aggregated producers (FR),entry,Production,FR,0.2282
2026-04,FR-TSO-0003,FNC-00201,GRTgaz aggregated industrial consumers,exit,Final Consumers,FR,8.7443
2026-04,FR-TSO-0003,ITP-00541,Atlantique,exit,Storage,FR,4.3014
2026-04,FR-TSO-0003,LNG-00071,Le Havre (FR),entry,LNG Terminals,FR,0.0
2026-04,UK-TSO-0001,LNG-00049,Milford Haven,entry,LNG Terminals,UK,2.7173
2026-04,UK-TSO-0001,PRD-00152,Burton Point,entry,Production,UK,0.0
2026-04,UK-TSO-0001,PRD-00151,Barrow,entry,Production,UK,0.8857
2026-04,UK-TSO-0001,ITP-00091,Easington,entry,Transmission,NO,16.9326
2026-04,UK-TSO-0001,UGS-00282,Hornsea,entry,Storage,UK,0.0955
2026-04,UK-TSO-0001,LNG-00008,Isle of Grain,entry,LNG Terminals,UK,0.5706
2026-04,UK-TSO-0001,ITP-00022,St. Fergus,entry,Transmission,NO,14.5841
2026-04,UK-TSO-0001,LNG-00007,Teesside,entry,Production,UK,7.7267
2026-04,UK-TSO-0001,ITP-00090,Moffat,exit,Transmission,UK,5.0135
2026-04,UK-TSO-0001,ITP-00005,Bacton (IUK),exit,Transmission,UK,3.7756
2026-04,UK-TSO-0001,ITP-00207,Bacton (BBL),exit,Transmission,NL,3.3308
2026-04,UK-TSO-0001,UGS-00277,Cheshire Storage,entry,Storage,UK,2.9062
2026-04,UK-TSO-0001,UGS-00279,Aldbrough,entry,Storage,UK,0.5827
2026-04,UK-TSO-0001,UGS-00281,Hole House Farm,entry,,,0.0207
2026-04,UK-TSO-0001,UGS-00280,Hatfield Moor Storage,entry,Storage,UK,0.1308
2026-04,UK-TSO-0001,UGS-00275,Humbly Grove,entry,Storage,UK,0.1146
2026-04,UK-TSO-0001,ITP-00492,Bacton IPs,entry,Transmission,UK,0.0
2026-04,UK-TSO-0001,PRD-00156,Bacton (UKCS),entry,Production,UK,5.0156
2026-04,UK-TSO-0001,DIS-00063,Aberdeen,exit,Distribution,UK,0.2222
2026-04,UK-TSO-0001,DIS-00064,Alrewas (EM),exit,Distribution,UK,0.0003
2026-04,UK-TSO-0001,DIS-00065,Alrewas (WM),exit,Distribution,UK,0.6407
2026-04,UK-TSO-0001,DIS-00066,Armadale,exit,Distribution,UK,0.111
2026-04,UK-TSO-0001,DIS-00067,Aspley,exit,Distribution,UK,0.9189
2026-04,UK-TSO-0001,DIS-00068,Asselby,exit,Distribution,UK,0.0286
2026-04,UK-TSO-0001,DIS-00069,Audley (NW),exit,Distribution,UK,0.0848
2026-04,UK-TSO-0001,DIS-00070,Audley (WM),exit,Distribution,UK,0.1341
2026-04,UK-TSO-0001,DIS-00071,Austrey,exit,Distribution,UK,0.0
2026-04,UK-TSO-0001,DIS-00072,Aylesbeare,exit,Distribution,UK,0.132
2026-04,UK-TSO-0001,UGS-00275,Humbly Grove,exit,Storage,UK,0.0
2026-04,UK-TSO-0001,DIS-00073,Bacton,exit,Distribution,UK,0.0222
2026-04,UK-TSO-0001,DIS-00074,Baldersby,exit,Distribution,UK,0.0117
2026-04,UK-TSO-0001,DIS-00075,Balgray,exit,Distribution,UK,0.132
2026-04,UK-TSO-0001,UGS-00279,Aldbrough,exit,Storage,UK,1.0145
2026-04,UK-TSO-0001,DIS-00076,Bathgate,exit,Distribution,UK,0.1827
2026-04,UK-TSO-0001,DIS-00077,Bishop Auckland,exit,Distribution,UK,0.3924
2026-04,UK-TSO-0001,DIS-00078,Blaby,exit,Distribution,UK,0.1468
2026-04,UK-TSO-0001,DIS-00079,Blackrod,exit,Distribution,UK,1.4428
2026-04,UK-TSO-0001,DIS-00080,Blyborough,exit,Distribution,UK,0.0
2026-04,UK-TSO-0001,DIS-00081,Braishfield A,exit,Distribution,UK,1.1525
2026-04,UK-TSO-0001,DIS-00082,Braishfield B,exit,Distribution,UK,0.0
2026-04,UK-TSO-0001,DIS-00083,Brisley,exit,Distribution,UK,0.0345
2026-04,UK-TSO-0001,DIS-00084,Broxburn,exit,Distribution,UK,0.4706
2026-04,UK-TSO-0001,DIS-00085,Burley Bank,exit,Distribution,UK,0.3147
2026-04,UK-TSO-0001,DIS-00183,Burnhervie,exit,Distribution,UK,0.1563
2026-04,UK-TSO-0001,DIS-00086,Caldecott,exit,Distribution,UK,0.0776
2026-04,UK-TSO-0001,DIS-00087,Careston,exit,Distribution,UK,0.0374
2026-04,UK-TSO-0001,UGS-00216,Stublach,exit,Storage,UK,0.4244
2026-04,UK-TSO-0001,DIS-00088,Cirencester,exit,Distribution,UK,0.035
2026-04,UK-TSO-0001,DIS-00089,Coffinswell,exit,Distribution,UK,0.0413
2026-04,UK-TSO-0001,DIS-00090,Coldstream,exit,Distribution,UK,0.0121
2026-04,UK-TSO-0001,DIS-00091,Corbridge,exit,Distribution,UK,0.0006
2026-04,UK-TSO-0001,DIS-00092,Cowpen Bewley,exit,Distribution,UK,0.2035
2026-04,UK-TSO-0001,DIS-00093,Dowlais,exit,Distribution,UK,0.6866
2026-04,UK-TSO-0001,DIS-00094,Drointon,exit,Distribution,UK,1.3095
2026-04,UK-TSO-0001,DIS-00095,Drum,exit,Distribution,UK,0.2639
2026-04,UK-TSO-0001,DIS-00096,Dyffryn Clydach,exit,Distribution,UK,0.3121
2026-04,UK-TSO-0001,DIS-00097,Easton Grey,exit,Distribution,UK,0.01
2026-04,UK-TSO-0001,DIS-00098,Ecclestone,exit,Distribution,UK,0.296
2026-04,UK-TSO-0001,DIS-00099,Elton,exit,Distribution,UK,0.339
2026-04,UK-TSO-0001,DIS-00100,Evesham,exit,Distribution,UK,0.0392
2026-04,UK-TSO-0001,DIS-00101,Farningham,exit,Distribution,UK,0.9634
2026-04,UK-TSO-0001,DIS-00102,Farningham B,exit,Distribution,UK,0.1692
2026-04,UK-TSO-0001,DIS-00103,Fiddington,exit,Distribution,UK,0.2619
2026-04,UK-TSO-0001,DIS-00104,Ganstead,exit,Distribution,UK,0.1434
2026-04,UK-TSO-0001,DIS-00105,Gilwern,exit,Distribution,UK,0.3488
2026-04,UK-TSO-0001,DIS-00106,Glenmavis,exit,Distribution,UK,1.5545
2026-04,UK-TSO-0001,DIS-00107,Gosberton,exit,Distribution,UK,0.1193
2026-04,UK-TSO-0001,DIS-00108,Great Wilbraham,exit,Distribution,UK,0.1963
2026-04,UK-TSO-0001,DIS-00109,Guyzance,exit,Distribution,UK,0.0156
2026-04,UK-TSO-0001,DIS-00110,Hardwick,exit,Distribution,UK,0.9785
2026-04,UK-TSO-0001,UGS-00408,Hatfield Moor Max Refill,exit,Storage,UK,0.0
2026-04,UK-TSO-0001,UGS-00182,Hill Top Farm,exit,Storage,UK,0.1235
2026-04,UK-TSO-0001,UGS-00281,Hole House Farm,exit,,,0.0
2026-04,UK-TSO-0001,UGS-00181,Holford,exit,Storage,UK,0.0075
2026-04,UK-TSO-0001,DIS-00111,Holmes Chapel,exit,Distribution,UK,0.1967
2026-04,UK-TSO-0001,DIS-00112,Horndon,exit,Distribution,UK,0.1364
2026-04,UK-TSO-0001,UGS-00409,Hornsea Max Refill,exit,Storage,UK,0.5093
2026-04,UK-TSO-0001,DIS-00113,Humbleton,exit,Distribution,UK,0.0012
2026-04,UK-TSO-0001,DIS-00114,Hume,exit,Distribution,UK,0.0174
2026-04,UK-TSO-0001,DIS-00115,Ilchester,exit,Distribution,UK,0.266
2026-04,UK-TSO-0001,FNC-00011,Industrial Offtakes (UK),exit,Final Consumers,UK,0.7873
2026-04,UK-TSO-0001,DIS-00117,Ipsden 2,exit,Distribution,UK,0.0461
2026-04,UK-TSO-0001,DIS-00116,Ipsden,exit,Distribution,UK,0.0505
2026-04,UK-TSO-0001,DIS-00118,Keld,exit,Distribution,UK,0.002
2026-04,UK-TSO-0001,DIS-00119,Kenn,exit,Distribution,UK,0.2444
2026-04,UK-TSO-0001,DIS-00120,Kinknockie,exit,Distribution,UK,0.0243
2026-04,UK-TSO-0001,DIS-00121,Kirkstead,exit,Distribution,UK,0.0091
2026-04,UK-TSO-0001,DIS-00122,Langholm,exit,Distribution,UK,0.0012
2026-04,UK-TSO-0001,DIS-00123,Leamington,exit,Distribution,UK,0.006
2026-04,UK-TSO-0001,DIS-00124,Little Burdon,exit,Distribution,UK,0.1124
2026-04,UK-TSO-0001,DIS-00125,Littleton Drew,exit,Distribution,UK,0.0206
2026-04,UK-TSO-0001,DIS-00126,Lockerbie,exit,Distribution,UK,0.0656
2026-04,UK-TSO-0001,DIS-00127,Lower Quinton,exit,Distribution,UK,0.0017
2026-04,UK-TSO-0001,DIS-00128,Lupton,exit,Distribution,UK,0.304
2026-04,UK-TSO-0001,DIS-00129,Luxborough Lane,exit,Distribution,UK,0.092
2026-04,UK-TSO-0001,DIS-00130,Lyneham (Choakford),exit,Distribution,UK,0.1635
2026-04,UK-TSO-0001,DIS-00131,Maelor,exit,Distribution,UK,0.4319
2026-04,UK-TSO-0001,DIS-00132,Malpas,exit,Distribution,UK,0.0053
2026-04,UK-TSO-0001,DIS-00133,Mappowder,exit,Distribution,UK,0.3459
2026-04,UK-TSO-0001,DIS-00134,Market Harborough,exit,Distribution,UK,0.0
2026-04,UK-TSO-0001,DIS-00135,Matching Green,exit,Distribution,UK,0.5767
2026-04,UK-TSO-0001,DIS-00136,Melkinthorpe,exit,Distribution,UK,0.0431
2026-04,UK-TSO-0001,DIS-00137,Mickle Trafford,exit,Distribution,UK,0.0006
2026-04,UK-TSO-0001,DIS-00138,Milwich,exit,Distribution,UK,0.0632
2026-04,UK-TSO-0001,DIS-00139,Netherhowcleugh,exit,Distribution,UK,0.002
2026-04,UK-TSO-0001,DIS-00140,Pannal,exit,Distribution,UK,1.0561
2026-04,UK-TSO-0001,DIS-00141,Partington,exit,Distribution,UK,0.0386
2026-04,UK-TSO-0001,DIS-00142,Paull,exit,Distribution,UK,0.3245
2026-04,UK-TSO-0001,DIS-00143,Peterborough Eye (Tee),exit,Distribution,UK,0.1764
2026-04,UK-TSO-0001,DIS-00144,Peters Green,exit,Distribution,UK,1.2044
2026-04,UK-TSO-0001,DIS-00145,Peters Green South Mimms,exit,Distribution,UK,1.7306
2026-04,UK-TSO-0001,DIS-00146,Pickering,exit,Distribution,UK,0.021
2026-04,UK-TSO-0001,DIS-00147,Pitcairngreen,exit,Distribution,UK,0.0124
2026-04,UK-TSO-0001,FNC-00012,Power Stations (UK),exit,Final Consumers,UK,6.5845
2026-04,UK-TSO-0001,DIS-00148,Pucklechurch,exit,Distribution,UK,0.1124
2026-04,UK-TSO-0001,DIS-00149,Rawcliffe,exit,Distribution,UK,0.0408
2026-04,UK-TSO-0001,DIS-00150,Ross (SW),exit,Distribution,UK,0.0352
2026-04,UK-TSO-0001,DIS-00151,Ross (WM),exit,Distribution,UK,0.1694
2026-04,UK-TSO-0001,DIS-00152,Roudham Heath,exit,Distribution,UK,0.1386
2026-04,UK-TSO-0001,UGS-00235,Rough,exit,Storage,UK,0.0
2026-04,UK-TSO-0001,DIS-00153,Royston,exit,Distribution,UK,0.0203
2026-04,UK-TSO-0001,DIS-00154,Rugby,exit,Distribution,UK,0.8679
2026-04,UK-TSO-0001,DIS-00155,Saltwick Pressure Controlled,exit,Distribution,UK,0.4839
2026-04,UK-TSO-0001,DIS-00156,Saltwick Volumetric Controlled,exit,Distribution,UK,0.0
2026-04,UK-TSO-0001,DIS-00157,Samlesbury,exit,Distribution,UK,0.188
2026-04,UK-TSO-0001,DIS-00158,Seabank (DN),exit,Distribution,UK,0.4063
2026-04,UK-TSO-0001,DIS-00159,Shorne,exit,Distribution,UK,0.0027
2026-04,UK-TSO-0001,DIS-00162,Soutra,exit,Distribution,UK,0.0716
2026-04,UK-TSO-0001,DIS-00163,St Fergus,exit,Distribution,UK,0.0121
2026-04,UK-TSO-0001,DIS-00167,Tatsfield,exit,Distribution,UK,0.8821
2026-04,UK-TSO-0001,DIS-00168,Thornton Curtis,exit,Distribution,UK,1.2334
2026-04,UK-TSO-0001,DIS-00171,Towton,exit,Distribution,UK,0.3869
2026-04,UK-TSO-0001,DIS-00172,Tur Langton,exit,Distribution,UK,0.628
2026-04,UK-TSO-0001,DIS-00176,Weston Point,exit,Distribution,UK,0.0007
2026-04,UK-TSO-0001,DIS-00175,West Winch,exit,Distribution,UK,0.0785
2026-04,UK-TSO-0001,DIS-00179,Winkfield (NT),exit,Distribution,UK,0.0
2026-04,UK-TSO-0001,DIS-00180,Winkfield (SE),exit,Distribution,UK,0.4404
2026-04,UK-TSO-0001,DIS-00161,Silk Willoughby,exit,Distribution,UK,0.0189
2026-04,UK-TSO-0001,DIS-00165,Stratford-upon-Avon,exit,Distribution,UK,0.0407
2026-04,UK-TSO-0001,DIS-00166,Sutton Bridge,exit,Distribution,UK,0.008
2026-04,UK-TSO-0001,DIS-00169,Thrintoft,exit,Distribution,UK,0.0487
2026-04,UK-TSO-0001,DIS-00170,Towlaw,exit,Distribution,UK,0.0041
2026-04,UK-TSO-0001,DIS-00173,Walesby,exit,Distribution,UK,0.0078
2026-04,UK-TSO-0001,DIS-00174,Warburton,exit,Distribution,UK,1.7751
2026-04,UK-TSO-0001,DIS-00177,Wetheral,exit,Distribution,UK,0.2187
2026-04,UK-TSO-0001,DIS-00178,Whitwell,exit,Distribution,UK,0.8577
2026-04,UK-TSO-0001,DIS-00181,Winkfield (SO),exit,Distribution,UK,0.068
2026-04,UK-TSO-0001,DIS-00182,Yelverton,exit,Distribution,UK,0.2951
2026-04,FR-TSO-0003,UGS-00286,Nord-Est / SERENE Nord,entry,Storage,FR,0.0019
2026-04,FR-TSO-0003,UGS-00284,Nord-Ouest / SEDIANE,exit,Storage,FR,2.5053
2026-04,FR-TSO-0003,UGS-00288,Sud-Est / SALINE,exit,Storage,FR,1.4265
2026-04,UK-TSO-0001,DIS-00160,Shustoke,exit,Distribution,UK,0.0
2026-05,UK-TSO-0002,DIS-00015,Greater Belfast,exit,Distribution,UK,0.2497
2026-05,UK-TSO-0002,ITP-00077,Twynholm,entry,Transmission,UK,1.2201
2026-05,UK-TSO-0002,DIS-00017,PTL Stranraer,exit,Distribution,UK,0.0112
2026-05,UK-TSO-0002,ITP-00298,Carrickfergus,exit,Transmission,UK,0.7183
2026-05,PT-TSO-0001,UGS-00010,Carriço,entry,Storage,PT,0.3344
2026-05,PT-TSO-0001,UGS-00010,Carriço,exit,Storage,PT,0.0382
2026-05,PT-TSO-0001,FNC-00001,Final Consumers (PT),exit,Final Consumers,PT,1.6818
2026-05,PT-TSO-0001,DIS-00001,Distribution (PT),exit,Distribution,PT,1.5668
2026-05,PT-TSO-0001,LNG-00026,Sines,entry,LNG Terminals,PT,3.9716
2026-05,PT-TSO-0001,ITP-00286,VIP IBERICO,entry,Transmission,ES,0.1778
2026-05,PT-TSO-0001,ITP-00286,VIP IBERICO,exit,Transmission,ES,1.1982
2026-05,UK-TSO-0004,ITP-00207,Bacton (BBL),entry,Transmission,UK,2.3385
2026-05,UK-TSO-0004,ITP-00207,Bacton (BBL),exit,Transmission,UK,0.0
2026-05,FR-TSO-0002,FNC-00015,TEREGA Delivery Pool - Industrials (FR),exit,Final Consumers,FR,0.276
2026-05,FR-TSO-0002,DIS-00188,TEREGA Delivery Pool - Distribution (FR),exit,Distribution,FR,0.5899
2026-05,FR-TSO-0002,ITP-00304,VIP PIRINEOS,entry,Transmission,ES,1.9056
2026-05,FR-TSO-0002,ITP-00304,VIP PIRINEOS,exit,Transmission,ES,0.0263
2026-05,FR-TSO-0002,UGS-00017,Lussagnet,entry,Storage,FR,4.0887
2026-05,FR-TSO-0002,UGS-00017,Lussagnet,exit,Storage,FR,6.1048
2026-05,FR-TSO-0002,PRD-00330,TEREGA Biomethane Production Pool,entry,Production,FR,0.0286
2026-05,UK-TSO-0003,ITP-00061,Zeebrugge IZT,entry,Transmission,BE,0.0
2026-05,UK-TSO-0003,ITP-00061,Zeebrugge IZT,exit,Transmission,BE,5.0694
2026-05,UK-TSO-0003,ITP-00005,Bacton (IUK),entry,Transmission,UK,5.0414
2026-05,UK-TSO-0003,ITP-00005,Bacton (IUK),exit,Transmission,UK,0.0
2026-05,IT-TSO-0001,FNC-00006,Thermal Plants (IT),exit,Final Consumers,IT,13.0622
2026-05,IT-TSO-0001,ITP-00288,SRG Delivery to other transmission networks,exit,Transmission,IT,0.9083
2026-05,IT-TSO-0001,PRD-00154,IT - Indigenous Production,entry,Production,IT,2.5336
2026-05,IT-TSO-0001,FNC-00005,Industrial Consumers (IT),exit,Final Consumers,IT,10.421
2026-05,IT-TSO-0001,DIS-00005,Distribution (IT),exit,Distribution,IT,11.7813
2026-05,IT-TSO-0001,ITP-00040,Tarvisio (IT) / Arnoldstein (AT),entry,Transmission,AT,0.0002
2026-05,IT-TSO-0001,ITP-00040,Tarvisio (IT) / Arnoldstein (AT),exit,Transmission,AT,2.0474
2026-05,IT-TSO-0001,LNG-00019,PANIGAGLIA TERMINAL,entry,LNG Terminals,IT,1.951
2026-05,IT-TSO-0001,ITP-00049,Gorizia (IT) /Šempeter (SI),entry,Transmission,SI,0.0
2026-05,IT-TSO-0001,ITP-00049,Gorizia (IT) /Šempeter (SI),exit,Transmission,SI,0.052
2026-05,IT-TSO-0001,ITP-00093,Mazara del Vallo,entry,Transmission,DZ,21.6981
2026-05,IT-TSO-0001,LNG-00015,Cavarzere (Porto Levante / Adriatic LNG),entry,LNG Terminals,IT,7.9884
2026-05,IT-TSO-0001,ITP-00074,Gela,entry,Transmission,LY,0.4872
2026-05,IT-TSO-0001,ITP-00136,Griespass (CH) / Passo Gries (IT),entry,Transmission,CH,3.9187
2026-05,IT-TSO-0001,ITP-00136,Griespass (CH) / Passo Gries (IT),exit,Transmission,CH,0.0
2026-05,IT-TSO-0001,UGS-00023,UGS - IT - Snam Rete Gas/Stogit Adriatica,entry,Storage,IT,0.0
2026-05,IT-TSO-0001,UGS-00023,UGS - IT - Snam Rete Gas/Stogit Adriatica,exit,Storage,IT,1.9926
2026-05,IT-TSO-0001,UGS-00008,UGS - IT - Snam Rete Gas/STOGIT,entry,Storage,IT,0.0
2026-05,IT-TSO-0001,UGS-00008,UGS - IT - Snam Rete Gas/STOGIT,exit,Storage,IT,15.4636
2026-05,IT-TSO-0001,LNG-00004,OLT LNG / Livorno,entry,LNG Terminals,IT,3.9855
2026-05,IT-TSO-0001,ITP-00283,Rep. San Marino,exit,Transmission,SM,0.0228
2026-05,IT-TSO-0001,ITP-00278,Bizzarone,exit,Transmission,CH,0.0579
2026-05,IT-TSO-0001,ITP-00008,Melendugno - IT / TAP,entry,Transmission,AL,8.7889
2026-05,IT-TSO-0001,ITP-00008,Melendugno - IT / TAP,exit,Transmission,AL,0.0
2026-05,IT-TSO-0001,UGS-00475,Italgasstorage (IT),entry,Storage,IT,0.0
2026-05,IT-TSO-0001,UGS-00475,Italgasstorage (IT),exit,Storage,IT,0.8684
2026-05,IT-TSO-0001,LNG-00082,RAVENNA TERMINAL,entry,LNG Terminals,IT,1.8914
2026-05,IT-TSO-0001,LNG-00069,PIOMBINO TERMINAL,entry,LNG Terminals,IT,4.1762
2026-05,ES-TSO-0006,FNC-00043,Aggregated Distribution + Final Customers Exits (ES),exit,Final Consumers,ES,15.6485
2026-05,ES-TSO-0006,ITP-00082,Tarifa,exit,Transmission,MA,0.7939
2026-05,ES-TSO-0006,LNG-00012,Barcelona,entry,LNG Terminals,ES,1.6139
2026-05,ES-TSO-0006,LNG-00021,Mugardos,entry,LNG Terminals,ES,2.3997
2026-05,ES-TSO-0006,LNG-00023,Sagunto,entry,LNG Terminals,ES,3.3634
2026-05,ES-TSO-0006,ITP-00048,Almería,entry,Transmission,DZ,10.5653
2026-05,ES-TSO-0006,ITP-00286,VIP IBERICO,entry,Transmission,PT,1.2071
2026-05,ES-TSO-0006,ITP-00304,VIP PIRINEOS,exit,Transmission,FR,1.9438
2026-05,ES-TSO-0006,UGS-00024,BASIC UGS - AASS Unificado,entry,Storage,ES,0.0
2026-05,ES-TSO-0006,PRD-00231,Aggregated Production Sites (ES),entry,Production,ES,0.0347
2026-05,ES-TSO-0006,LNG-00022,Cartagena,entry,LNG Terminals,ES,1.2787
2026-05,ES-TSO-0006,LNG-00018,Huelva,entry,LNG Terminals,ES,1.5404
2026-05,ES-TSO-0006,LNG-00013,Bilbao,entry,LNG Terminals,ES,5.4164
2026-05,ES-TSO-0006,LNG-00016,Musel,entry,LNG Terminals,ES,0.9095
2026-05,ES-TSO-0006,ITP-00286,VIP IBERICO,exit,Transmission,PT,0.1819
2026-05,ES-TSO-0006,ITP-00304,VIP PIRINEOS,entry,Transmission,FR,0.0269
2026-05,ES-TSO-0006,UGS-00024,BASIC UGS - AASS Unificado,exit,Storage,ES,2.4109
2026-05,ES-TSO-0006,VTP-00043,TVB,entry,LNG Terminals,ES,16.8802
2026-05,FR-TSO-0003,ITP-00115,Blaregnies L (BE) / Taisnières B (FR),entry,Transmission,BE,1.7703
2026-05,FR-TSO-0003,ITP-00039,Oltingue (FR) / Rodersdorf (CH),exit,Transmission,CH,4.4437
2026-05,FR-TSO-0003,ITP-00137,Obergailbach (FR) / Medelsheim (DE),entry,Transmission,DE,0.0
2026-05,FR-TSO-0003,LNG-00003,Dunkerque LNG / PEG North,entry,,,13.5127
2026-05,FR-TSO-0003,UGS-00284,Nord-Ouest / SEDIANE,exit,Storage,FR,2.6606
2026-05,FR-TSO-0003,UGS-00288,Sud-Est / SALINE,exit,Storage,FR,0.6962
2026-05,FR-TSO-0003,DIS-00197,GRTgaz aggregated distribution consumers,exit,Distribution,FR,7.6852
2026-05,FR-TSO-0003,PRD-00331,GRTgaz aggregated producers (FR),entry,Production,FR,0.2243
2026-05,FR-TSO-0003,LNG-00029,Fos (Tonkin/Cavaou),entry,LNG Terminals,FR,6.7417
2026-05,FR-TSO-0003,LNG-00024,Montoir de Bretagne,entry,LNG Terminals,FR,1.2083
2026-05,FR-TSO-0003,ITP-00045,Dunkerque,entry,Transmission,NO,14.731
2026-05,FR-TSO-0003,UGS-00285,Nord-B / SEDIANE B,exit,Storage,FR,1.3714
2026-05,FR-TSO-0003,UGS-00286,Nord-Est / SERENE Nord,exit,Storage,FR,1.7085
2026-05,FR-TSO-0003,ITP-00526,VIRTUALYS,exit,Transmission,BE,7.6181
2026-05,FR-TSO-0003,FNC-00201,GRTgaz aggregated industrial consumers,exit,Final Consumers,FR,7.7127
2026-05,FR-TSO-0003,ITP-00541,Atlantique,exit,Storage,FR,3.2686
2026-05,FR-TSO-0003,LNG-00071,Le Havre (FR),entry,LNG Terminals,FR,0.0
2026-05,UK-TSO-0001,LNG-00049,Milford Haven,entry,LNG Terminals,UK,1.9545
2026-05,UK-TSO-0001,PRD-00152,Burton Point,entry,Production,UK,0.0
2026-05,UK-TSO-0001,PRD-00151,Barrow,entry,Production,UK,0.156
2026-05,UK-TSO-0001,ITP-00091,Easington,entry,Transmission,NO,11.914
2026-05,UK-TSO-0001,UGS-00282,Hornsea,entry,Storage,UK,0.7918
2026-05,UK-TSO-0001,LNG-00008,Isle of Grain,entry,LNG Terminals,UK,1.0823
2026-05,UK-TSO-0001,ITP-00022,St. Fergus,entry,Transmission,NO,13.3504
2026-05,UK-TSO-0001,LNG-00007,Teesside,entry,Production,UK,8.4479
2026-05,UK-TSO-0001,ITP-00090,Moffat,exit,Transmission,UK,4.7379
2026-05,UK-TSO-0001,ITP-00005,Bacton (IUK),exit,Transmission,UK,5.029
2026-05,UK-TSO-0001,ITP-00207,Bacton (BBL),exit,Transmission,NL,2.3385
2026-05,UK-TSO-0001,UGS-00277,Cheshire Storage,entry,Storage,UK,0.9372
2026-05,UK-TSO-0001,UGS-00279,Aldbrough,entry,Storage,UK,1.1218
2026-05,UK-TSO-0001,UGS-00281,Hole House Farm,entry,,,0.0
2026-05,UK-TSO-0001,UGS-00280,Hatfield Moor Storage,entry,Storage,UK,0.0
2026-05,UK-TSO-0001,UGS-00275,Humbly Grove,entry,Storage,UK,0.1627
2026-05,UK-TSO-0001,ITP-00492,Bacton IPs,entry,Transmission,UK,0.0
2026-05,UK-TSO-0001,PRD-00156,Bacton (UKCS),entry,Production,UK,4.6306
2026-05,UK-TSO-0001,DIS-00063,Aberdeen,exit,Distribution,UK,0.2541
2026-05,UK-TSO-0001,DIS-00064,Alrewas (EM),exit,Distribution,UK,0.1399
2026-05,UK-TSO-0001,DIS-00065,Alrewas (WM),exit,Distribution,UK,0.009
2026-05,UK-TSO-0001,DIS-00066,Armadale,exit,Distribution,UK,0.1076
2026-05,UK-TSO-0001,DIS-00067,Aspley,exit,Distribution,UK,0.6411
2026-05,UK-TSO-0001,DIS-00068,Asselby,exit,Distribution,UK,0.0214
2026-05,UK-TSO-0001,DIS-00069,Audley (NW),exit,Distribution,UK,0.0659
2026-05,UK-TSO-0001,DIS-00070,Audley (WM),exit,Distribution,UK,0.0075
2026-05,UK-TSO-0001,DIS-00071,Austrey,exit,Distribution,UK,0.0172
2026-05,UK-TSO-0001,DIS-00072,Aylesbeare,exit,Distribution,UK,0.0873
2026-05,UK-TSO-0001,UGS-00275,Humbly Grove,exit,Storage,UK,0.0
2026-05,UK-TSO-0001,DIS-00073,Bacton,exit,Distribution,UK,0.0169
2026-05,UK-TSO-0001,DIS-00074,Baldersby,exit,Distribution,UK,0.0089
2026-05,UK-TSO-0001,DIS-00075,Balgray,exit,Distribution,UK,0.0924
2026-05,UK-TSO-0001,UGS-00279,Aldbrough,exit,Storage,UK,0.0459
2026-05,UK-TSO-0001,DIS-00076,Bathgate,exit,Distribution,UK,0.1445
2026-05,UK-TSO-0001,DIS-00077,Bishop Auckland,exit,Distribution,UK,0.3074
2026-05,UK-TSO-0001,DIS-00078,Blaby,exit,Distribution,UK,0.1324
2026-05,UK-TSO-0001,DIS-00079,Blackrod,exit,Distribution,UK,0.7477
2026-05,UK-TSO-0001,DIS-00080,Blyborough,exit,Distribution,UK,0.0092
2026-05,UK-TSO-0001,DIS-00081,Braishfield A,exit,Distribution,UK,0.8798
2026-05,UK-TSO-0001,DIS-00082,Braishfield B,exit,Distribution,UK,0.0
2026-05,UK-TSO-0001,DIS-00083,Brisley,exit,Distribution,UK,0.0321
2026-05,UK-TSO-0001,DIS-00084,Broxburn,exit,Distribution,UK,0.3232
2026-05,UK-TSO-0001,DIS-00085,Burley Bank,exit,Distribution,UK,0.2272
2026-05,UK-TSO-0001,DIS-00183,Burnhervie,exit,Distribution,UK,0.0386
2026-05,UK-TSO-0001,DIS-00086,Caldecott,exit,Distribution,UK,0.0362
2026-05,UK-TSO-0001,DIS-00087,Careston,exit,Distribution,UK,0.0245
2026-05,UK-TSO-0001,UGS-00216,Stublach,exit,Storage,UK,0.2868
2026-05,UK-TSO-0001,DIS-00088,Cirencester,exit,Distribution,UK,0.0216
2026-05,UK-TSO-0001,DIS-00089,Coffinswell,exit,Distribution,UK,0.0319
2026-05,UK-TSO-0001,DIS-00090,Coldstream,exit,Distribution,UK,0.0092
2026-05,UK-TSO-0001,DIS-00091,Corbridge,exit,Distribution,UK,0.0004
2026-05,UK-TSO-0001,DIS-00092,Cowpen Bewley,exit,Distribution,UK,0.2347
2026-05,UK-TSO-0001,DIS-00093,Dowlais,exit,Distribution,UK,0.545
2026-05,UK-TSO-0001,DIS-00094,Drointon,exit,Distribution,UK,0.8538
2026-05,UK-TSO-0001,DIS-00095,Drum,exit,Distribution,UK,0.0
2026-05,UK-TSO-0001,DIS-00096,Dyffryn Clydach,exit,Distribution,UK,0.2153
2026-05,UK-TSO-0001,DIS-00097,Easton Grey,exit,Distribution,UK,0.0002
2026-05,UK-TSO-0001,DIS-00098,Ecclestone,exit,Distribution,UK,0.2077
2026-05,UK-TSO-0001,DIS-00099,Elton,exit,Distribution,UK,0.3632
2026-05,UK-TSO-0001,DIS-00100,Evesham,exit,Distribution,UK,0.0251
2026-05,UK-TSO-0001,DIS-00101,Farningham,exit,Distribution,UK,0.803
2026-05,UK-TSO-0001,DIS-00102,Farningham B,exit,Distribution,UK,0.0193
2026-05,UK-TSO-0001,DIS-00103,Fiddington,exit,Distribution,UK,0.1981
2026-05,UK-TSO-0001,DIS-00104,Ganstead,exit,Distribution,UK,0.089
2026-05,UK-TSO-0001,DIS-00105,Gilwern,exit,Distribution,UK,0.4622
2026-05,UK-TSO-0001,DIS-00106,Glenmavis,exit,Distribution,UK,1.2902
2026-05,UK-TSO-0001,DIS-00107,Gosberton,exit,Distribution,UK,0.0894
2026-05,UK-TSO-0001,DIS-00108,Great Wilbraham,exit,Distribution,UK,0.143
2026-05,UK-TSO-0001,DIS-00109,Guyzance,exit,Distribution,UK,0.0143
2026-05,UK-TSO-0001,DIS-00110,Hardwick,exit,Distribution,UK,0.6929
2026-05,UK-TSO-0001,UGS-00408,Hatfield Moor Max Refill,exit,Storage,UK,0.0
2026-05,UK-TSO-0001,UGS-00182,Hill Top Farm,exit,Storage,UK,0.1896
2026-05,UK-TSO-0001,UGS-00281,Hole House Farm,exit,,,0.0
2026-05,UK-TSO-0001,UGS-00181,Holford,exit,Storage,UK,0.4048
2026-05,UK-TSO-0001,DIS-00111,Holmes Chapel,exit,Distribution,UK,0.1642
2026-05,UK-TSO-0001,DIS-00112,Horndon,exit,Distribution,UK,0.0017
2026-05,UK-TSO-0001,UGS-00409,Hornsea Max Refill,exit,Storage,UK,0.1413
2026-05,UK-TSO-0001,DIS-00113,Humbleton,exit,Distribution,UK,0.0008
2026-05,UK-TSO-0001,DIS-00114,Hume,exit,Distribution,UK,0.0148
2026-05,UK-TSO-0001,DIS-00115,Ilchester,exit,Distribution,UK,0.2277
2026-05,UK-TSO-0001,DIS-00117,Ipsden 2,exit,Distribution,UK,0.0034
2026-05,UK-TSO-0001,DIS-00116,Ipsden,exit,Distribution,UK,0.1149
2026-05,UK-TSO-0001,DIS-00118,Keld,exit,Distribution,UK,0.0008
2026-05,UK-TSO-0001,DIS-00119,Kenn,exit,Distribution,UK,0.2705
2026-05,UK-TSO-0001,DIS-00120,Kinknockie,exit,Distribution,UK,0.0162
2026-05,UK-TSO-0001,DIS-00121,Kirkstead,exit,Distribution,UK,0.006
2026-05,UK-TSO-0001,DIS-00122,Langholm,exit,Distribution,UK,0.0008
2026-05,UK-TSO-0001,DIS-00123,Leamington,exit,Distribution,UK,0.0
2026-05,UK-TSO-0001,DIS-00124,Little Burdon,exit,Distribution,UK,0.0898
2026-05,UK-TSO-0001,DIS-00125,Littleton Drew,exit,Distribution,UK,0.0021
2026-05,UK-TSO-0001,DIS-00126,Lockerbie,exit,Distribution,UK,0.0517
2026-05,UK-TSO-0001,DIS-00127,Lower Quinton,exit,Distribution,UK,0.0006
2026-05,UK-TSO-0001,DIS-00128,Lupton,exit,Distribution,UK,0.2734
2026-05,UK-TSO-0001,DIS-00129,Luxborough Lane,exit,Distribution,UK,0.0113
2026-05,UK-TSO-0001,DIS-00130,Lyneham (Choakford),exit,Distribution,UK,0.0246
2026-05,UK-TSO-0001,DIS-00131,Maelor,exit,Distribution,UK,0.3657
2026-05,UK-TSO-0001,DIS-00132,Malpas,exit,Distribution,UK,0.0035
2026-05,UK-TSO-0001,DIS-00133,Mappowder,exit,Distribution,UK,0.3059
2026-05,UK-TSO-0001,DIS-00134,Market Harborough,exit,Distribution,UK,0.0001
2026-05,UK-TSO-0001,DIS-00135,Matching Green,exit,Distribution,UK,0.9401
2026-05,UK-TSO-0001,DIS-00136,Melkinthorpe,exit,Distribution,UK,0.0439
2026-05,UK-TSO-0001,DIS-00137,Mickle Trafford,exit,Distribution,UK,0.0183
2026-05,UK-TSO-0001,DIS-00138,Milwich,exit,Distribution,UK,0.0
2026-05,UK-TSO-0001,DIS-00139,Netherhowcleugh,exit,Distribution,UK,0.0013
2026-05,UK-TSO-0001,DIS-00140,Pannal,exit,Distribution,UK,0.9344
2026-05,UK-TSO-0001,DIS-00141,Partington,exit,Distribution,UK,0.0025
2026-05,UK-TSO-0001,DIS-00142,Paull,exit,Distribution,UK,0.2098
2026-05,UK-TSO-0001,DIS-00143,Peterborough Eye (Tee),exit,Distribution,UK,0.1319
2026-05,UK-TSO-0001,DIS-00144,Peters Green,exit,Distribution,UK,1.2041
2026-05,UK-TSO-0001,DIS-00145,Peters Green South Mimms,exit,Distribution,UK,1.1456
2026-05,UK-TSO-0001,DIS-00146,Pickering,exit,Distribution,UK,0.0267
2026-05,UK-TSO-0001,DIS-00147,Pitcairngreen,exit,Distribution,UK,0.0242
2026-05,UK-TSO-0001,FNC-00012,Power Stations (UK),exit,Final Consumers,UK,8.6995
2026-05,UK-TSO-0001,DIS-00148,Pucklechurch,exit,Distribution,UK,0.0421
2026-05,UK-TSO-0001,DIS-00149,Rawcliffe,exit,Distribution,UK,0.0362
2026-05,UK-TSO-0001,DIS-00150,Ross (SW),exit,Distribution,UK,0.0292
2026-05,UK-TSO-0001,DIS-00151,Ross (WM),exit,Distribution,UK,0.143
2026-05,UK-TSO-0001,DIS-00152,Roudham Heath,exit,Distribution,UK,0.1238
2026-05,UK-TSO-0001,UGS-00235,Rough,exit,Storage,UK,0.0
2026-05,UK-TSO-0001,DIS-00153,Royston,exit,Distribution,UK,0.0151
2026-05,UK-TSO-0001,DIS-00154,Rugby,exit,Distribution,UK,1.1904
2026-05,UK-TSO-0001,DIS-00155,Saltwick Pressure Controlled,exit,Distribution,UK,0.2873
2026-05,UK-TSO-0001,DIS-00156,Saltwick Volumetric Controlled,exit,Distribution,UK,0.0
2026-05,UK-TSO-0001,DIS-00157,Samlesbury,exit,Distribution,UK,0.1755
2026-05,UK-TSO-0001,DIS-00158,Seabank (DN),exit,Distribution,UK,0.2889
2026-05,UK-TSO-0001,DIS-00159,Shorne,exit,Distribution,UK,0.0021
2026-05,UK-TSO-0001,DIS-00161,Silk Willoughby,exit,Distribution,UK,0.0144
2026-05,UK-TSO-0001,DIS-00162,Soutra,exit,Distribution,UK,0.0454
2026-05,UK-TSO-0001,DIS-00163,St Fergus,exit,Distribution,UK,0.0087
2026-05,UK-TSO-0001,DIS-00165,Stratford-upon-Avon,exit,Distribution,UK,0.0314
2026-05,UK-TSO-0001,DIS-00166,Sutton Bridge,exit,Distribution,UK,0.006
2026-05,UK-TSO-0001,DIS-00167,Tatsfield,exit,Distribution,UK,0.5588
2026-05,UK-TSO-0001,DIS-00168,Thornton Curtis,exit,Distribution,UK,1.094
2026-05,UK-TSO-0001,DIS-00169,Thrintoft,exit,Distribution,UK,0.0344
2026-05,UK-TSO-0001,DIS-00170,Towlaw,exit,Distribution,UK,0.0028
2026-05,UK-TSO-0001,DIS-00171,Towton,exit,Distribution,UK,0.2032
2026-05,UK-TSO-0001,DIS-00172,Tur Langton,exit,Distribution,UK,0.333
2026-05,UK-TSO-0001,DIS-00173,Walesby,exit,Distribution,UK,0.0076
2026-05,UK-TSO-0001,DIS-00174,Warburton,exit,Distribution,UK,1.6194
2026-05,UK-TSO-0001,DIS-00176,Weston Point,exit,Distribution,UK,0.0016
2026-05,UK-TSO-0001,DIS-00175,West Winch,exit,Distribution,UK,0.0623
2026-05,UK-TSO-0001,DIS-00177,Wetheral,exit,Distribution,UK,0.1597
2026-05,UK-TSO-0001,DIS-00178,Whitwell,exit,Distribution,UK,0.2763
2026-05,UK-TSO-0001,DIS-00179,Winkfield (NT),exit,Distribution,UK,0.0001
2026-05,UK-TSO-0001,DIS-00180,Winkfield (SE),exit,Distribution,UK,0.3134
2026-05,UK-TSO-0001,DIS-00181,Winkfield (SO),exit,Distribution,UK,0.0108
2026-05,UK-TSO-0001,DIS-00182,Yelverton,exit,Distribution,UK,0.0019
2026-05,UK-TSO-0001,FNC-00011,Industrial Offtakes (UK),exit,Final Consumers,UK,0.8288
2026-05,UK-TSO-0001,DIS-00160,Shustoke,exit,Distribution,UK,0.0
2026-05,FR-TSO-0003,UGS-00288,Sud-Est / SALINE,entry,Storage,FR,0.0382
2026-05,UK-TSO-0001,ITP-00284,Theddlethorpe,entry,Production,UK,0.0
2026-05,FR-TSO-0003,UGS-00284,Nord-Ouest / SEDIANE,entry,Storage,FR,0.0373
2026-06,UK-TSO-0002,DIS-00015,Greater Belfast,exit,Distribution,UK,0.1694
2026-06,UK-TSO-0002,ITP-00298,Carrickfergus,exit,Transmission,UK,0.6403
2026-06,UK-TSO-0002,ITP-00077,Twynholm,entry,Transmission,UK,1.0977
2026-06,UK-TSO-0002,DIS-00017,PTL Stranraer,exit,Distribution,UK,0.0101
2026-06,PT-TSO-0001,UGS-00010,Carriço,entry,Storage,PT,0.0
2026-06,PT-TSO-0001,UGS-00010,Carriço,exit,Storage,PT,0.3651
2026-06,PT-TSO-0001,FNC-00001,Final Consumers (PT),exit,Final Consumers,PT,1.6172
2026-06,PT-TSO-0001,DIS-00001,Distribution (PT),exit,Distribution,PT,1.4254
2026-06,PT-TSO-0001,LNG-00026,Sines,entry,LNG Terminals,PT,5.5121
2026-06,PT-TSO-0001,ITP-00286,VIP IBERICO,entry,Transmission,ES,0.0743
2026-06,PT-TSO-0001,ITP-00286,VIP IBERICO,exit,Transmission,ES,2.202
2026-06,UK-TSO-0004,ITP-00207,Bacton (BBL),entry,Transmission,UK,4.1641
2026-06,UK-TSO-0004,ITP-00207,Bacton (BBL),exit,Transmission,UK,0.0
2026-06,FR-TSO-0002,FNC-00015,TEREGA Delivery Pool - Industrials (FR),exit,Final Consumers,FR,0.2672
2026-06,FR-TSO-0002,DIS-00188,TEREGA Delivery Pool - Distribution (FR),exit,Distribution,FR,0.4121
2026-06,FR-TSO-0002,UGS-00017,Lussagnet,entry,Storage,FR,1.7398
2026-06,FR-TSO-0002,UGS-00017,Lussagnet,exit,Storage,FR,2.6888
2026-06,FR-TSO-0002,ITP-00304,VIP PIRINEOS,entry,Transmission,ES,0.2844
2026-06,FR-TSO-0002,ITP-00304,VIP PIRINEOS,exit,Transmission,ES,0.3843
2026-06,FR-TSO-0002,PRD-00330,TEREGA Biomethane Production Pool,entry,Production,FR,0.0304
2026-06,UK-TSO-0003,ITP-00061,Zeebrugge IZT,entry,Transmission,BE,0.0
2026-06,UK-TSO-0003,ITP-00061,Zeebrugge IZT,exit,Transmission,BE,10.3884
2026-06,UK-TSO-0003,ITP-00005,Bacton (IUK),entry,Transmission,UK,10.3491
2026-06,UK-TSO-0003,ITP-00005,Bacton (IUK),exit,Transmission,UK,0.0
2026-06,IT-TSO-0001,FNC-00006,Thermal Plants (IT),exit,Final Consumers,IT,18.3891
2026-06,IT-TSO-0001,ITP-00288,SRG Delivery to other transmission networks,exit,Transmission,IT,0.7789
2026-06,IT-TSO-0001,PRD-00154,IT - Indigenous Production,entry,Production,IT,2.4766
2026-06,IT-TSO-0001,FNC-00005,Industrial Consumers (IT),exit,Final Consumers,IT,9.808
2026-06,IT-TSO-0001,DIS-00005,Distribution (IT),exit,Distribution,IT,9.4298
2026-06,IT-TSO-0001,ITP-00040,Tarvisio (IT) / Arnoldstein (AT),entry,Transmission,AT,1.4111
2026-06,IT-TSO-0001,ITP-00040,Tarvisio (IT) / Arnoldstein (AT),exit,Transmission,AT,0.2141
2026-06,IT-TSO-0001,LNG-00019,PANIGAGLIA TERMINAL,entry,LNG Terminals,IT,0.7703
2026-06,IT-TSO-0001,ITP-00049,Gorizia (IT) /Šempeter (SI),entry,Transmission,SI,0.015
2026-06,IT-TSO-0001,ITP-00049,Gorizia (IT) /Šempeter (SI),exit,Transmission,SI,0.0171
2026-06,IT-TSO-0001,ITP-00093,Mazara del Vallo,entry,Transmission,DZ,19.2009
2026-06,IT-TSO-0001,LNG-00015,Cavarzere (Porto Levante / Adriatic LNG),entry,LNG Terminals,IT,6.718
2026-06,IT-TSO-0001,ITP-00074,Gela,entry,Transmission,LY,0.2945
2026-06,IT-TSO-0001,ITP-00136,Griespass (CH) / Passo Gries (IT),entry,Transmission,CH,7.7898
2026-06,IT-TSO-0001,ITP-00136,Griespass (CH) / Passo Gries (IT),exit,Transmission,CH,0.0
2026-06,IT-TSO-0001,UGS-00023,UGS - IT - Snam Rete Gas/Stogit Adriatica,entry,Storage,IT,0.0
2026-06,IT-TSO-0001,UGS-00008,UGS - IT - Snam Rete Gas/STOGIT,entry,Storage,IT,0.0
2026-06,IT-TSO-0001,UGS-00023,UGS - IT - Snam Rete Gas/Stogit Adriatica,exit,Storage,IT,1.5609
2026-06,IT-TSO-0001,UGS-00008,UGS - IT - Snam Rete Gas/STOGIT,exit,Storage,IT,15.0776
2026-06,IT-TSO-0001,LNG-00004,OLT LNG / Livorno,entry,LNG Terminals,IT,4.1905
2026-06,IT-TSO-0001,ITP-00283,Rep. San Marino,exit,Transmission,SM,0.0172
2026-06,IT-TSO-0001,ITP-00278,Bizzarone,exit,Transmission,CH,0.0354
2026-06,IT-TSO-0001,ITP-00008,Melendugno - IT / TAP,entry,Transmission,AL,8.7908
2026-06,IT-TSO-0001,ITP-00008,Melendugno - IT / TAP,exit,Transmission,AL,0.0
2026-06,IT-TSO-0001,UGS-00475,Italgasstorage (IT),entry,Storage,IT,0.0
2026-06,IT-TSO-0001,UGS-00475,Italgasstorage (IT),exit,Storage,IT,0.6437
2026-06,IT-TSO-0001,LNG-00082,RAVENNA TERMINAL,entry,LNG Terminals,IT,0.9975
2026-06,IT-TSO-0001,LNG-00069,PIOMBINO TERMINAL,entry,LNG Terminals,IT,3.768
2026-06,ES-TSO-0006,FNC-00043,Aggregated Distribution + Final Customers Exits (ES),exit,Final Consumers,ES,15.6897
2026-06,ES-TSO-0006,PRD-00231,Aggregated Production Sites (ES),entry,Production,ES,0.0229
2026-06,ES-TSO-0006,ITP-00082,Tarifa,exit,Transmission,MA,0.8558
2026-06,ES-TSO-0006,LNG-00012,Barcelona,entry,LNG Terminals,ES,2.0145
2026-06,ES-TSO-0006,LNG-00022,Cartagena,entry,LNG Terminals,ES,2.1682
2026-06,ES-TSO-0006,LNG-00018,Huelva,entry,LNG Terminals,ES,1.8109
2026-06,ES-TSO-0006,LNG-00021,Mugardos,entry,LNG Terminals,ES,1.8365
2026-06,ES-TSO-0006,LNG-00023,Sagunto,entry,LNG Terminals,ES,1.4962
2026-06,ES-TSO-0006,LNG-00013,Bilbao,entry,LNG Terminals,ES,2.2024
2026-06,ES-TSO-0006,LNG-00016,Musel,entry,LNG Terminals,ES,0.9546
2026-06,ES-TSO-0006,ITP-00048,Almería,entry,Transmission,DZ,10.1144
2026-06,ES-TSO-0006,ITP-00286,VIP IBERICO,entry,Transmission,PT,2.2152
2026-06,ES-TSO-0006,ITP-00286,VIP IBERICO,exit,Transmission,PT,0.0757
2026-06,ES-TSO-0006,ITP-00304,VIP PIRINEOS,entry,Transmission,FR,0.392
2026-06,ES-TSO-0006,ITP-00304,VIP PIRINEOS,exit,Transmission,FR,0.2903
2026-06,ES-TSO-0006,UGS-00024,BASIC UGS - AASS Unificado,entry,Storage,ES,0.0
2026-06,ES-TSO-0006,UGS-00024,BASIC UGS - AASS Unificado,exit,Storage,ES,1.2451
2026-06,ES-TSO-0006,VTP-00043,TVB,entry,LNG Terminals,ES,12.5537
2026-06,FR-TSO-0003,LNG-00029,Fos (Tonkin/Cavaou),entry,LNG Terminals,FR,2.996
2026-06,FR-TSO-0003,ITP-00115,Blaregnies L (BE) / Taisnières B (FR),entry,Transmission,BE,1.7048
2026-06,FR-TSO-0003,LNG-00024,Montoir de Bretagne,entry,LNG Terminals,FR,5.6504
2026-06,FR-TSO-0003,ITP-00039,Oltingue (FR) / Rodersdorf (CH),exit,Transmission,CH,6.7432
2026-06,FR-TSO-0003,ITP-00137,Obergailbach (FR) / Medelsheim (DE),entry,Transmission,DE,0.0375
2026-06,FR-TSO-0003,ITP-00045,Dunkerque,entry,Transmission,NO,15.5673
2026-06,FR-TSO-0003,LNG-00003,Dunkerque LNG / PEG North,entry,,,7.0582
2026-06,FR-TSO-0003,UGS-00285,Nord-B / SEDIANE B,exit,Storage,FR,1.401
2026-06,FR-TSO-0003,UGS-00284,Nord-Ouest / SEDIANE,exit,Storage,FR,0.423
2026-06,FR-TSO-0003,UGS-00286,Nord-Est / SERENE Nord,exit,Storage,FR,1.5812
2026-06,FR-TSO-0003,UGS-00288,Sud-Est / SALINE,exit,Storage,FR,0.4901
2026-06,FR-TSO-0003,ITP-00526,VIRTUALYS,exit,Transmission,BE,4.2641
2026-06,FR-TSO-0003,DIS-00197,GRTgaz aggregated distribution consumers,exit,Distribution,FR,5.1415
2026-06,FR-TSO-0003,PRD-00331,GRTgaz aggregated producers (FR),entry,Production,FR,0.2158
2026-06,FR-TSO-0003,FNC-00201,GRTgaz aggregated industrial consumers,exit,Final Consumers,FR,8.0151
2026-06,FR-TSO-0003,ITP-00541,Atlantique,exit,Storage,FR,4.5295
2026-06,FR-TSO-0003,LNG-00071,Le Havre (FR),entry,LNG Terminals,FR,0.0
2026-06,UK-TSO-0001,PRD-00152,Burton Point,entry,Production,UK,0.0
2026-06,UK-TSO-0001,PRD-00151,Barrow,entry,Production,UK,0.0
2026-06,UK-TSO-0001,LNG-00008,Isle of Grain,entry,LNG Terminals,UK,0.4463
2026-06,UK-TSO-0001,ITP-00022,St. Fergus,entry,Transmission,NO,14.1936
2026-06,UK-TSO-0001,ITP-00090,Moffat,exit,Transmission,UK,4.3107
2026-06,UK-TSO-0001,ITP-00005,Bacton (IUK),exit,Transmission,UK,10.3491
2026-06,UK-TSO-0001,UGS-00279,Aldbrough,entry,Storage,UK,0.8212
2026-06,UK-TSO-0001,UGS-00281,Hole House Farm,entry,,,0.0
2026-06,UK-TSO-0001,PRD-00156,Bacton (UKCS),entry,Production,UK,5.0637
2026-06,UK-TSO-0001,DIS-00063,Aberdeen,exit,Distribution,UK,0.1801
2026-06,UK-TSO-0001,DIS-00066,Armadale,exit,Distribution,UK,0.1192
2026-06,UK-TSO-0001,DIS-00067,Aspley,exit,Distribution,UK,0.0935
2026-06,UK-TSO-0001,DIS-00070,Audley (WM),exit,Distribution,UK,0.0003
2026-06,UK-TSO-0001,DIS-00071,Austrey,exit,Distribution,UK,0.0
2026-06,UK-TSO-0001,UGS-00275,Humbly Grove,exit,Storage,UK,0.0136
2026-06,UK-TSO-0001,DIS-00073,Bacton,exit,Distribution,UK,0.0094
2026-06,UK-TSO-0001,UGS-00279,Aldbrough,exit,Storage,UK,0.4648
2026-06,UK-TSO-0001,DIS-00076,Bathgate,exit,Distribution,UK,0.0925
2026-06,UK-TSO-0001,DIS-00079,Blackrod,exit,Distribution,UK,0.0128
2026-06,UK-TSO-0001,DIS-00081,Braishfield A,exit,Distribution,UK,0.1785
2026-06,UK-TSO-0001,DIS-00082,Braishfield B,exit,Distribution,UK,0.4793
2026-06,UK-TSO-0001,DIS-00085,Burley Bank,exit,Distribution,UK,0.1004
2026-06,UK-TSO-0001,DIS-00183,Burnhervie,exit,Distribution,UK,0.0
2026-06,UK-TSO-0001,UGS-00216,Stublach,exit,Storage,UK,0.8223
2026-06,UK-TSO-0001,DIS-00089,Coffinswell,exit,Distribution,UK,0.0234
2026-06,UK-TSO-0001,DIS-00090,Coldstream,exit,Distribution,UK,0.0043
2026-06,UK-TSO-0001,DIS-00093,Dowlais,exit,Distribution,UK,0.3634
2026-06,UK-TSO-0001,DIS-00094,Drointon,exit,Distribution,UK,0.7288
2026-06,UK-TSO-0001,DIS-00097,Easton Grey,exit,Distribution,UK,0.0
2026-06,UK-TSO-0001,DIS-00098,Ecclestone,exit,Distribution,UK,0.14
2026-06,UK-TSO-0001,DIS-00101,Farningham,exit,Distribution,UK,0.6475
2026-06,UK-TSO-0001,DIS-00102,Farningham B,exit,Distribution,UK,0.0
2026-06,UK-TSO-0001,DIS-00105,Gilwern,exit,Distribution,UK,0.6081
2026-06,UK-TSO-0001,DIS-00106,Glenmavis,exit,Distribution,UK,0.8932
2026-06,UK-TSO-0001,DIS-00109,Guyzance,exit,Distribution,UK,0.0058
2026-06,UK-TSO-0001,DIS-00110,Hardwick,exit,Distribution,UK,0.5478
2026-06,UK-TSO-0001,UGS-00281,Hole House Farm,exit,,,0.0
2026-06,UK-TSO-0001,UGS-00181,Holford,exit,Storage,UK,0.0059
2026-06,UK-TSO-0001,UGS-00409,Hornsea Max Refill,exit,Storage,UK,0.6284
2026-06,UK-TSO-0001,DIS-00113,Humbleton,exit,Distribution,UK,0.0004
2026-06,UK-TSO-0001,FNC-00011,Industrial Offtakes (UK),exit,Final Consumers,UK,0.7665
2026-06,UK-TSO-0001,DIS-00117,Ipsden 2,exit,Distribution,UK,0.0059
2026-06,UK-TSO-0001,DIS-00119,Kenn,exit,Distribution,UK,0.2217
2026-06,UK-TSO-0001,DIS-00120,Kinknockie,exit,Distribution,UK,0.0096
2026-06,UK-TSO-0001,DIS-00123,Leamington,exit,Distribution,UK,0.0
2026-06,UK-TSO-0001,DIS-00124,Little Burdon,exit,Distribution,UK,0.0076
2026-06,UK-TSO-0001,DIS-00127,Lower Quinton,exit,Distribution,UK,0.0001
2026-06,UK-TSO-0001,DIS-00128,Lupton,exit,Distribution,UK,0.1678
2026-06,UK-TSO-0001,DIS-00131,Maelor,exit,Distribution,UK,0.2781
2026-06,UK-TSO-0001,DIS-00133,Mappowder,exit,Distribution,UK,0.2632
2026-06,UK-TSO-0001,DIS-00134,Market Harborough,exit,Distribution,UK,0.0
2026-06,UK-TSO-0001,DIS-00136,Melkinthorpe,exit,Distribution,UK,0.0397
2026-06,UK-TSO-0001,DIS-00139,Netherhowcleugh,exit,Distribution,UK,0.0007
2026-06,UK-TSO-0001,DIS-00140,Pannal,exit,Distribution,UK,0.8165
2026-06,UK-TSO-0001,DIS-00143,Peterborough Eye (Tee),exit,Distribution,UK,0.0823
2026-06,UK-TSO-0001,DIS-00145,Peters Green South Mimms,exit,Distribution,UK,0.0217
2026-06,UK-TSO-0001,LNG-00049,Milford Haven,entry,LNG Terminals,UK,1.792
2026-06,UK-TSO-0001,ITP-00091,Easington,entry,Transmission,NO,16.3646
2026-06,UK-TSO-0001,UGS-00282,Hornsea,entry,Storage,UK,0.0363
2026-06,UK-TSO-0001,LNG-00007,Teesside,entry,Production,UK,8.1907
2026-06,UK-TSO-0001,ITP-00207,Bacton (BBL),exit,Transmission,NL,4.3159
2026-06,UK-TSO-0001,UGS-00277,Cheshire Storage,entry,Storage,UK,1.4331
2026-06,UK-TSO-0001,UGS-00280,Hatfield Moor Storage,entry,Storage,UK,0.0
2026-06,UK-TSO-0001,UGS-00275,Humbly Grove,entry,Storage,UK,0.0
2026-06,UK-TSO-0001,ITP-00492,Bacton IPs,entry,Transmission,UK,0.0
2026-06,UK-TSO-0001,DIS-00064,Alrewas (EM),exit,Distribution,UK,0.0668
2026-06,UK-TSO-0001,DIS-00065,Alrewas (WM),exit,Distribution,UK,0.0
2026-06,UK-TSO-0001,DIS-00068,Asselby,exit,Distribution,UK,0.0172
2026-06,UK-TSO-0001,DIS-00069,Audley (NW),exit,Distribution,UK,0.0504
2026-06,UK-TSO-0001,DIS-00072,Aylesbeare,exit,Distribution,UK,0.0587
2026-06,UK-TSO-0001,DIS-00074,Baldersby,exit,Distribution,UK,0.007
2026-06,UK-TSO-0001,DIS-00075,Balgray,exit,Distribution,UK,0.0615
2026-06,UK-TSO-0001,DIS-00077,Bishop Auckland,exit,Distribution,UK,0.0129
2026-06,UK-TSO-0001,DIS-00078,Blaby,exit,Distribution,UK,0.1468
2026-06,UK-TSO-0001,DIS-00080,Blyborough,exit,Distribution,UK,0.0001
2026-06,UK-TSO-0001,DIS-00083,Brisley,exit,Distribution,UK,0.0272
2026-06,UK-TSO-0001,DIS-00084,Broxburn,exit,Distribution,UK,0.207
2026-06,UK-TSO-0001,DIS-00086,Caldecott,exit,Distribution,UK,0.0018
2026-06,UK-TSO-0001,DIS-00087,Careston,exit,Distribution,UK,0.0147
2026-06,UK-TSO-0001,DIS-00088,Cirencester,exit,Distribution,UK,0.0129
2026-06,UK-TSO-0001,DIS-00091,Corbridge,exit,Distribution,UK,0.0001
2026-06,UK-TSO-0001,DIS-00092,Cowpen Bewley,exit,Distribution,UK,0.2408
2026-06,UK-TSO-0001,DIS-00095,Drum,exit,Distribution,UK,0.0
2026-06,UK-TSO-0001,DIS-00096,Dyffryn Clydach,exit,Distribution,UK,0.1501
2026-06,UK-TSO-0001,DIS-00099,Elton,exit,Distribution,UK,0.2414
2026-06,UK-TSO-0001,DIS-00100,Evesham,exit,Distribution,UK,0.0122
2026-06,UK-TSO-0001,DIS-00103,Fiddington,exit,Distribution,UK,0.1424
2026-06,UK-TSO-0001,DIS-00104,Ganstead,exit,Distribution,UK,0.0544
2026-06,UK-TSO-0001,DIS-00107,Gosberton,exit,Distribution,UK,0.0013
2026-06,UK-TSO-0001,DIS-00108,Great Wilbraham,exit,Distribution,UK,0.0854
2026-06,UK-TSO-0001,UGS-00408,Hatfield Moor Max Refill,exit,Storage,UK,0.0001
2026-06,UK-TSO-0001,UGS-00182,Hill Top Farm,exit,Storage,UK,0.2352
2026-06,UK-TSO-0001,DIS-00111,Holmes Chapel,exit,Distribution,UK,0.1319
2026-06,UK-TSO-0001,DIS-00112,Horndon,exit,Distribution,UK,0.0085
2026-06,UK-TSO-0001,DIS-00114,Hume,exit,Distribution,UK,0.0113
2026-06,UK-TSO-0001,DIS-00115,Ilchester,exit,Distribution,UK,0.1314
2026-06,UK-TSO-0001,DIS-00116,Ipsden,exit,Distribution,UK,0.001
2026-06,UK-TSO-0001,DIS-00118,Keld,exit,Distribution,UK,0.0
2026-06,UK-TSO-0001,DIS-00121,Kirkstead,exit,Distribution,UK,0.0032
2026-06,UK-TSO-0001,DIS-00122,Langholm,exit,Distribution,UK,0.0
2026-06,UK-TSO-0001,DIS-00125,Littleton Drew,exit,Distribution,UK,0.0
2026-06,UK-TSO-0001,DIS-00126,Lockerbie,exit,Distribution,UK,0.0396
2026-06,UK-TSO-0001,DIS-00129,Luxborough Lane,exit,Distribution,UK,0.0025
2026-06,UK-TSO-0001,DIS-00130,Lyneham (Choakford),exit,Distribution,UK,0.0
2026-06,UK-TSO-0001,DIS-00132,Malpas,exit,Distribution,UK,0.0018
2026-06,UK-TSO-0001,DIS-00135,Matching Green,exit,Distribution,UK,0.4858
2026-06,UK-TSO-0001,DIS-00137,Mickle Trafford,exit,Distribution,UK,0.0175
2026-06,UK-TSO-0001,DIS-00138,Milwich,exit,Distribution,UK,0.0014
2026-06,UK-TSO-0001,DIS-00141,Partington,exit,Distribution,UK,0.0015
2026-06,UK-TSO-0001,DIS-00142,Paull,exit,Distribution,UK,0.1731
2026-06,UK-TSO-0001,DIS-00144,Peters Green,exit,Distribution,UK,1.5857
2026-06,UK-TSO-0001,DIS-00146,Pickering,exit,Distribution,UK,0.0812
2026-06,UK-TSO-0001,DIS-00148,Pucklechurch,exit,Distribution,UK,0.0519
2026-06,UK-TSO-0001,DIS-00149,Rawcliffe,exit,Distribution,UK,0.029
2026-06,UK-TSO-0001,DIS-00152,Roudham Heath,exit,Distribution,UK,0.2191
2026-06,UK-TSO-0001,UGS-00235,Rough,exit,Storage,UK,0.0
2026-06,UK-TSO-0001,DIS-00155,Saltwick Pressure Controlled,exit,Distribution,UK,0.2692
2026-06,UK-TSO-0001,DIS-00156,Saltwick Volumetric Controlled,exit,Distribution,UK,0.0
2026-06,UK-TSO-0001,DIS-00159,Shorne,exit,Distribution,UK,0.004
2026-06,UK-TSO-0001,DIS-00163,St Fergus,exit,Distribution,UK,0.0053
2026-06,UK-TSO-0001,DIS-00165,Stratford-upon-Avon,exit,Distribution,UK,0.0
2026-06,UK-TSO-0001,DIS-00168,Thornton Curtis,exit,Distribution,UK,0.8749
2026-06,UK-TSO-0001,DIS-00169,Thrintoft,exit,Distribution,UK,0.0257
2026-06,UK-TSO-0001,DIS-00172,Tur Langton,exit,Distribution,UK,0.0058
2026-06,UK-TSO-0001,DIS-00173,Walesby,exit,Distribution,UK,0.0043
2026-06,UK-TSO-0001,DIS-00175,West Winch,exit,Distribution,UK,0.0466
2026-06,UK-TSO-0001,DIS-00177,Wetheral,exit,Distribution,UK,0.1256
2026-06,UK-TSO-0001,DIS-00180,Winkfield (SE),exit,Distribution,UK,0.216
2026-06,UK-TSO-0001,DIS-00181,Winkfield (SO),exit,Distribution,UK,0.0001
2026-06,UK-TSO-0001,DIS-00147,Pitcairngreen,exit,Distribution,UK,0.0191
2026-06,UK-TSO-0001,FNC-00012,Power Stations (UK),exit,Final Consumers,UK,10.0345
2026-06,UK-TSO-0001,DIS-00150,Ross (SW),exit,Distribution,UK,0.0221
2026-06,UK-TSO-0001,DIS-00151,Ross (WM),exit,Distribution,UK,0.1288
2026-06,UK-TSO-0001,DIS-00153,Royston,exit,Distribution,UK,0.0143
2026-06,UK-TSO-0001,DIS-00154,Rugby,exit,Distribution,UK,1.1687
2026-06,UK-TSO-0001,DIS-00157,Samlesbury,exit,Distribution,UK,0.0043
2026-06,UK-TSO-0001,DIS-00158,Seabank (DN),exit,Distribution,UK,0.1894
2026-06,UK-TSO-0001,DIS-00161,Silk Willoughby,exit,Distribution,UK,0.0105
2026-06,UK-TSO-0001,DIS-00162,Soutra,exit,Distribution,UK,0.0
2026-06,UK-TSO-0001,DIS-00166,Sutton Bridge,exit,Distribution,UK,0.0046
2026-06,UK-TSO-0001,DIS-00167,Tatsfield,exit,Distribution,UK,0.0002
2026-06,UK-TSO-0001,DIS-00170,Towlaw,exit,Distribution,UK,0.0018
2026-06,UK-TSO-0001,DIS-00171,Towton,exit,Distribution,UK,0.0006
2026-06,UK-TSO-0001,DIS-00174,Warburton,exit,Distribution,UK,1.798
2026-06,UK-TSO-0001,DIS-00176,Weston Point,exit,Distribution,UK,0.0017
2026-06,UK-TSO-0001,DIS-00178,Whitwell,exit,Distribution,UK,0.2957
2026-06,UK-TSO-0001,DIS-00179,Winkfield (NT),exit,Distribution,UK,0.0
2026-06,UK-TSO-0001,DIS-00182,Yelverton,exit,Distribution,UK,0.0
2026-06,FR-TSO-0003,UGS-00288,Sud-Est / SALINE,entry,Storage,FR,0.0
2026-06,UK-TSO-0001,DIS-00160,Shustoke,exit,Distribution,UK,0.0
2026-06,FR-TSO-0003,ITP-00526,VIRTUALYS,entry,Transmission,BE,0.0
2026-06,FR-TSO-0003,ITP-00137,Obergailbach (FR) / Medelsheim (DE),exit,Transmission,DE,0.0084
2026-06,FR-TSO-0003,LNG-00003,Dunkerque GNL,entry,,,1.1741
2026-07,UK-TSO-0002,DIS-00015,Greater Belfast,exit,Distribution,UK,0.1865
2026-07,UK-TSO-0002,ITP-00077,Twynholm,entry,Transmission,UK,1.0044
2026-07,UK-TSO-0002,DIS-00017,PTL Stranraer,exit,Distribution,UK,0.0087
2026-07,UK-TSO-0002,ITP-00298,Carrickfergus,exit,Transmission,UK,0.6219
2026-07,PT-TSO-0001,UGS-00010,Carriço,entry,Storage,PT,0.4699
2026-07,PT-TSO-0001,UGS-00010,Carriço,exit,Storage,PT,0.0643
2026-07,PT-TSO-0001,FNC-00001,Final Consumers (PT),exit,Final Consumers,PT,1.8334
2026-07,PT-TSO-0001,DIS-00001,Distribution (PT),exit,Distribution,PT,1.4315
2026-07,PT-TSO-0001,LNG-00026,Sines,entry,LNG Terminals,PT,4.5625
2026-07,PT-TSO-0001,ITP-00286,VIP IBERICO,entry,Transmission,ES,0.0
2026-07,PT-TSO-0001,ITP-00286,VIP IBERICO,exit,Transmission,ES,1.6954
2026-07,UK-TSO-0004,ITP-00207,Bacton (BBL),entry,Transmission,UK,5.4445
2026-07,UK-TSO-0004,ITP-00207,Bacton (BBL),exit,Transmission,UK,0.0
2026-07,FR-TSO-0002,FNC-00015,TEREGA Delivery Pool - Industrials (FR),exit,Final Consumers,FR,0.2549
2026-07,FR-TSO-0002,DIS-00188,TEREGA Delivery Pool - Distribution (FR),exit,Distribution,FR,0.3433
2026-07,FR-TSO-0002,ITP-00304,VIP PIRINEOS,entry,Transmission,ES,0.0004
2026-07,FR-TSO-0002,ITP-00304,VIP PIRINEOS,exit,Transmission,ES,1.3399
2026-07,FR-TSO-0002,UGS-00017,Lussagnet,entry,Storage,FR,2.5603
2026-07,FR-TSO-0002,UGS-00017,Lussagnet,exit,Storage,FR,1.8323
2026-07,FR-TSO-0002,PRD-00330,TEREGA Biomethane Production Pool,entry,Production,FR,0.03
2026-07,UK-TSO-0003,ITP-00061,Zeebrugge IZT,entry,Transmission,BE,0.0
2026-07,UK-TSO-0003,ITP-00061,Zeebrugge IZT,exit,Transmission,BE,11.7762
2026-07,UK-TSO-0003,ITP-00005,Bacton (IUK),entry,Transmission,UK,11.7809
2026-07,UK-TSO-0003,ITP-00005,Bacton (IUK),exit,Transmission,UK,0.0
2026-07,IT-TSO-0001,FNC-00006,Thermal Plants (IT),exit,Final Consumers,IT,24.8171
2026-07,IT-TSO-0001,ITP-00288,SRG Delivery to other transmission networks,exit,Transmission,IT,0.8101
2026-07,IT-TSO-0001,PRD-00154,IT - Indigenous Production,entry,Production,IT,2.6339
2026-07,IT-TSO-0001,FNC-00005,Industrial Consumers (IT),exit,Final Consumers,IT,9.848
2026-07,IT-TSO-0001,DIS-00005,Distribution (IT),exit,Distribution,IT,9.3417
2026-07,IT-TSO-0001,ITP-00040,Tarvisio (IT) / Arnoldstein (AT),entry,Transmission,AT,2.8778
2026-07,IT-TSO-0001,ITP-00040,Tarvisio (IT) / Arnoldstein (AT),exit,Transmission,AT,0.0
2026-07,IT-TSO-0001,LNG-00019,PANIGAGLIA TERMINAL,entry,LNG Terminals,IT,1.0866
2026-07,IT-TSO-0001,ITP-00049,Gorizia (IT) /Šempeter (SI),entry,Transmission,SI,0.2097
2026-07,IT-TSO-0001,ITP-00049,Gorizia (IT) /Šempeter (SI),exit,Transmission,SI,0.0
2026-07,IT-TSO-0001,ITP-00093,Mazara del Vallo,entry,Transmission,DZ,18.052
2026-07,IT-TSO-0001,LNG-00015,Cavarzere (Porto Levante / Adriatic LNG),entry,LNG Terminals,IT,6.7765
2026-07,IT-TSO-0001,ITP-00074,Gela,entry,Transmission,LY,0.2997
2026-07,IT-TSO-0001,ITP-00136,Griespass (CH) / Passo Gries (IT),entry,Transmission,CH,11.0382
2026-07,IT-TSO-0001,ITP-00136,Griespass (CH) / Passo Gries (IT),exit,Transmission,CH,0.0
2026-07,IT-TSO-0001,UGS-00023,UGS - IT - Snam Rete Gas/Stogit Adriatica,entry,Storage,IT,0.0
2026-07,IT-TSO-0001,UGS-00023,UGS - IT - Snam Rete Gas/Stogit Adriatica,exit,Storage,IT,1.5321
2026-07,IT-TSO-0001,UGS-00008,UGS - IT - Snam Rete Gas/STOGIT,entry,Storage,IT,0.0
2026-07,IT-TSO-0001,UGS-00008,UGS - IT - Snam Rete Gas/STOGIT,exit,Storage,IT,14.6977
2026-07,IT-TSO-0001,LNG-00004,OLT LNG / Livorno,entry,LNG Terminals,IT,4.0524
2026-07,IT-TSO-0001,ITP-00283,Rep. San Marino,exit,Transmission,SM,0.0166
2026-07,IT-TSO-0001,ITP-00278,Bizzarone,exit,Transmission,CH,0.033
2026-07,IT-TSO-0001,ITP-00008,Melendugno - IT / TAP,entry,Transmission,AL,9.3007
2026-07,IT-TSO-0001,ITP-00008,Melendugno - IT / TAP,exit,Transmission,AL,0.0
2026-07,IT-TSO-0001,UGS-00475,Italgasstorage (IT),entry,Storage,IT,0.0
2026-07,IT-TSO-0001,UGS-00475,Italgasstorage (IT),exit,Storage,IT,0.5082
2026-07,IT-TSO-0001,LNG-00082,RAVENNA TERMINAL,entry,LNG Terminals,IT,2.0561
2026-07,IT-TSO-0001,LNG-00069,PIOMBINO TERMINAL,entry,LNG Terminals,IT,3.9081
2026-07,ES-TSO-0006,FNC-00043,Aggregated Distribution + Final Customers Exits (ES),exit,Final Consumers,ES,13.4436
2026-07,ES-TSO-0006,PRD-00231,Aggregated Production Sites (ES),entry,Production,ES,0.0214
2026-07,ES-TSO-0006,ITP-00082,Tarifa,exit,Transmission,MA,0.9891
2026-07,ES-TSO-0006,LNG-00012,Barcelona,entry,LNG Terminals,ES,2.0357
2026-07,ES-TSO-0006,LNG-00022,Cartagena,entry,LNG Terminals,ES,1.4003
2026-07,ES-TSO-0006,LNG-00018,Huelva,entry,LNG Terminals,ES,2.1575
2026-07,ES-TSO-0006,LNG-00021,Mugardos,entry,LNG Terminals,ES,0.7201
2026-07,ES-TSO-0006,LNG-00023,Sagunto,entry,LNG Terminals,ES,1.4065
2026-07,ES-TSO-0006,LNG-00013,Bilbao,entry,LNG Terminals,ES,3.8068
2026-07,ES-TSO-0006,LNG-00016,Musel,entry,LNG Terminals,ES,0.97
2026-07,ES-TSO-0006,ITP-00048,Almería,entry,Transmission,DZ,10.2831
2026-07,ES-TSO-0006,ITP-00286,VIP IBERICO,entry,Transmission,PT,1.6929
2026-07,ES-TSO-0006,ITP-00286,VIP IBERICO,exit,Transmission,PT,0.0
2026-07,ES-TSO-0006,ITP-00304,VIP PIRINEOS,entry,Transmission,FR,1.3705
2026-07,ES-TSO-0006,ITP-00304,VIP PIRINEOS,exit,Transmission,FR,0.0004
2026-07,ES-TSO-0006,UGS-00024,BASIC UGS - AASS Unificado,entry,Storage,ES,0.601
2026-07,ES-TSO-0006,UGS-00024,BASIC UGS - AASS Unificado,exit,Storage,ES,0.0133
2026-07,ES-TSO-0006,VTP-00043,TVB,entry,LNG Terminals,ES,7.6
2026-07,FR-TSO-0003,LNG-00029,Fos (Tonkin/Cavaou),entry,LNG Terminals,FR,2.189
2026-07,FR-TSO-0003,ITP-00115,Blaregnies L (BE) / Taisnières B (FR),entry,Transmission,BE,1.6553
2026-07,FR-TSO-0003,LNG-00024,Montoir de Bretagne,entry,LNG Terminals,FR,2.3554
2026-07,FR-TSO-0003,ITP-00039,Oltingue (FR) / Rodersdorf (CH),exit,Transmission,CH,6.9483
2026-07,FR-TSO-0003,ITP-00137,Obergailbach (FR) / Medelsheim (DE),entry,Transmission,DE,0.0
2026-07,FR-TSO-0003,ITP-00045,Dunkerque,entry,Transmission,NO,16.5555
2026-07,FR-TSO-0003,LNG-00003,Dunkerque GNL,entry,,,5.5727
2026-07,FR-TSO-0003,UGS-00285,Nord-B / SEDIANE B,exit,Storage,FR,1.3892
2026-07,FR-TSO-0003,UGS-00284,Nord-Ouest / SEDIANE,exit,Storage,FR,0.9151
2026-07,FR-TSO-0003,UGS-00286,Nord-Est / SERENE Nord,exit,Storage,FR,2.3114
2026-07,FR-TSO-0003,UGS-00288,Sud-Est / SALINE,exit,Storage,FR,0.7767
2026-07,FR-TSO-0003,ITP-00526,VIRTUALYS,exit,Transmission,BE,0.5344
2026-07,FR-TSO-0003,DIS-00197,GRTgaz aggregated distribution consumers,exit,Distribution,FR,4.3303
2026-07,FR-TSO-0003,PRD-00331,GRTgaz aggregated producers (FR),entry,Production,FR,0.2238
2026-07,FR-TSO-0003,FNC-00201,GRTgaz aggregated industrial consumers,exit,Final Consumers,FR,8.6048
2026-07,FR-TSO-0003,ITP-00541,Atlantique,exit,Storage,FR,4.1029
2026-07,FR-TSO-0003,LNG-00071,Le Havre (FR),entry,LNG Terminals,FR,0.0
2026-07,UK-TSO-0001,LNG-00049,Milford Haven,entry,LNG Terminals,UK,1.8775
2026-07,UK-TSO-0001,PRD-00152,Burton Point,entry,Production,UK,0.0
2026-07,UK-TSO-0001,PRD-00151,Barrow,entry,Production,UK,0.3264
2026-07,UK-TSO-0001,ITP-00091,Easington,entry,Transmission,NO,19.4179
2026-07,UK-TSO-0001,UGS-00282,Hornsea,entry,Storage,UK,0.0
2026-07,UK-TSO-0001,LNG-00008,Isle of Grain,entry,LNG Terminals,UK,0.2449
2026-07,UK-TSO-0001,ITP-00022,St. Fergus,entry,Transmission,NO,15.8469
2026-07,UK-TSO-0001,LNG-00007,Teesside,entry,Production,UK,6.9228
2026-07,UK-TSO-0001,ITP-00090,Moffat,exit,Transmission,UK,4.4104
2026-07,UK-TSO-0001,ITP-00005,Bacton (IUK),exit,Transmission,UK,11.7809
2026-07,UK-TSO-0001,ITP-00207,Bacton (BBL),exit,Transmission,NL,5.4375
2026-07,UK-TSO-0001,UGS-00277,Cheshire Storage,entry,Storage,UK,0.4505
2026-07,UK-TSO-0001,UGS-00279,Aldbrough,entry,Storage,UK,0.1288
2026-07,UK-TSO-0001,UGS-00281,Hole House Farm,entry,,,0.0
2026-07,UK-TSO-0001,UGS-00280,Hatfield Moor Storage,entry,Storage,UK,0.0
2026-07,UK-TSO-0001,UGS-00275,Humbly Grove,entry,Storage,UK,0.0267
2026-07,UK-TSO-0001,ITP-00492,Bacton IPs,entry,Transmission,UK,0.0
2026-07,UK-TSO-0001,PRD-00156,Bacton (UKCS),entry,Production,UK,5.5974
2026-07,UK-TSO-0001,DIS-00063,Aberdeen,exit,Distribution,UK,0.1267
2026-07,UK-TSO-0001,DIS-00064,Alrewas (EM),exit,Distribution,UK,0.0
2026-07,UK-TSO-0001,DIS-00065,Alrewas (WM),exit,Distribution,UK,0.0
2026-07,UK-TSO-0001,DIS-00066,Armadale,exit,Distribution,UK,0.112
2026-07,UK-TSO-0001,DIS-00067,Aspley,exit,Distribution,UK,0.1199
2026-07,UK-TSO-0001,DIS-00068,Asselby,exit,Distribution,UK,0.0162
2026-07,UK-TSO-0001,DIS-00069,Audley (NW),exit,Distribution,UK,0.045
2026-07,UK-TSO-0001,DIS-00070,Audley (WM),exit,Distribution,UK,0.0
2026-07,UK-TSO-0001,DIS-00071,Austrey,exit,Distribution,UK,0.2662
2026-07,UK-TSO-0001,DIS-00072,Aylesbeare,exit,Distribution,UK,0.0464
2026-07,UK-TSO-0001,UGS-00275,Humbly Grove,exit,Storage,UK,0.0
2026-07,UK-TSO-0001,DIS-00073,Bacton,exit,Distribution,UK,0.0084
2026-07,UK-TSO-0001,DIS-00074,Baldersby,exit,Distribution,UK,0.0073
2026-07,UK-TSO-0001,DIS-00075,Balgray,exit,Distribution,UK,0.0501
2026-07,UK-TSO-0001,UGS-00279,Aldbrough,exit,Storage,UK,1.2779
2026-07,UK-TSO-0001,DIS-00076,Bathgate,exit,Distribution,UK,0.0746
2026-07,UK-TSO-0001,DIS-00077,Bishop Auckland,exit,Distribution,UK,0.0004
2026-07,UK-TSO-0001,DIS-00078,Blaby,exit,Distribution,UK,0.1589
2026-07,UK-TSO-0001,DIS-00079,Blackrod,exit,Distribution,UK,0.2337
2026-07,UK-TSO-0001,DIS-00080,Blyborough,exit,Distribution,UK,0.0
2026-07,UK-TSO-0001,DIS-00081,Braishfield A,exit,Distribution,UK,0.0808
2026-07,UK-TSO-0001,DIS-00082,Braishfield B,exit,Distribution,UK,0.3711
2026-07,UK-TSO-0001,DIS-00083,Brisley,exit,Distribution,UK,0.0271
2026-07,UK-TSO-0001,DIS-00084,Broxburn,exit,Distribution,UK,0.1733
2026-07,UK-TSO-0001,DIS-00085,Burley Bank,exit,Distribution,UK,0.103
2026-07,UK-TSO-0001,DIS-00183,Burnhervie,exit,Distribution,UK,0.0
2026-07,UK-TSO-0001,DIS-00086,Caldecott,exit,Distribution,UK,0.0523
2026-07,UK-TSO-0001,DIS-00087,Careston,exit,Distribution,UK,0.0083
2026-07,UK-TSO-0001,UGS-00216,Stublach,exit,Storage,UK,3.0053
2026-07,UK-TSO-0001,DIS-00088,Cirencester,exit,Distribution,UK,0.0111
2026-07,UK-TSO-0001,DIS-00089,Coffinswell,exit,Distribution,UK,0.018
2026-07,UK-TSO-0001,DIS-00090,Coldstream,exit,Distribution,UK,0.0036
2026-07,UK-TSO-0001,DIS-00091,Corbridge,exit,Distribution,UK,0.0
2026-07,UK-TSO-0001,DIS-00092,Cowpen Bewley,exit,Distribution,UK,0.2137
2026-07,UK-TSO-0001,DIS-00093,Dowlais,exit,Distribution,UK,0.3168
2026-07,UK-TSO-0001,DIS-00094,Drointon,exit,Distribution,UK,0.4813
2026-07,UK-TSO-0001,DIS-00095,Drum,exit,Distribution,UK,0.0
2026-07,UK-TSO-0001,DIS-00096,Dyffryn Clydach,exit,Distribution,UK,0.1239
2026-07,UK-TSO-0001,DIS-00097,Easton Grey,exit,Distribution,UK,0.0001
2026-07,UK-TSO-0001,DIS-00098,Ecclestone,exit,Distribution,UK,0.1481
2026-07,UK-TSO-0001,DIS-00099,Elton,exit,Distribution,UK,0.1728
2026-07,UK-TSO-0001,DIS-00100,Evesham,exit,Distribution,UK,0.0063
2026-07,UK-TSO-0001,DIS-00101,Farningham,exit,Distribution,UK,0.0697
2026-07,UK-TSO-0001,DIS-00102,Farningham B,exit,Distribution,UK,0.0
2026-07,UK-TSO-0001,DIS-00103,Fiddington,exit,Distribution,UK,0.1432
2026-07,UK-TSO-0001,DIS-00104,Ganstead,exit,Distribution,UK,0.1196
2026-07,UK-TSO-0001,DIS-00105,Gilwern,exit,Distribution,UK,0.4095
2026-07,UK-TSO-0001,DIS-00106,Glenmavis,exit,Distribution,UK,0.7061
2026-07,UK-TSO-0001,DIS-00107,Gosberton,exit,Distribution,UK,0.0001
2026-07,UK-TSO-0001,DIS-00108,Great Wilbraham,exit,Distribution,UK,0.0694
2026-07,UK-TSO-0001,DIS-00109,Guyzance,exit,Distribution,UK,0.0037
2026-07,UK-TSO-0001,DIS-00110,Hardwick,exit,Distribution,UK,0.4466
2026-07,UK-TSO-0001,UGS-00408,Hatfield Moor Max Refill,exit,Storage,UK,0.0
2026-07,UK-TSO-0001,UGS-00182,Hill Top Farm,exit,Storage,UK,0.5775
2026-07,UK-TSO-0001,UGS-00281,Hole House Farm,exit,,,0.0835
2026-07,UK-TSO-0001,UGS-00181,Holford,exit,Storage,UK,0.8105
2026-07,UK-TSO-0001,DIS-00111,Holmes Chapel,exit,Distribution,UK,0.1117
2026-07,UK-TSO-0001,DIS-00112,Horndon,exit,Distribution,UK,0.0
2026-07,UK-TSO-0001,UGS-00409,Hornsea Max Refill,exit,Storage,UK,0.4271
2026-07,UK-TSO-0001,DIS-00113,Humbleton,exit,Distribution,UK,0.0002
2026-07,UK-TSO-0001,DIS-00114,Hume,exit,Distribution,UK,0.0094
2026-07,UK-TSO-0001,DIS-00115,Ilchester,exit,Distribution,UK,0.1453
2026-07,UK-TSO-0001,FNC-00011,Industrial Offtakes (UK),exit,Final Consumers,UK,0.7262
2026-07,UK-TSO-0001,DIS-00117,Ipsden 2,exit,Distribution,UK,0.0125
2026-07,UK-TSO-0001,DIS-00116,Ipsden,exit,Distribution,UK,0.0168
2026-07,UK-TSO-0001,DIS-00118,Keld,exit,Distribution,UK,0.0
2026-07,UK-TSO-0001,DIS-00119,Kenn,exit,Distribution,UK,0.172
2026-07,UK-TSO-0001,DIS-00120,Kinknockie,exit,Distribution,UK,0.0078
2026-07,UK-TSO-0001,DIS-00121,Kirkstead,exit,Distribution,UK,0.0024
2026-07,UK-TSO-0001,DIS-00122,Langholm,exit,Distribution,UK,0.0
2026-07,UK-TSO-0001,DIS-00123,Leamington,exit,Distribution,UK,0.0001
2026-07,UK-TSO-0001,DIS-00124,Little Burdon,exit,Distribution,UK,0.0
2026-07,UK-TSO-0001,DIS-00125,Littleton Drew,exit,Distribution,UK,0.0
2026-07,UK-TSO-0001,DIS-00126,Lockerbie,exit,Distribution,UK,0.0372
2026-07,UK-TSO-0001,DIS-00127,Lower Quinton,exit,Distribution,UK,0.0011
2026-07,UK-TSO-0001,DIS-00128,Lupton,exit,Distribution,UK,0.1629
2026-07,UK-TSO-0001,DIS-00129,Luxborough Lane,exit,Distribution,UK,0.0017
2026-07,UK-TSO-0001,DIS-00130,Lyneham (Choakford),exit,Distribution,UK,0.0044
2026-07,UK-TSO-0001,DIS-00131,Maelor,exit,Distribution,UK,0.2594
2026-07,UK-TSO-0001,DIS-00132,Malpas,exit,Distribution,UK,0.0013
2026-07,UK-TSO-0001,DIS-00133,Mappowder,exit,Distribution,UK,0.2506
2026-07,UK-TSO-0001,DIS-00134,Market Harborough,exit,Distribution,UK,0.0
2026-07,UK-TSO-0001,DIS-00135,Matching Green,exit,Distribution,UK,0.0
2026-07,UK-TSO-0001,DIS-00136,Melkinthorpe,exit,Distribution,UK,0.0386
2026-07,UK-TSO-0001,DIS-00137,Mickle Trafford,exit,Distribution,UK,0.0073
2026-07,UK-TSO-0001,DIS-00138,Milwich,exit,Distribution,UK,0.0
2026-07,UK-TSO-0001,DIS-00139,Netherhowcleugh,exit,Distribution,UK,0.0005
2026-07,UK-TSO-0001,DIS-00140,Pannal,exit,Distribution,UK,0.6753
2026-07,UK-TSO-0001,DIS-00141,Partington,exit,Distribution,UK,0.0092
2026-07,UK-TSO-0001,DIS-00142,Paull,exit,Distribution,UK,0.0864
2026-07,UK-TSO-0001,DIS-00143,Peterborough Eye (Tee),exit,Distribution,UK,0.0673
2026-07,UK-TSO-0001,DIS-00144,Peters Green,exit,Distribution,UK,1.2933
2026-07,UK-TSO-0001,DIS-00145,Peters Green South Mimms,exit,Distribution,UK,0.0
2026-07,UK-TSO-0001,DIS-00146,Pickering,exit,Distribution,UK,0.0447
2026-07,UK-TSO-0001,DIS-00147,Pitcairngreen,exit,Distribution,UK,0.0175
2026-07,UK-TSO-0001,FNC-00012,Power Stations (UK),exit,Final Consumers,UK,8.7032
2026-07,UK-TSO-0001,DIS-00148,Pucklechurch,exit,Distribution,UK,0.0
2026-07,UK-TSO-0001,DIS-00149,Rawcliffe,exit,Distribution,UK,0.0266
2026-07,UK-TSO-0001,DIS-00150,Ross (SW),exit,Distribution,UK,0.0223
2026-07,UK-TSO-0001,DIS-00151,Ross (WM),exit,Distribution,UK,0.1279
2026-07,UK-TSO-0001,DIS-00152,Roudham Heath,exit,Distribution,UK,0.2437
2026-07,UK-TSO-0001,UGS-00235,Rough,exit,Storage,UK,0.0
2026-07,UK-TSO-0001,DIS-00153,Royston,exit,Distribution,UK,0.0122
2026-07,UK-TSO-0001,DIS-00154,Rugby,exit,Distribution,UK,0.6182
2026-07,UK-TSO-0001,DIS-00155,Saltwick Pressure Controlled,exit,Distribution,UK,0.2295
2026-07,UK-TSO-0001,DIS-00156,Saltwick Volumetric Controlled,exit,Distribution,UK,0.0
2026-07,UK-TSO-0001,DIS-00157,Samlesbury,exit,Distribution,UK,0.4731
2026-07,UK-TSO-0001,DIS-00158,Seabank (DN),exit,Distribution,UK,0.1251
2026-07,UK-TSO-0001,DIS-00159,Shorne,exit,Distribution,UK,0.0104
2026-07,UK-TSO-0001,DIS-00160,Shustoke,exit,Distribution,UK,0.0
2026-07,UK-TSO-0001,DIS-00161,Silk Willoughby,exit,Distribution,UK,0.0087
2026-07,UK-TSO-0001,DIS-00162,Soutra,exit,Distribution,UK,0.0
2026-07,UK-TSO-0001,DIS-00163,St Fergus,exit,Distribution,UK,0.0046
2026-07,UK-TSO-0001,DIS-00165,Stratford-upon-Avon,exit,Distribution,UK,0.0
2026-07,UK-TSO-0001,DIS-00166,Sutton Bridge,exit,Distribution,UK,0.0051
2026-07,UK-TSO-0001,DIS-00167,Tatsfield,exit,Distribution,UK,0.1646
2026-07,UK-TSO-0001,DIS-00168,Thornton Curtis,exit,Distribution,UK,0.9141
2026-07,UK-TSO-0001,DIS-00169,Thrintoft,exit,Distribution,UK,0.0234
2026-07,UK-TSO-0001,DIS-00170,Towlaw,exit,Distribution,UK,0.0012
2026-07,UK-TSO-0001,DIS-00171,Towton,exit,Distribution,UK,0.0013
2026-07,UK-TSO-0001,DIS-00172,Tur Langton,exit,Distribution,UK,0.0101
2026-07,UK-TSO-0001,DIS-00173,Walesby,exit,Distribution,UK,0.0035
2026-07,UK-TSO-0001,DIS-00174,Warburton,exit,Distribution,UK,0.8609
2026-07,UK-TSO-0001,DIS-00176,Weston Point,exit,Distribution,UK,0.004
2026-07,UK-TSO-0001,DIS-00175,West Winch,exit,Distribution,UK,0.0382
2026-07,UK-TSO-0001,DIS-00177,Wetheral,exit,Distribution,UK,0.0947
2026-07,UK-TSO-0001,DIS-00178,Whitwell,exit,Distribution,UK,0.1301
2026-07,UK-TSO-0001,DIS-00179,Winkfield (NT),exit,Distribution,UK,0.0
2026-07,UK-TSO-0001,DIS-00180,Winkfield (SE),exit,Distribution,UK,0.0928
2026-07,UK-TSO-0001,DIS-00181,Winkfield (SO),exit,Distribution,UK,0.0066
2026-07,UK-TSO-0001,DIS-00182,Yelverton,exit,Distribution,UK,0.4709
2026-07,FR-TSO-0003,ITP-00526,VIRTUALYS,entry,Transmission,BE,2.7173
2026-08,UK-TSO-0002,DIS-00015,Greater Belfast,exit,Distribution,UK,0.1497
2026-08,UK-TSO-0002,ITP-00077,Twynholm,entry,Transmission,UK,1.114
2026-08,UK-TSO-0002,DIS-00017,PTL Stranraer,exit,Distribution,UK,0.0085
2026-08,UK-TSO-0002,ITP-00298,Carrickfergus,exit,Transmission,UK,0.681
2026-08,PT-TSO-0001,UGS-00010,Carriço,entry,Storage,PT,0.0
2026-08,PT-TSO-0001,UGS-00010,Carriço,exit,Storage,PT,0.4075
2026-08,PT-TSO-0001,FNC-00001,Final Consumers (PT),exit,Final Consumers,PT,1.6541
2026-08,PT-TSO-0001,DIS-00001,Distribution (PT),exit,Distribution,PT,1.2218
2026-08,PT-TSO-0001,LNG-00026,Sines,entry,LNG Terminals,PT,4.3146
2026-08,PT-TSO-0001,ITP-00286,VIP IBERICO,entry,Transmission,ES,0.0
2026-08,PT-TSO-0001,ITP-00286,VIP IBERICO,exit,Transmission,ES,1.0069
2026-08,UK-TSO-0004,ITP-00207,Bacton (BBL),entry,Transmission,UK,4.1034
2026-08,UK-TSO-0004,ITP-00207,Bacton (BBL),exit,Transmission,UK,0.0
2026-08,FR-TSO-0002,FNC-00015,TEREGA Delivery Pool - Industrials (FR),exit,Final Consumers,FR,0.1818
2026-08,FR-TSO-0002,DIS-00188,TEREGA Delivery Pool - Distribution (FR),exit,Distribution,FR,0.3232
2026-08,FR-TSO-0002,ITP-00304,VIP PIRINEOS,entry,Transmission,ES,0.5899
2026-08,FR-TSO-0002,ITP-00304,VIP PIRINEOS,exit,Transmission,ES,0.1125
2026-08,FR-TSO-0002,UGS-00017,Lussagnet,entry,Storage,FR,0.4128
2026-08,FR-TSO-0002,UGS-00017,Lussagnet,exit,Storage,FR,4.2543
2026-08,FR-TSO-0002,PRD-00330,TEREGA Biomethane Production Pool,entry,Production,FR,0.0288
2026-08,UK-TSO-0003,ITP-00061,Zeebrugge IZT,entry,Transmission,BE,0.0
2026-08,UK-TSO-0003,ITP-00061,Zeebrugge IZT,exit,Transmission,BE,11.7492
2026-08,UK-TSO-0003,ITP-00005,Bacton (IUK),entry,Transmission,UK,11.7373
2026-08,UK-TSO-0003,ITP-00005,Bacton (IUK),exit,Transmission,UK,0.0
2026-08,IT-TSO-0001,FNC-00006,Thermal Plants (IT),exit,Final Consumers,IT,23.1804
2026-08,IT-TSO-0001,ITP-00288,SRG Delivery to other transmission networks,exit,Transmission,IT,0.5286
2026-08,IT-TSO-0001,PRD-00154,IT - Indigenous Production,entry,Production,IT,2.6405
2026-08,IT-TSO-0001,FNC-00005,Industrial Consumers (IT),exit,Final Consumers,IT,6.9362
2026-08,IT-TSO-0001,DIS-00005,Distribution (IT),exit,Distribution,IT,7.506
2026-08,IT-TSO-0001,ITP-00040,Tarvisio (IT) / Arnoldstein (AT),entry,Transmission,AT,2.5499
2026-08,IT-TSO-0001,ITP-00040,Tarvisio (IT) / Arnoldstein (AT),exit,Transmission,AT,0.0021
2026-08,IT-TSO-0001,LNG-00019,PANIGAGLIA TERMINAL,entry,LNG Terminals,IT,0.0558
2026-08,IT-TSO-0001,ITP-00049,Gorizia (IT) /Šempeter (SI),entry,Transmission,SI,0.3867
2026-08,IT-TSO-0001,ITP-00049,Gorizia (IT) /Šempeter (SI),exit,Transmission,SI,0.0018
2026-08,IT-TSO-0001,ITP-00093,Mazara del Vallo,entry,Transmission,DZ,16.8556
2026-08,IT-TSO-0001,LNG-00015,Cavarzere (Porto Levante / Adriatic LNG),entry,LNG Terminals,IT,5.7475
2026-08,IT-TSO-0001,ITP-00074,Gela,entry,Transmission,LY,0.2646
2026-08,IT-TSO-0001,ITP-00136,Griespass (CH) / Passo Gries (IT),entry,Transmission,CH,7.4528
2026-08,IT-TSO-0001,ITP-00136,Griespass (CH) / Passo Gries (IT),exit,Transmission,CH,0.0
2026-08,IT-TSO-0001,UGS-00023,UGS - IT - Snam Rete Gas/Stogit Adriatica,entry,Storage,IT,0.0015
2026-08,IT-TSO-0001,UGS-00023,UGS - IT - Snam Rete Gas/Stogit Adriatica,exit,Storage,IT,1.7126
2026-08,IT-TSO-0001,UGS-00008,UGS - IT - Snam Rete Gas/STOGIT,entry,Storage,IT,0.0
2026-08,IT-TSO-0001,UGS-00008,UGS - IT - Snam Rete Gas/STOGIT,exit,Storage,IT,13.3836
2026-08,IT-TSO-0001,LNG-00004,OLT LNG / Livorno,entry,LNG Terminals,IT,4.0066
2026-08,IT-TSO-0001,ITP-00283,Rep. San Marino,exit,Transmission,SM,0.0129
2026-08,IT-TSO-0001,ITP-00278,Bizzarone,exit,Transmission,CH,0.029
2026-08,IT-TSO-0001,ITP-00008,Melendugno - IT / TAP,entry,Transmission,AL,7.8474
2026-08,IT-TSO-0001,ITP-00008,Melendugno - IT / TAP,exit,Transmission,AL,0.0
2026-08,IT-TSO-0001,UGS-00475,Italgasstorage (IT),entry,Storage,IT,0.0
2026-08,IT-TSO-0001,UGS-00475,Italgasstorage (IT),exit,Storage,IT,0.4191
2026-08,IT-TSO-0001,LNG-00082,RAVENNA TERMINAL,entry,LNG Terminals,IT,2.0669
2026-08,IT-TSO-0001,LNG-00069,PIOMBINO TERMINAL,entry,LNG Terminals,IT,4.0701
2026-08,ES-TSO-0006,UGS-00024,BASIC UGS - AASS Unificado,entry,Storage,ES,0.0646
2026-08,ES-TSO-0006,UGS-00024,BASIC UGS - AASS Unificado,exit,Storage,ES,0.4915
2026-08,ES-TSO-0006,FNC-00043,Aggregated Distribution + Final Customers Exits (ES),exit,Final Consumers,ES,9.4165
2026-08,ES-TSO-0006,PRD-00231,Aggregated Production Sites (ES),entry,Production,ES,0.0149
2026-08,ES-TSO-0006,ITP-00082,Tarifa,exit,Transmission,MA,0.7897
2026-08,ES-TSO-0006,LNG-00012,Barcelona,entry,LNG Terminals,ES,2.0281
2026-08,ES-TSO-0006,LNG-00022,Cartagena,entry,LNG Terminals,ES,1.1936
2026-08,ES-TSO-0006,LNG-00018,Huelva,entry,LNG Terminals,ES,2.5311
2026-08,ES-TSO-0006,LNG-00021,Mugardos,entry,LNG Terminals,ES,0.2432
2026-08,ES-TSO-0006,LNG-00023,Sagunto,entry,LNG Terminals,ES,2.0151
2026-08,ES-TSO-0006,LNG-00013,Bilbao,entry,LNG Terminals,ES,4.0012
2026-08,ES-TSO-0006,LNG-00016,Musel,entry,LNG Terminals,ES,0.9521
2026-08,ES-TSO-0006,ITP-00048,Almería,entry,Transmission,DZ,9.9143
2026-08,ES-TSO-0006,ITP-00286,VIP IBERICO,entry,Transmission,PT,1.0096
2026-08,ES-TSO-0006,ITP-00286,VIP IBERICO,exit,Transmission,PT,0.0
2026-08,ES-TSO-0006,ITP-00304,VIP PIRINEOS,entry,Transmission,FR,0.1445
2026-08,ES-TSO-0006,ITP-00304,VIP PIRINEOS,exit,Transmission,FR,0.6121
2026-08,FR-TSO-0003,LNG-00029,Fos (Tonkin/Cavaou),entry,LNG Terminals,FR,4.5088
2026-08,FR-TSO-0003,ITP-00115,Blaregnies L (BE) / Taisnières B (FR),entry,Transmission,BE,1.383
2026-08,FR-TSO-0003,LNG-00024,Montoir de Bretagne,entry,LNG Terminals,FR,2.6498
2026-08,FR-TSO-0003,ITP-00039,Oltingue (FR) / Rodersdorf (CH),exit,Transmission,CH,6.4206
2026-08,FR-TSO-0003,ITP-00137,Obergailbach (FR) / Medelsheim (DE),entry,Transmission,DE,0.0
2026-08,FR-TSO-0003,ITP-00045,Dunkerque,entry,Transmission,NO,16.5719
2026-08,FR-TSO-0003,LNG-00003,Dunkerque GNL,entry,,,7.6813
2026-08,FR-TSO-0003,UGS-00285,Nord-B / SEDIANE B,exit,Storage,FR,1.168
2026-08,FR-TSO-0003,UGS-00284,Nord-Ouest / SEDIANE,exit,Storage,FR,1.7047
2026-08,FR-TSO-0003,UGS-00286,Nord-Est / SERENE Nord,exit,Storage,FR,2.3146
2026-08,FR-TSO-0003,UGS-00288,Sud-Est / SALINE,exit,Storage,FR,1.1192
2026-08,FR-TSO-0003,ITP-00526,VIRTUALYS,entry,Transmission,BE,3.4108
2026-08,FR-TSO-0003,DIS-00197,GRTgaz aggregated distribution consumers,exit,Distribution,FR,3.7884
2026-08,FR-TSO-0003,PRD-00331,GRTgaz aggregated producers (FR),entry,Production,FR,0.2257
2026-08,FR-TSO-0003,FNC-00201,GRTgaz aggregated industrial consumers,exit,Final Consumers,FR,8.8625
2026-08,FR-TSO-0003,ITP-00541,Atlantique,exit,Storage,FR,7.9861
2026-08,FR-TSO-0003,LNG-00071,Le Havre (FR),entry,LNG Terminals,FR,0.0
2026-08,UK-TSO-0001,LNG-00049,Milford Haven,entry,LNG Terminals,UK,1.7481
2026-08,UK-TSO-0001,PRD-00152,Burton Point,entry,Production,UK,0.0
2026-08,UK-TSO-0001,PRD-00151,Barrow,entry,Production,UK,0.0344
2026-08,UK-TSO-0001,ITP-00091,Easington,entry,Transmission,NO,17.6068
2026-08,UK-TSO-0001,UGS-00282,Hornsea,entry,Storage,UK,0.0
2026-08,UK-TSO-0001,LNG-00008,Isle of Grain,entry,LNG Terminals,UK,0.0009
2026-08,UK-TSO-0001,ITP-00022,St. Fergus,entry,Transmission,NO,13.4791
2026-08,UK-TSO-0001,LNG-00007,Teesside,entry,Production,UK,7.3934
2026-08,UK-TSO-0001,ITP-00090,Moffat,exit,Transmission,UK,4.7723
2026-08,UK-TSO-0001,ITP-00005,Bacton (IUK),exit,Transmission,UK,11.7373
2026-08,UK-TSO-0001,ITP-00207,Bacton (BBL),exit,Transmission,NL,4.1034
2026-08,UK-TSO-0001,UGS-00277,Cheshire Storage,entry,Storage,UK,1.1011
2026-08,UK-TSO-0001,UGS-00279,Aldbrough,entry,Storage,UK,0.5272
2026-08,UK-TSO-0001,UGS-00281,Hole House Farm,entry,,,0.0
2026-08,UK-TSO-0001,UGS-00280,Hatfield Moor Storage,entry,Storage,UK,0.0
2026-08,UK-TSO-0001,UGS-00275,Humbly Grove,entry,Storage,UK,0.027
2026-08,UK-TSO-0001,ITP-00492,Bacton IPs,entry,Transmission,UK,0.0
2026-08,UK-TSO-0001,PRD-00156,Bacton (UKCS),entry,Production,UK,4.9957
2026-08,UK-TSO-0001,DIS-00063,Aberdeen,exit,Distribution,UK,0.1584
2026-08,UK-TSO-0001,DIS-00064,Alrewas (EM),exit,Distribution,UK,0.0
2026-08,UK-TSO-0001,DIS-00065,Alrewas (WM),exit,Distribution,UK,0.0
2026-08,UK-TSO-0001,DIS-00066,Armadale,exit,Distribution,UK,0.1301
2026-08,UK-TSO-0001,DIS-00067,Aspley,exit,Distribution,UK,0.0
2026-08,UK-TSO-0001,DIS-00068,Asselby,exit,Distribution,UK,0.0183
2026-08,UK-TSO-0001,DIS-00069,Audley (NW),exit,Distribution,UK,0.0449
2026-08,UK-TSO-0001,DIS-00070,Audley (WM),exit,Distribution,UK,0.0
2026-08,UK-TSO-0001,DIS-00071,Austrey,exit,Distribution,UK,0.0435
2026-08,UK-TSO-0001,DIS-00072,Aylesbeare,exit,Distribution,UK,0.0486
2026-08,UK-TSO-0001,UGS-00275,Humbly Grove,exit,Storage,UK,0.0
2026-08,UK-TSO-0001,DIS-00073,Bacton,exit,Distribution,UK,0.0086
2026-08,UK-TSO-0001,DIS-00074,Baldersby,exit,Distribution,UK,0.0069
2026-08,UK-TSO-0001,DIS-00075,Balgray,exit,Distribution,UK,0.0528
2026-08,UK-TSO-0001,UGS-00279,Aldbrough,exit,Storage,UK,0.8254
2026-08,UK-TSO-0001,DIS-00076,Bathgate,exit,Distribution,UK,0.0771
2026-08,UK-TSO-0001,DIS-00077,Bishop Auckland,exit,Distribution,UK,0.159
2026-08,UK-TSO-0001,DIS-00078,Blaby,exit,Distribution,UK,0.1481
2026-08,UK-TSO-0001,DIS-00079,Blackrod,exit,Distribution,UK,0.0
2026-08,UK-TSO-0001,DIS-00080,Blyborough,exit,Distribution,UK,0.0
2026-08,UK-TSO-0001,DIS-00081,Braishfield A,exit,Distribution,UK,0.347
2026-08,UK-TSO-0001,DIS-00082,Braishfield B,exit,Distribution,UK,0.3507
2026-08,UK-TSO-0001,DIS-00083,Brisley,exit,Distribution,UK,0.0236
2026-08,UK-TSO-0001,DIS-00084,Broxburn,exit,Distribution,UK,0.1835
2026-08,UK-TSO-0001,DIS-00085,Burley Bank,exit,Distribution,UK,0.1387
2026-08,UK-TSO-0001,DIS-00183,Burnhervie,exit,Distribution,UK,0.0
2026-08,UK-TSO-0001,DIS-00086,Caldecott,exit,Distribution,UK,0.0362
2026-08,UK-TSO-0001,DIS-00087,Careston,exit,Distribution,UK,0.0109
2026-08,UK-TSO-0001,UGS-00216,Stublach,exit,Storage,UK,1.3913
2026-08,UK-TSO-0001,DIS-00088,Cirencester,exit,Distribution,UK,0.011
2026-08,UK-TSO-0001,DIS-00089,Coffinswell,exit,Distribution,UK,0.019
2026-08,UK-TSO-0001,DIS-00090,Coldstream,exit,Distribution,UK,0.0071
2026-08,UK-TSO-0001,DIS-00091,Corbridge,exit,Distribution,UK,0.0
2026-08,UK-TSO-0001,DIS-00092,Cowpen Bewley,exit,Distribution,UK,0.19
2026-08,UK-TSO-0001,DIS-00093,Dowlais,exit,Distribution,UK,0.294
2026-08,UK-TSO-0001,DIS-00094,Drointon,exit,Distribution,UK,0.4823
2026-08,UK-TSO-0001,DIS-00095,Drum,exit,Distribution,UK,0.0136
2026-08,UK-TSO-0001,DIS-00096,Dyffryn Clydach,exit,Distribution,UK,0.1441
2026-08,UK-TSO-0001,DIS-00097,Easton Grey,exit,Distribution,UK,0.0
2026-08,UK-TSO-0001,DIS-00098,Ecclestone,exit,Distribution,UK,0.1593
2026-08,UK-TSO-0001,DIS-00099,Elton,exit,Distribution,UK,0.1779
2026-08,UK-TSO-0001,DIS-00100,Evesham,exit,Distribution,UK,0.0074
2026-08,UK-TSO-0001,DIS-00101,Farningham,exit,Distribution,UK,0.1047
2026-08,UK-TSO-0001,DIS-00102,Farningham B,exit,Distribution,UK,0.0
2026-08,UK-TSO-0001,DIS-00103,Fiddington,exit,Distribution,UK,0.1046
2026-08,UK-TSO-0001,DIS-00104,Ganstead,exit,Distribution,UK,0.128
2026-08,UK-TSO-0001,DIS-00105,Gilwern,exit,Distribution,UK,0.1703
2026-08,UK-TSO-0001,DIS-00106,Glenmavis,exit,Distribution,UK,0.7802
2026-08,UK-TSO-0001,DIS-00107,Gosberton,exit,Distribution,UK,0.0
2026-08,UK-TSO-0001,DIS-00108,Great Wilbraham,exit,Distribution,UK,0.068
2026-08,UK-TSO-0001,DIS-00109,Guyzance,exit,Distribution,UK,0.004
2026-08,UK-TSO-0001,DIS-00110,Hardwick,exit,Distribution,UK,0.2547
2026-08,UK-TSO-0001,UGS-00408,Hatfield Moor Max Refill,exit,Storage,UK,0.0
2026-08,UK-TSO-0001,UGS-00182,Hill Top Farm,exit,Storage,UK,0.0749
2026-08,UK-TSO-0001,UGS-00281,Hole House Farm,exit,,,0.0
2026-08,UK-TSO-0001,UGS-00181,Holford,exit,Storage,UK,0.5079
2026-08,UK-TSO-0001,DIS-00111,Holmes Chapel,exit,Distribution,UK,0.1114
2026-08,UK-TSO-0001,DIS-00112,Horndon,exit,Distribution,UK,0.0
2026-08,UK-TSO-0001,UGS-00409,Hornsea Max Refill,exit,Storage,UK,0.8086
2026-08,UK-TSO-0001,DIS-00113,Humbleton,exit,Distribution,UK,0.0003
2026-08,UK-TSO-0001,DIS-00114,Hume,exit,Distribution,UK,0.0112
2026-08,UK-TSO-0001,DIS-00115,Ilchester,exit,Distribution,UK,0.1461
2026-08,UK-TSO-0001,FNC-00011,Industrial Offtakes (UK),exit,Final Consumers,UK,0.7127
2026-08,UK-TSO-0001,DIS-00117,Ipsden 2,exit,Distribution,UK,0.004
2026-08,UK-TSO-0001,DIS-00116,Ipsden,exit,Distribution,UK,0.0203
2026-08,UK-TSO-0001,DIS-00118,Keld,exit,Distribution,UK,0.0
2026-08,UK-TSO-0001,DIS-00119,Kenn,exit,Distribution,UK,0.1769
2026-08,UK-TSO-0001,DIS-00120,Kinknockie,exit,Distribution,UK,0.0081
2026-08,UK-TSO-0001,DIS-00121,Kirkstead,exit,Distribution,UK,0.0025
2026-08,UK-TSO-0001,DIS-00122,Langholm,exit,Distribution,UK,0.0
2026-08,UK-TSO-0001,DIS-00123,Leamington,exit,Distribution,UK,0.0
2026-08,UK-TSO-0001,DIS-00124,Little Burdon,exit,Distribution,UK,0.0
2026-08,UK-TSO-0001,DIS-00125,Littleton Drew,exit,Distribution,UK,0.0
2026-08,UK-TSO-0001,DIS-00126,Lockerbie,exit,Distribution,UK,0.0349
2026-08,UK-TSO-0001,DIS-00127,Lower Quinton,exit,Distribution,UK,0.0006
2026-08,UK-TSO-0001,DIS-00128,Lupton,exit,Distribution,UK,0.178
2026-08,UK-TSO-0001,DIS-00129,Luxborough Lane,exit,Distribution,UK,0.0
2026-08,UK-TSO-0001,DIS-00130,Lyneham (Choakford),exit,Distribution,UK,0.0
2026-08,UK-TSO-0001,DIS-00131,Maelor,exit,Distribution,UK,0.2651
2026-08,UK-TSO-0001,DIS-00132,Malpas,exit,Distribution,UK,0.0015
2026-08,UK-TSO-0001,DIS-00133,Mappowder,exit,Distribution,UK,0.2014
2026-08,UK-TSO-0001,DIS-00134,Market Harborough,exit,Distribution,UK,0.0
2026-08,UK-TSO-0001,DIS-00135,Matching Green,exit,Distribution,UK,0.0028
2026-08,UK-TSO-0001,DIS-00136,Melkinthorpe,exit,Distribution,UK,0.0256
2026-08,UK-TSO-0001,DIS-00137,Mickle Trafford,exit,Distribution,UK,0.0014
2026-08,UK-TSO-0001,DIS-00138,Milwich,exit,Distribution,UK,0.0
2026-08,UK-TSO-0001,DIS-00139,Netherhowcleugh,exit,Distribution,UK,0.0006
2026-08,UK-TSO-0001,DIS-00140,Pannal,exit,Distribution,UK,0.4294
2026-08,UK-TSO-0001,DIS-00141,Partington,exit,Distribution,UK,0.0064
2026-08,UK-TSO-0001,DIS-00142,Paull,exit,Distribution,UK,0.0517
2026-08,UK-TSO-0001,DIS-00143,Peterborough Eye (Tee),exit,Distribution,UK,0.0759
2026-08,UK-TSO-0001,DIS-00144,Peters Green,exit,Distribution,UK,1.2897
2026-08,UK-TSO-0001,DIS-00145,Peters Green South Mimms,exit,Distribution,UK,0.0
2026-08,UK-TSO-0001,DIS-00146,Pickering,exit,Distribution,UK,0.0326
2026-08,UK-TSO-0001,DIS-00147,Pitcairngreen,exit,Distribution,UK,0.0207
2026-08,UK-TSO-0001,FNC-00012,Power Stations (UK),exit,Final Consumers,UK,9.6353
2026-08,UK-TSO-0001,DIS-00148,Pucklechurch,exit,Distribution,UK,0.0002
2026-08,UK-TSO-0001,DIS-00149,Rawcliffe,exit,Distribution,UK,0.0288
2026-08,UK-TSO-0001,DIS-00150,Ross (SW),exit,Distribution,UK,0.0232
2026-08,UK-TSO-0001,DIS-00151,Ross (WM),exit,Distribution,UK,0.1386
2026-08,UK-TSO-0001,DIS-00152,Roudham Heath,exit,Distribution,UK,0.2028
2026-08,UK-TSO-0001,UGS-00235,Rough,exit,Storage,UK,0.0
2026-08,UK-TSO-0001,DIS-00153,Royston,exit,Distribution,UK,0.0129
2026-08,UK-TSO-0001,DIS-00154,Rugby,exit,Distribution,UK,0.9458
2026-08,UK-TSO-0001,DIS-00155,Saltwick Pressure Controlled,exit,Distribution,UK,0.2336
2026-08,UK-TSO-0001,DIS-00156,Saltwick Volumetric Controlled,exit,Distribution,UK,0.0
2026-08,UK-TSO-0001,DIS-00157,Samlesbury,exit,Distribution,UK,0.0009
2026-08,UK-TSO-0001,DIS-00158,Seabank (DN),exit,Distribution,UK,0.1632
2026-08,UK-TSO-0001,DIS-00159,Shorne,exit,Distribution,UK,0.0041
2026-08,UK-TSO-0001,DIS-00161,Silk Willoughby,exit,Distribution,UK,0.0072
2026-08,UK-TSO-0001,DIS-00163,St Fergus,exit,Distribution,UK,0.0057
2026-08,UK-TSO-0001,DIS-00162,Soutra,exit,Distribution,UK,0.0
2026-08,UK-TSO-0001,DIS-00165,Stratford-upon-Avon,exit,Distribution,UK,0.0
2026-08,UK-TSO-0001,DIS-00166,Sutton Bridge,exit,Distribution,UK,0.0043
2026-08,UK-TSO-0001,DIS-00167,Tatsfield,exit,Distribution,UK,0.0273
2026-08,UK-TSO-0001,DIS-00168,Thornton Curtis,exit,Distribution,UK,0.9746
2026-08,UK-TSO-0001,DIS-00169,Thrintoft,exit,Distribution,UK,0.023
2026-08,UK-TSO-0001,DIS-00170,Towlaw,exit,Distribution,UK,0.0014
2026-08,UK-TSO-0001,DIS-00171,Towton,exit,Distribution,UK,0.2272
2026-08,UK-TSO-0001,DIS-00172,Tur Langton,exit,Distribution,UK,0.0001
2026-08,UK-TSO-0001,DIS-00173,Walesby,exit,Distribution,UK,0.0017
2026-08,UK-TSO-0001,DIS-00174,Warburton,exit,Distribution,UK,1.5661
2026-08,UK-TSO-0001,DIS-00176,Weston Point,exit,Distribution,UK,0.0039
2026-08,UK-TSO-0001,DIS-00175,West Winch,exit,Distribution,UK,0.041
2026-08,UK-TSO-0001,DIS-00177,Wetheral,exit,Distribution,UK,0.0
2026-08,UK-TSO-0001,DIS-00178,Whitwell,exit,Distribution,UK,0.2985
2026-08,UK-TSO-0001,DIS-00179,Winkfield (NT),exit,Distribution,UK,0.0
2026-08,UK-TSO-0001,DIS-00180,Winkfield (SE),exit,Distribution,UK,0.0072
2026-08,UK-TSO-0001,DIS-00181,Winkfield (SO),exit,Distribution,UK,0.0002
2026-08,UK-TSO-0001,DIS-00182,Yelverton,exit,Distribution,UK,0.3112
2026-08,UK-TSO-0001,DIS-00160,Shustoke,exit,Distribution,UK,0.0
2026-08,FR-TSO-0003,ITP-00526,VIRTUALYS,exit,Transmission,BE,0.1844
2026-08,FR-TSO-0003,LNG-00003,Dunkerque LNG / PEG North,entry,,,1.2915
2026-09,UK-TSO-0002,DIS-00015,Greater Belfast,exit,Distribution,UK,0.1845
2026-09,UK-TSO-0002,ITP-00077,Twynholm,entry,Transmission,UK,1.0399
2026-09,UK-TSO-0002,DIS-00017,PTL Stranraer,exit,Distribution,UK,0.0075
2026-09,UK-TSO-0002,ITP-00298,Carrickfergus,exit,Transmission,UK,0.3654
2026-09,PT-TSO-0001,UGS-00010,Carriço,entry,Storage,PT,0.0
2026-09,PT-TSO-0001,UGS-00010,Carriço,exit,Storage,PT,0.0382
2026-09,PT-TSO-0001,FNC-00001,Final Consumers (PT),exit,Final Consumers,PT,1.7235
2026-09,PT-TSO-0001,DIS-00001,Distribution (PT),exit,Distribution,PT,1.4762
2026-09,PT-TSO-0001,LNG-00026,Sines,entry,LNG Terminals,PT,5.3017
2026-09,PT-TSO-0001,ITP-00286,VIP IBERICO,entry,Transmission,ES,0.0
2026-09,PT-TSO-0001,ITP-00286,VIP IBERICO,exit,Transmission,ES,2.1243
2026-09,UK-TSO-0004,ITP-00207,Bacton (BBL),entry,Transmission,UK,3.6616
2026-09,UK-TSO-0004,ITP-00207,Bacton (BBL),exit,Transmission,UK,0.0
2026-09,FR-TSO-0002,FNC-00015,TEREGA Delivery Pool - Industrials (FR),exit,Final Consumers,FR,0.261
2026-09,FR-TSO-0002,DIS-00188,TEREGA Delivery Pool - Distribution (FR),exit,Distribution,FR,0.4682
2026-09,FR-TSO-0002,ITP-00304,VIP PIRINEOS,entry,Transmission,ES,0.1143
2026-09,FR-TSO-0002,ITP-00304,VIP PIRINEOS,exit,Transmission,ES,0.721
2026-09,FR-TSO-0002,UGS-00017,Lussagnet,entry,Storage,FR,0.8923
2026-09,FR-TSO-0002,UGS-00017,Lussagnet,exit,Storage,FR,5.9151
2026-09,FR-TSO-0002,PRD-00330,TEREGA Biomethane Production Pool,entry,Production,FR,0.0287
2026-09,UK-TSO-0003,ITP-00061,Zeebrugge IZT,entry,Transmission,BE,0.0033
2026-09,UK-TSO-0003,ITP-00061,Zeebrugge IZT,exit,Transmission,BE,2.0027
2026-09,UK-TSO-0003,ITP-00005,Bacton (IUK),entry,Transmission,UK,1.9823
2026-09,UK-TSO-0003,ITP-00005,Bacton (IUK),exit,Transmission,UK,0.0
2026-09,IT-TSO-0001,FNC-00006,Thermal Plants (IT),exit,Final Consumers,IT,22.4386
2026-09,IT-TSO-0001,ITP-00288,SRG Delivery to other transmission networks,exit,Transmission,IT,0.698
2026-09,IT-TSO-0001,PRD-00154,IT - Indigenous Production,entry,Production,IT,2.6373
2026-09,IT-TSO-0001,FNC-00005,Industrial Consumers (IT),exit,Final Consumers,IT,9.7632
2026-09,IT-TSO-0001,ITP-00040,Tarvisio (IT) / Arnoldstein (AT),entry,Transmission,AT,3.6687
2026-09,IT-TSO-0001,DIS-00005,Distribution (IT),exit,Distribution,IT,9.9709
2026-09,IT-TSO-0001,ITP-00040,Tarvisio (IT) / Arnoldstein (AT),exit,Transmission,AT,0.0218
2026-09,IT-TSO-0001,LNG-00019,PANIGAGLIA TERMINAL,entry,LNG Terminals,IT,0.7713
2026-09,IT-TSO-0001,ITP-00049,Gorizia (IT) /Šempeter (SI),entry,Transmission,SI,0.6995
2026-09,IT-TSO-0001,ITP-00049,Gorizia (IT) /Šempeter (SI),exit,Transmission,SI,0.0
2026-09,IT-TSO-0001,ITP-00093,Mazara del Vallo,entry,Transmission,DZ,11.2755
2026-09,IT-TSO-0001,LNG-00015,Cavarzere (Porto Levante / Adriatic LNG),entry,LNG Terminals,IT,7.8792
2026-09,IT-TSO-0001,ITP-00074,Gela,entry,Transmission,LY,0.3307
2026-09,IT-TSO-0001,ITP-00136,Griespass (CH) / Passo Gries (IT),entry,Transmission,CH,6.2548
2026-09,IT-TSO-0001,ITP-00136,Griespass (CH) / Passo Gries (IT),exit,Transmission,CH,0.0
2026-09,IT-TSO-0001,UGS-00023,UGS - IT - Snam Rete Gas/Stogit Adriatica,entry,Storage,IT,0.0
2026-09,IT-TSO-0001,UGS-00023,UGS - IT - Snam Rete Gas/Stogit Adriatica,exit,Storage,IT,1.0747
2026-09,IT-TSO-0001,UGS-00008,UGS - IT - Snam Rete Gas/STOGIT,entry,Storage,IT,0.0
2026-09,IT-TSO-0001,UGS-00008,UGS - IT - Snam Rete Gas/STOGIT,exit,Storage,IT,7.1701
2026-09,IT-TSO-0001,LNG-00004,OLT LNG / Livorno,entry,LNG Terminals,IT,3.9567
2026-09,IT-TSO-0001,ITP-00283,Rep. San Marino,exit,Transmission,SM,0.0179
2026-09,IT-TSO-0001,ITP-00278,Bizzarone,exit,Transmission,CH,0.0393
2026-09,IT-TSO-0001,ITP-00008,Melendugno - IT / TAP,entry,Transmission,AL,9.3882
2026-09,IT-TSO-0001,ITP-00008,Melendugno - IT / TAP,exit,Transmission,AL,0.0
2026-09,IT-TSO-0001,UGS-00475,Italgasstorage (IT),entry,Storage,IT,0.0
2026-09,IT-TSO-0001,UGS-00475,Italgasstorage (IT),exit,Storage,IT,0.2179
2026-09,IT-TSO-0001,LNG-00082,RAVENNA TERMINAL,entry,LNG Terminals,IT,2.0495
2026-09,IT-TSO-0001,LNG-00069,PIOMBINO TERMINAL,entry,LNG Terminals,IT,3.4656
2026-09,ES-TSO-0006,UGS-00024,BASIC UGS - AASS Unificado,entry,Storage,ES,0.0
2026-09,ES-TSO-0006,UGS-00024,BASIC UGS - AASS Unificado,exit,Storage,ES,0.405
2026-09,ES-TSO-0006,FNC-00043,Aggregated Distribution + Final Customers Exits (ES),exit,Final Consumers,ES,9.9212
2026-09,ES-TSO-0006,PRD-00231,Aggregated Production Sites (ES),entry,Production,ES,0.0181
2026-09,ES-TSO-0006,ITP-00082,Tarifa,exit,Transmission,MA,0.8852
2026-09,ES-TSO-0006,LNG-00012,Barcelona,entry,LNG Terminals,ES,1.5398
2026-09,ES-TSO-0006,LNG-00022,Cartagena,entry,LNG Terminals,ES,1.9769
2026-09,ES-TSO-0006,LNG-00018,Huelva,entry,LNG Terminals,ES,1.5832
2026-09,ES-TSO-0006,LNG-00021,Mugardos,entry,LNG Terminals,ES,0.0828
2026-09,ES-TSO-0006,LNG-00023,Sagunto,entry,LNG Terminals,ES,3.0045
2026-09,ES-TSO-0006,LNG-00013,Bilbao,entry,LNG Terminals,ES,3.4218
2026-09,ES-TSO-0006,LNG-00016,Musel,entry,LNG Terminals,ES,0.88
2026-09,ES-TSO-0006,ITP-00048,Almería,entry,Transmission,DZ,7.8503
2026-09,ES-TSO-0006,ITP-00286,VIP IBERICO,entry,Transmission,PT,2.052
2026-09,ES-TSO-0006,ITP-00286,VIP IBERICO,exit,Transmission,PT,0.0001
2026-09,ES-TSO-0006,ITP-00304,VIP PIRINEOS,entry,Transmission,FR,0.6941
2026-09,ES-TSO-0006,ITP-00304,VIP PIRINEOS,exit,Transmission,FR,0.114
2026-09,FR-TSO-0003,LNG-00029,Fos (Tonkin/Cavaou),entry,LNG Terminals,FR,5.8654
2026-09,FR-TSO-0003,ITP-00115,Blaregnies L (BE) / Taisnières B (FR),entry,Transmission,BE,0.2666
2026-09,FR-TSO-0003,ITP-00039,Oltingue (FR) / Rodersdorf (CH),entry,Transmission,CH,0.0
2026-09,FR-TSO-0003,LNG-00024,Montoir de Bretagne,entry,LNG Terminals,FR,4.9731
2026-09,FR-TSO-0003,ITP-00137,Obergailbach (FR) / Medelsheim (DE),entry,Transmission,DE,0.0
2026-09,FR-TSO-0003,ITP-00045,Dunkerque,entry,Transmission,NO,15.3849
2026-09,FR-TSO-0003,LNG-00003,Dunkerque LNG / PEG North,entry,,,2.9897
2026-09,FR-TSO-0003,UGS-00285,Nord-B / SEDIANE B,exit,Storage,FR,0.0
2026-09,FR-TSO-0003,UGS-00284,Nord-Ouest / SEDIANE,exit,Storage,FR,1.6541
2026-09,FR-TSO-0003,UGS-00286,Nord-Est / SERENE Nord,exit,Storage,FR,1.6918
2026-09,FR-TSO-0003,UGS-00288,Sud-Est / SALINE,exit,Storage,FR,0.8983
2026-09,FR-TSO-0003,ITP-00526,VIRTUALYS,exit,Transmission,BE,5.9902
2026-09,FR-TSO-0003,PRD-00331,GRTgaz aggregated producers (FR),entry,Production,FR,0.2197
2026-09,FR-TSO-0003,DIS-00197,GRTgaz aggregated distribution consumers,exit,Distribution,FR,5.1793
2026-09,FR-TSO-0003,FNC-00201,GRTgaz aggregated industrial consumers,exit,Final Consumers,FR,8.9918
2026-09,FR-TSO-0003,ITP-00541,Atlantique,exit,Storage,FR,6.2621
2026-09,FR-TSO-0003,LNG-00071,Le Havre (FR),entry,LNG Terminals,FR,0.0
2026-09,UK-TSO-0001,LNG-00049,Milford Haven,entry,LNG Terminals,UK,1.7185
2026-09,UK-TSO-0001,PRD-00152,Burton Point,entry,Production,UK,0.0
2026-09,UK-TSO-0001,PRD-00151,Barrow,entry,Production,UK,0.6716
2026-09,UK-TSO-0001,ITP-00091,Easington,entry,Transmission,NO,6.3672
2026-09,UK-TSO-0001,UGS-00282,Hornsea,entry,Storage,UK,0.0266
2026-09,UK-TSO-0001,LNG-00008,Isle of Grain,entry,LNG Terminals,UK,0.1961
2026-09,UK-TSO-0001,ITP-00022,St. Fergus,entry,Transmission,NO,14.9279
2026-09,UK-TSO-0001,LNG-00007,Teesside,entry,Production,UK,6.9795
2026-09,UK-TSO-0001,ITP-00090,Moffat,exit,Transmission,UK,4.7413
2026-09,UK-TSO-0001,ITP-00005,Bacton (IUK),exit,Transmission,UK,1.9823
2026-09,UK-TSO-0001,ITP-00207,Bacton (BBL),exit,Transmission,NL,3.6561
2026-09,UK-TSO-0001,UGS-00277,Cheshire Storage,entry,Storage,UK,1.8349
2026-09,UK-TSO-0001,UGS-00279,Aldbrough,entry,Storage,UK,1.276
2026-09,UK-TSO-0001,UGS-00281,Hole House Farm,entry,,,0.3818
2026-09,UK-TSO-0001,UGS-00280,Hatfield Moor Storage,entry,Storage,UK,0.0
2026-09,UK-TSO-0001,UGS-00275,Humbly Grove,entry,Storage,UK,0.0
2026-09,UK-TSO-0001,ITP-00492,Bacton IPs,entry,Transmission,UK,0.0
2026-09,UK-TSO-0001,PRD-00156,Bacton (UKCS),entry,Production,UK,3.93
2026-09,UK-TSO-0001,DIS-00063,Aberdeen,exit,Distribution,UK,0.201
2026-09,UK-TSO-0001,DIS-00064,Alrewas (EM),exit,Distribution,UK,0.0
2026-09,UK-TSO-0001,DIS-00065,Alrewas (WM),exit,Distribution,UK,0.0
2026-09,UK-TSO-0001,DIS-00066,Armadale,exit,Distribution,UK,0.1054
2026-09,UK-TSO-0001,DIS-00067,Aspley,exit,Distribution,UK,0.195
2026-09,UK-TSO-0001,DIS-00068,Asselby,exit,Distribution,UK,0.019
2026-09,UK-TSO-0001,DIS-00069,Audley (NW),exit,Distribution,UK,0.0489
2026-09,UK-TSO-0001,DIS-00070,Audley (WM),exit,Distribution,UK,0.0001
2026-09,UK-TSO-0001,DIS-00071,Austrey,exit,Distribution,UK,0.4664
2026-09,UK-TSO-0001,DIS-00072,Aylesbeare,exit,Distribution,UK,0.0604
2026-09,UK-TSO-0001,UGS-00275,Humbly Grove,exit,Storage,UK,0.0045
2026-09,UK-TSO-0001,DIS-00073,Bacton,exit,Distribution,UK,0.0094
2026-09,UK-TSO-0001,DIS-00074,Baldersby,exit,Distribution,UK,0.0077
2026-09,UK-TSO-0001,DIS-00075,Balgray,exit,Distribution,UK,0.0651
2026-09,UK-TSO-0001,UGS-00279,Aldbrough,exit,Storage,UK,0.6893
2026-09,UK-TSO-0001,DIS-00076,Bathgate,exit,Distribution,UK,0.0742
2026-09,UK-TSO-0001,DIS-00077,Bishop Auckland,exit,Distribution,UK,0.2127
2026-09,UK-TSO-0001,DIS-00078,Blaby,exit,Distribution,UK,0.1435
2026-09,UK-TSO-0001,DIS-00079,Blackrod,exit,Distribution,UK,0.1068
2026-09,UK-TSO-0001,DIS-00080,Blyborough,exit,Distribution,UK,0.0
2026-09,UK-TSO-0001,DIS-00081,Braishfield A,exit,Distribution,UK,0.0027
2026-09,UK-TSO-0001,DIS-00082,Braishfield B,exit,Distribution,UK,0.7441
2026-09,UK-TSO-0001,DIS-00083,Brisley,exit,Distribution,UK,0.0222
2026-09,UK-TSO-0001,DIS-00084,Broxburn,exit,Distribution,UK,0.2313
2026-09,UK-TSO-0001,DIS-00085,Burley Bank,exit,Distribution,UK,0.142
2026-09,UK-TSO-0001,DIS-00183,Burnhervie,exit,Distribution,UK,0.0
2026-09,UK-TSO-0001,DIS-00086,Caldecott,exit,Distribution,UK,0.1165
2026-09,UK-TSO-0001,DIS-00087,Careston,exit,Distribution,UK,0.0154
2026-09,UK-TSO-0001,UGS-00216,Stublach,exit,Storage,UK,0.8804
2026-09,UK-TSO-0001,DIS-00088,Cirencester,exit,Distribution,UK,0.0133
2026-09,UK-TSO-0001,DIS-00089,Coffinswell,exit,Distribution,UK,0.0191
2026-09,UK-TSO-0001,DIS-00090,Coldstream,exit,Distribution,UK,0.0063
2026-09,UK-TSO-0001,DIS-00091,Corbridge,exit,Distribution,UK,0.0
2026-09,UK-TSO-0001,DIS-00092,Cowpen Bewley,exit,Distribution,UK,0.2652
2026-09,UK-TSO-0001,DIS-00093,Dowlais,exit,Distribution,UK,0.3267
2026-09,UK-TSO-0001,DIS-00094,Drointon,exit,Distribution,UK,0.6863
2026-09,UK-TSO-0001,DIS-00095,Drum,exit,Distribution,UK,0.0093
2026-09,UK-TSO-0001,DIS-00096,Dyffryn Clydach,exit,Distribution,UK,0.157
2026-09,UK-TSO-0001,DIS-00097,Easton Grey,exit,Distribution,UK,0.0
2026-09,UK-TSO-0001,DIS-00098,Ecclestone,exit,Distribution,UK,0.1692
2026-09,UK-TSO-0001,DIS-00099,Elton,exit,Distribution,UK,0.1916
2026-09,UK-TSO-0001,DIS-00100,Evesham,exit,Distribution,UK,0.0108
2026-09,UK-TSO-0001,DIS-00101,Farningham,exit,Distribution,UK,0.1075
2026-09,UK-TSO-0001,DIS-00102,Farningham B,exit,Distribution,UK,0.0
2026-09,UK-TSO-0001,DIS-00103,Fiddington,exit,Distribution,UK,0.1247
2026-09,UK-TSO-0001,DIS-00104,Ganstead,exit,Distribution,UK,0.1266
2026-09,UK-TSO-0001,DIS-00105,Gilwern,exit,Distribution,UK,0.482
2026-09,UK-TSO-0001,DIS-00106,Glenmavis,exit,Distribution,UK,1.0042
2026-09,UK-TSO-0001,DIS-00107,Gosberton,exit,Distribution,UK,0.0014
2026-09,UK-TSO-0001,DIS-00108,Great Wilbraham,exit,Distribution,UK,0.0836
2026-09,UK-TSO-0001,DIS-00109,Guyzance,exit,Distribution,UK,0.0064
2026-09,UK-TSO-0001,DIS-00110,Hardwick,exit,Distribution,UK,0.2422
2026-09,UK-TSO-0001,UGS-00408,Hatfield Moor Max Refill,exit,Storage,UK,0.0226
2026-09,UK-TSO-0001,UGS-00182,Hill Top Farm,exit,Storage,UK,0.3023
2026-09,UK-TSO-0001,UGS-00281,Hole House Farm,exit,,,0.0
2026-09,UK-TSO-0001,UGS-00181,Holford,exit,Storage,UK,0.0
2026-09,UK-TSO-0001,UGS-00409,Hornsea Max Refill,exit,Storage,UK,0.5303
2026-09,UK-TSO-0001,DIS-00111,Holmes Chapel,exit,Distribution,UK,0.1267
2026-09,UK-TSO-0001,DIS-00112,Horndon,exit,Distribution,UK,0.0
2026-09,UK-TSO-0001,DIS-00113,Humbleton,exit,Distribution,UK,0.0003
2026-09,UK-TSO-0001,DIS-00114,Hume,exit,Distribution,UK,0.0102
2026-09,UK-TSO-0001,DIS-00115,Ilchester,exit,Distribution,UK,0.1743
2026-09,UK-TSO-0001,FNC-00011,Industrial Offtakes (UK),exit,Final Consumers,UK,0.665
2026-09,UK-TSO-0001,DIS-00117,Ipsden 2,exit,Distribution,UK,0.0029
2026-09,UK-TSO-0001,DIS-00116,Ipsden,exit,Distribution,UK,0.0512
2026-09,UK-TSO-0001,DIS-00118,Keld,exit,Distribution,UK,0.0
2026-09,UK-TSO-0001,DIS-00119,Kenn,exit,Distribution,UK,0.1934
2026-09,UK-TSO-0001,DIS-00120,Kinknockie,exit,Distribution,UK,0.0111
2026-09,UK-TSO-0001,DIS-00121,Kirkstead,exit,Distribution,UK,0.0031
2026-09,UK-TSO-0001,DIS-00122,Langholm,exit,Distribution,UK,0.0
2026-09,UK-TSO-0001,DIS-00123,Leamington,exit,Distribution,UK,0.0
2026-09,UK-TSO-0001,DIS-00124,Little Burdon,exit,Distribution,UK,0.0
2026-09,UK-TSO-0001,DIS-00125,Littleton Drew,exit,Distribution,UK,0.0
2026-09,UK-TSO-0001,DIS-00126,Lockerbie,exit,Distribution,UK,0.04
2026-09,UK-TSO-0001,DIS-00127,Lower Quinton,exit,Distribution,UK,0.0015
2026-09,UK-TSO-0001,DIS-00128,Lupton,exit,Distribution,UK,0.1774
2026-09,UK-TSO-0001,DIS-00129,Luxborough Lane,exit,Distribution,UK,0.0005
2026-09,UK-TSO-0001,DIS-00130,Lyneham (Choakford),exit,Distribution,UK,0.0004
2026-09,UK-TSO-0001,DIS-00131,Maelor,exit,Distribution,UK,0.2849
2026-09,UK-TSO-0001,DIS-00132,Malpas,exit,Distribution,UK,0.002
2026-09,UK-TSO-0001,DIS-00133,Mappowder,exit,Distribution,UK,0.2006
2026-09,UK-TSO-0001,DIS-00134,Market Harborough,exit,Distribution,UK,0.0002
2026-09,UK-TSO-0001,DIS-00135,Matching Green,exit,Distribution,UK,0.0
2026-09,UK-TSO-0001,DIS-00136,Melkinthorpe,exit,Distribution,UK,0.023
2026-09,UK-TSO-0001,DIS-00137,Mickle Trafford,exit,Distribution,UK,0.0011
2026-09,UK-TSO-0001,DIS-00138,Milwich,exit,Distribution,UK,0.0006
2026-09,UK-TSO-0001,DIS-00139,Netherhowcleugh,exit,Distribution,UK,0.0009
2026-09,UK-TSO-0001,DIS-00140,Pannal,exit,Distribution,UK,0.5724
2026-09,UK-TSO-0001,DIS-00141,Partington,exit,Distribution,UK,0.0045
2026-09,UK-TSO-0001,DIS-00142,Paull,exit,Distribution,UK,0.0144
2026-09,UK-TSO-0001,DIS-00143,Peterborough Eye (Tee),exit,Distribution,UK,0.0819
2026-09,UK-TSO-0001,DIS-00144,Peters Green,exit,Distribution,UK,1.5541
2026-09,UK-TSO-0001,DIS-00145,Peters Green South Mimms,exit,Distribution,UK,0.005
2026-09,UK-TSO-0001,DIS-00146,Pickering,exit,Distribution,UK,0.0541
2026-09,UK-TSO-0001,DIS-00147,Pitcairngreen,exit,Distribution,UK,0.0248
2026-09,UK-TSO-0001,FNC-00012,Power Stations (UK),exit,Final Consumers,UK,8.7658
2026-09,UK-TSO-0001,DIS-00148,Pucklechurch,exit,Distribution,UK,0.0007
2026-09,UK-TSO-0001,DIS-00149,Rawcliffe,exit,Distribution,UK,0.0281
2026-09,UK-TSO-0001,DIS-00150,Ross (SW),exit,Distribution,UK,0.0226
2026-09,UK-TSO-0001,DIS-00151,Ross (WM),exit,Distribution,UK,0.1622
2026-09,UK-TSO-0001,DIS-00152,Roudham Heath,exit,Distribution,UK,0.1945
2026-09,UK-TSO-0001,UGS-00235,Rough,exit,Storage,UK,0.0
2026-09,UK-TSO-0001,DIS-00153,Royston,exit,Distribution,UK,0.0146
2026-09,UK-TSO-0001,DIS-00154,Rugby,exit,Distribution,UK,0.5884
2026-09,UK-TSO-0001,DIS-00155,Saltwick Pressure Controlled,exit,Distribution,UK,0.2793
2026-09,UK-TSO-0001,DIS-00156,Saltwick Volumetric Controlled,exit,Distribution,UK,0.0
2026-09,UK-TSO-0001,DIS-00157,Samlesbury,exit,Distribution,UK,0.0375
2026-09,UK-TSO-0001,DIS-00158,Seabank (DN),exit,Distribution,UK,0.1944
2026-09,UK-TSO-0001,DIS-00159,Shorne,exit,Distribution,UK,0.0009
2026-09,UK-TSO-0001,DIS-00160,Shustoke,exit,Distribution,UK,0.0
2026-09,UK-TSO-0001,DIS-00161,Silk Willoughby,exit,Distribution,UK,0.0099
2026-09,UK-TSO-0001,DIS-00162,Soutra,exit,Distribution,UK,0.0
2026-09,UK-TSO-0001,DIS-00163,St Fergus,exit,Distribution,UK,0.0067
2026-09,UK-TSO-0001,DIS-00165,Stratford-upon-Avon,exit,Distribution,UK,0.0003
2026-09,UK-TSO-0001,DIS-00166,Sutton Bridge,exit,Distribution,UK,0.0049
2026-09,UK-TSO-0001,DIS-00167,Tatsfield,exit,Distribution,UK,0.0986
2026-09,UK-TSO-0001,DIS-00168,Thornton Curtis,exit,Distribution,UK,0.8695
2026-09,UK-TSO-0001,DIS-00169,Thrintoft,exit,Distribution,UK,0.0275
2026-09,UK-TSO-0001,DIS-00170,Towlaw,exit,Distribution,UK,0.0021
2026-09,UK-TSO-0001,DIS-00171,Towton,exit,Distribution,UK,0.2402
2026-09,UK-TSO-0001,DIS-00172,Tur Langton,exit,Distribution,UK,0.0014
2026-09,UK-TSO-0001,DIS-00173,Walesby,exit,Distribution,UK,0.0021
2026-09,UK-TSO-0001,DIS-00174,Warburton,exit,Distribution,UK,1.7534
2026-09,UK-TSO-0001,DIS-00176,Weston Point,exit,Distribution,UK,0.0029
2026-09,UK-TSO-0001,DIS-00175,West Winch,exit,Distribution,UK,0.0457
2026-09,UK-TSO-0001,DIS-00177,Wetheral,exit,Distribution,UK,0.0004
2026-09,UK-TSO-0001,DIS-00178,Whitwell,exit,Distribution,UK,0.7271
2026-09,UK-TSO-0001,DIS-00179,Winkfield (NT),exit,Distribution,UK,0.0
2026-09,UK-TSO-0001,DIS-00180,Winkfield (SE),exit,Distribution,UK,0.1784
2026-09,UK-TSO-0001,DIS-00181,Winkfield (SO),exit,Distribution,UK,0.0
2026-09,UK-TSO-0001,DIS-00182,Yelverton,exit,Distribution,UK,0.0089
2026-09,FR-TSO-0003,ITP-00039,Oltingue (FR) / Rodersdorf (CH),exit,Transmission,CH,4.1578
2026-09,FR-TSO-0003,LNG-00003,Dunkerque GNL,entry,,,11.4504
2026-09,FR-TSO-0003,UGS-00285,Nord-B / SEDIANE B,entry,Storage,FR,0.0
2026-09,FR-TSO-0003,ITP-00526,VIRTUALYS,entry,Transmission,BE,0.3351
2026-09,FR-TSO-0003,UGS-00284,Nord-Ouest / SEDIANE,entry,Storage,FR,0.0
