time,geo,unit,siec,nrg_bal,freq,TWh
2022-01,ES,TJ_GCV,G3000,DL,M,0.15554083333333332
2022-02,ES,TJ_GCV,G3000,DL,M,0.24492194444444446
2022-03,ES,TJ_GCV,G3000,DL,M,0.1290997222222222
2022-04,ES,TJ_GCV,G3000,DL,M,0.18986555555555554
2022-05,ES,TJ_GCV,G3000,DL,M,0.17903527777777778
2022-06,ES,TJ_GCV,G3000,DL,M,0.18729944444444446
2022-07,ES,TJ_GCV,G3000,DL,M,0.16175666666666666
2022-08,ES,TJ_GCV,G3000,DL,M,0.24931305555555558
2022-09,ES,TJ_GCV,G3000,DL,M,0.2015883333333333
2022-10,ES,TJ_GCV,G3000,DL,M,0.28904833333333335
2022-11,ES,TJ_GCV,G3000,DL,M,0.23529805555555555
2022-12,ES,TJ_GCV,G3000,DL,M,0.21087027777777778
2023-01,ES,TJ_GCV,G3000,DL,M,0.25199666666666665
2023-02,ES,TJ_GCV,G3000,DL,M,0.19650222222222222
2023-03,ES,TJ_GCV,G3000,DL,M,0.17864027777777777
2023-04,ES,TJ_GCV,G3000,DL,M,0.24220583333333334
2023-05,ES,TJ_GCV,G3000,DL,M,0.19830666666666666
2023-06,ES,TJ_GCV,G3000,DL,M,0.2108761111111111
2023-07,ES,TJ_GCV,G3000,DL,M,0.16020916666666668
2023-08,ES,TJ_GCV,G3000,DL,M,0.12729694444444445
2023-09,ES,TJ_GCV,G3000,DL,M,0.17533500000000002
2023-10,ES,TJ_GCV,G3000,DL,M,0.1725786111111111
2023-11,ES,TJ_GCV,G3000,DL,M,0.19615833333333332
2023-12,ES,TJ_GCV,G3000,DL,M,0.1562786111111111
2024-01,ES,TJ_GCV,G3000,DL,M,0.18927583333333334
2024-02,ES,TJ_GCV,G3000,DL,M,0.11103527777777777
2024-03,ES,TJ_GCV,G3000,DL,M,0.12121916666666667
2024-04,ES,TJ_GCV,G3000,DL,M,0.12433805555555556
2024-05,ES,TJ_GCV,G3000,DL,M,0.09782805555555556
2024-06,ES,TJ_GCV,G3000,DL,M,0.15331333333333333
2024-07,ES,TJ_GCV,G3000,DL,M,0.1643861111111111
2024-08,ES,TJ_GCV,G3000,DL,M,0.11816444444444445
2024-09,ES,TJ_GCV,G3000,DL,M,0.0819388888888889
2024-10,ES,TJ_GCV,G3000,DL,M,0.12606527777777776
2024-11,ES,TJ_GCV,G3000,DL,M,0.16339055555555557
2024-12,ES,TJ_GCV,G3000,DL,M,0.19133333333333333
2025-01,ES,TJ_GCV,G3000,DL,M,0.12510583333333333
2025-02,ES,TJ_GCV,G3000,DL,M,0.12615416666666665
2025-03,ES,TJ_GCV,G3000,DL,M,0.13077777777777777
2025-04,ES,TJ_GCV,G3000,DL,M,0.1467511111111111
2025-05,ES,TJ_GCV,G3000,DL,M,0.18654305555555553
2025-06,ES,TJ_GCV,G3000,DL,M,0.0967625
2025-07,ES,TJ_GCV,G3000,DL,M,0.12191694444444445
2025-08,ES,TJ_GCV,G3000,DL,M,0.09519666666666668
2025-09,ES,TJ_GCV,G3000,DL,M,0.10632527777777778
2025-10,ES,TJ_GCV,G3000,DL,M,0.09300527777777778
2025-11,ES,TJ_GCV,G3000,DL,M,0.10764194444444446
2025-12,ES,TJ_GCV,G3000,DL,M,0.14558194444444444
2026-01,ES,TJ_GCV,G3000,DL,M,0.12558249999999999
2026-02,ES,TJ_GCV,G3000,DL,M,0.10943527777777777
2026-03,ES,TJ_GCV,G3000,DL,M,0.08528805555555555
2026-04,ES,TJ_GCV,G3000,DL,M,0.2118661111111111
2026-05,ES,TJ_GCV,G3000,DL,M,0.12570416666666667
2026-06,ES,TJ_GCV,G3000,DL,M,0.12112444444444445
2026-07,ES,TJ_GCV,G3000,DL,M,0.1486972222222222
2026-08,ES,TJ_GCV,G3000,DL,M,1.1310813888888889
2022-01,ES,TJ_GCV,G3000,EXP,M,3.5582944444444444
2022-02,ES,TJ_GCV,G3000,EXP,M,3.778714722222222
2022-03,ES,TJ_GCV,G3000,EXP,M,2.8307697222222226
2022-04,ES,TJ_GCV,G3000,EXP,M,7.848623333333334
2022-05,ES,TJ_GCV,G3000,EXP,M,7.3928425
2022-06,ES,TJ_GCV,G3000,EXP,M,4.059286388888889
2022-07,ES,TJ_GCV,G3000,EXP,M,4.3110575
2022-08,ES,TJ_GCV,G3000,EXP,M,7.000635555555555
2022-09,ES,TJ_GCV,G3000,EXP,M,3.096985833333333
2022-10,ES,TJ_GCV,G3000,EXP,M,7.003311388888888
2022-11,ES,TJ_GCV,G3000,EXP,M,6.309133055555556
2022-12,ES,TJ_GCV,G3000,EXP,M,10.451414722222223
2023-01,ES,TJ_GCV,G3000,EXP,M,7.404923055555556
2023-02,ES,TJ_GCV,G3000,EXP,M,4.974384722222222
2023-03,ES,TJ_GCV,G3000,EXP,M,7.802862222222222
2023-04,ES,TJ_GCV,G3000,EXP,M,9.5320875
2023-05,ES,TJ_GCV,G3000,EXP,M,9.443309166666667
2023-06,ES,TJ_GCV,G3000,EXP,M,5.357413055555556
2023-07,ES,TJ_GCV,G3000,EXP,M,3.598517222222222
2023-08,ES,TJ_GCV,G3000,EXP,M,4.756610833333333
2023-09,ES,TJ_GCV,G3000,EXP,M,3.2969508333333333
2023-10,ES,TJ_GCV,G3000,EXP,M,6.09857
2023-11,ES,TJ_GCV,G3000,EXP,M,7.981801944444444
2023-12,ES,TJ_GCV,G3000,EXP,M,4.018136388888888
2024-01,ES,TJ_GCV,G3000,EXP,M,2.8812611111111113
2024-02,ES,TJ_GCV,G3000,EXP,M,1.9026475
2024-03,ES,TJ_GCV,G3000,EXP,M,3.0500525
2024-04,ES,TJ_GCV,G3000,EXP,M,2.7337977777777778
2024-05,ES,TJ_GCV,G3000,EXP,M,3.5913594444444445
2024-06,ES,TJ_GCV,G3000,EXP,M,3.6881769444444443
2024-07,ES,TJ_GCV,G3000,EXP,M,5.3201825
2024-08,ES,TJ_GCV,G3000,EXP,M,1.942695277777778
2024-09,ES,TJ_GCV,G3000,EXP,M,1.887016111111111
2024-10,ES,TJ_GCV,G3000,EXP,M,1.94454
2024-11,ES,TJ_GCV,G3000,EXP,M,2.7431444444444444
2024-12,ES,TJ_GCV,G3000,EXP,M,1.3940175
2025-01,ES,TJ_GCV,G3000,EXP,M,2.697811944444444
2025-02,ES,TJ_GCV,G3000,EXP,M,3.9703794444444442
2025-03,ES,TJ_GCV,G3000,EXP,M,3.107226111111111
2025-04,ES,TJ_GCV,G3000,EXP,M,6.031346666666667
2025-05,ES,TJ_GCV,G3000,EXP,M,3.2279872222222226
2025-06,ES,TJ_GCV,G3000,EXP,M,1.6453069444444444
2025-07,ES,TJ_GCV,G3000,EXP,M,1.9415575
2025-08,ES,TJ_GCV,G3000,EXP,M,2.888067222222222
2025-09,ES,TJ_GCV,G3000,EXP,M,2.639092222222222
2025-10,ES,TJ_GCV,G3000,EXP,M,3.82727
2025-11,ES,TJ_GCV,G3000,EXP,M,1.3861325
2025-12,ES,TJ_GCV,G3000,EXP,M,1.641285
2026-01,ES,TJ_GCV,G3000,EXP,M,3.070796111111111
2026-02,ES,TJ_GCV,G3000,EXP,M,3.356802777777778
2026-03,ES,TJ_GCV,G3000,EXP,M,3.2353075
2026-04,ES,TJ_GCV,G3000,EXP,M,3.970960277777778
2026-05,ES,TJ_GCV,G3000,EXP,M,3.617051111111111
2026-06,ES,TJ_GCV,G3000,EXP,M,1.7092458333333334
2026-07,ES,TJ_GCV,G3000,EXP,M,1.3720075
2026-08,ES,TJ_GCV,G3000,EXP,M,2.954632777777778
2026-08,ES,TJ_GCV,G3000,FC_IND,M,0.07578888888888888
2026-08,ES,TJ_GCV,G3000,FC_OTH,M,0.0
2022-01,ES,TJ_GCV,G3000,FLARE,M,0.0
2022-02,ES,TJ_GCV,G3000,FLARE,M,0.0
2022-03,ES,TJ_GCV,G3000,FLARE,M,0.0
2022-04,ES,TJ_GCV,G3000,FLARE,M,0.0
2022-05,ES,TJ_GCV,G3000,FLARE,M,0.0
2022-06,ES,TJ_GCV,G3000,FLARE,M,0.0
2022-07,ES,TJ_GCV,G3000,FLARE,M,0.0
2022-08,ES,TJ_GCV,G3000,FLARE,M,0.0
2022-09,ES,TJ_GCV,G3000,FLARE,M,0.0
2022-10,ES,TJ_GCV,G3000,FLARE,M,0.0
2022-11,ES,TJ_GCV,G3000,FLARE,M,0.0
2022-12,ES,TJ_GCV,G3000,FLARE,M,0.0
2023-01,ES,TJ_GCV,G3000,FLARE,M,0.0
2023-02,ES,TJ_GCV,G3000,FLARE,M,0.0
2023-03,ES,TJ_GCV,G3000,FLARE,M,0.0
2023-04,ES,TJ_GCV,G3000,FLARE,M,0.0
2023-05,ES,TJ_GCV,G3000,FLARE,M,0.0
2023-06,ES,TJ_GCV,G3000,FLARE,M,0.0
2023-07,ES,TJ_GCV,G3000,FLARE,M,0.0
2023-08,ES,TJ_GCV,G3000,FLARE,M,0.0
2023-09,ES,TJ_GCV,G3000,FLARE,M,0.0
2023-10,ES,TJ_GCV,G3000,FLARE,M,0.0
2023-11,ES,TJ_GCV,G3000,FLARE,M,0.0
2023-12,ES,TJ_GCV,G3000,FLARE,M,0.0
2024-01,ES,TJ_GCV,G3000,FLARE,M,0.0
2024-02,ES,TJ_GCV,G3000,FLARE,M,0.0
2024-03,ES,TJ_GCV,G3000,FLARE,M,0.0
2024-04,ES,TJ_GCV,G3000,FLARE,M,0.0
2024-05,ES,TJ_GCV,G3000,FLARE,M,0.0
2024-06,ES,TJ_GCV,G3000,FLARE,M,0.0
2024-07,ES,TJ_GCV,G3000,FLARE,M,0.0
2024-08,ES,TJ_GCV,G3000,FLARE,M,0.0
2024-09,ES,TJ_GCV,G3000,FLARE,M,0.0
2024-10,ES,TJ_GCV,G3000,FLARE,M,0.0
2024-11,ES,TJ_GCV,G3000,FLARE,M,0.0
2024-12,ES,TJ_GCV,G3000,FLARE,M,0.0
2025-01,ES,TJ_GCV,G3000,FLARE,M,0.0
2025-02,ES,TJ_GCV,G3000,FLARE,M,0.0
2025-03,ES,TJ_GCV,G3000,FLARE,M,0.0
2025-04,ES,TJ_GCV,G3000,FLARE,M,0.0
2025-05,ES,TJ_GCV,G3000,FLARE,M,0.0
2025-06,ES,TJ_GCV,G3000,FLARE,M,0.0
2025-07,ES,TJ_GCV,G3000,FLARE,M,0.0
2025-08,ES,TJ_GCV,G3000,FLARE,M,0.0
2025-09,ES,TJ_GCV,G3000,FLARE,M,0.0
2025-10,ES,TJ_GCV,G3000,FLARE,M,0.0
2025-11,ES,TJ_GCV,G3000,FLARE,M,0.0
2025-12,ES,TJ_GCV,G3000,FLARE,M,0.0
2026-01,ES,TJ_GCV,G3000,FLARE,M,0.0
2026-02,ES,TJ_GCV,G3000,FLARE,M,0.0
2026-03,ES,TJ_GCV,G3000,FLARE,M,0.0
2026-04,ES,TJ_GCV,G3000,FLARE,M,0.0
2026-05,ES,TJ_GCV,G3000,FLARE,M,0.0
2026-06,ES,TJ_GCV,G3000,FLARE,M,0.0
2026-07,ES,TJ_GCV,G3000,FLARE,M,0.0
2026-08,ES,TJ_GCV,G3000,FLARE,M,0.0
2022-01,ES,TJ_GCV,G3000,IC_CAL_MG,M,42.05883583333333
2022-02,ES,TJ_GCV,G3000,IC_CAL_MG,M,34.83486833333333
2022-03,ES,TJ_GCV,G3000,IC_CAL_MG,M,34.25539833333333
2022-04,ES,TJ_GCV,G3000,IC_CAL_MG,M,27.021744444444444
2022-05,ES,TJ_GCV,G3000,IC_CAL_MG,M,26.18602861111111
2022-06,ES,TJ_GCV,G3000,IC_CAL_MG,M,29.312899444444444
2022-07,ES,TJ_GCV,G3000,IC_CAL_MG,M,31.24873388888889
2022-08,ES,TJ_GCV,G3000,IC_CAL_MG,M,28.537773055555554
2022-09,ES,TJ_GCV,G3000,IC_CAL_MG,M,28.385805555555553
2022-10,ES,TJ_GCV,G3000,IC_CAL_MG,M,28.18047
2022-11,ES,TJ_GCV,G3000,IC_CAL_MG,M,28.183431666666667
2022-12,ES,TJ_GCV,G3000,IC_CAL_MG,M,28.390375000000002
2023-01,ES,TJ_GCV,G3000,IC_CAL_MG,M,29.638455833333335
2023-02,ES,TJ_GCV,G3000,IC_CAL_MG,M,33.531483055555555
2023-03,ES,TJ_GCV,G3000,IC_CAL_MG,M,28.657361944444443
2023-04,ES,TJ_GCV,G3000,IC_CAL_MG,M,23.79866388888889
2023-05,ES,TJ_GCV,G3000,IC_CAL_MG,M,24.50663666666667
2023-06,ES,TJ_GCV,G3000,IC_CAL_MG,M,26.186504444444445
2023-07,ES,TJ_GCV,G3000,IC_CAL_MG,M,26.269849722222222
2023-08,ES,TJ_GCV,G3000,IC_CAL_MG,M,25.050383888888888
2023-09,ES,TJ_GCV,G3000,IC_CAL_MG,M,26.49942861111111
2023-10,ES,TJ_GCV,G3000,IC_CAL_MG,M,25.218596944444442
2023-11,ES,TJ_GCV,G3000,IC_CAL_MG,M,26.182444166666667
2023-12,ES,TJ_GCV,G3000,IC_CAL_MG,M,30.4268775
2024-01,ES,TJ_GCV,G3000,IC_CAL_MG,M,33.55272472222222
2024-02,ES,TJ_GCV,G3000,IC_CAL_MG,M,27.756188055555555
2024-03,ES,TJ_GCV,G3000,IC_CAL_MG,M,26.832075
2024-04,ES,TJ_GCV,G3000,IC_CAL_MG,M,22.60831111111111
2024-05,ES,TJ_GCV,G3000,IC_CAL_MG,M,22.270861666666665
2024-06,ES,TJ_GCV,G3000,IC_CAL_MG,M,20.979114444444445
2024-07,ES,TJ_GCV,G3000,IC_CAL_MG,M,23.632156944444443
2024-08,ES,TJ_GCV,G3000,IC_CAL_MG,M,22.552077222222223
2024-09,ES,TJ_GCV,G3000,IC_CAL_MG,M,22.582490000000004
2024-10,ES,TJ_GCV,G3000,IC_CAL_MG,M,23.955224166666667
2024-11,ES,TJ_GCV,G3000,IC_CAL_MG,M,29.450388888888888
2024-12,ES,TJ_GCV,G3000,IC_CAL_MG,M,35.184645277777776
2025-01,ES,TJ_GCV,G3000,IC_CAL_MG,M,32.740269166666664
2025-02,ES,TJ_GCV,G3000,IC_CAL_MG,M,28.57494722222222
2025-03,ES,TJ_GCV,G3000,IC_CAL_MG,M,28.197279444444447
2025-04,ES,TJ_GCV,G3000,IC_CAL_MG,M,23.021327777777778
2025-05,ES,TJ_GCV,G3000,IC_CAL_MG,M,24.474592222222224
2025-06,ES,TJ_GCV,G3000,IC_CAL_MG,M,25.391043333333332
2025-07,ES,TJ_GCV,G3000,IC_CAL_MG,M,25.44426138888889
2025-08,ES,TJ_GCV,G3000,IC_CAL_MG,M,23.102699444444443
2025-09,ES,TJ_GCV,G3000,IC_CAL_MG,M,24.518764166666667
2025-10,ES,TJ_GCV,G3000,IC_CAL_MG,M,29.099043055555555
2025-11,ES,TJ_GCV,G3000,IC_CAL_MG,M,31.020936666666667
2025-12,ES,TJ_GCV,G3000,IC_CAL_MG,M,35.25714333333333
2026-01,ES,TJ_GCV,G3000,IC_CAL_MG,M,36.24769472222222
2026-02,ES,TJ_GCV,G3000,IC_CAL_MG,M,27.53033361111111
2026-03,ES,TJ_GCV,G3000,IC_CAL_MG,M,28.487828888888888
2026-04,ES,TJ_GCV,G3000,IC_CAL_MG,M,23.213691666666666
2026-05,ES,TJ_GCV,G3000,IC_CAL_MG,M,23.960092777777778
2026-06,ES,TJ_GCV,G3000,IC_CAL_MG,M,23.8587225
2026-07,ES,TJ_GCV,G3000,IC_CAL_MG,M,27.348445555555553
2026-08,ES,TJ_GCV,G3000,IC_CAL_MG,M,25.05993361111111
2022-01,ES,TJ_GCV,G3000,IC_OBS,M,40.63133666666667
2022-02,ES,TJ_GCV,G3000,IC_OBS,M,34.94435111111111
2022-03,ES,TJ_GCV,G3000,IC_OBS,M,34.01498055555555
2022-04,ES,TJ_GCV,G3000,IC_OBS,M,26.697736666666668
2022-05,ES,TJ_GCV,G3000,IC_OBS,M,25.976653055555555
2022-06,ES,TJ_GCV,G3000,IC_OBS,M,29.460900555555554
2022-07,ES,TJ_GCV,G3000,IC_OBS,M,31.177139722222222
2022-08,ES,TJ_GCV,G3000,IC_OBS,M,28.423225277777778
2022-09,ES,TJ_GCV,G3000,IC_OBS,M,28.405762222222222
2022-10,ES,TJ_GCV,G3000,IC_OBS,M,28.46694527777778
2022-11,ES,TJ_GCV,G3000,IC_OBS,M,27.60142916666667
2022-12,ES,TJ_GCV,G3000,IC_OBS,M,27.44862611111111
2023-01,ES,TJ_GCV,G3000,IC_OBS,M,29.387091666666667
2023-02,ES,TJ_GCV,G3000,IC_OBS,M,33.690158333333336
2023-03,ES,TJ_GCV,G3000,IC_OBS,M,29.014980277777777
2023-04,ES,TJ_GCV,G3000,IC_OBS,M,24.28567388888889
2023-05,ES,TJ_GCV,G3000,IC_OBS,M,24.586584722222224
2023-06,ES,TJ_GCV,G3000,IC_OBS,M,26.276066944444445
2023-07,ES,TJ_GCV,G3000,IC_OBS,M,26.12924
2023-08,ES,TJ_GCV,G3000,IC_OBS,M,25.178303055555556
2023-09,ES,TJ_GCV,G3000,IC_OBS,M,26.262304999999998
2023-10,ES,TJ_GCV,G3000,IC_OBS,M,25.04882277777778
2023-11,ES,TJ_GCV,G3000,IC_OBS,M,26.33967138888889
2023-12,ES,TJ_GCV,G3000,IC_OBS,M,29.988344722222223
2024-01,ES,TJ_GCV,G3000,IC_OBS,M,33.17767194444445
2024-02,ES,TJ_GCV,G3000,IC_OBS,M,27.75329722222222
2024-03,ES,TJ_GCV,G3000,IC_OBS,M,26.841233055555556
2024-04,ES,TJ_GCV,G3000,IC_OBS,M,22.71035111111111
2024-05,ES,TJ_GCV,G3000,IC_OBS,M,22.367468055555555
2024-06,ES,TJ_GCV,G3000,IC_OBS,M,21.140316388888888
2024-07,ES,TJ_GCV,G3000,IC_OBS,M,23.96644611111111
2024-08,ES,TJ_GCV,G3000,IC_OBS,M,22.920735277777776
2024-09,ES,TJ_GCV,G3000,IC_OBS,M,22.551135833333337
2024-10,ES,TJ_GCV,G3000,IC_OBS,M,23.854736111111112
2024-11,ES,TJ_GCV,G3000,IC_OBS,M,29.62397138888889
2024-12,ES,TJ_GCV,G3000,IC_OBS,M,35.056374444444444
2025-01,ES,TJ_GCV,G3000,IC_OBS,M,32.51764472222222
2025-02,ES,TJ_GCV,G3000,IC_OBS,M,28.607225
2025-03,ES,TJ_GCV,G3000,IC_OBS,M,28.07454888888889
2025-04,ES,TJ_GCV,G3000,IC_OBS,M,23.246172222222224
2025-05,ES,TJ_GCV,G3000,IC_OBS,M,24.542671944444447
2025-06,ES,TJ_GCV,G3000,IC_OBS,M,25.588820555555557
2025-07,ES,TJ_GCV,G3000,IC_OBS,M,25.415277777777778
2025-08,ES,TJ_GCV,G3000,IC_OBS,M,23.159965555555555
2025-09,ES,TJ_GCV,G3000,IC_OBS,M,24.549033333333334
2025-10,ES,TJ_GCV,G3000,IC_OBS,M,29.165042222222223
2025-11,ES,TJ_GCV,G3000,IC_OBS,M,31.268115
2025-12,ES,TJ_GCV,G3000,IC_OBS,M,35.28973777777777
2026-01,ES,TJ_GCV,G3000,IC_OBS,M,36.137030555555555
2026-02,ES,TJ_GCV,G3000,IC_OBS,M,27.538628333333335
2026-03,ES,TJ_GCV,G3000,IC_OBS,M,28.713546944444445
2026-04,ES,TJ_GCV,G3000,IC_OBS,M,23.572485
2026-05,ES,TJ_GCV,G3000,IC_OBS,M,24.387049166666664
2026-06,ES,TJ_GCV,G3000,IC_OBS,M,23.94645861111111
2026-07,ES,TJ_GCV,G3000,IC_OBS,M,27.642376388888888
2026-08,ES,TJ_GCV,G3000,IC_OBS,M,25.05993361111111
2022-01,ES,TJ_GCV,G3000,IMP,M,37.82426888888889
2022-02,ES,TJ_GCV,G3000,IMP,M,37.8697525
2022-03,ES,TJ_GCV,G3000,IMP,M,37.58198472222222
2022-04,ES,TJ_GCV,G3000,IMP,M,40.759436388888886
2022-05,ES,TJ_GCV,G3000,IMP,M,36.645895277777775
2022-06,ES,TJ_GCV,G3000,IMP,M,35.883274166666666
2022-07,ES,TJ_GCV,G3000,IMP,M,36.605995
2022-08,ES,TJ_GCV,G3000,IMP,M,38.05534222222222
2022-09,ES,TJ_GCV,G3000,IMP,M,35.15136416666667
2022-10,ES,TJ_GCV,G3000,IMP,M,36.83451222222222
2022-11,ES,TJ_GCV,G3000,IMP,M,34.727627777777776
2022-12,ES,TJ_GCV,G3000,IMP,M,38.11788694444445
2023-01,ES,TJ_GCV,G3000,IMP,M,33.27086861111111
2023-02,ES,TJ_GCV,G3000,IMP,M,31.824512777777777
2023-03,ES,TJ_GCV,G3000,IMP,M,37.88273916666667
2023-04,ES,TJ_GCV,G3000,IMP,M,38.41048472222222
2023-05,ES,TJ_GCV,G3000,IMP,M,34.68342944444444
2023-06,ES,TJ_GCV,G3000,IMP,M,28.621594166666668
2023-07,ES,TJ_GCV,G3000,IMP,M,31.702148333333334
2023-08,ES,TJ_GCV,G3000,IMP,M,33.794581388888886
2023-09,ES,TJ_GCV,G3000,IMP,M,30.78390138888889
2023-10,ES,TJ_GCV,G3000,IMP,M,33.804180555555554
2023-11,ES,TJ_GCV,G3000,IMP,M,34.455956388888886
2023-12,ES,TJ_GCV,G3000,IMP,M,27.21660722222222
2024-01,ES,TJ_GCV,G3000,IMP,M,32.27872166666667
2024-02,ES,TJ_GCV,G3000,IMP,M,30.73288138888889
2024-03,ES,TJ_GCV,G3000,IMP,M,29.077076944444443
2024-04,ES,TJ_GCV,G3000,IMP,M,26.756406666666667
2024-05,ES,TJ_GCV,G3000,IMP,M,29.257848333333335
2024-06,ES,TJ_GCV,G3000,IMP,M,28.336475555555555
2024-07,ES,TJ_GCV,G3000,IMP,M,27.729588333333332
2024-08,ES,TJ_GCV,G3000,IMP,M,26.77735527777778
2024-09,ES,TJ_GCV,G3000,IMP,M,25.859198333333335
2024-10,ES,TJ_GCV,G3000,IMP,M,25.881445833333334
2024-11,ES,TJ_GCV,G3000,IMP,M,29.783159444444443
2024-12,ES,TJ_GCV,G3000,IMP,M,26.720275
2025-01,ES,TJ_GCV,G3000,IMP,M,35.48595666666667
2025-02,ES,TJ_GCV,G3000,IMP,M,26.21912388888889
2025-03,ES,TJ_GCV,G3000,IMP,M,36.51986305555556
2025-04,ES,TJ_GCV,G3000,IMP,M,32.85870944444444
2025-05,ES,TJ_GCV,G3000,IMP,M,30.745489722222224
2025-06,ES,TJ_GCV,G3000,IMP,M,27.587410000000002
2025-07,ES,TJ_GCV,G3000,IMP,M,30.94888472222222
2025-08,ES,TJ_GCV,G3000,IMP,M,27.720060555555555
2025-09,ES,TJ_GCV,G3000,IMP,M,27.512356111111114
2025-10,ES,TJ_GCV,G3000,IMP,M,34.90557583333334
2025-11,ES,TJ_GCV,G3000,IMP,M,30.009277777777775
2025-12,ES,TJ_GCV,G3000,IMP,M,31.214584444444444
2026-01,ES,TJ_GCV,G3000,IMP,M,34.313939166666664
2026-02,ES,TJ_GCV,G3000,IMP,M,31.353261666666665
2026-03,ES,TJ_GCV,G3000,IMP,M,37.560538055555554
2026-04,ES,TJ_GCV,G3000,IMP,M,28.667621666666665
2026-05,ES,TJ_GCV,G3000,IMP,M,31.3125825
2026-06,ES,TJ_GCV,G3000,IMP,M,25.883720555555556
2026-07,ES,TJ_GCV,G3000,IMP,M,25.57809722222222
2026-08,ES,TJ_GCV,G3000,IMP,M,29.637577222222223
2022-01,ES,TJ_GCV,G3000,INTMARB,M,0.06173722222222222
2022-02,ES,TJ_GCV,G3000,INTMARB,M,0.0
2022-03,ES,TJ_GCV,G3000,INTMARB,M,0.014101111111111111
2022-04,ES,TJ_GCV,G3000,INTMARB,M,0.01056611111111111
2022-05,ES,TJ_GCV,G3000,INTMARB,M,0.0075830555555555556
2022-06,ES,TJ_GCV,G3000,INTMARB,M,0.02807583333333333
2022-07,ES,TJ_GCV,G3000,INTMARB,M,0.018133055555555555
2022-08,ES,TJ_GCV,G3000,INTMARB,M,0.0
2022-09,ES,TJ_GCV,G3000,INTMARB,M,0.0
2022-10,ES,TJ_GCV,G3000,INTMARB,M,0.0
2022-11,ES,TJ_GCV,G3000,INTMARB,M,0.0077038888888888895
2022-12,ES,TJ_GCV,G3000,INTMARB,M,0.015786944444444444
2023-01,ES,TJ_GCV,G3000,INTMARB,M,0.0
2023-02,ES,TJ_GCV,G3000,INTMARB,M,0.0
2023-03,ES,TJ_GCV,G3000,INTMARB,M,0.03059388888888889
2023-04,ES,TJ_GCV,G3000,INTMARB,M,0.054883888888888885
2023-05,ES,TJ_GCV,G3000,INTMARB,M,0.23542138888888892
2023-06,ES,TJ_GCV,G3000,INTMARB,M,0.09730333333333333
2023-07,ES,TJ_GCV,G3000,INTMARB,M,0.1353061111111111
2023-08,ES,TJ_GCV,G3000,INTMARB,M,0.14745833333333333
2023-09,ES,TJ_GCV,G3000,INTMARB,M,0.18605083333333333
2023-10,ES,TJ_GCV,G3000,INTMARB,M,0.1826163888888889
2023-11,ES,TJ_GCV,G3000,INTMARB,M,0.13785444444444445
2023-12,ES,TJ_GCV,G3000,INTMARB,M,0.08001972222222223
2024-01,ES,TJ_GCV,G3000,INTMARB,M,0.18998416666666665
2024-02,ES,TJ_GCV,G3000,INTMARB,M,0.08155583333333333
2024-03,ES,TJ_GCV,G3000,INTMARB,M,0.19790555555555556
2024-04,ES,TJ_GCV,G3000,INTMARB,M,0.2028066666666667
2024-05,ES,TJ_GCV,G3000,INTMARB,M,0.22337944444444446
2024-06,ES,TJ_GCV,G3000,INTMARB,M,0.30937694444444447
2024-07,ES,TJ_GCV,G3000,INTMARB,M,0.3222375
2024-08,ES,TJ_GCV,G3000,INTMARB,M,0.3920275
2024-09,ES,TJ_GCV,G3000,INTMARB,M,0.5439305555555556
2024-10,ES,TJ_GCV,G3000,INTMARB,M,0.22089305555555555
2024-11,ES,TJ_GCV,G3000,INTMARB,M,0.33773277777777777
2024-12,ES,TJ_GCV,G3000,INTMARB,M,0.27936055555555556
2025-01,ES,TJ_GCV,G3000,INTMARB,M,0.3584902777777778
2025-02,ES,TJ_GCV,G3000,INTMARB,M,0.2838644444444445
2025-03,ES,TJ_GCV,G3000,INTMARB,M,0.5910683333333333
2025-04,ES,TJ_GCV,G3000,INTMARB,M,0.4395480555555556
2025-05,ES,TJ_GCV,G3000,INTMARB,M,0.5476077777777778
2025-06,ES,TJ_GCV,G3000,INTMARB,M,0.7693038888888889
2025-07,ES,TJ_GCV,G3000,INTMARB,M,0.4812122222222222
2025-08,ES,TJ_GCV,G3000,INTMARB,M,0.4358616666666667
2025-09,ES,TJ_GCV,G3000,INTMARB,M,0.5570286111111111
2025-10,ES,TJ_GCV,G3000,INTMARB,M,0.7741786111111112
2025-11,ES,TJ_GCV,G3000,INTMARB,M,0.6368705555555555
2025-12,ES,TJ_GCV,G3000,INTMARB,M,0.7585011111111111
2026-01,ES,TJ_GCV,G3000,INTMARB,M,0.7186172222222222
2026-02,ES,TJ_GCV,G3000,INTMARB,M,0.4508830555555556
2026-03,ES,TJ_GCV,G3000,INTMARB,M,0.7148711111111111
2026-04,ES,TJ_GCV,G3000,INTMARB,M,0.6682730555555555
2026-05,ES,TJ_GCV,G3000,INTMARB,M,0.7924016666666667
2026-06,ES,TJ_GCV,G3000,INTMARB,M,0.7916511111111111
2026-07,ES,TJ_GCV,G3000,INTMARB,M,0.6930336111111111
2026-08,ES,TJ_GCV,G3000,INTMARB,M,0.0
2022-01,ES,TJ_GCV,G3000,IPRD,M,0.029992777777777778
2022-02,ES,TJ_GCV,G3000,IPRD,M,0.02781222222222222
2022-03,ES,TJ_GCV,G3000,IPRD,M,0.020195555555555553
2022-04,ES,TJ_GCV,G3000,IPRD,M,0.03602861111111111
2022-05,ES,TJ_GCV,G3000,IPRD,M,0.030774722222222224
2022-06,ES,TJ_GCV,G3000,IPRD,M,0.025657777777777776
2022-07,ES,TJ_GCV,G3000,IPRD,M,0.03059833333333333
2022-08,ES,TJ_GCV,G3000,IPRD,M,0.005488333333333333
2022-09,ES,TJ_GCV,G3000,IPRD,M,0.052999722222222226
2022-10,ES,TJ_GCV,G3000,IPRD,M,0.04516333333333333
2022-11,ES,TJ_GCV,G3000,IPRD,M,0.038573055555555555
2022-12,ES,TJ_GCV,G3000,IPRD,M,0.036892777777777774
2023-01,ES,TJ_GCV,G3000,IPRD,M,0.020201666666666666
2023-02,ES,TJ_GCV,G3000,IPRD,M,0.03294805555555556
2023-03,ES,TJ_GCV,G3000,IPRD,M,0.031101666666666666
2023-04,ES,TJ_GCV,G3000,IPRD,M,0.004113333333333333
2023-05,ES,TJ_GCV,G3000,IPRD,M,0.009569166666666667
2023-06,ES,TJ_GCV,G3000,IPRD,M,0.02747527777777778
2023-07,ES,TJ_GCV,G3000,IPRD,M,0.03148472222222222
2023-08,ES,TJ_GCV,G3000,IPRD,M,0.03560388888888889
2023-09,ES,TJ_GCV,G3000,IPRD,M,0.005181388888888888
2023-10,ES,TJ_GCV,G3000,IPRD,M,0.04294972222222222
2023-11,ES,TJ_GCV,G3000,IPRD,M,0.009597222222222222
2023-12,ES,TJ_GCV,G3000,IPRD,M,0.05299527777777777
2024-01,ES,TJ_GCV,G3000,IPRD,M,0.004959166666666667
2024-02,ES,TJ_GCV,G3000,IPRD,M,0.030081944444444446
2024-03,ES,TJ_GCV,G3000,IPRD,M,0.014330277777777777
2024-04,ES,TJ_GCV,G3000,IPRD,M,0.018314444444444446
2024-05,ES,TJ_GCV,G3000,IPRD,M,0.027413055555555555
2024-06,ES,TJ_GCV,G3000,IPRD,M,0.004205
2024-07,ES,TJ_GCV,G3000,IPRD,M,0.0048180555555555555
2024-08,ES,TJ_GCV,G3000,IPRD,M,0.0049655555555555555
2024-09,ES,TJ_GCV,G3000,IPRD,M,0.004066944444444444
2024-10,ES,TJ_GCV,G3000,IPRD,M,0.041915
2024-11,ES,TJ_GCV,G3000,IPRD,M,0.0120675
2024-12,ES,TJ_GCV,G3000,IPRD,M,0.08385888888888889
2025-01,ES,TJ_GCV,G3000,IPRD,M,0.12170027777777777
2025-02,ES,TJ_GCV,G3000,IPRD,M,0.0769838888888889
2025-03,ES,TJ_GCV,G3000,IPRD,M,0.057527499999999995
2025-04,ES,TJ_GCV,G3000,IPRD,M,0.003247777777777778
2025-05,ES,TJ_GCV,G3000,IPRD,M,0.0003941666666666667
2025-06,ES,TJ_GCV,G3000,IPRD,M,0.0005719444444444445
2025-07,ES,TJ_GCV,G3000,IPRD,M,0.0
2025-08,ES,TJ_GCV,G3000,IPRD,M,0.0
2025-09,ES,TJ_GCV,G3000,IPRD,M,0.0
2025-10,ES,TJ_GCV,G3000,IPRD,M,0.02798388888888889
2025-11,ES,TJ_GCV,G3000,IPRD,M,0.06529611111111111
2025-12,ES,TJ_GCV,G3000,IPRD,M,0.054801944444444445
2026-01,ES,TJ_GCV,G3000,IPRD,M,0.050166944444444445
2026-02,ES,TJ_GCV,G3000,IPRD,M,0.021176666666666667
2026-03,ES,TJ_GCV,G3000,IPRD,M,0.029644166666666666
2026-04,ES,TJ_GCV,G3000,IPRD,M,0.012284444444444443
2026-05,ES,TJ_GCV,G3000,IPRD,M,0.03964388888888889
2026-06,ES,TJ_GCV,G3000,IPRD,M,0.028639444444444447
2026-07,ES,TJ_GCV,G3000,IPRD,M,0.02833527777777778
2026-08,ES,TJ_GCV,G3000,IPRD,M,0.014
2022-01,ES,TJ_GCV,G3000,STATDIFF,M,1.4274991666666668
2022-02,ES,TJ_GCV,G3000,STATDIFF,M,-0.10948277777777778
2022-03,ES,TJ_GCV,G3000,STATDIFF,M,0.24041777777777779
2022-04,ES,TJ_GCV,G3000,STATDIFF,M,0.3240077777777778
2022-05,ES,TJ_GCV,G3000,STATDIFF,M,0.20937555555555554
2022-06,ES,TJ_GCV,G3000,STATDIFF,M,-0.1480011111111111
2022-07,ES,TJ_GCV,G3000,STATDIFF,M,0.07159416666666665
2022-08,ES,TJ_GCV,G3000,STATDIFF,M,0.11454777777777778
2022-09,ES,TJ_GCV,G3000,STATDIFF,M,-0.019956666666666664
2022-10,ES,TJ_GCV,G3000,STATDIFF,M,-0.28647527777777776
2022-11,ES,TJ_GCV,G3000,STATDIFF,M,0.5820025
2022-12,ES,TJ_GCV,G3000,STATDIFF,M,0.9417488888888889
2023-01,ES,TJ_GCV,G3000,STATDIFF,M,0.25136416666666667
2023-02,ES,TJ_GCV,G3000,STATDIFF,M,-0.1586752777777778
2023-03,ES,TJ_GCV,G3000,STATDIFF,M,-0.3576183333333333
2023-04,ES,TJ_GCV,G3000,STATDIFF,M,-0.48701000000000005
2023-05,ES,TJ_GCV,G3000,STATDIFF,M,-0.07994805555555555
2023-06,ES,TJ_GCV,G3000,STATDIFF,M,-0.0895625
2023-07,ES,TJ_GCV,G3000,STATDIFF,M,0.14060972222222223
2023-08,ES,TJ_GCV,G3000,STATDIFF,M,-0.12791916666666667
2023-09,ES,TJ_GCV,G3000,STATDIFF,M,0.2371236111111111
2023-10,ES,TJ_GCV,G3000,STATDIFF,M,0.16977416666666667
2023-11,ES,TJ_GCV,G3000,STATDIFF,M,-0.15722722222222224
2023-12,ES,TJ_GCV,G3000,STATDIFF,M,0.43853277777777777
2024-01,ES,TJ_GCV,G3000,STATDIFF,M,0.3750527777777778
2024-02,ES,TJ_GCV,G3000,STATDIFF,M,0.0028908333333333334
2024-03,ES,TJ_GCV,G3000,STATDIFF,M,-0.009158055555555556
2024-04,ES,TJ_GCV,G3000,STATDIFF,M,-0.10203999999999999
2024-05,ES,TJ_GCV,G3000,STATDIFF,M,-0.0966063888888889
2024-06,ES,TJ_GCV,G3000,STATDIFF,M,-0.16120194444444444
2024-07,ES,TJ_GCV,G3000,STATDIFF,M,-0.3342891666666667
2024-08,ES,TJ_GCV,G3000,STATDIFF,M,-0.3686580555555556
2024-09,ES,TJ_GCV,G3000,STATDIFF,M,0.03135416666666667
2024-10,ES,TJ_GCV,G3000,STATDIFF,M,0.10048805555555555
2024-11,ES,TJ_GCV,G3000,STATDIFF,M,-0.1735825
2024-12,ES,TJ_GCV,G3000,STATDIFF,M,0.12827083333333333
2025-01,ES,TJ_GCV,G3000,STATDIFF,M,0.22262444444444443
2025-02,ES,TJ_GCV,G3000,STATDIFF,M,-0.03227777777777778
2025-03,ES,TJ_GCV,G3000,STATDIFF,M,0.12273055555555555
2025-04,ES,TJ_GCV,G3000,STATDIFF,M,-0.22484444444444446
2025-05,ES,TJ_GCV,G3000,STATDIFF,M,-0.06807972222222222
2025-06,ES,TJ_GCV,G3000,STATDIFF,M,-0.19777722222222224
2025-07,ES,TJ_GCV,G3000,STATDIFF,M,0.02898361111111111
2025-08,ES,TJ_GCV,G3000,STATDIFF,M,-0.05726611111111111
2025-09,ES,TJ_GCV,G3000,STATDIFF,M,-0.030269166666666666
2025-10,ES,TJ_GCV,G3000,STATDIFF,M,-0.06599916666666666
2025-11,ES,TJ_GCV,G3000,STATDIFF,M,-0.24717833333333333
2025-12,ES,TJ_GCV,G3000,STATDIFF,M,-0.03259444444444445
2026-01,ES,TJ_GCV,G3000,STATDIFF,M,0.11066416666666667
2026-02,ES,TJ_GCV,G3000,STATDIFF,M,-0.008294722222222222
2026-03,ES,TJ_GCV,G3000,STATDIFF,M,-0.22571805555555557
2026-04,ES,TJ_GCV,G3000,STATDIFF,M,-0.3587933333333333
2026-05,ES,TJ_GCV,G3000,STATDIFF,M,-0.42695638888888887
2026-06,ES,TJ_GCV,G3000,STATDIFF,M,-0.08773611111111111
2026-07,ES,TJ_GCV,G3000,STATDIFF,M,-0.29393083333333336
2026-08,ES,TJ_GCV,G3000,STATDIFF,M,0.0
2023-08,ES,TJ_GCV,G3000,STK_CHG_CG,M,0.0
2023-09,ES,TJ_GCV,G3000,STK_CHG_CG,M,0.0
2023-10,ES,TJ_GCV,G3000,STK_CHG_CG,M,0.0
2023-11,ES,TJ_GCV,G3000,STK_CHG_CG,M,0.0
2023-12,ES,TJ_GCV,G3000,STK_CHG_CG,M,0.0
2024-01,ES,TJ_GCV,G3000,STK_CHG_CG,M,0.0
2024-02,ES,TJ_GCV,G3000,STK_CHG_CG,M,0.0
2024-03,ES,TJ_GCV,G3000,STK_CHG_CG,M,0.0
2024-04,ES,TJ_GCV,G3000,STK_CHG_CG,M,0.0
2024-05,ES,TJ_GCV,G3000,STK_CHG_CG,M,0.0
2024-06,ES,TJ_GCV,G3000,STK_CHG_CG,M,0.0
2024-07,ES,TJ_GCV,G3000,STK_CHG_CG,M,0.0
2024-08,ES,TJ_GCV,G3000,STK_CHG_CG,M,0.0
2024-09,ES,TJ_GCV,G3000,STK_CHG_CG,M,0.0
2024-10,ES,TJ_GCV,G3000,STK_CHG_CG,M,0.0
2024-11,ES,TJ_GCV,G3000,STK_CHG_CG,M,0.0
2024-12,ES,TJ_GCV,G3000,STK_CHG_CG,M,0.0
2025-01,ES,TJ_GCV,G3000,STK_CHG_CG,M,0.0
2025-02,ES,TJ_GCV,G3000,STK_CHG_CG,M,0.0
2025-03,ES,TJ_GCV,G3000,STK_CHG_CG,M,0.0
2025-04,ES,TJ_GCV,G3000,STK_CHG_CG,M,0.0
2025-05,ES,TJ_GCV,G3000,STK_CHG_CG,M,0.0
2025-06,ES,TJ_GCV,G3000,STK_CHG_CG,M,0.0
2025-07,ES,TJ_GCV,G3000,STK_CHG_CG,M,0.0
2025-08,ES,TJ_GCV,G3000,STK_CHG_CG,M,0.0
2025-09,ES,TJ_GCV,G3000,STK_CHG_CG,M,0.0
2025-10,ES,TJ_GCV,G3000,STK_CHG_CG,M,0.0
2025-11,ES,TJ_GCV,G3000,STK_CHG_CG,M,0.0
2025-12,ES,TJ_GCV,G3000,STK_CHG_CG,M,0.0
2026-01,ES,TJ_GCV,G3000,STK_CHG_CG,M,0.0
2026-02,ES,TJ_GCV,G3000,STK_CHG_CG,M,0.0
2026-03,ES,TJ_GCV,G3000,STK_CHG_CG,M,0.0
2026-04,ES,TJ_GCV,G3000,STK_CHG_CG,M,0.0
2026-05,ES,TJ_GCV,G3000,STK_CHG_CG,M,0.0
2026-06,ES,TJ_GCV,G3000,STK_CHG_CG,M,0.0
2026-07,ES,TJ_GCV,G3000,STK_CHG_CG,M,0.0
2026-08,ES,TJ_GCV,G3000,STK_CHG_CG,M,0.0
2022-01,ES,TJ_GCV,G3000,STK_CHG_MG,M,-7.8145219444444445
2022-02,ES,TJ_GCV,G3000,STK_CHG_MG,M,-0.7102475
2022-03,ES,TJ_GCV,G3000,STK_CHG_MG,M,0.5118327777777778
2022-04,ES,TJ_GCV,G3000,STK_CHG_MG,M,5.924256111111111
2022-05,ES,TJ_GCV,G3000,STK_CHG_MG,M,3.1002311111111114
2022-06,ES,TJ_GCV,G3000,STK_CHG_MG,M,2.5237808333333334
2022-07,ES,TJ_GCV,G3000,STK_CHG_MG,M,1.0734700000000001
2022-08,ES,TJ_GCV,G3000,STK_CHG_MG,M,2.53558
2022-09,ES,TJ_GCV,G3000,STK_CHG_MG,M,3.734536388888889
2022-10,ES,TJ_GCV,G3000,STK_CHG_MG,M,1.71117
2022-11,ES,TJ_GCV,G3000,STK_CHG_MG,M,0.2821638888888889
2022-12,ES,TJ_GCV,G3000,STK_CHG_MG,M,-0.6873619444444445
2023-01,ES,TJ_GCV,G3000,STK_CHG_MG,M,-3.7349830555555554
2023-02,ES,TJ_GCV,G3000,STK_CHG_MG,M,-6.645496666666666
2023-03,ES,TJ_GCV,G3000,STK_CHG_MG,M,1.442965
2023-04,ES,TJ_GCV,G3000,STK_CHG_MG,M,5.045807777777777
2023-05,ES,TJ_GCV,G3000,STK_CHG_MG,M,0.5277888888888889
2023-06,ES,TJ_GCV,G3000,STK_CHG_MG,M,-2.971355833333333
2023-07,ES,TJ_GCV,G3000,STK_CHG_MG,M,1.7553838888888889
2023-08,ES,TJ_GCV,G3000,STK_CHG_MG,M,3.8967380555555553
2023-09,ES,TJ_GCV,G3000,STK_CHG_MG,M,0.8271558333333333
2023-10,ES,TJ_GCV,G3000,STK_CHG_MG,M,2.3691941666666665
2023-11,ES,TJ_GCV,G3000,STK_CHG_MG,M,0.18847583333333334
2023-12,ES,TJ_GCV,G3000,STK_CHG_MG,M,-7.2298688888888885
2024-01,ES,TJ_GCV,G3000,STK_CHG_MG,M,-4.313904722222222
2024-02,ES,TJ_GCV,G3000,STK_CHG_MG,M,1.0499647222222221
2024-03,ES,TJ_GCV,G3000,STK_CHG_MG,M,-0.9600558333333333
2024-04,ES,TJ_GCV,G3000,STK_CHG_MG,M,1.256113888888889
2024-05,ES,TJ_GCV,G3000,STK_CHG_MG,M,3.2282219444444444
2024-06,ES,TJ_GCV,G3000,STK_CHG_MG,M,3.39164
2024-07,ES,TJ_GCV,G3000,STK_CHG_MG,M,-1.5101380555555557
2024-08,ES,TJ_GCV,G3000,STK_CHG_MG,M,1.9119955555555557
2024-09,ES,TJ_GCV,G3000,STK_CHG_MG,M,0.8744463888888889
2024-10,ES,TJ_GCV,G3000,STK_CHG_MG,M,-0.15579583333333333
2024-11,ES,TJ_GCV,G3000,STK_CHG_MG,M,-2.70755
2024-12,ES,TJ_GCV,G3000,STK_CHG_MG,M,-10.02458138888889
2025-01,ES,TJ_GCV,G3000,STK_CHG_MG,M,-0.16028444444444445
2025-02,ES,TJ_GCV,G3000,STK_CHG_MG,M,-6.5043927777777775
2025-03,ES,TJ_GCV,G3000,STK_CHG_MG,M,4.714362777777778
2025-04,ES,TJ_GCV,G3000,STK_CHG_MG,M,3.402473055555556
2025-05,ES,TJ_GCV,G3000,STK_CHG_MG,M,2.534825
2025-06,ES,TJ_GCV,G3000,STK_CHG_MG,M,-0.177835
2025-07,ES,TJ_GCV,G3000,STK_CHG_MG,M,3.124470833333333
2025-08,ES,TJ_GCV,G3000,STK_CHG_MG,M,1.3322758333333333
2025-09,ES,TJ_GCV,G3000,STK_CHG_MG,M,-0.16108
2025-10,ES,TJ_GCV,G3000,STK_CHG_MG,M,1.2764230555555554
2025-11,ES,TJ_GCV,G3000,STK_CHG_MG,M,-2.9309819444444445
2025-12,ES,TJ_GCV,G3000,STK_CHG_MG,M,-6.347214722222223
2026-01,ES,TJ_GCV,G3000,STK_CHG_MG,M,-5.632935
2026-02,ES,TJ_GCV,G3000,STK_CHG_MG,M,0.08204083333333333
2026-03,ES,TJ_GCV,G3000,STK_CHG_MG,M,5.202196944444444
2026-04,ES,TJ_GCV,G3000,STK_CHG_MG,M,0.8780611111111111
2026-05,ES,TJ_GCV,G3000,STK_CHG_MG,M,3.0339808333333336
2026-06,ES,TJ_GCV,G3000,STK_CHG_MG,M,-0.3993069444444445
2026-07,ES,TJ_GCV,G3000,STK_CHG_MG,M,-3.7592458333333334
2026-08,ES,TJ_GCV,G3000,STK_CHG_MG,M,1.6830105555555555
2022-01,ES,TJ_GCV,G3000,TI_EHG_MAP,M,11.00529888888889
2022-02,ES,TJ_GCV,G3000,TI_EHG_MAP,M,9.351955833333333
2022-03,ES,TJ_GCV,G3000,TI_EHG_MAP,M,7.592677777777777
2022-04,ES,TJ_GCV,G3000,TI_EHG_MAP,M,6.298073888888888
2022-05,ES,TJ_GCV,G3000,TI_EHG_MAP,M,7.4909019444444445
2022-06,ES,TJ_GCV,G3000,TI_EHG_MAP,M,13.086220833333332
2022-07,ES,TJ_GCV,G3000,TI_EHG_MAP,M,17.023679722222223
2022-08,ES,TJ_GCV,G3000,TI_EHG_MAP,M,16.387276944444444
2022-09,ES,TJ_GCV,G3000,TI_EHG_MAP,M,15.630808611111112
2022-10,ES,TJ_GCV,G3000,TI_EHG_MAP,M,14.365321666666668
2022-11,ES,TJ_GCV,G3000,TI_EHG_MAP,M,9.539820833333334
2022-12,ES,TJ_GCV,G3000,TI_EHG_MAP,M,8.759360833333334
2023-01,ES,TJ_GCV,G3000,TI_EHG_MAP,M,5.895425833333333
2023-02,ES,TJ_GCV,G3000,TI_EHG_MAP,M,9.092674722222222
2023-03,ES,TJ_GCV,G3000,TI_EHG_MAP,M,6.471933888888889
2023-04,ES,TJ_GCV,G3000,TI_EHG_MAP,M,6.076043888888889
2023-05,ES,TJ_GCV,G3000,TI_EHG_MAP,M,6.960720833333333
2023-06,ES,TJ_GCV,G3000,TI_EHG_MAP,M,9.658610833333334
2023-07,ES,TJ_GCV,G3000,TI_EHG_MAP,M,10.23680888888889
2023-08,ES,TJ_GCV,G3000,TI_EHG_MAP,M,10.590294722222223
2023-09,ES,TJ_GCV,G3000,TI_EHG_MAP,M,10.110036944444445
2023-10,ES,TJ_GCV,G3000,TI_EHG_MAP,M,8.337058888888889
2023-11,ES,TJ_GCV,G3000,TI_EHG_MAP,M,6.796917777777778
2023-12,ES,TJ_GCV,G3000,TI_EHG_MAP,M,6.7492849999999995
2024-01,ES,TJ_GCV,G3000,TI_EHG_MAP,M,7.008987777777778
2024-02,ES,TJ_GCV,G3000,TI_EHG_MAP,M,4.689060833333333
2024-03,ES,TJ_GCV,G3000,TI_EHG_MAP,M,4.799200833333333
2024-04,ES,TJ_GCV,G3000,TI_EHG_MAP,M,4.489066944444445
2024-05,ES,TJ_GCV,G3000,TI_EHG_MAP,M,4.28917
2024-06,ES,TJ_GCV,G3000,TI_EHG_MAP,M,4.522781944444445
2024-07,ES,TJ_GCV,G3000,TI_EHG_MAP,M,6.582834999999999
2024-08,ES,TJ_GCV,G3000,TI_EHG_MAP,M,7.632106944444444
2024-09,ES,TJ_GCV,G3000,TI_EHG_MAP,M,6.141703888888888
2024-10,ES,TJ_GCV,G3000,TI_EHG_MAP,M,6.3510808333333335
2024-11,ES,TJ_GCV,G3000,TI_EHG_MAP,M,8.44495888888889
2024-12,ES,TJ_GCV,G3000,TI_EHG_MAP,M,9.797502777777778
2025-01,ES,TJ_GCV,G3000,TI_EHG_MAP,M,7.075708888888888
2025-02,ES,TJ_GCV,G3000,TI_EHG_MAP,M,6.672765833333333
2025-03,ES,TJ_GCV,G3000,TI_EHG_MAP,M,5.514370833333333
2025-04,ES,TJ_GCV,G3000,TI_EHG_MAP,M,5.627786944444444
2025-05,ES,TJ_GCV,G3000,TI_EHG_MAP,M,7.198125
2025-06,ES,TJ_GCV,G3000,TI_EHG_MAP,M,9.834888888888889
2025-07,ES,TJ_GCV,G3000,TI_EHG_MAP,M,9.404083888888888
2025-08,ES,TJ_GCV,G3000,TI_EHG_MAP,M,9.220269722222222
2025-09,ES,TJ_GCV,G3000,TI_EHG_MAP,M,8.535942777777779
2025-10,ES,TJ_GCV,G3000,TI_EHG_MAP,M,11.413137777777779
2025-11,ES,TJ_GCV,G3000,TI_EHG_MAP,M,9.176414722222223
2025-12,ES,TJ_GCV,G3000,TI_EHG_MAP,M,11.039476944444443
2026-01,ES,TJ_GCV,G3000,TI_EHG_MAP,M,9.20176388888889
2026-02,ES,TJ_GCV,G3000,TI_EHG_MAP,M,6.5836669444444444
2026-03,ES,TJ_GCV,G3000,TI_EHG_MAP,M,7.957885833333333
2026-04,ES,TJ_GCV,G3000,TI_EHG_MAP,M,6.686885833333333
2026-05,ES,TJ_GCV,G3000,TI_EHG_MAP,M,7.339598888888889
2026-06,ES,TJ_GCV,G3000,TI_EHG_MAP,M,8.588125833333333
2026-07,ES,TJ_GCV,G3000,TI_EHG_MAP,M,12.143104722222223
2026-08,ES,TJ_GCV,G3000,TI_EHG_MAP,M,0.6571227777777777
2022-01,ES,TJ_GCV,G3000,TOS,M,0.010083888888888889
2022-02,ES,TJ_GCV,G3000,TOS,M,0.005770833333333333
2022-03,ES,TJ_GCV,G3000,TOS,M,0.009921666666666667
2022-04,ES,TJ_GCV,G3000,TOS,M,0.009725
2022-05,ES,TJ_GCV,G3000,TOS,M,0.010015277777777777
2022-06,ES,TJ_GCV,G3000,TOS,M,0.015110555555555556
2022-07,ES,TJ_GCV,G3000,TOS,M,0.01480111111111111
2022-08,ES,TJ_GCV,G3000,TOS,M,0.013158055555555555
2022-09,ES,TJ_GCV,G3000,TOS,M,0.01296388888888889
2022-10,ES,TJ_GCV,G3000,TOS,M,0.015275833333333334
2022-11,ES,TJ_GCV,G3000,TOS,M,0.016231666666666665
2022-12,ES,TJ_GCV,G3000,TOS,M,0.015435
2023-01,ES,TJ_GCV,G3000,TOS,M,0.017325555555555556
2023-02,ES,TJ_GCV,G3000,TOS,M,0.0029102777777777777
2023-03,ES,TJ_GCV,G3000,TOS,M,0.019942222222222222
2023-04,ES,TJ_GCV,G3000,TOS,M,0.016845000000000002
2023-05,ES,TJ_GCV,G3000,TOS,M,0.0201575
2023-06,ES,TJ_GCV,G3000,TOS,M,0.020795555555555557
2023-07,ES,TJ_GCV,G3000,TOS,M,0.025423888888888888
2023-08,ES,TJ_GCV,G3000,TOS,M,0.02100583333333333
2023-09,ES,TJ_GCV,G3000,TOS,M,0.020503333333333332
2023-10,ES,TJ_GCV,G3000,TOS,M,0.021847222222222223
2023-11,ES,TJ_GCV,G3000,TOS,M,0.025022777777777776
2023-12,ES,TJ_GCV,G3000,TOS,M,0.025562222222222222
2024-01,ES,TJ_GCV,G3000,TOS,M,0.026384444444444443
2024-02,ES,TJ_GCV,G3000,TOS,M,0.02739277777777778
2024-03,ES,TJ_GCV,G3000,TOS,M,0.02857
2024-04,ES,TJ_GCV,G3000,TOS,M,0.026308333333333333
2024-05,ES,TJ_GCV,G3000,TOS,M,0.02856111111111111
2024-06,ES,TJ_GCV,G3000,TOS,M,0.027627777777777775
2024-07,ES,TJ_GCV,G3000,TOS,M,0.0300325
2024-08,ES,TJ_GCV,G3000,TOS,M,0.01647472222222222
2024-09,ES,TJ_GCV,G3000,TOS,M,0.024617777777777777
2024-10,ES,TJ_GCV,G3000,TOS,M,0.041500555555555554
2024-11,ES,TJ_GCV,G3000,TOS,M,0.02848916666666667
2024-12,ES,TJ_GCV,G3000,TOS,M,0.029308055555555556
2025-01,ES,TJ_GCV,G3000,TOS,M,0.02863
2025-02,ES,TJ_GCV,G3000,TOS,M,0.028690555555555556
2025-03,ES,TJ_GCV,G3000,TOS,M,0.03254611111111111
2025-04,ES,TJ_GCV,G3000,TOS,M,0.032738333333333335
2025-05,ES,TJ_GCV,G3000,TOS,M,0.039128333333333334
2025-06,ES,TJ_GCV,G3000,TOS,M,0.03983722222222222
2025-07,ES,TJ_GCV,G3000,TOS,M,0.04261722222222222
2025-08,ES,TJ_GCV,G3000,TOS,M,0.03884361111111111
2025-09,ES,TJ_GCV,G3000,TOS,M,0.04144888888888889
2025-10,ES,TJ_GCV,G3000,TOS,M,0.043355
2025-11,ES,TJ_GCV,G3000,TOS,M,0.038383888888888884
2025-12,ES,TJ_GCV,G3000,TOS,M,0.04032833333333333
2026-01,ES,TJ_GCV,G3000,TOS,M,0.04006694444444445
2026-02,ES,TJ_GCV,G3000,TOS,M,0.045621944444444444
2026-03,ES,TJ_GCV,G3000,TOS,M,0.050022222222222225
2026-04,ES,TJ_GCV,G3000,TOS,M,0.05108
2026-05,ES,TJ_GCV,G3000,TOS,M,0.051300000000000005
2026-06,ES,TJ_GCV,G3000,TOS,M,0.047952499999999995
2026-07,ES,TJ_GCV,G3000,TOS,M,0.047808333333333335
2026-08,ES,TJ_GCV,G3000,TOS,M,0.046
2022-01,ES,TJ_GCV,G3000,VENT,M,0.0
2022-02,ES,TJ_GCV,G3000,VENT,M,0.0
2022-03,ES,TJ_GCV,G3000,VENT,M,0.0
2022-04,ES,TJ_GCV,G3000,VENT,M,0.0
2022-05,ES,TJ_GCV,G3000,VENT,M,0.0
2022-06,ES,TJ_GCV,G3000,VENT,M,0.0
2022-07,ES,TJ_GCV,G3000,VENT,M,0.0
2022-08,ES,TJ_GCV,G3000,VENT,M,0.0
2022-09,ES,TJ_GCV,G3000,VENT,M,0.0
2022-10,ES,TJ_GCV,G3000,VENT,M,0.0
2022-11,ES,TJ_GCV,G3000,VENT,M,0.0
2022-12,ES,TJ_GCV,G3000,VENT,M,0.0
2023-01,ES,TJ_GCV,G3000,VENT,M,0.0
2023-02,ES,TJ_GCV,G3000,VENT,M,0.0
2023-03,ES,TJ_GCV,G3000,VENT,M,0.0
2023-04,ES,TJ_GCV,G3000,VENT,M,0.0
2023-05,ES,TJ_GCV,G3000,VENT,M,0.0
2023-06,ES,TJ_GCV,G3000,VENT,M,0.0
2023-07,ES,TJ_GCV,G3000,VENT,M,0.0
2023-08,ES,TJ_GCV,G3000,VENT,M,0.0
2023-09,ES,TJ_GCV,G3000,VENT,M,0.0
2023-10,ES,TJ_GCV,G3000,VENT,M,0.0
2023-11,ES,TJ_GCV,G3000,VENT,M,0.0
2023-12,ES,TJ_GCV,G3000,VENT,M,0.0
2024-01,ES,TJ_GCV,G3000,VENT,M,0.0
2024-02,ES,TJ_GCV,G3000,VENT,M,0.0
2024-03,ES,TJ_GCV,G3000,VENT,M,0.0
2024-04,ES,TJ_GCV,G3000,VENT,M,0.0
2024-05,ES,TJ_GCV,G3000,VENT,M,0.0
2024-06,ES,TJ_GCV,G3000,VENT,M,0.0
2024-07,ES,TJ_GCV,G3000,VENT,M,0.0
2024-08,ES,TJ_GCV,G3000,VENT,M,0.0
2024-09,ES,TJ_GCV,G3000,VENT,M,0.0
2024-10,ES,TJ_GCV,G3000,VENT,M,0.0
2024-11,ES,TJ_GCV,G3000,VENT,M,0.0
2024-12,ES,TJ_GCV,G3000,VENT,M,0.0
2025-01,ES,TJ_GCV,G3000,VENT,M,0.0
2025-02,ES,TJ_GCV,G3000,VENT,M,0.0
2025-03,ES,TJ_GCV,G3000,VENT,M,0.0
2025-04,ES,TJ_GCV,G3000,VENT,M,0.0
2025-05,ES,TJ_GCV,G3000,VENT,M,0.0
2025-06,ES,TJ_GCV,G3000,VENT,M,0.0
2025-07,ES,TJ_GCV,G3000,VENT,M,0.0
2025-08,ES,TJ_GCV,G3000,VENT,M,0.0
2025-09,ES,TJ_GCV,G3000,VENT,M,0.0
2025-10,ES,TJ_GCV,G3000,VENT,M,0.0
2025-11,ES,TJ_GCV,G3000,VENT,M,0.0
2025-12,ES,TJ_GCV,G3000,VENT,M,0.0
2026-01,ES,TJ_GCV,G3000,VENT,M,0.0
2026-02,ES,TJ_GCV,G3000,VENT,M,0.0
2026-03,ES,TJ_GCV,G3000,VENT,M,0.0
2026-04,ES,TJ_GCV,G3000,VENT,M,0.0
2026-05,ES,TJ_GCV,G3000,VENT,M,0.0
2026-06,ES,TJ_GCV,G3000,VENT,M,0.0
2026-07,ES,TJ_GCV,G3000,VENT,M,0.0
2026-08,ES,TJ_GCV,G3000,VENT,M,0.0
2022-01,IT,TJ_GCV,G3000,DL,M,0.3016666666666667
2022-02,IT,TJ_GCV,G3000,DL,M,0.24666666666666667
2022-03,IT,TJ_GCV,G3000,DL,M,0.3269444444444444
2022-04,IT,TJ_GCV,G3000,DL,M,0.3397222222222222
2022-05,IT,TJ_GCV,G3000,DL,M,0.3322222222222222
2022-06,IT,TJ_GCV,G3000,DL,M,0.7216666666666667
2022-07,IT,TJ_GCV,G3000,DL,M,0.5269444444444444
2022-08,IT,TJ_GCV,G3000,DL,M,0.1947222222222222
2022-09,IT,TJ_GCV,G3000,DL,M,0.31222222222222223
2022-10,IT,TJ_GCV,G3000,DL,M,0.40944444444444444
2022-11,IT,TJ_GCV,G3000,DL,M,0.42333333333333334
2022-12,IT,TJ_GCV,G3000,DL,M,0.3705555555555556
2023-01,IT,TJ_GCV,G3000,DL,M,0.4868333333333333
2023-02,IT,TJ_GCV,G3000,DL,M,0.17991666666666667
2023-03,IT,TJ_GCV,G3000,DL,M,0.21166666666666667
2023-04,IT,TJ_GCV,G3000,DL,M,0.47625
2023-05,IT,TJ_GCV,G3000,DL,M,0.42333333333333334
2023-06,IT,TJ_GCV,G3000,DL,M,0.60325
2023-07,IT,TJ_GCV,G3000,DL,M,0.27093333333333336
2023-08,IT,TJ_GCV,G3000,DL,M,0.7408333333333333
2023-09,IT,TJ_GCV,G3000,DL,M,0.53975
2023-10,IT,TJ_GCV,G3000,DL,M,1.1006666666666667
2023-11,IT,TJ_GCV,G3000,DL,M,0.5715
2023-12,IT,TJ_GCV,G3000,DL,M,1.0689166666666667
2024-01,IT,TJ_GCV,G3000,DL,M,0.38205833333333333
2024-02,IT,TJ_GCV,G3000,DL,M,0.31855833333333333
2024-03,IT,TJ_GCV,G3000,DL,M,0.33443333333333336
2024-04,IT,TJ_GCV,G3000,DL,M,0.3354916666666667
2024-05,IT,TJ_GCV,G3000,DL,M,0.26187
2024-06,IT,TJ_GCV,G3000,DL,M,0.48559305555555554
2024-07,IT,TJ_GCV,G3000,DL,M,0.23839888888888888
2024-08,IT,TJ_GCV,G3000,DL,M,0.5885180555555556
2024-09,IT,TJ_GCV,G3000,DL,M,0.654475
2024-10,IT,TJ_GCV,G3000,DL,M,0.7726647222222222
2024-11,IT,TJ_GCV,G3000,DL,M,0.4815505555555556
2024-12,IT,TJ_GCV,G3000,DL,M,0.27305
2025-01,IT,TJ_GCV,G3000,DL,M,0.19220527777777777
2025-02,IT,TJ_GCV,G3000,DL,M,0.15028333333333332
2025-03,IT,TJ_GCV,G3000,DL,M,0.2318302777777778
2025-04,IT,TJ_GCV,G3000,DL,M,0.24440944444444446
2025-05,IT,TJ_GCV,G3000,DL,M,0.19772444444444445
2025-06,IT,TJ_GCV,G3000,DL,M,0.1517263888888889
2025-07,IT,TJ_GCV,G3000,DL,M,0.10486444444444444
2025-08,IT,TJ_GCV,G3000,DL,M,0.14604999999999999
2025-09,IT,TJ_GCV,G3000,DL,M,0.097325
2025-10,IT,TJ_GCV,G3000,DL,M,0.23565694444444446
2025-11,IT,TJ_GCV,G3000,DL,M,0.2093252777777778
2025-12,IT,TJ_GCV,G3000,DL,M,0.11947555555555556
2026-01,IT,TJ_GCV,G3000,DL,M,0.15917472222222223
2026-02,IT,TJ_GCV,G3000,DL,M,0.16648694444444442
2026-03,IT,TJ_GCV,G3000,DL,M,0.20662555555555556
2026-04,IT,TJ_GCV,G3000,DL,M,0.24973777777777778
2026-05,IT,TJ_GCV,G3000,DL,M,0.30121722222222225
2026-06,IT,TJ_GCV,G3000,DL,M,0.1768975
2026-07,IT,TJ_GCV,G3000,DL,M,0.19578222222222222
2026-08,IT,TJ_GCV,G3000,DL,M,0.1626011111111111
2022-01,IT,TJ_GCV,G3000,EXP,M,1.905
2022-02,IT,TJ_GCV,G3000,EXP,M,1.5347222222222223
2022-03,IT,TJ_GCV,G3000,EXP,M,6.1594444444444445
2022-04,IT,TJ_GCV,G3000,EXP,M,3.1958333333333333
2022-05,IT,TJ_GCV,G3000,EXP,M,2.72
2022-06,IT,TJ_GCV,G3000,EXP,M,3.9052777777777776
2022-07,IT,TJ_GCV,G3000,EXP,M,2.2755555555555556
2022-08,IT,TJ_GCV,G3000,EXP,M,2.973888888888889
2022-09,IT,TJ_GCV,G3000,EXP,M,4.392222222222222
2022-10,IT,TJ_GCV,G3000,EXP,M,7.080277777777778
2022-11,IT,TJ_GCV,G3000,EXP,M,6.794444444444444
2022-12,IT,TJ_GCV,G3000,EXP,M,5.662222222222222
2023-01,IT,TJ_GCV,G3000,EXP,M,2.338916666666667
2023-02,IT,TJ_GCV,G3000,EXP,M,1.3652499999999999
2023-03,IT,TJ_GCV,G3000,EXP,M,2.9210000000000003
2023-04,IT,TJ_GCV,G3000,EXP,M,2.3495000000000004
2023-05,IT,TJ_GCV,G3000,EXP,M,1.6721666666666668
2023-06,IT,TJ_GCV,G3000,EXP,M,2.0425833333333334
2023-07,IT,TJ_GCV,G3000,EXP,M,2.0955
2023-08,IT,TJ_GCV,G3000,EXP,M,5.08
2023-09,IT,TJ_GCV,G3000,EXP,M,1.3123333333333331
2023-10,IT,TJ_GCV,G3000,EXP,M,1.7145
2023-11,IT,TJ_GCV,G3000,EXP,M,2.2330833333333335
2023-12,IT,TJ_GCV,G3000,EXP,M,1.2382499999999999
2024-01,IT,TJ_GCV,G3000,EXP,M,0.9525
2024-02,IT,TJ_GCV,G3000,EXP,M,0.3495147222222222
2024-03,IT,TJ_GCV,G3000,EXP,M,0.41889888888888893
2024-04,IT,TJ_GCV,G3000,EXP,M,0.5140855555555556
2024-05,IT,TJ_GCV,G3000,EXP,M,0.2797705555555555
2024-06,IT,TJ_GCV,G3000,EXP,M,0.3020377777777778
2024-07,IT,TJ_GCV,G3000,EXP,M,0.21331777777777777
2024-08,IT,TJ_GCV,G3000,EXP,M,0.36361166666666667
2024-09,IT,TJ_GCV,G3000,EXP,M,0.22708666666666666
2024-10,IT,TJ_GCV,G3000,EXP,M,1.3171063888888888
2024-11,IT,TJ_GCV,G3000,EXP,M,0.8348238888888889
2024-12,IT,TJ_GCV,G3000,EXP,M,0.7854102777777777
2025-01,IT,TJ_GCV,G3000,EXP,M,0.9740794444444445
2025-02,IT,TJ_GCV,G3000,EXP,M,1.433628888888889
2025-03,IT,TJ_GCV,G3000,EXP,M,3.587845277777778
2025-04,IT,TJ_GCV,G3000,EXP,M,2.7673405555555552
2025-05,IT,TJ_GCV,G3000,EXP,M,1.911434722222222
2025-06,IT,TJ_GCV,G3000,EXP,M,1.8958136111111112
2025-07,IT,TJ_GCV,G3000,EXP,M,1.4065355555555556
2025-08,IT,TJ_GCV,G3000,EXP,M,0.7410344444444444
2025-09,IT,TJ_GCV,G3000,EXP,M,1.2075794444444445
2025-10,IT,TJ_GCV,G3000,EXP,M,3.121501388888889
2025-11,IT,TJ_GCV,G3000,EXP,M,2.4916763888888886
2025-12,IT,TJ_GCV,G3000,EXP,M,1.0866330555555554
2026-01,IT,TJ_GCV,G3000,EXP,M,1.0332613888888889
2026-02,IT,TJ_GCV,G3000,EXP,M,2.0037108333333333
2026-03,IT,TJ_GCV,G3000,EXP,M,1.9906402777777779
2026-04,IT,TJ_GCV,G3000,EXP,M,2.527532777777778
2026-05,IT,TJ_GCV,G3000,EXP,M,2.2773322222222223
2026-06,IT,TJ_GCV,G3000,EXP,M,0.3781955555555555
2026-07,IT,TJ_GCV,G3000,EXP,M,0.1349375
2026-08,IT,TJ_GCV,G3000,EXP,M,0.23537333333333335
2023-01,IT,TJ_GCV,G3000,FC_IND,M,9.990666666666668
2023-02,IT,TJ_GCV,G3000,FC_IND,M,10.498666666666665
2023-03,IT,TJ_GCV,G3000,FC_IND,M,11.218333333333334
2023-04,IT,TJ_GCV,G3000,FC_IND,M,9.980083333333335
2023-05,IT,TJ_GCV,G3000,FC_IND,M,10.593916666666667
2023-06,IT,TJ_GCV,G3000,FC_IND,M,9.884833333333333
2023-07,IT,TJ_GCV,G3000,FC_IND,M,10.202333333333334
2023-08,IT,TJ_GCV,G3000,FC_IND,M,7.39775
2023-09,IT,TJ_GCV,G3000,FC_IND,M,10.498666666666665
2023-10,IT,TJ_GCV,G3000,FC_IND,M,10.773833333333334
2023-11,IT,TJ_GCV,G3000,FC_IND,M,10.879666666666667
2023-12,IT,TJ_GCV,G3000,FC_IND,M,10.488083333333332
2024-01,IT,TJ_GCV,G3000,FC_IND,M,10.219185833333334
2024-02,IT,TJ_GCV,G3000,FC_IND,M,10.502605833333334
2024-03,IT,TJ_GCV,G3000,FC_IND,M,11.397191666666666
2024-04,IT,TJ_GCV,G3000,FC_IND,M,10.500830555555554
2024-05,IT,TJ_GCV,G3000,FC_IND,M,10.651331111111112
2024-06,IT,TJ_GCV,G3000,FC_IND,M,9.892009722222223
2024-07,IT,TJ_GCV,G3000,FC_IND,M,10.445998611111111
2024-08,IT,TJ_GCV,G3000,FC_IND,M,7.564309166666666
2024-09,IT,TJ_GCV,G3000,FC_IND,M,10.555040833333333
2024-10,IT,TJ_GCV,G3000,FC_IND,M,11.21313111111111
2024-11,IT,TJ_GCV,G3000,FC_IND,M,10.824209166666666
2024-12,IT,TJ_GCV,G3000,FC_IND,M,9.221981666666666
2025-01,IT,TJ_GCV,G3000,FC_IND,M,10.424068333333334
2025-02,IT,TJ_GCV,G3000,FC_IND,M,10.511218055555556
2025-03,IT,TJ_GCV,G3000,FC_IND,M,11.3817225
2025-04,IT,TJ_GCV,G3000,FC_IND,M,10.398030833333333
2025-05,IT,TJ_GCV,G3000,FC_IND,M,10.792235277777777
2025-06,IT,TJ_GCV,G3000,FC_IND,M,10.130333055555555
2025-07,IT,TJ_GCV,G3000,FC_IND,M,10.677971944444444
2025-08,IT,TJ_GCV,G3000,FC_IND,M,7.5432
2025-09,IT,TJ_GCV,G3000,FC_IND,M,10.72667861111111
2025-10,IT,TJ_GCV,G3000,FC_IND,M,11.186448888888888
2025-11,IT,TJ_GCV,G3000,FC_IND,M,11.245090833333332
2025-12,IT,TJ_GCV,G3000,FC_IND,M,9.380401388888888
2026-01,IT,TJ_GCV,G3000,FC_IND,M,10.477809444444445
2026-02,IT,TJ_GCV,G3000,FC_IND,M,10.512714444444443
2026-03,IT,TJ_GCV,G3000,FC_IND,M,11.544517222222224
2026-04,IT,TJ_GCV,G3000,FC_IND,M,10.284598888888889
2026-05,IT,TJ_GCV,G3000,FC_IND,M,10.431463611111111
2026-06,IT,TJ_GCV,G3000,FC_IND,M,9.817863611111111
2026-07,IT,TJ_GCV,G3000,FC_IND,M,10.865968055555555
2026-08,IT,TJ_GCV,G3000,FC_IND,M,9.024406666666668
2023-01,IT,TJ_GCV,G3000,FC_OTH,M,47.58266666666667
2023-02,IT,TJ_GCV,G3000,FC_OTH,M,42.97891666666667
2023-03,IT,TJ_GCV,G3000,FC_OTH,M,30.91391666666667
2023-04,IT,TJ_GCV,G3000,FC_OTH,M,20.0025
2023-05,IT,TJ_GCV,G3000,FC_OTH,M,12.92225
2023-06,IT,TJ_GCV,G3000,FC_OTH,M,9.990666666666668
2023-07,IT,TJ_GCV,G3000,FC_OTH,M,9.440333333333333
2023-08,IT,TJ_GCV,G3000,FC_OTH,M,8.159749999999999
2023-09,IT,TJ_GCV,G3000,FC_OTH,M,10.392833333333332
2023-10,IT,TJ_GCV,G3000,FC_OTH,M,13.081
2023-11,IT,TJ_GCV,G3000,FC_OTH,M,30.829250000000002
2023-12,IT,TJ_GCV,G3000,FC_OTH,M,42.97891666666667
2024-01,IT,TJ_GCV,G3000,FC_OTH,M,50.75228666666666
2024-02,IT,TJ_GCV,G3000,FC_OTH,M,37.855582500000004
2024-03,IT,TJ_GCV,G3000,FC_OTH,M,31.289624999999997
2024-04,IT,TJ_GCV,G3000,FC_OTH,M,18.636192222222224
2024-05,IT,TJ_GCV,G3000,FC_OTH,M,13.029587222222222
2024-06,IT,TJ_GCV,G3000,FC_OTH,M,10.10458611111111
2024-07,IT,TJ_GCV,G3000,FC_OTH,M,9.663961111111112
2024-08,IT,TJ_GCV,G3000,FC_OTH,M,7.728273333333333
2024-09,IT,TJ_GCV,G3000,FC_OTH,M,10.660081666666667
2024-10,IT,TJ_GCV,G3000,FC_OTH,M,14.837098888888889
2024-11,IT,TJ_GCV,G3000,FC_OTH,M,33.38395694444444
2024-12,IT,TJ_GCV,G3000,FC_OTH,M,49.30724916666667
2025-01,IT,TJ_GCV,G3000,FC_OTH,M,49.72909305555555
2025-02,IT,TJ_GCV,G3000,FC_OTH,M,41.72589944444445
2025-03,IT,TJ_GCV,G3000,FC_OTH,M,32.49986
2025-04,IT,TJ_GCV,G3000,FC_OTH,M,18.355834166666664
2025-05,IT,TJ_GCV,G3000,FC_OTH,M,11.919124722222223
2025-06,IT,TJ_GCV,G3000,FC_OTH,M,9.524334166666668
2025-07,IT,TJ_GCV,G3000,FC_OTH,M,9.759154444444444
2025-08,IT,TJ_GCV,G3000,FC_OTH,M,7.949659722222223
2025-09,IT,TJ_GCV,G3000,FC_OTH,M,10.761162222222223
2025-10,IT,TJ_GCV,G3000,FC_OTH,M,16.948043333333334
2025-11,IT,TJ_GCV,G3000,FC_OTH,M,32.98540444444445
2025-12,IT,TJ_GCV,G3000,FC_OTH,M,43.801033333333336
2026-01,IT,TJ_GCV,G3000,FC_OTH,M,53.641597222222224
2026-02,IT,TJ_GCV,G3000,FC_OTH,M,37.972626388888884
2026-03,IT,TJ_GCV,G3000,FC_OTH,M,32.04843388888889
2026-04,IT,TJ_GCV,G3000,FC_OTH,M,16.122058333333335
2026-05,IT,TJ_GCV,G3000,FC_OTH,M,11.793065277777778
2026-06,IT,TJ_GCV,G3000,FC_OTH,M,9.439214166666668
2026-07,IT,TJ_GCV,G3000,FC_OTH,M,10.446896111111112
2026-08,IT,TJ_GCV,G3000,FC_OTH,M,8.676358888888888
2022-01,IT,TJ_GCV,G3000,FLARE,M,0.0
2022-02,IT,TJ_GCV,G3000,FLARE,M,0.0
2022-03,IT,TJ_GCV,G3000,FLARE,M,0.0
2022-04,IT,TJ_GCV,G3000,FLARE,M,0.0
2022-05,IT,TJ_GCV,G3000,FLARE,M,0.0
2022-06,IT,TJ_GCV,G3000,FLARE,M,0.0
2022-07,IT,TJ_GCV,G3000,FLARE,M,0.0
2022-08,IT,TJ_GCV,G3000,FLARE,M,0.0
2022-09,IT,TJ_GCV,G3000,FLARE,M,0.0
2022-10,IT,TJ_GCV,G3000,FLARE,M,0.0
2022-11,IT,TJ_GCV,G3000,FLARE,M,0.0
2022-12,IT,TJ_GCV,G3000,FLARE,M,0.0
2023-01,IT,TJ_GCV,G3000,FLARE,M,0.0
2023-02,IT,TJ_GCV,G3000,FLARE,M,0.0
2023-03,IT,TJ_GCV,G3000,FLARE,M,0.0
2023-04,IT,TJ_GCV,G3000,FLARE,M,0.0
2023-05,IT,TJ_GCV,G3000,FLARE,M,0.0
2023-06,IT,TJ_GCV,G3000,FLARE,M,0.0
2023-07,IT,TJ_GCV,G3000,FLARE,M,0.0
2023-08,IT,TJ_GCV,G3000,FLARE,M,0.0
2023-09,IT,TJ_GCV,G3000,FLARE,M,0.0
2023-10,IT,TJ_GCV,G3000,FLARE,M,0.0
2023-11,IT,TJ_GCV,G3000,FLARE,M,0.0
2023-12,IT,TJ_GCV,G3000,FLARE,M,0.0
2024-01,IT,TJ_GCV,G3000,FLARE,M,0.0
2024-02,IT,TJ_GCV,G3000,FLARE,M,0.0
2024-03,IT,TJ_GCV,G3000,FLARE,M,0.0
2024-04,IT,TJ_GCV,G3000,FLARE,M,0.0
2024-05,IT,TJ_GCV,G3000,FLARE,M,0.0
2024-06,IT,TJ_GCV,G3000,FLARE,M,0.0
2024-07,IT,TJ_GCV,G3000,FLARE,M,0.0
2024-08,IT,TJ_GCV,G3000,FLARE,M,0.0
2024-09,IT,TJ_GCV,G3000,FLARE,M,0.0
2024-10,IT,TJ_GCV,G3000,FLARE,M,0.0
2024-11,IT,TJ_GCV,G3000,FLARE,M,0.0
2024-12,IT,TJ_GCV,G3000,FLARE,M,0.0
2025-01,IT,TJ_GCV,G3000,FLARE,M,0.0
2025-02,IT,TJ_GCV,G3000,FLARE,M,0.0
2025-03,IT,TJ_GCV,G3000,FLARE,M,0.0
2025-04,IT,TJ_GCV,G3000,FLARE,M,0.0
2025-05,IT,TJ_GCV,G3000,FLARE,M,0.0
2025-06,IT,TJ_GCV,G3000,FLARE,M,0.0
2025-07,IT,TJ_GCV,G3000,FLARE,M,0.0
2025-08,IT,TJ_GCV,G3000,FLARE,M,0.0
2025-09,IT,TJ_GCV,G3000,FLARE,M,0.0
2025-10,IT,TJ_GCV,G3000,FLARE,M,0.0
2025-11,IT,TJ_GCV,G3000,FLARE,M,0.0
2025-12,IT,TJ_GCV,G3000,FLARE,M,0.0
2026-01,IT,TJ_GCV,G3000,FLARE,M,0.0
2026-02,IT,TJ_GCV,G3000,FLARE,M,0.0
2026-03,IT,TJ_GCV,G3000,FLARE,M,0.0
2026-04,IT,TJ_GCV,G3000,FLARE,M,0.0
2026-05,IT,TJ_GCV,G3000,FLARE,M,0.0
2026-06,IT,TJ_GCV,G3000,FLARE,M,0.0
2026-07,IT,TJ_GCV,G3000,FLARE,M,0.0
2026-08,IT,TJ_GCV,G3000,FLARE,M,0.0
2022-01,IT,TJ_GCV,G3000,IC_CAL_MG,M,103.00805555555556
2022-02,IT,TJ_GCV,G3000,IC_CAL_MG,M,81.19527777777778
2022-03,IT,TJ_GCV,G3000,IC_CAL_MG,M,84.34916666666666
2022-04,IT,TJ_GCV,G3000,IC_CAL_MG,M,55.75361111111111
2022-05,IT,TJ_GCV,G3000,IC_CAL_MG,M,44.43944444444445
2022-06,IT,TJ_GCV,G3000,IC_CAL_MG,M,44.78861111111111
2022-07,IT,TJ_GCV,G3000,IC_CAL_MG,M,47.02166666666667
2022-08,IT,TJ_GCV,G3000,IC_CAL_MG,M,40.3225
2022-09,IT,TJ_GCV,G3000,IC_CAL_MG,M,42.69305555555555
2022-10,IT,TJ_GCV,G3000,IC_CAL_MG,M,44.82055555555556
2022-11,IT,TJ_GCV,G3000,IC_CAL_MG,M,59.03388888888889
2022-12,IT,TJ_GCV,G3000,IC_CAL_MG,M,78.02027777777778
2023-01,IT,TJ_GCV,G3000,IC_CAL_MG,M,79.629
2023-02,IT,TJ_GCV,G3000,IC_CAL_MG,M,74.83475
2023-03,IT,TJ_GCV,G3000,IC_CAL_MG,M,62.27233333333333
2023-04,IT,TJ_GCV,G3000,IC_CAL_MG,M,48.90558333333333
2023-05,IT,TJ_GCV,G3000,IC_CAL_MG,M,40.36483333333333
2023-06,IT,TJ_GCV,G3000,IC_CAL_MG,M,38.61858333333333
2023-07,IT,TJ_GCV,G3000,IC_CAL_MG,M,45.275499999999994
2023-08,IT,TJ_GCV,G3000,IC_CAL_MG,M,36.120916666666666
2023-09,IT,TJ_GCV,G3000,IC_CAL_MG,M,43.8785
2023-10,IT,TJ_GCV,G3000,IC_CAL_MG,M,45.87875
2023-11,IT,TJ_GCV,G3000,IC_CAL_MG,M,60.79066666666667
2023-12,IT,TJ_GCV,G3000,IC_CAL_MG,M,76.57041666666667
2024-01,IT,TJ_GCV,G3000,IC_CAL_MG,M,83.25908333333334
2024-02,IT,TJ_GCV,G3000,IC_CAL_MG,M,67.44167944444445
2024-03,IT,TJ_GCV,G3000,IC_CAL_MG,M,60.31416277777778
2024-04,IT,TJ_GCV,G3000,IC_CAL_MG,M,43.818490833333335
2024-05,IT,TJ_GCV,G3000,IC_CAL_MG,M,37.61248944444444
2024-06,IT,TJ_GCV,G3000,IC_CAL_MG,M,36.42163444444444
2024-07,IT,TJ_GCV,G3000,IC_CAL_MG,M,44.47110555555556
2024-08,IT,TJ_GCV,G3000,IC_CAL_MG,M,39.42887666666667
2024-09,IT,TJ_GCV,G3000,IC_CAL_MG,M,45.14485944444445
2024-10,IT,TJ_GCV,G3000,IC_CAL_MG,M,46.210821111111116
2024-11,IT,TJ_GCV,G3000,IC_CAL_MG,M,66.87525777777778
2024-12,IT,TJ_GCV,G3000,IC_CAL_MG,M,83.7673586111111
2025-01,IT,TJ_GCV,G3000,IC_CAL_MG,M,85.84815138888888
2025-02,IT,TJ_GCV,G3000,IC_CAL_MG,M,77.49086777777778
2025-03,IT,TJ_GCV,G3000,IC_CAL_MG,M,65.6745575
2025-04,IT,TJ_GCV,G3000,IC_CAL_MG,M,44.44481805555556
2025-05,IT,TJ_GCV,G3000,IC_CAL_MG,M,35.47760805555556
2025-06,IT,TJ_GCV,G3000,IC_CAL_MG,M,38.22978333333333
2025-07,IT,TJ_GCV,G3000,IC_CAL_MG,M,43.16435083333333
2025-08,IT,TJ_GCV,G3000,IC_CAL_MG,M,33.84967416666667
2025-09,IT,TJ_GCV,G3000,IC_CAL_MG,M,42.39474305555556
2025-10,IT,TJ_GCV,G3000,IC_CAL_MG,M,49.72682888888889
2025-11,IT,TJ_GCV,G3000,IC_CAL_MG,M,69.47086250000001
2025-12,IT,TJ_GCV,G3000,IC_CAL_MG,M,82.18885416666667
2026-01,IT,TJ_GCV,G3000,IC_CAL_MG,M,95.35334333333334
2026-02,IT,TJ_GCV,G3000,IC_CAL_MG,M,70.72760805555555
2026-03,IT,TJ_GCV,G3000,IC_CAL_MG,M,63.84331277777778
2026-04,IT,TJ_GCV,G3000,IC_CAL_MG,M,41.197223055555554
2026-05,IT,TJ_GCV,G3000,IC_CAL_MG,M,37.507216944444444
2026-06,IT,TJ_GCV,G3000,IC_CAL_MG,M,39.44430555555556
2026-07,IT,TJ_GCV,G3000,IC_CAL_MG,M,46.53477888888889
2026-08,IT,TJ_GCV,G3000,IC_CAL_MG,M,38.64806861111111
2022-01,IT,TJ_GCV,G3000,IC_OBS,M,103.0075
2022-02,IT,TJ_GCV,G3000,IC_OBS,M,81.19527777777778
2022-03,IT,TJ_GCV,G3000,IC_OBS,M,84.34916666666666
2022-04,IT,TJ_GCV,G3000,IC_OBS,M,55.753055555555555
2022-05,IT,TJ_GCV,G3000,IC_OBS,M,44.43944444444445
2022-06,IT,TJ_GCV,G3000,IC_OBS,M,44.78861111111111
2022-07,IT,TJ_GCV,G3000,IC_OBS,M,47.02166666666667
2022-08,IT,TJ_GCV,G3000,IC_OBS,M,40.3225
2022-09,IT,TJ_GCV,G3000,IC_OBS,M,42.69305555555555
2022-10,IT,TJ_GCV,G3000,IC_OBS,M,44.82055555555556
2022-11,IT,TJ_GCV,G3000,IC_OBS,M,59.03388888888889
2022-12,IT,TJ_GCV,G3000,IC_OBS,M,78.02027777777778
2023-01,IT,TJ_GCV,G3000,IC_OBS,M,79.629
2023-02,IT,TJ_GCV,G3000,IC_OBS,M,74.83475
2023-03,IT,TJ_GCV,G3000,IC_OBS,M,62.27233333333333
2023-04,IT,TJ_GCV,G3000,IC_OBS,M,48.90558333333333
2023-05,IT,TJ_GCV,G3000,IC_OBS,M,40.36483333333333
2023-06,IT,TJ_GCV,G3000,IC_OBS,M,38.61858333333333
2023-07,IT,TJ_GCV,G3000,IC_OBS,M,45.275499999999994
2023-08,IT,TJ_GCV,G3000,IC_OBS,M,36.120916666666666
2023-09,IT,TJ_GCV,G3000,IC_OBS,M,43.8785
2023-10,IT,TJ_GCV,G3000,IC_OBS,M,45.87875
2023-11,IT,TJ_GCV,G3000,IC_OBS,M,60.79066666666667
2023-12,IT,TJ_GCV,G3000,IC_OBS,M,76.57041666666667
2024-01,IT,TJ_GCV,G3000,IC_OBS,M,83.25908333333334
2024-02,IT,TJ_GCV,G3000,IC_OBS,M,67.44167944444445
2024-03,IT,TJ_GCV,G3000,IC_OBS,M,60.31416277777778
2024-04,IT,TJ_GCV,G3000,IC_OBS,M,43.818490833333335
2024-05,IT,TJ_GCV,G3000,IC_OBS,M,37.61248944444444
2024-06,IT,TJ_GCV,G3000,IC_OBS,M,36.42163444444444
2024-07,IT,TJ_GCV,G3000,IC_OBS,M,44.47110555555556
2024-08,IT,TJ_GCV,G3000,IC_OBS,M,39.42887666666667
2024-09,IT,TJ_GCV,G3000,IC_OBS,M,45.14485944444445
2024-10,IT,TJ_GCV,G3000,IC_OBS,M,46.210821111111116
2024-11,IT,TJ_GCV,G3000,IC_OBS,M,66.87525777777778
2024-12,IT,TJ_GCV,G3000,IC_OBS,M,83.7673586111111
2025-01,IT,TJ_GCV,G3000,IC_OBS,M,85.84815138888888
2025-02,IT,TJ_GCV,G3000,IC_OBS,M,77.49086777777778
2025-03,IT,TJ_GCV,G3000,IC_OBS,M,65.6745575
2025-04,IT,TJ_GCV,G3000,IC_OBS,M,44.44481805555556
2025-05,IT,TJ_GCV,G3000,IC_OBS,M,35.47760805555556
2025-06,IT,TJ_GCV,G3000,IC_OBS,M,38.22978333333333
2025-07,IT,TJ_GCV,G3000,IC_OBS,M,43.16435083333333
2025-08,IT,TJ_GCV,G3000,IC_OBS,M,33.84967416666667
2025-09,IT,TJ_GCV,G3000,IC_OBS,M,42.39474305555556
2025-10,IT,TJ_GCV,G3000,IC_OBS,M,49.72682888888889
2025-11,IT,TJ_GCV,G3000,IC_OBS,M,69.47086250000001
2025-12,IT,TJ_GCV,G3000,IC_OBS,M,82.18885416666667
2026-01,IT,TJ_GCV,G3000,IC_OBS,M,95.35334333333334
2026-02,IT,TJ_GCV,G3000,IC_OBS,M,70.72760805555555
2026-03,IT,TJ_GCV,G3000,IC_OBS,M,63.84331277777778
2026-04,IT,TJ_GCV,G3000,IC_OBS,M,41.197223055555554
2026-05,IT,TJ_GCV,G3000,IC_OBS,M,37.507216944444444
2026-06,IT,TJ_GCV,G3000,IC_OBS,M,39.44430555555556
2026-07,IT,TJ_GCV,G3000,IC_OBS,M,46.53476833333333
2026-08,IT,TJ_GCV,G3000,IC_OBS,M,38.64806861111111
2022-01,IT,TJ_GCV,G3000,IMP,M,68.4636111111111
2022-02,IT,TJ_GCV,G3000,IMP,M,58.716388888888886
2022-03,IT,TJ_GCV,G3000,IMP,M,70.71777777777778
2022-04,IT,TJ_GCV,G3000,IMP,M,68.10388888888889
2022-05,IT,TJ_GCV,G3000,IMP,M,70.26277777777777
2022-06,IT,TJ_GCV,G3000,IMP,M,62.70638888888889
2022-07,IT,TJ_GCV,G3000,IMP,M,73.50166666666667
2022-08,IT,TJ_GCV,G3000,IMP,M,58.91777777777778
2022-09,IT,TJ_GCV,G3000,IMP,M,59.3725
2022-10,IT,TJ_GCV,G3000,IMP,M,57.53111111111111
2022-11,IT,TJ_GCV,G3000,IMP,M,54.9275
2022-12,IT,TJ_GCV,G3000,IMP,M,63.045
2023-01,IT,TJ_GCV,G3000,IMP,M,58.113083333333336
2023-02,IT,TJ_GCV,G3000,IMP,M,52.440416666666664
2023-03,IT,TJ_GCV,G3000,IMP,M,59.467749999999995
2023-04,IT,TJ_GCV,G3000,IMP,M,62.187666666666665
2023-05,IT,TJ_GCV,G3000,IMP,M,58.39883333333333
2023-06,IT,TJ_GCV,G3000,IMP,M,52.56741666666667
2023-07,IT,TJ_GCV,G3000,IMP,M,55.80591666666666
2023-08,IT,TJ_GCV,G3000,IMP,M,49.76283333333333
2023-09,IT,TJ_GCV,G3000,IMP,M,49.604083333333335
2023-10,IT,TJ_GCV,G3000,IMP,M,51.48791666666666
2023-11,IT,TJ_GCV,G3000,IMP,M,50.948166666666665
2023-12,IT,TJ_GCV,G3000,IMP,M,51.181000000000004
2024-01,IT,TJ_GCV,G3000,IMP,M,48.503416666666666
2024-02,IT,TJ_GCV,G3000,IMP,M,49.75897194444445
2024-03,IT,TJ_GCV,G3000,IMP,M,59.977083611111105
2024-04,IT,TJ_GCV,G3000,IMP,M,57.12524138888889
2024-05,IT,TJ_GCV,G3000,IMP,M,54.63300805555556
2024-06,IT,TJ_GCV,G3000,IMP,M,49.13205027777778
2024-07,IT,TJ_GCV,G3000,IMP,M,53.763333333333335
2024-08,IT,TJ_GCV,G3000,IMP,M,48.967955277777776
2024-09,IT,TJ_GCV,G3000,IMP,M,47.39377527777777
2024-10,IT,TJ_GCV,G3000,IMP,M,48.997622222222226
2024-11,IT,TJ_GCV,G3000,IMP,M,50.54812972222222
2024-12,IT,TJ_GCV,G3000,IMP,M,57.370824444444445
2025-01,IT,TJ_GCV,G3000,IMP,M,52.17256666666666
2025-02,IT,TJ_GCV,G3000,IMP,M,47.99833777777778
2025-03,IT,TJ_GCV,G3000,IMP,M,52.03784888888889
2025-04,IT,TJ_GCV,G3000,IMP,M,56.173004722222224
2025-05,IT,TJ_GCV,G3000,IMP,M,59.65280944444444
2025-06,IT,TJ_GCV,G3000,IMP,M,61.077393055555554
2025-07,IT,TJ_GCV,G3000,IMP,M,58.317101666666666
2025-08,IT,TJ_GCV,G3000,IMP,M,49.82292305555555
2025-09,IT,TJ_GCV,G3000,IMP,M,48.602651388888894
2025-10,IT,TJ_GCV,G3000,IMP,M,54.86743388888888
2025-11,IT,TJ_GCV,G3000,IMP,M,53.27963777777778
2025-12,IT,TJ_GCV,G3000,IMP,M,54.39144666666667
2026-01,IT,TJ_GCV,G3000,IMP,M,59.170971944444446
2026-02,IT,TJ_GCV,G3000,IMP,M,49.98789444444445
2026-03,IT,TJ_GCV,G3000,IMP,M,55.34424
2026-04,IT,TJ_GCV,G3000,IMP,M,54.14051694444444
2026-05,IT,TJ_GCV,G3000,IMP,M,55.84437611111111
2026-06,IT,TJ_GCV,G3000,IMP,M,52.86118527777778
2026-07,IT,TJ_GCV,G3000,IMP,M,60.599224722222225
2026-08,IT,TJ_GCV,G3000,IMP,M,51.55781972222223
2022-01,IT,TJ_GCV,G3000,INTMARB,M,0.0
2022-02,IT,TJ_GCV,G3000,INTMARB,M,0.0
2022-03,IT,TJ_GCV,G3000,INTMARB,M,0.0
2022-04,IT,TJ_GCV,G3000,INTMARB,M,0.0
2022-05,IT,TJ_GCV,G3000,INTMARB,M,0.0
2022-06,IT,TJ_GCV,G3000,INTMARB,M,0.0
2022-07,IT,TJ_GCV,G3000,INTMARB,M,0.0
2022-08,IT,TJ_GCV,G3000,INTMARB,M,0.0
2022-09,IT,TJ_GCV,G3000,INTMARB,M,0.0
2022-10,IT,TJ_GCV,G3000,INTMARB,M,0.0
2022-11,IT,TJ_GCV,G3000,INTMARB,M,0.0
2022-12,IT,TJ_GCV,G3000,INTMARB,M,0.0
2023-01,IT,TJ_GCV,G3000,INTMARB,M,0.0
2023-02,IT,TJ_GCV,G3000,INTMARB,M,0.0
2023-03,IT,TJ_GCV,G3000,INTMARB,M,0.0
2023-04,IT,TJ_GCV,G3000,INTMARB,M,0.0
2023-05,IT,TJ_GCV,G3000,INTMARB,M,0.0
2023-06,IT,TJ_GCV,G3000,INTMARB,M,0.0
2023-07,IT,TJ_GCV,G3000,INTMARB,M,0.0
2023-08,IT,TJ_GCV,G3000,INTMARB,M,0.0
2023-09,IT,TJ_GCV,G3000,INTMARB,M,0.0
2023-10,IT,TJ_GCV,G3000,INTMARB,M,0.0
2023-11,IT,TJ_GCV,G3000,INTMARB,M,0.0
2023-12,IT,TJ_GCV,G3000,INTMARB,M,0.0
2024-01,IT,TJ_GCV,G3000,INTMARB,M,0.0
2024-02,IT,TJ_GCV,G3000,INTMARB,M,0.0
2024-03,IT,TJ_GCV,G3000,INTMARB,M,0.0
2024-04,IT,TJ_GCV,G3000,INTMARB,M,0.0
2024-05,IT,TJ_GCV,G3000,INTMARB,M,0.0
2024-06,IT,TJ_GCV,G3000,INTMARB,M,0.0
2024-07,IT,TJ_GCV,G3000,INTMARB,M,0.0
2024-08,IT,TJ_GCV,G3000,INTMARB,M,0.0
2024-09,IT,TJ_GCV,G3000,INTMARB,M,0.0
2024-10,IT,TJ_GCV,G3000,INTMARB,M,0.0
2024-11,IT,TJ_GCV,G3000,INTMARB,M,0.0
2024-12,IT,TJ_GCV,G3000,INTMARB,M,0.0
2025-01,IT,TJ_GCV,G3000,INTMARB,M,0.0
2025-02,IT,TJ_GCV,G3000,INTMARB,M,0.0
2025-03,IT,TJ_GCV,G3000,INTMARB,M,0.0
2025-04,IT,TJ_GCV,G3000,INTMARB,M,0.0
2025-05,IT,TJ_GCV,G3000,INTMARB,M,0.0
2025-06,IT,TJ_GCV,G3000,INTMARB,M,0.0
2025-07,IT,TJ_GCV,G3000,INTMARB,M,0.0
2025-08,IT,TJ_GCV,G3000,INTMARB,M,0.0
2025-09,IT,TJ_GCV,G3000,INTMARB,M,0.0
2025-10,IT,TJ_GCV,G3000,INTMARB,M,0.0
2025-11,IT,TJ_GCV,G3000,INTMARB,M,0.0
2025-12,IT,TJ_GCV,G3000,INTMARB,M,0.0
2026-01,IT,TJ_GCV,G3000,INTMARB,M,0.0
2026-02,IT,TJ_GCV,G3000,INTMARB,M,0.0
2026-03,IT,TJ_GCV,G3000,INTMARB,M,0.0
2026-04,IT,TJ_GCV,G3000,INTMARB,M,0.0
2026-05,IT,TJ_GCV,G3000,INTMARB,M,0.0
2026-06,IT,TJ_GCV,G3000,INTMARB,M,0.0
2026-07,IT,TJ_GCV,G3000,INTMARB,M,0.0
2026-08,IT,TJ_GCV,G3000,INTMARB,M,0.0
2022-01,IT,TJ_GCV,G3000,IPRD,M,2.9530555555555558
2022-02,IT,TJ_GCV,G3000,IPRD,M,2.7730555555555556
2022-03,IT,TJ_GCV,G3000,IPRD,M,2.9633333333333334
2022-04,IT,TJ_GCV,G3000,IPRD,M,2.836388888888889
2022-05,IT,TJ_GCV,G3000,IPRD,M,2.921111111111111
2022-06,IT,TJ_GCV,G3000,IPRD,M,2.8786111111111112
2022-07,IT,TJ_GCV,G3000,IPRD,M,2.9844444444444442
2022-08,IT,TJ_GCV,G3000,IPRD,M,2.973611111111111
2022-09,IT,TJ_GCV,G3000,IPRD,M,2.9316666666666666
2022-10,IT,TJ_GCV,G3000,IPRD,M,3.0375
2022-11,IT,TJ_GCV,G3000,IPRD,M,3.0055555555555555
2022-12,IT,TJ_GCV,G3000,IPRD,M,2.9633333333333334
2023-01,IT,TJ_GCV,G3000,IPRD,M,2.9633333333333334
2023-02,IT,TJ_GCV,G3000,IPRD,M,2.5188333333333333
2023-03,IT,TJ_GCV,G3000,IPRD,M,2.7622500000000003
2023-04,IT,TJ_GCV,G3000,IPRD,M,2.5929166666666665
2023-05,IT,TJ_GCV,G3000,IPRD,M,2.6246666666666663
2023-06,IT,TJ_GCV,G3000,IPRD,M,2.5082500000000003
2023-07,IT,TJ_GCV,G3000,IPRD,M,2.656416666666667
2023-08,IT,TJ_GCV,G3000,IPRD,M,2.6246666666666663
2023-09,IT,TJ_GCV,G3000,IPRD,M,2.6035
2023-10,IT,TJ_GCV,G3000,IPRD,M,2.677583333333333
2023-11,IT,TJ_GCV,G3000,IPRD,M,2.54
2023-12,IT,TJ_GCV,G3000,IPRD,M,2.54
2024-01,IT,TJ_GCV,G3000,IPRD,M,2.6458333333333335
2024-02,IT,TJ_GCV,G3000,IPRD,M,2.503011388888889
2024-03,IT,TJ_GCV,G3000,IPRD,M,2.6617930555555556
2024-04,IT,TJ_GCV,G3000,IPRD,M,2.5637513888888885
2024-05,IT,TJ_GCV,G3000,IPRD,M,2.617459444444444
2024-06,IT,TJ_GCV,G3000,IPRD,M,2.4510030555555558
2024-07,IT,TJ_GCV,G3000,IPRD,M,2.338916666666667
2024-08,IT,TJ_GCV,G3000,IPRD,M,2.4462502777777777
2024-09,IT,TJ_GCV,G3000,IPRD,M,2.398913611111111
2024-10,IT,TJ_GCV,G3000,IPRD,M,2.539140555555556
2024-11,IT,TJ_GCV,G3000,IPRD,M,2.538465277777778
2024-12,IT,TJ_GCV,G3000,IPRD,M,3.4130402777777777
2025-01,IT,TJ_GCV,G3000,IPRD,M,3.5310974999999996
2025-02,IT,TJ_GCV,G3000,IPRD,M,3.056276111111111
2025-03,IT,TJ_GCV,G3000,IPRD,M,3.4075688888888886
2025-04,IT,TJ_GCV,G3000,IPRD,M,3.0557583333333334
2025-05,IT,TJ_GCV,G3000,IPRD,M,3.0390888888888887
2025-06,IT,TJ_GCV,G3000,IPRD,M,2.9356261111111115
2025-07,IT,TJ_GCV,G3000,IPRD,M,2.981335555555556
2025-08,IT,TJ_GCV,G3000,IPRD,M,2.9769397222222223
2025-09,IT,TJ_GCV,G3000,IPRD,M,2.852758611111111
2025-10,IT,TJ_GCV,G3000,IPRD,M,2.9411930555555554
2025-11,IT,TJ_GCV,G3000,IPRD,M,2.6967391666666667
2025-12,IT,TJ_GCV,G3000,IPRD,M,2.7922747222222224
2026-01,IT,TJ_GCV,G3000,IPRD,M,2.7721030555555557
2026-02,IT,TJ_GCV,G3000,IPRD,M,2.5131925
2026-03,IT,TJ_GCV,G3000,IPRD,M,2.7717433333333332
2026-04,IT,TJ_GCV,G3000,IPRD,M,2.637525555555556
2026-05,IT,TJ_GCV,G3000,IPRD,M,2.7240652777777776
2026-06,IT,TJ_GCV,G3000,IPRD,M,2.662576111111111
2026-07,IT,TJ_GCV,G3000,IPRD,M,2.8332747222222223
2026-08,IT,TJ_GCV,G3000,IPRD,M,2.8549494444444443
2022-01,IT,TJ_GCV,G3000,STATDIFF,M,0.0005555555555555556
2022-02,IT,TJ_GCV,G3000,STATDIFF,M,0.0
2022-03,IT,TJ_GCV,G3000,STATDIFF,M,0.0
2022-04,IT,TJ_GCV,G3000,STATDIFF,M,0.0005555555555555556
2022-05,IT,TJ_GCV,G3000,STATDIFF,M,0.0
2022-06,IT,TJ_GCV,G3000,STATDIFF,M,0.0
2022-07,IT,TJ_GCV,G3000,STATDIFF,M,0.0
2022-08,IT,TJ_GCV,G3000,STATDIFF,M,0.0
2022-09,IT,TJ_GCV,G3000,STATDIFF,M,0.0
2022-10,IT,TJ_GCV,G3000,STATDIFF,M,0.0
2022-11,IT,TJ_GCV,G3000,STATDIFF,M,0.0
2022-12,IT,TJ_GCV,G3000,STATDIFF,M,0.0
2023-01,IT,TJ_GCV,G3000,STATDIFF,M,0.0
2023-02,IT,TJ_GCV,G3000,STATDIFF,M,0.0
2023-03,IT,TJ_GCV,G3000,STATDIFF,M,0.0
2023-04,IT,TJ_GCV,G3000,STATDIFF,M,0.0
2023-05,IT,TJ_GCV,G3000,STATDIFF,M,0.0
2023-06,IT,TJ_GCV,G3000,STATDIFF,M,0.0
2023-07,IT,TJ_GCV,G3000,STATDIFF,M,0.0
2023-08,IT,TJ_GCV,G3000,STATDIFF,M,0.0
2023-09,IT,TJ_GCV,G3000,STATDIFF,M,0.0
2023-10,IT,TJ_GCV,G3000,STATDIFF,M,0.0
2023-11,IT,TJ_GCV,G3000,STATDIFF,M,0.0
2023-12,IT,TJ_GCV,G3000,STATDIFF,M,0.0
2024-01,IT,TJ_GCV,G3000,STATDIFF,M,0.0
2024-02,IT,TJ_GCV,G3000,STATDIFF,M,0.0
2024-03,IT,TJ_GCV,G3000,STATDIFF,M,0.0
2024-04,IT,TJ_GCV,G3000,STATDIFF,M,0.0
2024-05,IT,TJ_GCV,G3000,STATDIFF,M,0.0
2024-06,IT,TJ_GCV,G3000,STATDIFF,M,0.0
2024-07,IT,TJ_GCV,G3000,STATDIFF,M,0.0
2024-08,IT,TJ_GCV,G3000,STATDIFF,M,0.0
2024-09,IT,TJ_GCV,G3000,STATDIFF,M,0.0
2024-10,IT,TJ_GCV,G3000,STATDIFF,M,0.0
2024-11,IT,TJ_GCV,G3000,STATDIFF,M,0.0
2024-12,IT,TJ_GCV,G3000,STATDIFF,M,0.0
2025-01,IT,TJ_GCV,G3000,STATDIFF,M,0.0
2025-02,IT,TJ_GCV,G3000,STATDIFF,M,0.0
2025-03,IT,TJ_GCV,G3000,STATDIFF,M,0.0
2025-04,IT,TJ_GCV,G3000,STATDIFF,M,0.0
2025-05,IT,TJ_GCV,G3000,STATDIFF,M,0.0
2025-06,IT,TJ_GCV,G3000,STATDIFF,M,0.0
2025-07,IT,TJ_GCV,G3000,STATDIFF,M,0.0
2025-08,IT,TJ_GCV,G3000,STATDIFF,M,0.0
2025-09,IT,TJ_GCV,G3000,STATDIFF,M,0.0
2025-10,IT,TJ_GCV,G3000,STATDIFF,M,0.0
2025-11,IT,TJ_GCV,G3000,STATDIFF,M,0.0
2025-12,IT,TJ_GCV,G3000,STATDIFF,M,0.0
2026-01,IT,TJ_GCV,G3000,STATDIFF,M,0.0
2026-02,IT,TJ_GCV,G3000,STATDIFF,M,0.0
2026-03,IT,TJ_GCV,G3000,STATDIFF,M,0.0
2026-04,IT,TJ_GCV,G3000,STATDIFF,M,0.0
2026-05,IT,TJ_GCV,G3000,STATDIFF,M,0.0
2026-06,IT,TJ_GCV,G3000,STATDIFF,M,0.0
2026-07,IT,TJ_GCV,G3000,STATDIFF,M,1.0555555555555555e-05
2026-08,IT,TJ_GCV,G3000,STATDIFF,M,0.0
2023-01,IT,TJ_GCV,G3000,STK_CHG_CG,M,0.0
2023-02,IT,TJ_GCV,G3000,STK_CHG_CG,M,0.0
2023-03,IT,TJ_GCV,G3000,STK_CHG_CG,M,0.0
2023-04,IT,TJ_GCV,G3000,STK_CHG_CG,M,0.0
2023-05,IT,TJ_GCV,G3000,STK_CHG_CG,M,0.0
2023-06,IT,TJ_GCV,G3000,STK_CHG_CG,M,0.0
2023-07,IT,TJ_GCV,G3000,STK_CHG_CG,M,0.0
2023-08,IT,TJ_GCV,G3000,STK_CHG_CG,M,0.0
2023-09,IT,TJ_GCV,G3000,STK_CHG_CG,M,0.0
2023-10,IT,TJ_GCV,G3000,STK_CHG_CG,M,0.0
2023-11,IT,TJ_GCV,G3000,STK_CHG_CG,M,0.0
2023-12,IT,TJ_GCV,G3000,STK_CHG_CG,M,0.0
2024-01,IT,TJ_GCV,G3000,STK_CHG_CG,M,0.0
2024-02,IT,TJ_GCV,G3000,STK_CHG_CG,M,0.0
2024-03,IT,TJ_GCV,G3000,STK_CHG_CG,M,0.0
2024-04,IT,TJ_GCV,G3000,STK_CHG_CG,M,0.0
2024-05,IT,TJ_GCV,G3000,STK_CHG_CG,M,0.0
2024-06,IT,TJ_GCV,G3000,STK_CHG_CG,M,0.0
2024-07,IT,TJ_GCV,G3000,STK_CHG_CG,M,0.0
2024-08,IT,TJ_GCV,G3000,STK_CHG_CG,M,0.0
2024-09,IT,TJ_GCV,G3000,STK_CHG_CG,M,0.0
2024-10,IT,TJ_GCV,G3000,STK_CHG_CG,M,0.0
2024-11,IT,TJ_GCV,G3000,STK_CHG_CG,M,0.0
2024-12,IT,TJ_GCV,G3000,STK_CHG_CG,M,0.0
2025-01,IT,TJ_GCV,G3000,STK_CHG_CG,M,0.0
2025-02,IT,TJ_GCV,G3000,STK_CHG_CG,M,0.0
2025-03,IT,TJ_GCV,G3000,STK_CHG_CG,M,0.0
2025-04,IT,TJ_GCV,G3000,STK_CHG_CG,M,0.0
2025-05,IT,TJ_GCV,G3000,STK_CHG_CG,M,0.0
2025-06,IT,TJ_GCV,G3000,STK_CHG_CG,M,0.0
2025-07,IT,TJ_GCV,G3000,STK_CHG_CG,M,0.0
2025-08,IT,TJ_GCV,G3000,STK_CHG_CG,M,0.0
2025-09,IT,TJ_GCV,G3000,STK_CHG_CG,M,0.0
2025-10,IT,TJ_GCV,G3000,STK_CHG_CG,M,0.0
2025-11,IT,TJ_GCV,G3000,STK_CHG_CG,M,0.0
2025-12,IT,TJ_GCV,G3000,STK_CHG_CG,M,0.0
2026-01,IT,TJ_GCV,G3000,STK_CHG_CG,M,0.0
2026-02,IT,TJ_GCV,G3000,STK_CHG_CG,M,0.0
2026-03,IT,TJ_GCV,G3000,STK_CHG_CG,M,0.0
2026-04,IT,TJ_GCV,G3000,STK_CHG_CG,M,0.0
2026-05,IT,TJ_GCV,G3000,STK_CHG_CG,M,0.0
2026-06,IT,TJ_GCV,G3000,STK_CHG_CG,M,0.0
2026-07,IT,TJ_GCV,G3000,STK_CHG_CG,M,0.0
2026-08,IT,TJ_GCV,G3000,STK_CHG_CG,M,0.0
2022-01,IT,TJ_GCV,G3000,STK_CHG_MG,M,-33.49638888888889
2022-02,IT,TJ_GCV,G3000,STK_CHG_MG,M,-21.240555555555556
2022-03,IT,TJ_GCV,G3000,STK_CHG_MG,M,-16.8275
2022-04,IT,TJ_GCV,G3000,STK_CHG_MG,M,11.990833333333333
2022-05,IT,TJ_GCV,G3000,STK_CHG_MG,M,26.024444444444445
2022-06,IT,TJ_GCV,G3000,STK_CHG_MG,M,16.891111111111112
2022-07,IT,TJ_GCV,G3000,STK_CHG_MG,M,27.18888888888889
2022-08,IT,TJ_GCV,G3000,STK_CHG_MG,M,18.595
2022-09,IT,TJ_GCV,G3000,STK_CHG_MG,M,15.21888888888889
2022-10,IT,TJ_GCV,G3000,STK_CHG_MG,M,8.667777777777777
2022-11,IT,TJ_GCV,G3000,STK_CHG_MG,M,-7.895277777777777
2022-12,IT,TJ_GCV,G3000,STK_CHG_MG,M,-17.674166666666668
2023-01,IT,TJ_GCV,G3000,STK_CHG_MG,M,-20.891499999999997
2023-02,IT,TJ_GCV,G3000,STK_CHG_MG,M,-21.24075
2023-03,IT,TJ_GCV,G3000,STK_CHG_MG,M,-2.9633333333333334
2023-04,IT,TJ_GCV,G3000,STK_CHG_MG,M,13.525500000000001
2023-05,IT,TJ_GCV,G3000,STK_CHG_MG,M,18.9865
2023-06,IT,TJ_GCV,G3000,STK_CHG_MG,M,14.414499999999999
2023-07,IT,TJ_GCV,G3000,STK_CHG_MG,M,11.091333333333335
2023-08,IT,TJ_GCV,G3000,STK_CHG_MG,M,11.186583333333333
2023-09,IT,TJ_GCV,G3000,STK_CHG_MG,M,7.01675
2023-10,IT,TJ_GCV,G3000,STK_CHG_MG,M,6.5722499999999995
2023-11,IT,TJ_GCV,G3000,STK_CHG_MG,M,-9.535583333333333
2023-12,IT,TJ_GCV,G3000,STK_CHG_MG,M,-24.087666666666667
2024-01,IT,TJ_GCV,G3000,STK_CHG_MG,M,-33.062333333333335
2024-02,IT,TJ_GCV,G3000,STK_CHG_MG,M,-15.529210833333334
2024-03,IT,TJ_GCV,G3000,STK_CHG_MG,M,1.905815
2024-04,IT,TJ_GCV,G3000,STK_CHG_MG,M,15.356416666666666
2024-05,IT,TJ_GCV,G3000,STK_CHG_MG,M,19.358207777777775
2024-06,IT,TJ_GCV,G3000,STK_CHG_MG,M,14.85938111111111
2024-07,IT,TJ_GCV,G3000,STK_CHG_MG,M,11.417826666666667
2024-08,IT,TJ_GCV,G3000,STK_CHG_MG,M,11.621716944444444
2024-09,IT,TJ_GCV,G3000,STK_CHG_MG,M,4.420743055555556
2024-10,IT,TJ_GCV,G3000,STK_CHG_MG,M,4.008835277777778
2024-11,IT,TJ_GCV,G3000,STK_CHG_MG,M,-14.623486666666668
2024-12,IT,TJ_GCV,G3000,STK_CHG_MG,M,-23.768904166666665
2025-01,IT,TJ_GCV,G3000,STK_CHG_MG,M,-31.118566666666666
2025-02,IT,TJ_GCV,G3000,STK_CHG_MG,M,-27.869882777777775
2025-03,IT,TJ_GCV,G3000,STK_CHG_MG,M,-13.816985
2025-04,IT,TJ_GCV,G3000,STK_CHG_MG,M,12.016604444444443
2025-05,IT,TJ_GCV,G3000,STK_CHG_MG,M,25.302855555555556
2025-06,IT,TJ_GCV,G3000,STK_CHG_MG,M,23.887422222222224
2025-07,IT,TJ_GCV,G3000,STK_CHG_MG,M,16.727550833333332
2025-08,IT,TJ_GCV,G3000,STK_CHG_MG,M,18.209154166666668
2025-09,IT,TJ_GCV,G3000,STK_CHG_MG,M,7.853087500000001
2025-10,IT,TJ_GCV,G3000,STK_CHG_MG,M,4.960296666666666
2025-11,IT,TJ_GCV,G3000,STK_CHG_MG,M,-15.986161944444444
2025-12,IT,TJ_GCV,G3000,STK_CHG_MG,M,-26.091765833333334
2026-01,IT,TJ_GCV,G3000,STK_CHG_MG,M,-34.44352972222222
2026-02,IT,TJ_GCV,G3000,STK_CHG_MG,M,-20.230231944444448
2026-03,IT,TJ_GCV,G3000,STK_CHG_MG,M,-7.717969999999999
2026-04,IT,TJ_GCV,G3000,STK_CHG_MG,M,13.053286388888889
2026-05,IT,TJ_GCV,G3000,STK_CHG_MG,M,18.783892222222224
2026-06,IT,TJ_GCV,G3000,STK_CHG_MG,M,15.701260277777777
2026-07,IT,TJ_GCV,G3000,STK_CHG_MG,M,16.762783055555555
2026-08,IT,TJ_GCV,G3000,STK_CHG_MG,M,15.529327222222223
2022-01,IT,TJ_GCV,G3000,TI_EHG_MAP,M,27.88388888888889
2022-02,IT,TJ_GCV,G3000,TI_EHG_MAP,M,23.24416666666667
2022-03,IT,TJ_GCV,G3000,TI_EHG_MAP,M,25.69
2022-04,IT,TJ_GCV,G3000,TI_EHG_MAP,M,18.724166666666665
2022-05,IT,TJ_GCV,G3000,TI_EHG_MAP,M,17.98111111111111
2022-06,IT,TJ_GCV,G3000,TI_EHG_MAP,M,22.01972222222222
2022-07,IT,TJ_GCV,G3000,TI_EHG_MAP,M,25.474166666666665
2022-08,IT,TJ_GCV,G3000,TI_EHG_MAP,M,22.345555555555556
2022-09,IT,TJ_GCV,G3000,TI_EHG_MAP,M,20.52
2022-10,IT,TJ_GCV,G3000,TI_EHG_MAP,M,20.52861111111111
2022-11,IT,TJ_GCV,G3000,TI_EHG_MAP,M,20.425833333333333
2022-12,IT,TJ_GCV,G3000,TI_EHG_MAP,M,20.849166666666665
2023-01,IT,TJ_GCV,G3000,TI_EHG_MAP,M,19.219333333333335
2023-02,IT,TJ_GCV,G3000,TI_EHG_MAP,M,19.028833333333335
2023-03,IT,TJ_GCV,G3000,TI_EHG_MAP,M,17.959916666666665
2023-04,IT,TJ_GCV,G3000,TI_EHG_MAP,M,16.319499999999998
2023-05,IT,TJ_GCV,G3000,TI_EHG_MAP,M,15.155333333333333
2023-06,IT,TJ_GCV,G3000,TI_EHG_MAP,M,17.018
2023-07,IT,TJ_GCV,G3000,TI_EHG_MAP,M,23.943733333333334
2023-08,IT,TJ_GCV,G3000,TI_EHG_MAP,M,18.182166666666667
2023-09,IT,TJ_GCV,G3000,TI_EHG_MAP,M,20.044833333333333
2023-10,IT,TJ_GCV,G3000,TI_EHG_MAP,M,19.7485
2023-11,IT,TJ_GCV,G3000,TI_EHG_MAP,M,16.73225
2023-12,IT,TJ_GCV,G3000,TI_EHG_MAP,M,19.060583333333334
2024-01,IT,TJ_GCV,G3000,TI_EHG_MAP,M,20.31433638888889
2024-02,IT,TJ_GCV,G3000,TI_EHG_MAP,M,17.107060277777776
2024-03,IT,TJ_GCV,G3000,TI_EHG_MAP,M,15.428383333333333
2024-04,IT,TJ_GCV,G3000,TI_EHG_MAP,M,12.42529861111111
2024-05,IT,TJ_GCV,G3000,TI_EHG_MAP,M,12.131395833333334
2024-06,IT,TJ_GCV,G3000,TI_EHG_MAP,M,14.827826388888889
2024-07,IT,TJ_GCV,G3000,TI_EHG_MAP,M,22.91501861111111
2024-08,IT,TJ_GCV,G3000,TI_EHG_MAP,M,22.083729444444447
2024-09,IT,TJ_GCV,G3000,TI_EHG_MAP,M,20.21744027777778
2024-10,IT,TJ_GCV,G3000,TI_EHG_MAP,M,17.86006972222222
2024-11,IT,TJ_GCV,G3000,TI_EHG_MAP,M,22.169984722222225
2024-12,IT,TJ_GCV,G3000,TI_EHG_MAP,M,22.909320833333332
2025-01,IT,TJ_GCV,G3000,TI_EHG_MAP,M,23.30998111111111
2025-02,IT,TJ_GCV,G3000,TI_EHG_MAP,M,23.356138333333334
2025-03,IT,TJ_GCV,G3000,TI_EHG_MAP,M,19.6868125
2025-04,IT,TJ_GCV,G3000,TI_EHG_MAP,M,13.216949166666666
2025-05,IT,TJ_GCV,G3000,TI_EHG_MAP,M,10.647972777777778
2025-06,IT,TJ_GCV,G3000,TI_EHG_MAP,M,16.457905833333335
2025-07,IT,TJ_GCV,G3000,TI_EHG_MAP,M,20.65053611111111
2025-08,IT,TJ_GCV,G3000,TI_EHG_MAP,M,16.41510361111111
2025-09,IT,TJ_GCV,G3000,TI_EHG_MAP,M,19.284273055555555
2025-10,IT,TJ_GCV,G3000,TI_EHG_MAP,M,19.179011944444444
2025-11,IT,TJ_GCV,G3000,TI_EHG_MAP,M,23.12059
2025-12,IT,TJ_GCV,G3000,TI_EHG_MAP,M,26.86240666666667
2026-01,IT,TJ_GCV,G3000,TI_EHG_MAP,M,28.9835675
2026-02,IT,TJ_GCV,G3000,TI_EHG_MAP,M,20.420122222222222
2026-03,IT,TJ_GCV,G3000,TI_EHG_MAP,M,18.207671666666666
2026-04,IT,TJ_GCV,G3000,TI_EHG_MAP,M,12.494918888888888
2026-05,IT,TJ_GCV,G3000,TI_EHG_MAP,M,13.0752525
2026-06,IT,TJ_GCV,G3000,TI_EHG_MAP,M,18.407549722222225
2026-07,IT,TJ_GCV,G3000,TI_EHG_MAP,M,20.372645277777778
2026-08,IT,TJ_GCV,G3000,TI_EHG_MAP,M,16.91989472222222
2022-01,IT,TJ_GCV,G3000,TOS,M,0.0
2022-02,IT,TJ_GCV,G3000,TOS,M,0.0
2022-03,IT,TJ_GCV,G3000,TOS,M,0.0
2022-04,IT,TJ_GCV,G3000,TOS,M,0.0
2022-05,IT,TJ_GCV,G3000,TOS,M,0.0
2022-06,IT,TJ_GCV,G3000,TOS,M,0.0
2022-07,IT,TJ_GCV,G3000,TOS,M,0.0
2022-08,IT,TJ_GCV,G3000,TOS,M,0.0
2022-09,IT,TJ_GCV,G3000,TOS,M,0.0
2022-10,IT,TJ_GCV,G3000,TOS,M,0.0
2022-11,IT,TJ_GCV,G3000,TOS,M,0.0
2022-12,IT,TJ_GCV,G3000,TOS,M,0.0
2023-01,IT,TJ_GCV,G3000,TOS,M,0.0
2023-02,IT,TJ_GCV,G3000,TOS,M,0.0
2023-03,IT,TJ_GCV,G3000,TOS,M,0.0
2023-04,IT,TJ_GCV,G3000,TOS,M,0.0
2023-05,IT,TJ_GCV,G3000,TOS,M,0.0
2023-06,IT,TJ_GCV,G3000,TOS,M,0.0
2023-07,IT,TJ_GCV,G3000,TOS,M,0.0
2023-08,IT,TJ_GCV,G3000,TOS,M,0.0
2023-09,IT,TJ_GCV,G3000,TOS,M,0.0
2023-10,IT,TJ_GCV,G3000,TOS,M,0.0
2023-11,IT,TJ_GCV,G3000,TOS,M,0.0
2023-12,IT,TJ_GCV,G3000,TOS,M,0.0
2024-01,IT,TJ_GCV,G3000,TOS,M,0.0
2024-02,IT,TJ_GCV,G3000,TOS,M,0.0
2024-03,IT,TJ_GCV,G3000,TOS,M,0.0
2024-04,IT,TJ_GCV,G3000,TOS,M,0.0
2024-05,IT,TJ_GCV,G3000,TOS,M,0.0
2024-06,IT,TJ_GCV,G3000,TOS,M,0.0
2024-07,IT,TJ_GCV,G3000,TOS,M,0.0
2024-08,IT,TJ_GCV,G3000,TOS,M,0.0
2024-09,IT,TJ_GCV,G3000,TOS,M,0.0
2024-10,IT,TJ_GCV,G3000,TOS,M,0.0
2024-11,IT,TJ_GCV,G3000,TOS,M,0.0
2024-12,IT,TJ_GCV,G3000,TOS,M,0.0
2025-01,IT,TJ_GCV,G3000,TOS,M,0.0
2025-02,IT,TJ_GCV,G3000,TOS,M,0.0
2025-03,IT,TJ_GCV,G3000,TOS,M,0.0
2025-04,IT,TJ_GCV,G3000,TOS,M,0.0
2025-05,IT,TJ_GCV,G3000,TOS,M,0.0
2025-06,IT,TJ_GCV,G3000,TOS,M,0.0
2025-07,IT,TJ_GCV,G3000,TOS,M,0.0
2025-08,IT,TJ_GCV,G3000,TOS,M,0.0
2025-09,IT,TJ_GCV,G3000,TOS,M,0.0
2025-10,IT,TJ_GCV,G3000,TOS,M,0.0
2025-11,IT,TJ_GCV,G3000,TOS,M,0.0
2025-12,IT,TJ_GCV,G3000,TOS,M,0.0
2026-01,IT,TJ_GCV,G3000,TOS,M,0.0
2026-02,IT,TJ_GCV,G3000,TOS,M,0.0
2026-03,IT,TJ_GCV,G3000,TOS,M,0.0
2026-04,IT,TJ_GCV,G3000,TOS,M,0.0
2026-05,IT,TJ_GCV,G3000,TOS,M,0.0
2026-06,IT,TJ_GCV,G3000,TOS,M,0.0
2026-07,IT,TJ_GCV,G3000,TOS,M,0.0
2026-08,IT,TJ_GCV,G3000,TOS,M,0.0
2022-01,IT,TJ_GCV,G3000,VENT,M,0.0
2022-02,IT,TJ_GCV,G3000,VENT,M,0.0
2022-03,IT,TJ_GCV,G3000,VENT,M,0.0
2022-04,IT,TJ_GCV,G3000,VENT,M,0.0
2022-05,IT,TJ_GCV,G3000,VENT,M,0.0
2022-06,IT,TJ_GCV,G3000,VENT,M,0.0
2022-07,IT,TJ_GCV,G3000,VENT,M,0.0
2022-08,IT,TJ_GCV,G3000,VENT,M,0.0
2022-09,IT,TJ_GCV,G3000,VENT,M,0.0
2022-10,IT,TJ_GCV,G3000,VENT,M,0.0
2022-11,IT,TJ_GCV,G3000,VENT,M,0.0
2022-12,IT,TJ_GCV,G3000,VENT,M,0.0
2023-01,IT,TJ_GCV,G3000,VENT,M,0.0
2023-02,IT,TJ_GCV,G3000,VENT,M,0.0
2023-03,IT,TJ_GCV,G3000,VENT,M,0.0
2023-04,IT,TJ_GCV,G3000,VENT,M,0.0
2023-05,IT,TJ_GCV,G3000,VENT,M,0.0
2023-06,IT,TJ_GCV,G3000,VENT,M,0.0
2023-07,IT,TJ_GCV,G3000,VENT,M,0.0
2023-08,IT,TJ_GCV,G3000,VENT,M,0.0
2023-09,IT,TJ_GCV,G3000,VENT,M,0.0
2023-10,IT,TJ_GCV,G3000,VENT,M,0.0
2023-11,IT,TJ_GCV,G3000,VENT,M,0.0
2023-12,IT,TJ_GCV,G3000,VENT,M,0.0
2024-01,IT,TJ_GCV,G3000,VENT,M,0.0
2024-02,IT,TJ_GCV,G3000,VENT,M,0.0
2024-03,IT,TJ_GCV,G3000,VENT,M,0.0
2024-04,IT,TJ_GCV,G3000,VENT,M,0.0
2024-05,IT,TJ_GCV,G3000,VENT,M,0.0
2024-06,IT,TJ_GCV,G3000,VENT,M,0.0
2024-07,IT,TJ_GCV,G3000,VENT,M,0.0
2024-08,IT,TJ_GCV,G3000,VENT,M,0.0
2024-09,IT,TJ_GCV,G3000,VENT,M,0.0
2024-10,IT,TJ_GCV,G3000,VENT,M,0.0
2024-11,IT,TJ_GCV,G3000,VENT,M,0.0
2024-12,IT,TJ_GCV,G3000,VENT,M,0.0
2025-01,IT,TJ_GCV,G3000,VENT,M,0.0
2025-02,IT,TJ_GCV,G3000,VENT,M,0.0
2025-03,IT,TJ_GCV,G3000,VENT,M,0.0
2025-04,IT,TJ_GCV,G3000,VENT,M,0.0
2025-05,IT,TJ_GCV,G3000,VENT,M,0.0
2025-06,IT,TJ_GCV,G3000,VENT,M,0.0
2025-07,IT,TJ_GCV,G3000,VENT,M,0.0
2025-08,IT,TJ_GCV,G3000,VENT,M,0.0
2025-09,IT,TJ_GCV,G3000,VENT,M,0.0
2025-10,IT,TJ_GCV,G3000,VENT,M,0.0
2025-11,IT,TJ_GCV,G3000,VENT,M,0.0
2025-12,IT,TJ_GCV,G3000,VENT,M,0.0
2026-01,IT,TJ_GCV,G3000,VENT,M,0.0
2026-02,IT,TJ_GCV,G3000,VENT,M,0.0
2026-03,IT,TJ_GCV,G3000,VENT,M,0.0
2026-04,IT,TJ_GCV,G3000,VENT,M,0.0
2026-05,IT,TJ_GCV,G3000,VENT,M,0.0
2026-06,IT,TJ_GCV,G3000,VENT,M,0.0
2026-07,IT,TJ_GCV,G3000,VENT,M,0.0
2026-08,IT,TJ_GCV,G3000,VENT,M,0.0
2022-01,FR,TJ_GCV,G3000,DL,M,0.23349972222222223
2022-02,FR,TJ_GCV,G3000,DL,M,0.11535444444444445
2022-03,FR,TJ_GCV,G3000,DL,M,0.1996997222222222
2022-04,FR,TJ_GCV,G3000,DL,M,0.20900277777777776
2022-05,FR,TJ_GCV,G3000,DL,M,0.20031388888888887
2022-06,FR,TJ_GCV,G3000,DL,M,0.13371916666666667
2022-07,FR,TJ_GCV,G3000,DL,M,0.16456861111111112
2022-08,FR,TJ_GCV,G3000,DL,M,0.19449527777777778
2022-09,FR,TJ_GCV,G3000,DL,M,0.23590277777777777
2022-10,FR,TJ_GCV,G3000,DL,M,0.30344805555555554
2022-11,FR,TJ_GCV,G3000,DL,M,0.40629
2022-12,FR,TJ_GCV,G3000,DL,M,0.43779055555555557
2023-01,FR,TJ_GCV,G3000,DL,M,0.3264283333333333
2023-02,FR,TJ_GCV,G3000,DL,M,0.1630361111111111
2023-03,FR,TJ_GCV,G3000,DL,M,0.18432583333333333
2023-04,FR,TJ_GCV,G3000,DL,M,0.3110663888888889
2023-05,FR,TJ_GCV,G3000,DL,M,0.16711
2023-06,FR,TJ_GCV,G3000,DL,M,0.1467813888888889
2023-07,FR,TJ_GCV,G3000,DL,M,0.16704166666666667
2023-08,FR,TJ_GCV,G3000,DL,M,0.21808805555555555
2023-09,FR,TJ_GCV,G3000,DL,M,0.12059555555555555
2023-10,FR,TJ_GCV,G3000,DL,M,0.23408416666666665
2023-11,FR,TJ_GCV,G3000,DL,M,0.29044833333333336
2023-12,FR,TJ_GCV,G3000,DL,M,0.3677991666666667
2024-01,FR,TJ_GCV,G3000,DL,M,0.3476236111111111
2024-02,FR,TJ_GCV,G3000,DL,M,0.1568225
2024-03,FR,TJ_GCV,G3000,DL,M,0.18791194444444442
2024-04,FR,TJ_GCV,G3000,DL,M,0.1544063888888889
2024-05,FR,TJ_GCV,G3000,DL,M,0.08549555555555555
2024-06,FR,TJ_GCV,G3000,DL,M,0.11337138888888888
2024-07,FR,TJ_GCV,G3000,DL,M,0.21789527777777778
2024-08,FR,TJ_GCV,G3000,DL,M,0.22942083333333332
2024-09,FR,TJ_GCV,G3000,DL,M,0.17728166666666667
2024-10,FR,TJ_GCV,G3000,DL,M,0.2205163888888889
2024-11,FR,TJ_GCV,G3000,DL,M,0.2099561111111111
2024-12,FR,TJ_GCV,G3000,DL,M,0.29685777777777783
2025-01,FR,TJ_GCV,G3000,DL,M,0.23129
2025-02,FR,TJ_GCV,G3000,DL,M,0.21971611111111108
2025-03,FR,TJ_GCV,G3000,DL,M,0.16028083333333332
2025-04,FR,TJ_GCV,G3000,DL,M,0.17509388888888888
2025-05,FR,TJ_GCV,G3000,DL,M,0.16383250000000002
2025-06,FR,TJ_GCV,G3000,DL,M,0.24912861111111112
2025-07,FR,TJ_GCV,G3000,DL,M,0.20244
2025-08,FR,TJ_GCV,G3000,DL,M,0.1154125
2025-09,FR,TJ_GCV,G3000,DL,M,0.1809861111111111
2025-10,FR,TJ_GCV,G3000,DL,M,0.2330275
2025-11,FR,TJ_GCV,G3000,DL,M,0.3162425
2025-12,FR,TJ_GCV,G3000,DL,M,0.35094694444444446
2026-01,FR,TJ_GCV,G3000,DL,M,0.42510555555555557
2026-02,FR,TJ_GCV,G3000,DL,M,0.29912416666666664
2026-03,FR,TJ_GCV,G3000,DL,M,0.2220413888888889
2026-04,FR,TJ_GCV,G3000,DL,M,0.23571666666666669
2026-05,FR,TJ_GCV,G3000,DL,M,0.10305416666666667
2026-06,FR,TJ_GCV,G3000,DL,M,0.10695583333333333
2026-07,FR,TJ_GCV,G3000,DL,M,0.1957775
2026-08,FR,TJ_GCV,G3000,DL,M,0.20674111111111113
2022-01,FR,TJ_GCV,G3000,EXP,M,15.37306111111111
2022-02,FR,TJ_GCV,G3000,EXP,M,13.163157777777778
2022-03,FR,TJ_GCV,G3000,EXP,M,9.568044444444444
2022-04,FR,TJ_GCV,G3000,EXP,M,12.336417777777777
2022-05,FR,TJ_GCV,G3000,EXP,M,13.97869361111111
2022-06,FR,TJ_GCV,G3000,EXP,M,6.793098055555555
2022-07,FR,TJ_GCV,G3000,EXP,M,11.974127777777777
2022-08,FR,TJ_GCV,G3000,EXP,M,18.593823611111112
2022-09,FR,TJ_GCV,G3000,EXP,M,16.598390277777778
2022-10,FR,TJ_GCV,G3000,EXP,M,21.06737916666667
2022-11,FR,TJ_GCV,G3000,EXP,M,20.145734722222223
2022-12,FR,TJ_GCV,G3000,EXP,M,17.104110277777778
2023-01,FR,TJ_GCV,G3000,EXP,M,20.47652916666667
2023-02,FR,TJ_GCV,G3000,EXP,M,21.393234166666666
2023-03,FR,TJ_GCV,G3000,EXP,M,11.037458888888889
2023-04,FR,TJ_GCV,G3000,EXP,M,10.247259444444444
2023-05,FR,TJ_GCV,G3000,EXP,M,14.324460833333333
2023-06,FR,TJ_GCV,G3000,EXP,M,10.463537777777777
2023-07,FR,TJ_GCV,G3000,EXP,M,10.997326111111112
2023-08,FR,TJ_GCV,G3000,EXP,M,6.319409722222222
2023-09,FR,TJ_GCV,G3000,EXP,M,8.349724722222222
2023-10,FR,TJ_GCV,G3000,EXP,M,12.29485
2023-11,FR,TJ_GCV,G3000,EXP,M,18.80077166666667
2023-12,FR,TJ_GCV,G3000,EXP,M,17.587336111111114
2024-01,FR,TJ_GCV,G3000,EXP,M,19.220564166666666
2024-02,FR,TJ_GCV,G3000,EXP,M,18.858340555555554
2024-03,FR,TJ_GCV,G3000,EXP,M,15.489403055555556
2024-04,FR,TJ_GCV,G3000,EXP,M,8.754637222222222
2024-05,FR,TJ_GCV,G3000,EXP,M,10.535316388888889
2024-06,FR,TJ_GCV,G3000,EXP,M,10.989740555555555
2024-07,FR,TJ_GCV,G3000,EXP,M,9.020285555555555
2024-08,FR,TJ_GCV,G3000,EXP,M,9.50594388888889
2024-09,FR,TJ_GCV,G3000,EXP,M,14.314337222222223
2024-10,FR,TJ_GCV,G3000,EXP,M,12.9930875
2024-11,FR,TJ_GCV,G3000,EXP,M,15.023402777777777
2024-12,FR,TJ_GCV,G3000,EXP,M,15.498866388888889
2025-01,FR,TJ_GCV,G3000,EXP,M,15.578181666666666
2025-02,FR,TJ_GCV,G3000,EXP,M,15.001493333333332
2025-03,FR,TJ_GCV,G3000,EXP,M,15.68113611111111
2025-04,FR,TJ_GCV,G3000,EXP,M,15.840485
2025-05,FR,TJ_GCV,G3000,EXP,M,15.866559166666667
2025-06,FR,TJ_GCV,G3000,EXP,M,13.931389722222221
2025-07,FR,TJ_GCV,G3000,EXP,M,14.211387777777778
2025-08,FR,TJ_GCV,G3000,EXP,M,14.0570075
2025-09,FR,TJ_GCV,G3000,EXP,M,12.633809166666667
2025-10,FR,TJ_GCV,G3000,EXP,M,15.404717222222223
2025-11,FR,TJ_GCV,G3000,EXP,M,15.973666388888889
2025-12,FR,TJ_GCV,G3000,EXP,M,19.971464722222223
2026-01,FR,TJ_GCV,G3000,EXP,M,20.01412722222222
2026-02,FR,TJ_GCV,G3000,EXP,M,16.4557075
2026-03,FR,TJ_GCV,G3000,EXP,M,13.701856944444444
2026-04,FR,TJ_GCV,G3000,EXP,M,14.589050555555556
2026-05,FR,TJ_GCV,G3000,EXP,M,12.660856111111112
2026-06,FR,TJ_GCV,G3000,EXP,M,11.76561111111111
2026-07,FR,TJ_GCV,G3000,EXP,M,9.827665277777777
2026-08,FR,TJ_GCV,G3000,EXP,M,9.952760277777777
2026-06,FR,TJ_GCV,G3000,FC_IND,M,0.0
2026-06,FR,TJ_GCV,G3000,FC_OTH,M,0.0
2022-01,FR,TJ_GCV,G3000,FLARE,M,0.0
2022-02,FR,TJ_GCV,G3000,FLARE,M,0.0
2022-03,FR,TJ_GCV,G3000,FLARE,M,0.0
2022-04,FR,TJ_GCV,G3000,FLARE,M,0.0
2022-05,FR,TJ_GCV,G3000,FLARE,M,0.0
2022-06,FR,TJ_GCV,G3000,FLARE,M,0.0
2022-07,FR,TJ_GCV,G3000,FLARE,M,0.0
2022-08,FR,TJ_GCV,G3000,FLARE,M,0.0
2022-09,FR,TJ_GCV,G3000,FLARE,M,0.0
2022-10,FR,TJ_GCV,G3000,FLARE,M,0.0
2022-11,FR,TJ_GCV,G3000,FLARE,M,0.0
2022-12,FR,TJ_GCV,G3000,FLARE,M,0.0
2023-01,FR,TJ_GCV,G3000,FLARE,M,0.0
2023-02,FR,TJ_GCV,G3000,FLARE,M,0.0
2023-03,FR,TJ_GCV,G3000,FLARE,M,0.0
2023-04,FR,TJ_GCV,G3000,FLARE,M,0.0
2023-05,FR,TJ_GCV,G3000,FLARE,M,0.0
2023-06,FR,TJ_GCV,G3000,FLARE,M,0.0
2023-07,FR,TJ_GCV,G3000,FLARE,M,0.0
2023-08,FR,TJ_GCV,G3000,FLARE,M,0.0
2026-06,FR,TJ_GCV,G3000,FLARE,M,0.0
2022-01,FR,TJ_GCV,G3000,IC_CAL_MG,M,68.62126833333333
2022-02,FR,TJ_GCV,G3000,IC_CAL_MG,M,51.13887277777778
2022-03,FR,TJ_GCV,G3000,IC_CAL_MG,M,47.82851611111111
2022-04,FR,TJ_GCV,G3000,IC_CAL_MG,M,36.405501111111114
2022-05,FR,TJ_GCV,G3000,IC_CAL_MG,M,23.304533055555556
2022-06,FR,TJ_GCV,G3000,IC_CAL_MG,M,19.846898888888887
2022-07,FR,TJ_GCV,G3000,IC_CAL_MG,M,19.904910555555556
2022-08,FR,TJ_GCV,G3000,IC_CAL_MG,M,18.157028055555557
2022-09,FR,TJ_GCV,G3000,IC_CAL_MG,M,22.575491666666668
2022-10,FR,TJ_GCV,G3000,IC_CAL_MG,M,25.81337222222222
2022-11,FR,TJ_GCV,G3000,IC_CAL_MG,M,39.470800833333335
2022-12,FR,TJ_GCV,G3000,IC_CAL_MG,M,57.8600175
2023-01,FR,TJ_GCV,G3000,IC_CAL_MG,M,54.935339166666665
2023-02,FR,TJ_GCV,G3000,IC_CAL_MG,M,48.846112500000004
2023-03,FR,TJ_GCV,G3000,IC_CAL_MG,M,43.95912
2023-04,FR,TJ_GCV,G3000,IC_CAL_MG,M,31.76768388888889
2023-05,FR,TJ_GCV,G3000,IC_CAL_MG,M,19.166299722222224
2023-06,FR,TJ_GCV,G3000,IC_CAL_MG,M,17.034218055555556
2023-07,FR,TJ_GCV,G3000,IC_CAL_MG,M,16.609293055555558
2023-08,FR,TJ_GCV,G3000,IC_CAL_MG,M,15.389589444444443
2023-09,FR,TJ_GCV,G3000,IC_CAL_MG,M,17.453490277777778
2023-10,FR,TJ_GCV,G3000,IC_CAL_MG,M,23.45686111111111
2023-11,FR,TJ_GCV,G3000,IC_CAL_MG,M,41.781085833333336
2023-12,FR,TJ_GCV,G3000,IC_CAL_MG,M,49.56176333333333
2024-01,FR,TJ_GCV,G3000,IC_CAL_MG,M,58.297581388888894
2024-02,FR,TJ_GCV,G3000,IC_CAL_MG,M,41.14350722222222
2024-03,FR,TJ_GCV,G3000,IC_CAL_MG,M,38.31626027777778
2024-04,FR,TJ_GCV,G3000,IC_CAL_MG,M,27.47610611111111
2024-05,FR,TJ_GCV,G3000,IC_CAL_MG,M,19.14675638888889
2024-06,FR,TJ_GCV,G3000,IC_CAL_MG,M,15.780813055555557
2024-07,FR,TJ_GCV,G3000,IC_CAL_MG,M,15.24903638888889
2024-08,FR,TJ_GCV,G3000,IC_CAL_MG,M,13.147186388888889
2024-09,FR,TJ_GCV,G3000,IC_CAL_MG,M,17.54801527777778
2024-10,FR,TJ_GCV,G3000,IC_CAL_MG,M,24.490030555555556
2024-11,FR,TJ_GCV,G3000,IC_CAL_MG,M,41.770760833333334
2024-12,FR,TJ_GCV,G3000,IC_CAL_MG,M,51.29439361111111
2025-01,FR,TJ_GCV,G3000,IC_CAL_MG,M,56.672829722222225
2025-02,FR,TJ_GCV,G3000,IC_CAL_MG,M,47.18383194444445
2025-03,FR,TJ_GCV,G3000,IC_CAL_MG,M,39.049149444444446
2025-04,FR,TJ_GCV,G3000,IC_CAL_MG,M,22.87873111111111
2025-05,FR,TJ_GCV,G3000,IC_CAL_MG,M,16.85521361111111
2025-06,FR,TJ_GCV,G3000,IC_CAL_MG,M,14.332991388888889
2025-07,FR,TJ_GCV,G3000,IC_CAL_MG,M,14.637380277777778
2025-08,FR,TJ_GCV,G3000,IC_CAL_MG,M,12.960464444444444
2025-09,FR,TJ_GCV,G3000,IC_CAL_MG,M,17.21234
2025-10,FR,TJ_GCV,G3000,IC_CAL_MG,M,26.162130555555557
2025-11,FR,TJ_GCV,G3000,IC_CAL_MG,M,37.14369277777778
2025-12,FR,TJ_GCV,G3000,IC_CAL_MG,M,46.55314444444445
2026-01,FR,TJ_GCV,G3000,IC_CAL_MG,M,56.47154972222222
2026-02,FR,TJ_GCV,G3000,IC_CAL_MG,M,37.539748333333335
2026-03,FR,TJ_GCV,G3000,IC_CAL_MG,M,34.49256277777778
2026-04,FR,TJ_GCV,G3000,IC_CAL_MG,M,22.587222777777775
2026-05,FR,TJ_GCV,G3000,IC_CAL_MG,M,16.868102222222223
2026-06,FR,TJ_GCV,G3000,IC_CAL_MG,M,14.62863611111111
2026-07,FR,TJ_GCV,G3000,IC_CAL_MG,M,14.5294025
2026-08,FR,TJ_GCV,G3000,IC_CAL_MG,M,14.307864444444444
2022-01,FR,TJ_GCV,G3000,IC_OBS,M,68.38688694444444
2022-02,FR,TJ_GCV,G3000,IC_OBS,M,50.754753055555554
2022-03,FR,TJ_GCV,G3000,IC_OBS,M,47.52659444444444
2022-04,FR,TJ_GCV,G3000,IC_OBS,M,36.009076944444445
2022-05,FR,TJ_GCV,G3000,IC_OBS,M,22.800275000000003
2022-06,FR,TJ_GCV,G3000,IC_OBS,M,19.308779444444443
2022-07,FR,TJ_GCV,G3000,IC_OBS,M,19.324824999999997
2022-08,FR,TJ_GCV,G3000,IC_OBS,M,17.612728055555557
2022-09,FR,TJ_GCV,G3000,IC_OBS,M,22.221911388888888
2022-10,FR,TJ_GCV,G3000,IC_OBS,M,26.440720555555554
2022-11,FR,TJ_GCV,G3000,IC_OBS,M,41.043780000000005
2022-12,FR,TJ_GCV,G3000,IC_OBS,M,57.353028333333334
2023-01,FR,TJ_GCV,G3000,IC_OBS,M,56.09943861111111
2023-02,FR,TJ_GCV,G3000,IC_OBS,M,50.688470277777775
2023-03,FR,TJ_GCV,G3000,IC_OBS,M,43.922157777777784
2023-04,FR,TJ_GCV,G3000,IC_OBS,M,31.36692083333333
2023-05,FR,TJ_GCV,G3000,IC_OBS,M,19.642908888888886
2023-06,FR,TJ_GCV,G3000,IC_OBS,M,16.62914638888889
2023-07,FR,TJ_GCV,G3000,IC_OBS,M,16.095198055555556
2023-08,FR,TJ_GCV,G3000,IC_OBS,M,14.854342222222222
2023-09,FR,TJ_GCV,G3000,IC_OBS,M,16.26197972222222
2023-10,FR,TJ_GCV,G3000,IC_OBS,M,22.900230833333335
2023-11,FR,TJ_GCV,G3000,IC_OBS,M,41.19663527777777
2023-12,FR,TJ_GCV,G3000,IC_OBS,M,48.88333194444444
2024-01,FR,TJ_GCV,G3000,IC_OBS,M,57.73795972222222
2024-02,FR,TJ_GCV,G3000,IC_OBS,M,40.583510555555556
2024-03,FR,TJ_GCV,G3000,IC_OBS,M,37.80551722222222
2024-04,FR,TJ_GCV,G3000,IC_OBS,M,26.591325833333332
2024-05,FR,TJ_GCV,G3000,IC_OBS,M,18.501285
2024-06,FR,TJ_GCV,G3000,IC_OBS,M,15.121841666666667
2024-07,FR,TJ_GCV,G3000,IC_OBS,M,14.425890833333334
2024-08,FR,TJ_GCV,G3000,IC_OBS,M,12.437339999999999
2024-09,FR,TJ_GCV,G3000,IC_OBS,M,16.825028888888887
2024-10,FR,TJ_GCV,G3000,IC_OBS,M,23.615893333333332
2024-11,FR,TJ_GCV,G3000,IC_OBS,M,41.146155
2024-12,FR,TJ_GCV,G3000,IC_OBS,M,50.41041027777778
2025-01,FR,TJ_GCV,G3000,IC_OBS,M,55.95093388888889
2025-02,FR,TJ_GCV,G3000,IC_OBS,M,46.35510638888889
2025-03,FR,TJ_GCV,G3000,IC_OBS,M,38.21308194444445
2025-04,FR,TJ_GCV,G3000,IC_OBS,M,22.158261944444444
2025-05,FR,TJ_GCV,G3000,IC_OBS,M,16.028280555555554
2025-06,FR,TJ_GCV,G3000,IC_OBS,M,13.659569722222223
2025-07,FR,TJ_GCV,G3000,IC_OBS,M,13.688760833333333
2025-08,FR,TJ_GCV,G3000,IC_OBS,M,12.203953888888888
2025-09,FR,TJ_GCV,G3000,IC_OBS,M,16.242776666666668
2025-10,FR,TJ_GCV,G3000,IC_OBS,M,25.408136944444447
2025-11,FR,TJ_GCV,G3000,IC_OBS,M,38.040491111111116
2025-12,FR,TJ_GCV,G3000,IC_OBS,M,45.79500472222222
2026-01,FR,TJ_GCV,G3000,IC_OBS,M,55.627921944444445
2026-02,FR,TJ_GCV,G3000,IC_OBS,M,36.68227805555556
2026-03,FR,TJ_GCV,G3000,IC_OBS,M,33.690514444444446
2026-04,FR,TJ_GCV,G3000,IC_OBS,M,21.707523333333334
2026-05,FR,TJ_GCV,G3000,IC_OBS,M,15.982164722222223
2026-06,FR,TJ_GCV,G3000,IC_OBS,M,13.780709444444444
2026-07,FR,TJ_GCV,G3000,IC_OBS,M,13.709328888888889
2026-08,FR,TJ_GCV,G3000,IC_OBS,M,13.328899166666666
2022-01,FR,TJ_GCV,G3000,IMP,M,53.61827666666667
2022-02,FR,TJ_GCV,G3000,IMP,M,47.28706444444445
2022-03,FR,TJ_GCV,G3000,IMP,M,59.30582222222222
2022-04,FR,TJ_GCV,G3000,IMP,M,60.802528333333335
2022-05,FR,TJ_GCV,G3000,IMP,M,61.59071888888889
2022-06,FR,TJ_GCV,G3000,IMP,M,39.89948805555556
2022-07,FR,TJ_GCV,G3000,IMP,M,53.52873861111111
2022-08,FR,TJ_GCV,G3000,IMP,M,52.52965805555556
2022-09,FR,TJ_GCV,G3000,IMP,M,46.333910833333334
2022-10,FR,TJ_GCV,G3000,IMP,M,50.211177222222226
2022-11,FR,TJ_GCV,G3000,IMP,M,55.82243138888889
2022-12,FR,TJ_GCV,G3000,IMP,M,57.04064944444444
2023-01,FR,TJ_GCV,G3000,IMP,M,47.962610833333336
2023-02,FR,TJ_GCV,G3000,IMP,M,39.13746277777778
2023-03,FR,TJ_GCV,G3000,IMP,M,35.57668805555556
2023-04,FR,TJ_GCV,G3000,IMP,M,53.52377333333333
2023-05,FR,TJ_GCV,G3000,IMP,M,52.160651944444446
2023-06,FR,TJ_GCV,G3000,IMP,M,39.420164166666666
2023-07,FR,TJ_GCV,G3000,IMP,M,47.65567222222223
2023-08,FR,TJ_GCV,G3000,IMP,M,40.45772166666667
2023-09,FR,TJ_GCV,G3000,IMP,M,28.9719925
2023-10,FR,TJ_GCV,G3000,IMP,M,43.07772694444445
2023-11,FR,TJ_GCV,G3000,IMP,M,55.01934555555555
2023-12,FR,TJ_GCV,G3000,IMP,M,49.515924999999996
2024-01,FR,TJ_GCV,G3000,IMP,M,43.7830125
2024-02,FR,TJ_GCV,G3000,IMP,M,38.48552222222222
2024-03,FR,TJ_GCV,G3000,IMP,M,44.08092444444445
2024-04,FR,TJ_GCV,G3000,IMP,M,48.22053666666667
2024-05,FR,TJ_GCV,G3000,IMP,M,41.385198333333335
2024-06,FR,TJ_GCV,G3000,IMP,M,37.511137500000004
2024-07,FR,TJ_GCV,G3000,IMP,M,36.41660805555555
2024-08,FR,TJ_GCV,G3000,IMP,M,40.680484444444446
2024-09,FR,TJ_GCV,G3000,IMP,M,34.794735
2024-10,FR,TJ_GCV,G3000,IMP,M,40.72053888888889
2024-11,FR,TJ_GCV,G3000,IMP,M,34.35678472222222
2024-12,FR,TJ_GCV,G3000,IMP,M,39.303178333333335
2025-01,FR,TJ_GCV,G3000,IMP,M,39.189341388888884
2025-02,FR,TJ_GCV,G3000,IMP,M,43.052998055555555
2025-03,FR,TJ_GCV,G3000,IMP,M,56.74539583333333
2025-04,FR,TJ_GCV,G3000,IMP,M,57.31931194444444
2025-05,FR,TJ_GCV,G3000,IMP,M,47.63270083333333
2025-06,FR,TJ_GCV,G3000,IMP,M,41.15298527777778
2025-07,FR,TJ_GCV,G3000,IMP,M,40.79749833333334
2025-08,FR,TJ_GCV,G3000,IMP,M,38.740523055555556
2025-09,FR,TJ_GCV,G3000,IMP,M,34.63515777777778
2025-10,FR,TJ_GCV,G3000,IMP,M,41.60682083333333
2025-11,FR,TJ_GCV,G3000,IMP,M,41.21195888888889
2025-12,FR,TJ_GCV,G3000,IMP,M,36.629664166666664
2026-01,FR,TJ_GCV,G3000,IMP,M,38.76175472222223
2026-02,FR,TJ_GCV,G3000,IMP,M,41.82608305555556
2026-03,FR,TJ_GCV,G3000,IMP,M,47.269322499999994
2026-04,FR,TJ_GCV,G3000,IMP,M,48.47828194444445
2026-05,FR,TJ_GCV,G3000,IMP,M,39.98549
2026-06,FR,TJ_GCV,G3000,IMP,M,34.58951361111111
2026-07,FR,TJ_GCV,G3000,IMP,M,31.93376611111111
2026-08,FR,TJ_GCV,G3000,IMP,M,41.19876
2022-01,FR,TJ_GCV,G3000,INTMARB,M,0.0
2022-02,FR,TJ_GCV,G3000,INTMARB,M,0.0
2022-03,FR,TJ_GCV,G3000,INTMARB,M,0.0
2022-04,FR,TJ_GCV,G3000,INTMARB,M,0.0
2022-05,FR,TJ_GCV,G3000,INTMARB,M,0.0
2022-06,FR,TJ_GCV,G3000,INTMARB,M,0.0
2022-07,FR,TJ_GCV,G3000,INTMARB,M,0.0
2022-08,FR,TJ_GCV,G3000,INTMARB,M,0.0
2022-09,FR,TJ_GCV,G3000,INTMARB,M,0.0
2022-10,FR,TJ_GCV,G3000,INTMARB,M,0.0
2022-11,FR,TJ_GCV,G3000,INTMARB,M,0.0
2022-12,FR,TJ_GCV,G3000,INTMARB,M,0.0
2023-01,FR,TJ_GCV,G3000,INTMARB,M,0.0
2023-02,FR,TJ_GCV,G3000,INTMARB,M,0.0
2023-03,FR,TJ_GCV,G3000,INTMARB,M,0.0
2023-04,FR,TJ_GCV,G3000,INTMARB,M,0.0
2023-05,FR,TJ_GCV,G3000,INTMARB,M,0.0
2023-06,FR,TJ_GCV,G3000,INTMARB,M,0.0
2023-07,FR,TJ_GCV,G3000,INTMARB,M,0.0
2023-08,FR,TJ_GCV,G3000,INTMARB,M,0.0
2026-06,FR,TJ_GCV,G3000,INTMARB,M,0.0
2022-01,FR,TJ_GCV,G3000,IPRD,M,0.033536666666666666
2022-02,FR,TJ_GCV,G3000,IPRD,M,0.028261944444444444
2022-03,FR,TJ_GCV,G3000,IPRD,M,0.02694
2022-04,FR,TJ_GCV,G3000,IPRD,M,0.021544444444444446
2022-05,FR,TJ_GCV,G3000,IPRD,M,0.010542777777777778
2022-06,FR,TJ_GCV,G3000,IPRD,M,0.0
2022-07,FR,TJ_GCV,G3000,IPRD,M,0.009585833333333333
2022-08,FR,TJ_GCV,G3000,IPRD,M,0.010830833333333333
2022-09,FR,TJ_GCV,G3000,IPRD,M,0.014424166666666667
2022-10,FR,TJ_GCV,G3000,IPRD,M,0.018057777777777777
2022-11,FR,TJ_GCV,G3000,IPRD,M,0.027734166666666667
2022-12,FR,TJ_GCV,G3000,IPRD,M,0.028515833333333334
2023-01,FR,TJ_GCV,G3000,IPRD,M,0.022269166666666666
2023-02,FR,TJ_GCV,G3000,IPRD,M,0.024959444444444444
2023-03,FR,TJ_GCV,G3000,IPRD,M,0.028051944444444442
2023-04,FR,TJ_GCV,G3000,IPRD,M,0.026209444444444445
2023-05,FR,TJ_GCV,G3000,IPRD,M,0.0005411111111111111
2023-06,FR,TJ_GCV,G3000,IPRD,M,0.005531388888888889
2023-07,FR,TJ_GCV,G3000,IPRD,M,0.00011027777777777779
2023-08,FR,TJ_GCV,G3000,IPRD,M,0.010729166666666666
2023-09,FR,TJ_GCV,G3000,IPRD,M,0.016025
2023-10,FR,TJ_GCV,G3000,IPRD,M,0.022723888888888887
2023-11,FR,TJ_GCV,G3000,IPRD,M,0.0230025
2023-12,FR,TJ_GCV,G3000,IPRD,M,0.024633055555555557
2024-01,FR,TJ_GCV,G3000,IPRD,M,0.02481472222222222
2024-02,FR,TJ_GCV,G3000,IPRD,M,0.022300555555555556
2024-03,FR,TJ_GCV,G3000,IPRD,M,0.020369722222222223
2024-04,FR,TJ_GCV,G3000,IPRD,M,0.014176388888888888
2024-05,FR,TJ_GCV,G3000,IPRD,M,0.0033044444444444445
2024-06,FR,TJ_GCV,G3000,IPRD,M,0.0
2024-07,FR,TJ_GCV,G3000,IPRD,M,0.001
2024-08,FR,TJ_GCV,G3000,IPRD,M,0.0008930555555555555
2024-09,FR,TJ_GCV,G3000,IPRD,M,0.0012316666666666667
2024-10,FR,TJ_GCV,G3000,IPRD,M,0.006557777777777778
2024-11,FR,TJ_GCV,G3000,IPRD,M,0.024933055555555556
2024-12,FR,TJ_GCV,G3000,IPRD,M,0.024
2025-01,FR,TJ_GCV,G3000,IPRD,M,0.023958055555555555
2025-02,FR,TJ_GCV,G3000,IPRD,M,0.01865027777777778
2025-03,FR,TJ_GCV,G3000,IPRD,M,0.023555555555555555
2025-04,FR,TJ_GCV,G3000,IPRD,M,0.022072777777777778
2025-05,FR,TJ_GCV,G3000,IPRD,M,0.015876666666666667
2025-06,FR,TJ_GCV,G3000,IPRD,M,0.004818333333333333
2025-07,FR,TJ_GCV,G3000,IPRD,M,0.010587222222222222
2025-08,FR,TJ_GCV,G3000,IPRD,M,0.013193333333333335
2025-09,FR,TJ_GCV,G3000,IPRD,M,0.019500277777777776
2025-10,FR,TJ_GCV,G3000,IPRD,M,0.01951388888888889
2025-11,FR,TJ_GCV,G3000,IPRD,M,0.02292722222222222
2025-12,FR,TJ_GCV,G3000,IPRD,M,0.020918333333333334
2026-01,FR,TJ_GCV,G3000,IPRD,M,0.022506666666666668
2026-02,FR,TJ_GCV,G3000,IPRD,M,0.019947222222222224
2026-03,FR,TJ_GCV,G3000,IPRD,M,0.021356111111111114
2026-04,FR,TJ_GCV,G3000,IPRD,M,0.020308055555555555
2026-05,FR,TJ_GCV,G3000,IPRD,M,0.018256944444444444
2026-06,FR,TJ_GCV,G3000,IPRD,M,0.010068055555555554
2026-07,FR,TJ_GCV,G3000,IPRD,M,0.012541388888888888
2026-08,FR,TJ_GCV,G3000,IPRD,M,0.01167722222222222
2022-01,FR,TJ_GCV,G3000,STATDIFF,M,0.2343813888888889
2022-02,FR,TJ_GCV,G3000,STATDIFF,M,0.3841197222222222
2022-03,FR,TJ_GCV,G3000,STATDIFF,M,0.30192166666666664
2022-04,FR,TJ_GCV,G3000,STATDIFF,M,0.39642416666666663
2022-05,FR,TJ_GCV,G3000,STATDIFF,M,0.5042580555555556
2022-06,FR,TJ_GCV,G3000,STATDIFF,M,0.5381194444444445
2022-07,FR,TJ_GCV,G3000,STATDIFF,M,0.5800855555555555
2022-08,FR,TJ_GCV,G3000,STATDIFF,M,0.5443
2022-09,FR,TJ_GCV,G3000,STATDIFF,M,0.35358027777777773
2022-10,FR,TJ_GCV,G3000,STATDIFF,M,-0.6273483333333334
2022-11,FR,TJ_GCV,G3000,STATDIFF,M,-1.5729791666666668
2022-12,FR,TJ_GCV,G3000,STATDIFF,M,0.5069891666666667
2023-01,FR,TJ_GCV,G3000,STATDIFF,M,-1.1640994444444444
2023-02,FR,TJ_GCV,G3000,STATDIFF,M,-1.8423577777777778
2023-03,FR,TJ_GCV,G3000,STATDIFF,M,0.03696222222222222
2023-04,FR,TJ_GCV,G3000,STATDIFF,M,0.4007630555555556
2023-05,FR,TJ_GCV,G3000,STATDIFF,M,-0.47660916666666664
2023-06,FR,TJ_GCV,G3000,STATDIFF,M,0.40507166666666666
2023-07,FR,TJ_GCV,G3000,STATDIFF,M,0.514095
2023-08,FR,TJ_GCV,G3000,STATDIFF,M,0.5352472222222222
2023-09,FR,TJ_GCV,G3000,STATDIFF,M,1.1915105555555556
2023-10,FR,TJ_GCV,G3000,STATDIFF,M,0.55663
2023-11,FR,TJ_GCV,G3000,STATDIFF,M,0.5844502777777778
2023-12,FR,TJ_GCV,G3000,STATDIFF,M,0.6784313888888889
2024-01,FR,TJ_GCV,G3000,STATDIFF,M,0.5596216666666667
2024-02,FR,TJ_GCV,G3000,STATDIFF,M,0.5599966666666667
2024-03,FR,TJ_GCV,G3000,STATDIFF,M,0.5107430555555555
2024-04,FR,TJ_GCV,G3000,STATDIFF,M,0.8847802777777777
2024-05,FR,TJ_GCV,G3000,STATDIFF,M,0.6454716666666667
2024-06,FR,TJ_GCV,G3000,STATDIFF,M,0.6589713888888888
2024-07,FR,TJ_GCV,G3000,STATDIFF,M,0.8231455555555556
2024-08,FR,TJ_GCV,G3000,STATDIFF,M,0.709846388888889
2024-09,FR,TJ_GCV,G3000,STATDIFF,M,0.722986388888889
2024-10,FR,TJ_GCV,G3000,STATDIFF,M,0.8741372222222221
2024-11,FR,TJ_GCV,G3000,STATDIFF,M,0.6246058333333334
2024-12,FR,TJ_GCV,G3000,STATDIFF,M,0.8839833333333333
2025-01,FR,TJ_GCV,G3000,STATDIFF,M,0.7218958333333333
2025-02,FR,TJ_GCV,G3000,STATDIFF,M,0.8287255555555555
2025-03,FR,TJ_GCV,G3000,STATDIFF,M,0.8360675
2025-04,FR,TJ_GCV,G3000,STATDIFF,M,0.7204691666666666
2025-05,FR,TJ_GCV,G3000,STATDIFF,M,0.8269330555555555
2025-06,FR,TJ_GCV,G3000,STATDIFF,M,0.6734216666666667
2025-07,FR,TJ_GCV,G3000,STATDIFF,M,0.9486191666666667
2025-08,FR,TJ_GCV,G3000,STATDIFF,M,0.7565108333333332
2025-09,FR,TJ_GCV,G3000,STATDIFF,M,0.9695633333333333
2025-10,FR,TJ_GCV,G3000,STATDIFF,M,0.7539936111111111
2025-11,FR,TJ_GCV,G3000,STATDIFF,M,-0.8967983333333334
2025-12,FR,TJ_GCV,G3000,STATDIFF,M,0.7581397222222221
2026-01,FR,TJ_GCV,G3000,STATDIFF,M,0.8436277777777778
2026-02,FR,TJ_GCV,G3000,STATDIFF,M,0.8574702777777777
2026-03,FR,TJ_GCV,G3000,STATDIFF,M,0.8020486111111111
2026-04,FR,TJ_GCV,G3000,STATDIFF,M,0.8796994444444445
2026-05,FR,TJ_GCV,G3000,STATDIFF,M,0.8859375
2026-06,FR,TJ_GCV,G3000,STATDIFF,M,0.8479266666666667
2026-07,FR,TJ_GCV,G3000,STATDIFF,M,0.8200733333333333
2026-08,FR,TJ_GCV,G3000,STATDIFF,M,0.978965
2023-12,FR,TJ_GCV,G3000,STK_CHG_CG,M,0.0
2026-06,FR,TJ_GCV,G3000,STK_CHG_CG,M,0.0
2022-01,FR,TJ_GCV,G3000,STK_CHG_MG,M,-29.84751861111111
2022-02,FR,TJ_GCV,G3000,STK_CHG_MG,M,-16.520713611111113
2022-03,FR,TJ_GCV,G3000,STK_CHG_MG,M,2.489992222222222
2022-04,FR,TJ_GCV,G3000,STK_CHG_MG,M,12.633073611111111
2022-05,FR,TJ_GCV,G3000,STK_CHG_MG,M,24.891228333333334
2022-06,FR,TJ_GCV,G3000,STK_CHG_MG,M,13.804247777777778
2022-07,FR,TJ_GCV,G3000,STK_CHG_MG,M,22.2427825
2022-08,FR,TJ_GCV,G3000,STK_CHG_MG,M,16.38425722222222
2022-09,FR,TJ_GCV,G3000,STK_CHG_MG,M,7.788896666666666
2022-10,FR,TJ_GCV,G3000,STK_CHG_MG,M,4.00529
2022-11,FR,TJ_GCV,G3000,STK_CHG_MG,M,-3.1285866666666666
2022-12,FR,TJ_GCV,G3000,STK_CHG_MG,M,-17.21034138888889
2023-01,FR,TJ_GCV,G3000,STK_CHG_MG,M,-26.739691944444445
2023-02,FR,TJ_GCV,G3000,STK_CHG_MG,M,-30.433958333333333
2023-03,FR,TJ_GCV,G3000,STK_CHG_MG,M,-18.67564638888889
2023-04,FR,TJ_GCV,G3000,STK_CHG_MG,M,12.250959444444444
2023-05,FR,TJ_GCV,G3000,STK_CHG_MG,M,19.41189638888889
2023-06,FR,TJ_GCV,G3000,STK_CHG_MG,M,12.657086944444444
2023-07,FR,TJ_GCV,G3000,STK_CHG_MG,M,20.816873333333334
2023-08,FR,TJ_GCV,G3000,STK_CHG_MG,M,19.52942638888889
2023-09,FR,TJ_GCV,G3000,STK_CHG_MG,M,3.9638955555555553
2023-10,FR,TJ_GCV,G3000,STK_CHG_MG,M,8.191304722222222
2023-11,FR,TJ_GCV,G3000,STK_CHG_MG,M,-4.709373055555555
2023-12,FR,TJ_GCV,G3000,STK_CHG_MG,M,-16.71314388888889
2024-01,FR,TJ_GCV,G3000,STK_CHG_MG,M,-32.81632666666667
2024-02,FR,TJ_GCV,G3000,STK_CHG_MG,M,-20.619071944444443
2024-03,FR,TJ_GCV,G3000,STK_CHG_MG,M,-8.751114166666666
2024-04,FR,TJ_GCV,G3000,STK_CHG_MG,M,12.947638333333334
2024-05,FR,TJ_GCV,G3000,STK_CHG_MG,M,12.6806
2024-06,FR,TJ_GCV,G3000,STK_CHG_MG,M,11.691344166666667
2024-07,FR,TJ_GCV,G3000,STK_CHG_MG,M,13.126650555555557
2024-08,FR,TJ_GCV,G3000,STK_CHG_MG,M,18.995428611111112
2024-09,FR,TJ_GCV,G3000,STK_CHG_MG,M,3.9048175
2024-10,FR,TJ_GCV,G3000,STK_CHG_MG,M,4.2760525000000005
2024-11,FR,TJ_GCV,G3000,STK_CHG_MG,M,-21.41460138888889
2024-12,FR,TJ_GCV,G3000,STK_CHG_MG,M,-26.414153333333335
2025-01,FR,TJ_GCV,G3000,STK_CHG_MG,M,-31.999749444444443
2025-02,FR,TJ_GCV,G3000,STK_CHG_MG,M,-18.134303055555556
2025-03,FR,TJ_GCV,G3000,STK_CHG_MG,M,3.1561294444444448
2025-04,FR,TJ_GCV,G3000,STK_CHG_MG,M,19.716648333333332
2025-05,FR,TJ_GCV,G3000,STK_CHG_MG,M,16.065111944444443
2025-06,FR,TJ_GCV,G3000,STK_CHG_MG,M,13.990974444444445
2025-07,FR,TJ_GCV,G3000,STK_CHG_MG,M,13.103374166666667
2025-08,FR,TJ_GCV,G3000,STK_CHG_MG,M,12.89620388888889
2025-09,FR,TJ_GCV,G3000,STK_CHG_MG,M,5.953913333333333
2025-10,FR,TJ_GCV,G3000,STK_CHG_MG,M,1.2584966666666666
2025-11,FR,TJ_GCV,G3000,STK_CHG_MG,M,-10.707649166666666
2025-12,FR,TJ_GCV,G3000,STK_CHG_MG,M,-28.644135
2026-01,FR,TJ_GCV,G3000,STK_CHG_MG,M,-36.48872472222222
2026-02,FR,TJ_GCV,G3000,STK_CHG_MG,M,-11.031055
2026-03,FR,TJ_GCV,G3000,STK_CHG_MG,M,0.3714175
2026-04,FR,TJ_GCV,G3000,STK_CHG_MG,M,12.57149277777778
2026-05,FR,TJ_GCV,G3000,STK_CHG_MG,M,11.736683333333332
2026-06,FR,TJ_GCV,G3000,STK_CHG_MG,M,9.416914722222222
2026-07,FR,TJ_GCV,G3000,STK_CHG_MG,M,8.821207222222222
2026-08,FR,TJ_GCV,G3000,STK_CHG_MG,M,18.18998472222222
2022-01,FR,TJ_GCV,G3000,TI_EHG_MAP,M,5.541221388888889
2022-02,FR,TJ_GCV,G3000,TI_EHG_MAP,M,3.318553333333333
2022-03,FR,TJ_GCV,G3000,TI_EHG_MAP,M,5.598128611111111
2022-04,FR,TJ_GCV,G3000,TI_EHG_MAP,M,4.728510833333333
2022-05,FR,TJ_GCV,G3000,TI_EHG_MAP,M,4.126893055555556
2022-06,FR,TJ_GCV,G3000,TI_EHG_MAP,M,3.4681172222222223
2022-07,FR,TJ_GCV,G3000,TI_EHG_MAP,M,4.483166111111111
2022-08,FR,TJ_GCV,G3000,TI_EHG_MAP,M,4.121158611111111
2022-09,FR,TJ_GCV,G3000,TI_EHG_MAP,M,4.522895277777778
2022-10,FR,TJ_GCV,G3000,TI_EHG_MAP,M,5.505389444444444
2022-11,FR,TJ_GCV,G3000,TI_EHG_MAP,M,5.309880555555555
2022-12,FR,TJ_GCV,G3000,TI_EHG_MAP,M,4.997701666666666
2023-01,FR,TJ_GCV,G3000,TI_EHG_MAP,M,4.142765
2023-02,FR,TJ_GCV,G3000,TI_EHG_MAP,M,5.3753725
2023-03,FR,TJ_GCV,G3000,TI_EHG_MAP,M,3.1871191666666667
2023-04,FR,TJ_GCV,G3000,TI_EHG_MAP,M,2.724206111111111
2023-05,FR,TJ_GCV,G3000,TI_EHG_MAP,M,1.4399630555555556
2023-06,FR,TJ_GCV,G3000,TI_EHG_MAP,M,2.3548802777777778
2023-07,FR,TJ_GCV,G3000,TI_EHG_MAP,M,2.4914699999999996
2023-08,FR,TJ_GCV,G3000,TI_EHG_MAP,M,2.4388225
2023-09,FR,TJ_GCV,G3000,TI_EHG_MAP,M,1.9275702777777777
2023-10,FR,TJ_GCV,G3000,TI_EHG_MAP,M,1.7116058333333333
2023-11,FR,TJ_GCV,G3000,TI_EHG_MAP,M,2.537653611111111
2023-12,FR,TJ_GCV,G3000,TI_EHG_MAP,M,2.6490325
2024-01,FR,TJ_GCV,G3000,TI_EHG_MAP,M,3.5772427777777778
2024-02,FR,TJ_GCV,G3000,TI_EHG_MAP,M,1.4715516666666668
2024-03,FR,TJ_GCV,G3000,TI_EHG_MAP,M,1.5525822222222223
2024-04,FR,TJ_GCV,G3000,TI_EHG_MAP,M,0.48492583333333333
2024-05,FR,TJ_GCV,G3000,TI_EHG_MAP,M,0.07931861111111112
2024-06,FR,TJ_GCV,G3000,TI_EHG_MAP,M,0.20807694444444444
2024-07,FR,TJ_GCV,G3000,TI_EHG_MAP,M,0.5281391666666666
2024-08,FR,TJ_GCV,G3000,TI_EHG_MAP,M,0.5149363888888889
2024-09,FR,TJ_GCV,G3000,TI_EHG_MAP,M,0.6353061111111111
2024-10,FR,TJ_GCV,G3000,TI_EHG_MAP,M,0.5891119444444444
2024-11,FR,TJ_GCV,G3000,TI_EHG_MAP,M,2.6533466666666667
2024-12,FR,TJ_GCV,G3000,TI_EHG_MAP,M,2.1613219444444445
2025-01,FR,TJ_GCV,G3000,TI_EHG_MAP,M,2.670294722222222
2025-02,FR,TJ_GCV,G3000,TI_EHG_MAP,M,2.665018611111111
2025-03,FR,TJ_GCV,G3000,TI_EHG_MAP,M,1.372060277777778
2025-04,FR,TJ_GCV,G3000,TI_EHG_MAP,M,0.45743138888888885
2025-05,FR,TJ_GCV,G3000,TI_EHG_MAP,M,0.11728583333333333
2025-06,FR,TJ_GCV,G3000,TI_EHG_MAP,M,0.6873222222222223
2025-07,FR,TJ_GCV,G3000,TI_EHG_MAP,M,1.1126375
2025-08,FR,TJ_GCV,G3000,TI_EHG_MAP,M,0.949301111111111
2025-09,FR,TJ_GCV,G3000,TI_EHG_MAP,M,0.2992361111111111
2025-10,FR,TJ_GCV,G3000,TI_EHG_MAP,M,1.4429580555555557
2025-11,FR,TJ_GCV,G3000,TI_EHG_MAP,M,1.5635433333333335
2025-12,FR,TJ_GCV,G3000,TI_EHG_MAP,M,2.1976822222222223
2026-01,FR,TJ_GCV,G3000,TI_EHG_MAP,M,4.3332175
2026-02,FR,TJ_GCV,G3000,TI_EHG_MAP,M,0.6436186111111111
2026-03,FR,TJ_GCV,G3000,TI_EHG_MAP,M,0.5960380555555556
2026-04,FR,TJ_GCV,G3000,TI_EHG_MAP,M,0.5778613888888888
2026-05,FR,TJ_GCV,G3000,TI_EHG_MAP,M,0.2646913888888889
2026-06,FR,TJ_GCV,G3000,TI_EHG_MAP,M,1.5429108333333335
2026-07,FR,TJ_GCV,G3000,TI_EHG_MAP,M,1.842473611111111
2026-08,FR,TJ_GCV,G3000,TI_EHG_MAP,M,2.4431066666666665
2022-01,FR,TJ_GCV,G3000,TOS,M,0.4949975
2022-02,FR,TJ_GCV,G3000,TOS,M,0.4659905555555556
2022-03,FR,TJ_GCV,G3000,TOS,M,0.5537905555555556
2022-04,FR,TJ_GCV,G3000,TOS,M,0.5509197222222222
2022-05,FR,TJ_GCV,G3000,TOS,M,0.5731933333333333
2022-06,FR,TJ_GCV,G3000,TOS,M,0.5447566666666667
2022-07,FR,TJ_GCV,G3000,TOS,M,0.5834963888888889
2022-08,FR,TJ_GCV,G3000,TOS,M,0.59462
2022-09,FR,TJ_GCV,G3000,TOS,M,0.6144436111111111
2022-10,FR,TJ_GCV,G3000,TOS,M,0.656806388888889
2022-11,FR,TJ_GCV,G3000,TOS,M,0.6377833333333334
2022-12,FR,TJ_GCV,G3000,TOS,M,0.6846211111111111
2023-01,FR,TJ_GCV,G3000,TOS,M,0.6872963888888889
2023-02,FR,TJ_GCV,G3000,TOS,M,0.6429661111111111
2023-03,FR,TJ_GCV,G3000,TOS,M,0.7161925
2023-04,FR,TJ_GCV,G3000,TOS,M,0.71592
2023-05,FR,TJ_GCV,G3000,TOS,M,0.7414638888888889
2023-06,FR,TJ_GCV,G3000,TOS,M,0.7291472222222222
2023-07,FR,TJ_GCV,G3000,TOS,M,0.76771
2023-08,FR,TJ_GCV,G3000,TOS,M,0.7699747222222223
2023-09,FR,TJ_GCV,G3000,TOS,M,0.7790930555555556
2023-10,FR,TJ_GCV,G3000,TOS,M,0.8425647222222222
2023-11,FR,TJ_GCV,G3000,TOS,M,0.8301363888888889
2023-12,FR,TJ_GCV,G3000,TOS,M,0.8953975
2024-01,FR,TJ_GCV,G3000,TOS,M,0.8939919444444445
2024-02,FR,TJ_GCV,G3000,TOS,M,0.8749530555555556
2024-03,FR,TJ_GCV,G3000,TOS,M,0.9532552777777777
2024-04,FR,TJ_GCV,G3000,TOS,M,0.9436688888888889
2024-05,FR,TJ_GCV,G3000,TOS,M,0.9741697222222222
2024-06,FR,TJ_GCV,G3000,TOS,M,0.9507605555555555
2024-07,FR,TJ_GCV,G3000,TOS,M,0.9783644444444445
2024-08,FR,TJ_GCV,G3000,TOS,M,0.967181111111111
2024-09,FR,TJ_GCV,G3000,TOS,M,0.9712033333333333
2024-10,FR,TJ_GCV,G3000,TOS,M,1.032073888888889
2024-11,FR,TJ_GCV,G3000,TOS,M,0.9978444444444444
2024-12,FR,TJ_GCV,G3000,TOS,M,1.0519283333333334
2025-01,FR,TJ_GCV,G3000,TOS,M,1.0379625
2025-02,FR,TJ_GCV,G3000,TOS,M,0.9793738888888889
2025-03,FR,TJ_GCV,G3000,TOS,M,1.1174636111111111
2025-04,FR,TJ_GCV,G3000,TOS,M,1.0944797222222222
2025-05,FR,TJ_GCV,G3000,TOS,M,1.1383072222222221
2025-06,FR,TJ_GCV,G3000,TOS,M,1.0975516666666667
2025-07,FR,TJ_GCV,G3000,TOS,M,1.1440563888888888
2025-08,FR,TJ_GCV,G3000,TOS,M,1.1599597222222222
2025-09,FR,TJ_GCV,G3000,TOS,M,1.1454044444444444
2025-10,FR,TJ_GCV,G3000,TOS,M,1.19901
2025-11,FR,TJ_GCV,G3000,TOS,M,1.174823888888889
2025-12,FR,TJ_GCV,G3000,TOS,M,1.2298916666666666
2026-01,FR,TJ_GCV,G3000,TOS,M,1.2126908333333333
2026-02,FR,TJ_GCV,G3000,TOS,M,1.1183705555555556
2026-03,FR,TJ_GCV,G3000,TOS,M,1.275158888888889
2026-04,FR,TJ_GCV,G3000,TOS,M,1.2491758333333334
2026-05,FR,TJ_GCV,G3000,TOS,M,1.261894722222222
2026-06,FR,TJ_GCV,G3000,TOS,M,1.2115802777777778
2026-07,FR,TJ_GCV,G3000,TOS,M,1.2319672222222222
2026-08,FR,TJ_GCV,G3000,TOS,M,1.2401719444444443
2022-01,FR,TJ_GCV,G3000,VENT,M,0.0
2022-02,FR,TJ_GCV,G3000,VENT,M,0.0
2022-03,FR,TJ_GCV,G3000,VENT,M,0.0
2022-04,FR,TJ_GCV,G3000,VENT,M,0.0
2022-05,FR,TJ_GCV,G3000,VENT,M,0.0
2022-06,FR,TJ_GCV,G3000,VENT,M,0.0
2022-07,FR,TJ_GCV,G3000,VENT,M,0.0
2022-08,FR,TJ_GCV,G3000,VENT,M,0.0
2022-09,FR,TJ_GCV,G3000,VENT,M,0.0
2022-10,FR,TJ_GCV,G3000,VENT,M,0.0
2022-11,FR,TJ_GCV,G3000,VENT,M,0.0
2022-12,FR,TJ_GCV,G3000,VENT,M,0.0
2023-01,FR,TJ_GCV,G3000,VENT,M,0.0
2023-02,FR,TJ_GCV,G3000,VENT,M,0.0
2023-03,FR,TJ_GCV,G3000,VENT,M,0.0
2023-04,FR,TJ_GCV,G3000,VENT,M,0.0
2023-05,FR,TJ_GCV,G3000,VENT,M,0.0
2023-06,FR,TJ_GCV,G3000,VENT,M,0.0
2023-07,FR,TJ_GCV,G3000,VENT,M,0.0
2023-08,FR,TJ_GCV,G3000,VENT,M,0.0
2026-06,FR,TJ_GCV,G3000,VENT,M,0.0
