date,finland,latvia,estlink_1,estlink_2,russia_narva,russia_pihkva
2021-01-01,-20.574816666666667,4.868933333333334,-5.402825,-15.171991666666667,1.6542,-0.13672499999999999
2021-01-02,-22.392516666666666,8.200216666666668,-6.9289,-15.463616666666667,2.5663333333333327,-0.15924166666666667
2021-01-03,-21.840933333333336,8.097133333333334,-6.32725,-15.513683333333333,-0.044966666666666884,-0.23795833333333336
2021-01-04,-17.133883333333333,5.765083333333333,-2.396158333333333,-14.737725000000001,-2.4643416666666655,-0.34119166666666667
2021-01-05,-13.356008333333333,5.383391666666666,-0.645375,-12.710633333333334,-4.557908333333337,-0.6631083333333333
2021-01-06,-14.819791666666665,6.27175,-1.57155,-13.248241666666667,-3.7299833333333323,-0.5680583333333333
2021-01-07,-3.7857083333333335,1.9519666666666666,-0.016050000000000002,-3.769658333333333,-7.5270666666666655,-1.205641666666666
2021-01-08,-0.9715083333333333,3.10295,0.056916666666666664,-1.028425,-7.133525000000002,-1.0344916666666664
2021-01-09,-8.502741666666667,3.5355416666666666,-0.7179833333333333,-7.7847583333333334,-4.830966666666662,-0.5341333333333336
2021-01-10,-17.351966666666666,6.616033333333334,-3.2166916666666667,-14.135275,-0.024424999999999836,-0.3427666666666668
2021-01-11,-19.2773,2.475766666666667,-5.450858333333334,-13.826441666666668,4.009966666666668,0.9621249999999998
2021-01-12,-20.34765,5.644233333333333,-6.121466666666667,-14.226183333333333,6.029116666666667,1.1138333333333328
2021-01-13,-19.043425,5.491791666666667,-4.320833333333333,-14.722591666666666,0.7716083333333336,0.9329666666666667
2021-01-14,6.473141666666667,-3.707466666666667,0.06937500000000002,6.403766666666667,-7.954358333333338,0.4792166666666666
2021-01-15,6.9944,-3.887175,0.154175,6.840225,-8.603275000000004,-5.833333333342713e-05
2021-01-16,-2.8568249999999997,-0.4733666666666667,0.05736666666666667,-2.9141916666666665,-6.7741083333333325,-0.3582166666666666
2021-01-17,-18.278066666666664,5.92475,-4.029808333333333,-14.248258333333332,1.252808333333333,0.14031666666666665
2021-01-18,-12.799216666666668,1.7274583333333333,-0.9213916666666666,-11.877825000000001,-1.921633333333334,0.6930333333333331
2021-01-19,-11.702483333333333,0.2725416666666667,-0.6874166666666667,-11.015066666666668,-2.152991666666664,0.4540000000000003
2021-01-20,-19.5895,4.750141666666666,-4.188241666666666,-15.401258333333333,1.6558583333333325,0.5539416666666662
2021-01-21,-20.552366666666664,4.8066,-5.685183333333334,-14.867183333333333,-0.2503916666666659,0.8944166666666661
2021-01-22,-18.05815,5.733608333333334,-4.4801166666666665,-13.578033333333332,0.5368416666666672,0.9906166666666669
2021-01-23,-19.559099999999997,10.173675,-4.957333333333333,-14.601766666666666,-0.5430666666666664,0.33298333333333335
2021-01-24,-9.568175,4.455783333333334,0.034208333333333334,-9.602383333333334,-4.046416666666667,0.01909166666666665
2021-01-25,-10.70675,2.784908333333333,0.008800000000000002,-10.715549999999999,-0.37694166666666573,0.42600000000000005
2021-01-26,-5.523391666666666,-0.40781666666666666,0.007416666666666666,-5.530808333333334,-3.7527083333333344,0.19503333333333342
2021-01-27,-9.680174999999998,1.553875,-0.37025,-9.309925,-2.607675000000001,0.3637833333333332
2021-01-28,-7.229525,-0.5991833333333333,0.08053333333333333,-7.310058333333333,-3.7977916666666656,0.33420000000000005
2021-01-29,-10.400725,-0.02286666666666667,-0.260125,-10.140600000000001,0.10037499999999991,0.2922250000000001
2021-01-30,-9.874291666666666,5.067541666666667,-0.6577083333333333,-9.216583333333334,-3.0838500000000004,-0.5670083333333331
2021-01-31,-6.4953,2.433616666666667,0.014391666666666667,-6.509691666666667,-4.26246666666667,-0.4483416666666665
2021-02-01,1.2302916666666668,1.4896500000000001,0.04285,1.1874416666666665,-5.300066666666669,-0.34889166666666643
2021-02-02,1.2919749999999999,4.083141666666667,0.11811666666666665,1.1738583333333334,-7.7312583333333365,-0.2233249999999998
2021-02-03,-12.118741666666667,4.667516666666667,0.021216666666666665,-12.139958333333334,-5.872333333333333,0.14595000000000008
2021-02-04,-8.02095,2.535366666666667,0.013824999999999999,-8.034775,-8.215591666666665,-0.1321666666666666
2021-02-05,-4.3834333333333335,3.9803,-0.06744166666666666,-4.315991666666667,-6.695649999999999,0.11799166666666673
2021-02-06,-14.551583333333333,7.121875,-0.8539666666666667,-13.697616666666667,-4.939299999999998,-0.054666666666666655
2021-02-07,-14.026858333333333,7.52445,-0.324,-13.702858333333333,-6.704408333333336,-0.2731999999999999
2021-02-08,-9.947033333333334,0.2947416666666667,-0.6301333333333333,-9.3169,-5.596425000000002,0.39654999999999996
2021-02-09,-1.4925583333333334,-0.7777083333333333,-0.5336416666666667,-0.9589166666666666,-3.424858333333332,0.0008333333333332586
2021-02-10,-1.6122583333333333,0.737125,-0.026725000000000002,-1.5855333333333332,-5.099483333333334,-0.4083750000000001
2021-02-11,4.110275,-0.669475,0.059083333333333335,4.051191666666667,-6.7314666666666625,-0.5682916666666666
2021-02-12,-6.790975,4.283708333333333,-0.42844166666666667,-6.362533333333333,-3.713708333333333,-0.4707666666666668
2021-02-13,-16.759316666666667,5.622625,-2.629408333333333,-14.129908333333333,-1.7338166666666661,-0.009983333333333292
2021-02-14,-13.255308333333332,7.815833333333333,-0.12703333333333333,-13.128275,-6.313366666666667,-0.5231583333333335
2021-02-15,-16.993025000000003,2.8747,-3.163983333333333,-13.829041666666667,0.9934166666666665,0.3851999999999999
2021-02-16,-18.115583333333333,1.2541666666666667,-3.426625,-14.688958333333334,3.197608333333333,0.5418416666666672
2021-02-17,-0.3860416666666667,-3.4751,-0.106625,-0.2794166666666667,-0.6906999999999995,-0.5597666666666665
2021-02-18,-6.458466666666666,-3.9698249999999997,-0.7139333333333333,-5.744533333333334,-0.08270000000000001,0.0034666666666667025
2021-02-19,-14.597925,-0.7127749999999999,-2.9566833333333333,-11.641241666666668,0.3251500000000002,0.6759583333333333
2021-02-20,-22.197400000000002,6.724225000000001,-6.870733333333334,-15.326666666666666,3.2046750000000013,1.4376333333333335
2021-02-21,-17.537058333333334,4.7227749999999995,-4.171725,-13.365333333333334,1.7613500000000006,0.2583999999999999
2021-02-22,-19.845341666666666,4.22605,-5.797575,-14.047766666666666,3.1968250000000014,0.48290000000000016
2021-02-23,-22.563058333333334,8.298216666666667,-7.166008333333333,-15.39705,2.6971416666666634,0.6483083333333332
2021-02-24,-19.394975,7.862616666666667,-4.57555,-14.819424999999999,2.725441666666668,1.2059249999999995
2021-02-25,-20.437516666666667,7.344191666666666,-5.088941666666667,-15.348575,3.065183333333335,1.4597500000000023
2021-02-26,-18.226491666666664,6.58765,-4.2317833333333335,-13.994708333333334,0.17895833333333377,0.9796416666666664
2021-02-27,-21.671775,9.771041666666665,-6.583041666666667,-15.088733333333334,2.0373833333333327,0.9474833333333335
2021-02-28,-22.978758333333335,8.986183333333333,-7.405133333333334,-15.573625,2.392558333333334,1.1476833333333334
2021-03-01,-23.847516666666667,7.681575,-8.260166666666667,-15.58735,2.1033000000000004,1.398983333333334
2021-03-02,-23.680341666666667,6.262208333333333,-8.093758333333334,-15.586583333333333,2.501949999999999,1.6371333333333344
2021-03-03,-24.0115,6.895933333333334,-8.423908333333333,-15.587591666666667,2.7035000000000005,1.513708333333333
2021-03-04,-22.081608333333335,5.1011750000000005,-6.720325,-15.361283333333333,2.1704083333333344,1.3814250000000001
2021-03-05,-21.964866666666666,5.103524999999999,-6.46575,-15.499116666666668,-1.0055333333333334,1.8107333333333326
2021-03-06,-23.307133333333336,9.22055,-7.835233333333334,-15.4719,-3.2555166666666695,1.8626666666666665
2021-03-07,-20.482366666666664,7.441625,-5.698858333333334,-14.783508333333334,-3.856775,1.4911166666666664
2021-03-08,-12.997458333333334,1.0536833333333333,-0.2761,-12.721358333333333,-5.718000000000001,0.8386249999999998
2021-03-09,-15.407666666666666,1.7225,-2.3683,-13.039366666666666,-2.466966666666667,2.7186250000000003
2021-03-10,-7.772091666666666,-0.919,-0.4395333333333334,-7.332558333333333,-5.818616666666667,2.349566666666666
2021-03-11,-14.930125,1.70045,-1.7280166666666668,-13.202108333333333,-4.6515083333333305,1.8654000000000004
2021-03-12,-11.71375,1.8409333333333333,-1.5804500000000001,-10.133299999999998,-7.474483333333333,1.9294333333333333
2021-03-13,-8.668083333333334,2.767,0.06105,-8.729133333333333,-11.800533333333332,1.3987916666666655
2021-03-14,-11.928741666666667,3.6405250000000002,-0.9694333333333333,-10.959308333333333,-10.397075000000006,1.159141666666667
2021-03-15,-19.783233333333335,3.6027750000000003,-4.6651750000000005,-15.118058333333332,-1.9702416666666667,2.1167833333333315
2021-03-16,-21.054975,3.4953499999999997,-5.4668833333333335,-15.588091666666667,1.1750333333333332,0.257775
2021-03-17,-21.055533333333333,3.118525,-5.465958333333333,-15.589575,1.7922999999999996,0.0
2021-03-18,-21.689183333333336,5.244483333333333,-6.207375,-15.481808333333332,2.673074999999999,0.0
2021-03-19,-14.267133333333334,2.6039333333333334,-1.1855416666666667,-13.081591666666666,-1.188941666666667,0.1720249999999998
2021-03-20,-16.688924999999998,7.167416666666667,-2.585975,-14.10295,-5.089808333333329,0.07299999999999994
2021-03-21,-13.33275,6.166333333333333,-1.3909166666666668,-11.941833333333333,-4.859375,0.36049166666666654
2021-03-22,-19.056591666666666,6.570725,-4.235125,-14.821466666666668,-0.17245000000000013,0.7162250000000002
2021-03-23,-21.039866666666665,7.4603166666666665,-5.846441666666666,-15.193425,0.8963249999999996,0.7085833333333335
2021-03-24,-20.685141666666667,8.746816666666668,-5.580166666666667,-15.104975,0.07229999999999856,0.874900000000001
2021-03-25,-18.941241666666667,7.094625,-3.9957916666666664,-14.945450000000001,-0.2149583333333326,0.7512333333333341
2021-03-26,-21.051641666666665,5.179141666666666,-6.121616666666667,-14.930024999999999,-0.017074999999999885,1.0682500000000004
2021-03-27,-15.430866666666667,4.643800000000001,-2.5569333333333333,-12.873933333333332,-5.188875,0.33411666666666673
2021-03-28,-7.319841666666666,1.9246166666666666,-0.18091666666666667,-7.138925,-7.874733333333333,0.06001666666666666
2021-03-29,-21.207191666666667,4.208058333333334,-6.767774999999999,-14.439416666666666,0.9977666666666667,1.11135
2021-03-30,-23.785125,3.2536666666666667,-8.198799999999999,-15.586325,1.0859583333333336,1.1072249999999995
2021-03-31,-23.10053333333333,4.8632333333333335,-7.621666666666667,-15.478866666666667,3.4643000000000006,1.4905666666666666
2021-04-01,-22.212066666666665,6.229658333333334,-6.879308333333333,-15.332758333333333,2.979000000000004,1.221091666666667
2021-04-02,-22.0452,4.965649999999999,-6.719725,-15.325475,1.3325666666666656,1.0116083333333343
2021-04-03,-21.22579166666667,4.805166666666667,-6.57175,-14.654041666666666,1.3971999999999998,0.7176749999999998
2021-04-04,-17.990291666666668,4.173941666666667,-3.968625,-14.021666666666667,1.4127333333333345,1.0667666666666669
2021-04-05,-9.150274999999999,-2.3970333333333333,-0.6194083333333333,-8.530866666666666,-5.300333333333331,0.6434833333333333
2021-04-06,-17.124275,2.8968249999999998,-2.788475,-14.335799999999999,-1.7726833333333334,1.1144500000000006
2021-04-07,-13.690433333333333,3.2422083333333336,-1.6811416666666668,-12.009291666666666,-2.2283500000000003,0.9669916666666671
2021-04-08,-17.405766666666665,2.6860333333333335,-2.80765,-14.598116666666666,1.1929333333333336,1.4564916666666676
2021-04-09,-16.594616666666663,1.690975,-2.7413333333333334,-13.853283333333334,-1.5676583333333332,0.9528666666666663
2021-04-10,-23.596108333333333,6.855899999999999,-8.019525,-15.576583333333334,4.726825,0.723325000000001
2021-04-11,-22.868975,6.742083333333333,-7.440875,-15.4281,2.940116666666668,0.444625
2021-04-12,-16.080541666666665,7.091941666666667,-3.23815,-12.842391666666666,-0.278199999999999,-1.6438833333333338
2021-04-13,-20.439366666666665,8.091858333333333,-5.068533333333334,-15.370833333333334,4.789833333333331,-4.236058333333333
2021-04-14,-16.661175,8.137691666666667,-3.219533333333333,-13.441641666666666,4.1586583333333325,-4.125208333333332
2021-04-15,-9.229908333333332,5.995433333333334,-0.02753333333333334,-9.202375,-0.1418166666666671,-3.452625
2021-04-16,-12.538525,6.83305,-1.2319916666666666,-11.306533333333332,2.455433333333334,-3.439474999999997
2021-04-17,-23.744016666666667,8.491674999999999,-8.140708333333333,-15.603308333333333,8.6852,-2.649466666666667
2021-04-18,-23.897225,9.222333333333333,-8.2944,-15.602825000000001,8.431341666666668,-2.1469333333333327
2021-04-19,-22.337775,9.553,-6.734891666666666,-15.602883333333333,6.983308333333334,-1.6093666666666662
2021-04-20,-23.866033333333334,11.655908333333333,-8.31685,-15.549183333333332,7.428891666666673,-1.5174833333333333
2021-04-21,-23.454616666666666,7.626291666666667,-7.851,-15.603616666666667,7.678641666666665,-0.7052416666666664
2021-04-22,-18.875891666666668,3.4821999999999997,-3.94845,-14.927441666666667,4.260283333333334,-1.1886749999999997
2021-04-23,-23.730216666666667,5.788275,-8.134766666666666,-15.595450000000001,6.506350000000007,-0.8733083333333336
2021-04-24,-23.812233333333335,6.820941666666666,-8.217049999999999,-15.595183333333333,7.6836416666666665,-0.3792083333333332
2021-04-25,-23.117758333333335,6.421991666666667,-7.55345,-15.564308333333333,6.73955,-0.9218833333333338
2021-04-26,-20.79315,5.651758333333333,-5.441949999999999,-15.3512,7.097566666666668,-1.598974999999999
2021-04-27,-21.337425,8.141383333333334,-5.7418249999999995,-15.595600000000001,9.087024999999995,-1.7410833333333333
2021-04-28,-22.267816666666665,8.960816666666668,-6.672866666666667,-15.59495,9.621658333333343,-1.1618166666666665
2021-04-29,-20.861083333333333,8.364133333333333,-5.653824999999999,-15.207258333333334,9.118008333333337,-0.811466666666667
2021-04-30,-21.339808333333334,9.505333333333335,-6.587175,-14.752633333333334,9.591225,-0.6498500000000003
2021-05-01,-23.000766666666667,9.388575000000001,-7.452266666666667,-15.5485,10.886800000000006,-0.7180499999999999
2021-05-02,-10.61565,3.7135749999999996,-1.2968583333333334,-9.318791666666666,0.4567166666666666,-1.938941666666668
2021-05-03,-7.253983333333333,4.192616666666667,-0.28736666666666666,-6.966616666666667,-3.020608333333335,-2.743566666666666
2021-05-04,-11.591516666666667,3.9094583333333337,-0.5451083333333333,-11.046408333333332,0.1455000000000002,-1.6131499999999992
2021-05-05,-18.35325,4.457308333333334,-3.578908333333333,-14.774341666666666,-1.6525166666666655,-1.4808666666666677
2021-05-06,-12.406016666666666,4.047325,-0.3412166666666666,-12.0648,0.56105,-1.5011583333333332
2021-05-07,-9.429958333333333,4.818458333333333,-0.47334166666666666,-8.956616666666667,1.508033333333334,-1.6291333333333335
2021-05-08,-7.869975,5.014008333333333,-0.07169166666666667,-7.798283333333334,-3.0352916666666663,-1.4052416666666672
2021-05-09,-1.3117999999999999,1.3584666666666667,0.06540833333333333,-1.3772083333333334,-5.383091666666669,-0.9295833333333341
2021-05-10,-6.093908333333334,1.3391666666666668,-0.26240833333333335,-5.8315,-1.0566166666666656,-0.48984999999999984
2021-05-11,-11.805875,3.5448000000000004,-1.657275,-10.1486,2.4409083333333315,-0.2829666666666666
2021-05-12,-16.296108333333333,4.209691666666666,-3.23045,-13.065658333333333,1.667183333333334,-0.11797500000000007
2021-05-13,-19.824866666666665,4.854466666666666,-5.1286000000000005,-14.696266666666666,3.4098333333333306,-0.29935000000000006
2021-05-14,-21.224391666666666,6.125616666666667,-6.0381583333333335,-15.186233333333334,2.086158333333334,0.5167750000000001
2021-05-15,-20.00045,6.80875,-4.881266666666667,-15.119183333333332,1.9495333333333331,0.7281083333333334
2021-05-16,-14.514208333333334,3.6798166666666665,-2.2014333333333336,-12.312775,1.255016666666668,0.444641666666667
2021-05-17,-15.127591666666667,4.85605,-2.778366666666667,-12.349225,-0.14592500000000064,0.19266666666666654
2021-05-18,-13.218783333333333,4.926308333333333,-1.8084166666666668,-11.410366666666667,-0.08182500000000029,-0.20640000000000006
2021-05-19,-18.96485,9.477166666666665,-3.839741666666667,-15.125108333333333,2.9843166666666696,-0.17625833333333338
2021-05-20,-15.450516666666667,4.1711583333333335,-1.7120499999999998,-13.738466666666667,0.1226,-0.05142500000000009
2021-05-21,-12.802725,2.060175,-1.229825,-11.572899999999999,0.1134583333333335,-0.27122499999999977
2021-05-22,-17.96166666666667,2.9285583333333336,-3.2377249999999997,-14.723941666666667,1.1523500000000002,-0.13844999999999993
2021-05-23,-18.873025000000002,3.953625,-4.308033333333333,-14.564991666666668,0.8257083333333332,-0.7921
2021-05-24,-12.036975,1.3253333333333333,-1.05315,-10.983825000000001,-0.26516666666666644,-0.9310750000000001
2021-05-25,-14.322575,5.133966666666666,-2.1980500000000003,-12.124525,0.9217000000000001,-1.590425
2021-05-26,-22.016716666666667,8.218166666666667,-6.507808333333333,-15.508908333333332,5.1250833333333325,-1.3211333333333337
2021-05-27,-20.051616666666664,4.6853,-5.203875,-14.847741666666666,4.575466666666664,-0.8912083333333336
2021-05-28,-20.988066666666665,6.595658333333334,-5.841808333333334,-15.146258333333334,4.375991666666668,-1.0244083333333331
2021-05-29,-14.697091666666667,7.200858333333334,-1.1031833333333334,-13.593908333333333,2.0279333333333316,-1.200208333333333
2021-05-30,-17.4109,10.781083333333333,-2.3345666666666665,-15.076333333333334,1.9543333333333335,-1.9069083333333332
2021-05-31,-22.353716666666667,10.727891666666666,-6.779958333333333,-15.573758333333334,5.057108333333334,-1.715808333333333
2021-06-01,-19.8628,11.768458333333333,-4.483316666666666,-15.379483333333333,2.990091666666666,-1.9369750000000006
2021-06-02,-19.399833333333333,12.8535,-4.104441666666666,-15.295391666666667,2.0163916666666677,-2.224850000000001
2021-06-03,-17.336166666666667,12.064966666666667,-3.856016666666667,-13.48015,1.1593916666666662,-2.1878166666666665
2021-06-04,-20.452016666666665,13.256266666666667,-5.355683333333333,-15.096333333333334,2.2764666666666655,-2.3513833333333327
2021-06-05,-23.1211,14.397125,-7.532641666666667,-15.588458333333334,4.93689166666667,-2.5828500000000014
2021-06-06,-22.674400000000002,12.139458333333334,-7.085625,-15.588775,4.739700000000005,-0.5190916666666667
2021-06-07,-15.215133333333334,6.851541666666667,-1.1119083333333333,-14.103225,2.2835583333333354,0.0
2021-06-08,-15.134475,6.465341666666666,0.0,-15.134475,2.239399999999999,0.0
2021-06-09,-15.409833333333333,6.428116666666667,0.0,-15.409833333333333,1.5318583333333333,0.0
2021-06-10,-13.512833333333335,5.11835,0.0,-13.512833333333335,1.6483083333333335,0.0
2021-06-11,-16.244741666666666,6.371275,-1.7877916666666667,-14.45695,3.6696999999999993,0.0
2021-06-12,-21.253316666666667,9.448158333333334,-6.086416666666667,-15.1669,5.636050000000005,0.0
2021-06-13,-12.878691666666667,5.383675,-2.520758333333333,-10.357933333333332,2.4042333333333326,0.0
2021-06-14,-18.389516666666665,8.353416666666666,-3.5362,-14.853316666666668,7.105216666666665,0.0
2021-06-15,-23.3124,14.585991666666667,-7.724283333333334,-15.588116666666666,8.383516666666665,-0.7610833333333333
2021-06-16,-13.849733333333333,9.651791666666666,-2.659875,-11.189858333333333,4.937933333333334,-1.6473333333333338
2021-06-17,-13.616641666666666,8.881225,-2.8042083333333334,-10.812433333333333,4.596808333333337,-1.404825
2021-06-18,-17.125075000000002,9.684625,-3.2961499999999995,-13.828925,6.505074999999997,-0.9021916666666668
2021-06-19,-21.661375,11.200241666666667,-6.0734916666666665,-15.587883333333334,7.7875083333333395,-1.1190833333333325
2021-06-20,-22.970216666666666,9.658908333333333,-7.396466666666666,-15.57375,7.25446666666667,-0.5740166666666668
2021-06-21,-21.84375,8.785683333333333,-6.292175,-15.551575000000001,7.009941666666671,-1.473899999999999
2021-06-22,-14.353024999999999,5.661708333333333,-3.4078416666666667,-10.945183333333333,5.820999999999999,-1.0134666666666665
2021-06-23,-12.5502,5.676066666666666,-4.253208333333333,-8.296991666666667,8.674350000000002,-0.48914166666666675
2021-06-24,-20.568058333333333,9.157866666666667,-5.472941666666666,-15.095116666666668,10.741633333333331,-0.4488833333333332
2021-06-25,-23.879991666666665,9.522391666666666,-8.293916666666666,-15.586075000000001,8.721558333333327,-0.10635833333333344
2021-06-26,-23.924633333333336,8.213524999999999,-8.337875,-15.586758333333334,8.779333333333335,0.2662749999999998
2021-06-27,-23.94885,10.409291666666666,-8.361066666666668,-15.587783333333332,8.863158333333345,-0.19411666666666677
2021-06-28,-21.311116666666663,8.554741666666667,-5.813725000000001,-15.497391666666667,7.744216666666666,-0.26396666666666657
2021-06-29,-16.523091666666666,6.02705,-3.832675,-12.690416666666666,6.863858333333336,0.1527250000000001
2021-06-30,-18.055266666666668,6.495241666666667,-4.496158333333334,-13.559108333333334,7.061758333333334,0.0423166666666667
2021-07-01,-16.375391666666665,5.237533333333333,-2.7280083333333334,-13.647383333333334,6.920808333333335,-0.18236666666666668
2021-07-02,-13.368116666666667,1.9424666666666668,-2.9468083333333333,-10.421308333333332,7.053608333333337,-0.054216666666666725
2021-07-03,-19.638266666666667,9.127666666666666,-4.946616666666666,-14.69165,9.51605,-0.7895833333333334
2021-07-04,-20.304066666666667,10.154975,-4.906991666666666,-15.397075000000001,9.619483333333335,-1.085416666666666
2021-07-05,-17.112233333333332,6.267600000000001,-2.3079,-14.804333333333334,9.426316666666661,-0.8598500000000002
2021-07-06,-20.121358333333333,9.650341666666668,-4.55585,-15.565508333333334,6.255075000000002,-1.214575
2021-07-07,-12.867958333333334,7.101108333333333,-3.36185,-9.506108333333334,3.6365000000000007,-1.0072416666666666
2021-07-08,-20.752391666666668,9.024075,-5.16495,-15.587441666666667,7.913275000000002,-0.12172500000000004
2021-07-09,-15.022333333333334,6.398158333333334,-2.2245,-12.797833333333333,4.541983333333335,-0.47017500000000045
2021-07-10,-19.030291666666667,9.915108333333334,-3.6824583333333334,-15.347833333333334,6.2857916666666656,-0.33961666666666684
2021-07-11,-19.457558333333335,11.992049999999999,-4.03835,-15.419208333333334,5.243033333333335,-0.8843916666666666
2021-07-12,-18.752641666666666,10.433541666666667,-3.178341666666667,-15.5743,4.904016666666667,-1.6421999999999999
2021-07-13,-8.169891666666667,2.8950666666666667,-0.213325,-7.956566666666666,0.5090583333333336,-1.0891833333333334
2021-07-14,-2.7653499999999998,1.5984083333333332,-0.5616083333333334,-2.2037416666666667,-0.7397666666666658,-0.8254666666666666
2021-07-15,-8.324866666666667,4.755649999999999,-0.6813916666666666,-7.6434750000000005,1.3950916666666668,-1.1605166666666658
2021-07-16,-17.578341666666667,9.877,-2.6,-14.978341666666667,3.0990833333333336,-1.4673749999999988
2021-07-17,-18.513033333333333,13.49595,-3.4712916666666667,-15.041741666666667,3.2933749999999997,-1.7176500000000001
2021-07-18,-20.217816666666664,13.937133333333334,-4.7403249999999995,-15.477491666666667,3.367499999999998,-1.4149166666666664
2021-07-19,-21.003808333333335,16.23175833333333,-5.688183333333334,-15.315625,3.258316666666666,-2.0385916666666675
2021-07-20,-23.472175,17.515308333333333,-7.882783333333334,-15.589391666666666,4.013308333333336,-2.1460166666666662
2021-07-21,-22.606783333333333,17.176875,-7.0165,-15.590283333333334,4.0325583333333315,-2.1549666666666654
2021-07-22,-20.828691666666664,14.45495,-5.821008333333333,-15.007683333333333,4.107141666666666,-1.258391666666667
2021-07-23,-22.7054,13.957025,-7.1979750000000005,-15.507425,5.254033333333334,-0.4344249999999999
2021-07-24,-20.352766666666668,13.649275,-5.272566666666666,-15.080200000000001,4.583999999999998,-0.7102083333333334
2021-07-25,-17.563866666666666,12.346658333333332,-3.2770916666666667,-14.286775,3.947091666666667,-1.1169999999999998
2021-07-26,-12.314941666666668,8.573416666666667,-0.94975,-11.365191666666668,0.46695000000000036,-1.1976000000000007
2021-07-27,-15.55055,8.273075,-2.7470916666666665,-12.803458333333333,3.6049583333333324,-0.5190333333333335
2021-07-28,-14.5347,8.377891666666667,-1.7432999999999998,-12.7914,3.3639916666666667,-1.0901583333333327
2021-07-29,-16.994316666666666,10.348541666666666,-2.88285,-14.111466666666667,4.947516666666667,-0.9015416666666665
2021-07-30,-13.465941666666668,10.09425,-1.683216666666667,-11.782725000000001,2.6535416666666656,-1.2839000000000005
2021-07-31,-14.682458333333335,9.553424999999999,-1.601175,-13.081283333333333,1.8092416666666664,-1.3681500000000004
2021-08-01,-21.822141666666667,13.030658333333333,-6.319483333333333,-15.502658333333333,5.5486999999999975,-1.042275
2021-08-02,-20.099925,9.847116666666667,-4.938475,-15.16145,0.695875,-1.615216666666666
2021-08-03,-23.892808333333335,16.25831666666667,-8.303783333333334,-15.589025,4.393266666666668,-1.158808333333333
2021-08-04,-23.838475,15.143558333333333,-8.248158333333333,-15.59031666666667,4.279441666666668,-0.9964833333333338
2021-08-05,-23.608083333333333,15.443033333333332,-8.017933333333334,-15.59015,4.153391666666666,-0.9091916666666664
2021-08-06,-20.299541666666666,13.30105,-4.931766666666666,-15.367775,4.051133333333332,-0.7206833333333338
2021-08-07,-23.044666666666668,13.479941666666667,-7.725091666666666,-15.319575,3.7747916666666717,-1.5594166666666662
2021-08-08,-20.017508333333335,8.481216666666667,-5.020341666666666,-14.997166666666667,2.91895833333333,-1.3166416666666667
2021-08-09,-19.148858333333333,9.500950000000001,-5.197166666666667,-13.951691666666667,4.028258333333332,-0.9629666666666671
2021-08-10,-23.009666666666668,14.258708333333335,-7.4216999999999995,-15.587966666666667,5.122333333333332,-1.818141666666666
2021-08-11,-22.9064,13.789225,-7.3585666666666665,-15.547833333333333,3.6308416666666696,-1.4013083333333323
2021-08-12,-22.874958333333332,13.79665,-7.375366666666666,-15.499591666666667,3.7070333333333343,-0.6729749999999999
2021-08-13,-23.280533333333334,14.27795,-7.951516666666667,-15.329016666666666,4.990033333333331,-0.6151333333333331
2021-08-14,-23.539166666666667,16.493466666666666,-7.986366666666667,-15.5528,6.02595833333334,-0.8967250000000003
2021-08-15,-18.349816666666666,14.3665,-4.694266666666667,-13.65555,5.1523916666666665,-1.5316666666666676
2021-08-16,-21.622966666666667,12.9481,-6.2667,-15.356266666666667,5.268224999999995,-1.5667333333333335
2021-08-17,-21.56535,11.497774999999999,-6.171075,-15.394275,4.328616666666669,-1.4537416666666672
2021-08-18,-23.745241666666665,14.667033333333332,-8.157258333333333,-15.587983333333334,4.443258333333336,-2.0181166666666677
2021-08-19,-23.63821666666667,14.374966666666667,-8.050408333333333,-15.587808333333333,4.748533333333331,-2.289291666666667
2021-08-20,-23.941058333333334,16.063533333333332,-8.352433333333332,-15.588625,5.121966666666675,-2.4556500000000003
2021-08-21,-23.566908333333334,19.59779166666667,-8.052958333333333,-15.513950000000001,3.2366166666666687,-3.511891666666667
2021-08-22,-23.830275,18.353900000000003,-8.31535,-15.514925,3.231924999999995,-3.3296250000000005
2021-08-23,-23.838966666666668,15.860016666666667,-8.248775,-15.590191666666668,4.180591666666666,-2.6523166666666667
2021-08-24,-19.819425,11.920341666666667,-4.853958333333333,-14.965466666666668,2.1490249999999986,-2.6484416666666672
2021-08-25,-23.917058333333333,16.156041666666667,-8.327841666666668,-15.589216666666667,2.2511333333333314,-2.9902583333333324
2021-08-26,-23.92921666666667,14.115675,-8.34235,-15.586866666666667,3.5789583333333326,-2.436674999999999
2021-08-27,-23.903641666666665,17.321233333333332,-8.316266666666666,-15.587375,2.5805166666666657,-3.3200083333333303
2021-08-28,-23.902425,17.879974999999998,-8.317833333333335,-15.584591666666666,0.8053749999999994,-3.4997166666666724
2021-08-29,-23.770758333333337,16.859816666666667,-8.185208333333334,-15.58555,0.9822583333333331,-2.9987750000000015
2021-08-30,-23.0523,11.97245,-7.738149999999999,-15.31415,2.3699333333333326,-0.9250750000000005
2021-08-31,-23.242849999999997,13.313916666666666,-7.6556999999999995,-15.58715,3.201391666666663,-1.616599999999999
2021-09-01,-23.448066666666666,17.572683333333334,-7.859816666666666,-15.58825,5.663116666666663,-2.6325833333333337
2021-09-02,-23.69754166666667,16.66583333333333,-8.108533333333334,-15.589008333333334,8.945324999999993,-1.9276333333333329
2021-09-03,-23.914883333333336,19.46345833333333,-8.324158333333333,-15.590725,7.914649999999998,-2.0717333333333334
2021-09-04,-23.893974999999998,17.520308333333336,-8.303408333333334,-15.590566666666668,6.69856666666666,-1.820008333333335
2021-09-05,-23.922516666666667,16.564025,-8.331841666666667,-15.590675,6.452641666666665,-1.9174916666666675
2021-09-06,-23.140716666666666,15.442350000000001,-7.6842,-15.456516666666666,6.700024999999996,-1.5787666666666686
2021-09-07,-23.920908333333333,17.23965833333333,-8.368416666666667,-15.552491666666667,7.0930250000000035,-2.549575
2021-09-08,-23.895725,14.067808333333332,-8.319716666666665,-15.576008333333332,7.911591666666665,-2.951633333333332
2021-09-09,-22.604579175,14.942720833333333,-7.018620833333333,-15.585958341666668,8.915258333333338,-2.7851833333333325
2021-09-10,-23.266741666666665,14.8876875,-7.788375,-15.478366666666666,7.676304175000001,-2.6763374916666662
2021-09-11,-23.096575,16.725258333333336,-7.511491666666667,-15.585083333333333,5.95146666666667,-3.5201833333333363
2021-09-12,-23.847,16.645008333333337,-8.260866666666667,-15.586133333333333,6.523533333333334,-3.3608916666666637
2021-09-13,-17.331933333333335,13.736341666666668,-1.8258416666666668,-15.506091666666666,6.421958333333329,-2.981700000000002
2021-09-14,-15.1692,13.682133333333333,0.0,-15.1692,5.91431666666667,-3.246708333333333
2021-09-15,-14.748733333333334,7.8163583333333335,-2.2082916666666663,-12.540441666666668,5.683375000000002,-1.577724999999999
2021-09-16,-22.4544,13.253633333333333,-7.971541666666667,-14.482858333333333,6.722391666666664,-1.7843583333333328
2021-09-17,-23.411358333333332,16.870662499999998,-8.171366666666668,-15.239991666666667,5.595570833333335,-1.4835083333333339
2021-09-18,-23.054,18.722141666666666,-7.812275,-15.241725,2.613941666666665,-0.7908250000000001
2021-09-19,-23.353291666666667,16.26075,-8.113558333333334,-15.239733333333334,1.2090833333333344,-0.9741499999999997
2021-09-20,-23.46545,16.667424999999998,-8.226158333333332,-15.239291666666666,6.675537499999997,-0.39220833333333327
2021-09-21,-23.295275,16.0845,-8.108991666666666,-15.186283333333332,3.244150000000001,0.0
2021-09-22,-23.27434166666667,15.573558333333333,-8.139733333333334,-15.134608333333334,3.6010833333333325,0.0
2021-09-23,-23.483416666666667,13.525329166666667,-8.2415375,-15.241879166666667,-0.28557499999999986,0.0
2021-09-24,-21.944,10.410358333333333,-6.702633333333333,-15.241366666666666,-1.1403791666666663,0.0
2021-09-25,-23.553508333333333,15.935945833333333,-8.314483333333333,-15.239025,1.9615333333333342,0.0
2021-09-26,-23.303820833333337,16.547308333333334,-8.065595833333333,-15.238225,2.391316666666666,0.0
2021-09-27,-23.368733333333335,15.495091666666667,-8.182908333333334,-15.185825000000001,5.799704166666666,0.0
2021-09-28,-23.163966666666667,15.039924999999998,-8.021458333333333,-15.142508333333334,6.987837499999999,0.0
2021-09-29,-20.711066666666667,12.7142125,-5.557954166666667,-15.153112499999999,4.279691666666671,0.0
2021-09-30,-21.317974999999997,12.774066666666668,-6.2106,-15.107375,2.8819083333333335,0.0
2021-10-01,-23.72265833333333,14.691666666666666,-8.365275,-15.357383333333333,2.633866666666668,0.0
2021-10-02,-22.825966666666666,14.306125,-7.579925,-15.246041666666667,1.511691666666666,0.0
2021-10-03,-18.46775,13.092916666666666,-3.9469499999999997,-14.5208,-0.3131333333333328,0.0
2021-10-04,-22.198108333333334,16.63054166666667,-7.413141666666666,-14.784966666666667,6.348175000000002,0.0
2021-10-05,-22.378833333333333,13.031391666666666,-7.0258416666666665,-15.352991666666666,7.637950000000003,0.0
2021-10-06,-23.606308333333335,13.497266666666667,-8.255916666666666,-15.350391666666667,9.443408333333332,0.0
2021-10-07,-23.509541666666667,15.309391666666667,-8.158125,-15.351416666666665,9.788016666666666,0.0
2021-10-08,-23.467366666666663,13.684491666666666,-8.11595,-15.351416666666665,8.623275,0.0
2021-10-09,-23.094916666666666,9.846766666666666,-7.743774999999999,-15.351141666666667,8.205199999999994,0.0
2021-10-10,-23.458891666666666,10.750433333333332,-8.108058333333334,-15.350833333333334,8.639716666666668,0.0
2021-10-11,-23.179391666666668,13.427,-7.828433333333334,-15.350958333333335,8.83725833333333,0.0
2021-10-12,-23.43420833333333,10.628933333333332,-8.081925,-15.352283333333332,8.171541666666668,0.0
2021-10-13,-19.06535,8.18045,-4.606516666666667,-14.458833333333335,6.736241666666668,0.0
2021-10-14,-23.665616666666665,9.560191666666668,-8.309975,-15.355641666666667,9.522024999999996,0.0
2021-10-15,-23.554425,10.153141666666667,-8.200616666666667,-15.353808333333333,4.467766666666663,0.0
2021-10-16,-22.362483333333333,11.011733333333334,-7.032008333333334,-15.330475,5.508708333333334,0.0
2021-10-17,-21.841175,10.568358333333334,-6.724316666666667,-15.116858333333333,5.8774333333333315,0.0
2021-10-18,-23.524833333333333,10.80635,-8.169783333333333,-15.355049999999999,6.307916666666671,0.0
2021-10-19,-19.041983333333334,7.5000583333333335,-4.670308333333334,-14.371675,7.124191666666662,0.0
2021-10-20,-23.348075,7.506241666666667,-8.1893,-15.158775,7.488008333333335,0.0
2021-10-21,-18.97005,5.677966666666666,-4.111325,-14.858725,4.995608333333335,0.0
2021-10-22,-22.1845,10.704600000000001,-6.830808333333334,-15.353691666666668,6.7245166666666645,0.0
2021-10-23,-19.547283333333333,9.221083333333334,-5.186616666666667,-14.360666666666667,6.474258333333335,0.0
2021-10-24,-23.692441666666667,11.31465,-8.336375,-15.356066666666667,7.571183333333335,0.0
2021-10-25,-23.52704166666667,11.97985,-8.246758333333334,-15.280283333333333,9.847558333333328,0.0
2021-10-26,-23.31534166666667,11.417658333333334,-8.156933333333333,-15.158408333333332,12.310333333333341,0.0
2021-10-27,-19.732458333333334,10.868575,-4.401233333333334,-15.331225,10.253341666666671,0.0
2021-10-28,-23.073216666666667,11.669741666666667,-7.72225,-15.350966666666666,8.353141666666666,0.0
2021-10-29,-23.520341666666667,11.503924999999999,-8.169233333333334,-15.351108333333334,9.749374999999999,0.0
2021-10-30,-22.936491666666665,9.72,-7.584783333333334,-15.351708333333335,9.54788333333333,0.0
2021-10-31,-19.910125,6.991149999999999,-5.476858333333333,-14.433266666666666,9.726150000000002,0.0
2021-11-01,-19.367633333333334,5.5592,-5.26635,-14.101283333333333,9.130583333333325,0.0
2021-11-02,-23.174791666666668,8.379416666666666,-7.8219916666666665,-15.352799999999998,13.12570833333333,0.0
2021-11-03,-23.724208333333333,7.9528,-8.370125,-15.354083333333334,12.656291666666679,0.0
2021-11-04,-20.395033333333334,5.480225000000001,-5.273350000000001,-15.121683333333333,11.595133333333333,0.0
2021-11-05,-20.1311,2.1608,-4.923083333333333,-15.208016666666666,10.636066666666657,0.0
2021-11-06,-20.14795,1.5205333333333333,-5.0715916666666665,-15.076358333333333,8.986883333333333,0.0
2021-11-07,-21.039625,2.0733333333333337,-6.24865,-14.790975,9.319933333333333,0.0
2021-11-08,-19.675349999999998,3.9701,-4.904841666666666,-14.770508333333334,14.66663333333333,0.0
2021-11-09,-23.270391666666665,4.547883333333333,-7.915708333333333,-15.354683333333332,14.345375,0.0
2021-11-10,-23.46709166666667,3.493133333333333,-8.150316666666667,-15.316775,11.16010833333333,0.0
2021-11-11,-23.34545,5.509691666666667,-7.9940500000000005,-15.3514,8.961758333333332,0.0
2021-11-12,-22.861891666666665,2.762141666666667,-7.507791666666667,-15.3541,12.839716666666657,0.0
2021-11-13,-23.685875,2.7874666666666665,-8.332191666666667,-15.353683333333333,16.49328333333333,0.0
2021-11-14,-23.69259166666667,5.627133333333333,-8.339741666666667,-15.35285,13.512408333333324,0.0
2021-11-15,-23.752883333333337,5.5323166666666665,-8.3995,-15.353383333333333,13.48009166666667,0.0
2021-11-16,-23.644066666666667,5.072133333333333,-8.381366666666667,-15.2627,14.527958333333334,0.0
2021-11-17,-23.483083333333333,7.18745,-8.3992,-15.083883333333333,11.84538333333333,0.0
2021-11-18,-23.439991666666664,8.062075,-8.346841666666666,-15.09315,7.9237500000000045,0.0
2021-11-19,-19.266041666666666,4.603933333333333,-5.57345,-13.692591666666667,5.617799999999994,0.0
2021-11-20,-23.440983333333335,7.765616666666666,-8.204933333333333,-15.236049999999999,12.969249999999992,0.04785833333333334
2021-11-21,-23.488883333333334,5.486491666666667,-8.251375,-15.237508333333333,12.791683333333342,0.259925
2021-11-22,-20.735,1.410175,-5.907683333333333,-14.827316666666668,15.449566666666673,0.45833333333333365
2021-11-23,-19.120683333333336,0.2441,-5.683025,-13.437658333333333,13.723591666666664,0.8048916666666667
2021-11-24,-20.510291666666667,4.199716666666666,-5.926958333333333,-14.583333333333334,12.390200000000002,0.5959166666666665
2021-11-25,-17.00855,3.8240416666666666,-3.428625,-13.579925,12.534358333333333,0.3772999999999996
2021-11-26,-7.571366666666667,-1.254175,-0.18820833333333334,-7.383158333333334,7.478491666666668,-0.26969166666666655
2021-11-27,-4.944641666666667,-0.24530000000000002,-0.034341666666666666,-4.9103,6.050725000000001,0.1756916666666666
2021-11-28,-1.5218666666666665,-1.3538833333333335,-0.02725,-1.4946166666666665,6.270950000000001,-0.15142500000000006
2021-11-29,-1.6359916666666665,-4.274975,0.009008333333333332,-1.645,6.9392416666666685,-0.12312499999999993
2021-11-30,-17.611441666666664,2.3724166666666666,-3.701966666666667,-13.909475,14.018591666666664,0.1796083333333334
2021-12-01,-7.9313666666666665,-1.90015,-0.9838250000000001,-6.947541666666667,7.523158333333329,-0.5961166666666666
2021-12-02,-0.6544833333333333,-3.1866999999999996,-0.03849166666666667,-0.6159916666666667,3.915449999999998,-0.9051749999999997
2021-12-03,-14.30215,1.2459500000000001,-3.23965,-11.0625,9.203300000000004,0.12095833333333325
2021-12-04,-19.870691666666666,4.136866666666667,-5.037041666666667,-14.83365,10.015766666666662,0.13529166666666664
2021-12-05,-11.733416666666667,0.42814166666666664,-0.8907916666666666,-10.842625,5.791658333333334,-0.3274416666666666
2021-12-06,-11.793033333333334,-1.7582083333333332,-0.41245,-11.380583333333334,6.596983333333333,-1.2691083333333333
2021-12-07,-11.867558333333333,-4.54255,-0.5681,-11.299458333333334,7.852583333333335,-1.064866666666666
2021-12-08,-3.9282583333333334,-5.597383333333333,0.18031666666666665,-4.108575,2.9470666666666685,-1.3818833333333334
2021-12-09,-17.642341666666667,0.20079166666666665,-4.291658333333333,-13.350683333333333,9.913916666666662,0.10931666666666673
2021-12-10,-22.938266666666667,3.7449833333333333,-7.341675,-15.596591666666667,13.08876666666667,0.5357333333333331
2021-12-11,-22.452875,5.140275,-6.8604416666666665,-15.592433333333332,13.661041666666666,0.6298500000000001
2021-12-12,-22.71033333333333,7.357708333333333,-7.1198500000000005,-15.590483333333333,11.278858333333334,0.117625
2021-12-13,-20.48735,5.3233500000000005,-5.175633333333333,-15.311716666666667,11.794283333333327,0.10925833333333328
2021-12-14,-16.88029166666667,4.214975000000001,-3.7282916666666663,-13.152,11.809216666666668,0.3569000000000002
2021-12-15,-23.211775000000003,6.4805,-7.623591666666666,-15.588183333333333,14.155800000000005,0.47666666666666657
2021-12-16,-19.886525000000002,6.664341666666666,-4.665783333333334,-15.220741666666667,11.941599999999992,0.14725833333333346
2021-12-17,-16.10155,4.159050000000001,-2.546241666666667,-13.555308333333333,13.32758333333332,-0.2979666666666666
2021-12-18,-23.18065,4.831258333333333,-7.592891666666667,-15.587758333333333,10.486358333333337,0.25446666666666673
2021-12-19,-20.63041666666667,6.067658333333334,-5.493383333333333,-15.137033333333333,8.93875833333333,0.0673916666666666
2021-12-20,-3.8116916666666665,0.7413666666666667,-0.05872499999999999,-3.7529666666666666,6.369033333333333,-0.34960833333333347
2021-12-21,-6.366149999999999,1.02355,0.011683333333333334,-6.377833333333333,9.621983333333336,-0.17178333333333345
2021-12-22,-8.166775,-0.23235,-0.6437999999999999,-7.522975000000001,9.757525000000005,0.0038750000000001257
2021-12-23,-18.175958333333334,9.7355,-2.9788916666666667,-15.197066666666668,13.974633333333331,0.07834166666666637
2021-12-24,-21.331241666666664,9.458841666666666,-5.8567583333333335,-15.474483333333334,12.962383333333339,-0.5889333333333329
2021-12-25,-18.88705,4.757408333333334,-3.647725,-15.239325000000001,10.57694999999999,-0.7679666666666661
2021-12-26,-9.61,4.342233333333334,-0.39876666666666666,-9.211233333333334,8.728575,-1.0752833333333334
2021-12-27,-4.888833333333333,0.539275,-0.19345833333333334,-4.695375,3.148725,-1.314275
2021-12-28,-13.355766666666666,4.199441666666667,-2.0322999999999998,-11.323466666666667,9.077283333333337,-0.43339999999999995
2021-12-29,-16.75754166666667,7.616625,-2.6277,-14.129841666666668,10.980125,-0.5131416666666666
2021-12-30,-23.508683333333334,7.843858333333333,-7.914458333333333,-15.594225,8.7966,-0.4381583333333338
2021-12-31,-21.1378,5.041625,-5.554616666666667,-15.583183333333332,6.6991833333333295,-0.6629249999999998
2022-01-01,-20.62079166666667,3.4854666666666665,-5.7234,-14.897391666666666,7.856674999999999,-0.5037250000000001
2022-01-02,-18.422974999999997,1.955625,-3.5388,-14.884174999999999,4.5848249999999995,-0.8287666666666669
2022-01-03,-19.512925,2.664625,-5.426399999999999,-14.086525,5.676449999999997,-1.0502250000000006
2022-01-04,-21.73155,4.949775,-6.36965,-15.3619,10.477083333333336,-0.17742500000000014
2022-01-05,-12.08005,-0.930775,-1.4687916666666667,-10.611258333333334,2.424491666666666,-1.1833999999999991
2022-01-06,-22.349700000000002,7.6327,-6.86595,-15.48375,11.19335,-0.36819999999999964
2022-01-07,-12.428308333333332,2.1607166666666666,-1.8589666666666667,-10.569341666666666,7.975058333333333,-0.9448749999999999
2022-01-08,-10.574058333333333,2.1237583333333334,-0.40379166666666666,-10.170266666666667,8.81619166666667,-0.5420666666666664
2022-01-09,-12.066666666666666,1.9992916666666667,-0.7148166666666668,-11.35185,8.856025000000004,-0.4686666666666667
2022-01-10,-1.4466750000000002,-5.919841666666667,-0.15881666666666666,-1.2878583333333333,7.513391666666667,-0.6485083333333337
2022-01-11,-23.138891666666666,1.8972583333333335,-7.5534,-15.585491666666666,19.347108333333328,0.14220833333333324
2022-01-12,-23.874616666666665,1.8119166666666668,-8.290658333333333,-15.583958333333333,19.611491666666662,0.4360166666666668
2022-01-13,-23.756608333333332,3.698758333333333,-8.174991666666667,-15.581616666666667,15.41692499999999,0.5109500000000001
2022-01-14,-23.089075,3.1200916666666667,-7.506708333333333,-15.582366666666667,13.466608333333333,0.2783000000000001
2022-01-15,-22.841150000000003,1.4113,-7.307858333333334,-15.533291666666667,15.302908333333342,0.5479416666666668
2022-01-16,-23.901349999999997,3.719225,-8.294991666666666,-15.606358333333334,12.224900000000003,-0.014458333333333333
2022-01-17,-23.214,3.6540333333333335,-7.610666666666667,-15.603333333333333,12.156066666666673,-0.5720416666666666
2022-01-18,-21.759275000000002,3.0101666666666667,-6.655825,-15.10345,17.30415,-0.6790500000000007
2022-01-19,-23.988983333333334,3.3733666666666666,-8.392541666666666,-15.596441666666667,16.87592500000001,-0.1222250000000001
2022-01-20,-23.258308333333336,1.67775,-7.662308333333334,-15.596,12.27719166666666,-0.8184500000000005
2022-01-21,-22.672566666666665,-1.0156166666666666,-7.264616666666667,-15.407950000000001,14.03782500000001,0.020033333333333334
2022-01-22,-14.707891666666667,-2.642675,-2.122725,-12.585166666666666,14.787191666666667,-0.09977499999999996
2022-01-23,-23.821758333333335,2.768725,-8.232683333333332,-15.589075000000001,18.012266666666658,0.1179416666666667
2022-01-24,-23.8714,2.277616666666667,-8.283666666666665,-15.587733333333334,18.717208333333332,0.43055833333333315
2022-01-25,-22.94754166666667,3.528408333333333,-7.360408333333334,-15.587133333333334,18.88731666666666,0.045150000000000017
2022-01-26,-23.382841666666668,2.3946666666666667,-7.791558333333334,-15.591283333333333,18.94076666666664,0.19534166666666672
2022-01-27,-20.386383333333335,-0.8219333333333333,-4.840725,-15.545658333333332,14.713125,-0.12900000000000011
2022-01-28,-21.985641666666666,1.1704166666666667,-6.467133333333333,-15.518508333333333,12.750633333333342,-0.513208333333333
2022-01-29,-23.011075,4.444258333333333,-7.472766666666667,-15.538308333333333,13.699258333333331,-0.1639750000000001
2022-01-30,-22.296975,2.999966666666667,-6.909066666666667,-15.387908333333332,12.005349999999996,-0.18305000000000005
2022-01-31,-20.167183333333334,2.228616666666667,-4.569775,-15.597408333333332,17.632283333333323,-0.15413333333333337
2022-02-01,-21.773316666666666,2.1540250000000003,-6.366383333333333,-15.406933333333333,19.253958333333333,-0.15823333333333323
2022-02-02,-17.354474999999997,-1.5263666666666666,-3.4198416666666667,-13.934633333333334,17.005950000000002,-0.7376583333333327
2022-02-03,-12.305391666666667,-4.579975,-0.9722583333333333,-11.333133333333333,16.081983333333348,-0.35448333333333304
2022-02-04,-22.49804166666667,0.4688333333333333,-6.906066666666667,-15.591975,15.601250000000007,0.07089166666666669
2022-02-05,-23.51428333333333,3.832508333333333,-7.922350000000001,-15.591933333333332,10.768408333333333,-0.4612583333333329
2022-02-06,-23.291566666666665,4.403325,-7.701733333333333,-15.589833333333335,9.871891666666663,-0.5150499999999998
2022-02-07,-22.218341666666667,1.7339333333333333,-6.725641666666666,-15.492700000000001,10.368183333333338,-1.1241833333333326
2022-02-08,-23.518275000000003,3.586491666666667,-7.929283333333334,-15.588991666666667,10.723708333333336,-1.1426999999999998
2022-02-09,-23.503775,6.4255249999999995,-7.916958333333333,-15.586816666666667,9.328974999999994,-0.9031166666666672
2022-02-10,-23.886525000000002,7.986225,-8.3004,-15.586125,9.600241666666667,-0.8071249999999999
2022-02-11,-23.723108333333332,6.851333333333333,-8.1334,-15.589708333333334,9.895758333333337,-0.6882416666666663
2022-02-12,-22.700425,7.78085,-7.125016666666666,-15.575408333333332,7.235783333333336,-0.31158333333333327
2022-02-13,-20.852966666666667,8.023333333333333,-5.311583333333333,-15.541383333333334,5.223216666666666,-0.38828333333333315
2022-02-14,-14.588641666666666,4.798583333333333,-2.2741583333333333,-12.314483333333333,4.0755416666666715,-0.8636583333333328
2022-02-15,-23.760141666666666,10.290566666666667,-8.170583333333333,-15.589558333333333,6.339399999999999,-0.23428333333333334
2022-02-16,-20.608,6.7616499999999995,-5.188058333333333,-15.419941666666668,3.8715,-0.7348500000000004
2022-02-17,-22.340799999999998,5.684733333333334,-6.7525916666666665,-15.588208333333334,1.770175,-0.6667666666666665
2022-02-18,-21.625175,4.089725,-6.148458333333333,-15.476716666666666,3.3357250000000005,-0.34007499999999985
2022-02-19,-17.676258333333337,1.4940499999999999,-2.8101833333333333,-14.866075,1.9073333333333344,-0.5043583333333335
2022-02-20,-18.284675,1.020975,-2.95425,-15.330425,2.420308333333333,-0.5200666666666668
2022-02-21,-17.109908333333333,0.19261666666666669,-2.9363166666666665,-14.173591666666667,2.1714499999999997,-0.6252333333333329
2022-02-22,-13.275225,-0.31356666666666666,-1.145825,-12.1294,2.048225000000001,-1.0984583333333335
2022-02-23,-12.18385,2.9501833333333334,-3.377125,-8.806725,-1.176941666666667,-1.396500000000001
2022-02-24,-22.541900000000002,10.311608333333334,-6.952108333333333,-15.589791666666667,2.3844833333333346,-0.0791583333333333
2022-02-25,-17.085641666666668,7.320983333333333,-3.5860666666666665,-13.499575,1.4167000000000005,-0.2227083333333333
2022-02-26,-23.322383333333335,11.790075,-7.736675,-15.585708333333335,4.154308333333339,0.30024166666666685
2022-02-27,-24.009275000000002,12.513108333333333,-8.4236,-15.585674999999998,4.248183333333336,0.44577500000000025
2022-02-28,-23.530308333333334,12.003691666666667,-7.944466666666665,-15.585841666666667,6.317458333333338,0.3491833333333331
2022-03-01,-24.007483333333333,11.943666666666665,-8.420325,-15.587158333333333,6.267525000000006,0.2909666666666666
2022-03-02,-24.007450000000002,13.245841666666667,-8.422725,-15.584725,8.324108333333331,0.08280833333333333
2022-03-03,-23.83340833333333,13.42085,-8.250333333333334,-15.583075000000001,9.85966666666667,0.24298333333333344
2022-03-04,-20.020325,13.23775,-4.875608333333334,-15.144716666666667,8.874908333333327,-0.14065
2022-03-05,-23.739583333333332,12.791966666666667,-8.1503,-15.589283333333332,10.095183333333331,0.46181666666666676
2022-03-06,-24.00875,11.951308333333332,-8.419925,-15.588825,9.462633333333333,0.7662999999999999
2022-03-07,-19.223108333333332,10.965924999999999,-4.799600000000001,-14.423508333333332,8.714108333333336,-0.4759999999999997
2022-03-08,-20.914883333333336,13.797658333333333,-5.321083333333333,-15.5938,9.974116666666667,-0.7753583333333334
2022-03-09,-20.88070833333333,14.865558333333333,-5.289883333333333,-15.590825,6.871033333333331,0.9080750000000003
2022-03-10,-23.77959166666667,15.9491,-8.18885,-15.590741666666666,2.8700083333333324,4.3307916666666655
2022-03-11,-23.54446666666667,12.914116666666667,-7.954841666666666,-15.589625,0.8941666666666673,3.939474999999999
2022-03-12,-23.852833333333333,12.918241666666667,-8.406016666666666,-15.446816666666667,0.6995666666666667,4.039833333333333
2022-03-13,-24.015941666666667,12.475858333333333,-8.419025,-15.596916666666665,2.9307749999999984,2.0821750000000008
2022-03-14,-22.007233333333332,16.771266666666666,-7.16745,-14.839783333333333,2.1158666666666677,4.118308333333335
2022-03-15,-21.89195833333333,16.596400000000003,-6.330883333333333,-15.561075,2.212833333333333,4.957699999999999
2022-03-16,-23.693808333333333,16.812441666666665,-8.215341666666665,-15.478466666666668,1.952224999999999,5.025933333333332
2022-03-17,-23.996283333333334,17.300991666666665,-8.406075000000001,-15.590208333333335,-0.09639999999999992,4.807558333333334
2022-03-18,-23.986441666666664,17.394733333333335,-8.397,-15.589441666666668,0.8425333333333339,4.795258333333331
2022-03-19,-23.997575,14.32545,-8.406799999999999,-15.590775,-2.2008333333333328,4.445933333333332
2022-03-20,-23.805866666666667,15.057791666666667,-8.217016666666666,-15.58885,-3.0645166666666652,4.604991666666668
2022-03-21,-23.985141666666667,14.657391666666667,-8.397333333333334,-15.587808333333333,2.1911333333333327,4.229791666666669
2022-03-22,-23.055474999999998,14.581316666666668,-7.465991666666667,-15.589483333333334,7.545466666666665,1.5240750000000007
2022-03-23,-20.4671,13.271616666666667,-5.424758333333333,-15.042341666666667,8.686858333333328,-1.191025000000001
2022-03-24,-23.168908333333334,13.671933333333332,-7.658225000000001,-15.510683333333333,9.221458333333336,-0.9625083333333332
2022-03-25,-23.887075,13.3014,-8.295458333333334,-15.591616666666667,7.4147083333333335,-0.8137583333333334
2022-03-26,-23.182183333333334,10.067725000000001,-7.591058333333334,-15.591125,5.960816666666666,-0.7690166666666665
2022-03-27,-23.594549999999998,9.540741666666667,-8.003483333333334,-15.591066666666668,5.3542749999999995,0.06301666666666667
2022-03-28,-23.455875,7.299591666666666,-7.867933333333333,-15.587941666666667,4.610525000000003,0.16900000000000007
2022-03-29,-24.005975,11.138725,-8.418716666666667,-15.587258333333333,9.276508333333338,-0.18781666666666663
2022-03-30,-24.011383333333335,13.695274999999999,-8.423174999999999,-15.588208333333334,9.572483333333336,-0.01236666666666665
2022-03-31,-22.336299999999998,12.582308333333332,-6.867625,-15.468675,8.306583333333334,-0.07377499999999995
2022-04-01,-10.475941666666667,4.991675,-0.597125,-9.878816666666667,2.9371833333333344,-0.18804166666666663
2022-04-02,-23.974966666666667,9.5718,-8.384741666666667,-15.590225,5.7407833333333365,0.9373833333333332
2022-04-03,-23.051808333333334,8.496958333333334,-7.459966666666666,-15.591841666666667,5.249116666666667,0.9397499999999998
2022-04-04,-19.590816666666665,7.256083333333333,-4.54685,-15.043966666666668,3.4830999999999985,0.5614416666666667
2022-04-05,-19.986016666666668,8.819775,-5.566841666666666,-14.419175,3.99825,0.4648583333333334
2022-04-06,-22.94728333333333,10.277533333333333,-7.358816666666667,-15.588466666666667,5.9861,0.5587666666666671
2022-04-07,-21.504025000000002,4.559208333333333,-6.155125,-15.3489,3.5205666666666655,0.2500833333333334
2022-04-08,-23.228591666666667,5.958858333333334,-7.64125,-15.587341666666667,4.005866666666669,0.97905
2022-04-09,-20.076541666666667,5.21615,-4.541975000000001,-15.534566666666667,3.254974999999999,1.0299749999999999
2022-04-10,-17.070525,4.206125,-2.29695,-14.773575000000001,2.3480749999999997,0.8848250000000003
2022-04-11,-22.538066666666666,9.647933333333333,-6.980241666666667,-15.557825000000001,7.789991666666663,0.8725583333333331
2022-04-12,-23.87305,9.694341666666666,-8.28735,-15.585700000000001,9.242708333333342,0.610158333333333
2022-04-13,-23.277224999999998,9.346391666666666,-7.689925000000001,-15.587299999999999,8.11856666666667,0.5636916666666667
2022-04-14,-22.88855,6.761433333333334,-7.298375,-15.590174999999999,6.321283333333339,0.6741416666666665
2022-04-15,-21.603858333333335,5.555141666666667,-6.015883333333333,-15.587975,3.749600000000001,0.22609166666666666
2022-04-16,-18.73183333333333,6.2663,-3.341641666666667,-15.390191666666668,2.1772500000000017,0.0
2022-04-17,-14.150591666666667,4.357525,-1.9402750000000002,-12.210316666666667,-0.7847999999999998,0.10417500000000002
2022-04-18,-19.286375,5.994558333333333,-3.975241666666667,-15.311133333333332,1.6145666666666667,0.8320833333333335
2022-04-19,-21.574516666666668,10.124049999999999,-5.988475,-15.586041666666667,4.274883333333337,0.48588333333333333
2022-04-20,-18.884416666666667,8.759066666666667,-4.040966666666667,-14.84345,2.8773416666666667,0.2419583333333334
2022-04-21,-22.00375,9.221225,-6.4246083333333335,-15.579141666666667,3.4007416666666677,0.4544750000000004
2022-04-22,-23.450633333333336,8.13715,-8.215924999999999,-15.234708333333334,3.6947416666666664,0.5851583333333331
2022-04-23,-23.810691666666667,8.1066,-8.237958333333333,-15.572733333333334,5.692491666666667,1.961633333333331
2022-04-24,-18.3562,5.582916666666667,-4.152033333333334,-14.204166666666666,3.7931499999999994,1.1601
2022-04-25,-17.931525,11.935916666666666,-3.8331583333333334,-14.098366666666667,8.235750000000003,0.6498666666666668
2022-04-26,-20.144599999999997,12.880658333333333,-4.557283333333333,-15.587316666666668,7.914899999999999,0.8409583333333343
2022-04-27,-12.802725,10.654275,-1.5359333333333334,-11.266791666666666,7.051249999999996,-0.12160833333333335
2022-04-28,-17.79305,11.261833333333334,-3.0819916666666667,-14.711058333333332,6.3395666666666655,-0.3020166666666665
2022-04-29,-18.025858333333332,11.463208333333334,-3.5948416666666665,-14.431016666666666,6.229508333333336,-0.2174666666666666
2022-04-30,-22.589475,11.680891666666666,-7.001616666666667,-15.587858333333333,4.886341666666667,0.3915583333333334
2022-05-01,-18.83695833333333,8.423399999999999,-4.188616666666666,-14.648341666666667,3.5557416666666644,0.30469166666666647
2022-05-02,-23.75179166666667,12.459691666666668,-8.164975,-15.586816666666667,4.49043333333333,0.2732083333333334
2022-05-03,-20.63928333333333,11.389916666666666,-5.052566666666666,-15.586716666666668,4.1970333333333345,0.017658333333333335
2022-05-04,-12.610524999999999,9.827266666666667,-1.2842,-11.326325,4.7765249999999995,-0.1418
2022-05-05,-20.41055,11.800591666666667,-5.065075,-15.345475,6.940058333333333,-0.0939833333333333
2022-05-06,-22.818491666666667,10.561825,-7.23215,-15.586341666666668,7.4283999999999955,0.5395083333333334
2022-05-07,-23.587316666666666,12.162858333333334,-8.001608333333333,-15.585708333333335,8.712266666666661,0.9374583333333328
2022-05-08,-21.660666666666668,10.293983333333333,-6.0742416666666665,-15.586424999999998,8.865658333333338,0.8067666666666665
2022-05-09,-15.381291666666666,8.108733333333333,-3.7511666666666663,-11.630125,7.64150833333333,0.414625
2022-05-10,-22.596241666666664,11.900591666666667,-7.4496166666666666,-15.146625,8.706433333333331,0.9075416666666674
2022-05-11,-19.382783333333332,10.409316666666667,-5.279483333333333,-14.103299999999999,5.9727916666666685,0.8108166666666669
2022-05-12,-9.855725,3.4270666666666667,-0.999375,-8.85635,3.598883333333331,-0.1755583333333333
2022-05-13,-14.196299999999999,6.992108333333333,-2.4764333333333335,-11.719866666666666,5.760575,0.3700416666666668
2022-05-14,-6.756883333333334,4.756683333333333,-1.0909583333333333,-5.6659250000000005,-0.12837500000000066,0.5008750000000001
2022-05-15,-19.105258333333335,13.708458333333335,-4.156025,-14.949233333333334,5.341508333333338,1.441933333333333
2022-05-16,-21.737650000000002,15.146408333333333,-6.152458333333333,-15.585191666666667,5.928466666666665,1.2799999999999998
2022-05-17,-12.786016666666667,11.08635,-2.6360333333333332,-10.149983333333333,3.5383999999999993,0.6857416666666665
2022-05-18,-7.043075,10.354933333333333,-1.3632333333333333,-5.6798416666666665,3.7327333333333304,0.6611500000000003
2022-05-19,-2.986075,6.753058333333334,-0.8376166666666667,-2.1484583333333336,1.5325999999999995,0.1504250000000002
2022-05-20,-6.398758333333333,10.118725,-0.6182166666666667,-5.780541666666667,1.5964416666666665,0.36639166666666656
2022-05-21,-12.144966666666667,10.980733333333333,-2.27035,-9.874616666666666,4.401391666666665,0.4321333333333338
2022-05-22,-15.214741666666667,14.176116666666667,-1.8242916666666666,-13.390450000000001,6.894100000000006,0.42173333333333296
2022-05-23,2.0062,8.388950000000001,-0.035491666666666664,2.0416916666666665,1.3751333333333327,-0.20254166666666648
2022-05-24,-0.14120833333333332,8.893675,-0.370625,0.22941666666666663,1.5254583333333331,-0.021724999999999915
2022-05-25,-14.020616666666667,15.735633333333332,-1.7534833333333333,-12.267133333333334,5.2329666666666625,0.4930083333333333
2022-05-26,-12.750174999999999,12.02535,-1.5005666666666666,-11.249608333333333,1.5617249999999998,0.002608333333333418
2022-05-27,-10.094166666666666,12.774299999999998,-0.28263333333333335,-9.811533333333333,2.663275,0.23699166666666677
2022-05-28,-6.396316666666666,8.613125,-0.6495,-5.746816666666667,-2.5721083333333326,0.40418333333333345
2022-05-29,-17.386575,14.690608333333333,-2.484108333333333,-14.902466666666667,4.676991666666668,0.9702416666666664
2022-05-30,-10.162191666666667,15.381583333333333,-0.6614249999999999,-9.500766666666667,3.0545250000000017,0.018241666666666604
2022-05-31,-22.2087,18.136466666666667,-6.626416666666667,-15.582283333333333,2.9838666666666676,0.44757500000000017
2022-06-01,-19.63895833333333,16.338008333333335,-4.36775,-15.271208333333334,1.9231416666666672,0.45825000000000005
2022-06-02,-17.090816666666665,15.782366666666666,-2.649125,-14.441691666666667,2.789474999999998,0.6185000000000002
2022-06-03,-16.828891666666667,15.091258333333332,-2.8155,-14.013391666666667,3.9500083333333325,0.5728250000000001
2022-06-04,-18.63425,14.25175,-3.7101333333333333,-14.924116666666666,3.529741666666666,1.1217666666666661
2022-06-05,-22.517808333333335,16.038899999999998,-6.935566666666666,-15.582241666666667,3.3510416666666667,2.155066666666667
2022-06-06,-10.996358333333333,14.268341666666668,-1.700525,-9.295833333333334,2.470991666666667,0.43278333333333346
2022-06-07,-12.905683333333332,15.490208333333333,-1.4860083333333334,-11.419675,4.776649999999998,0.3656416666666665
2022-06-08,-11.367516666666667,14.267858333333333,-0.4069166666666667,-10.960600000000001,4.081616666666669,-0.14412500000000003
2022-06-09,-7.8633999999999995,14.173758333333334,-0.9499,-6.9135,2.1162833333333353,-0.12727499999999992
2022-06-10,-16.179616666666668,15.221766666666666,-2.3614416666666664,-13.818175,3.1588249999999998,0.1057249999999999
2022-06-11,-22.629974999999998,15.306149999999999,-7.049300000000001,-15.580675,1.2411583333333336,1.0478583333333336
2022-06-12,-23.423591666666667,14.511841666666667,-7.8422833333333335,-15.581308333333332,3.4024916666666667,1.1572500000000006
2022-06-13,-18.715741666666666,14.013383333333334,-5.821125,-12.894616666666666,2.0336166666666653,0.43049166666666655
2022-06-14,-21.188633333333335,13.153908333333332,-5.653991666666667,-15.534641666666666,2.340866666666667,0.349525
2022-06-15,-18.541558333333334,12.345466666666667,-4.567958333333333,-13.973600000000001,4.140433333333333,1.0320250000000004
2022-06-16,-22.317966666666667,13.92555,-6.7344,-15.583566666666668,3.258025,1.0307333333333328
2022-06-17,-20.9267,14.946816666666667,-5.597575,-15.329125,3.8338,0.937616666666666
2022-06-18,-23.412725,12.732841666666667,-7.829524999999999,-15.583200000000001,3.67364166666667,0.6870499999999997
2022-06-19,-23.795633333333335,13.801058333333332,-8.211116666666667,-15.584516666666664,5.204191666666668,0.9423000000000011
2022-06-20,-17.340566666666664,14.287083333333333,-4.536341666666666,-12.804225,4.3567666666666645,0.44452499999999995
2022-06-21,-17.195108333333334,15.848658333333333,-4.287058333333333,-12.90805,1.1136416666666673,2.765724999999999
2022-06-22,-18.444216666666666,17.118941666666665,-3.6905833333333335,-14.753633333333333,1.3113499999999996,4.0291
2022-06-23,-20.401433333333333,14.742591666666668,-5.13435,-15.267083333333334,1.6599750000000009,2.5678166666666673
2022-06-24,-19.462733333333333,13.240558333333333,-4.3754,-15.087333333333333,3.3329166666666676,1.1597916666666674
2022-06-25,-18.98870833333333,13.164733333333334,-3.6844083333333333,-15.3043,3.6356666666666686,0.8654249999999994
2022-06-26,-18.99165,12.507516666666666,-3.6124583333333335,-15.379191666666667,3.668641666666668,0.32209166666666667
2022-06-27,-10.267741666666668,13.722858333333333,-1.270625,-8.997116666666667,0.13090000000000065,2.479483333333334
2022-06-28,-13.764566666666667,13.275291666666666,-1.4975333333333334,-12.267033333333332,1.8036333333333334,1.5715000000000021
2022-06-29,-13.406783333333333,11.999066666666668,-1.5988499999999999,-11.807933333333333,5.445141666666666,-0.3136166666666666
2022-06-30,-12.274391666666666,12.342058333333332,-1.3934416666666667,-10.88095,6.104758333333333,-0.8632083333333331
2022-07-01,-12.367908333333332,12.533275,-1.7206,-10.647308333333333,5.670775000000003,-1.1312666666666666
2022-07-02,-19.837825000000002,11.899783333333334,-4.405308333333333,-15.432516666666666,5.1855916666666655,-0.17625000000000002
2022-07-03,-20.543950000000002,12.2209,-4.960191666666667,-15.583758333333334,4.6081916666666665,-0.17056666666666673
2022-07-04,-13.2141,11.736341666666668,-2.17455,-11.039549999999998,5.754341666666663,-0.14530833333333337
2022-07-05,-10.821616666666667,12.391875,-4.366233333333334,-6.455383333333333,5.433991666666667,0.0
2022-07-06,-10.954825000000001,13.718791666666666,0.0,-10.954825000000001,4.25495,0.0
2022-07-07,-17.5532,15.676266666666667,-2.3430166666666667,-15.210183333333333,5.612200000000003,0.0
2022-07-08,-21.25179166666667,16.143666666666665,-5.6667250000000005,-15.585066666666668,5.952866666666665,0.0
2022-07-09,-14.47035,11.262858333333334,-1.5241916666666666,-12.946158333333333,1.7167916666666663,0.0
2022-07-10,-10.14165,9.181558333333333,-0.5971666666666666,-9.544483333333334,2.528116666666668,0.0
2022-07-11,-5.269141666666666,7.884283333333334,-0.386075,-4.883066666666666,2.1639999999999997,0.0
2022-07-12,-8.403049999999999,10.348591666666668,-0.23218333333333332,-8.170866666666667,3.950366666666666,-0.45744999999999997
2022-07-13,-6.807908333333334,9.556983333333333,0.04613333333333333,-6.854041666666667,3.6275166666666654,-0.767933333333333
2022-07-14,-8.533233333333333,8.4006,-0.17044166666666666,-8.362791666666666,5.486341666666665,-0.7726333333333332
2022-07-15,-10.010466666666668,9.73995,-0.21101666666666669,-9.79945,5.45040833333333,-0.5824999999999999
2022-07-16,-6.415100000000001,9.431691666666667,-0.4718,-5.9433,2.5121833333333323,-0.14009166666666667
2022-07-17,-13.091866666666666,11.871208333333334,-1.1737916666666668,-11.918075,1.9036999999999993,0.12351666666666669
2022-07-18,-20.232225,15.007783333333332,-4.754716666666666,-15.477508333333333,5.781866666666665,0.37030000000000035
2022-07-19,-20.339058333333334,14.972633333333333,-5.387675,-14.951383333333332,4.683133333333335,0.09405000000000001
2022-07-20,-20.228241666666666,15.381566666666668,-5.343825,-14.884416666666667,5.09745833333333,0.3031166666666664
2022-07-21,-20.44405,14.022333333333334,-5.142783333333334,-15.301266666666667,4.731058333333333,0.07454166666666673
2022-07-22,-19.881766666666667,13.552508333333334,-4.312883333333334,-15.568883333333334,3.675958333333335,0.11544166666666666
2022-07-23,-17.753566666666664,13.464533333333334,-4.3121,-13.441466666666667,2.365441666666666,0.10795833333333335
2022-07-24,-20.31941666666667,13.963566666666667,-5.4164666666666665,-14.90295,4.054108333333335,-0.14776666666666652
2022-07-25,-21.639216666666666,14.845424999999999,-6.0739833333333335,-15.565233333333333,4.794858333333336,-0.0048
2022-07-26,-23.091150000000003,13.6615,-7.506091666666666,-15.585058333333333,4.600816666666668,0.0
2022-07-27,-23.593400000000003,14.647766666666666,-8.008025,-15.585375,6.826875,0.0
2022-07-28,-23.6088,14.419841666666667,-8.02375,-15.585049999999999,6.039200000000001,0.07103333333333332
2022-07-29,-23.602766666666668,14.714583333333334,-8.016966666666667,-15.585799999999999,4.9523583333333345,0.13932499999999998
2022-07-30,-23.686791666666668,13.781366666666667,-8.10035,-15.586441666666667,5.765200000000001,0.7859583333333334
2022-07-31,-23.374441666666666,14.02945,-7.788108333333334,-15.586333333333334,4.802174999999999,0.9797000000000001
2022-08-01,-22.03454166666667,12.784575,-7.521608333333334,-14.512933333333333,3.0554249999999983,0.34278333333333316
2022-08-02,-22.501766666666665,14.358266666666667,-8.279091666666668,-14.222674999999999,4.167308333333337,0.6216833333333335
2022-08-03,-22.589933333333335,14.575533333333333,-8.367375,-14.222558333333332,4.913741666666668,0.4312916666666662
2022-08-04,-21.799991666666664,13.413816666666667,-8.069566666666667,-13.730424999999999,3.9744999999999973,-0.4779166666666668
2022-08-05,-21.030708333333333,13.007783333333332,-8.070908333333334,-12.9598,2.6470333333333333,-0.22255000000000014
2022-08-06,-22.62625,14.09875,-8.146558333333333,-14.479691666666668,4.544258333333335,0.16069999999999998
2022-08-07,-23.067016666666667,14.132549999999998,-8.276316666666668,-14.790700000000001,5.117666666666665,0.36817500000000014
2022-08-08,-15.600975,10.698733333333333,-2.8939333333333335,-12.707041666666665,0.1478666666666655,-1.014541666666667
2022-08-09,-21.0905,13.987041666666666,-6.299358333333333,-14.791141666666666,3.9190416666666645,-0.2974666666666666
2022-08-10,-23.102141666666668,15.431125,-8.310741666666667,-14.7914,4.064041666666667,0.18906666666666672
2022-08-11,-20.57208333333333,14.28365,-6.624816666666667,-13.947266666666666,4.153616666666666,0.1556583333333333
2022-08-12,-20.959616666666665,13.744358333333334,-7.26595,-13.693666666666665,2.991941666666668,-0.03955000000000019
2022-08-13,-19.838583333333332,13.977833333333335,-6.315425,-13.523158333333333,2.7786083333333322,-0.0022583333333333205
2022-08-14,-18.5081,12.677691666666668,-5.1401916666666665,-13.367908333333332,2.1809999999999996,-0.14066666666666666
2022-08-15,-17.015825,11.870716666666667,-4.459208333333333,-12.556616666666667,0.4523916666666663,-0.9437916666666674
2022-08-16,-20.110566666666667,13.423708333333334,-7.658716666666666,-12.45185,1.387716666666666,-0.4910166666666671
2022-08-17,-21.030724999999997,12.892241666666667,-8.18575,-12.844975,0.902616666666667,-0.36078333333333307
2022-08-18,-15.606883333333332,8.047433333333334,-3.8303166666666666,-11.776566666666668,1.4437416666666658,0.02787500000000019
2022-08-19,-17.560391666666668,9.221241666666668,-4.4902,-13.070191666666668,3.9589833333333364,0.40476666666666655
2022-08-20,-20.585375,11.878166666666665,-5.03325,-15.552125,5.247475000000001,0.4227999999999998
2022-08-21,-21.021966666666668,11.9864,-5.500625,-15.521341666666666,6.7043583333333325,0.042833333333333286
2022-08-22,-19.082641666666667,12.8541,-3.6820416666666667,-15.4006,6.970491666666668,-0.3416666666666664
2022-08-23,-11.686266666666667,13.857716666666667,-0.15770833333333334,-11.528558333333333,3.2122833333333323,-0.042924999999999984
2022-08-24,-12.179158333333334,12.577466666666668,-0.12180833333333334,-12.05735,5.050483333333333,-0.48694166666666666
2022-08-25,-12.3892,12.586483333333334,-0.26339999999999997,-12.1258,3.6642749999999986,-0.4611499999999999
2022-08-26,-12.812616666666667,12.028741666666667,-0.8188583333333334,-11.993758333333334,4.827158333333335,0.13455833333333325
2022-08-27,-15.7012,12.960725,-1.9878666666666667,-13.713333333333335,4.723425000000002,0.2273249999999999
2022-08-28,-13.507483333333333,12.787600000000001,-1.1498666666666666,-12.357616666666667,3.9624833333333322,-0.3573999999999998
2022-08-29,-15.8089,14.858541666666666,-1.702675,-14.106225,4.816624999999997,-0.7509750000000005
2022-08-30,-19.399733333333334,13.604933333333333,-4.331133333333333,-15.0686,5.197975000000003,0.848908333333333
2022-08-31,-19.246958333333332,13.668875,-4.07805,-15.168908333333333,6.134308333333333,1.3579916666666672
2022-09-01,-19.794208333333334,14.437425,-4.316741666666667,-15.477466666666666,6.354049999999996,1.215008333333333
2022-09-02,-21.851766666666666,16.86029166666667,-6.263591666666667,-15.588175,5.333216666666666,1.4183083333333348
2022-09-03,-22.040958333333332,16.684633333333334,-6.462791666666667,-15.578166666666666,3.1860666666666715,1.484183333333334
2022-09-04,-20.634674999999998,16.728775000000002,-5.290233333333334,-15.344441666666668,3.611641666666665,1.3582916666666665
2022-09-05,-15.854141666666667,13.876966666666668,-1.9961833333333334,-13.857958333333334,4.986274999999996,-0.07132499999999992
2022-09-06,-17.711941666666664,16.69429166666667,-2.826075,-14.885866666666667,6.994008333333331,0.08895
2022-09-07,-16.206274999999998,16.215716666666665,-2.526908333333333,-13.679366666666667,5.7956249999999985,0.018925000000000063
2022-09-08,-14.101625,15.645708333333333,-1.214175,-12.887450000000001,4.186008333333332,-0.5062000000000001
2022-09-09,-14.270991666666667,17.129441666666665,-1.6833916666666666,-12.5876,5.226099999999997,-0.34156666666666685
2022-09-10,-15.155191666666667,16.873275000000003,-1.4415250000000002,-13.713666666666667,6.892483333333334,0.30179166666666674
2022-09-11,-17.20508333333333,16.4202,-2.21,-14.995083333333334,7.166366666666664,0.6002749999999997
2022-09-12,-13.953308333333332,15.962674999999999,-1.0987666666666667,-12.854541666666666,4.122733333333335,-1.1878083333333336
2022-09-13,-22.50829166666667,16.154766666666667,-6.9200333333333335,-15.588258333333334,2.5659416666666655,-1.0093499999999995
2022-09-14,-22.391508333333334,16.047591666666666,-6.804266666666666,-15.587241666666667,2.4408833333333333,-1.055241666666667
2022-09-15,-22.48258333333333,16.117,-6.896091666666666,-15.586491666666667,2.1318916666666676,-1.2417499999999992
2022-09-16,-19.621225,17.709333333333333,-4.121524999999999,-15.4997,3.5925250000000015,-1.317841666666665
2022-09-17,-23.653816666666664,17.629808333333333,-8.066383333333333,-15.587433333333333,5.104975000000003,0.47751666666666664
2022-09-18,-21.082558333333335,16.577141666666666,-5.507516666666667,-15.575041666666666,2.657875000000001,0.5229083333333333
2022-09-19,-23.554650000000002,17.738825000000002,-7.966475,-15.588175,3.5529583333333328,1.0887000000000004
2022-09-20,-21.801441666666665,18.465325,-6.224,-15.577441666666667,4.586191666666667,1.171225
2022-09-21,-19.12485,18.326483333333332,-3.5650583333333334,-15.559791666666666,5.599233333333333,0.986441666666667
2022-09-22,-19.626291666666667,17.970983333333333,-4.0381,-15.588191666666667,6.120133333333333,1.0951166666666665
2022-09-23,-21.121125,19.080041666666666,-5.558,-15.563125,4.789225000000002,0.5946666666666666
2022-09-24,-17.718966666666667,18.729816666666665,-2.795491666666667,-14.923475,4.788349999999998,1.156299999999999
2022-09-25,-17.064866666666664,18.845683333333334,-2.109858333333333,-14.955008333333334,5.250000000000002,1.203016666666666
2022-09-26,-19.999508333333335,19.52240833333333,-4.480475,-15.519033333333333,3.8655166666666645,1.4932499999999995
2022-09-27,-19.854825,19.115075,-4.4248,-15.430024999999999,4.368383333333334,1.3677999999999992
2022-09-28,-17.849208333333333,18.113508333333336,-2.6113166666666667,-15.237891666666666,5.0166499999999985,0.9731249999999999
2022-09-29,-22.188275,17.718216666666667,-6.600175,-15.5881,4.649866666666667,0.9155999999999992
2022-09-30,-18.6055,17.304233333333332,-3.01735,-15.588149999999999,1.96775,0.6349833333333332
2022-10-01,-17.684191666666667,17.546,-2.9821,-14.702091666666668,2.604691666666667,1.0208416666666662
2022-10-02,-11.357149999999999,13.858600000000001,-1.2556166666666666,-10.101533333333332,-0.8959749999999996,0.47768333333333324
2022-10-03,-16.492541666666668,15.599058333333332,-2.962425,-13.530116666666666,1.4194,0.6154166666666664
2022-10-04,-18.714,16.84479166666667,-4.398266666666666,-14.315733333333334,0.9644916666666656,0.21418333333333328
2022-10-05,-23.834891666666667,17.416866666666664,-8.246708333333334,-15.588183333333333,2.9361749999999978,0.9860416666666666
2022-10-06,-23.858908333333332,16.341775,-8.272808333333332,-15.5861,4.815174999999999,0.9878333333333338
2022-10-07,-23.758950000000002,15.561858333333333,-8.17275,-15.586200000000002,4.979408333333331,1.2830750000000002
2022-10-08,-23.863591666666668,14.8393,-8.276341666666667,-15.58725,6.599324999999993,1.2690749999999997
2022-10-09,-23.839683333333333,13.904924999999999,-8.2523,-15.587383333333333,7.061658333333336,0.21669999999999995
2022-10-10,-23.891333333333332,15.006833333333335,-8.303008333333333,-15.588325000000001,7.700150000000004,-0.2592
2022-10-11,-23.848033333333333,15.250966666666667,-8.290708333333335,-15.557325,8.107266666666666,-0.14834999999999993
2022-10-12,-23.263058333333333,16.57721666666667,-7.75115,-15.511908333333333,9.002274999999996,-0.1371416666666667
2022-10-13,-23.64828333333333,16.304258333333333,-8.295558333333332,-15.352725,8.295183333333334,-0.2628416666666664
2022-10-14,-21.76996666666667,15.656033333333333,-6.418475,-15.351491666666666,7.101458333333344,0.05760000000000006
2022-10-15,-23.56645,16.003674999999998,-8.240924999999999,-15.325524999999999,5.262966666666668,1.0928749999999998
2022-10-16,-22.847758333333335,15.609466666666668,-7.552741666666667,-15.295016666666667,6.473649999999999,1.1651999999999991
2022-10-17,-22.143366666666665,15.232266666666666,-6.903341666666666,-15.240025,5.941841666666661,0.7552666666666666
2022-10-18,-22.721816666666665,14.908175,-7.335933333333333,-15.385883333333334,4.5567166666666665,0.05460833333333339
2022-10-19,-22.10409166666667,16.652191666666667,-7.025908333333334,-15.078183333333332,4.214475,0.24081666666666665
2022-10-20,-22.538258333333335,17.37529166666667,-7.184875,-15.353383333333333,2.8978083333333324,0.49421666666666664
2022-10-21,-19.078508333333335,16.217741666666665,-3.8038833333333333,-15.274625,2.0921916666666656,-0.2737500000000001
2022-10-22,-23.390658333333334,18.786583333333333,-8.214883333333333,-15.175775,2.3294750000000004,0.9107916666666666
2022-10-23,-23.6756,16.214033333333333,-8.345083333333333,-15.330516666666666,0.6386,0.6049
2022-10-24,-8.872666666666666,9.051200000000001,-0.8859666666666667,-7.9867,-1.9716166666666648,-0.21980833333333324
2022-10-25,-21.295266666666667,16.843966666666667,-6.568641666666666,-14.726625,3.5367083333333342,0.0018500000000000215
2022-10-26,-13.867375,11.076383333333332,-1.193925,-12.67345,0.28997500000000037,-0.31470000000000015
2022-10-27,-17.840333333333334,11.438833333333333,-3.6695,-14.170833333333334,2.1963166666666663,-0.17505000000000015
2022-10-28,-23.567775,14.194141666666667,-8.217983333333333,-15.349791666666667,4.594666666666666,0.2602916666666667
2022-10-29,-23.639933333333335,13.467424999999999,-8.291291666666666,-15.348641666666666,4.205508333333335,1.085883333333334
2022-10-30,-22.227475,13.425,-7.093141666666666,-15.134333333333334,4.378933333333334,0.781608333333333
2022-10-31,-19.859441666666665,11.147758333333334,-5.795216666666667,-14.064225,3.465125000000002,0.278625
2022-11-01,-11.344333333333333,6.401725000000001,-1.5508166666666665,-9.793516666666667,2.0569583333333337,-0.12034999999999997
2022-11-02,-20.315966666666668,10.867808333333333,-5.056916666666667,-15.259049999999998,4.8428249999999995,0.185825
2022-11-03,-23.680075000000002,13.15875,-8.324991666666667,-15.355083333333335,6.160866666666668,0.5080999999999999
2022-11-04,-23.682425,13.092333333333334,-8.328066666666668,-15.354358333333334,5.988383333333331,0.6172999999999997
2022-11-05,-23.380025,12.629783333333332,-8.023616666666667,-15.356408333333333,4.7604166666666625,1.0087166666666665
2022-11-06,-22.31755,12.333633333333333,-7.391216666666666,-14.926333333333334,4.650158333333327,1.2766000000000008
2022-11-07,-14.252816666666668,10.850541666666667,-2.40125,-11.851566666666667,4.095308333333334,0.5057000000000001
2022-11-08,-18.285425,11.989966666666668,-3.8284166666666666,-14.457008333333333,6.3224833333333335,0.6471250000000006
2022-11-09,-21.134733333333333,13.079366666666667,-5.801983333333333,-15.33275,8.25391666666666,0.6717583333333331
2022-11-10,-22.560033333333333,12.1784,-7.209325,-15.350708333333333,9.522350000000001,1.0610416666666667
2022-11-11,-23.687033333333332,13.087725,-8.336616666666666,-15.350416666666666,8.332066666666664,1.2735999999999994
2022-11-12,-23.68275,13.902108333333334,-8.332675,-15.350075,7.700225000000004,1.4060833333333336
2022-11-13,-23.624041666666667,13.098958333333334,-8.272566666666668,-15.351475,7.485666666666666,1.231149999999999
2022-11-14,-21.229033333333334,8.055383333333333,-5.9958833333333335,-15.23315,6.229233333333331,1.0037999999999987
2022-11-15,-21.6922,9.851083333333333,-6.35225,-15.33995,7.798916666666668,1.2475166666666655
2022-11-16,-8.074433333333333,0.4493666666666667,-0.40718333333333334,-7.66725,1.3435916666666667,0.4464083333333332
2022-11-17,-4.885333333333333,-0.5095083333333333,0.06899166666666666,-4.954325,-0.5982083333333336,0.7530000000000001
2022-11-18,1.7070083333333335,-5.080666666666667,0.053233333333333334,1.653775,-0.8377000000000012,0.633283333333333
2022-11-19,-9.028908333333332,1.8424416666666665,-0.1648916666666667,-8.864016666666666,3.581075000000001,0.44081666666666725
2022-11-20,-6.234375,0.44332499999999997,0.05381666666666667,-6.288191666666666,1.5341416666666663,0.34634166666666655
2022-11-21,-8.717516666666667,-1.3177333333333334,-0.4592833333333334,-8.258233333333333,3.624916666666666,-0.25312500000000016
2022-11-22,-8.5281,-1.8217750000000001,0.002191666666666667,-8.530291666666667,3.63165,-0.45280833333333315
2022-11-23,-10.176025,0.13856666666666667,0.0,-10.176025,4.966974999999996,-0.6145083333333329
2022-11-24,-7.500975,2.305358333333333,0.0,-7.500975,4.894174999999999,-0.4520166666666665
2022-11-25,0.507775,-0.203,0.0,0.507775,3.3996583333333334,-0.4898666666666665
2022-11-26,-5.966408333333334,3.2119,0.0,-5.966408333333334,5.161783333333331,-0.38630000000000003
2022-11-27,-7.1406583333333336,4.437475,0.0,-7.1406583333333336,5.5630666666666695,-0.4518166666666668
2022-11-28,-8.923024999999999,4.056508333333333,0.0,-8.923024999999999,2.3030833333333325,0.4350916666666666
2022-11-29,-8.956608333333334,2.9085916666666667,0.0,-8.956608333333334,1.8756416666666655,1.2901666666666667
2022-11-30,-9.822575,3.7420833333333334,0.0,-9.822575,2.237066666666666,0.3327916666666663
2022-12-01,-9.488475000000001,4.242825,0.0,-9.488475000000001,2.9858749999999983,-0.5998333333333332
2022-12-02,-12.655058333333333,3.397325,0.0,-12.655058333333333,4.854791666666671,-0.4729416666666663
2022-12-03,-11.557649999999999,1.6160333333333332,0.0,-11.557649999999999,1.9813583333333329,0.2573000000000001
2022-12-04,-7.344808333333334,0.5093583333333334,0.0,-7.344808333333334,0.40436666666666665,0.17143333333333333
2022-12-05,-14.315966666666666,5.098816666666667,0.0,-14.315966666666666,5.4438916666666675,0.06786666666666666
2022-12-06,-15.184116666666666,7.2278,0.0,-15.184116666666666,6.628891666666662,-0.3466416666666667
2022-12-07,-9.031133333333333,3.9092249999999997,0.0,-9.031133333333333,3.4846833333333342,-0.2063583333333333
2022-12-08,-12.418875,9.144924999999999,0.0,-12.418875,5.784591666666665,0.04737499999999997
2022-12-09,-10.190433333333333,6.803933333333333,-1.2581666666666667,-8.932266666666667,3.143349999999997,0.3836166666666667
2022-12-10,-16.56116666666667,11.217483333333334,-3.981233333333333,-12.579933333333333,4.494741666666667,0.8618416666666666
2022-12-11,-22.50315,9.405883333333334,-7.139808333333334,-15.363341666666667,3.723225,1.0891916666666666
2022-12-12,-22.322599999999998,11.825433333333333,-7.000183333333333,-15.322416666666665,7.823191666666665,0.8457749999999999
2022-12-13,-12.879683333333332,4.815525,-3.550758333333333,-9.328925,3.3899749999999997,0.6532166666666663
2022-12-14,-0.9104249999999999,0.29079166666666667,-0.30221666666666663,-0.6082083333333334,0.3716166666666668,0.05409166666666666
2022-12-15,-17.116575,8.244299999999999,-3.9851916666666667,-13.131383333333334,6.647741666666665,0.24433333333333346
2022-12-16,-19.026266666666665,7.986341666666666,-5.658916666666667,-13.36735,6.09478333333333,0.8202083333333327
2022-12-17,-23.9898,10.543808333333333,-8.391558333333332,-15.598241666666667,6.650724999999997,1.7433333333333336
2022-12-18,-23.416991666666664,11.092033333333333,-7.937425,-15.479566666666667,3.5297333333333327,4.5529166666666665
2022-12-19,-16.340933333333332,7.806941666666667,-4.87485,-11.466083333333334,4.1949833333333295,3.5011583333333376
2022-12-20,-18.640974999999997,8.050158333333334,-4.771666666666667,-13.869308333333333,5.327708333333331,3.203299999999996
2022-12-21,-0.9864416666666668,-0.42698333333333327,-0.31590833333333335,-0.6705333333333333,1.0629166666666667,1.827525
2022-12-22,-14.544825000000001,5.762583333333333,-3.6369416666666665,-10.907883333333332,4.176241666666664,2.801141666666668
2022-12-23,-16.666883333333335,6.779641666666667,-5.237091666666666,-11.429791666666667,5.039141666666667,1.96175
2022-12-24,-20.65195,7.711575,-8.115350000000001,-12.536599999999998,8.46734166666667,0.5827083333333336
2022-12-25,-20.581375,4.692358333333334,-8.044466666666667,-12.536908333333333,7.31728333333333,0.45559166666666706
2022-12-26,-18.164916666666667,1.5946583333333333,-6.245208333333333,-11.919708333333334,6.461683333333331,0.1584833333333333
2022-12-27,-13.403791666666667,0.23954166666666665,-3.6221,-9.781691666666667,5.180841666666662,-0.4391166666666668
2022-12-28,-6.136783333333334,-2.5319333333333334,-3.8965666666666667,-2.2402166666666665,0.8552666666666682,-0.6912666666666664
2022-12-29,-19.343175,5.326175,-6.141166666666667,-13.202008333333334,5.351358333333332,-0.30809999999999954
2022-12-30,-21.17695,5.241791666666667,-5.9551083333333334,-15.221841666666666,6.663599999999997,0.11294166666666662
2022-12-31,-20.889733333333332,6.9996833333333335,-5.867091666666666,-15.022641666666667,7.257116666666665,-0.23126666666666656
2023-01-01,-18.652083333333334,4.400641666666666,-4.298825,-14.353258333333333,5.655475000000004,-0.46576666666666644
2023-01-02,-10.438799999999999,2.58975,-2.2066,-8.2322,4.554574999999999,-0.5611416666666671
2023-01-03,-6.798616666666667,0.9073,-1.0748416666666667,-5.723775,2.285283333333333,-0.34269166666666684
2023-01-04,-16.3329,3.205616666666667,-3.057383333333333,-13.275516666666666,4.5968333333333335,0.01896666666666668
2023-01-05,-11.083058333333332,0.05566666666666666,-1.4288416666666668,-9.654216666666667,2.9426749999999986,0.009708333333333478
2023-01-06,-16.077825,0.766675,-3.5853916666666668,-12.492433333333333,2.6803583333333343,-0.16353333333333334
2023-01-07,-23.554883333333336,5.7059750000000005,-7.960141666666666,-15.594741666666668,4.7950583333333325,-0.008391666666666648
2023-01-08,-23.395349999999997,5.36975,-7.801399999999999,-15.593950000000001,5.081100000000002,0.2272083333333332
2023-01-09,-23.777075,8.542391666666667,-8.18325,-15.593825,6.427008333333332,-0.09683333333333326
2023-01-10,-21.78215,7.57535,-6.470149999999999,-15.312,7.424341666666662,-0.14203333333333337
2023-01-11,-19.422825,5.407108333333333,-5.1283666666666665,-14.294458333333335,6.082316666666669,0.26399166666666674
2023-01-12,-20.487233333333332,6.2970500000000005,-5.7658249999999995,-14.721408333333333,6.249758333333331,0.26100833333333334
2023-01-13,-16.860458333333334,4.273541666666667,-4.266333333333333,-12.594125,4.057150000000002,0.05876666666666667
2023-01-14,-4.752425000000001,-1.7487750000000002,-1.1914,-3.561025,0.5670249999999992,0.3689999999999998
2023-01-15,-8.082241666666667,0.019008333333333332,-1.7447333333333332,-6.337508333333333,2.3982583333333354,0.23790000000000008
2023-01-16,-18.404391666666665,5.143166666666667,-4.025275,-14.379116666666667,6.970266666666668,0.44495833333333346
2023-01-17,-19.303675,3.5371666666666663,-4.866875,-14.4368,6.311441666666669,-0.05588333333333332
2023-01-18,-21.273233333333334,4.885666666666667,-6.698766666666667,-14.574466666666668,7.17970833333333,0.04715833333333331
2023-01-19,-18.363275,4.552708333333333,-3.7983416666666665,-14.564933333333332,5.845300000000002,0.24731666666666635
2023-01-20,-24.003616666666666,9.485808333333333,-8.415233333333333,-15.588383333333333,7.253866666666664,0.1538500000000001
2023-01-21,-17.257975,1.3139,-3.6895666666666664,-13.568408333333332,2.536800000000001,0.4339416666666669
2023-01-22,-23.819158333333334,4.0305,-8.235425,-15.583733333333333,5.109466666666665,0.6998083333333333
2023-01-23,-24.018325,5.5573999999999995,-8.416808333333332,-15.601516666666667,7.624550000000002,0.1202083333333335
2023-01-24,-20.226383333333334,3.3219000000000003,-5.598316666666666,-14.628066666666667,8.424375000000007,0.5992750000000002
2023-01-25,-23.408416666666668,6.840075,-7.810783333333334,-15.597633333333333,8.24593333333333,0.526333333333333
2023-01-26,-23.141875,5.968975,-7.676375,-15.4655,6.600958333333337,0.49431666666666696
2023-01-27,-20.990058333333334,4.490091666666666,-5.847458333333333,-15.1426,5.548324999999997,0.4885166666666667
2023-01-28,-23.003191666666666,5.054141666666666,-7.412649999999999,-15.590541666666667,5.256450000000002,0.8804000000000003
2023-01-29,-17.91979166666667,1.8647666666666667,-3.8701916666666665,-14.0496,3.6284750000000003,0.5367666666666661
2023-01-30,-18.097908333333333,1.0756416666666666,-3.646925,-14.450983333333333,5.355833333333331,0.4318916666666665
2023-01-31,-18.016016666666665,0.6635916666666667,-3.2016750000000003,-14.814341666666667,5.40813333333333,0.21171666666666686
2023-02-01,-15.425716666666666,-1.0503833333333334,-2.3714333333333335,-13.054283333333332,2.5063166666666676,0.12104999999999996
2023-02-02,-21.695766666666668,2.8140500000000004,-6.294641666666666,-15.401125,6.149383333333334,0.8521416666666659
2023-02-03,-22.825633333333336,3.128258333333333,-7.453075,-15.372558333333332,9.700225,-0.7161583333333336
2023-02-04,-21.24729166666667,7.162375,-5.659075,-15.588216666666668,8.258574999999997,-0.7339750000000004
2023-02-05,-22.830975,6.649633333333333,-7.242100000000001,-15.588875,9.717541666666662,-0.34444166666666653
2023-02-06,-20.96290833333333,2.9746750000000004,-6.234216666666666,-14.728691666666668,8.69294166666666,0.9873083333333345
2023-02-07,-22.860599999999998,4.796941666666666,-7.385683333333334,-15.474916666666665,8.785774999999996,0.8734416666666669
2023-02-08,-22.442233333333334,5.350608333333334,-6.853925,-15.588308333333332,8.286508333333337,1.0441333333333334
2023-02-09,-23.077483333333333,5.077208333333333,-7.4717666666666664,-15.605716666666668,6.911875000000002,1.2107833333333327
2023-02-10,-22.0917,3.979141666666667,-6.578533333333334,-15.513166666666667,6.811575000000002,0.7725583333333336
2023-02-11,-21.80495,2.2800083333333334,-6.207616666666667,-15.597333333333333,5.026108333333331,1.0453749999999997
2023-02-12,-23.852966666666667,5.189666666666667,-8.255083333333333,-15.597883333333334,4.796583333333333,1.1250916666666657
2023-02-13,-23.69695833333333,8.826775,-8.101225000000001,-15.595733333333333,6.198483333333332,1.5498499999999986
2023-02-14,-20.649691666666666,7.720691666666666,-5.510975,-15.138716666666667,7.064283333333337,1.6144833333333342
2023-02-15,-21.17695,6.005733333333334,-5.944708333333333,-15.232241666666667,5.805041666666662,1.395833333333333
2023-02-16,-23.910416666666666,7.4878833333333334,-8.353033333333332,-15.557383333333334,5.246591666666665,0.7269999999999994
2023-02-17,-23.096558333333334,7.723333333333333,-7.693408333333334,-15.40315,5.15033333333333,0.7573333333333335
2023-02-18,-18.965541666666667,4.309083333333333,-4.5268999999999995,-14.438641666666667,2.6675416666666663,0.7296083333333334
2023-02-19,-18.6062,4.150375,-3.9394333333333336,-14.666766666666666,3.47151666666667,0.9012333333333331
2023-02-20,-20.8726,3.9980333333333333,-6.174225000000001,-14.698375,4.060583333333334,0.5548249999999997
2023-02-21,-12.285858333333334,-2.04855,-1.4730916666666667,-10.812766666666667,2.678666666666667,0.1231083333333333
2023-02-22,-17.89745,1.2958916666666667,-4.5069333333333335,-13.390516666666667,6.541566666666665,0.40410833333333346
2023-02-23,-22.57015,5.734041666666667,-7.27885,-15.2913,7.749483333333337,0.869216666666667
2023-02-24,-22.087216666666666,6.8583,-6.566541666666667,-15.520674999999999,6.958716666666659,0.8799666666666665
2023-02-25,-21.714983333333333,7.050883333333333,-6.360341666666666,-15.354641666666666,6.014408333333331,0.5131333333333333
2023-02-26,-17.54478333333333,4.342091666666667,-4.138041666666667,-13.406741666666667,5.96675,0.46753333333333347
2023-02-27,-23.437091666666667,6.667658333333334,-7.937866666666666,-15.499225000000001,8.676566666666663,0.7485999999999996
2023-02-28,-23.835716666666666,8.444041666666665,-8.336291666666666,-15.499424999999999,8.032491666666663,1.9008833333333317
2023-03-01,-23.409041666666667,8.995233333333333,-7.91035,-15.498691666666668,6.126958333333335,3.9827
2023-03-02,-23.702483333333333,10.603758333333333,-8.204541666666666,-15.497941666666668,6.779716666666661,4.048416666666666
2023-03-03,-20.814483333333335,7.510416666666667,-5.445533333333334,-15.36895,5.299024999999999,3.3886916666666664
2023-03-04,-15.848725,5.793983333333333,-3.32345,-12.525274999999999,3.309575000000001,2.449291666666667
2023-03-05,-11.247133333333334,2.3129583333333334,-1.3348416666666667,-9.912291666666667,2.092833333333334,1.9391916666666666
2023-03-06,-12.188166666666666,0.8496583333333333,-1.5316333333333334,-10.656533333333332,2.091383333333332,1.5710583333333321
2023-03-07,-6.635933333333333,-1.9332333333333334,-0.8497,-5.786233333333334,-0.20184166666666561,0.6676999999999997
2023-03-08,-15.166966666666667,1.5524833333333334,-2.412908333333333,-12.754058333333333,4.091949999999998,1.935608333333333
2023-03-09,-17.10585,4.206075,-5.116983333333334,-11.988866666666667,2.84025,2.1751416666666668
2023-03-10,-18.260175,5.735691666666667,-3.9301666666666666,-14.330008333333334,3.160016666666668,2.679541666666666
2023-03-11,-11.472933333333332,0.7044,-1.319,-10.153933333333333,0.5547916666666662,2.4537166666666685
2023-03-12,-13.564350000000001,2.7843416666666667,-2.2645500000000003,-11.2998,0.9168500000000004,3.453750000000002
2023-03-13,-15.502775,4.126991666666667,-3.617525,-11.88525,-0.48755833333333354,4.307550000000003
2023-03-14,-7.722475,1.7292833333333333,-1.50935,-6.213125,-1.6327000000000005,3.8410250000000015
2023-03-15,-18.051075,7.763875,-4.381916666666667,-13.669158333333332,-1.2385499999999992,5.901533333333336
2023-03-16,-22.20658333333333,7.691716666666666,-6.6216333333333335,-15.584950000000001,1.2749666666666668,5.4559166666666625
2023-03-17,-22.3835,6.357966666666666,-6.9077,-15.4758,0.391625,5.382708333333334
2023-03-18,-22.871791666666667,6.479233333333333,-7.287808333333333,-15.583983333333334,1.0306999999999997,5.362675
2023-03-19,-22.04671666666667,4.091691666666667,-6.4635,-15.583216666666667,-0.5151833333333334,4.807200000000003
2023-03-20,-22.53983333333333,2.95485,-6.955683333333333,-15.58415,2.0234416666666686,4.172774999999998
2023-03-21,-23.456958333333333,5.162291666666667,-8.0532,-15.403758333333332,1.4835583333333338,4.229683333333332
2023-03-22,-13.763924999999999,0.182225,-1.9644249999999999,-11.7995,-0.479683333333333,1.9955499999999993
2023-03-23,-14.731549999999999,2.4048333333333334,-2.4174499999999997,-12.3141,1.0234083333333335,0.5247916666666665
2023-03-24,-7.889024999999999,0.1178916666666667,-0.6972833333333333,-7.191741666666667,-3.3668666666666667,0.0
2023-03-25,-6.708774999999999,1.27295,-0.7989666666666667,-5.909808333333333,-3.575316666666666,0.0
2023-03-26,-15.3605,4.22085,-3.0528166666666667,-12.307683333333333,-1.5374166666666664,0.0
2023-03-27,-21.29896666666667,4.134716666666666,-5.714675000000001,-15.584291666666665,1.2231666666666667,0.8937333333333337
2023-03-28,-22.675974999999998,3.7439166666666663,-7.090533333333334,-15.585441666666668,-0.08194166666666655,4.006733333333335
2023-03-29,-20.0469,4.344225000000001,-4.945033333333334,-15.101866666666666,-0.6473083333333329,3.9787250000000003
2023-03-30,-19.25645,3.007258333333333,-4.717233333333334,-14.539216666666666,-2.2781833333333332,3.2393166666666677
2023-03-31,-21.499491666666664,4.145833333333333,-6.8411583333333335,-14.658333333333333,-0.8657333333333336,4.0700666666666665
2023-04-01,-13.415741666666667,1.7570583333333334,-1.2938416666666668,-12.1219,-2.329583333333333,3.0140250000000015
2023-04-02,-6.812733333333334,0.025166666666666667,-0.5249416666666668,-6.287791666666667,-3.3950583333333353,2.1368166666666664
2023-04-03,-9.874358333333333,0.42185833333333334,-1.3294249999999999,-8.544933333333333,-2.409808333333332,2.159208333333332
2023-04-04,-16.943841666666668,2.3578166666666664,-3.5856999999999997,-13.358141666666667,-0.024833333333332874,3.2441083333333345
2023-04-05,-21.625791666666668,2.9483,-6.6638,-14.961991666666666,1.2495499999999995,3.8714666666666684
2023-04-06,-20.745741666666664,3.506525,-5.158858333333334,-15.586883333333333,0.8068999999999996,3.4343416666666657
2023-04-07,-12.830758333333334,2.508516666666667,-1.6553083333333334,-11.175450000000001,-0.8447416666666665,3.2943333333333342
2023-04-08,-8.348908333333332,0.42840833333333334,-0.84115,-7.507758333333333,-3.196491666666669,2.899950000000002
2023-04-09,-8.744933333333332,0.8813583333333334,-0.8428166666666668,-7.902116666666667,-3.0855333333333346,2.9104666666666654
2023-04-10,-5.415816666666666,-3.179266666666667,-0.19479166666666667,-5.221025,-4.898699999999998,2.270008333333334
2023-04-11,-10.8355,-0.7183333333333334,-2.5650999999999997,-8.2704,-2.978208333333333,2.6261583333333327
2023-04-12,-12.399408333333334,0.31210000000000004,-2.0282750000000003,-10.371133333333333,-1.1250500000000019,2.9089749999999985
2023-04-13,-19.720058333333334,4.8843000000000005,-4.890608333333334,-14.829450000000001,2.3829916666666646,2.035333333333331
2023-04-14,-15.911458333333334,6.998258333333333,-2.711116666666667,-13.200341666666667,0.12481666666666683,1.1582583333333336
2023-04-15,-8.407683333333333,3.118116666666667,-0.9886916666666667,-7.418991666666667,-2.3108333333333344,0.6197416666666666
2023-04-16,-9.832208333333334,2.812008333333333,-1.2764166666666668,-8.555791666666666,-1.190191666666667,0.6166166666666667
2023-04-17,-9.600125,3.3767833333333335,-0.1582333333333333,-9.441891666666667,-2.598100000000001,0.5477833333333335
2023-04-18,-8.685274999999999,0.060516666666666656,0.0,-8.685274999999999,-1.6742416666666664,2.5189166666666662
2023-04-19,-4.9805166666666665,-1.1294666666666666,0.0,-4.9805166666666665,-3.1273083333333327,2.4368749999999997
2023-04-21,-10.978549999999998,0.740525,-1.169075,-9.809475,0.5011166666666668,1.9185083333333335
2023-04-22,-3.9428,-2.8044499999999997,-0.5496166666666666,-3.3931833333333334,-1.456058333333334,1.3343083333333339
2023-04-23,-2.04395,-2.9470666666666667,-0.028408333333333334,-2.0155416666666666,-1.4870749999999995,1.4554833333333337
2023-04-24,-8.594766666666667,-0.024633333333333333,0.17815833333333334,-8.772924999999999,-0.9744666666666666,1.7491666666666672
2023-04-25,-14.377533333333332,4.139883333333334,0.0,-14.377533333333332,1.256675,1.9185083333333335
2023-04-26,-13.838708333333335,3.2734916666666667,0.0,-13.838708333333335,0.878725,1.645483333333333
2023-04-27,-13.874799999999999,3.316008333333333,0.0,-13.874799999999999,0.37075,1.5756583333333334
2023-04-28,-13.5924,4.922483333333334,0.0,-13.5924,0.4323999999999999,1.6272333333333338
2023-04-29,-13.051466666666666,5.186491666666667,-0.49740833333333334,-12.554058333333332,0.32202500000000006,2.040766666666667
2023-04-30,-13.046975,5.037808333333333,-2.2585666666666664,-10.788408333333333,-0.13678333333333342,2.144716666666667
2023-05-01,-13.146241666666667,6.283425,-2.3112916666666665,-10.834950000000001,-0.9646833333333331,2.2446999999999995
2023-05-02,-12.961716666666668,6.654375,-3.3426750000000003,-9.619041666666666,-0.6346416666666663,1.8786583333333349
2023-05-03,-18.958875,9.791683333333333,-3.5600416666666663,-15.398833333333334,0.44045000000000023,2.0508750000000004
2023-05-04,-21.020633333333336,10.496966666666667,-5.863341666666666,-15.157291666666666,1.4397333333333335,2.226366666666667
2023-05-05,-19.322883333333333,7.0658666666666665,-4.2158,-15.107083333333334,0.7738666666666669,1.9539916666666661
2023-05-06,-18.140983333333335,6.493583333333333,-3.2451,-14.895883333333334,1.6193583333333337,2.0901416666666663
2023-05-07,-17.849091666666666,7.24895,-4.724858333333334,-13.124233333333333,2.5695583333333336,2.1907249999999996
2023-05-10,-23.63266666666667,13.509716666666668,-8.046633333333332,-15.586033333333333,-0.25751666666666645,2.086641666666668
2023-05-11,-22.134608333333333,12.341216666666668,-6.56,-15.574608333333334,0.7751583333333328,1.5904750000000005
2023-05-12,-21.506349999999998,12.804975,-6.25815,-15.2482,0.7673499999999999,1.9510416666666677
2023-05-13,-21.528883333333336,12.559641666666666,-5.971016666666666,-15.557866666666667,1.716691666666666,3.0333999999999985
2023-05-14,-21.569158333333334,11.2866,-6.146658333333334,-15.4225,1.6558333333333313,2.9955500000000006
2023-05-17,-23.0427,8.671191666666667,-7.700208333333333,-15.342491666666668,5.339866666666667,3.1878416666666674
2023-05-18,-22.877275,7.875675,-7.536058333333333,-15.341216666666668,5.81444166666667,3.098108333333333
2023-05-19,-23.106866666666665,7.4132,-7.7658000000000005,-15.341066666666668,5.8779333333333375,2.9851416666666672
2023-05-20,-22.180225,6.764358333333334,-6.838691666666667,-15.341533333333333,7.3804666666666625,2.7754666666666665
2023-05-21,-20.67203333333333,5.970808333333333,-6.659666666666667,-14.012366666666667,6.658133333333333,2.439241666666667
2023-05-22,-23.591491666666666,6.753183333333333,-8.000491666666667,-15.591,6.497099999999997,2.6745333333333337
2023-05-23,-23.950966666666666,7.644550000000001,-8.361316666666667,-15.589649999999999,6.292133333333331,2.6644250000000005
2023-05-24,-23.721358333333335,8.16935,-8.185875,-15.535483333333334,5.660333333333332,2.691125
2023-05-25,-23.839916666666667,9.260024999999999,-8.250958333333333,-15.588958333333334,4.49853333333333,2.5803583333333333
2023-05-26,-23.594816666666667,9.674308333333332,-8.004708333333333,-15.590108333333333,5.0434833333333335,2.6859416666666673
2023-05-27,-23.497241666666664,10.717783333333333,-7.9062,-15.591041666666666,5.219249999999998,2.995741666666666
2023-05-28,-20.420633333333335,10.967066666666668,-5.994975,-14.425658333333333,2.7108166666666658,3.5387916666666674
2023-05-29,-22.858349999999998,8.116533333333333,-7.275941666666666,-15.582408333333333,5.5866750000000005,0.9149
2023-05-30,-22.195475,8.565175,-6.613075,-15.5824,6.352041666666665,0.0
2023-05-31,-21.976125,9.430774999999999,-6.418475,-15.557649999999999,7.138766666666666,0.0
2023-06-01,-23.833491666666664,12.003641666666667,-8.241875,-15.591616666666667,7.277083333333326,0.0
2023-06-02,-23.770858333333333,11.16065,-8.179658333333334,-15.5912,7.036350000000002,0.0
2023-06-03,-22.279491666666665,9.998175,-6.8126999999999995,-15.466791666666666,6.587325,0.0
2023-06-04,-19.303475,8.403816666666668,-6.018175,-13.2853,5.2993500000000004,0.3708
2023-06-05,-10.424375,4.179208333333333,-8.303541666666666,-2.1208333333333336,2.3891583333333326,2.1272916666666672
2023-06-06,-8.358891666666667,2.432025,-8.358891666666667,0.0,1.1017500000000005,2.519675000000001
2023-06-07,-8.337966666666667,2.757225,-8.337966666666667,0.0,1.5326749999999996,2.544383333333336
2023-06-08,-8.35605,3.0260749999999996,-8.35605,0.0,1.5914416666666678,1.9054916666666666
2023-06-09,-8.307091666666667,1.811075,-8.307091666666667,0.0,3.3945416666666666,1.6762833333333331
2023-06-10,-7.251991666666667,1.9042416666666666,-7.251991666666667,0.0,2.700958333333334,1.516424999999999
2023-06-11,-8.103375,2.4842916666666666,-8.103375,0.0,2.8575666666666666,1.5039583333333333
2023-06-12,-8.3436,3.2952583333333334,-8.3436,0.0,2.074325,1.129766666666667
2023-06-13,-8.263658333333332,3.5798666666666668,-8.263658333333332,0.0,1.9379083333333327,1.1242583333333327
2023-06-14,-8.315641666666666,5.409275,-8.315641666666666,0.0,0.6583500000000002,0.6662500000000002
2023-06-15,-9.473233333333333,6.443691666666667,-8.072166666666668,-1.4010666666666667,1.0198833333333333,0.6184416666666667
2023-06-16,-21.920691666666666,10.743049999999998,-6.337866666666667,-15.582825000000001,5.659749999999998,1.7171916666666667
2023-06-17,-22.27545,10.505441666666668,-6.6932833333333335,-15.582166666666666,3.332983333333331,2.348958333333334
2023-06-18,-23.265241666666665,11.832658333333333,-7.684033333333334,-15.581208333333334,3.628225000000002,2.6129333333333347
2023-06-19,-22.601275,10.406258333333334,-7.020566666666666,-15.580708333333334,2.7834833333333346,2.414874999999998
2023-06-20,-21.948983333333334,8.503166666666665,-6.513525,-15.435458333333333,2.9088000000000003,2.4178666666666664
2023-06-21,-22.724400000000003,9.784358333333333,-7.418641666666667,-15.305758333333333,2.426691666666667,2.0205333333333333
2023-06-23,-20.278258333333333,10.241308333333333,-5.386416666666667,-14.891841666666668,3.224749999999998,2.0278833333333326
2023-06-24,-18.843441666666667,8.996508333333333,-5.3870249999999995,-13.456416666666666,4.341449999999997,2.166591666666666
2023-06-25,-17.8382,6.7256,-3.6942833333333334,-14.143916666666666,2.46845,1.5894333333333333
2023-06-26,-23.721358333333335,6.855566666666666,-8.138216666666667,-15.583141666666666,4.265366666666666,2.3003499999999995
2023-06-27,-23.88446666666667,8.8211,-8.301675,-15.582791666666665,6.267541666666672,2.523858333333334
2023-06-28,-21.816466666666667,8.475583333333335,-6.239133333333333,-15.577333333333334,5.317074999999998,2.3269166666666656
2023-06-29,-20.378391666666666,8.798791666666666,-5.136291666666667,-15.2421,4.18315,2.0183333333333353
2023-06-30,-22.299400000000002,8.879633333333333,-6.7187166666666664,-15.580683333333333,5.443058333333337,2.165191666666667
2023-07-01,-21.324625,10.042933333333332,-6.134191666666666,-15.190433333333333,5.901799999999998,2.1325749999999983
2023-07-02,-20.525616666666664,7.346133333333333,-5.107141666666666,-15.418475,3.523958333333333,1.9100000000000004
2023-07-03,-19.276841666666666,7.8882666666666665,-4.5232833333333335,-14.753558333333332,2.846649999999999,2.127133333333334
2023-07-04,-21.852616666666666,11.138325,-6.423008333333334,-15.429608333333334,3.5197083333333303,2.017691666666667
2023-07-05,-21.910841666666666,12.963325000000001,-6.3297,-15.581141666666666,3.5420749999999988,1.8637333333333332
2023-07-06,-23.46858333333333,12.646925,-7.8638,-15.604783333333334,2.5566083333333327,1.6861916666666668
2023-07-07,-20.760233333333332,13.395833333333334,-5.144991666666667,-15.615241666666666,1.6714916666666673,0.5307000000000001
2023-07-08,-21.353825,15.2499,-6.114691666666666,-15.239133333333333,1.9483750000000009,0.0
2023-07-09,-20.433825000000002,14.204641666666667,-5.482475,-14.95135,1.2099583333333335,0.0
2023-07-10,-22.682391666666668,14.674125,-7.099491666666667,-15.5829,2.405458333333333,0.0
2023-07-11,-23.450008333333336,12.997941666666668,-7.866866666666667,-15.583141666666666,4.409741666666667,0.0
2023-07-12,-23.823875,11.242733333333334,-8.242799999999999,-15.581075,3.5390166666666656,0.0
2023-07-13,-23.890241666666665,8.418533333333333,-8.30675,-15.583491666666667,5.322424999999997,0.0
2023-07-14,-23.830516666666668,9.659825000000001,-8.247375,-15.583141666666666,4.488758333333338,0.0
2023-07-15,-19.607241666666663,9.0269,-4.90955,-14.697691666666667,2.998974999999997,0.0
2023-07-16,-20.679916666666667,9.246741666666667,-5.099324999999999,-15.580591666666667,3.6893000000000025,0.0
2023-07-17,-22.61095,9.522525,-7.028583333333333,-15.582366666666667,4.8299166666666675,0.0
2023-07-18,-23.754533333333335,8.798241666666668,-8.172466666666667,-15.582066666666668,5.382450000000002,0.6469083333333331
2023-07-19,-23.409891666666667,7.408341666666666,-7.8276916666666665,-15.5822,4.893333333333332,2.2847500000000003
2023-07-20,-23.450033333333334,7.9461916666666665,-7.868433333333334,-15.5816,5.3811916666666635,1.3674166666666678
2023-07-21,-22.615041666666666,9.927616666666667,-7.032850000000001,-15.582191666666667,3.8471833333333323,0.9168166666666668
2023-07-22,-23.393266666666666,10.934558333333332,-7.810675,-15.582591666666668,4.413275,1.1491083333333336
2023-07-23,-20.312383333333337,8.864141666666667,-5.985041666666667,-14.327341666666667,2.7443500000000003,0.7428333333333332
2023-07-24,-23.929041666666667,11.998441666666668,-8.346158333333333,-15.582883333333333,2.475741666666667,0.8469333333333331
2023-07-25,-23.926675,10.998191666666667,-8.344,-15.582675,1.5524916666666657,0.6355583333333332
2023-07-26,-23.953658333333333,10.581316666666668,-8.3719,-15.581758333333333,3.771650000000001,1.09855
2023-07-27,-23.871991666666666,10.658775,-8.28885,-15.583141666666666,4.067691666666668,1.066066666666666
2023-07-28,-23.928875,9.667183333333332,-8.345466666666667,-15.583408333333333,5.139958333333334,1.2242666666666666
2023-07-29,-23.604333333333333,11.022341666666668,-8.021275,-15.583058333333332,5.30545833333333,1.368291666666667
2023-07-30,-23.365299999999998,10.001508333333334,-7.782291666666667,-15.583008333333334,3.9203500000000004,1.038325
2023-07-31,-23.643133333333335,8.740008333333334,-8.060216666666665,-15.582916666666666,3.024299999999999,0.9943999999999997
2023-08-01,-23.002808333333334,10.0445,-7.419625,-15.583183333333332,2.4316916666666657,0.6914166666666668
2023-08-02,-23.711716666666668,9.358875,-8.13,-15.581716666666667,2.3382500000000017,1.1023583333333327
2023-08-03,-23.760266666666666,8.426308333333333,-8.178833333333333,-15.581433333333333,2.4228833333333313,1.238308333333333
2023-08-04,-23.6955,11.453658333333333,-8.113725,-15.581775,2.491175,1.5269166666666665
2023-08-05,-23.579691666666665,12.489908333333332,-7.9973833333333335,-15.582308333333332,1.5387749999999987,1.3375249999999992
2023-08-06,-23.40685,12.221533333333333,-7.824441666666667,-15.582408333333333,1.9749583333333331,1.4593999999999994
2023-08-07,-23.776733333333333,11.532200000000001,-8.197091666666667,-15.579641666666667,1.815774999999999,1.0093666666666667
2023-08-08,-23.230516666666666,11.876991666666667,-7.651933333333333,-15.578583333333334,-0.45220833333333305,1.2190333333333334
2023-08-09,-23.88458333333333,12.052291666666665,-8.358758333333332,-15.525825000000001,-0.20567500000000047,1.3137499999999998
2023-08-10,-16.914483333333333,7.5842583333333335,-1.4079666666666666,-15.506516666666666,-1.2320750000000005,0.6029999999999999
2023-08-11,-17.856858333333335,7.465166666666667,-2.4126999999999996,-15.444158333333332,0.11323333333333334,0.8214499999999995
2023-08-12,-23.208766666666666,11.71825,-7.628558333333333,-15.580208333333333,3.8582083333333346,1.6511999999999993
2023-08-13,-21.469974999999998,11.053,-6.38725,-15.082725,3.767825000000001,1.583283333333333
2023-08-14,-20.450166666666668,10.521441666666668,-5.9215333333333335,-14.528633333333334,2.221474999999998,0.5302250000000003
2023-08-15,-20.615875,11.387766666666666,-5.2034666666666665,-15.412408333333333,2.3839666666666672,0.5134083333333329
2023-08-16,-21.282183333333336,11.55405,-5.6275,-15.654683333333333,1.2609333333333332,0.1643583333333333
2023-08-17,-21.350266666666666,11.477883333333333,-5.693975,-15.656291666666666,0.8931416666666653,-0.5363583333333336
2023-08-18,-13.537825000000002,7.917391666666666,-2.5623,-10.975525,-3.204908333333336,-0.6649583333333337
2023-08-19,-19.945275000000002,10.511116666666666,-4.613766666666667,-15.331508333333334,-1.843574999999999,-0.11960833333333329
2023-08-20,-16.983183333333333,8.956233333333333,-3.4853916666666667,-13.497791666666666,-2.161216666666666,-0.20322499999999977
2023-08-21,2.6684666666666668,-2.3986666666666667,2.369508333333333,0.2989583333333334,-4.158800000000001,0.6847333333333333
2023-08-22,3.0812250000000003,-3.018641666666667,2.5814749999999997,0.49975,-4.248249999999997,0.9235083333333328
2023-08-23,-3.14725,-1.9585333333333332,-0.4819833333333334,-2.6652666666666667,-2.8518250000000025,1.2258916666666655
2023-08-24,-6.011116666666667,-0.4785166666666667,-0.19494999999999996,-5.816166666666667,-2.9174666666666687,1.1613666666666667
2023-08-25,-13.175066666666668,1.6970999999999998,-3.4116166666666667,-9.76345,1.4716166666666681,1.7021666666666655
2023-08-26,-20.619799999999998,11.255841666666667,-5.229375,-15.390424999999999,1.9743916666666663,0.6333250000000001
2023-08-27,-22.717283333333334,11.667916666666667,-7.134633333333333,-15.58265,3.1414166666666654,1.278266666666667
2023-08-28,-18.62845833333333,7.538858333333334,-4.795466666666666,-13.832991666666667,4.441716666666666,1.9576166666666657
2023-08-29,-23.243516666666668,10.214916666666666,-7.66035,-15.583166666666665,7.2664083333333345,2.0268583333333323
2023-08-30,-15.647816666666667,4.252775,-4.191458333333333,-11.456358333333334,2.172099999999999,1.2450833333333338
2023-08-31,-20.023725,6.0551,-5.577483333333333,-14.446241666666667,5.115266666666668,1.6443666666666676
2023-09-01,-13.821725,4.537175,-3.7169416666666666,-10.104783333333334,1.705325,1.4044833333333342
2023-09-02,-18.24983333333333,8.487033333333333,-4.3841833333333335,-13.86565,1.9487249999999996,1.0943000000000003
2023-09-03,-21.944308333333336,11.694683333333332,-6.679116666666666,-15.265191666666668,4.153225000000003,1.5370083333333329
2023-09-04,-23.676683333333333,10.411316666666668,-8.093466666666666,-15.583216666666667,5.1105,1.6630249999999989
2023-09-05,-23.209225,10.0833,-7.6265583333333336,-15.582666666666666,5.268966666666664,1.2408583333333336
2023-09-06,-23.429475,11.235441666666668,-7.846016666666666,-15.583458333333335,5.446225,1.3571916666666657
2023-09-07,-22.945974999999997,10.392833333333334,-7.361350000000001,-15.584625,5.486091666666665,1.3070833333333332
2023-09-08,-21.573275000000002,8.804358333333333,-6.165375,-15.4079,3.5487166666666696,0.8230666666666664
2023-09-09,-23.93420833333333,10.527891666666667,-8.349691666666667,-15.584516666666666,4.93945,1.6325916666666658
2023-09-10,-23.620816666666666,10.898558333333332,-8.037708333333333,-15.583108333333334,5.9394000000000045,1.723133333333334
2023-09-11,-16.522841666666668,8.503125,-4.93995,-11.582891666666667,3.466308333333335,1.1827583333333338
2023-09-12,-23.356333333333332,10.508516666666667,-7.773166666666667,-15.583166666666665,5.249350000000001,1.5338166666666668
2023-09-13,-21.858725,8.951333333333334,-6.331008333333333,-15.527716666666667,3.0449583333333345,1.7907166666666652
2023-09-14,-23.196375,8.805091666666668,-7.679983333333333,-15.516391666666667,4.917191666666667,2.5398666666666694
2023-09-15,-18.013041666666666,6.34905,-4.266841666666666,-13.7462,2.6951166666666646,2.006250000000001
2023-09-16,-22.811833333333333,11.066575,-7.2272,-15.584633333333333,4.691958333333334,2.4025916666666673
2023-09-17,-23.911916666666666,9.367716666666666,-8.327341666666667,-15.584575000000001,4.463099999999998,2.4511333333333334
2023-09-18,-23.344150000000003,9.674766666666667,-7.759391666666667,-15.584758333333333,3.086641666666667,2.6566333333333323
2023-09-19,-23.956308333333336,9.760741666666666,-8.371983333333334,-15.584325000000002,3.458033333333335,2.393458333333334
2023-09-20,-23.797266666666665,9.784016666666666,-8.213708333333335,-15.583558333333333,3.748775,2.399599999999999
2023-09-21,-23.690583333333333,9.772433333333332,-8.107641666666666,-15.582941666666667,3.5121833333333354,2.7607500000000003
2023-09-22,-21.804650000000002,10.812008333333333,-6.276316666666666,-15.528333333333334,3.0808000000000004,2.4387916666666665
2023-09-23,-23.560483333333334,10.529316666666668,-8.304041666666667,-15.256441666666667,1.9347749999999988,2.095741666666666
2023-09-24,-22.514658333333333,9.291491666666667,-7.420458333333333,-15.0942,3.1424083333333317,3.027366666666668
2023-09-25,-23.407616666666666,10.22265,-8.301166666666665,-15.10645,2.2949666666666664,3.592699999999998
2023-09-26,-23.508200000000002,8.956741666666666,-8.3542,-15.154,2.7117666666666644,4.365908333333329
2023-09-27,-23.4405,7.306933333333333,-8.261733333333334,-15.178766666666666,2.6705666666666654,3.9892666666666656
2023-09-28,-23.173383333333334,7.633033333333334,-8.172783333333333,-15.0006,1.9916166666666661,2.9694166666666644
2023-09-29,-23.225625,9.213674999999999,-8.252166666666666,-14.973458333333333,2.0106916666666685,3.0253
2023-09-30,-22.189608333333332,7.069633333333333,-6.958316666666667,-15.231291666666666,4.42405833333333,3.1198666666666686
2023-10-01,-21.580558333333336,7.746391666666667,-6.389983333333333,-15.190575,3.2366416666666638,2.6638583333333354
2023-10-02,-17.496375,3.3305,-3.803983333333333,-13.692391666666666,-0.20879166666666651,2.745983333333335
2023-10-03,-20.8697,4.215216666666667,-5.677133333333333,-15.192566666666668,-0.10277499999999964,2.474758333333334
2023-10-04,-20.855825,4.825408333333334,-6.055833333333333,-14.799991666666667,0.21463333333333326,2.747641666666668
2023-10-05,-22.848566666666667,5.457375,-7.733358333333333,-15.115208333333333,-0.5149916666666674,2.463866666666667
2023-10-06,-21.9015,8.446950000000001,-7.342866666666667,-14.558633333333333,-0.9501500000000004,2.2851583333333343
2023-10-07,-20.496466666666667,7.704133333333333,-6.292866666666667,-14.2036,0.21921666666666653,1.9744583333333348
2023-10-08,-22.823349999999998,8.988125,-7.594283333333334,-15.229066666666668,1.6702750000000004,1.774058333333334
2023-10-09,-23.475316666666664,8.371883333333333,-8.242625,-15.232691666666668,0.6439000000000001,1.63075
2023-10-10,-21.895675,9.744866666666667,-7.5078000000000005,-14.387875,0.12161666666666657,1.875691666666667
2023-10-11,-23.592283333333334,9.746783333333333,-8.3608,-15.231483333333333,0.48328333333333356,1.9407000000000019
2023-10-12,-23.610425,8.740233333333334,-8.37945,-15.230975,1.8386166666666663,2.4068000000000014
2023-10-13,-22.599408333333333,8.195441666666667,-8.242541666666666,-14.356866666666667,1.656841666666666,2.244333333333333
2023-10-14,-23.074516666666668,6.908283333333333,-8.375016666666667,-14.6995,3.075508333333333,2.0243666666666655
2023-10-15,-22.146633333333334,6.584025,-8.392333333333333,-13.754299999999999,1.7890666666666657,1.6417999999999993
2023-10-16,-23.444908333333334,6.950725,-8.387691666666667,-15.057216666666667,2.530208333333335,2.2619833333333315
2023-10-17,-16.778883333333336,4.125533333333334,-3.5044416666666667,-13.274441666666668,1.9143749999999995,1.9900166666666665
2023-10-18,-23.077108333333335,6.933050000000001,-8.140891666666667,-14.936216666666667,3.7891083333333353,2.178
2023-10-19,-23.466808333333333,6.194633333333333,-8.232066666666668,-15.234741666666666,4.143358333333333,0.5357833333333335
2023-10-20,-23.236858333333334,9.384475,-8.283133333333334,-14.953725,2.6307,0.0
2023-10-21,-23.5849,9.341541666666666,-8.348083333333333,-15.236816666666668,4.915966666666665,0.0
2023-10-22,-23.463925,6.795491666666667,-8.344558333333332,-15.119366666666666,2.922766666666667,0.0
2023-10-23,-23.388233333333332,8.014225,-8.251483333333333,-15.13675,3.9000000000000004,0.0
2023-10-24,-23.588575000000002,9.019158333333333,-8.355016666666666,-15.233558333333333,3.3426249999999995,0.0
2023-10-25,-23.2721,9.271391666666666,-8.035658333333334,-15.236441666666668,4.2118,0.0
2023-10-26,-23.5299,7.9383333333333335,-8.281583333333334,-15.248316666666668,3.629408333333334,0.6524333333333333
2023-10-27,-23.577316666666665,8.472325000000001,-8.352183333333333,-15.225133333333334,2.397474999999999,1.878958333333333
2023-10-28,-23.263841666666668,7.184758333333333,-8.116091666666666,-15.14775,3.3581500000000015,2.2167333333333326
2023-10-29,-22.638408333333334,5.482183333333333,-7.5896333333333335,-15.048775,3.6974,2.002158333333335
2023-10-30,-18.212833333333332,2.185516666666667,-5.222541666666667,-12.990291666666666,0.33385833333333303,1.950183333333334
2023-10-31,-22.893441666666664,7.132575,-7.6567,-15.236741666666667,3.6434666666666695,2.461624999999999
2023-11-01,-16.11799166666667,5.226583333333333,-7.915941666666667,-8.20205,-0.016166666666666767,1.9250333333333327
2023-11-02,-21.972633333333334,4.7269250000000005,-6.8133083333333335,-15.159325,-0.3165583333333335,1.747916666666668
2023-11-03,-20.395366666666664,5.212983333333334,-6.1727,-14.222666666666665,-0.7677749999999992,2.0297750000000017
2023-11-04,-23.1535,7.834958333333333,-7.916316666666667,-15.237183333333332,0.51005,1.845966666666666
2023-11-05,-23.082883333333335,7.458708333333333,-7.873458333333333,-15.209425,-1.827024999999999,2.098491666666664
2023-11-06,-22.7528,6.9575249999999995,-7.516866666666667,-15.235933333333332,-1.019616666666667,1.7043583333333334
2023-11-07,-21.682133333333336,9.293591666666668,-6.446166666666667,-15.235966666666668,1.3614583333333332,1.8111583333333354
2023-11-08,-22.583766666666666,12.299083333333334,-7.347375,-15.236391666666666,0.28060833333333335,1.4142666666666663
2023-11-09,-20.61845,8.337416666666666,-5.381925,-15.236525,0.82755,1.7493749999999995
2023-11-10,-23.422616666666666,10.127525,-8.185966666666666,-15.23665,3.1429916666666613,2.1612000000000013
2023-11-11,-23.470233333333333,10.803966666666668,-8.310341666666668,-15.159891666666667,2.8624916666666667,2.2467249999999996
2023-11-12,-23.344433333333335,9.024316666666667,-8.108566666666666,-15.235866666666666,5.647875,2.06285
2023-11-13,-22.811841666666666,7.741983333333334,-7.589691666666667,-15.22215,3.2898666666666663,1.5855666666666661
2023-11-14,-19.638941666666664,4.5058,-5.0632166666666665,-14.575725,1.1567416666666661,1.443233333333333
2023-11-15,-16.337508333333332,2.7962583333333333,-3.119991666666667,-13.217516666666667,-0.8306416666666666,2.4451333333333354
2023-11-16,-18.591183333333333,2.1898416666666667,-3.873991666666667,-14.717191666666668,1.050041666666667,2.6729166666666675
2023-11-17,-23.416349999999998,4.725141666666667,-8.213325000000001,-15.203025,3.097116666666667,3.0475416666666657
2023-11-18,-22.515683333333335,4.598675,-7.794216666666666,-14.721466666666668,3.3090999999999986,3.4396333333333318
2023-11-19,-19.840508333333336,3.9504,-5.381558333333333,-14.458950000000002,2.270683333333332,3.12755833333333
2023-11-20,-3.2609666666666666,-4.309383333333333,-1.1505583333333333,-2.1104083333333334,-2.6210583333333335,2.0043666666666664
2023-11-21,1.5558583333333333,-5.088208333333333,0.47002499999999997,1.0858333333333332,-3.203191666666666,1.723408333333333
2023-11-22,-23.054341666666666,4.460441666666666,-7.8131916666666665,-15.24115,0.9193416666666666,3.3648916666666646
2023-11-23,-16.096883333333334,0.9615499999999999,-3.2253833333333333,-12.8715,-2.520866666666666,2.6339083333333333
2023-11-24,-22.47565,2.887741666666667,-7.255566666666667,-15.220083333333333,0.5564583333333336,3.0573416666666686
2023-11-25,-21.550816666666666,3.91195,-6.981741666666667,-14.569075000000002,-0.15292500000000003,3.0749166666666636
2023-11-26,-19.314341666666667,1.3611666666666666,-4.844108333333334,-14.470233333333333,-0.10740833333333308,2.4851333333333354
2023-11-27,-23.05559166666667,6.22625,-8.012883333333333,-15.042708333333334,4.8793333333333315,2.0588583333333337
2023-11-28,-23.636125,4.729841666666666,-8.396125,-15.24,2.81775,1.6378583333333325
2023-11-29,-22.62020833333333,5.9601999999999995,-7.4187666666666665,-15.201441666666668,4.213749999999999,1.6559166666666665
2023-11-30,-22.262391666666666,8.069233333333333,-7.049125,-15.213266666666666,5.179516666666669,1.8176999999999994
2023-12-01,-23.540533333333332,6.980241666666667,-8.300783333333333,-15.23975,4.652775,1.6580083333333342
2023-12-02,-21.209983333333334,4.012066666666667,-6.195491666666666,-15.014491666666666,2.558416666666666,1.7912916666666663
2023-12-03,-17.355366666666665,3.5999666666666665,-3.6616833333333334,-13.693683333333333,2.0489249999999997,1.636308333333334
2023-12-04,-11.437341666666667,1.4462666666666666,-1.230625,-10.206716666666667,0.9250416666666668,0.44049166666666645
2023-12-05,-12.979633333333334,2.566641666666667,-1.6245416666666668,-11.355091666666667,1.5502250000000006,0.4552416666666665
2023-12-06,-21.494683333333334,6.060883333333333,-6.252266666666666,-15.242416666666665,5.415841666666666,0.68845
2023-12-07,-23.1437,5.149508333333333,-7.900716666666666,-15.242983333333333,5.034991666666667,0.8522249999999999
2023-12-08,-23.439691666666665,5.0474499999999995,-8.196783333333332,-15.242908333333332,5.524449999999998,0.7530250000000004
2023-12-09,-22.120783333333332,5.680441666666667,-6.8773583333333335,-15.243424999999998,5.203683333333332,1.1592916666666666
2023-12-10,-19.923991666666666,5.796024999999999,-5.7587166666666665,-14.165275,4.353616666666669,1.0842916666666662
2023-12-11,-11.9973,0.9406833333333333,-2.190725,-9.806575,0.6827499999999999,0.22926666666666656
2023-12-12,-13.92175,3.133408333333333,-2.1183333333333336,-11.803416666666665,2.386383333333334,0.4872500000000001
2023-12-13,-19.483716666666666,6.603925,-5.190925,-14.292791666666666,3.5548333333333337,1.0388916666666665
2023-12-14,-12.097533333333333,1.9587,-1.7982583333333335,-10.299275,0.21966666666666648,0.717516666666667
2023-12-15,-7.956808333333333,-0.33876666666666666,-1.32525,-6.631558333333333,-1.398141666666667,0.8473999999999995
2023-12-16,-21.696708333333333,6.935716666666666,-6.458566666666667,-15.238141666666666,3.880400000000002,2.166716666666667
2023-12-17,-20.507908333333333,5.9376750000000005,-5.363883333333333,-15.144025,4.576999999999996,2.3033416666666673
2023-12-18,-20.656608333333335,4.1145249999999995,-5.720333333333333,-14.936275,5.839633333333333,2.314275000000002
2023-12-19,-20.23065,4.360325,-5.393,-14.83765,5.580383333333333,2.4401
2023-12-20,-15.487233333333334,2.126908333333333,-3.6534166666666663,-11.833816666666667,2.8064666666666676,1.802058333333334
2023-12-21,-12.053066666666668,-1.25155,-1.8840833333333333,-10.168983333333333,0.2785250000000004,1.8443083333333332
2023-12-22,-14.479566666666667,-0.34507499999999997,-2.206891666666667,-12.272675,1.8042666666666658,1.8743333333333319
2023-12-23,-13.939566666666668,-2.6729833333333333,-3.2182833333333334,-10.721283333333332,-0.5377666666666665,1.8869083333333343
2023-12-24,-9.847991666666667,-4.372316666666666,-2.0701750000000003,-7.777816666666666,-1.5334749999999995,1.7337000000000005
2023-12-25,3.91795,-13.260266666666666,0.94255,2.9754,-7.074983333333332,1.1867333333333334
2023-12-26,-4.280716666666666,-9.184875,-0.616325,-3.664391666666667,-3.5756666666666628,1.2161416666666671
2023-12-27,-9.4628,-5.847600000000001,-1.3753333333333333,-8.087466666666666,-1.3813083333333318,1.656658333333333
2023-12-28,-5.8038083333333335,-7.876641666666666,-0.8060166666666666,-4.997791666666667,-3.5481,1.3756333333333342
2023-12-29,-0.58085,-10.455108333333333,0.6069249999999999,-1.187775,-5.927225000000005,1.1999166666666665
2023-12-30,-6.189283333333334,-6.143075,-0.6376083333333333,-5.551675,-3.284758333333332,1.4499749999999998
2023-12-31,-6.2428333333333335,-8.473275,-0.22158333333333335,-6.02125,-2.714041666666665,1.748175000000001
2024-01-01,3.4382916666666663,-14.432450000000001,0.5592999999999999,2.878991666666667,-6.821108333333328,1.4964666666666666
2024-01-02,12.053433333333333,-17.6268,1.2754,10.778033333333333,-7.541700000000001,1.146349999999999
2024-01-03,9.984816666666667,-18.09854166666667,0.48105000000000003,9.503766666666666,-6.856016666666664,1.0978499999999998
2024-01-04,11.929666666666666,-13.889299999999999,1.8219,10.107766666666667,-4.140716666666664,0.47989166666666644
2024-01-05,13.608891666666667,-14.616983333333334,1.5664583333333333,12.042433333333333,-3.964158333333336,0.6905749999999997
2024-01-06,14.651108333333333,-15.267058333333333,1.6252666666666666,13.025841666666667,-4.054125000000004,0.7012750000000002
2024-01-07,-14.385391666666667,-2.5550416666666664,-3.7916333333333334,-10.593758333333334,4.7140499999999985,1.468525
2024-01-08,-20.506383333333336,0.64665,-5.738175,-14.768208333333334,5.853074999999997,1.9625499999999987
2024-01-09,-23.671650000000003,5.75935,-8.084075,-15.587575000000001,7.290441666666668,2.550208333333335
2024-01-10,-23.738599999999998,7.107933333333333,-8.152183333333333,-15.586416666666667,8.591808333333335,2.0948666666666664
2024-01-11,-12.132316666666668,0.690375,-3.100875,-9.031441666666668,3.2620083333333314,1.5476916666666671
2024-01-12,-3.6075749999999998,-5.806408333333334,-0.862625,-2.74495,-1.0584333333333333,1.1544500000000009
2024-01-13,-19.886616666666665,1.522375,-6.058841666666666,-13.827774999999999,4.603841666666666,2.8160583333333316
2024-01-14,-14.036058333333333,-1.8729666666666667,-2.2130666666666667,-11.822991666666667,2.695091666666666,2.245616666666668
2024-01-15,0.8106083333333334,-10.797049999999999,0.7864916666666667,0.024116666666666668,-2.442625,1.1614750000000007
2024-01-16,5.703916666666667,-9.717733333333333,1.8571083333333334,3.8468083333333336,-1.5606166666666672,0.8728166666666664
2024-01-17,-5.231199999999999,-7.202908333333334,-1.212275,-4.018925,2.3139,1.3718416666666666
2024-01-18,-18.31795,-0.38115,-4.891091666666666,-13.426858333333334,8.200875000000002,2.248375
2024-01-19,-9.852408333333333,-5.861316666666666,-1.2312333333333334,-8.621175,3.729200000000003,1.81475
2024-01-20,-10.829566666666668,-6.962608333333334,-2.3971999999999998,-8.432366666666667,-0.9068000000000003,2.0565333333333338
2024-01-21,-22.731641666666665,1.9896166666666666,-7.139516666666666,-15.592125,3.7942166666666686,2.594708333333333
2024-01-22,-23.515741666666663,3.2975250000000003,-7.966941666666667,-15.5488,4.884950000000005,2.484441666666665
2024-01-23,-20.659283333333335,1.1504166666666666,-5.380483333333333,-15.278799999999999,3.4044833333333346,2.4321166666666683
2024-01-24,-5.632266666666666,-6.971100000000001,-0.1564833333333333,-5.475783333333334,-4.189941666666668,1.295875
2024-01-25,-8.281983333333333,-5.514233333333333,-0.3396666666666667,-7.942316666666667,-2.221233333333333,1.7656750000000014
2024-01-26,-6.337633333333333,-7.095791666666667,-6.337975,0.0003416666666666667,-3.664866666666666,2.0993083333333344
2024-01-27,-8.275091666666667,-4.0432,-8.275091666666667,0.0,-4.202816666666669,2.3549499999999997
2024-01-28,-8.391950000000001,-1.918375,-8.391950000000001,0.0,-3.227016666666668,2.7139916666666677
2024-01-29,-8.184925,-2.9741666666666666,-8.184925,0.0,-1.7880833333333328,3.4577750000000016
2024-01-30,-8.293841666666665,-5.949033333333333,-8.293841666666665,0.0,-3.222949999999998,3.503833333333334
2024-01-31,-8.299925,-4.653375,-8.299925,0.0,-1.5075750000000008,2.7129000000000003
2024-02-01,-8.325933333333332,-6.013183333333333,-8.325933333333332,0.0,0.33978333333333355,2.8479500000000018
2024-02-02,-8.255133333333333,-5.549691666666667,-8.255133333333333,0.0,-1.3826416666666663,2.632675
2024-02-03,-8.33915,-5.321483333333334,-8.33915,0.0,-3.117133333333337,2.2551000000000028
2024-02-04,-7.816783333333333,-3.9119583333333336,-7.816783333333333,0.0,-2.334833333333334,2.7013916666666677
2024-02-05,-5.836825,-7.710341666666666,-5.836925,0.00010000000000000002,-3.7304749999999998,2.0687333333333338
2024-02-06,3.362966666666667,-14.749508333333333,3.362966666666667,0.0,-4.487183333333335,1.4898583333333333
2024-02-07,5.5411166666666665,-15.880958333333334,5.5411166666666665,0.0,-5.3577,0.8906666666666665
2024-02-08,-0.4973666666666667,-12.554675,-0.4973666666666667,0.0,-1.3840333333333332,1.3903166666666666
2024-02-09,7.270225,-15.946716666666667,7.270225,0.0,-3.5725249999999966,0.8006249999999998
2024-02-10,5.395566666666666,-13.421916666666666,5.395566666666666,0.0,-4.755116666666667,1.0394000000000003
2024-02-11,-6.036183333333334,-6.305541666666667,-6.036183333333334,0.0,-0.6610083333333333,1.4221666666666672
2024-02-12,-7.003049999999999,-5.99745,-7.003049999999999,0.0,-0.2070916666666668,1.780083333333333
2024-02-13,-8.413691666666667,-5.861758333333333,-8.413691666666667,0.0,0.20775,2.2087416666666675
2024-02-14,-8.379758333333333,-6.869441666666667,-8.379758333333333,0.0,-1.4350250000000038,1.7900166666666673
2024-02-15,-7.131116666666667,-6.070491666666666,-7.131116666666667,0.0,-2.065325000000002,2.2652916666666676
2024-02-16,-6.2572833333333335,-2.9095583333333335,-6.2572833333333335,0.0,-2.9651666666666707,2.153225000000001
2024-02-17,-7.316491666666667,-1.5178916666666666,-7.316491666666667,0.0,-3.395258333333332,3.3938666666666664
2024-02-18,-7.459366666666667,-3.6191833333333334,-7.459366666666667,0.0,-4.309141666666668,3.553458333333334
2024-02-19,-6.176324999999999,-6.1020666666666665,-6.176324999999999,0.0,-2.8407666666666653,3.4164750000000015
2024-02-20,-6.789316666666666,-4.131708333333333,-6.789316666666666,0.0,-1.5329249999999994,3.0222416666666647
2024-02-21,-8.225083333333334,-5.755208333333333,-8.225083333333334,0.0,-0.46069166666666755,3.2242833333333345
2024-02-22,-8.040883333333333,-7.242850000000001,-8.040883333333333,0.0,-1.4984083333333331,2.656808333333332
2024-02-23,-8.092649999999999,-5.0130083333333335,-8.092649999999999,0.0,0.6770000000000003,2.7025833333333344
2024-02-24,-7.8175083333333335,-6.436266666666667,-7.8175083333333335,0.0,1.502766666666667,2.9436166666666645
2024-02-25,-6.394916666666667,-8.001758333333333,-6.394916666666667,0.0,3.029041666666665,3.2153749999999994
2024-02-26,-8.069483333333334,-7.578191666666666,-8.069483333333334,0.0,1.161258333333334,2.207008333333335
2024-02-27,-5.449875,-8.711625,-5.449875,0.0,-0.5364916666666666,2.1410000000000013
2024-02-28,-7.666633333333333,-9.432933333333333,-7.666633333333333,0.0,0.9278500000000003,3.2128416666666686
2024-02-29,-8.203825,-10.53785,-8.203825,0.0,0.3947999999999999,3.3751666666666686
2024-03-01,-5.299616666666667,-11.187875,-5.299616666666667,0.0,-0.45455833333333334,3.0928833333333343
2024-03-02,2.4951333333333334,-12.3497,2.4951333333333334,0.0,-3.1057666666666655,2.426483333333336
2024-03-03,8.747091666666668,-13.954808333333332,8.747091666666668,0.0,-4.394116666666668,2.4873166666666675
2024-03-04,6.91005,-14.530683333333332,6.91005,0.0,-4.15646666666667,2.125708333333334
2024-03-05,7.276141666666667,-13.832325,7.276141666666667,0.0,-4.313725000000002,2.2211500000000015
2024-03-06,5.197525,-12.830875,5.197525,0.0,-5.646225,2.526041666666667
2024-03-07,2.4300416666666664,-13.391791666666666,2.4300416666666664,0.0,-5.444891666666666,2.6326583333333344
2024-03-08,-2.3028833333333334,-12.592208333333334,-2.3028833333333334,0.0,-4.434391666666668,2.4161000000000006
2024-03-09,0.18385833333333332,-12.446991666666667,0.18385833333333332,0.0,-3.7304833333333316,2.748208333333333
2024-03-10,3.2556833333333333,-10.776308333333333,3.2556833333333333,0.0,-4.224600000000002,2.332133333333334
2024-03-11,3.6709916666666667,-13.260891666666666,3.6709916666666667,0.0,-4.236683333333334,2.6348416666666665
2024-03-12,-7.438716666666666,-5.7347,-7.438716666666666,0.0,0.675308333333333,3.456666666666666
2024-03-13,-7.783600000000001,-7.2815916666666665,-7.783600000000001,0.0,-1.2364500000000003,2.9986166666666665
2024-03-14,-8.106991666666667,-3.507125,-8.106991666666667,0.0,0.6323833333333334,3.439975000000003
2024-03-15,-7.493225000000001,-3.0077166666666666,-7.493225000000001,0.0,-0.6026916666666667,2.9690833333333324
2024-03-16,-6.512733333333333,-2.8535333333333335,-6.512733333333333,0.0,-0.9850999999999992,3.080700000000002
2024-03-17,-6.398091666666666,-2.6832833333333332,-6.398091666666666,0.0,-1.8789083333333323,2.8647750000000016
2024-03-18,-8.356183333333332,-5.741233333333334,-8.356183333333332,0.0,-2.758733333333335,2.5809416666666665
2024-03-19,-8.407774999999999,-3.7211583333333333,-8.407774999999999,0.0,-2.860833333333333,3.401741666666664
2024-03-20,-7.832075,-5.861416666666667,-7.832075,0.0,-1.4223333333333332,3.72155
2024-03-21,-5.812925,-6.693408333333334,-5.812925,0.0,-2.7555416666666663,3.3156250000000016
2024-03-22,-7.6883333333333335,-4.932575,-7.6883333333333335,0.0,-1.921341666666665,3.7209666666666665
2024-03-23,-4.143166666666667,-6.903283333333333,-4.143166666666667,0.0,-0.22559166666666636,2.794316666666668
2024-03-24,-3.746966666666667,-9.122200000000001,-3.746966666666667,0.0,-0.9373749999999988,2.022800000000002
2024-03-25,-5.732608333333333,-6.1634166666666665,-5.732608333333333,0.0,3.4623499999999985,0.6143833333333335
2024-03-26,0.20906666666666665,-9.050708333333334,0.20906666666666665,0.0,2.087249999999999,0.0
2024-03-27,-3.1567916666666664,-4.695600000000001,-3.1567916666666664,0.0,3.204941666666668,0.3642500000000001
2024-03-28,-1.77405,-5.8126750000000005,-1.77405,0.0,0.9497749999999999,1.8692833333333339
2024-03-29,-6.543191666666667,-5.353825,-6.543191666666667,0.0,0.4323416666666664,2.427408333333334
2024-03-30,-4.4376999999999995,-4.88975,-4.4376999999999995,0.0,-2.5974083333333335,2.4106333333333354
2024-03-31,-0.8954416666666668,-5.067783333333334,-0.8954416666666668,0.0,-1.2519916666666655,1.8023749999999998
2024-04-01,-5.253066666666666,-5.470475,-5.253066666666666,0.0,0.0729916666666667,2.206691666666667
2024-04-02,-5.740441666666666,-3.7543333333333333,-5.740441666666666,0.0,-0.892841666666666,1.7504833333333336
2024-04-03,-8.000591666666667,-4.497091666666666,-8.000591666666667,0.0,0.24303333333333327,1.918616666666666
2024-04-04,-2.936941666666667,-7.3007,-2.936941666666667,0.0,-2.1954583333333337,1.9796499999999988
2024-04-05,-6.11735,-6.158733333333333,-6.11735,0.0,-2.3798666666666666,2.0347333333333326
2024-04-06,-1.4358416666666667,-8.347033333333332,-1.4358416666666667,0.0,-5.479674999999999,2.8079333333333323
2024-04-07,-7.886566666666667,-1.9573916666666666,-7.886566666666667,0.0,-2.4060166666666682,2.6981083333333316
2024-04-08,-7.173408333333334,-2.244325,-7.173408333333334,0.0,-1.2501666666666666,2.6281666666666665
2024-04-09,-2.2311833333333335,-7.396216666666667,-2.2311833333333335,0.0,-4.054208333333329,2.9526250000000003
2024-04-10,-7.143983333333334,-1.6889583333333333,-7.143983333333334,0.0,-2.099091666666666,2.9834000000000014
2024-04-11,-5.5808,-0.5065500000000001,-5.5808,0.0,-2.894950000000001,2.5994916666666645
2024-04-12,-2.0515416666666666,-4.63495,-2.0515416666666666,0.0,-5.255433333333334,2.547658333333332
2024-04-13,-4.70425,-3.3200583333333333,-4.70425,0.0,-6.494033333333337,2.1199166666666693
2024-04-14,2.1181916666666667,-7.4116,2.1181916666666667,0.0,-9.703575000000006,1.7681916666666682
2024-04-15,-6.673541666666667,-2.647391666666667,-6.673541666666667,0.0,-4.851966666666662,2.5833916666666656
2024-04-16,-6.820091666666666,-3.2526333333333333,-6.820091666666666,0.0,-4.902216666666664,2.1124500000000017
2024-04-17,-7.926183333333333,-1.8688166666666666,-7.926183333333333,0.0,-2.929775,1.8672750000000005
2024-04-18,-4.810641666666666,-3.4124166666666667,-4.810641666666666,0.0,-4.229208333333332,1.4928083333333346
2024-04-19,-7.916858333333334,-3.6889166666666666,-7.916858333333334,0.0,-2.290583333333334,1.7191083333333328
2024-04-20,-8.394174999999999,-5.751216666666666,-8.394174999999999,0.0,-0.21777499999999989,2.5283249999999997
2024-04-21,-4.7059750000000005,-3.0677083333333335,-4.7059750000000005,0.0,-0.3416833333333332,2.476658333333333
2024-04-22,-8.171783333333334,-1.7477833333333332,-8.171783333333334,0.0,-1.3494999999999997,1.7640416666666667
2024-04-23,-7.156,-2.885016666666667,-7.156,0.0,-3.4364083333333344,1.5775666666666657
2024-04-24,-7.787641666666667,-1.8580666666666665,-7.787641666666667,0.0,-1.8204583333333335,2.303241666666667
2024-04-25,-6.596425,-4.6227833333333335,-6.596425,0.0,-2.6809999999999996,1.9741750000000005
2024-04-26,-3.197983333333333,-4.296591666666666,-3.197983333333333,0.0,-3.7417416666666665,1.9689333333333334
2024-04-27,-1.1179000000000001,-4.070316666666667,-1.1179000000000001,0.0,-2.5825166666666655,2.323758333333332
2024-04-28,7.5273,-7.8632,7.5273,0.0,-5.791616666666667,2.123733333333335
2024-04-29,-2.9081083333333333,-1.1917666666666666,-2.9081083333333333,0.0,-1.5512416666666684,2.4821500000000003
2024-04-30,1.9060583333333334,-6.250475000000001,1.9060583333333334,0.0,-4.559616666666667,2.376791666666667
2024-05-01,7.521925,-7.653941666666666,7.521925,0.0,-6.154041666666665,2.208525000000001
2024-05-02,7.829375,-9.380708333333335,7.829375,0.0,-6.928333333333343,2.168583333333333
2024-05-03,2.933383333333333,-6.749483333333334,2.933383333333333,0.0,-4.5065,2.379833333333334
2024-05-04,-5.359133333333333,1.529675,-5.359133333333333,0.0,-0.9725916666666667,2.5152750000000004
2024-05-05,-1.6908416666666668,-1.340575,-1.6908416666666668,0.0,-2.836458333333334,2.3031333333333306
2024-05-06,-6.324608333333334,2.3049583333333334,-6.324608333333334,0.0,-1.6072166666666672,2.0987500000000003
2024-05-07,-6.328191666666666,2.0862083333333334,-6.328191666666666,0.0,-3.086241666666668,2.0190083333333337
2024-05-08,3.2762916666666664,-2.3515,3.2762916666666664,0.0,-6.2828833333333325,1.7209583333333354
2024-05-09,-6.967758333333333,0.5896083333333334,-6.967758333333333,0.0,-3.1482333333333328,1.911924999999999
2024-05-10,-8.239191666666667,1.2093,-8.239191666666667,0.0,-1.591625000000001,2.2235583333333326
2024-05-11,-4.1399,1.67725,-4.1399,0.0,-1.203716666666667,2.8259083333333326
2024-05-12,-1.9365,-0.356225,-1.9365,0.0,-4.096091666666667,2.175808333333332
2024-05-13,-0.34727499999999994,-0.6965333333333333,-0.34727499999999994,0.0,-7.618958333333333,1.861175
2024-05-14,-6.118258333333333,1.1873083333333334,-6.118258333333333,0.0,-5.21485,2.933766666666667
2024-05-15,-8.021775,3.6251666666666664,-8.021775,0.0,-4.694658333333339,2.926174999999999
2024-05-16,-1.8181583333333333,0.48675,-1.8181583333333333,0.0,-4.874841666666665,2.7365083333333313
2024-05-17,-5.190591666666666,2.0831916666666666,-5.190591666666666,0.0,-3.653516666666667,3.0677583333333325
2024-05-18,-8.365358333333333,5.421525,-8.365358333333333,0.0,-2.398508333333333,3.046366666666666
2024-05-19,-8.2165,4.491391666666666,-8.2165,0.0,-2.2295916666666673,2.881566666666666
2024-05-20,-7.442691666666667,3.3054666666666668,-7.442691666666667,0.0,-1.7225000000000004,2.7655083333333335
2024-05-21,-8.159041666666667,3.794975,-8.159041666666667,0.0,-0.8705916666666665,3.176241666666669
2024-05-22,-7.1472,3.9764250000000003,-7.1472,0.0,-0.3266000000000002,1.4768499999999987
2024-05-23,-7.747616666666667,5.294108333333334,-7.747616666666667,0.0,0.08539166666666673,0.5699583333333333
2024-05-24,-8.285066666666667,5.794366666666667,-8.285066666666667,0.0,0.00567500000000014,0.4961666666666669
2024-05-25,-7.863016666666667,4.697625,-7.863016666666667,0.0,-0.021358333333333274,0.6598416666666664
2024-05-26,-6.997516666666667,2.9279583333333337,-6.997516666666667,0.0,-0.3835833333333332,0.7690333333333331
2024-05-27,-8.322683333333332,2.8954916666666666,-8.322683333333332,0.0,-0.6964583333333334,0.4933249999999998
2024-05-28,-8.386741666666667,3.8633,-8.386741666666667,0.0,-0.8499249999999994,0.2645000000000003
2024-05-29,-7.149066666666666,4.181075,-7.149066666666666,0.0,-1.8706916666666666,-0.04939999999999997
2024-05-30,-6.458483333333334,2.7788083333333335,-6.458483333333334,0.0,-1.8340999999999998,0.7145583333333337
2024-05-31,-4.9524,0.580025,-4.9524,0.0,-2.1266749999999996,2.0462666666666665
2024-06-01,-8.007516666666666,2.23235,-8.007516666666666,0.0,-1.0376166666666664,2.3199249999999987
2024-06-02,-5.678175,0.4085666666666667,-5.678175,0.0,-1.3302583333333324,2.2122416666666664
2024-06-03,-0.5879416666666667,-4.767941666666666,-0.5879416666666667,0.0,-0.38362500000000005,1.308091666666666
2024-06-04,-7.148,0.810725,-7.148,0.0,1.196933333333333,1.1670583333333338
2024-06-05,-7.929525,1.8894166666666667,-7.929525,0.0,0.6226000000000003,1.1762583333333334
2024-06-06,-6.939241666666667,0.42539166666666667,-6.939241666666667,0.0,-0.41819166666666685,1.5796249999999992
2024-06-07,-7.585941666666667,2.240016666666667,-7.585941666666667,0.0,-0.7881166666666656,1.8023500000000008
2024-06-08,-4.654083333333333,-0.5479833333333334,-4.654083333333333,0.0,-1.6079750000000006,2.5061499999999994
2024-06-09,-6.425433333333333,1.157375,-6.425433333333333,0.0,-0.8196166666666664,2.390475
2024-06-10,-8.203358333333334,4.053383333333334,-8.203358333333334,0.0,0.5330833333333336,2.3259166666666653
2024-06-11,-7.39245,1.827325,-7.39245,0.0,-1.773375,2.1222749999999992
2024-06-12,-2.7560749999999996,-1.3177583333333334,-2.7560749999999996,0.0,-3.6233500000000003,1.7780250000000002
2024-06-13,-1.7480666666666667,0.467,-1.7480666666666667,0.0,-4.060958333333333,1.5676916666666656
2024-06-14,-7.498125,3.2855250000000003,-7.498125,0.0,-3.87205,1.7230833333333329
2024-06-15,-4.560783333333334,2.468108333333333,-4.560783333333334,0.0,-3.6485333333333347,2.173191666666667
2024-06-16,-6.440125,4.5630749999999995,-6.440125,0.0,-2.6116249999999996,2.09535
2024-06-17,-6.845783333333333,2.843008333333333,-6.845783333333333,0.0,-3.7861666666666656,0.981108333333333
2024-06-18,-7.092208333333333,5.450675,-7.092208333333333,0.0,-3.4728416666666675,1.4505833333333333
2024-06-19,-8.297358333333333,3.8977916666666665,-8.297358333333333,0.0,-3.834675000000002,1.3558666666666663
2024-06-20,-7.759625,7.7140249999999995,-7.759625,0.0,-1.2419249999999995,2.0903666666666663
2024-06-21,-8.379141666666666,6.689891666666666,-8.379141666666666,0.0,-1.1231499999999992,1.7662166666666663
2024-06-22,-7.7652833333333335,6.2846,-7.7652833333333335,0.0,-1.6865500000000004,2.229816666666667
2024-06-23,-7.258208333333333,6.1150166666666665,-7.258208333333333,0.0,-2.1426083333333326,1.8099499999999995
2024-06-24,-8.345341666666668,7.7876916666666665,-8.345341666666668,0.0,-1.7560916666666677,1.9766999999999995
2024-06-25,-8.13165,5.549533333333334,-8.13165,0.0,-1.3981333333333326,1.7191416666666672
2024-06-26,-8.375216666666667,5.607958333333333,-8.375216666666667,0.0,-1.6765416666666673,1.4426166666666667
2024-06-27,-8.155100000000001,5.586308333333333,-8.155100000000001,0.0,-2.2806499999999996,1.6209916666666673
2024-06-28,-8.347758333333333,5.92855,-8.347758333333333,0.0,-1.9769416666666666,1.8648333333333325
2024-06-29,-8.104608333333333,5.381266666666667,-8.104608333333333,0.0,-1.0103666666666673,1.9881166666666676
2024-06-30,-6.146425,3.7593166666666664,-6.146425,0.0,-2.2046249999999996,2.0213333333333323
2024-07-01,-8.368108333333334,3.1086416666666667,-8.368108333333334,0.0,-0.4497333333333332,1.418166666666667
2024-07-02,-8.366083333333334,2.596,-8.366083333333334,0.0,-1.9371083333333328,1.2972666666666668
2024-07-03,-8.119391666666667,0.49750833333333333,-8.119391666666667,0.0,-3.8906916666666658,1.5187416666666667
2024-07-04,-8.16725,2.693125,-8.16725,0.0,-4.2926416666666665,1.2877416666666672
2024-07-05,-7.7415416666666665,2.7525,-7.7415416666666665,0.0,-4.616133333333333,1.9012749999999992
2024-07-06,-6.910216666666666,4.123766666666667,-6.910216666666666,0.0,-3.3607333333333362,1.29755
2024-07-07,-8.171983333333333,5.108725000000001,-8.171983333333333,0.0,-2.836766666666665,0.6784583333333332
2024-07-08,-8.336025,3.8484666666666665,-8.336025,0.0,-2.5022,0.9291249999999994
2024-07-09,-8.318691666666668,5.551841666666666,-8.318691666666668,0.0,-1.819575,0.6732666666666669
2024-07-10,-8.147541666666667,6.425816666666667,-8.147541666666667,0.0,-2.3374166666666674,0.4466083333333335
2024-07-11,-8.3888,8.908100000000001,-8.3888,0.0,-1.5704000000000016,-0.20107500000000011
2024-07-12,-8.346566666666668,6.4149666666666665,-8.346566666666668,0.0,-1.0603833333333337,0.4166249999999999
2024-07-13,-7.892600000000001,5.92275,-7.892600000000001,0.0,-2.404591666666666,0.5191333333333334
2024-07-14,-8.300133333333333,5.110883333333333,-8.300133333333333,0.0,-2.6683083333333317,0.4688166666666666
2024-07-15,-8.111516666666667,6.330308333333333,-8.111516666666667,0.0,-2.810058333333334,0.4102916666666663
2024-07-16,-7.624533333333334,7.734816666666666,-7.624533333333334,0.0,-2.019525000000001,1.2310416666666666
2024-07-17,-8.1344,6.637391666666667,-8.1344,0.0,-2.649424999999999,1.8759166666666676
2024-07-19,-8.241466666666668,7.7328166666666664,-8.241466666666668,0.0,-3.9123166666666673,0.0
2024-07-20,-8.125508333333332,7.679125,-8.125508333333332,0.0,-4.683366666666667,0.0
2024-07-21,-7.860366666666667,7.589058333333333,-7.860366666666667,0.0,-5.42474166666667,0.0
2024-07-22,-7.516,5.242274999999999,-7.516,0.0,-4.037233333333332,0.0
2024-07-23,-8.276333333333334,3.828308333333333,-8.276333333333334,0.0,-2.0898916666666665,0.0
2024-07-24,-8.256883333333333,2.001341666666667,-8.256883333333333,0.0,-1.2988166666666665,0.0
2024-07-25,-8.179691666666667,2.0510333333333333,-8.179691666666667,0.0,-0.5022583333333335,0.0
2024-07-26,-8.305666666666665,3.46,-8.305666666666665,0.0,-0.575275,0.0
2024-07-27,-8.244108333333333,5.965816666666667,-8.244108333333333,0.0,-2.2320499999999988,0.0
2024-07-28,-8.191125,4.963091666666666,-8.191125,0.0,-1.7507166666666671,0.0
2024-07-29,-6.957491666666667,3.5774166666666667,-6.957491666666667,0.0,-1.0961249999999998,0.0
2024-07-30,-8.051183333333334,5.224683333333333,-8.051183333333334,0.0,-1.4909666666666674,0.0
2024-07-31,-6.997033333333333,4.57125,-6.997033333333333,0.0,-2.794733333333332,0.0
2024-08-01,-7.947274999999999,5.741225,-7.947274999999999,0.0,-2.6537,0.0
2024-08-02,-8.318291666666665,4.777208333333333,-8.318291666666665,0.0,-3.007483333333332,0.0
2024-08-03,-8.319158333333334,4.4760583333333335,-8.319158333333334,0.0,-3.742658333333333,0.0
2024-08-04,-8.062791666666667,4.32895,-8.062791666666667,0.0,-3.635266666666665,0.0
2024-08-05,-8.353333333333333,4.1946916666666665,-8.353333333333333,0.0,-3.906708333333336,0.0
2024-08-06,-8.042883333333334,5.039141666666667,-8.042883333333334,0.0,-5.449658333333332,0.0
2024-08-07,-8.306608333333333,5.144058333333334,-8.306608333333333,0.0,-2.998091666666667,0.0
2024-08-08,-8.365333333333334,4.611783333333333,-8.365333333333334,0.0,-2.516883333333334,0.0
2024-08-09,-8.206541666666666,6.683283333333334,-8.206541666666666,0.0,-4.210558333333335,0.0
2024-08-10,-7.857433333333334,5.0568,-7.857433333333334,0.0,-3.8774833333333327,0.0
2024-08-11,-6.076175,4.0407416666666665,-6.076175,0.0,-4.627841666666668,0.0
2024-08-12,-7.249899999999999,2.5561583333333333,-7.249899999999999,0.0,-3.6812,0.0
2024-08-13,-7.461875,2.6454916666666666,-7.461875,0.0,-3.492841666666669,0.0
2024-08-14,-5.61035,1.3117249999999998,-5.61035,0.0,-4.124458333333333,0.0
2024-08-15,-7.638658333333335,2.02605,-7.638658333333335,0.0,-2.508966666666666,0.0
2024-08-16,-8.335716666666666,3.0028249999999996,-8.335716666666666,0.0,-2.5029999999999997,0.0
2024-08-17,-8.197716666666667,4.300025,-8.197716666666667,0.0,-1.7136499999999988,0.0
2024-08-18,-7.857575,5.5135,-7.857575,0.0,-1.662441666666668,0.0
2024-08-19,-8.337608333333334,3.78325,-8.337608333333334,0.0,-2.6563083333333335,0.0
2024-08-20,-8.389433333333333,6.189383333333333,-8.389433333333333,0.0,-1.6860916666666663,0.0
2024-08-21,-8.376191666666667,4.238216666666666,-8.376191666666667,0.0,-1.8317416666666688,0.0
2024-08-22,-8.293975,0.9707916666666666,-8.293975,0.0,-2.656408333333332,0.0
2024-08-23,-7.743,2.5943416666666668,-7.743,0.0,-0.6450000000000002,0.0
2024-08-24,-1.4634416666666665,0.952725,-1.4634416666666665,0.0,-3.639133333333332,0.0
2024-08-25,-3.084875,1.7215666666666667,-3.084875,0.0,-4.278166666666669,0.0
2024-08-26,-8.336049999999998,5.152783333333334,-8.336049999999998,0.0,-1.8645833333333324,0.0
2024-08-27,-8.29,3.4771833333333335,-8.29,0.0,-1.22905,0.0
2024-08-28,-8.362325,2.242525,-8.362325,0.0,-1.7238416666666663,0.0
2024-08-29,-7.7503416666666665,2.845766666666667,-7.7503416666666665,0.0,-2.00655,0.0
2024-08-30,-8.267191666666667,4.172116666666667,-8.267191666666667,0.0,-0.5810916666666669,0.0
2024-08-31,-8.125491666666667,3.3118833333333333,-8.125491666666667,0.0,0.18604166666666663,0.0
2024-09-01,-7.496316666666667,3.704841666666667,-7.496316666666667,0.0,0.5875750000000003,0.0
2024-09-02,-8.060825,3.736866666666667,-7.30465,-0.7561749999999999,1.542916666666667,0.0
2024-09-03,-7.599008333333333,4.286808333333333,5.464066666666667,-13.063075000000001,1.5817083333333328,0.0
2024-09-04,-5.538683333333333,2.8391833333333336,-1.6447083333333332,-3.8939749999999997,0.5541083333333333,0.0
2024-09-05,-9.335508333333333,2.494525,-2.763141666666667,-6.5723666666666665,1.3481500000000002,0.0
2024-09-06,-14.880666666666666,7.09035,-5.28685,-9.593816666666667,3.5390749999999995,0.0
2024-09-07,-17.27315833333333,7.301575,-4.535024999999999,-12.738133333333334,3.927833333333333,0.0
2024-09-08,-12.516491666666667,4.480666666666667,-2.9402166666666667,-9.576274999999999,3.123441666666666,0.0
2024-09-09,-15.727799999999998,5.057016666666667,-4.1659250000000005,-11.561875,4.691091666666663,0.0
2024-09-10,-21.238266666666668,10.813991666666666,-5.917458333333333,-15.320808333333332,4.542508333333334,0.0
2024-09-11,-20.010141666666666,6.721066666666666,-6.035825,-13.974316666666667,3.7054166666666664,0.0
2024-09-12,-9.554275,3.3061,-2.6166750000000003,-6.937600000000001,1.309158333333332,0.0
2024-09-13,4.762158333333334,-4.266108333333333,0.6907166666666666,4.071441666666667,-3.236658333333335,0.0
2024-09-14,-14.658033333333332,6.517616666666667,-2.8340833333333335,-11.82395,2.3239166666666646,0.0
2024-09-15,-8.388933333333332,2.0369,-1.8222416666666665,-6.566691666666666,0.17485833333333273,0.0
2024-09-16,-0.6160333333333333,-0.7499,-0.2381,-0.37793333333333334,-2.823958333333336,0.0
2024-09-17,-2.3987583333333333,2.286975,-1.0725250000000002,-1.3262333333333334,-1.779124999999999,0.0
2024-09-18,-18.872491666666665,9.097358333333334,-4.433075,-14.439416666666666,2.5794583333333327,0.0
2024-09-19,-16.073308333333333,7.248541666666667,-4.4081,-11.665208333333334,1.844375,0.0
2024-09-20,-13.506258333333333,6.483633333333334,-4.124258333333334,-9.382,1.8441999999999994,0.0
2024-09-21,-21.248833333333334,12.967883333333333,-6.07805,-15.170783333333333,5.379275000000001,0.0
2024-09-22,-4.3884,3.393475,-0.8300916666666667,-3.558308333333333,-1.449191666666666,0.0
2024-09-23,-15.591591666666668,7.556708333333333,-4.2321333333333335,-11.359458333333334,2.727383333333332,0.0
2024-09-24,-19.466066666666666,10.252616666666666,-5.016041666666667,-14.450025,4.679033333333336,0.0
2024-09-25,-21.037075,11.354291666666667,-5.7095666666666665,-15.327508333333332,5.492991666666665,0.0
2024-09-26,-17.9537,9.078850000000001,-5.469175,-12.484525,2.7832,0.0
2024-09-27,-9.013483333333333,3.0013166666666664,-1.6640833333333334,-7.349399999999999,0.8127999999999999,0.0
2024-09-28,-0.1022083333333333,-2.5550416666666664,0.23896666666666666,-0.34117499999999995,-1.684441666666669,0.0
2024-09-29,-18.902641666666668,9.134075000000001,-5.0355083333333335,-13.867133333333333,4.964824999999999,0.0
2024-09-30,-14.664241666666667,4.64725,-4.935683333333333,-9.728558333333332,3.3034416666666653,0.0
2024-10-01,-21.296983333333333,9.057041666666667,-6.841191666666667,-14.455791666666666,5.536749999999998,0.0
2024-10-02,-5.1786,1.9054583333333333,-0.8911,-4.2875,2.6348083333333325,0.0
2024-10-03,-9.401216666666667,5.862125,-2.6290916666666666,-6.772125,4.262633333333335,0.0
2024-10-04,-20.837408333333332,7.9804916666666665,-5.686025,-15.151383333333333,4.870550000000002,0.0
2024-10-05,-11.889333333333333,4.429075,-3.2556333333333334,-8.633700000000001,1.390191666666667,0.0
2024-10-06,-23.19285,9.2316,-7.652416666666667,-15.540433333333333,7.8320750000000015,0.0
2024-10-07,-18.523016666666667,4.176816666666666,-5.190816666666667,-13.3322,4.384333333333333,0.0
2024-10-08,-23.316258333333334,7.037483333333333,-7.7409083333333335,-15.57535,4.634658333333333,0.0
2024-10-09,-23.645775,9.965433333333333,-8.069025,-15.57675,3.9152749999999985,0.0
2024-10-10,-23.877341666666666,7.536775,-8.302366666666666,-15.574975,4.071108333333331,0.0
2024-10-11,-22.575858333333333,7.3711166666666665,-7.0035,-15.572358333333334,5.0451833333333305,0.0
2024-10-12,-16.12890833333333,4.5510166666666665,-1.092875,-15.036033333333332,2.431858333333334,0.0
2024-10-13,-18.143766666666668,5.298891666666666,-4.556775,-13.586991666666666,3.0996999999999995,0.0
2024-10-14,-20.956383333333335,6.261783333333334,-5.371,-15.585383333333333,3.433616666666666,0.0
2024-10-15,-23.926849999999998,8.211516666666666,-8.336075000000001,-15.590774999999999,5.7832916666666625,0.0
2024-10-16,-23.511916666666668,7.747958333333333,-7.920591666666666,-15.591325000000001,7.537674999999999,0.0
2024-10-17,-23.553866666666664,9.283333333333333,-7.962158333333334,-15.591708333333333,7.460825000000006,0.0
2024-10-18,-23.713183333333333,9.583491666666667,-8.12185,-15.591333333333335,5.766641666666664,0.0
2024-10-19,-21.020825000000002,6.671941666666666,-5.958816666666666,-15.062008333333333,6.981666666666673,0.0
2024-10-20,-22.956908333333335,6.556866666666667,-7.364775,-15.592133333333333,8.435891666666663,0.0
2024-10-21,-23.834408333333332,7.364766666666666,-8.242541666666666,-15.591866666666666,8.066016666666668,0.0
2024-10-22,-23.9638,7.976108333333333,-8.374241666666666,-15.589558333333333,7.5073750000000015,0.0
2024-10-23,-23.594,10.661141666666666,-8.003366666666667,-15.590633333333333,9.739166666666675,0.0
2024-10-24,-22.06055,9.442316666666667,-7.058066666666667,-15.002483333333334,7.206166666666666,0.0
2024-10-25,-23.813616666666665,12.109116666666667,-8.378533333333335,-15.435083333333335,8.607675000000002,0.0
2024-10-26,-23.816933333333335,11.2767,-8.380091666666667,-15.436841666666668,7.640541666666662,0.0
2024-10-27,-23.6777,14.07955,-8.240625,-15.437075,6.197391666666672,0.0
2024-10-28,-23.811641666666667,12.633466666666667,-8.23975,-15.571891666666666,6.685300000000003,0.0
2024-10-29,-23.873725,10.778333333333334,-8.301525,-15.5722,8.154725000000004,0.0
2024-10-30,-23.749991666666666,9.403525,-8.1788,-15.571191666666667,6.369541666666667,0.0
2024-10-31,-20.471775,3.8002833333333332,-5.047808333333333,-15.423966666666667,3.812525,0.0
2024-11-01,-16.47,0.8706499999999999,-4.520975,-11.949024999999999,2.2770333333333332,0.0
2024-11-02,-23.524525,6.474483333333334,-7.9336166666666665,-15.590908333333333,6.514333333333338,0.0
2024-11-03,-18.273049999999998,4.6081,-7.049566666666666,-11.223483333333334,2.737133333333332,0.0
2024-11-04,-23.679066666666667,9.021983333333333,-8.106216666666667,-15.57285,4.6846083333333315,0.0
2024-11-05,-23.641808333333334,10.405708333333333,-8.06805,-15.573758333333334,4.405908333333328,0.0
2024-11-06,-23.228316666666665,10.186825,-7.655241666666667,-15.573075000000001,3.6034666666666673,0.0
2024-11-07,-23.784299999999998,8.913208333333333,-8.209475000000001,-15.574825,2.556141666666665,0.0
2024-11-08,-23.673925,8.37395,-8.099033333333335,-15.574891666666666,3.7540083333333354,0.0
2024-11-09,-23.345116666666666,8.960533333333332,-7.769425,-15.575691666666668,4.484458333333338,0.0
2024-11-10,-23.791966666666667,7.912675,-8.2135,-15.578466666666667,4.227141666666666,0.0
2024-11-11,-23.765483333333332,7.410116666666667,-8.185433333333334,-15.58005,2.927924999999999,0.0
2024-11-12,-23.644341666666666,9.403816666666668,-8.065541666666666,-15.5788,4.372116666666667,0.0
2024-11-13,-23.971441666666667,9.828716666666667,-8.394991666666666,-15.576450000000001,6.567799999999998,0.0
2024-11-14,-23.9674,8.097741666666666,-8.395066666666667,-15.572333333333335,6.137291666666665,0.0
2024-11-15,-23.895566666666667,9.303616666666667,-8.321683333333333,-15.573883333333333,6.225366666666667,0.0
2024-11-16,-23.284975,9.224350000000001,-7.850125,-15.43485,5.891333333333335,0.0
2024-11-17,-10.288758333333334,0.5302166666666666,-2.515883333333333,-7.772875,2.1702666666666683,0.0
2024-11-18,-6.576891666666667,-3.744875,-0.321275,-6.255616666666667,0.7968916666666667,0.0
2024-11-19,1.7362416666666665,-7.311283333333334,0.0,1.7362416666666665,-1.3807749999999994,0.0
2024-11-20,-14.159041666666665,5.419958333333333,0.0,-14.159041666666665,2.57985,0.0
2024-11-21,-14.927416666666666,5.762416666666667,0.0,-14.927416666666666,2.143166666666667,0.0
2024-11-22,-14.696225,3.8135416666666666,-1.2333333333333332,-13.462891666666666,-0.14957499999999993,0.0
2024-11-23,-19.76008333333333,9.212275,-6.7396,-13.020483333333333,0.7788499999999999,0.0
2024-11-24,-22.658099999999997,12.631466666666666,-7.3058000000000005,-15.3523,1.9930583333333332,0.0
2024-11-25,-22.378325,11.554091666666666,-7.2031833333333335,-15.175141666666667,2.503166666666666,0.0
2024-11-26,-22.061533333333333,10.071950000000001,-7.140908333333334,-14.920625,2.585708333333335,0.0
2024-11-27,-23.877316666666665,8.511416666666666,-8.284591666666667,-15.592725,1.9797416666666663,0.0
2024-11-28,-18.55740833333333,3.3299583333333334,-4.0902666666666665,-14.467141666666667,0.04066666666666671,0.0
2024-11-29,-23.824066666666667,8.698133333333333,-8.2319,-15.592166666666666,2.7726083333333347,0.0
2024-11-30,-22.757683333333333,12.354825,-7.1640500000000005,-15.593633333333333,4.456733333333332,0.0
2024-12-01,-23.694791666666667,13.875333333333334,-8.101575,-15.593216666666667,3.745324999999998,0.0
2024-12-02,-22.5072,12.331525,-6.9182250000000005,-15.588975,3.9943333333333326,0.0
2024-12-03,-21.212541666666667,11.797883333333333,-6.060275,-15.152266666666666,3.152,0.0
2024-12-04,-13.782391666666667,6.399291666666667,-2.8348833333333334,-10.947508333333333,-0.3924000000000007,0.0
2024-12-05,-23.84734166666667,8.350566666666667,-8.250200000000001,-15.597141666666666,1.0672249999999999,0.0
2024-12-06,-23.992075,9.807258333333333,-8.3959,-15.596174999999999,2.4135000000000013,0.0
2024-12-07,-23.990575,10.463691666666668,-8.394941666666668,-15.595633333333334,2.8196833333333333,0.0
2024-12-08,-23.987841666666668,7.691108333333333,-8.39235,-15.595491666666668,1.8092000000000001,0.0
2024-12-09,-21.651375,4.047766666666667,-7.192008333333332,-14.459366666666666,2.2136583333333335,0.0
2024-12-10,-23.990116666666665,11.75345,-8.395566666666667,-15.59455,3.2173833333333293,0.0
2024-12-11,-17.410708333333332,14.615166666666665,-1.8168666666666666,-15.593841666666668,3.470033333333333,0.0
2024-12-12,-15.556983333333333,15.020233333333334,-0.19111666666666668,-15.365866666666667,4.854708333333335,0.0
2024-12-13,-11.977341666666668,2.2084583333333336,-1.267875,-10.709466666666668,1.4788000000000001,0.0
2024-12-14,-23.166308333333333,8.520275,-7.5728583333333335,-15.59345,2.8871416666666674,0.0
2024-12-15,-21.964125,5.921058333333334,-6.600741666666667,-15.363383333333333,1.1015666666666677,0.0
2024-12-16,-18.760975,6.179766666666667,-4.3007,-14.460275,2.3833999999999986,0.0
2024-12-17,-3.8037083333333337,-3.431875,-0.313925,-3.4897833333333335,-1.6102250000000011,0.0
2024-12-18,-13.486525,-1.0285083333333334,-3.6558166666666665,-9.830708333333334,1.1402666666666668,0.0
2024-12-19,-15.393825000000001,2.1253083333333334,-3.4612583333333333,-11.932566666666668,0.7321666666666655,0.0
2024-12-20,-11.867058333333333,-0.17288333333333333,-1.2717166666666666,-10.595341666666668,-1.8664333333333338,0.0
2024-12-21,-9.441458333333333,0.805975,-2.0271583333333334,-7.4143,-1.4383666666666666,0.0
2024-12-22,-12.141491666666667,4.354733333333334,-2.2047583333333334,-9.936733333333333,-2.323875000000001,0.0
2024-12-23,-22.08716666666667,9.46625,-6.6039916666666665,-15.483175,0.7640999999999999,0.0
2024-12-24,-22.1986,8.314783333333333,-6.605533333333334,-15.593066666666667,0.7625916666666666,0.0
2024-12-25,-14.8394,5.263433333333333,-8.000625,-6.838775,-1.4182000000000008,0.0
2024-12-26,-8.39715,1.3534333333333335,-8.39715,0.0,-4.653175000000002,0.0
2024-12-27,-8.397141666666666,2.480825,-8.397141666666666,0.0,-2.001258333333334,0.0
2024-12-28,-8.396558333333333,5.0693166666666665,-8.396558333333333,0.0,-2.735474999999999,0.0
2024-12-29,-8.173533333333333,6.591958333333333,-8.173533333333333,0.0,-1.1903583333333339,0.0
2024-12-30,-7.535633333333333,3.6985416666666664,-7.535633333333333,0.0,-2.9196,0.0
2024-12-31,-7.802175,1.44485,-7.802175,0.0,-3.9048166666666653,0.0
2025-01-01,1.9735416666666667,-3.097191666666667,1.9735416666666667,0.0,-4.394874999999999,0.0
2025-01-02,-6.534033333333333,-2.2038583333333333,-6.534033333333333,0.0,-3.8219916666666665,0.0
2025-01-03,-5.875866666666667,-6.23925,-5.875866666666667,0.0,-2.7166083333333333,0.0
2025-01-04,2.6779,-10.516041666666666,2.6779,0.0,-3.715541666666669,0.0
2025-01-05,-6.35655,-3.4874166666666664,-6.35655,0.0,-2.398900000000001,0.0
2025-01-06,-5.836575,-4.799908333333334,-5.836575,0.0,-2.5660166666666675,0.0
2025-01-07,-6.289575,-5.329658333333334,-6.289575,0.0,-1.3300750000000008,0.0
2025-01-08,-7.6682250000000005,-5.193108333333334,-7.6682250000000005,0.0,0.8357916666666672,0.0
2025-01-09,-1.9714333333333334,-5.429866666666666,-1.9714333333333334,0.0,-1.104916666666667,0.0
2025-01-10,-0.37128333333333335,-6.124916666666667,-0.37128333333333335,0.0,-2.632791666666667,0.0
2025-01-11,-6.9135333333333335,-1.7968833333333334,-6.9135333333333335,0.0,-0.7041416666666664,0.0
2025-01-12,-7.406791666666667,2.062883333333333,-7.406791666666667,0.0,0.35933333333333367,0.0
2025-01-13,-8.380583333333334,-0.5375833333333334,-8.380583333333334,0.0,-1.5147249999999997,0.0
2025-01-14,-8.234691666666668,2.3521833333333335,-8.234691666666668,0.0,-4.1455916666666655,0.0
2025-01-15,-8.048916666666667,4.1093416666666664,-8.048916666666667,0.0,-2.8291416666666636,0.0
2025-01-16,-8.393466666666667,1.7457833333333332,-8.393466666666667,0.0,-2.855266666666667,0.0
2025-01-17,-7.918875,-0.5324,-7.918875,0.0,-3.4017749999999967,0.0
2025-01-18,-7.9432583333333335,4.2796,-7.9432583333333335,0.0,-2.1024416666666657,0.0
2025-01-19,-8.379608333333334,1.9155333333333333,-8.379608333333334,0.0,-4.0695,0.0
2025-01-20,-8.39835,3.53655,-8.39835,0.0,-0.9368166666666663,0.0
2025-01-21,-8.413641666666667,3.966733333333333,-8.413641666666667,0.0,0.8900333333333335,0.0
2025-01-22,-4.654375,-2.699575,-4.654375,0.0,-1.3183583333333326,0.0
2025-01-23,-8.273583333333335,-1.2791416666666666,-8.273583333333335,0.0,-2.2787666666666655,0.0
2025-01-24,-7.1853,-1.8688583333333333,-7.1853,0.0,-1.1162166666666669,0.0
2025-01-25,-6.715366666666667,1.5483,-6.715366666666667,0.0,-1.4293583333333337,0.0
2025-01-26,-6.7061,1.4491500000000002,-6.7061,0.0,-2.079150000000001,0.0
2025-01-27,-5.82425,-4.6800749999999995,-5.82425,0.0,-2.763124999999998,0.0
2025-01-28,-7.798525,-4.1076999999999995,-7.798525,0.0,-1.583533333333334,0.0
2025-01-29,-6.667366666666667,-2.08345,-6.667366666666667,0.0,-1.7363916666666663,0.0
2025-01-30,-8.408658333333333,-0.023799999999999998,-8.408658333333333,0.0,-0.2607499999999999,0.0
2025-01-31,-8.418908333333333,-3.950175,-8.418908333333333,0.0,-2.1277666666666666,0.0
2025-02-01,-8.418283333333333,-1.0261666666666667,-8.418283333333333,0.0,-2.955574999999997,0.0
2025-02-02,-8.398375,0.6942916666666666,-8.398375,0.0,-2.1052166666666676,0.0
2025-02-03,-8.415975,-3.466075,-8.415975,0.0,-1.6279166666666671,0.0
2025-02-04,-7.420741666666666,-5.79875,-7.420741666666666,0.0,-0.581775,0.0
2025-02-05,-8.416325,-0.6218333333333333,-8.416325,0.0,1.831258333333334,0.0
2025-02-06,-8.117483333333334,-2.66985,-8.117483333333334,0.0,-0.051858333333333236,0.0
2025-02-07,-8.205950000000001,-1.8417333333333334,-8.205950000000001,0.0,-0.1580833333333335,0.0
2025-02-08,-1.8191333333333335,-6.6283,-1.8191333333333335,0.0,0.00601666666666664,0.0
2025-02-09,-3.7146999999999997,-3.86865,-3.7146999999999997,0.0,0.0,0.0
2025-02-10,-8.406991666666666,-3.0111666666666665,-8.406991666666666,0.0,0.0,0.0
2025-02-11,-8.41845,-3.036366666666667,-8.41845,0.0,0.0,0.0
2025-02-12,-8.399383333333333,-0.19766666666666666,-8.399383333333333,0.0,0.0,0.0
2025-02-13,-8.399208333333334,4.03025,-8.399208333333334,0.0,0.0,0.0
2025-02-14,-8.033908333333335,3.215516666666667,-8.033908333333335,0.0,0.0,0.0
2025-02-15,-8.3756,5.749041666666667,-8.3756,0.0,0.0,0.0
2025-02-16,-6.571091666666666,-1.1157916666666667,-6.571091666666666,0.0,0.0,0.0
2025-02-17,-5.881041666666667,-3.253891666666667,-5.881041666666667,0.0,0.0,0.0
2025-02-18,-8.416908333333334,1.755125,-8.416908333333334,0.0,0.0,0.0
2025-02-19,-8.322275,1.4767333333333335,-8.322275,0.0,0.0,0.0
2025-02-20,-8.41525,1.5050666666666666,-8.41525,0.0,0.0,0.0
2025-02-21,-7.991558333333334,3.2261333333333333,-7.991558333333334,0.0,0.0,0.0
2025-02-22,-8.408700000000001,0.78135,-8.408700000000001,0.0,0.0,0.0
2025-02-23,-8.407833333333334,3.512366666666667,-8.407833333333334,0.0,0.0,0.0
2025-02-24,-8.402466666666667,4.18995,-8.402466666666667,0.0,0.0,0.0
2025-02-25,-7.694141666666666,2.4284499999999998,-7.694141666666666,0.0,0.0,0.0
2025-02-26,-8.287208333333334,-0.30535833333333334,-8.287208333333334,0.0,0.0,0.0
2025-02-27,-8.413425,-3.1611666666666665,-8.413425,0.0,0.0,0.0
2025-02-28,-8.362350000000001,-4.057433333333333,-8.362350000000001,0.0,0.0,0.0
2025-03-01,-7.963016666666666,-2.167466666666667,-7.963016666666666,0.0,0.0,0.0
2025-03-02,-6.845025,-3.2893166666666667,-6.845025,0.0,0.0,0.0
2025-03-03,-7.075933333333333,-3.344983333333333,-7.075933333333333,0.0,0.0,0.0
2025-03-04,-7.506683333333333,-1.9535833333333332,-7.506683333333333,0.0,0.0,0.0
2025-03-05,-7.801175,-1.9835333333333334,-7.801175,0.0,0.0,0.0
2025-03-06,-3.6503166666666664,-1.86085,-3.6503166666666664,0.0,0.0,0.0
2025-03-07,-4.486291666666667,0.22688333333333333,-4.486291666666667,0.0,0.0,0.0
2025-03-08,-8.369083333333334,3.35605,-8.369083333333334,0.0,0.0,0.0
2025-03-09,-2.7632583333333334,-2.667358333333333,-2.7632583333333334,0.0,0.0,0.0
2025-03-10,-3.7587333333333333,-1.8445666666666667,-3.7587333333333333,0.0,0.0,0.0
2025-03-11,-6.350116666666667,-1.56805,-6.350116666666667,0.0,0.0,0.0
2025-03-12,-4.293083333333333,-4.2405,-4.293083333333333,0.0,0.0,0.0
2025-03-13,-4.6716750000000005,-6.3158666666666665,-4.6716750000000005,0.0,0.0,0.0
2025-03-14,-8.043125,3.2847750000000002,-8.043125,0.0,0.0,0.0
2025-03-15,-7.140408333333334,8.158125,-7.140408333333334,0.0,0.0,0.0
2025-03-16,-6.544758333333333,1.7594083333333332,-6.544758333333333,0.0,0.0,0.0
2025-03-17,-5.147041666666667,2.3389083333333334,-5.147041666666667,0.0,0.0,0.0
2025-03-18,-7.759325,0.20618333333333336,-7.759325,0.0,0.0,0.0
2025-03-19,-6.250975,6.6944083333333335,-6.250975,0.0,0.0,0.0
2025-03-20,-2.879366666666667,-1.7424000000000002,-2.879366666666667,0.0,0.0,0.0
2025-03-21,-0.6081416666666667,-5.726233333333334,-0.6081416666666667,0.0,0.0,0.0
2025-03-22,-4.229,-2.34095,-4.229,0.0,0.0,0.0
2025-03-23,-4.057166666666666,-0.21438333333333331,-4.057166666666666,0.0,0.0,0.0
2025-03-24,-8.417725,-0.3224166666666667,-8.417725,0.0,0.0,0.0
2025-03-25,-8.344966666666668,1.8544083333333332,-8.344966666666668,0.0,0.0,0.0
2025-03-26,-7.739291666666667,-0.6936749999999999,-7.739291666666667,0.0,0.0,0.0
2025-03-27,-7.07425,4.017225,-7.07425,0.0,0.0,0.0
2025-03-28,-8.363025,0.6820750000000001,-8.363025,0.0,0.0,0.0
2025-03-29,-4.137475,2.5618416666666666,-4.137475,0.0,0.0,0.0
2025-03-30,-7.745133333333333,3.185633333333333,-7.745133333333333,0.0,0.0,0.0
2025-03-31,-7.00935,8.0999,-7.00935,0.0,0.0,0.0
2025-04-01,-5.783783333333334,6.179383333333333,-5.783783333333334,0.0,0.0,0.0
2025-04-02,-5.692399999999999,4.101274999999999,-5.692399999999999,0.0,0.0,0.0
2025-04-03,-6.579958333333333,4.032675,-6.579958333333333,0.0,0.0,0.0
2025-04-04,-6.8473999999999995,3.016475,-6.8473999999999995,0.0,0.0,0.0
2025-04-05,-0.5380499999999999,-3.9579333333333335,-0.5380499999999999,0.0,0.0,0.0
2025-04-06,-0.48564166666666664,-5.974383333333333,-0.48564166666666664,0.0,0.0,0.0
2025-04-07,-4.450483333333334,-3.781475,-4.450483333333334,0.0,0.0,0.0
2025-04-08,-3.650675,0.8018333333333334,-3.650675,0.0,0.0,0.0
2025-04-09,-6.962208333333333,4.768175,-6.962208333333333,0.0,0.0,0.0
2025-04-10,-3.0731083333333333,1.2776833333333335,-3.0731083333333333,0.0,0.0,0.0
2025-04-11,-3.1063666666666667,-1.961175,-3.1063666666666667,0.0,0.0,0.0
2025-04-12,-6.9822,0.49073333333333335,-6.9822,0.0,0.0,0.0
2025-04-13,-3.655508333333333,2.9629666666666665,-3.655508333333333,0.0,0.0,0.0
2025-04-14,-7.208324999999999,4.9638,-7.208324999999999,0.0,0.0,0.0
2025-04-15,-0.019391666666666668,1.6284583333333333,-0.019391666666666668,0.0,0.0,0.0
2025-04-16,0.24272500000000002,3.4934499999999997,0.24272500000000002,0.0,0.0,0.0
2025-04-17,-2.187691666666667,-2.56145,-2.187691666666667,0.0,0.0,0.0
2025-04-18,-5.463358333333334,1.9845416666666666,-5.463358333333334,0.0,0.0,0.0
2025-04-19,-0.8699333333333331,-3.5302166666666666,-0.8699333333333331,0.0,0.0,0.0
2025-04-20,-3.1750333333333334,-3.56635,-3.1750333333333334,0.0,0.0,0.0
2025-04-21,-1.5913,-2.528858333333333,-1.5913,0.0,0.0,0.0
2025-04-22,2.3344416666666667,-6.423758333333333,2.3344416666666667,0.0,0.0,0.0
2025-04-23,-2.3050083333333333,-1.40605,-2.3050083333333333,0.0,0.0,0.0
2025-04-24,4.4144,-5.806758333333333,4.4144,0.0,0.0,0.0
2025-04-25,-1.0355999999999999,-3.4299416666666667,-1.0355999999999999,0.0,0.0,0.0
2025-04-26,1.5125083333333336,-5.193808333333333,1.5125083333333336,0.0,0.0,0.0
2025-04-27,0.4612916666666667,-4.393658333333334,0.4612916666666667,0.0,0.0,0.0
2025-04-28,-1.8502,-4.829891666666667,-1.8502,0.0,0.0,0.0
2025-04-29,-1.9691416666666666,-3.0749166666666663,-1.9691416666666666,0.0,0.0,0.0
2025-04-30,-1.808875,-9.691933333333333,-1.808875,0.0,0.0,0.0
2025-05-01,-5.188958333333333,-5.780658333333334,-5.188958333333333,0.0,0.0,0.0
2025-05-02,-4.3833,1.2222,-4.3833,0.0,0.0,0.0
2025-05-03,-5.5056416666666665,4.6732,-5.5056416666666665,0.0,0.0,0.0
2025-05-04,-8.410483333333334,3.8137583333333334,-8.410483333333334,0.0,0.0,0.0
2025-05-05,-7.430633333333332,6.199291666666667,-7.430633333333332,0.0,0.0,0.0
2025-05-06,-7.880141666666667,1.8285583333333333,-7.880141666666667,0.0,0.0,0.0
2025-05-07,-4.758933333333333,-0.3333,-4.758933333333333,0.0,0.0,0.0
2025-05-08,-5.5807,-1.8882583333333334,-5.5807,0.0,0.0,0.0
2025-05-09,-7.9764333333333335,1.0394833333333333,-7.9764333333333335,0.0,0.0,0.0
2025-05-10,-4.820208333333333,1.4180833333333334,-4.820208333333333,0.0,0.0,0.0
2025-05-11,-2.73885,0.7687916666666667,-2.73885,0.0,0.0,0.0
2025-05-12,-6.929175,5.012441666666667,-6.929175,0.0,0.0,0.0
2025-05-13,-5.783125,2.1814250000000004,-5.783125,0.0,0.0,0.0
2025-05-14,-8.090808333333333,2.4933333333333336,-8.090808333333333,0.0,0.0,0.0
2025-05-15,-8.014191666666667,3.9008000000000003,-8.014191666666667,0.0,0.0,0.0
2025-05-16,-5.891941666666667,-0.04394166666666667,-5.891941666666667,0.0,0.0,0.0
2025-05-17,-6.1676166666666665,3.6929666666666665,-6.1676166666666665,0.0,0.0,0.0
2025-05-18,-8.175258333333334,7.588508333333333,-8.175258333333334,0.0,0.0,0.0
2025-05-19,-7.537258333333333,6.8757166666666665,-7.537258333333333,0.0,0.0,0.0
2025-05-20,-7.851375,2.214233333333333,-7.851375,0.0,0.0,0.0
2025-05-21,-5.519633333333333,-0.5449583333333333,-5.519633333333333,0.0,0.0,0.0
2025-05-22,-7.87795,2.258741666666667,-7.87795,0.0,0.0,0.0
2025-05-23,-8.217941666666668,-3.484758333333333,-8.217941666666668,0.0,0.0,0.0
2025-05-24,-8.093916666666667,-2.85145,-8.093916666666667,0.0,0.0,0.0
2025-05-25,-1.9206666666666667,-2.1689833333333333,-1.9206666666666667,0.0,0.0,0.0
2025-05-26,-8.155966666666666,2.1946999999999997,-8.155966666666666,0.0,0.0,0.0
2025-05-27,-8.22625,4.072058333333334,-8.22625,0.0,0.0,0.0
2025-05-28,-8.371183333333333,5.79695,-8.371183333333333,0.0,0.0,0.0
2025-05-29,-7.07535,-1.8851333333333335,-7.07535,0.0,0.0,0.0
2025-05-30,-4.979558333333333,-0.6645416666666666,-4.979558333333333,0.0,0.0,0.0
2025-05-31,-3.9778416666666665,3.007125,-3.9778416666666665,0.0,0.0,0.0
2025-06-01,-3.5842833333333335,2.6599666666666666,-3.5842833333333335,0.0,0.0,0.0
2025-06-02,-8.252233333333333,2.4291750000000003,-8.252233333333333,0.0,0.0,0.0
2025-06-03,-2.512383333333333,-0.9709083333333333,-2.512383333333333,0.0,0.0,0.0
2025-06-04,-7.08545,5.909050000000001,-7.08545,0.0,0.0,0.0
2025-06-05,-8.352316666666667,2.8915333333333333,-8.352316666666667,0.0,0.0,0.0
2025-06-06,-8.019891666666666,-0.10435833333333333,-8.019891666666666,0.0,0.0,0.0
2025-06-07,-5.552833333333333,4.684558333333333,-5.552833333333333,0.0,0.0,0.0
2025-06-08,-3.7220916666666666,-0.8770916666666667,-3.7220916666666666,0.0,0.0,0.0
2025-06-09,-0.6071083333333334,-6.729383333333333,-0.6071083333333334,0.0,0.0,0.0
2025-06-10,-0.5885916666666667,-3.2634416666666666,-0.5885916666666667,0.0,0.0,0.0
2025-06-11,-3.6133,-4.356083333333333,-3.6133,0.0,0.0,0.0
2025-06-12,-6.5215,-0.47092500000000004,-6.5215,0.0,0.0,0.0
2025-06-13,-3.095725,1.8573333333333333,-3.095725,0.0,0.0,0.0
2025-06-14,-3.8617,0.5607083333333334,-3.8617,0.0,0.0,0.0
2025-06-15,-3.5764666666666667,1.791725,-3.5764666666666667,0.0,0.0,0.0
2025-06-16,-5.9379333333333335,1.2560499999999999,-5.9379333333333335,0.0,0.0,0.0
2025-06-17,-4.716774999999999,-1.859275,-4.716774999999999,0.0,0.0,0.0
2025-06-18,-6.275458333333333,2.42435,3.9366166666666667,-10.212075,0.0,0.0
2025-06-19,-8.6535,5.837033333333334,0.8246,-9.4781,0.0,0.0
2025-06-20,-17.454716666666666,10.485583333333334,-2.3208333333333333,-15.133883333333333,0.0,0.0
2025-06-21,-12.357641666666666,4.159258333333333,-2.318175,-10.039466666666668,0.0,0.0
2025-06-22,-8.367458333333333,3.328883333333333,-2.2782833333333334,-6.089174999999999,0.0,0.0
2025-06-23,-12.925683333333332,8.50845,-1.0899166666666666,-11.835766666666666,0.0,0.0
2025-06-24,-4.2296499999999995,-0.24431666666666665,-1.5059,-2.72375,0.0,0.0
2025-06-25,-21.627816666666664,12.214308333333333,-6.154741666666667,-15.473075000000001,0.0,0.0
2025-06-26,-15.6635,10.244633333333333,-3.1936,-12.469899999999999,0.0,0.0
2025-06-27,-15.661383333333333,6.206333333333333,-1.9989000000000001,-13.662483333333334,0.0,0.0
2025-06-28,-4.088425,-5.112125,-0.10335,-3.9850749999999997,0.0,0.0
2025-06-29,-0.5836,-6.255133333333333,0.194875,-0.778475,0.0,0.0
2025-06-30,-13.968183333333332,10.265266666666667,-2.1680833333333336,-11.8001,0.0,0.0
2025-07-01,-14.836325,11.895183333333332,-2.62485,-12.211475,0.0,0.0
2025-07-02,-17.549975,10.540691666666667,-4.029725,-13.52025,0.0,0.0
2025-07-03,-12.9577,6.7748083333333335,-3.6531833333333332,-9.304516666666666,0.0,0.0
2025-07-04,-16.397691666666667,10.603875,-3.4331833333333335,-12.964508333333333,0.0,0.0
2025-07-05,-5.292158333333334,-2.4288499999999997,-0.24718333333333334,-5.044975,0.0,0.0
2025-07-06,-15.751508333333334,7.22875,-3.0004333333333335,-12.751075,0.0,0.0
2025-07-07,-23.203683333333334,12.19175,-7.607116666666667,-15.596566666666668,0.0,0.0
2025-07-08,-23.877875,11.392041666666666,-8.281933333333333,-15.595941666666668,0.0,0.0
2025-07-09,-22.371141666666666,13.534125,-6.775341666666666,-15.595799999999999,0.0,0.0
2025-07-10,-20.069866666666666,14.2129,-4.473966666666667,-15.5959,0.0,0.0
2025-07-11,-20.309916666666666,12.623299999999999,-4.803825,-15.506091666666666,0.0,0.0
2025-07-12,-11.3445,2.981733333333333,-2.5577916666666667,-8.786708333333333,0.0,0.0
2025-07-13,-15.987491666666667,8.059733333333334,-4.195408333333334,-11.792083333333334,0.0,0.0
2025-07-14,-22.230241666666664,13.262566666666668,-6.6446499999999995,-15.585591666666668,0.0,0.0
2025-07-15,-23.008658333333333,12.994399999999999,-7.421958333333333,-15.5867,0.0,0.0
2025-07-16,-21.938200000000002,12.959966666666666,-6.351708333333333,-15.586491666666667,0.0,0.0
2025-07-17,-20.696108333333335,13.627566666666668,-5.1667250000000005,-15.529383333333334,0.0,0.0
2025-07-18,-20.11479166666667,13.581325000000001,-4.96195,-15.152841666666667,0.0,0.0
2025-07-19,-16.610591666666668,11.526166666666667,-4.2465,-12.364091666666667,0.0,0.0
2025-07-20,-18.792991666666666,12.229533333333332,-4.793725,-13.999266666666667,0.0,0.0
2025-07-21,-20.73646666666667,11.887433333333332,-5.549033333333334,-15.187433333333333,0.0,0.0
2025-07-22,-15.213291666666667,4.28555,-3.691391666666667,-11.5219,0.0,0.0
2025-07-23,-20.010241666666666,9.603075,-5.224708333333333,-14.785533333333333,0.0,0.0
2025-07-24,-21.87375,11.093950000000001,-6.299058333333333,-15.574691666666668,0.0,0.0
2025-07-25,-20.9573,11.391416666666666,-5.5922,-15.3651,0.0,0.0
2025-07-26,-18.520275,12.035441666666667,-3.9596583333333335,-14.560616666666666,0.0,0.0
2025-07-27,-18.960275000000003,12.066316666666667,-4.222766666666667,-14.737508333333333,0.0,0.0
2025-07-28,-20.818841666666668,13.087816666666667,-5.2320166666666665,-15.586825000000001,0.0,0.0
2025-07-29,-20.03633333333333,11.117858333333334,-5.3872583333333335,-14.649075,0.0,0.0
2025-07-30,-17.544241666666665,9.334375,-4.597566666666666,-12.946674999999999,0.0,0.0
2025-07-31,-21.907191666666666,9.972408333333332,-6.366841666666666,-15.54035,0.0,0.0
2025-08-01,-23.376158333333333,9.558833333333334,-7.791516666666666,-15.584641666666665,0.0,0.0
2025-08-02,-17.769283333333334,10.474208333333333,-4.672375,-13.096908333333333,0.0,0.0
2025-08-03,-14.255333333333335,5.957433333333333,-4.360191666666666,-9.895141666666666,0.0,0.0
2025-08-04,-21.180541666666667,10.093108333333333,-5.665158333333334,-15.515383333333332,0.0,0.0
2025-08-05,-18.871808333333334,7.526466666666666,-4.4514,-14.420408333333333,0.0,0.0
2025-08-06,-18.49765,8.908425,-4.010041666666667,-14.487608333333334,0.0,0.0
2025-08-07,-21.57855,12.288775,-6.231233333333334,-15.347316666666668,0.0,0.0
2025-08-08,-18.884016666666668,7.669866666666667,-4.332566666666667,-14.55145,0.0,0.0
2025-08-09,-15.587141666666666,7.8826,-4.467558333333334,-11.119583333333335,0.0,0.0
2025-08-10,-14.414816666666667,5.879091666666667,-3.2954749999999997,-11.119341666666667,0.0,0.0
2025-08-11,-8.556575,2.2948166666666667,-3.4297,-5.126875,0.0,0.0
2025-08-12,-11.383508333333333,2.8497,-3.370275,-8.013233333333334,0.0,0.0
2025-08-13,-15.928458333333333,7.372941666666667,-4.170516666666666,-11.757941666666667,0.0,0.0
2025-08-14,-12.039741666666666,2.2848083333333333,-4.117416666666667,-7.922325,0.0,0.0
2025-08-15,-21.996916666666667,13.916933333333333,-6.453108333333334,-15.543808333333333,0.0,0.0
2025-08-16,-15.902524999999999,10.854358333333334,-4.3602083333333335,-11.542316666666668,0.0,0.0
2025-08-17,-21.313941666666665,14.392149999999999,-5.961725,-15.352216666666667,0.0,0.0
2025-08-18,-16.563025000000003,4.813033333333334,-3.8654416666666664,-12.697583333333334,0.0,0.0
2025-08-19,-21.843141666666668,10.780725,-6.381525,-15.461616666666666,0.0,0.0
2025-08-20,-16.865825,10.063325,-2.3303166666666666,-14.535508333333333,0.0,0.0
2025-08-21,-7.663366666666667,-3.9952916666666667,-0.6957833333333333,-6.967583333333333,0.0,0.0
2025-08-22,-4.351933333333333,-7.0339,-0.026291666666666668,-4.325641666666667,0.0,0.0
2025-08-23,-5.540483333333333,-6.227233333333333,0.02165833333333334,-5.562141666666666,0.0,0.0
2025-08-24,-10.441708333333334,0.5723083333333333,-2.4239333333333333,-8.017775,0.0,0.0
2025-08-25,-14.510208333333335,3.2448166666666665,-1.0439,-13.466308333333332,0.0,0.0
2025-08-26,-10.478283333333334,0.3504583333333333,0.0,-10.478283333333334,0.0,0.0
2025-08-27,-14.491108333333333,4.57655,0.0,-14.491108333333333,0.0,0.0
2025-08-28,-11.210283333333333,-0.17674166666666669,0.0,-11.210283333333333,0.0,0.0
2025-08-29,-9.697,-3.2157416666666667,-1.1857916666666668,-8.511208333333334,0.0,0.0
2025-08-30,-20.98633333333333,7.965558333333333,-6.049991666666667,-14.936341666666667,0.0,0.0
2025-08-31,-17.142658333333333,4.393025,-2.3544916666666666,-14.788166666666665,0.0,0.0
2025-09-01,-11.607616666666667,-3.0887583333333333,-0.245975,-11.361641666666667,0.0,0.0
2025-09-02,-13.540983333333333,0.383275,0.0,-13.540983333333333,0.0,0.0
2025-09-03,-15.467141666666667,6.225108333333334,0.0,-15.467141666666667,0.0,0.0
2025-09-04,-15.2885,4.44575,0.0,-15.2885,0.0,0.0
2025-09-05,-14.515175,7.0832250000000005,0.0,-14.515175,0.0,0.0
2025-09-06,-12.303791666666665,6.303358333333334,0.0,-12.303791666666665,0.0,0.0
2025-09-07,-11.794891666666667,4.687083333333333,0.0,-11.794891666666667,0.0,0.0
2025-09-08,-6.7802,0.519875,0.0,-6.7802,0.0,0.0
2025-09-09,-8.978658333333334,2.015458333333333,0.0,-8.978658333333334,0.0,0.0
2025-09-10,-12.156416666666667,7.351541666666667,0.0,-12.156416666666667,0.0,0.0
2025-09-11,-14.792866666666667,12.68685,0.0,-14.792866666666667,0.0,0.0
2025-09-12,-15.586341666666668,10.27935,0.0,-15.586341666666668,0.0,0.0
2025-09-13,-14.3548,7.7432083333333335,0.0,-14.3548,0.0,0.0
2025-09-14,-12.826625,6.8686750000000005,0.0,-12.826625,0.0,0.0
2025-09-15,-15.530116666666666,7.086966666666666,0.0,-15.530116666666666,0.0,0.0
2025-09-16,-15.30645,8.173441666666667,0.0,-15.30645,0.0,0.0
2025-09-17,-8.217108333333334,3.5600416666666663,0.0,-8.217108333333334,0.0,0.0
2025-09-18,-4.824691666666666,-4.152641666666667,0.4075166666666667,-5.232208333333333,0.0,0.0
2025-09-19,-1.7802916666666668,-4.794775,1.1771833333333335,-2.957475,0.0,0.0
2025-09-20,-19.665266666666668,7.0868416666666665,-5.666808333333333,-13.998458333333334,0.0,0.0
2025-09-21,-12.769533333333333,2.0264333333333333,-2.4516916666666666,-10.317841666666666,0.0,0.0
2025-09-22,-23.349008333333334,13.535108333333334,-7.7621416666666665,-15.586866666666667,0.0,0.0
2025-09-23,-22.326958333333334,12.622066666666667,-6.737675,-15.589283333333332,0.0,0.0
2025-09-24,-20.799933333333335,11.156766666666666,-5.903824999999999,-14.896108333333334,0.0,0.0
2025-09-25,-23.167466666666666,9.88795,-7.578925,-15.588541666666666,0.0,0.0
2025-09-26,-19.704849999999997,8.454208333333334,-5.894216666666666,-13.810633333333334,0.0,0.0
2025-09-27,-12.0551,6.501166666666667,-2.024916666666667,-10.030183333333332,0.0,0.0
2025-09-28,-16.948075,10.450508333333334,-4.072616666666667,-12.875458333333334,0.0,0.0
2025-09-29,-21.300366666666665,14.354783333333334,-6.3288166666666665,-14.971549999999999,0.0,0.0
2025-09-30,-21.522008333333336,10.670141666666666,-6.892925,-14.629083333333334,0.0,0.0
2025-10-01,-17.421341666666667,7.9901,-5.229,-12.192341666666668,0.0,0.0
2025-10-02,-19.483991666666665,9.667825,-6.062266666666666,-13.421725,0.0,0.0
2025-10-03,-21.905683333333336,10.327908333333333,-6.6980916666666666,-15.207591666666668,0.0,0.0
2025-10-04,-20.617508333333333,8.685391666666666,-5.733483333333334,-14.884025,0.0,0.0
2025-10-05,-22.423724999999997,11.617558333333333,-7.261241666666667,-15.162483333333334,0.0,0.0
2025-10-06,-21.817416666666666,14.576141666666667,-6.455216666666666,-15.362200000000001,0.0,0.0
2025-10-07,-22.564383333333335,15.929791666666667,-6.9793,-15.585083333333333,0.0,0.0
2025-10-08,-20.966416666666667,16.861616666666666,-6.171516666666666,-14.7949,0.0,0.0
2025-10-09,-23.79625,15.178841666666667,-8.205541666666665,-15.590708333333334,0.0,0.0
2025-10-10,-23.6876,15.348216666666668,-8.097483333333333,-15.590116666666667,0.0,0.0
2025-10-11,-21.611150000000002,12.78205,-6.022141666666666,-15.589008333333334,0.0,0.0
2025-10-12,-23.303758333333334,12.138391666666667,-7.713316666666667,-15.590441666666667,0.0,0.0
2025-10-13,-16.727,7.59645,-3.878658333333333,-12.848341666666666,0.0,0.0
2025-10-14,-17.7551,7.305125,-4.545466666666666,-13.209633333333333,0.0,0.0
2025-10-15,-23.522675,11.790783333333334,-7.932241666666667,-15.590433333333333,0.0,0.0
2025-10-16,-23.590358333333334,12.825,-8.000416666666666,-15.589941666666668,0.0,0.0
2025-10-17,-11.381808333333332,3.406883333333333,-1.8542333333333334,-9.527575,0.0,0.0
2025-10-18,-20.893483333333332,10.254258333333333,-5.484458333333333,-15.409025,0.0,0.0
2025-10-19,-22.735016666666667,13.999691666666667,-7.152725,-15.582291666666666,0.0,0.0
2025-10-20,-15.560766666666666,4.7302333333333335,-5.944191666666667,-9.616575000000001,0.0,0.0
2025-10-21,-17.410433333333334,8.588641666666666,-7.035783333333334,-10.374649999999999,0.0,0.0
2025-10-22,-18.549916666666668,11.571924999999998,-8.1438,-10.406116666666668,0.0,0.0
2025-10-23,-18.473808333333334,7.437291666666667,-8.0678,-10.406008333333332,0.0,0.0
2025-10-24,-16.99458333333333,4.620591666666666,-6.622958333333333,-10.371625,0.0,0.0
2025-10-25,-18.43535,8.311416666666666,-8.031058333333334,-10.404291666666666,0.0,0.0
2025-10-26,-18.296558333333333,7.436983333333334,-7.891758333333334,-10.4048,0.0,0.0
2025-10-27,-18.250133333333334,8.229283333333333,-7.8445833333333335,-10.40555,0.0,0.0
2025-10-28,-18.456666666666667,9.432450000000001,-8.051025,-10.405641666666666,0.0,0.0
2025-10-29,-17.802425,7.961233333333333,-7.396850000000001,-10.405575,0.0,0.0
2025-10-30,-18.5676,8.413458333333335,-7.761133333333333,-10.806466666666667,0.0,0.0
2025-10-31,-21.7001,7.5119750000000005,-6.158275,-15.541825000000001,0.0,0.0
2025-11-01,-22.685466666666667,9.725408333333332,-7.095775,-15.589691666666667,0.0,0.0
2025-11-02,-23.564775,12.945841666666666,-7.974608333333333,-15.590166666666667,0.0,0.0
2025-11-03,-23.829391666666666,10.922691666666667,-8.240066666666667,-15.589325,0.0,0.0
2025-11-04,-23.7264,13.539858333333333,-8.137908333333334,-15.588491666666666,0.0,0.0
2025-11-05,-22.662966666666666,11.701808333333332,-7.075833333333333,-15.587133333333334,0.0,0.0
2025-11-06,-23.555225,10.883383333333333,-7.96825,-15.586975,0.0,0.0
2025-11-07,-22.236016666666668,10.478416666666666,-6.648608333333334,-15.587408333333332,0.0,0.0
2025-11-08,-22.941941666666665,12.406641666666667,-7.3537333333333335,-15.588208333333334,0.0,0.0
2025-11-09,-23.939691666666665,14.347191666666667,-8.350075,-15.589616666666666,0.0,0.0
2025-11-10,-23.639891666666667,13.520275,-8.049683333333334,-15.590208333333335,0.0,0.0
2025-11-11,-23.636108333333333,13.78205,-8.045658333333334,-15.59045,0.0,0.0
2025-11-12,-23.7544,12.8975,-8.163716666666666,-15.590683333333333,0.0,0.0
2025-11-13,-23.34225,13.094991666666667,-7.753433333333334,-15.588816666666668,0.0,0.0
2025-11-14,-23.618766666666666,12.447583333333334,-8.028366666666667,-15.590399999999999,0.0,0.0
2025-11-15,-23.463058333333333,13.7947,-7.871666666666667,-15.591391666666667,0.0,0.0
2025-11-16,-22.469633333333334,16.572441666666666,-6.884441666666667,-15.585191666666669,0.0,0.0
2025-11-17,-23.54896666666667,8.914816666666667,-7.956533333333334,-15.592433333333332,0.0,0.0
2025-11-18,-16.967558333333333,2.4421583333333334,-3.136608333333333,-13.830950000000001,0.0,0.0
2025-11-19,-16.730366666666665,2.7715,-3.2855749999999997,-13.444791666666665,0.0,0.0
2025-11-20,-20.587541666666667,11.573675,-4.999916666666667,-15.587625,0.0,0.0
2025-11-21,-20.912425,10.986033333333333,-5.846883333333333,-15.065541666666666,0.0,0.0
2025-11-22,-23.19895,12.919225,-7.606491666666667,-15.592458333333333,0.0,0.0
2025-11-23,-22.331525000000003,15.27015,-6.748716666666666,-15.582808333333332,0.0,0.0
2025-11-24,-23.577116666666665,13.01345,-7.984783333333334,-15.592333333333334,0.0,0.0
2025-11-25,-23.412808333333334,12.619725,-7.820191666666666,-15.592616666666666,0.0,0.0
2025-11-26,-23.910741666666667,11.235191666666667,-8.31825,-15.592491666666668,0.0,0.0
2025-11-27,-23.786784166666664,11.065982500000002,-8.192259166666666,-15.594524999999999,0.0,0.0
2025-11-28,-23.830796666666668,13.881002500000001,-8.240056666666666,-15.59074,0.0,0.0
2025-11-30,-23.787233333333333,14.153766666666666,-8.25087,-15.536363333333334,0.0,0.0
2025-12-02,-23.947578333333333,14.702899166666668,-8.357668333333333,-15.589910000000001,0.0,0.0
2025-12-03,-23.943055833333332,13.348405,-8.35267,-15.590385833333334,0.0,0.0
2025-12-04,-23.90586166666667,11.785869166666666,-8.315155833333332,-15.590705833333333,0.0,0.0
2025-12-05,-23.12879416666667,10.198878333333333,-7.538560833333333,-15.590233333333334,0.0,0.0
2025-12-06,-23.622925,10.9979325,-8.033175833333333,-15.589749166666666,0.0,0.0
2025-12-07,-23.650085000000004,11.082083333333333,-8.059897500000002,-15.5901875,0.0,0.0
2025-12-08,-21.816864999999996,10.492105833333333,-6.791246666666668,-15.025618333333336,0.0,0.0
2025-12-09,-18.535528333333332,9.208440000000001,-4.320569166666667,-14.214959166666667,0.0,0.0
2025-12-10,-19.330005833333335,8.124105833333333,-4.202775833333333,-15.12723,0.0,0.0
2025-12-11,-18.76929333333333,5.992281666666667,-3.6874225000000003,-15.081870833333333,0.0,0.0
2025-12-12,-23.207129166666665,9.795513333333334,-7.615414166666667,-15.591715000000002,0.0,0.0
2025-12-13,-23.46542583333333,9.806000833333332,-7.9266675,-15.538758333333334,0.0,0.0
2025-12-14,-23.544967499999995,10.286665833333334,-7.9514475,-15.593519999999998,0.0,0.0
2025-12-15,-21.822946666666667,9.498456666666668,-6.502775833333333,-15.320170833333334,0.0,0.0
2025-12-16,-22.89577,14.563702499999998,-7.306310833333333,-15.589459166666668,0.0,0.0
2025-12-17,-23.89261333333333,15.307943333333334,-8.303195833333334,-15.589417500000001,0.0,0.0
2025-12-18,-23.77894833333333,12.975517499999999,-8.18963,-15.589318333333335,0.0,0.0
2025-12-19,-23.8794875,16.530810833333334,-8.289618333333333,-15.589869166666665,0.0,0.0
2025-12-20,-23.643326666666663,14.894165833333332,-8.0537,-15.589626666666668,0.0,0.0
2025-12-21,-22.250566666666664,13.664521666666667,-6.662014166666666,-15.5885525,0.0,0.0
2025-12-22,-22.893088333333335,10.347245833333332,-7.301215,-15.591873333333332,0.0,0.0
2025-12-23,-23.7171425,8.12603,-8.123023333333334,-15.594119166666665,0.0,0.0
2025-12-24,-23.840938333333334,14.494240833333334,-8.302483333333333,-15.538454999999997,0.0,0.0
2025-12-25,-23.66936166666667,14.0138675,-8.078770833333333,-15.590590833333332,0.0,0.0
2025-12-26,-23.812039166666665,11.338425833333332,-8.221358333333333,-15.590680833333336,0.0,0.0
2025-12-27,-20.104199166666668,4.741208333333333,-5.58726,-14.516939166666667,0.0,0.0
2025-12-28,-19.573220833333334,6.010551666666666,-5.635648333333333,-13.9375725,0.0,0.0
2025-12-29,-23.656879166666666,9.455548333333335,-8.0645225,-15.592356666666667,0.0,0.0
2025-12-30,-21.164737499999998,7.6875141666666655,-5.903298333333334,-15.261439166666667,0.0,0.0
2025-12-31,-20.5856725,3.731084166666667,-5.449031666666666,-15.136640833333333,0.0,0.0
2026-01-01,-8.597483333333333,-7.983743333333333,-1.458305,-7.139178333333334,0.0,0.0
2026-01-02,-13.616009166666664,-5.387983333333334,-3.2493600000000002,-10.366649166666667,0.0,0.0
2026-01-03,-22.204592499999997,0.60915,-6.643518333333333,-15.561074166666668,0.0,0.0
2026-01-04,-19.521197500000003,2.2540975000000003,-6.337445833333333,-13.183751666666668,0.0,0.0
2026-01-05,-12.882848333333332,-0.22725166666666669,-2.387261666666667,-10.495586666666666,0.0,0.0
2026-01-06,-19.9241325,9.369316666666668,-4.715070000000001,-15.2090625,0.0,0.0
2026-01-07,-23.6967,11.7295075,-8.101613333333333,-15.595086666666669,0.0,0.0
2026-01-08,-23.82848916666667,13.0222125,-8.234081666666667,-15.5944075,0.0,0.0
2026-01-09,-15.646526666666668,7.392723333333333,-2.6097983333333334,-13.036728333333333,0.0,0.0
2026-01-11,-23.494239999999998,10.647660833333331,-7.897427500000001,-15.5968125,0.0,0.0
2026-01-12,-23.497228333333332,13.651169166666666,-7.900475,-15.596753333333334,0.0,0.0
2026-01-13,-22.918653333333335,10.591885,-7.321650833333333,-15.5970025,0.0,0.0
2026-01-14,-22.688976666666665,5.389609166666666,-7.200943333333334,-15.488033333333332,0.0,0.0
2026-01-16,-23.632798333333337,11.045383333333334,-8.033464166666668,-15.599334166666667,0.0,0.0
2026-01-17,-22.946759166666663,11.575224166666665,-7.348889166666666,-15.597869999999999,0.0,0.0
2026-01-18,-23.45832833333333,10.095736666666665,-7.861870833333334,-15.596457499999998,0.0,0.0
2026-01-19,-23.762434166666665,6.503099166666667,-8.166228333333333,-15.596205833333334,0.0,0.0
2026-01-20,-23.161866666666665,6.721895000000001,-7.877528333333332,-15.284338333333334,0.0,0.0
2026-01-21,-21.85212,6.596516666666666,-6.462297500000001,-15.389822500000001,0.0,0.0
2026-01-22,-16.871500833333336,0.5578491666666666,-3.339851666666667,-13.531649166666668,0.0,0.0
2026-01-23,-10.082640833333333,-7.526608333333334,-1.2540383333333331,-8.8286025,0.0,0.0
2026-01-24,-12.229669166666666,-4.439908333333333,-2.162758333333333,-10.066910833333331,0.0,0.0
2026-01-26,-22.534058333333334,7.568055000000001,-7.0221100000000005,-15.511948333333335,0.0,0.0
2026-01-27,-19.138072500000003,5.824115000000001,-4.546904166666666,-14.591168333333332,0.0,0.0
2026-01-28,-9.662172500000002,-1.4211399999999998,-1.0718716666666668,-8.590300833333332,0.0,0.0
2026-01-30,1.4222091666666665,-15.032670833333334,1.5739724999999998,-0.15176333333333336,0.0,0.0
2026-01-31,-16.849329166666667,-0.8459008333333332,-4.5181675,-12.331161666666665,0.0,0.0
2026-02-01,-23.936190833333335,9.125459166666666,-8.335,-15.601190833333334,0.0,0.0
2026-02-02,-3.496599166666667,-2.1273566666666666,-1.306915,-2.1896841666666664,0.0,0.0
2026-02-03,-8.7324675,-0.28536333333333336,-0.7844975,-7.947970000000001,0.0,0.0
2026-02-04,-8.016576666666666,-8.983501666666667,-0.9660716666666667,-7.050505,0.0,0.0
2026-02-05,-16.367704166666666,-0.7327783333333333,-4.329399166666667,-12.038305000000001,0.0,0.0
2026-02-06,-14.819325000000001,2.6487675,-3.600108333333333,-11.219216666666668,0.0,0.0
2026-02-08,-10.885219999999999,-2.4468850000000004,-1.6894025000000001,-9.1958175,0.0,0.0
2026-02-09,-18.271217499999995,5.1979225,-4.3084983333333335,-13.962719166666668,0.0,0.0
2026-02-10,-20.9243025,13.599025,-5.9668625,-14.95744,0.0,0.0
2026-02-11,-22.232114999999997,9.5881075,-6.656174166666665,-15.575940833333334,0.0,0.0
2026-02-13,-2.8637675,-1.2655433333333335,-2.0831999999999997,-0.7805674999999999,0.0,0.0
2026-02-15,-22.047092499999994,9.722326666666666,-6.549376666666667,-15.497715833333332,0.0,0.0
2026-02-16,-20.35146083333333,7.744088333333333,-5.2355366666666665,-15.115924166666666,0.0,0.0
2026-02-17,-21.48454166666667,3.7861383333333336,-5.987662500000001,-15.496879166666668,0.0,0.0
2026-02-18,-23.709311666666665,10.254584999999999,-8.11348,-15.595831666666667,0.0,0.0
2026-02-19,-14.8328025,5.050725833333333,-2.860539166666667,-11.972263333333334,0.0,0.0
2026-02-20,-16.785255833333338,4.613828333333334,-3.9394283333333338,-12.845827499999997,0.0,0.0
2026-02-21,-11.547511666666667,7.132125833333333,-1.3179208333333334,-10.229590833333331,0.0,0.0
2026-02-22,-20.787869166666663,11.469376666666667,-5.714225000000001,-15.073644166666666,0.0,0.0
2026-02-23,-13.313705833333334,-0.29564999999999997,-2.5036841666666665,-10.810021666666666,0.0,0.0
2026-02-24,-20.54964416666667,9.32324,-5.2605275,-15.289116666666667,0.0,0.0
2026-02-25,-18.07282,6.541927500000001,-4.418628333333333,-13.654191666666668,0.0,0.0
2026-02-27,-20.083388333333332,8.076671666666666,-5.142210833333333,-14.9411775,0.0,0.0
2026-02-28,-12.744857500000002,-6.0863925000000005,-2.8616291666666664,-9.883228333333335,0.0,0.0
2026-03-01,-9.969069166666666,-4.801540833333333,-2.2879158333333334,-7.681153333333333,0.0,0.0
2026-03-03,-23.513227499999996,8.3435825,-7.917494166666668,-15.595733333333333,0.0,0.0
2026-03-04,-21.830011666666664,15.509042500000001,-6.440400833333333,-15.389610833333336,0.0,0.0
2026-03-05,-16.99417,12.10454,-5.259351666666666,-11.734818333333335,0.0,0.0
2026-03-10,-17.76402333333333,11.382051666666666,-4.710100833333333,-13.053922500000002,0.0,0.0
2026-03-11,-17.011912499999998,11.145514999999998,-3.9883775,-13.023535000000003,0.0,0.0
2026-03-12,-20.526125,10.80542,-5.586309999999999,-14.939815000000001,0.0,0.0
2026-03-13,-13.108361666666665,3.861103333333333,-4.021019166666667,-9.0873425,0.0,0.0
2026-03-14,0.24530083333333333,-2.2128383333333335,1.2611133333333335,-1.0158125,0.0,0.0
2026-03-15,-3.6625066666666672,0.6195258333333332,-1.4790375,-2.183469166666667,0.0,0.0
2026-03-16,-21.947960833333333,6.654835833333333,-6.559985,-15.387975833333332,0.0,0.0
2026-03-17,-18.89010583333333,9.677980833333333,-5.227158333333334,-13.6629475,0.0,0.0
2026-03-18,-22.017347499999996,9.521741666666667,-7.114961666666666,-14.902385833333334,0.0,0.0
2026-03-19,-23.570175,9.207311666666667,-7.974921666666666,-15.595253333333334,0.0,0.0
2026-03-20,-17.028013333333334,9.249630833333335,-5.158600833333333,-11.869412500000001,0.0,0.0
2026-03-21,-15.562470833333332,9.492899166666666,-4.901008333333333,-10.661462499999999,0.0,0.0
2026-03-22,-8.290165833333335,4.949750833333334,-2.14167,-6.1484958333333335,0.0,0.0
2026-03-23,-18.054925833333332,11.459328333333334,-5.500968333333334,-12.5539575,0.0,0.0
2026-03-24,-12.77212,2.35817,-3.518204166666667,-9.253915833333334,0.0,0.0
2026-03-25,-4.480463333333333,-2.8002166666666666,-0.8585008333333334,-3.6219625,0.0,0.0
2026-03-26,-19.428467499999996,10.379625833333332,-5.556017500000001,-13.87245,0.0,0.0
2026-03-27,-14.085434166666666,3.790288333333333,-4.9008475,-9.184586666666666,0.0,0.0
2026-03-28,-18.6896275,8.222491666666667,-5.299505833333333,-13.390121666666666,0.0,0.0
2026-03-29,-17.347265,5.212208333333333,-5.495792499999999,-11.851472500000002,0.0,0.0
2026-03-30,-19.8110475,10.700378333333335,-6.209196666666667,-13.601850833333332,0.0,0.0
2026-03-31,-21.817565833333333,13.517934166666667,-6.620102499999999,-15.197463333333335,0.0,0.0
2026-04-01,-19.448905833333335,8.768235833333334,-6.1163125,-13.332593333333332,0.0,0.0
2026-04-02,-11.47101,3.890448333333333,-4.234400833333333,-7.236609166666666,0.0,0.0
2026-04-03,-10.624940833333332,0.24320416666666678,-3.2108908333333335,-7.4140500000000005,0.0,0.0
2026-04-05,0.5634616666666666,-13.033698333333334,-0.254315,0.8177766666666666,0.0,0.0
2026-04-06,-5.696742500000001,-9.116360833333333,-3.0579899999999998,-2.6387525,0.0,0.0
2026-04-07,-16.681663333333333,2.877993333333333,-5.238627500000001,-11.443035833333331,0.0,0.0
2026-04-08,-4.9035183333333325,0.4492833333333334,-2.4970766666666666,-2.406441666666667,0.0,0.0
2026-04-09,-3.937113333333333,-1.1666791666666665,-1.6655966666666668,-2.271516666666667,0.0,0.0
2026-04-10,-1.7047716666666666,-2.0117325000000004,-1.0207091666666668,-0.6840625,0.0,0.0
2026-04-11,4.4616825,-6.4678025,0.2232783333333333,4.238404166666666,0.0,0.0
2026-04-12,-2.8028383333333333,-2.1225191666666663,1.3178758333333334,-4.120714166666667,0.0,0.0
2026-04-13,1.8196441666666665,-9.421611666666665,0.852855,0.9667891666666667,0.0,0.0
2026-04-14,3.861055833333333,-7.989484166666666,1.0524316666666667,2.8086241666666667,0.0,0.0
2026-04-15,0.5410441666666667,-2.843375,0.3132733333333333,0.22777083333333337,0.0,0.0
2026-04-16,-9.9648475,0.9685933333333331,-3.77695,-6.187897500000001,0.0,0.0
2026-04-17,-12.173415,8.33025,-3.842775833333333,-8.330639166666666,0.0,0.0
2026-04-19,-3.456388333333334,1.9400608333333331,-0.48848916666666664,-2.967899166666667,0.0,0.0
2026-04-20,5.101725833333333,-7.241667499999999,1.7845775,3.317148333333333,0.0,0.0
2026-04-21,-5.8721499999999995,-0.018537500000000002,-1.911284166666667,-3.9608658333333335,0.0,0.0
2026-04-22,-19.229470000000006,9.564039166666666,-5.697464166666667,-13.532005833333335,0.0,0.0
2026-04-23,-6.445893333333332,-1.0494083333333333,-2.8119300000000003,-3.633963333333333,0.0,0.0
2026-04-24,-16.676515,7.033485000000001,-4.551389166666666,-12.125125833333334,0.0,0.0
2026-04-26,-9.392528333333331,2.2615658333333335,-3.3954700000000004,-5.997058333333333,0.0,0.0
2026-04-27,-13.223363333333333,7.733521666666666,-3.0854891666666666,-10.137874166666668,0.0,0.0
2026-04-29,-17.3847725,7.832891666666667,-5.3246641666666665,-12.060108333333334,0.0,0.0
2026-04-30,-21.31498083333333,6.355501666666667,-6.413565,-14.901415833333333,0.0,0.0
2026-05-01,-9.385229166666665,0.5684141666666667,-3.444538333333333,-5.940690833333332,0.0,0.0
2026-05-02,-3.1571041666666666,-1.3622458333333334,-0.5744891666666666,-2.5826149999999997,0.0,0.0
2026-05-03,-5.661809166666668,-2.3093874999999997,-2.6231233333333335,-3.038685833333334,0.0,0.0
2026-05-04,-15.176709166666667,2.874734166666667,-5.121555833333333,-10.055153333333331,0.0,0.0
2026-05-05,-12.9644925,6.855285,-4.026036666666667,-8.938455833333334,0.0,0.0
2026-05-06,-12.082241666666667,7.033889166666666,-3.802599166666667,-8.2796425,0.0,0.0
2026-05-07,-13.299263333333334,8.282971666666668,-2.2627175,-11.036545833333333,0.0,0.0
2026-05-08,0.02473666666666661,1.9335283333333333,1.1065841666666667,-1.0818475,0.0,0.0
2026-05-09,-10.599266666666667,10.383009166666668,-2.5651175,-8.034149166666667,0.0,0.0
2026-05-10,-15.234556666666666,9.789578333333333,-3.926975,-11.307581666666668,0.0,0.0
2026-05-11,-1.0558916666666667,-2.492910833333333,-0.15485416666666665,-0.9010375,0.0,0.0
2026-05-12,-10.070538333333333,6.687305000000001,-1.6712291666666668,-8.399309166666669,0.0,0.0
2026-05-13,-22.24919916666667,13.505788333333332,-6.718744166666666,-15.530454999999998,0.0,0.0
2026-05-14,-15.680805,11.224595833333332,-5.819221666666667,-9.861583333333334,0.0,0.0
2026-05-15,-12.071815,7.354323333333333,-3.683519166666667,-8.388295833333334,0.0,0.0
2026-05-16,-10.087796666666668,7.355165833333333,-3.913644166666667,-6.1741525,0.0,0.0
2026-05-17,-14.086215833333332,8.36906,-3.784266666666667,-10.301949166666665,0.0,0.0
2026-05-18,-14.507692500000001,12.267607500000002,-2.615658333333333,-11.892034166666669,0.0,0.0
2026-05-19,-18.438529999999997,14.493664166666665,-4.757774166666667,-13.680755833333334,0.0,0.0
2026-05-20,-22.5443325,13.172485000000002,-6.960308333333334,-15.584024166666667,0.0,0.0
2026-05-21,-17.377851666666665,8.668144166666666,-4.244024166666667,-13.133827499999997,0.0,0.0
2026-05-22,-12.072822500000001,3.577463333333333,-2.6254183333333336,-9.447404166666667,0.0,0.0
2026-05-23,-8.618631666666666,4.9656075,-3.7521825000000004,-4.866449166666667,0.0,0.0
2026-05-24,-12.241503333333334,4.055380833333333,-3.8837975,-8.357705833333334,0.0,0.0
2026-05-25,-13.270861666666665,4.696816666666667,-4.131886666666667,-9.138975,0.0,0.0
2026-05-26,-10.372969999999999,6.0368691666666665,-3.3189883333333334,-7.053981666666667,0.0,0.0
2026-05-27,-10.659804166666667,3.5792375,-2.71346,-7.946344166666667,0.0,0.0
2026-05-28,-10.587889166666667,4.081913333333333,-2.5077083333333334,-8.080180833333333,0.0,0.0
2026-05-29,-6.140156666666667,0.7862358333333334,-2.0746458333333333,-4.065510833333334,0.0,0.0
2026-05-30,-7.745523333333334,3.6324225,-2.858816666666667,-4.886706666666667,0.0,0.0
2026-05-31,-15.499621666666666,7.554155833333334,-5.092289166666666,-10.4073325,0.0,0.0
2026-06-01,-16.83161,6.8785316666666665,-4.3539933333333325,-12.477616666666666,0.0,0.0
2026-06-02,-8.736305,1.47788,-3.0904533333333335,-5.645851666666666,0.0,0.0
2026-06-03,-0.6270150000000001,-7.857393333333333,-0.7293541666666666,0.10233916666666662,0.0,0.0
2026-06-04,-9.825708333333335,4.882699166666667,-3.226376666666666,-6.599331666666666,0.0,0.0
2026-06-05,-20.837915833333334,11.725104166666666,-5.991839166666668,-14.846076666666669,0.0,0.0
2026-06-06,-9.509865,1.9623316666666666,-3.615483333333333,-5.894381666666667,0.0,0.0
2026-06-07,-4.3640566666666665,-0.7477599999999999,-1.826835,-2.5372216666666665,0.0,0.0
2026-06-08,-13.430566666666667,9.593786666666665,-3.260428333333334,-10.170138333333334,0.0,0.0
2026-06-09,-9.896951666666666,0.19685666666666662,-3.2105566666666663,-6.686395,0.0,0.0
2026-06-10,-15.746021666666667,11.0033525,-4.812790833333334,-10.933230833333333,0.0,0.0
2026-06-11,-8.362516666666666,0.7893766666666667,-5.069756666666667,-3.2927600000000004,0.0,0.0
2026-06-12,-11.566909166666669,6.309367500000001,-8.259945833333333,-3.306963333333333,0.0,0.0
2026-06-13,-13.249221666666669,2.04498,-3.9530691666666673,-9.2961525,0.0,0.0
2026-06-14,-11.254755000000001,1.8344283333333333,-3.3285699999999996,-7.926184999999999,0.0,0.0
2026-06-15,-15.567271666666667,3.1404150000000004,-4.471951666666666,-11.09532,0.0,0.0
2026-06-17,-20.39351166666667,11.570634166666665,-5.416745833333334,-14.976765833333333,0.0,0.0
2026-06-18,-11.717105833333333,8.030772500000001,-3.5799700000000003,-8.137135833333334,0.0,0.0
2026-06-19,-16.45012,10.808075,-5.167070000000001,-11.28305,0.0,0.0
2026-06-20,-16.4437575,9.34240166666667,-4.7507841666666675,-11.692973333333331,0.0,0.0
2026-06-21,-14.794399166666668,8.360285,-5.215431666666667,-9.578967500000001,0.0,0.0
2026-06-22,-18.740735833333332,13.304269166666668,-5.219084166666667,-13.521651666666669,0.0,0.0
2026-06-23,-10.643421666666667,8.973455,-3.196710833333333,-7.446710833333333,0.0,0.0
2026-06-24,-15.447474166666664,8.494700833333335,-4.164035,-11.283439166666668,0.0,0.0
2026-06-25,-17.514185833333336,11.036046666666667,-5.042084166666666,-12.472101666666665,0.0,0.0
2026-06-26,-14.742666666666667,10.301179166666667,-4.512101666666666,-10.230565,0.0,0.0
2026-06-27,-13.986875833333334,8.804796666666666,-4.2267225,-9.760153333333331,0.0,0.0
2026-06-28,-12.523320833333333,6.396581666666666,-4.377111666666667,-8.146209166666667,0.0,0.0
2026-06-29,-17.478356666666667,10.813011666666666,-5.075163333333333,-12.403193333333334,0.0,0.0
2026-06-30,-14.478425,9.057971666666669,-3.790468333333333,-10.687956666666667,0.0,0.0
2026-07-01,-22.360355833333333,13.005325833333334,-6.916507499999999,-15.443848333333332,0.0,0.0
2026-07-02,-15.675431666666665,5.950319999999999,-5.132945833333333,-10.542485833333334,0.0,0.0
2026-07-03,-10.025080833333334,-0.3927208333333334,-2.7009700000000003,-7.324110833333334,0.0,0.0
2026-07-04,-9.507360833333333,0.9096158333333333,-2.5656875,-6.941673333333334,0.0,0.0
2026-07-05,-10.475785,1.4151333333333334,-3.428118333333333,-7.047666666666667,0.0,0.0
2026-07-06,-15.334174166666665,9.666691666666667,-4.025,-11.309174166666665,0.0,0.0
2026-07-07,-18.563994166666664,9.92723,-4.378419166666667,-14.185575,0.0,0.0
2026-07-08,-20.590228333333332,10.117295833333333,-5.519945833333333,-15.070282500000001,0.0,0.0
2026-07-09,-18.934346666666666,11.541722500000002,-3.999033333333333,-14.935313333333333,0.0,0.0
2026-07-10,-21.465805,14.8710875,-6.107710000000001,-15.358095,0.0,0.0
2026-07-11,-14.763442500000002,12.451681666666666,-4.0898525,-10.67359,0.0,0.0
2026-07-12,-19.28591833333333,15.117044166666666,-5.546324166666667,-13.739594166666668,0.0,0.0
2026-07-13,-19.324055,13.256394166666666,-5.301785,-14.022269999999999,0.0,0.0
2026-07-14,-23.767429166666666,15.189410833333332,-8.180523333333333,-15.586905833333333,0.0,0.0
2026-07-15,-14.141865833333334,9.620049166666666,-4.595282500000001,-9.546583333333334,0.0,0.0
2026-07-16,-19.384330833333333,13.879644166666667,-5.369625833333333,-14.014704999999998,0.0,0.0
2026-07-17,-20.273624166666664,15.5734425,-5.2612491666666665,-15.012375,0.0,0.0
2026-07-18,-10.614469166666668,10.122756666666666,-3.221228333333333,-7.3932408333333335,0.0,0.0
2026-07-19,-21.15864,13.937251666666667,-5.587875,-15.570764999999998,0.0,0.0
2026-07-20,-20.434690833333335,14.3705525,-5.526270833333333,-14.908420000000001,0.0,0.0
2026-07-21,-21.444913333333332,13.815795833333334,-5.8950925,-15.549820833333333,0.0,0.0
2026-07-22,-23.519633333333335,14.702471666666668,-7.933189166666667,-15.586444166666665,0.0,0.0
2026-07-23,-22.739127500000002,14.238986666666666,-7.152149166666666,-15.586978333333333,0.0,0.0
2026-07-24,-22.373586666666665,13.136151666666668,-6.7865675,-15.587019166666668,0.0,0.0
2026-07-25,-11.512011666666668,5.895080000000001,-3.5747074999999997,-7.937304166666666,0.0,0.0
2026-07-26,-17.120294166666667,8.441329166666666,-5.29663,-11.823664166666665,0.0,0.0
2026-07-27,-14.110244999999999,3.733150833333333,-3.3219066666666666,-10.788338333333336,0.0,0.0
2026-07-28,-10.316121666666668,2.831295833333333,-3.3776325,-6.938489166666666,0.0,0.0
2026-07-29,-15.8626875,11.13862,-4.175269166666667,-11.687418333333333,0.0,0.0
2026-07-30,-14.531824166666667,7.022741666666667,-4.027057500000001,-10.504766666666667,0.0,0.0
2026-07-31,-14.303589999999998,8.18498,-3.169366666666667,-11.134223333333331,0.0,0.0
2026-08-01,-18.262053333333338,12.632909166666668,-4.84795,-13.414103333333333,0.0,0.0
2026-08-02,-8.218506666666666,5.6347125,-2.264148333333333,-5.954358333333333,0.0,0.0
2026-08-03,-14.930954999999997,10.8443375,-3.210523333333333,-11.720431666666666,0.0,0.0
2026-08-04,-18.263744166666665,10.4429125,-5.119213333333333,-13.144530833333333,0.0,0.0
2026-08-05,-16.849982500000003,10.349038333333334,-4.932444166666667,-11.917538333333333,0.0,0.0
2026-08-06,-19.891697500000003,13.256640833333332,-5.399891666666666,-14.491805833333336,0.0,0.0
2026-08-07,-18.297503333333335,11.175074166666667,-4.66984,-13.627663333333333,0.0,0.0
2026-08-08,-16.344890833333334,9.043311666666668,-4.163143333333333,-12.1817475,0.0,0.0
2026-08-09,-12.324915,6.696491666666667,-4.055123333333334,-8.269791666666666,0.0,0.0
2026-08-10,-14.269493333333335,9.035825,-4.2806533333333325,-9.98884,0.0,0.0
2026-08-11,-20.327200833333332,12.099999166666667,-5.78138,-14.545820833333334,0.0,0.0
2026-08-12,-17.1778525,14.142868333333336,-4.604078333333334,-12.573774166666668,0.0,0.0
2026-08-13,-18.536462500000003,10.450391666666667,-5.5666191666666665,-12.969843333333332,0.0,0.0
2026-08-15,-14.2758775,6.022805000000001,-4.3802775,-9.8956,0.0,0.0
2026-08-16,-15.2646,10.790275,-3.3694516666666665,-11.895148333333335,0.0,0.0
2026-08-18,-23.82426833333333,15.867096666666669,-8.238631666666667,-15.585636666666668,0.0,0.0
2026-08-19,-17.243179166666664,15.077548333333333,-5.000294166666667,-12.242885,0.0,0.0
2026-08-20,-19.182320833333335,14.365959166666668,-4.425026666666667,-14.757294166666666,0.0,0.0
2026-08-21,-17.023820833333335,13.752024166666668,-3.8881474999999996,-13.135673333333333,0.0,0.0
2026-08-22,-14.42613,8.134761666666668,-3.005353333333333,-11.420776666666669,0.0,0.0
2026-08-23,-18.333941666666664,9.92173,-5.7754225,-12.558519166666667,0.0,0.0
2026-08-24,-21.703830000000004,13.88881,-6.813298333333334,-14.890531666666668,0.0,0.0
2026-08-26,-19.281483333333334,11.424869166666666,-5.109868333333333,-14.171615,0.0,0.0
2026-08-27,-15.09240166666667,9.491740833333333,-0.9243583333333334,-14.168043333333333,0.0,0.0
2026-08-28,-12.671575833333334,2.3461041666666667,0.0,-12.671575833333334,0.0,0.0
2026-08-29,-12.379718333333333,7.663234166666666,0.0,-12.379718333333333,0.0,0.0
2026-08-30,-13.087535833333332,5.229155833333334,0.0,-13.087535833333332,0.0,0.0
2026-08-31,-14.409278333333331,8.340620833333332,-1.8948975000000001,-12.514380833333334,0.0,0.0
2026-09-01,-22.284414999999996,12.756630000000001,-6.968860833333334,-15.315554166666667,0.0,0.0
2026-09-02,-20.688893333333333,12.146850833333332,-5.650452499999999,-15.038440833333334,0.0,0.0
2026-09-03,-18.279032500000003,11.540315833333334,-4.723246666666667,-13.555785833333331,0.0,0.0
2026-09-04,-21.89173416666667,12.784066666666668,-6.442026666666668,-15.449707499999999,0.0,0.0
2026-09-05,-14.838944166666664,6.514451666666666,-4.251382500000001,-10.587561666666668,0.0,0.0
2026-09-06,-12.267269999999998,9.156971666666669,-2.2989475,-9.968322500000001,0.0,0.0
2026-09-19,-8.784020833333335,3.4170016666666676,-2.4808858333333332,-6.303134999999999,0.0,0.0
2026-09-20,-19.342178333333337,10.161325000000001,-4.549750833333333,-14.7924275,0.0,0.0
2026-09-21,-12.635940833333335,1.3787691666666664,-3.5338016666666667,-9.102139166666666,0.0,0.0
2026-09-22,-13.194673333333332,11.254383333333333,-2.723194166666667,-10.471479166666667,0.0,0.0
2026-09-23,-19.722384166666664,13.422179166666666,-4.511245,-15.211139166666667,0.0,0.0
2026-09-24,-20.61122666666667,14.032052499999999,-6.213984166666666,-14.3972425,0.0,0.0
2026-09-25,-23.843809999999998,16.9859025,-8.254146666666665,-15.589663333333332,0.0,0.0
2026-09-26,-21.910619166666663,15.444175833333333,-6.320661666666667,-15.589957499999999,0.0,0.0
2026-09-27,-15.623424166666666,11.474375833333333,-5.2306575,-10.392766666666667,0.0,0.0
2026-09-28,-16.9254725,8.290376666666667,-4.51921,-12.4062625,0.0,0.0
2026-09-29,-22.645314166666665,13.692035833333332,-7.270078333333334,-15.375235833333333,0.0,0.0
2026-09-30,-13.7375025,7.144375833333333,-3.2825891666666664,-10.454913333333334,0.0,0.0
2026-10-01,-17.4268375,6.373380833333334,-4.30562,-13.1212175,0.0,0.0
2026-10-03,-15.719006666666665,5.2318291666666665,-4.262388333333333,-11.456618333333335,0.0,0.0
2026-10-04,-16.507459166666667,7.231059166666668,-4.5438275,-11.963631666666664,0.0,0.0
