date,INTELEC,INTEW,INTFR,INTGRNL,INTIFA2,INTIRL,INTNED,INTNEM,INTNSL,INTVKL
2020-12-31,,7.361,47.939,,0.0,9.103,0.0,23.677,,
2021-01-01,,2.61,47.298,,0.0,5.522,0.0,23.491,,
2021-01-02,,0.0,47.493,,0.0,-0.847,0.0,23.078,,
2021-01-03,,-0.037,45.16,,0.0,-2.114,0.0,22.707,,
2021-01-04,,-0.451,31.141,,0.0,-5.305,0.0,21.418,,
2021-01-05,,-2.187,37.944,,0.0,-6.927,0.001,13.706,,
2021-01-06,,-0.125,41.278,,0.0,-2.143,0.001,19.307,,
2021-01-07,,0.214,23.83,,0.0,1.159,0.0,22.018,,
2021-01-08,,4.887,20.077,,0.0,6.912,0.0,18.57,,
2021-01-09,,-0.244,46.326,,0.0,-5.25,0.0,23.525,,
2021-01-10,,0.079,46.123,,0.0,1.319,0.0,21.551,,
2021-01-11,,5.004,-7.168,,0.0,6.997,0.0,15.987,,
2021-01-12,,1.845,37.438,,0.0,4.136,0.0,21.147,,
2021-01-13,,6.412,43.599,,0.0,8.216,0.0,23.896,,
2021-01-14,,2.299,37.157,,0.0,5.375,0.002,11.271,,
2021-01-15,,6.867,42.173,,0.0,4.031,0.001,17.278,,
2021-01-16,,3.786,31.952,,0.0,5.5,0.0,12.689,,
2021-01-17,,0.059,38.155,,0.0,0.81,0.0,13.4,,
2021-01-18,,-0.501,18.718,,0.0,-1.907,0.004,17.666,,
2021-01-19,,0.253,29.563,,0.0,2.684,0.0,22.443,,
2021-01-20,,-6.989,44.265,,0.0,-8.354,0.0,21.997,,
2021-01-21,,-3.854,42.431,,0.0,-5.367,0.0,21.647,,
2021-01-22,,-4.351,44.92,,3.437,-6.668,0.0,22.382,,
2021-01-23,,-3.58,47.94,,23.566,-7.396,0.0,24.1,,
2021-01-24,,-2.359,48.08,,23.566,-2.306,0.003,23.542,,
2021-01-25,,-6.37,32.029,,8.581,-8.643,0.0,13.7,,
2021-01-26,,2.07,43.866,,18.667,2.509,0.0,22.309,,
2021-01-27,,-3.375,43.652,,22.106,-4.617,0.0,21.553,,
2021-01-28,,3.088,43.025,,21.098,6.753,0.0,20.409,0.0,
2021-01-29,,1.02,44.78,,7.123,2.285,0.0,21.282,0.0,
2021-01-30,,8.897,43.921,,7.81,8.832,0.0,16.891,0.0,
2021-01-31,,3.383,46.616,,22.282,5.583,0.0,22.198,0.0,
2021-02-01,,2.43,47.396,,23.065,3.784,0.0,23.434,0.0,
2021-02-02,,4.8,45.179,,7.23,5.302,0.0,20.911,0.0,
2021-02-03,,4.026,45.217,,11.123,4.286,0.0,21.169,0.0,
2021-02-04,,-4.687,45.647,,22.433,-4.667,0.0,22.098,0.0,
2021-02-05,,-5.66,45.325,,22.089,-5.936,0.0,22.18,0.0,
2021-02-06,,-0.329,41.901,,20.492,-2.774,0.0,19.758,0.0,
2021-02-07,,6.009,34.408,,13.389,4.552,0.0,18.709,0.0,
2021-02-08,,4.816,35.442,,9.518,8.706,6.151,18.69,0.0,
2021-02-09,,4.245,37.903,,8.899,7.12,11.568,20.281,0.0,
2021-02-10,,0.084,35.744,,8.867,2.137,18.312,18.061,0.0,
2021-02-11,,11.074,26.529,,9.88,8.115,18.795,16.378,0.0,
2021-02-12,,7.384,4.779,,2.778,5.88,20.352,16.932,0.0,
2021-02-13,,7.89,20.275,,7.408,5.651,21.129,15.923,0.0,
2021-02-14,,9.181,25.75,,10.452,5.792,18.294,15.259,0.0,
2021-02-15,,3.977,39.009,,15.526,3.89,19.965,16.134,0.0,
2021-02-16,,1.941,14.186,,0.106,0.591,13.446,13.219,0.0,
2021-02-17,,0.118,23.027,,10.333,0.328,18.327,17.224,0.0,
2021-02-18,,-0.27,20.562,,3.29,0.043,9.508,10.431,0.0,
2021-02-19,,5.817,28.766,,11.152,3.698,19.189,18.109,0.0,
2021-02-20,,3.496,29.825,,15.773,0.806,13.971,16.779,0.0,
2021-02-21,,2.281,33.374,,18.297,-1.913,16.659,19.375,0.0,
2021-02-22,,2.668,45.374,,20.89,0.019,21.913,21.915,0.0,
2021-02-23,,8.853,31.026,,9.799,5.496,14.66,15.304,0.0,
2021-02-24,,-1.566,26.121,,12.199,-2.03,12.488,15.935,0.0,
2021-02-25,,-4.14,42.209,,15.602,-8.542,19.985,19.929,0.0,
2021-02-26,,0.177,46.267,,22.879,3.07,23.195,22.998,0.0,
2021-02-27,,-8.022,46.272,,22.947,-8.856,23.547,23.21,0.0,
2021-02-28,,-8.646,47.167,,23.377,-10.626,24.282,23.474,0.0,
2021-03-01,,-6.838,43.151,,20.912,-9.436,23.936,23.093,0.0,
2021-03-02,,-11.015,45.905,,22.786,-9.7,24.354,23.238,0.0,
2021-03-03,,-10.317,41.935,,22.463,-9.875,23.396,23.025,0.0,
2021-03-04,,-12.081,36.096,,23.239,-10.913,24.66,23.566,0.0,
2021-03-05,,-5.144,34.6,,20.283,-8.711,24.446,23.129,0.0,
2021-03-06,,-4.5,36.105,,23.808,-8.988,24.729,24.1,0.0,
2021-03-07,,-5.496,35.813,,22.934,-9.854,24.223,23.811,0.0,
2021-03-08,,-2.21,35.051,,21.506,-7.264,23.789,23.017,0.0,
2021-03-09,,5.297,23.582,,12.996,2.668,4.391,15.354,0.0,
2021-03-10,,5.011,21.036,,18.113,0.876,0.0,17.36,0.0,
2021-03-11,,6.381,25.287,,13.424,5.306,0.0,19.555,0.0,
2021-03-12,,7.947,22.261,,15.572,5.653,0.0,19.576,0.0,
2021-03-13,,2.288,29.713,,18.193,5.96,0.0,18.709,0.0,
2021-03-14,,-0.043,22.889,,14.771,2.95,0.0,18.188,0.0,
2021-03-15,,-3.785,32.247,,18.632,-8.739,0.0,21.511,0.0,
2021-03-16,,-4.74,28.373,,17.133,-6.159,0.0,18.589,0.0,
2021-03-17,,-3.295,32.002,,20.716,-8.916,0.0,21.007,0.0,
2021-03-18,,-0.489,18.199,,15.585,-4.186,0.0,18.357,0.0,
2021-03-19,,-5.702,33.161,,20.141,-4.241,0.0,22.201,0.0,
2021-03-20,,-6.867,45.396,,22.379,-9.448,0.0,22.542,0.0,
2021-03-21,,-6.472,45.075,,22.415,-9.433,0.0,22.381,0.0,
2021-03-22,,-1.966,41.402,,18.013,-6.422,0.0,18.097,0.0,
2021-03-23,,6.516,27.238,,8.695,4.221,0.0,18.973,0.0,
2021-03-24,,0.92,26.136,,2.519,2.667,0.001,20.169,0.0,
2021-03-25,,8.902,33.965,,8.881,6.282,0.003,18.68,0.0,
2021-03-26,,6.853,19.36,,9.751,6.028,0.004,14.902,0.0,
2021-03-27,,2.015,14.239,,9.289,1.463,0.0,15.829,0.0,
2021-03-28,,5.104,1.065,,2.412,2.391,0.001,6.061,0.0,
2021-03-29,,4.259,10.954,,4.503,4.607,0.003,10.62,0.0,
2021-03-30,,-5.471,36.369,,17.592,-5.236,0.007,20.229,0.0,
2021-03-31,,-8.421,43.545,,19.883,-9.059,0.01,21.838,0.0,
2021-04-01,,0.458,39.582,,19.529,0.611,0.0,21.408,0.0,
2021-04-02,,-0.563,44.25,,22.032,-4.062,0.001,22.271,0.0,
2021-04-03,,-4.77,44.382,,21.975,-9.77,0.007,22.269,0.0,
2021-04-04,,-0.586,25.212,,13.503,-2.972,0.006,16.696,0.0,
2021-04-05,,-1.147,13.434,,7.965,-2.742,0.001,17.41,0.0,
2021-04-06,,-2.24,27.106,,16.356,-4.297,0.001,19.942,0.0,
2021-04-07,,-5.934,26.359,,13.565,-7.195,0.004,20.76,0.0,
2021-04-08,,2.123,-28.252,,-14.605,2.207,0.002,17.135,0.0,
2021-04-09,,-4.593,36.585,,18.575,-7.745,0.001,22.081,0.0,
2021-04-10,,-3.436,44.735,,23.053,-6.651,0.002,23.271,0.0,
2021-04-11,,-3.07,46.673,,23.063,-4.824,0.002,23.267,0.0,
2021-04-12,,-6.621,32.383,,3.28,-8.876,0.0,21.892,0.0,
2021-04-13,,-4.759,34.112,,-0.048,-7.411,0.0,21.769,0.0,
2021-04-14,,-3.553,27.281,,-0.048,-8.27,0.0,22.439,0.0,
2021-04-15,,-3.916,25.775,,-0.048,-7.151,0.0,17.291,0.0,
2021-04-16,,-0.105,39.389,,-0.048,0.881,0.0,23.842,0.0,
2021-04-17,,-0.017,46.65,,-0.048,2.723,0.0,23.795,0.0,
2021-04-18,,-0.956,42.867,,-0.048,-4.452,0.0,22.896,0.0,
2021-04-19,,-2.597,-6.555,,-0.048,-5.143,0.0,18.353,0.013,
2021-04-20,,-8.03,5.72,,-0.048,-9.08,0.006,19.445,0.048,
2021-04-21,,-1.801,8.888,,-0.048,-6.911,0.01,19.191,0.048,
2021-04-22,,-0.261,30.142,,-0.048,-2.537,0.004,23.549,0.048,
2021-04-23,,1.107,44.331,,-0.048,2.763,0.007,22.997,0.048,
2021-04-24,,1.575,45.746,,-0.048,3.981,0.007,22.344,0.048,
2021-04-25,,-1.466,43.942,,-0.048,-4.141,0.003,22.069,0.048,
2021-04-26,,-6.834,42.48,,-0.048,-9.859,0.002,22.533,0.048,
2021-04-27,,-1.167,31.85,,-0.048,-4.527,0.002,22.237,0.049,
2021-04-28,,-1.476,35.862,,-0.048,-2.648,0.007,20.796,0.055,
2021-04-29,,-9.822,43.04,,-0.048,-9.27,0.007,21.043,0.048,
2021-04-30,,-10.232,42.949,,-0.063,-10.489,0.006,23.106,0.048,
2021-05-01,,-11.904,47.988,,-0.077,-10.983,0.009,24.052,0.048,
2021-05-02,,-10.724,46.901,,-0.048,-10.932,0.004,23.523,0.048,
2021-05-03,,9.411,27.227,,-0.072,5.431,0.0,18.892,0.048,
2021-05-04,,1.55,25.842,,-7.97,3.396,0.0,17.57,0.048,
2021-05-05,,-8.638,42.568,,-0.048,-7.623,0.007,21.815,0.051,
2021-05-06,,-8.029,41.044,,1.303,-10.66,0.015,21.355,0.048,
2021-05-07,,-4.167,46.346,,11.794,-4.843,0.012,22.352,0.048,
2021-05-08,,4.062,37.832,,18.811,4.058,0.007,19.217,0.048,
2021-05-09,,8.041,30.026,,15.952,5.079,0.0,17.264,0.048,
2021-05-10,,-1.353,37.492,,17.744,-2.867,0.001,19.757,0.075,
2021-05-11,,-2.525,42.818,,20.086,-1.716,0.0,20.791,0.072,
2021-05-12,,-12.419,45.691,,22.261,-10.819,0.0,22.069,0.096,
2021-05-13,,-12.323,47.293,,23.402,-10.153,0.003,23.683,0.096,
2021-05-14,,-8.63,46.775,,23.187,-8.463,0.001,23.485,0.096,
2021-05-15,,-3.939,45.614,,22.607,-6.689,0.003,22.102,0.096,
2021-05-16,,-5.042,46.19,,22.895,-8.015,0.002,23.137,0.096,
2021-05-17,,-6.558,37.293,,23.423,-9.825,0.0,23.542,0.096,
2021-05-18,,-7.821,34.863,,22.763,-10.607,0.002,23.263,0.094,
2021-05-19,,-9.805,34.73,,23.04,-9.77,0.0,23.224,0.096,
2021-05-20,,2.594,27.524,,17.6,4.53,0.0,18.747,0.074,
2021-05-21,,1.584,15.732,,11.24,0.349,0.001,15.106,0.065,
2021-05-22,,-8.785,36.112,,19.874,-9.275,0.0,20.2,0.096,
2021-05-23,,-6.818,38.496,,19.145,-3.907,0.0,19.239,0.096,
2021-05-24,,0.963,43.652,,21.664,-1.835,0.0,21.282,0.076,
2021-05-25,,-4.851,42.28,,21.289,-5.49,0.001,21.346,0.095,
2021-05-26,,-8.627,45.952,,22.741,-9.892,0.0,20.811,0.096,
2021-05-27,,0.22,45.361,,23.082,0.038,0.001,21.404,0.096,
2021-05-28,,-8.419,46.462,,13.201,-9.41,0.0,23.407,0.096,
2021-05-29,,-9.649,46.03,,12.919,-10.752,0.0,23.097,0.096,
2021-05-30,,-0.978,37.941,,18.871,-8.489,0.0,18.968,0.096,
2021-05-31,,-0.407,34.379,,16.564,-0.913,0.001,18.417,0.058,
2021-06-01,,-6.653,29.683,,20.363,-8.577,0.001,20.916,0.048,
2021-06-02,,-6.5,40.99,,6.436,-9.542,0.006,20.428,0.001,
2021-06-03,,1.263,43.366,,17.934,-0.104,0.0,18.289,-0.048,
2021-06-04,,-0.081,42.841,,21.073,-2.653,0.0,20.657,-0.065,
2021-06-05,,-3.305,41.676,,20.66,-8.141,0.0,15.698,-0.096,
2021-06-06,,-1.696,43.399,,21.518,-8.28,5.443,21.189,-0.096,
2021-06-07,,0.138,37.392,,20.652,0.788,6.079,17.861,-0.064,
2021-06-08,,0.778,33.493,,20.621,2.476,17.645,19.274,-0.048,
2021-06-09,,-0.268,30.638,,20.245,-1.914,17.637,20.473,-0.048,
2021-06-10,,4.073,29.252,,17.249,8.142,14.994,19.323,-0.048,
2021-06-11,,-1.977,29.849,,18.443,-4.372,12.866,15.576,-0.048,
2021-06-12,,-4.287,31.029,,18.87,-7.856,10.385,18.414,-0.048,
2021-06-13,,-0.557,30.066,,17.818,-5.79,14.274,17.583,-0.048,
2021-06-14,,-1.624,30.636,,20.161,-7.577,14.373,19.198,-0.048,
2021-06-15,,1.797,26.563,,18.364,1.421,12.989,18.607,-0.048,
2021-06-16,,-0.217,31.053,,19.351,-5.47,18.146,20.53,-0.048,
2021-06-17,,-2.015,31.969,,20.916,-4.286,18.16,21.375,-0.05,
2021-06-18,,-8.246,34.089,,19.996,-7.705,13.128,20.709,-0.046,
2021-06-19,,-1.186,40.179,,20.295,-5.774,16.274,18.985,-0.048,
2021-06-20,,0.475,41.059,,20.78,0.426,17.509,20.072,-0.048,
2021-06-21,,1.029,41.373,,20.928,5.731,17.73,21.594,-0.048,
2021-06-22,,-5.447,41.743,,20.935,-7.857,18.36,18.639,-0.035,
2021-06-23,,-5.925,44.118,,21.896,-8.379,14.968,20.365,-0.322,
2021-06-24,,-0.791,43.209,,21.102,-1.493,11.257,21.161,0.258,
2021-06-25,,1.69,42.332,,20.817,4.247,17.01,18.004,-0.329,
2021-06-26,,0.081,40.289,,20.006,1.3,17.598,20.171,-0.048,
2021-06-27,,-1.401,41.224,,20.468,-6.255,17.96,20.603,-0.048,
2021-06-28,,-1.375,44.419,,21.965,-4.795,17.105,21.521,-0.134,
2021-06-29,,-7.412,44.873,,22.039,-4.625,8.563,19.826,-0.048,
2021-06-30,,-9.184,44.022,,21.754,-4.429,12.773,21.239,-0.06,
2021-07-01,,-8.905,43.214,,21.987,-5.779,18.402,22.32,8.381,
2021-07-02,,-4.368,46.215,,22.808,-7.153,20.669,22.78,3.914,
2021-07-03,,-1.674,42.227,,20.956,-7.759,18.472,20.3,-0.048,
2021-07-04,,-2.135,41.832,,20.813,-8.916,20.053,20.496,-0.048,
2021-07-05,,-6.041,41.086,,20.596,-8.884,18.925,19.021,-0.048,
2021-07-06,,-1.235,38.28,,19.825,-4.079,20.903,20.673,-0.048,
2021-07-07,,-3.52,41.953,,11.16,-7.506,20.902,20.479,-0.048,
2021-07-08,,-8.476,44.804,,22.085,-9.833,21.491,22.995,-0.048,
2021-07-09,,-7.226,45.012,,16.957,-9.909,20.721,21.546,-0.048,
2021-07-10,,-7.337,44.534,,17.121,-10.182,22.367,22.335,-0.048,
2021-07-11,,-3.081,41.746,,17.341,-7.54,21.233,20.903,-0.048,
2021-07-12,,-8.285,45.376,,16.844,-0.965,21.866,22.196,-0.048,
2021-07-13,,-12.296,44.963,,16.891,0.0,18.008,22.102,-0.048,
2021-07-14,,-12.512,43.559,,17.099,0.0,19.752,20.343,-0.042,
2021-07-15,,-12.659,41.52,,15.976,0.0,18.561,19.54,-0.048,
2021-07-16,,-12.685,44.003,,17.584,0.0,20.268,18.29,-0.048,
2021-07-17,,-11.129,40.436,,16.12,-1.241,17.792,20.153,-0.048,
2021-07-18,,-5.477,42.286,,17.474,-7.905,21.235,21.155,-0.048,
2021-07-19,,-10.384,46.012,,16.859,-7.145,22.946,23.141,-0.048,
2021-07-20,,-11.327,46.549,,17.434,-10.887,22.241,23.032,-0.048,
2021-07-21,,-11.263,47.166,,18.144,-10.868,22.925,23.71,-0.048,
2021-07-22,,-10.091,45.86,,17.251,-10.799,22.374,23.072,-0.048,
2021-07-23,,-8.959,45.491,,17.823,-10.526,18.31,22.775,-0.048,
2021-07-24,,-9.688,40.993,,16.665,-10.651,15.809,21.092,-0.048,
2021-07-25,,-11.186,44.227,,16.9,-9.837,18.1,22.526,-0.048,
2021-07-26,,-7.656,46.544,,17.345,-9.861,20.699,23.06,-0.048,
2021-07-27,,-8.816,45.677,,16.916,-9.311,22.027,22.919,-0.048,
2021-07-28,,-1.985,38.456,,16.59,-4.762,17.991,21.078,-0.048,
2021-07-29,,-8.606,31.541,,18.513,-7.805,17.35,20.159,-0.048,
2021-07-30,,-7.754,37.755,,12.04,-7.233,17.046,22.237,-0.048,
2021-07-31,,-5.198,41.169,,20.473,-6.975,17.829,20.491,-0.048,
2021-08-01,,-3.59,41.885,,20.965,-9.178,18.495,21.511,-0.048,
2021-08-02,,-8.796,44.9,,22.124,-10.22,22.232,22.527,-0.048,
2021-08-03,,-9.671,42.908,,21.937,-10.783,20.955,21.754,-0.048,
2021-08-04,,-9.431,43.291,,21.745,-7.299,21.207,21.566,-0.048,
2021-08-05,,-1.655,38.421,,18.919,-1.936,18.5,19.682,-0.048,
2021-08-06,,-0.332,33.353,,16.683,-2.033,13.651,18.611,-0.047,
2021-08-07,,1.307,25.456,,15.17,4.081,7.677,16.514,-0.048,
2021-08-08,,-0.307,24.368,,15.975,-2.704,8.633,15.159,-0.048,
2021-08-09,,-2.192,41.329,,21.264,-5.099,19.806,21.75,-0.048,
2021-08-10,,-7.18,44.377,,22.013,-9.591,22.244,22.142,-0.048,
2021-08-11,,-0.868,43.74,,21.815,-2.126,21.5,21.309,-0.048,
2021-08-12,,4.772,37.66,,18.929,6.813,18.486,18.966,-0.048,
2021-08-13,,4.734,28.873,,16.081,5.505,13.996,16.463,-0.048,
2021-08-14,,-0.054,31.917,,16.186,-1.483,12.06,16.707,-0.048,
2021-08-15,,1.376,36.858,,18.477,1.862,18.406,18.759,-0.048,
2021-08-16,,0.311,33.936,,18.179,-1.466,14.13,19.305,-0.052,
2021-08-17,,1.698,38.868,,20.024,3.686,12.684,19.609,0.075,
2021-08-18,,-4.335,43.456,,21.404,-7.709,13.466,20.985,1.045,
2021-08-19,,-0.2,45.965,,22.774,-4.183,23.177,23.009,-0.872,
2021-08-20,,1.413,45.682,,22.618,3.082,22.644,22.105,0.932,
2021-08-21,,0.074,43.839,,21.705,0.503,22.351,21.42,-0.048,
2021-08-22,,-1.591,43.468,,21.525,-5.475,22.08,21.591,-0.048,
2021-08-23,,-6.214,45.311,,22.387,-8.869,22.98,22.398,-0.048,
2021-08-24,,-0.273,45.641,,22.647,-5.189,23.008,22.637,0.522,
2021-08-25,,0.0,44.999,,22.307,-6.174,21.246,22.569,-0.026,
2021-08-26,,0.0,42.326,,21.28,-8.43,21.032,21.338,0.026,
2021-08-27,,0.0,44.308,,22.081,-7.352,22.645,22.302,0.012,
2021-08-28,,-0.988,40.715,,20.204,-4.65,20.452,20.346,-0.048,
2021-08-29,,-1.222,37.003,,18.376,-5.508,18.337,18.499,-0.048,
2021-08-30,,-3.391,40.711,,20.046,-6.446,19.972,19.624,-0.048,
2021-08-31,,-1.119,43.501,,21.545,-7.491,22.045,21.151,-0.094,
2021-09-01,,-3.026,45.552,,22.566,-7.652,18.282,19.931,0.079,
2021-09-02,,-1.278,45.282,,22.913,-5.025,21.306,19.901,-4.175,
2021-09-03,,-5.139,46.683,,23.124,-8.643,22.711,21.194,-0.077,
2021-09-04,,-3.574,44.666,,22.182,-9.462,22.353,21.312,-0.048,
2021-09-05,,-3.112,43.731,,21.678,-7.58,22.083,21.885,-0.048,
2021-09-06,,-3.67,36.619,,23.226,-4.074,23.256,22.962,-0.048,
2021-09-07,,-3.451,35.625,,23.447,-5.656,21.496,20.419,-12.106,
2021-09-08,,-5.436,35.153,,22.987,-5.071,20.841,21.302,-0.048,
2021-09-09,,-6.132,34.928,,23.415,-4.876,23.546,21.159,3.367,
2021-09-10,,0.071,25.9,,23.195,0.11,22.526,22.136,-0.048,
2021-09-11,,-2.897,21.763,,21.692,-7.339,14.389,16.078,-0.048,
2021-09-12,,-0.42,22.769,,22.679,-4.131,18.842,22.834,-0.048,
2021-09-13,,-0.349,21.501,,22.052,-1.317,17.522,19.199,-0.048,
2021-09-14,,-1.903,20.748,,21.714,-1.14,17.45,19.261,9.881,
2021-09-15,0.0,-0.272,0.001,,20.67,-2.225,18.049,20.962,6.257,
2021-09-16,0.0,5.334,0.0,,20.603,5.916,18.432,20.237,6.249,
2021-09-17,0.244,-2.528,0.0,,17.65,-3.505,15.486,17.609,10.165,
2021-09-18,1.292,-0.908,0.0,,23.108,-2.545,23.055,23.273,-0.096,
2021-09-19,0.0,-0.157,0.0,,22.137,-3.751,22.254,21.182,-0.096,
2021-09-20,0.788,-0.411,0.063,,19.396,-4.85,20.166,19.885,-0.062,
2021-09-21,1.458,-0.282,0.0,,22.653,-3.588,22.5,3.267,0.035,
2021-09-22,0.0,0.965,0.0,,20.469,2.938,20.71,0.0,0.089,
2021-09-23,0.0,-1.076,0.0,,9.39,-5.503,14.394,0.0,10.342,
2021-09-24,0.594,-0.624,0.0,,14.924,-4.909,19.541,11.86,0.106,
2021-09-25,2.568,0.46,0.0,,21.819,-0.272,22.363,21.036,-0.048,
2021-09-26,0.0,2.644,0.0,,17.293,-0.08,15.151,16.844,-0.048,
2021-09-27,1.804,0.125,0.0,,6.47,-1.424,-0.412,14.636,-0.048,
2021-09-28,3.466,-0.063,0.0,,11.403,-2.335,0.008,15.882,-0.046,
2021-09-29,0.0,-0.045,0.0,,17.241,-2.44,0.009,20.222,-0.048,
2021-09-30,0.0,3.744,0.0,,12.485,4.09,0.008,18.862,-0.063,
2021-10-01,-1.531,2.065,0.0,,10.097,2.509,7.5,16.773,11.11,
2021-10-02,-2.645,1.316,0.0,,10.464,2.131,14.985,15.64,16.616,
2021-10-03,0.0,0.913,0.0,,7.413,1.105,4.867,15.046,16.535,
2021-10-04,0.0,-3.284,0.0,,15.962,-6.625,19.141,21.075,16.566,
2021-10-05,0.0,-1.56,0.0,,17.063,-3.093,16.167,19.485,16.545,
2021-10-06,0.0,-1.015,0.0,,11.756,-1.734,12.334,17.283,16.585,
2021-10-07,0.0,8.886,0.0,,13.304,6.363,11.585,13.403,14.983,
2021-10-08,0.0,1.842,0.0,,19.052,4.439,21.266,19.277,16.752,
2021-10-09,0.0,0.359,0.0,,22.033,0.856,20.653,23.955,16.752,
2021-10-10,0.0,-2.087,0.0,,22.803,-7.874,20.615,22.723,16.403,
2021-10-11,0.0,-4.707,0.0,,20.664,-9.131,15.672,21.308,16.752,
2021-10-12,0.0,-4.186,0.0,,18.902,-9.16,22.96,22.21,16.752,
2021-10-13,0.0,-4.69,0.0,,21.181,-7.26,19.227,21.265,16.403,
2021-10-14,0.0,-1.484,0.0,,18.888,-5.467,20.97,20.269,16.751,
2021-10-15,0.0,-3.204,0.0,,19.091,-5.777,20.008,22.922,14.999,
2021-10-16,0.0,1.038,0.0,,22.595,0.934,21.55,21.422,14.091,
2021-10-17,0.0,-1.26,0.0,,23.348,-4.367,19.543,22.269,16.648,
2021-10-18,0.0,2.309,0.0,,17.854,2.347,19.017,21.264,16.655,
2021-10-19,0.0,0.777,0.001,,13.903,5.499,21.746,21.236,16.351,
2021-10-20,0.0,-5.408,0.977,,16.321,-6.814,17.543,21.201,14.584,
2021-10-21,0.0,-1.844,4.146,,9.282,-6.869,6.971,19.756,12.201,
2021-10-22,0.0,-3.328,0.858,,5.598,-5.876,12.807,16.178,16.63,
2021-10-23,0.0,4.53,7.518,,8.978,7.326,12.063,14.431,16.653,
2021-10-24,0.0,1.273,-0.466,,3.496,4.156,17.605,12.137,14.904,
2021-10-25,0.0,0.47,-1.995,,-1.362,3.953,19.058,9.651,16.648,
2021-10-26,0.0,6.474,-7.78,,-11.839,6.66,20.502,11.06,16.655,
2021-10-27,0.0,-1.715,-10.26,,-12.754,-2.944,13.188,2.575,15.764,
2021-10-28,0.0,-8.529,12.897,,12.056,-9.4,16.784,19.009,16.656,
2021-10-29,0.0,-9.916,15.718,,15.76,-10.617,20.301,20.981,16.656,
2021-10-30,0.0,-7.542,12.597,,14.449,-5.712,9.853,18.306,16.655,
2021-10-31,0.0,-3.195,8.129,,13.319,-3.641,1.592,16.222,11.171,
2021-11-01,0.0,-6.761,15.656,,16.076,-7.401,15.581,19.753,13.599,
2021-11-02,0.0,-2.972,17.971,,17.189,-7.554,8.686,17.274,16.656,
2021-11-03,0.0,0.003,3.796,,-5.825,-0.488,2.033,-0.334,9.862,
2021-11-04,0.0,-6.143,9.328,,7.847,-6.412,19.879,12.678,16.656,
2021-11-05,0.0,-5.936,14.257,,15.535,-6.475,24.05,16.326,16.651,
2021-11-06,0.0,4.092,4.03,,6.244,2.654,17.488,19.732,16.342,
2021-11-07,0.0,-8.408,4.948,,4.723,-9.875,19.081,12.136,5.568,
2021-11-08,0.0,2.32,-2.672,,-6.077,6.215,12.888,7.67,16.656,
2021-11-09,0.0,-3.83,-8.925,,-10.074,-7.414,13.708,9.272,12.11,
2021-11-10,0.0,-4.338,-5.158,,0.219,-8.469,13.078,13.291,5.007,
2021-11-11,0.0,5.907,-5.901,,-5.206,4.082,11.943,9.599,16.652,
2021-11-12,0.0,3.574,-13.894,,-14.091,1.656,20.488,6.826,16.653,
2021-11-13,0.0,-4.227,11.287,,8.183,-8.575,21.715,12.505,16.656,
2021-11-14,0.0,-0.254,15.618,,16.332,-4.304,19.631,15.581,16.654,
2021-11-15,0.0,-0.488,9.741,,7.458,-3.336,16.27,10.23,16.655,
2021-11-16,0.0,2.622,-3.179,,-1.055,4.692,2.201,-12.531,16.655,
2021-11-17,0.0,1.646,-5.37,,-0.048,0.27,22.018,1.144,16.649,
2021-11-18,0.0,3.492,-16.14,,-0.048,2.69,21.573,6.134,16.653,
2021-11-19,0.0,0.213,-11.26,,-4.727,-0.349,21.672,8.0,16.645,
2021-11-20,0.0,0.338,-9.704,,-14.703,2.842,24.34,12.27,16.651,
2021-11-21,0.0,0.243,-8.114,,-15.233,1.055,25.148,18.499,16.656,
2021-11-22,0.0,-0.569,-4.237,,-11.131,0.091,14.029,9.098,16.581,
2021-11-24,0.0,5.151,-9.119,,-10.069,1.846,7.559,-6.132,16.656,
2021-11-25,0.0,7.236,-22.84,,-22.015,5.462,21.183,2.058,16.648,
2021-11-26,0.0,8.951,-18.841,,-18.807,6.404,21.254,15.005,16.656,
2021-11-27,0.0,4.011,-5.661,,-5.927,1.006,23.471,16.788,16.654,
2021-11-28,0.0,-1.602,15.328,,14.217,-6.791,24.819,19.506,16.403,
2021-11-29,0.0,1.021,-15.719,,-14.306,1.671,23.797,15.817,13.977,
2021-11-30,0.0,4.823,-21.775,,-20.747,6.093,24.125,22.292,15.719,
2021-12-01,0.0,5.901,-22.659,,-22.568,3.856,22.962,19.417,4.612,
2021-12-02,0.0,1.646,-11.881,,-9.269,-1.86,23.012,18.511,16.656,
2021-12-03,0.0,0.681,-6.555,,-5.546,-0.413,20.997,13.86,13.716,
2021-12-04,0.0,0.0,5.861,,3.622,6.442,21.177,17.363,16.656,
2021-12-05,0.0,0.0,-2.133,,2.014,2.72,19.084,17.39,16.656,
2021-12-06,0.0,0.0,-13.046,,-14.446,2.904,15.521,6.628,3.278,
2021-12-07,0.001,0.0,-15.393,,-14.773,-0.482,23.557,14.58,14.415,
2021-12-08,0.0,-0.048,-12.363,,-11.995,3.69,19.353,20.545,16.307,
2021-12-09,0.0,4.19,-15.991,,-12.375,3.674,17.77,12.637,16.647,
2021-12-10,0.0,1.924,-7.994,,-6.177,1.042,9.197,4.603,16.644,
2021-12-11,0.0,4.95,11.716,,9.53,2.612,23.166,23.504,16.625,
2021-12-12,0.0,4.57,6.968,,6.132,1.828,23.496,22.948,16.638,
2021-12-13,0.0,0.116,-8.522,,-7.584,1.668,14.779,8.037,16.076,
2021-12-14,0.0,9.722,-13.959,,-11.98,8.28,17.549,10.252,16.581,
2021-12-15,0.0,5.945,-12.681,,-12.838,7.088,15.375,13.426,16.305,
2021-12-16,0.0,4.693,1.552,,0.771,5.297,13.129,15.712,16.651,
2021-12-17,0.0,7.532,9.111,,8.615,7.537,13.898,18.89,16.641,
2021-12-18,0.0,5.026,17.093,,16.757,8.136,23.991,22.902,16.638,
2021-12-19,0.0,0.39,5.661,,4.734,3.475,23.644,21.709,16.648,
2021-12-20,0.0,5.846,-2.101,,-7.091,6.81,22.768,16.886,15.306,
2021-12-21,0.0,9.16,-4.27,,-9.427,8.568,18.289,13.185,15.103,
2021-12-22,0.0,8.03,-10.395,,-20.083,8.471,21.218,12.763,11.632,
2021-12-23,0.0,3.749,-6.878,,-12.351,3.842,22.471,19.631,16.309,
2021-12-24,0.0,5.754,-6.043,,-7.912,7.017,22.966,20.398,16.655,
2021-12-25,0.0,1.767,-13.556,,-14.019,4.013,14.789,15.652,10.049,
2021-12-26,0.0,-0.832,6.68,,4.188,-5.736,14.231,13.584,5.378,
2021-12-27,0.0,0.123,17.495,,18.337,0.221,21.397,19.094,10.458,
2021-12-28,0.0,-2.007,24.098,,23.725,-2.792,25.155,24.013,13.719,
2021-12-29,0.0,5.477,10.948,,13.423,4.887,12.28,16.918,14.291,
2021-12-30,0.0,-0.803,8.493,,-3.966,-1.888,14.248,16.637,4.744,
2021-12-31,0.0,5.092,0.501,,-0.096,6.626,19.443,20.169,5.335,
2022-01-01,0.0,2.219,-10.787,,-0.096,1.524,-4.485,2.708,-6.222,
2022-01-02,0.0,0.142,-2.963,,-0.095,3.54,5.006,8.801,-12.971,
2022-01-03,0.0,2.051,-0.002,,6.808,0.662,1.444,10.411,-8.103,
2022-01-04,0.0,-2.708,15.26,,15.894,-3.114,9.115,16.816,11.105,
2022-01-05,0.0,-4.972,15.741,,15.349,-8.057,18.559,19.825,11.905,
2022-01-06,0.0,5.454,13.754,,13.724,6.179,14.007,16.209,16.078,
2022-01-07,0.0,2.988,14.518,,14.291,1.335,22.505,20.65,16.366,
2022-01-08,0.0,5.584,15.645,,16.972,6.527,23.023,19.68,16.656,
2022-01-09,0.0,4.37,19.934,,22.507,1.9,21.094,22.29,14.911,
2022-01-10,0.0,2.135,-6.251,,-4.423,1.497,-0.852,-3.19,13.407,
2022-01-11,0.0,0.353,-10.444,,-10.09,0.826,5.992,5.877,16.656,
2022-01-12,0.0,0.368,-16.89,,-16.809,0.714,-4.743,-7.154,16.656,
2022-01-13,0.0,0.706,-16.862,,-14.186,0.764,18.872,11.644,16.656,
2022-01-14,0.0,6.801,6.564,,8.549,2.541,22.291,19.319,16.656,
2022-01-15,0.0,-0.059,11.975,,13.497,2.223,13.689,20.701,16.656,
2022-01-16,0.0,0.863,9.02,,10.789,2.024,19.148,14.771,16.656,
2022-01-17,0.0,4.24,-2.428,,-1.825,2.785,21.297,23.107,16.656,
2022-01-19,0.0,2.728,-18.392,,-19.341,3.638,20.181,13.74,12.329,
2022-01-20,0.0,0.28,-10.215,,-3.459,-3.862,20.192,20.272,16.309,
2022-01-21,0.0,-0.927,-6.451,,-2.851,-0.336,17.357,22.985,16.656,
2022-01-22,0.0,0.177,8.174,,8.967,3.157,21.335,23.211,16.656,
2022-01-23,0.0,4.03,11.714,,12.693,6.355,11.667,21.224,16.656,
2022-01-24,0.0,6.363,2.765,,6.53,5.993,7.885,14.907,16.656,
2022-01-25,0.0,5.268,-2.22,,-3.301,2.094,14.688,10.2,16.656,
2022-01-26,0.0,1.42,-12.389,,-23.873,0.308,11.377,10.791,16.656,
2022-01-27,0.0,-0.512,-9.649,,-18.981,-5.198,24.002,21.144,14.576,
2022-01-28,0.0,4.541,-10.45,,-19.641,3.641,19.957,18.35,16.656,
2022-01-29,0.0,2.001,1.773,,2.3,-0.871,21.572,17.823,12.535,
2022-01-30,0.0,6.498,6.023,,13.767,3.54,22.17,22.28,16.289,
2022-01-31,0.0,5.783,-0.86,,3.047,1.772,15.271,20.971,12.764,
2022-02-01,0.0,6.623,0.15,,3.375,6.177,18.156,16.647,16.52,
2022-02-02,0.0,-0.645,-0.97,,-4.818,-2.276,24.659,18.866,15.471,
2022-02-03,0.0,1.15,-11.387,,-21.555,1.904,21.402,2.099,16.656,
2022-02-04,0.0,-0.202,-2.482,,-2.665,-0.577,22.515,22.335,15.465,
2022-02-05,0.0,10.785,-0.945,,-1.205,6.419,21.535,23.498,16.654,
2022-02-06,0.0,6.43,4.065,,4.139,2.779,21.808,22.79,10.011,
2022-02-07,0.0,2.191,-0.799,,1.31,3.046,19.863,17.143,17.886,
2022-02-08,0.0,3.288,-8.146,,-15.691,2.774,20.573,15.926,25.152,
2022-02-09,0.0,1.077,-2.246,,-4.236,2.13,18.499,13.073,24.366,
2022-02-10,0.0,4.158,-5.812,,-3.965,1.992,11.49,5.979,24.628,
2022-02-11,0.0,4.018,-10.419,,-8.932,1.943,21.699,13.287,25.152,
2022-02-12,0.0,5.369,-5.729,,-6.6,2.46,17.719,17.573,24.628,
2022-02-13,0.0,-0.879,11.615,,13.456,-4.44,16.918,24.027,25.16,
2022-02-14,0.0,3.849,14.93,,16.05,2.704,22.147,23.652,25.154,
2022-02-15,0.0,5.518,5.762,,2.522,2.35,17.455,16.722,25.154,
2022-02-16,0.0,8.501,13.931,,16.069,6.307,16.346,21.228,24.519,
2022-02-17,0.0,-0.135,13.802,,16.096,0.244,12.172,18.144,15.475,
2022-02-18,0.0,4.861,18.598,,19.582,5.847,9.726,15.207,24.191,
2022-02-19,0.0,3.05,18.466,,19.466,1.408,23.306,16.144,21.571,
2022-02-20,0.0,11.872,5.661,,11.397,6.475,15.03,19.191,10.014,
2022-02-21,-0.068,5.437,10.333,,17.699,1.589,12.187,20.867,18.993,
2022-02-22,0.182,4.486,8.492,,15.654,4.066,6.628,17.153,25.152,
2022-02-23,-0.396,4.612,0.074,,2.926,4.454,12.641,18.499,24.104,
2022-02-24,7.125,3.569,5.927,,12.406,4.438,19.979,23.257,25.152,
2022-02-25,0.0,2.2,2.801,,8.489,-0.849,19.742,18.513,25.152,
2022-02-26,0.0,10.425,1.12,,5.644,6.537,14.97,12.329,25.152,
2022-02-27,0.0,0.248,0.641,,0.267,-0.947,21.456,20.093,25.152,
2022-02-28,4.929,-4.756,-2.954,,-4.886,-7.3,16.868,14.122,24.938,
2022-03-01,4.552,0.562,4.418,,8.984,-4.029,18.218,17.985,25.152,
2022-03-02,-5.581,1.344,-1.288,,-3.719,2.571,18.553,4.409,25.153,
2022-03-03,5.246,-2.825,6.508,,8.514,-3.016,19.555,15.802,24.628,
2022-03-04,0.0,-1.083,8.198,,16.139,-5.898,23.074,19.778,25.152,
2022-03-05,0.0,-0.594,10.845,,20.016,-5.708,23.658,20.741,25.153,
2022-03-06,0.0,0.766,10.976,,20.926,-0.998,23.994,23.786,25.164,
2022-03-07,-5.225,3.216,4.285,,9.721,6.896,20.546,17.999,24.628,
2022-03-08,3.67,8.721,-9.596,,-18.296,6.394,18.809,4.093,25.152,
2022-03-09,-3.986,0.794,-1.64,,-5.285,-3.262,14.616,5.977,25.1,
2022-03-10,5.121,1.476,-3.806,,-8.847,-0.11,12.971,14.713,25.152,
2022-03-11,0.0,-2.465,-3.879,,-10.99,-2.94,17.515,21.907,25.152,
2022-03-12,0.0,0.996,-5.522,,-6.963,-3.278,20.845,22.518,25.146,
2022-03-13,1.953,3.854,-4.028,,-6.872,5.679,8.59,16.721,14.067,
2022-03-14,0.949,0.664,0.168,,-12.491,-1.774,14.344,11.798,25.111,
2022-03-15,0.0,0.0,-0.048,,-18.289,0.301,4.359,-2.675,29.592,
2022-03-16,-1.258,0.0,-0.048,,-3.343,-5.055,16.526,10.05,30.379,
2022-03-17,-4.174,-0.031,0.12,,-7.714,3.094,19.93,8.592,28.072,
2022-03-18,-0.306,0.0,-0.048,,3.986,3.46,19.429,18.704,29.857,
2022-03-19,0.0,0.001,-0.048,,-9.281,6.443,19.895,23.229,24.531,
2022-03-20,0.0,0.002,-0.048,,-10.105,-3.037,11.995,16.803,28.684,
2022-03-21,15.809,0.0,-2.095,,-5.284,-2.469,21.687,17.866,33.042,
2022-03-22,0.814,0.0,-6.497,,-8.749,3.851,16.837,10.915,27.246,
2022-03-23,0.0,0.0,-1.924,,-5.809,-6.711,22.225,15.399,16.656,
2022-03-24,0.0,0.0,3.359,,5.519,-7.187,21.152,18.059,16.656,
2022-03-25,0.0,0.0,8.291,,9.7,-4.413,22.852,19.53,16.656,
2022-03-26,0.0,0.0,19.213,,17.026,-6.946,23.596,23.615,16.656,
2022-03-27,0.0,0.0,19.258,,17.01,-3.979,21.214,18.585,16.4,
2022-03-28,0.0,0.0,0.743,,-1.216,-6.514,19.392,16.364,16.656,
2022-03-29,0.0,0.0,-2.23,,-4.004,-5.722,23.136,14.391,16.656,
2022-03-30,0.0,0.0,-17.06,,-14.935,2.18,22.046,16.41,16.586,
2022-03-31,0.0,0.0,-13.613,,-13.834,3.24,17.826,19.471,16.656,
2022-04-01,0.0,0.0,-18.057,,-22.266,-2.405,21.794,18.192,16.656,
2022-04-02,0.0,0.0,-8.262,,-12.431,-4.419,18.881,24.024,16.656,
2022-04-03,0.0,0.0,-19.383,,-20.477,-1.024,10.609,12.159,15.162,
2022-04-04,0.0,0.0,-24.702,,-24.586,2.399,17.779,16.624,10.85,
2022-04-05,0.0,0.0,-23.603,,-24.482,6.98,7.14,17.672,15.339,
2022-04-06,0.0,0.0,-22.029,,-22.554,8.665,14.056,22.856,12.835,
2022-04-07,0.0,0.0,-5.636,,-8.991,-1.254,12.083,22.862,13.861,
2022-04-08,2.033,0.0,-0.951,,-3.239,-2.896,11.342,10.745,16.655,
2022-04-09,0.0,0.0,-3.206,,-1.824,-7.319,22.133,22.888,16.656,
2022-04-10,0.0,0.0,13.579,,13.968,8.963,17.759,20.385,16.656,
2022-04-11,0.0,0.0,-1.612,,-2.275,3.545,15.78,14.083,16.256,
2022-04-12,0.0,0.0,-4.85,,-4.939,-8.547,8.077,16.563,16.656,
2022-04-13,0.0,0.0,-20.578,,-17.442,-6.397,-1.696,0.237,16.656,
2022-04-14,0.0,0.0,-12.385,,-13.498,7.047,1.922,1.868,13.983,
2022-04-15,0.0,0.0,-11.692,,-15.578,-5.324,-11.547,-2.406,4.407,
2022-04-16,0.0,0.0,5.347,,3.826,6.499,5.541,11.745,-8.484,
2022-04-17,0.0,0.0,9.386,,7.851,-4.922,10.192,17.456,-9.957,
2022-04-18,0.0,0.0,7.726,,6.923,-4.03,7.449,12.16,-7.001,
2022-04-19,0.0,0.0,-10.77,,-12.177,-3.354,4.952,6.202,1.295,
2022-04-20,0.0,0.0,-21.765,,-18.894,-2.645,-7.81,-5.793,1.374,
2022-04-21,0.0,0.0,-22.135,,-23.059,5.093,-11.394,-6.045,0.475,
2022-04-22,0.0,0.0,-22.083,,-23.583,-5.162,-4.841,4.559,1.498,
2022-04-23,0.0,0.0,-5.787,,-6.607,-0.831,11.21,21.748,8.363,
2022-04-24,0.0,0.0,-8.089,,-6.177,-5.968,14.308,18.225,10.94,
2022-04-25,0.0,0.0,-9.924,,-10.266,-6.205,-2.48,-1.457,9.074,
2022-04-26,0.0,0.0,-5.693,,-19.75,-5.768,-12.161,-18.92,0.563,
2022-04-27,0.909,0.0,-0.048,,-12.88,-6.233,-0.913,-5.29,4.815,
2022-04-28,0.0,0.0,-3.216,,-8.545,-5.603,0.08,-2.921,8.257,
2022-04-29,0.27,0.0,-13.799,,-13.505,-3.995,-9.235,-10.985,1.513,
2022-04-30,0.0,0.0,-23.196,,-24.056,4.583,-22.935,-22.678,-14.347,
2022-05-01,0.0,0.0,-17.214,,-17.726,3.959,-13.475,-13.261,-9.579,
2022-05-02,0.0,0.0,-21.404,,-21.94,-1.666,-10.347,-16.515,-5.586,
2022-05-03,0.0,0.0,-3.739,,-0.916,-1.356,-0.566,-6.478,-1.006,
2022-05-04,0.0,-6.48,-18.138,,-23.356,0.72,-17.045,-18.183,-10.129,
2022-05-05,0.0,0.0,-22.332,,-23.803,6.703,-16.287,-21.843,-10.443,
2022-05-06,0.0,0.0,-24.045,,-24.469,-1.052,-24.924,-22.909,-14.247,
2022-05-07,0.0,0.031,-14.113,,-15.636,-3.956,-17.378,-19.596,-9.416,
2022-05-08,0.0,1.421,-17.507,,-16.82,3.771,-9.784,-8.945,-11.998,
2022-05-09,0.0,1.976,-24.562,,-23.3,4.357,-22.702,-22.483,-17.452,
2022-05-10,0.0,1.307,-23.807,,-24.672,4.046,-20.143,-16.778,-6.109,
2022-05-11,0.0,-0.51,-16.726,,-23.921,-2.159,-11.318,-10.237,-4.208,
2022-05-12,0.0,1.36,-23.643,,-24.311,2.781,-16.117,-23.327,-6.393,
2022-05-13,0.0,3.642,-24.673,,-24.459,2.213,-12.493,-14.436,-10.541,
2022-05-14,0.0,-2.861,-22.058,,-22.739,-0.185,-9.26,-15.463,-2.454,
2022-05-15,0.0,-2.045,-11.798,,-11.956,1.109,-11.354,-10.325,-12.25,
2022-05-16,0.0,4.902,-18.989,,-24.574,3.221,-4.036,-19.859,-15.196,
2022-05-17,0.0,4.716,-17.171,,-24.672,4.04,0.006,-22.991,-15.478,
2022-05-18,0.0,0.0,-17.233,,-19.918,3.753,0.005,-22.653,-15.83,
2022-05-19,0.0,0.0,-16.598,,-22.752,4.434,0.006,-21.982,-16.999,
2022-05-20,0.0,0.028,-16.77,,-21.556,3.74,-9.702,-20.785,-17.466,
2022-05-21,0.0,4.09,-14.991,,-24.383,2.785,-4.41,-1.79,-7.532,
2022-05-22,0.0,7.075,-12.815,,-20.192,4.536,-10.923,-12.725,-7.331,
2022-05-23,-0.001,-0.888,-2.917,,-0.7,-1.208,-5.403,-1.791,9.473,
2022-05-24,0.0,4.599,-21.836,,-23.492,2.461,-4.57,-3.966,9.407,
2022-05-25,-11.217,6.197,-23.665,,-24.668,3.41,-3.687,1.887,-8.754,
2022-05-26,-18.782,2.27,-24.755,,-24.615,1.919,9.457,22.247,14.862,
2022-05-27,-18.925,-3.656,-20.45,,-24.559,-2.947,-2.638,18.778,16.548,
2022-05-28,-12.337,-2.259,-7.36,,-11.118,-1.419,7.505,23.065,3.2,
2022-05-29,7.586,0.0,7.25,,6.958,-1.851,9.651,13.697,-0.048,
2022-05-30,-6.824,0.0,-3.832,,-10.978,-0.468,-1.137,-2.704,7.208,
2022-05-31,-11.821,0.0,-15.484,,-22.756,-0.317,-9.463,-11.481,12.876,
2022-06-01,-11.755,-5.783,-20.839,,-19.559,-2.452,-3.679,-9.57,9.393,
2022-06-02,-20.565,-5.195,-22.889,,-24.401,-3.168,-11.248,-12.228,0.356,
2022-06-03,-21.613,-4.37,-23.902,,-24.471,-2.705,-15.942,-13.61,-12.942,
2022-06-04,-21.161,3.142,-22.593,,-24.455,4.957,-11.485,-2.069,-0.29,
2022-06-05,-11.418,-0.856,-5.661,,-9.861,-2.328,-1.35,0.82,4.303,
2022-06-06,-5.126,-7.813,-3.019,,1.323,-5.438,17.566,17.8,0.04,
2022-06-07,-10.976,-0.918,-17.202,,-16.634,-0.301,3.458,-0.739,0.013,
2022-06-08,-21.77,6.441,-4.068,,-24.634,5.199,-12.985,-18.419,0.176,
2022-06-09,-21.585,4.814,-7.734,,-24.674,3.771,-10.547,-17.589,-0.88,
2022-06-10,-19.324,8.174,-21.067,,-15.893,4.092,-9.716,-21.243,-2.065,
2022-06-11,-19.0,2.966,-17.636,,-19.567,2.45,-9.601,-10.606,-16.522,
2022-06-12,-13.668,3.819,-21.021,,-21.909,4.099,-0.368,-2.869,4.254,
2022-06-13,-14.396,0.144,-20.768,,-5.202,2.268,1.142,-0.023,8.874,
2022-06-14,-20.772,-0.531,-19.332,,-0.048,-1.153,-0.155,-4.491,11.46,
2022-06-15,-21.554,-0.311,-20.34,,-0.048,-0.668,7.598,-6.817,5.26,
2022-06-16,-20.928,3.599,-20.337,,-0.048,2.211,6.071,-8.362,25.676,
2022-06-17,-19.1,-2.629,-19.273,,-4.222,-1.667,-11.241,-14.591,21.475,
2022-06-18,-15.315,5.953,-19.462,,-5.239,4.52,2.913,-11.302,7.181,
2022-06-19,-13.621,5.034,-7.788,,-15.42,4.714,1.013,1.891,18.502,
2022-06-20,-21.585,1.97,-15.504,,-24.677,0.205,-0.25,-17.767,13.388,
2022-06-21,-21.35,-2.827,-15.796,,-24.316,-1.147,8.025,-15.905,16.252,
2022-06-22,-21.791,-3.979,-16.59,,-24.69,-1.919,6.704,-18.557,3.907,
2022-06-23,-21.62,-1.306,-18.857,,-24.692,-3.441,13.457,-15.975,14.916,
2022-06-24,-20.849,1.382,-14.481,,-24.702,0.761,-6.592,-21.001,9.962,
2022-06-25,-19.315,8.874,-22.236,,-16.494,4.555,-17.437,-23.531,-3.61,
2022-06-26,-15.115,2.093,-21.538,,-24.584,-1.029,-16.1,-22.642,-10.667,
2022-06-27,-14.076,4.922,-19.716,,-23.743,2.468,-8.645,-21.011,1.109,
2022-06-28,-19.782,2.257,-19.872,,-22.996,2.665,-9.012,-20.408,-16.297,
2022-06-29,-20.638,1.901,-20.395,,-23.89,2.35,-0.526,-19.313,16.455,
2022-06-30,-17.042,5.523,-20.117,,-19.136,1.882,1.874,-9.966,24.627,
2022-07-01,-21.912,9.792,-23.112,,-23.743,0.0,-6.109,-16.776,2.863,
2022-07-02,-19.933,2.783,-24.016,,-24.575,0.0,-3.453,-16.531,6.712,
2022-07-03,-20.483,5.931,-18.501,,-21.903,0.0,0.521,-5.825,7.72,
2022-07-04,-20.269,6.081,-22.798,,-24.678,0.0,6.211,-17.723,-8.675,
2022-07-05,-22.089,5.01,-19.04,,-24.302,0.0,7.2,-15.903,19.152,
2022-07-06,-21.082,8.811,-24.072,,-24.706,0.0,-3.64,-13.857,18.474,
2022-07-07,-20.265,-2.544,-24.499,,-24.697,0.0,2.015,-18.159,17.785,
2022-07-08,-22.4,0.705,-17.9,,-24.703,0.0,-7.58,-18.691,27.688,
2022-07-10,-18.201,-0.923,-11.824,,-13.612,0.0,9.231,11.291,32.54,
2022-07-11,-23.81,10.179,-13.19,,-23.428,0.0,-1.037,-11.453,7.306,
2022-07-12,-24.541,0.498,-11.041,,-21.52,0.0,10.111,-6.771,1.205,
2022-07-13,-24.569,3.555,-14.221,,-22.904,-0.443,9.674,-0.298,14.372,
2022-07-14,-20.638,2.784,-12.943,,-20.239,-0.189,0.856,-3.034,33.417,
2022-07-15,-24.593,-1.935,-15.734,,-24.694,0.0,-0.115,-6.637,23.811,
2022-07-16,-24.597,-1.707,-21.669,,-24.707,0.0,3.49,3.151,29.481,
2022-07-17,-23.052,-1.733,-12.749,,-19.419,0.0,0.423,0.987,7.809,
2022-07-18,-24.175,-3.191,-20.531,,-22.287,-0.021,3.491,6.495,13.796,
2022-07-19,-21.176,3.182,-21.521,,-20.616,0.117,9.576,3.223,-2.96,
2022-07-20,-24.55,5.076,-17.19,,-0.048,-0.014,5.682,-2.078,13.345,
2022-07-21,-24.559,-3.532,-24.764,,-0.048,-0.058,1.38,-1.571,15.241,
2022-07-22,-24.551,0.986,-24.754,,-2.081,-0.028,4.913,0.855,15.486,
2022-07-23,-5.989,7.748,-23.883,,-24.472,-0.004,1.219,-5.346,3.031,
2022-07-24,0.0,-0.922,-24.115,,-24.63,0.0,-2.489,-3.941,9.898,
2022-07-25,0.0,-2.391,-24.688,,-24.691,0.333,0.609,-1.925,-9.982,
2022-07-26,-0.008,-2.299,-24.495,,-24.681,-0.132,-0.669,-1.644,27.628,
2022-07-27,-2.048,0.897,-24.423,,-5.203,-0.754,-0.976,-1.516,30.664,
2022-07-28,-24.549,-1.164,-24.585,,-13.386,-0.828,0.941,-1.787,-0.248,
2022-07-29,-22.419,4.603,-24.094,,-24.095,2.099,5.87,-1.498,-18.26,
2022-07-30,0.0,2.853,-22.755,,-23.696,0.708,-5.052,-7.181,-14.256,
2022-07-31,0.0,-0.466,-17.354,,-19.626,-0.338,-0.501,-0.981,-3.06,
2022-08-01,0.0,7.717,-23.677,,-23.189,4.069,0.454,-9.91,-11.434,
2022-08-02,0.0,5.876,-24.672,,-24.686,3.573,-8.273,-7.287,-21.391,
2022-08-03,0.0,2.044,-24.163,,-24.468,0.377,0.004,-3.051,-2.061,
2022-08-04,0.0,2.423,-24.721,,-24.699,1.093,-11.763,-18.593,-17.585,
2022-08-05,0.0,-3.169,-23.762,,-23.748,-2.149,-8.441,-11.168,-5.518,
2022-08-06,0.0,-3.993,-1.071,,-2.728,-2.464,4.631,5.665,19.331,
2022-08-07,-1.2,-1.64,7.763,,6.953,-1.126,8.593,11.264,1.371,
2022-08-08,-16.442,-1.811,-13.559,,-14.835,-0.195,-0.594,0.416,-10.132,
2022-08-09,-14.401,-1.882,-4.511,,-9.65,-1.773,1.575,5.143,-5.702,
2022-08-10,-15.669,0.0,3.738,,-8.024,-3.085,1.456,4.624,-5.135,
2022-08-11,-17.346,-4.889,1.681,,-4.5,-1.278,3.667,2.726,2.884,
2022-08-12,-16.418,1.112,-10.639,,-15.382,0.586,2.249,2.548,22.077,
2022-08-13,-15.961,0.564,-10.355,,-12.742,0.168,3.917,6.013,8.97,
2022-08-14,2.542,-0.184,4.57,,2.809,0.472,9.741,12.178,18.395,
2022-08-15,0.873,3.515,6.312,,1.982,2.528,4.998,12.647,7.039,
2022-08-16,-21.414,10.982,-8.342,,-8.69,5.846,2.961,9.094,3.772,
2022-08-17,-23.389,-0.168,-12.568,,-18.604,1.79,-4.298,-6.666,2.924,
2022-08-18,-24.535,9.654,-11.284,,-18.529,4.579,0.498,-10.37,-7.077,
2022-08-19,-22.539,10.566,-6.144,,-17.354,3.465,-2.625,-10.141,-14.882,
2022-08-20,-24.5,6.181,-17.499,,-23.557,3.758,-13.758,-7.065,-19.131,
2022-08-21,-4.504,0.385,1.916,,-1.346,-0.045,10.464,8.907,4.941,
2022-08-22,-6.938,5.298,2.369,,-1.439,3.169,2.918,3.089,10.187,
2022-08-23,-17.645,-0.265,-6.0,,-0.079,1.594,10.2,5.543,8.6,
2022-08-24,-16.932,7.704,-18.819,,-3.971,2.685,4.746,0.856,12.377,
2022-08-25,-19.123,5.201,-14.63,,-17.199,1.798,13.024,5.51,13.279,
2022-08-26,-15.746,-0.431,-9.698,,-13.707,2.455,11.142,5.555,12.201,
2022-08-27,-17.059,2.508,-18.207,,-16.526,0.943,0.147,4.736,8.512,
2022-08-28,-10.834,1.304,-12.366,,-15.737,0.031,13.97,13.333,10.489,
2022-08-29,-23.281,2.672,-22.768,,-22.953,3.361,-8.374,-10.094,-2.496,
2022-08-30,-24.16,5.897,-24.549,,-23.951,1.732,1.798,-0.411,-11.492,
2022-08-31,-24.557,-1.363,-24.76,,-24.706,0.993,-5.491,-6.637,-26.896,
2022-09-01,-24.542,0.862,-23.535,,-24.144,-1.805,2.553,-3.631,-25.485,
2022-09-02,-24.554,1.142,-24.71,,-24.655,-2.026,6.964,-8.211,-23.651,
2022-09-03,-24.554,0.564,-22.431,,-24.55,2.122,1.714,-7.235,-8.405,
2022-09-04,-23.373,3.872,-18.008,,-19.942,2.459,3.529,-3.459,-15.457,
2022-09-05,-24.566,6.389,-8.91,,-24.682,5.993,-5.649,-13.12,-20.011,
2022-09-06,-24.568,7.933,-5.24,,-23.805,4.61,-9.984,-12.682,-22.444,
2022-09-07,-24.552,4.222,-4.626,,-24.717,3.337,-16.27,-20.919,-26.018,
2022-09-08,-24.085,1.692,-4.626,,-18.734,-0.358,-10.799,-12.911,-22.807,
2022-09-09,-21.971,0.753,-12.464,,-22.032,0.546,-15.193,-13.744,-22.806,
2022-09-10,-15.611,2.224,-14.71,,-13.825,1.486,-4.382,-1.106,-4.964,
2022-09-11,-14.672,5.778,-20.94,,-20.885,3.107,-10.774,-8.436,-6.177,
2022-09-12,-24.33,-2.592,-20.939,,-21.161,0.337,-1.395,-11.318,-14.823,
2022-09-13,-22.696,2.423,-22.089,,-22.836,1.62,2.148,-7.645,4.688,
2022-09-14,-24.511,4.442,-23.966,,-24.421,1.958,-9.612,-20.47,-12.93,
2022-09-15,-24.461,-0.478,-24.444,,-24.213,-3.404,8.256,-8.957,-0.926,
2022-09-16,-22.916,-2.016,-19.636,,-22.542,-6.313,19.71,13.174,22.856,
2022-09-17,-7.368,-3.36,-4.144,,-3.122,-8.871,22.228,21.892,15.468,
2022-09-18,12.974,-0.986,9.872,,11.195,-7.957,15.012,22.574,2.461,
2022-09-19,-22.704,0.046,-0.974,,-10.368,-3.207,3.847,1.573,-12.749,
2022-09-20,-13.932,1.077,0.0,,-14.262,2.308,0.009,-3.712,-8.389,
2022-09-21,-21.979,1.508,0.0,,-24.606,4.063,0.005,0.0,-27.946,
2022-09-22,-24.074,-0.51,0.0,,-17.066,-2.532,0.012,0.007,-25.172,
2022-09-23,-23.936,3.154,-0.005,,-13.669,-0.366,3.044,0.009,-21.472,
2022-09-24,-24.062,-0.06,0.0,,-24.454,0.58,-22.475,-3.949,-24.416,
2022-09-25,-24.154,0.149,0.0,,-24.661,-1.964,-16.684,-14.052,-25.592,
2022-09-26,-24.179,2.967,0.0,,-19.772,2.659,-13.292,-16.271,-25.556,
2022-09-27,-24.318,2.059,0.0,,-22.51,3.888,-21.426,-20.968,-23.432,
2022-09-28,-24.547,1.54,0.0,,-19.057,0.113,-16.123,-17.95,-23.768,
2022-09-29,-24.245,1.004,0.0,,-24.086,0.218,-8.293,-16.036,-4.834,
2022-09-30,-23.37,5.516,0.0,,-22.05,7.791,-8.181,-9.938,-20.198,
2022-10-01,-20.005,-1.679,0.0,,-18.007,-4.735,5.679,18.52,7.779,
2022-10-02,10.289,-0.702,0.0,,2.599,-4.451,3.968,10.388,21.166,
2022-10-03,-20.694,8.842,0.0,,-19.767,8.573,-9.283,0.937,4.791,
2022-10-04,-24.538,-0.941,0.0,,-24.3,-2.144,-5.321,-5.393,-21.424,
2022-10-05,-24.511,3.125,0.0,,-24.021,4.607,-3.887,-3.933,15.217,
2022-10-06,-24.546,2.072,0.0,,-24.72,4.787,-8.741,-15.878,22.258,
2022-10-07,-4.093,-0.585,0.0,,-24.502,-1.03,-3.325,-3.134,21.713,
2022-10-08,0.0,-3.147,0.0,,-21.561,-3.39,4.719,1.759,26.627,
2022-10-09,0.0,4.323,0.0,,-17.674,3.302,0.734,-1.967,17.767,
2022-10-10,-0.002,-4.491,0.0,,-22.449,-5.749,-3.612,-8.105,21.524,
2022-10-11,-21.88,3.32,0.0,,-23.025,1.654,-10.42,-7.652,24.425,
2022-10-12,-24.555,-7.589,0.0,,-24.407,-6.832,-16.107,-21.098,14.09,
2022-10-13,-24.144,-0.397,0.0,,-21.801,-4.427,-6.949,-13.418,15.759,
2022-10-14,-23.276,-2.645,-4.995,,-20.328,-4.19,-5.256,-15.27,2.365,
2022-10-15,-21.913,0.0,-15.872,,-21.035,4.268,-7.959,-4.473,-3.043,
2022-10-16,-14.584,0.0,-12.453,,-16.029,-0.307,-0.326,1.678,9.792,
2022-10-17,-24.197,-1.512,-19.591,,-22.692,1.957,-9.589,-13.491,-19.872,
2022-10-18,-24.437,5.063,-6.605,,-22.515,1.79,-3.926,-10.205,1.91,
2022-10-19,-24.034,3.78,-4.104,,-24.193,7.092,-24.263,-22.565,-26.129,
2022-10-20,-24.511,7.371,-17.82,,-19.997,4.227,-2.873,-1.551,-10.634,
2022-10-21,-24.394,9.82,-21.739,,-23.85,9.441,-9.99,-12.054,-26.335,
2022-10-22,-16.533,2.657,-19.19,,-20.105,1.031,-11.78,-6.453,-18.457,
2022-10-23,6.488,-6.46,11.693,,10.883,-9.116,-1.862,12.323,-13.228,
2022-10-24,-16.817,-2.57,-13.513,,-12.118,-6.528,10.384,14.609,-14.088,
2022-10-25,-23.521,5.41,-21.948,,-21.886,2.964,-0.86,-4.413,-14.993,
2022-10-26,-24.535,8.97,-23.523,,-24.215,8.891,-18.349,-13.892,-17.58,
2022-10-27,-23.399,6.3,-18.891,,-21.081,8.155,-13.013,-7.118,-12.128,
2022-10-28,-21.613,3.362,-19.642,,-18.988,5.11,-9.037,-10.258,-14.399,
2022-10-29,-10.051,8.784,-6.462,,-3.272,9.476,-8.45,-4.874,-3.21,
2022-10-30,-5.97,9.82,-12.475,,-9.557,9.371,-3.207,-2.717,4.621,
2022-10-31,-18.113,2.779,-2.156,,-5.65,-0.551,-3.44,4.612,2.947,
2022-11-01,1.38,0.665,-3.808,,-2.427,0.539,15.178,20.46,22.844,
2022-11-02,-24.496,7.021,-23.666,,-24.47,7.817,7.384,12.172,4.354,
2022-11-03,0.285,-1.411,5.317,,5.094,-4.881,19.94,17.867,20.918,
2022-11-04,-11.168,-0.201,-15.335,,-13.177,-3.767,9.631,4.789,29.209,
2022-11-05,-11.423,3.361,-8.434,,-7.132,3.464,11.703,13.764,28.247,
2022-11-06,7.574,1.009,7.893,,8.705,7.462,20.369,17.13,28.086,
2022-11-07,-20.298,2.272,-22.543,,-23.915,3.516,0.794,6.606,25.812,
2022-11-08,-20.316,1.31,-12.64,,-9.202,3.837,5.206,7.091,22.466,
2022-11-09,-22.957,2.671,-22.321,,-22.467,3.348,-4.024,-3.935,26.304,
2022-11-10,-24.368,6.853,-24.715,,-24.689,8.241,-13.192,-14.032,23.572,
2022-11-11,-18.656,-0.514,-19.522,,-23.64,-1.459,-18.864,-10.84,21.358,
2022-11-12,-16.948,2.13,-20.604,,-23.464,6.444,-22.116,-19.162,29.053,
2022-11-13,-23.511,3.131,-20.793,,-20.006,2.322,-9.211,-15.157,29.541,
2022-11-14,-20.58,4.321,-15.53,,-21.28,-0.354,-5.027,-4.46,31.221,
2022-11-15,-22.934,-2.154,-18.327,,-21.083,-5.973,-12.321,-16.71,26.465,
2022-11-16,-14.662,-8.753,-11.426,,-13.363,-9.585,1.392,0.79,27.494,
2022-11-17,-15.399,-6.124,-16.581,,-16.844,-6.625,2.674,-3.346,26.304,
2022-11-18,-23.149,-0.844,-16.898,,-20.282,0.28,-15.265,-19.742,25.859,
2022-11-19,-23.321,4.615,-20.882,,-23.772,3.141,-18.854,-21.936,10.79,
2022-11-20,-24.417,2.408,-22.505,,-23.472,3.779,-23.914,-18.729,-11.382,
2022-11-21,-12.067,7.351,-14.319,,-20.739,6.324,-13.089,-13.05,-17.232,
2022-11-22,-12.036,1.228,-4.616,,-8.059,-0.887,2.551,2.002,18.111,
2022-11-23,-22.226,4.706,-18.875,,-21.094,7.001,-8.707,-16.495,1.433,
2022-11-24,-21.269,7.63,-22.901,,-23.391,8.397,-11.539,-18.334,-8.549,
2022-11-25,-23.724,5.958,-23.465,,-23.576,7.489,-17.525,-17.654,-1.386,
2022-11-26,-24.224,7.109,-24.391,,-24.551,9.117,-23.887,-23.96,-16.771,
2022-11-27,-22.768,6.263,-20.347,,-22.093,9.043,-15.477,-9.458,4.144,
2022-11-28,-7.706,4.264,-2.547,,-6.324,4.101,6.4,1.026,24.714,
2022-11-29,-0.734,7.209,2.635,,2.931,3.022,11.053,4.644,32.106,
2022-11-30,-4.866,10.728,-0.697,,0.846,9.118,9.11,4.823,4.919,
2022-12-01,-4.294,7.448,0.275,,-1.742,8.338,13.481,5.294,8.507,
2022-12-02,-16.146,-0.766,-7.31,,-2.912,0.292,15.28,6.224,27.559,
2022-12-03,-7.257,-2.039,-3.209,,-0.096,-6.793,9.324,13.688,28.841,
2022-12-04,-7.801,0.713,-4.505,,-2.535,6.2,10.981,3.474,29.491,
2022-12-05,-24.536,5.572,-11.745,,-23.61,6.897,0.723,-10.218,10.852,
2022-12-06,-21.896,0.938,-10.813,,-19.305,2.589,3.459,-14.116,15.11,
2022-12-07,-23.965,-1.038,-11.905,,-19.451,-3.131,15.556,-8.077,23.858,
2022-12-08,-7.948,-1.262,-5.396,,-9.467,-1.424,12.76,-3.14,18.467,
2022-12-09,-4.979,-0.119,-2.59,,-5.401,0.636,6.993,3.338,18.229,
2022-12-10,5.983,0.556,2.566,,5.24,-1.401,16.379,9.167,9.426,
2022-12-11,8.686,0.616,3.311,,5.667,0.272,23.038,17.675,22.088,
2022-12-12,-0.211,-0.277,3.724,,2.929,-0.658,21.648,12.711,25.558,
2022-12-13,-9.143,7.903,-4.664,,-5.119,1.133,20.762,9.306,16.588,
2022-12-14,-15.883,7.688,-14.136,,-12.989,3.677,16.488,1.02,-3.426,
2022-12-15,-1.247,0.616,0.716,,-0.151,-2.195,13.429,3.341,2.914,
2022-12-16,0.919,6.792,-0.367,,2.514,4.365,16.767,5.606,6.225,
2022-12-17,-5.862,1.688,-3.382,,-5.766,1.681,19.443,4.523,20.085,
2022-12-18,11.509,7.318,9.1,,10.213,9.217,19.927,14.0,28.921,
2022-12-19,-3.426,3.137,4.932,,2.748,2.645,16.053,8.17,14.403,
2022-12-20,9.518,1.837,6.582,,6.65,7.434,15.188,12.53,13.865,
2022-12-21,1.071,3.675,5.337,,5.392,2.483,7.307,7.426,1.621,
2022-12-22,18.653,-5.031,23.078,,22.021,-8.629,21.988,22.524,25.324,
2022-12-23,20.274,0.057,20.951,,20.952,1.277,8.889,18.691,4.694,
2022-12-24,15.245,-0.504,12.148,,12.372,-0.926,16.091,18.264,-2.394,
2022-12-25,8.059,-1.231,8.855,,9.394,-3.336,5.41,8.841,1.482,
2022-12-26,11.03,-6.431,5.321,,7.277,-9.142,8.301,4.503,-7.163,
2022-12-27,21.995,-0.105,17.586,,17.916,-2.476,8.753,10.011,16.262,
2022-12-28,17.769,-3.916,16.26,,16.452,-7.303,12.116,15.594,2.312,
2022-12-29,15.379,-1.894,6.795,,12.498,-4.315,6.787,14.368,-9.451,
2022-12-30,14.276,-3.341,7.67,,10.447,-1.543,-2.441,5.019,0.69,
2022-12-31,23.951,-7.887,22.766,,23.023,-9.921,9.966,13.441,22.38,
2023-01-01,23.853,-8.758,21.929,,23.237,-8.388,6.778,13.979,7.684,
2023-01-02,23.898,1.841,17.127,,18.391,-1.439,21.149,21.533,26.793,
2023-01-03,15.192,0.429,10.797,,10.042,-0.116,14.923,13.474,7.57,
2023-01-04,15.593,0.243,10.391,,10.627,-1.934,9.222,12.794,10.155,
2023-01-05,10.849,-1.537,12.636,,2.913,-0.005,9.69,9.402,9.672,
2023-01-06,9.575,-3.259,6.414,,10.237,-4.328,10.891,10.541,10.581,
2023-01-07,12.94,0.545,10.202,,3.277,2.807,3.306,6.92,7.483,
2023-01-08,9.445,-2.665,8.486,,6.872,-0.909,8.768,9.082,3.537,
2023-01-09,21.472,-3.34,27.332,,18.693,-0.992,8.606,16.008,12.872,
2023-01-10,18.492,0.467,21.695,,14.768,0.577,11.322,15.001,20.016,
2023-01-11,13.596,-2.474,15.081,,10.701,-6.001,11.923,13.154,12.167,
2023-01-12,21.596,-0.148,23.484,,18.39,1.577,19.166,18.983,17.818,
2023-01-13,13.799,-2.669,10.718,,11.667,-2.424,14.691,13.492,12.884,
2023-01-14,21.373,-2.578,17.595,,17.259,-1.867,12.959,18.097,10.839,
2023-01-15,15.769,-2.393,14.94,,11.33,-7.227,7.149,6.892,7.935,
2023-01-16,22.557,-8.533,22.879,,16.234,-8.933,19.579,20.524,23.906,
2023-01-17,16.225,-1.44,12.38,,7.734,-4.207,21.599,7.056,29.36,
2023-01-18,-12.914,0.99,-14.525,,-8.952,2.124,21.94,2.481,23.919,
2023-01-19,-16.063,-8.849,-14.013,,-11.707,-9.765,22.198,5.699,28.174,
2023-01-20,-3.555,-1.535,-3.755,,-4.871,-6.409,16.638,1.504,24.567,
2023-01-21,16.061,2.554,18.422,,15.634,4.245,21.476,17.177,29.141,
2023-01-22,16.437,2.257,15.906,,15.501,0.082,22.758,17.267,31.433,
2023-01-23,4.288,-0.644,2.332,,1.963,-6.749,17.149,9.791,31.749,
2023-01-24,-2.987,-0.856,0.411,,1.541,-5.74,16.171,3.271,31.212,
2023-01-25,-17.407,0.48,-18.377,,-20.154,2.454,5.668,-9.817,33.216,
2023-01-26,-11.772,-6.603,-1.419,,2.405,-8.85,15.984,4.341,28.885,
2023-01-27,13.989,-8.727,15.059,,12.371,-9.931,21.735,11.554,28.248,
2023-01-28,7.621,-8.535,15.378,,6.882,-9.684,18.312,12.678,32.405,
2023-01-29,8.015,0.388,12.076,,1.713,2.675,22.998,11.807,27.108,
2023-01-30,-11.925,-4.159,-21.012,,-9.265,-3.148,22.049,5.89,26.304,
2023-01-31,-20.874,3.326,-36.386,,-16.082,8.301,21.945,3.083,26.111,
2023-02-01,-0.799,-0.018,1.201,,-0.204,-1.408,23.339,7.439,25.373,
2023-02-02,-7.55,0.286,-14.876,,-6.674,3.104,17.041,4.481,18.347,
2023-02-03,5.41,-2.966,16.022,,6.7,-8.201,22.89,13.302,24.699,
2023-02-04,22.74,-2.328,42.545,,18.307,0.099,11.294,15.614,26.624,
2023-02-05,22.586,-4.798,36.754,,19.936,-8.29,21.165,21.839,29.531,
2023-02-06,6.096,2.073,17.821,,7.226,0.98,14.684,8.447,26.186,
2023-02-07,12.38,-6.176,16.551,,11.717,-8.742,10.799,14.291,31.547,
2023-02-08,-8.381,2.508,-11.176,,-4.883,2.803,16.468,0.78,27.602,
2023-02-09,-0.579,-3.818,1.252,,2.217,-4.823,21.894,0.0,26.777,
2023-02-10,-8.639,1.572,-8.001,,-5.979,2.929,22.076,0.864,27.12,
2023-02-11,13.081,-0.025,19.889,,12.659,-1.008,16.93,16.586,27.279,
2023-02-12,19.382,0.617,35.002,,18.192,3.599,19.243,16.26,29.742,
2023-02-13,2.595,5.243,5.994,,3.812,7.277,13.473,11.932,32.507,
2023-02-14,0.941,7.986,10.86,,5.072,8.828,17.3,11.659,31.602,
2023-02-15,4.21,-0.625,21.013,,6.979,-3.291,20.577,11.525,27.275,
2023-02-16,16.183,-1.583,28.067,,16.495,-1.791,22.851,17.573,29.364,
2023-02-17,7.176,4.273,14.552,,5.932,3.411,24.324,14.503,20.212,
2023-02-18,16.2,2.09,25.093,,13.245,3.172,23.097,16.757,27.753,
2023-02-19,16.224,-2.573,24.805,,12.54,-0.217,21.294,14.88,27.26,
2023-02-20,-3.802,-1.105,-6.48,,-5.668,0.839,24.438,8.56,25.116,
2023-02-21,6.216,2.488,25.889,,9.829,7.002,16.898,13.594,28.423,
2023-02-22,2.717,2.367,13.673,,4.303,3.54,9.329,6.963,31.347,
2023-02-23,4.305,-7.162,19.016,,9.149,-6.757,12.703,9.651,29.362,
2023-02-24,7.043,-0.42,20.861,,6.961,-4.613,23.581,12.99,26.304,
2023-02-25,15.068,-7.112,33.423,,13.402,-10.034,24.951,22.773,29.047,
2023-02-26,22.793,-3.207,41.027,,20.358,-8.114,24.244,22.908,32.15,
2023-02-27,15.209,-8.65,17.375,,10.156,-9.846,20.767,17.022,29.675,
2023-02-28,-6.688,-12.071,-22.812,,-9.118,-10.776,12.869,9.789,32.967,
2023-03-01,-7.82,-9.68,-15.244,,-11.606,-10.223,21.248,10.466,30.931,
2023-03-02,-13.078,-9.753,-17.382,,-6.576,-9.585,22.584,13.344,32.549,
2023-03-03,-0.441,-11.146,3.125,,1.231,-10.433,24.137,14.683,32.984,
2023-03-04,3.471,-7.016,2.673,,0.672,-10.381,23.895,17.033,32.99,
2023-03-05,7.689,-5.532,16.001,,8.924,-9.13,24.497,16.832,32.99,
2023-03-06,-17.037,-2.024,-29.237,,-12.269,-7.218,19.756,11.382,20.738,
2023-03-07,-11.767,-5.649,-10.494,,-4.191,-8.5,24.072,16.153,32.005,
2023-03-08,8.827,0.513,21.814,,12.164,-0.541,22.484,16.721,30.909,
2023-03-09,16.438,3.089,24.994,,11.166,6.825,22.695,17.884,26.068,
2023-03-10,20.903,-8.415,33.259,,19.347,-8.588,24.191,16.893,28.105,
2023-03-11,22.559,2.161,39.115,,21.104,5.903,20.116,17.251,31.621,
2023-03-12,16.062,-5.578,25.49,,17.14,-8.526,17.585,12.287,18.192,
2023-03-13,16.195,-1.59,22.294,,16.177,-4.158,15.736,14.135,13.804,
2023-03-14,23.693,-6.451,34.845,,23.175,-6.455,14.04,7.919,24.13,
2023-03-15,13.903,-1.704,22.494,,16.124,-2.316,20.531,12.501,30.916,
2023-03-16,15.254,-1.173,24.174,,15.492,-2.416,22.668,12.198,24.157,
2023-03-17,23.384,-3.193,32.584,,22.513,-2.869,20.863,21.329,27.435,
2023-03-18,22.879,-2.975,30.658,,21.07,-4.186,19.807,21.926,26.304,
2023-03-19,21.678,-0.206,25.516,,17.645,-0.875,19.438,19.033,26.304,
2023-03-20,6.628,0.166,17.806,,9.203,2.982,13.701,11.5,25.205,
2023-03-21,0.881,2.724,9.692,,5.234,2.308,15.189,4.459,21.938,
2023-03-22,10.36,1.136,10.396,,10.709,-2.381,16.219,12.572,8.72,
2023-03-23,17.663,-3.662,26.984,,18.923,-9.547,13.692,0.749,17.383,
2023-03-24,21.421,-0.265,23.094,,17.857,-3.426,19.845,14.451,21.486,
2023-03-25,23.309,-5.664,26.467,,20.881,-8.653,11.843,12.345,14.821,
2023-03-26,23.861,-4.657,35.0,,23.014,-7.373,17.27,18.924,26.027,
2023-03-27,19.499,-0.833,15.208,,16.738,-1.404,22.785,16.971,26.464,
2023-03-28,11.525,0.472,10.56,,11.22,-3.55,22.08,13.773,26.304,
2023-03-29,16.426,1.509,14.344,,10.672,2.888,18.261,8.694,23.589,
2023-03-30,23.088,-1.874,18.075,,21.252,-6.892,22.941,10.363,26.288,
2023-03-31,23.551,-5.456,22.177,,22.586,-9.926,12.579,18.248,25.868,
2023-04-01,23.954,-2.948,23.004,,23.144,-2.256,21.678,21.013,26.304,
2023-04-02,23.739,-7.554,23.771,,23.535,-9.162,23.979,21.861,26.235,
2023-04-03,14.873,2.238,7.873,,12.025,1.905,21.018,11.558,23.578,
2023-04-04,2.025,3.423,4.215,,2.478,4.089,12.074,7.166,24.835,
2023-04-05,-1.937,-4.361,7.428,,3.081,-6.199,9.305,5.635,26.304,
2023-04-06,-0.55,-8.009,4.562,,2.67,-8.63,7.968,5.432,25.208,
2023-04-07,3.851,1.006,11.713,,8.202,-0.324,10.891,1.697,25.122,
2023-04-08,3.715,3.597,8.209,,2.297,4.638,11.111,4.202,23.516,
2023-04-09,6.164,2.184,8.25,,3.183,1.743,9.047,4.684,12.195,
2023-04-10,15.438,-7.572,5.828,,7.791,-7.865,9.744,7.973,3.826,
2023-04-11,0.192,-5.109,-10.62,,-1.623,-4.299,6.217,2.747,15.08,
2023-04-12,1.847,0.215,4.791,,3.602,1.119,7.566,8.39,17.488,
2023-04-13,-8.531,-3.654,1.175,,-0.638,-7.136,9.587,10.572,25.846,
2023-04-14,0.736,-4.452,0.761,,-0.581,-6.191,15.359,4.92,26.304,
2023-04-15,16.702,-5.627,33.558,,15.112,-5.683,17.503,14.447,25.859,
2023-04-16,10.851,-5.691,23.871,,11.593,-9.491,7.663,5.055,24.887,
2023-04-17,-0.423,-3.677,5.732,,2.43,-6.698,12.26,3.859,20.375,
2023-04-18,4.6,-2.919,12.011,,2.173,-5.983,18.399,8.53,24.468,
2023-04-19,11.846,-0.633,9.444,,9.423,-3.818,20.882,15.776,26.304,
2023-04-20,1.197,0.074,5.623,,2.027,-2.884,18.215,3.171,26.248,
2023-04-21,3.45,0.334,19.289,,5.755,0.574,18.822,9.216,26.702,
2023-04-22,19.681,-9.066,39.294,,18.558,-8.768,12.071,15.789,29.987,
2023-04-23,20.726,-12.199,41.901,,19.603,-10.848,19.135,17.775,29.208,
2023-04-24,11.534,-1.5,28.698,,12.008,-8.994,19.64,9.858,29.067,
2023-04-25,14.274,0.0,24.535,,10.809,-7.364,20.815,5.947,30.627,
2023-04-26,14.254,0.0,25.44,,12.653,-1.941,16.072,9.975,29.636,
2023-04-27,5.476,0.0,8.966,,3.77,-5.1,18.238,3.311,11.848,
2023-04-28,16.903,-0.096,41.869,,16.846,-9.51,17.376,10.525,6.703,
2023-04-29,17.447,-3.655,41.237,,17.968,-8.027,19.848,12.99,30.467,
2023-04-30,20.441,-2.11,41.372,,19.651,-5.5,19.363,18.622,28.422,
2023-05-01,21.998,-5.387,44.597,,21.238,-7.394,18.77,19.854,25.708,
2023-05-02,16.331,-2.891,34.717,,15.879,-7.172,16.307,13.133,24.242,
2023-05-03,15.558,1.182,33.023,,14.729,1.564,8.373,7.041,4.654,
2023-05-04,11.511,-5.068,19.163,,8.408,-4.336,1.814,-1.538,3.629,
2023-05-05,12.974,-5.311,29.868,,13.217,-7.451,8.633,2.969,27.718,
2023-05-06,17.667,-6.612,38.012,,12.263,-9.761,13.86,11.671,31.307,
2023-05-07,21.943,2.323,43.548,,20.938,-1.081,13.037,16.668,33.347,
2023-05-08,14.941,-7.392,34.873,,16.244,-8.226,5.658,1.887,28.914,
2023-05-09,19.42,-1.366,41.002,,18.479,-4.006,7.414,11.723,30.403,
2023-05-10,17.208,1.39,34.554,,14.543,2.682,-4.513,4.292,30.46,
2023-05-11,12.274,2.988,32.325,,14.444,3.032,1.228,1.706,31.104,
2023-05-12,8.854,-6.373,16.999,,8.706,-7.611,9.488,5.064,30.466,
2023-05-13,19.084,-8.239,43.145,,18.849,-10.563,14.479,17.406,31.104,
2023-05-14,21.818,-0.811,44.629,,21.2,-4.737,3.623,11.117,31.074,
2023-05-15,11.687,-8.262,30.535,,11.911,-9.858,-3.171,0.189,25.727,
2023-05-16,21.611,-9.673,43.952,,20.025,-10.346,14.164,13.719,31.104,
2023-05-17,19.719,-6.777,40.983,,19.692,-9.322,8.46,11.062,31.081,
2023-05-18,22.465,-5.712,43.122,,21.65,-9.687,9.249,12.874,25.7,
2023-05-19,23.403,-9.436,44.792,,21.857,-10.288,13.291,14.792,25.76,
2023-05-20,23.368,-11.142,45.722,,23.568,-10.599,23.131,20.8,30.032,
2023-05-21,22.688,-9.018,38.686,,20.726,-10.533,14.241,18.217,31.104,
2023-05-22,5.578,-5.515,19.602,,4.391,-7.961,-3.128,-9.969,27.111,
2023-05-23,19.352,-10.816,38.583,,17.3,-10.514,0.01,8.023,31.152,
2023-05-24,15.01,-8.333,26.751,,12.688,-10.306,0.013,-6.169,30.348,
2023-05-25,22.2,-9.183,44.772,,21.981,-10.726,0.015,9.677,31.152,
2023-05-26,20.755,-11.329,43.108,,21.605,-10.75,0.983,10.248,31.152,
2023-05-27,19.395,-11.504,32.496,,14.941,-10.754,6.871,10.495,29.39,
2023-05-28,20.112,-7.733,30.333,,17.436,-10.459,14.74,19.551,31.152,
2023-05-29,21.881,-9.691,40.559,,18.819,-10.895,13.08,13.445,30.426,
2023-05-30,21.443,-10.311,41.706,,20.616,-10.55,2.991,13.405,28.737,
2023-05-31,18.66,-11.819,40.026,,17.736,-10.638,6.324,8.891,27.185,
2023-06-01,17.696,-9.402,32.33,,15.508,-8.696,5.333,9.14,31.029,
2023-06-02,17.946,-9.455,31.482,,14.436,-10.305,2.555,7.054,27.973,
2023-06-03,19.352,-7.222,36.676,,16.311,-10.473,11.393,11.209,29.283,
2023-06-04,20.943,-8.036,23.878,,18.041,-10.648,8.404,11.799,28.978,
2023-06-05,15.764,-4.338,18.574,,15.729,-8.846,4.749,9.705,25.409,
2023-06-06,14.233,-4.886,17.539,,17.9,-9.766,3.479,6.969,23.766,
2023-06-07,12.227,-6.792,11.627,,6.312,-9.74,1.038,0.066,18.338,
2023-06-08,9.325,-4.963,6.227,,7.098,-8.847,-1.725,0.516,12.495,
2023-06-09,6.647,-2.9,11.985,,8.675,-5.361,8.45,6.787,13.659,
2023-06-10,10.539,-8.527,10.082,,13.512,-8.677,10.732,8.041,16.013,
2023-06-11,21.692,-12.124,18.671,,20.036,-10.237,21.138,21.287,16.341,
2023-06-12,22.797,-11.362,22.488,,21.065,-10.003,19.672,20.611,17.365,
2023-06-13,16.194,-10.61,16.743,,14.924,-10.498,11.038,11.219,25.446,
2023-06-14,12.742,-9.42,20.118,,12.104,-9.444,2.139,5.675,22.42,
2023-06-15,11.488,-9.433,30.091,,13.677,-9.82,-1.291,3.047,23.313,
2023-06-16,11.059,-0.52,24.506,,12.758,-6.52,1.519,5.054,29.508,
2023-06-17,14.696,-7.689,29.72,,13.107,-9.061,4.645,8.473,21.372,
2023-06-18,13.509,-8.774,29.49,,13.856,-10.178,-0.305,8.244,25.349,
2023-06-19,2.15,-4.447,3.335,,0.855,-9.488,1.276,-2.539,19.157,
2023-06-20,7.707,-2.998,15.252,,-0.048,-9.676,-1.296,-1.094,21.701,
2023-06-21,-1.556,-5.274,3.026,,-0.048,-8.845,1.197,-1.04,23.032,
2023-06-22,14.95,-4.733,27.446,,-0.06,-6.804,6.862,8.746,25.001,
2023-06-23,6.175,-0.29,16.59,,0.027,-2.615,1.67,6.488,23.371,
2023-06-24,13.601,-0.354,31.168,,12.367,-2.767,-0.111,7.05,22.918,
2023-06-25,13.319,-5.906,11.923,,9.887,-6.871,-10.272,4.648,10.534,
2023-06-26,19.872,-10.917,31.183,,16.041,-9.575,9.42,12.481,27.808,
2023-06-27,9.838,-1.679,23.893,,10.59,-5.482,1.469,5.216,32.152,
2023-06-28,8.959,-3.624,23.841,,10.516,-6.008,-2.754,4.004,26.266,
2023-06-29,6.02,-4.021,23.522,,5.79,-8.778,-6.787,-4.134,22.122,
2023-06-30,11.656,-1.498,21.183,,9.215,-4.215,-3.22,2.428,21.879,
2023-07-01,5.304,-4.909,4.855,,-2.092,-9.327,-19.842,-8.536,-5.786,
2023-07-02,-1.488,-12.594,4.565,,-3.14,-9.893,2.8,1.211,1.169,
2023-07-03,3.13,-9.817,6.615,,-3.344,-9.464,5.761,1.255,29.083,
2023-07-04,14.011,-4.724,30.083,,11.232,-7.466,1.046,3.913,29.529,
2023-07-05,19.136,-7.493,34.666,,18.347,-10.228,17.546,17.357,27.418,
2023-07-06,-0.761,1.599,8.96,,3.147,-0.331,3.654,1.655,30.834,
2023-07-07,-6.93,1.414,6.8,,0.704,-1.981,-3.539,-3.948,16.359,
2023-07-08,8.678,2.038,20.355,,12.305,-1.785,1.387,7.149,18.965,
2023-07-09,14.586,-3.449,23.623,,15.594,-9.451,8.169,12.069,31.504,
2023-07-10,0.93,-7.053,1.716,,-0.005,-7.51,-3.238,-0.402,18.166,
2023-07-11,-16.498,-6.451,-23.686,,-15.671,-8.307,-1.066,2.042,18.722,
2023-07-12,-16.366,-6.591,-22.131,,-12.798,-8.881,1.452,3.573,18.601,
2023-07-13,-1.278,-9.898,1.583,,1.641,-9.669,2.301,7.187,29.881,
2023-07-14,7.148,-5.005,14.966,,7.544,-8.221,-10.01,-1.103,19.772,
2023-07-15,-3.136,-7.916,-5.935,,-4.389,-4.11,-2.125,-0.658,-5.851,
2023-07-16,-2.406,-10.777,-26.722,,-7.273,-9.861,5.142,4.373,1.622,
2023-07-17,2.922,-6.179,-2.228,,-0.303,-7.65,9.41,11.736,32.302,
2023-07-18,8.496,2.283,18.672,,8.451,-2.254,2.701,9.184,33.597,
2023-07-19,1.789,-2.724,8.181,,2.442,-4.638,-0.819,2.753,30.891,
2023-07-20,4.324,-4.283,7.53,,4.508,-5.944,1.187,0.658,33.581,
2023-07-21,7.036,-2.827,6.839,,2.59,-4.663,-2.827,2.564,27.328,
2023-07-22,15.052,-5.932,26.099,,16.911,-6.599,4.96,11.564,32.244,
2023-07-23,16.291,-7.931,17.123,,9.687,-9.59,-0.063,8.065,20.818,
2023-07-24,16.035,-9.024,31.257,,12.533,-10.027,1.241,14.098,33.532,
2023-07-25,10.714,-11.414,27.958,,9.507,-10.753,10.139,11.522,33.6,
2023-07-26,9.318,-4.624,22.592,,11.775,-7.7,4.09,9.221,33.6,
2023-07-27,12.109,-9.081,36.097,,17.066,-9.201,3.919,11.773,33.086,
2023-07-28,10.622,-0.389,22.424,,10.111,-2.825,-4.069,5.213,29.464,
2023-07-29,10.15,-0.075,4.682,,6.034,1.458,0.921,6.299,28.354,
2023-07-30,12.33,-6.03,-10.147,,3.498,-9.003,9.6,10.523,7.362,
2023-07-31,17.208,-1.598,8.705,,16.661,-6.207,2.73,12.068,25.84,
2023-08-01,18.23,-6.053,16.053,,16.281,-7.824,6.424,14.72,24.089,
2023-08-02,23.729,-4.217,19.523,,21.216,-8.892,7.729,19.114,24.819,
2023-08-03,21.475,-5.175,20.685,,20.815,-7.123,5.009,12.659,28.106,
2023-08-04,16.69,-6.653,21.454,,17.193,-6.856,-0.843,9.452,28.8,
2023-08-05,18.999,-1.908,38.589,,19.451,-1.707,-5.123,12.113,28.26,
2023-08-06,22.501,-10.153,40.411,,23.304,-9.622,4.148,20.654,21.292,
2023-08-07,23.123,-9.968,36.863,,19.982,-10.386,23.322,20.733,28.773,
2023-08-08,19.094,-12.211,31.01,,14.792,-10.822,16.205,9.92,28.762,
2023-08-09,14.972,-8.175,24.221,,12.34,-8.301,8.705,7.944,28.771,
2023-08-10,9.13,-1.875,18.483,,8.326,-5.192,-1.119,0.848,28.799,
2023-08-11,2.296,0.4,12.21,,3.918,-0.94,-3.664,-0.116,28.761,
2023-08-12,5.109,-2.957,22.626,,1.929,-4.372,-3.709,-3.218,27.371,
2023-08-13,1.355,-8.996,31.981,,-6.54,-9.651,-0.648,0.7,33.6,
2023-08-14,10.209,-9.188,24.843,,3.847,-9.842,-5.624,0.202,33.071,
2023-08-15,12.582,-10.4,26.464,,11.142,-10.115,2.262,3.873,33.53,
2023-08-16,9.582,-10.0,17.338,,9.877,-10.079,3.345,-1.744,33.6,
2023-08-17,-3.985,-4.814,-0.477,,-2.562,-7.142,-15.932,-14.254,32.185,
2023-08-18,-3.788,-0.984,-0.654,,-4.482,0.927,-10.378,-12.029,32.773,
2023-08-19,-13.176,2.289,-10.162,,-8.052,2.796,-15.16,-16.576,19.765,
2023-08-20,7.757,2.772,14.679,,9.71,2.895,-5.767,-2.893,33.599,
2023-08-21,-4.548,5.956,-22.866,,1.49,2.126,-8.465,-12.007,33.595,
2023-08-22,-10.387,-8.059,-23.039,,-8.579,-0.317,-3.533,-7.712,33.544,
2023-08-23,-8.278,-8.013,-9.919,,-4.575,-2.24,-0.282,-0.947,33.6,
2023-08-24,-10.138,-4.657,-5.804,,-8.447,-2.462,-0.915,-8.262,33.59,
2023-08-25,-7.183,-4.383,-1.627,,-4.623,-0.347,-13.755,-8.433,31.38,
2023-08-26,12.091,-0.998,9.987,,11.38,0.214,0.347,1.873,33.599,
2023-08-27,19.222,-7.055,20.022,,17.091,-5.208,-2.628,5.942,33.6,
2023-08-28,3.51,-9.605,10.456,,7.407,-9.809,-10.781,-11.392,33.279,
2023-08-29,-0.191,-1.528,3.038,,1.622,-5.025,-16.892,-13.949,33.59,
2023-08-30,5.527,-7.22,2.504,,3.062,-8.783,-11.094,-5.54,32.514,
2023-08-31,13.067,-7.078,11.475,,10.206,-7.723,3.233,5.303,31.864,
2023-09-01,11.324,-10.147,10.163,,8.423,-10.391,-15.833,-7.145,33.496,
2023-09-02,14.692,-9.186,9.654,,13.588,-10.477,-3.75,3.076,33.6,
2023-09-03,23.108,-5.607,9.308,,21.426,-9.579,-2.397,15.647,33.598,
2023-09-04,21.908,-6.663,11.042,,21.686,-9.549,-8.378,4.042,33.6,
2023-09-05,6.367,-3.423,2.291,,2.988,-7.926,-11.332,-11.443,32.8,
2023-09-06,6.365,-2.887,5.52,,7.054,-7.24,-6.441,-3.398,29.298,
2023-09-07,12.423,-6.623,6.305,,14.367,-7.834,0.349,2.003,33.6,
2023-09-08,9.002,-8.271,5.252,,11.931,-9.906,-2.359,2.985,33.6,
2023-09-09,15.333,-9.036,8.513,,16.412,-10.066,-2.884,3.737,33.6,
2023-09-10,15.495,-10.416,7.668,,15.423,-10.452,-4.385,2.739,33.6,
2023-09-11,-2.131,-8.594,-0.469,,0.722,-8.17,-10.281,-9.517,33.592,
2023-09-12,-7.176,-6.955,-2.018,,-1.387,-9.133,-13.426,-12.612,33.6,
2023-09-13,-2.759,-3.712,0.181,,-0.043,-4.262,-8.985,-10.244,33.6,
2023-09-14,-1.501,-10.84,8.845,,6.177,-10.227,-11.216,-5.698,32.854,
2023-09-15,18.642,-8.552,20.061,,12.297,-9.582,-5.329,0.396,33.581,
2023-09-16,22.126,-4.797,21.413,,20.781,-7.101,-7.882,0.573,33.329,
2023-09-17,22.955,-12.521,19.721,,20.639,-10.369,-11.236,9.341,33.6,
2023-09-18,19.155,-5.604,14.829,,15.487,-8.588,-4.276,1.674,33.215,
2023-09-19,11.845,-3.346,5.74,,7.18,-2.372,0.0,1.597,28.636,
2023-09-20,11.492,-7.276,10.779,,11.786,-5.479,0.0,3.466,28.639,
2023-09-21,21.166,-11.692,13.804,,16.767,-10.188,0.0,-4.991,33.579,
2023-09-22,21.205,-2.928,21.98,,20.625,-3.637,-0.955,6.958,33.588,
2023-09-23,14.301,-2.378,15.04,,14.154,-1.856,-3.785,5.383,33.591,
2023-09-24,-4.066,-3.363,-8.778,,-8.279,-5.698,-11.155,-11.452,26.407,
2023-09-25,-6.05,0.067,-10.585,,-10.733,2.026,-12.019,-5.077,29.688,
2023-09-26,-16.744,-5.468,-5.113,,-6.84,-5.022,-15.578,0.0,33.596,
2023-09-27,-3.851,0.371,0.22,,-0.936,4.483,-13.781,0.0,32.251,
2023-09-28,-8.807,-3.76,-9.386,,-10.547,-3.351,-12.386,-0.435,26.702,
2023-09-29,6.044,-8.036,-1.915,,-2.814,-9.074,-14.209,0.0,31.813,
2023-09-30,10.553,-1.162,11.112,,9.833,-0.092,-2.059,0.0,33.587,
2023-10-01,3.891,-9.184,5.945,,4.967,-9.32,-4.893,0.0,33.095,
2023-10-02,5.8,-8.393,8.915,,8.229,-8.673,-0.633,0.0,33.588,
2023-10-03,16.332,-9.555,4.655,,8.177,-9.362,0.207,0.0,32.66,
2023-10-04,-7.142,-4.597,-9.886,,-11.703,-4.883,-4.193,0.0,33.566,
2023-10-05,-13.108,-0.66,-14.44,,-13.749,-2.295,-7.331,0.0,33.581,
2023-10-06,-7.021,-5.44,-9.016,,-9.226,-8.366,8.266,0.656,33.4,
2023-10-07,8.754,-10.864,5.789,,8.634,-9.755,12.879,8.732,33.6,
2023-10-08,2.793,-10.258,12.553,,12.093,-10.268,-1.486,5.49,33.594,
2023-10-09,0.063,-10.272,0.44,,-0.03,-9.656,-12.534,-5.571,33.588,
2023-10-10,0.0,-5.1,-12.045,,-12.571,-7.515,-11.932,-14.484,33.512,
2023-10-11,2.013,-12.003,9.722,,7.59,-10.597,3.941,7.468,32.248,
2023-10-12,6.637,-10.737,11.745,,8.399,-10.588,-1.975,5.297,33.527,
2023-10-13,17.095,-10.299,14.423,,15.09,-9.861,10.786,14.019,31.424,
2023-10-14,10.383,-12.662,4.269,,4.662,-10.551,10.764,11.527,24.847,
2023-10-15,15.037,-12.221,15.192,,16.428,-10.252,14.096,12.645,32.311,
2023-10-16,20.715,-6.928,20.549,,19.418,-9.328,10.546,15.123,5.483,
2023-10-17,17.536,0.484,15.784,,17.206,-0.323,-8.72,2.308,0.0,
2023-10-18,11.616,-6.221,10.991,,9.509,-5.029,-0.662,2.874,0.0,
2023-10-19,16.454,-11.822,12.461,,12.131,-9.914,-9.262,7.781,0.0,
2023-10-20,18.668,-8.273,16.173,,17.092,-7.283,-5.38,11.08,0.0,
2023-10-21,23.167,-11.752,21.386,,23.157,-10.169,17.456,18.009,0.0,
2023-10-22,23.734,-8.738,19.105,,19.827,-8.407,20.91,23.038,0.0,
2023-10-23,17.723,-6.211,16.503,,17.71,-6.642,-3.936,5.052,0.0,
2023-10-24,20.395,-11.084,15.571,,20.699,-9.471,11.9,18.002,0.0,
2023-10-25,23.901,-5.303,24.733,,23.765,-7.679,10.257,18.44,0.0,
2023-10-26,13.67,-9.399,20.174,,14.075,-9.069,-6.843,3.63,-0.001,
2023-10-27,23.472,-9.711,35.417,,23.168,-9.864,-1.55,16.493,0.0,
2023-10-28,23.437,-11.061,34.833,,22.542,-9.572,15.632,21.977,2.22,
2023-10-29,21.612,-11.659,26.911,,14.023,-9.855,17.509,20.289,-0.596,
2023-10-30,18.572,-9.014,22.498,,11.541,-9.539,-4.751,7.223,21.469,
2023-10-31,23.907,-6.734,34.306,,23.221,-5.153,11.95,20.328,33.49,
2023-11-01,23.778,-9.178,30.189,,22.31,-9.467,11.509,17.177,23.009,
2023-11-02,23.675,-12.084,33.894,,22.692,-8.491,10.042,16.94,25.239,
2023-11-03,16.381,-9.545,19.56,,13.345,-8.316,5.141,10.919,23.877,
2023-11-04,23.936,-4.266,36.308,,23.808,-9.952,24.074,24.1,33.531,
2023-11-05,23.946,-7.413,35.16,,23.298,-10.677,20.531,23.074,33.547,
2023-11-06,19.625,-1.574,13.42,,15.424,-5.71,16.002,18.481,33.519,
2023-11-07,11.472,-5.984,17.312,,11.04,-7.701,11.298,12.232,32.474,
2023-11-08,16.457,-2.871,25.395,,14.689,-3.669,9.365,15.278,30.972,
2023-11-09,21.101,-5.01,30.152,,12.005,-4.69,8.373,15.396,33.309,
2023-11-10,18.115,-6.892,24.124,,23.02,-7.8,10.419,16.484,33.519,
2023-11-11,0.0,-7.647,21.446,,22.794,-8.173,18.809,21.481,33.544,
2023-11-12,1.414,-3.251,22.117,,22.438,-4.152,9.938,20.963,33.525,
2023-11-13,0.844,-3.797,19.807,,22.745,-2.707,-0.789,10.714,16.674,
2023-11-14,1.206,-3.07,23.612,,21.16,-7.706,13.857,17.499,17.149,
2023-11-15,18.93,-7.671,14.575,,-0.048,-7.597,-3.156,5.86,-2.536,
2023-11-16,22.834,-5.751,23.039,,-0.048,-4.939,14.373,18.534,29.676,
2023-11-17,16.918,-2.202,14.35,,-0.048,-3.784,3.211,10.81,25.561,
2023-11-18,17.39,0.326,14.862,,-0.048,-0.734,8.73,14.952,20.378,
2023-11-19,17.604,-3.762,12.472,,-0.066,-0.68,15.048,15.044,16.78,
2023-11-20,17.683,-0.398,16.51,,-0.096,-0.081,-3.92,8.606,14.224,
2023-11-21,12.826,-7.948,14.995,,-0.096,-9.425,-11.998,-0.782,-3.759,
2023-11-22,-1.881,-0.333,3.351,,-0.096,-4.02,-7.397,-6.401,29.863,
2023-11-23,9.929,-6.811,9.688,,-0.096,-9.243,10.543,7.403,27.498,0.0
2023-11-24,19.571,-12.536,25.056,,-0.096,-10.728,16.054,16.527,27.494,0.0
2023-11-25,23.276,-10.715,31.513,,-0.096,-10.819,21.827,22.004,33.446,0.0
2023-11-26,20.807,-10.039,33.637,,-0.096,-9.54,18.813,21.6,31.865,0.0
2023-11-27,13.663,-5.101,23.907,,-0.066,-7.238,5.504,8.059,29.074,0.0
2023-11-28,13.361,-12.17,20.51,,-0.048,-10.773,13.259,14.442,22.219,0.0
2023-11-29,11.497,-2.636,14.121,,-0.048,-6.368,15.593,10.303,24.362,0.0
2023-11-30,-3.716,3.248,-8.575,,-0.048,-1.606,-14.544,-10.627,1.079,0.0
2023-12-01,8.415,-6.254,23.737,,-0.066,-9.682,3.766,9.055,-1.652,0.0
2023-12-02,14.658,-9.149,33.367,,-0.096,-10.076,12.765,16.032,12.098,0.0
2023-12-03,17.735,-7.835,32.384,,-0.096,-9.489,17.242,18.125,26.16,0.0
2023-12-04,8.959,-2.101,16.976,,-0.096,-3.685,4.387,7.266,4.574,0.0
2023-12-05,12.246,-8.468,22.565,,-0.096,-9.069,7.748,9.776,7.214,0.0
2023-12-06,-2.226,6.556,3.581,,-0.096,6.058,-2.142,-5.617,-9.926,0.0
2023-12-07,-13.557,0.394,-21.231,,-0.096,-1.647,-3.07,-11.432,-18.704,0.0
2023-12-08,-0.866,0.534,0.554,,-0.096,1.955,-1.918,-2.595,6.869,0.0
2023-12-09,20.781,0.212,32.88,,-0.096,1.174,6.937,16.74,21.91,0.0
2023-12-10,21.7,-2.739,33.888,,-0.098,-6.203,17.692,19.667,21.508,0.0
2023-12-11,21.093,-6.894,33.678,,-0.107,-8.041,10.551,17.248,16.386,-0.038
2023-12-12,12.93,-10.288,38.237,,-0.096,-9.37,-0.68,9.857,-5.095,-0.68
2023-12-13,8.469,-5.755,22.188,,-0.097,-8.476,3.423,6.656,1.413,0.0
2023-12-14,3.635,-4.629,15.916,,-0.096,-7.747,-11.604,-7.369,-22.069,0.0
2023-12-15,-0.515,-5.216,4.035,,-0.095,-8.773,-5.422,-5.463,6.156,-0.12
2023-12-16,-0.871,-0.601,8.613,,-0.096,-3.839,3.527,2.662,27.766,1.875
2023-12-17,-9.455,1.679,-12.616,,-0.096,-0.612,10.381,6.014,14.411,0.0
2023-12-18,-9.046,-10.345,-18.465,,-0.093,-9.444,8.648,4.794,32.606,-0.7
2023-12-19,1.038,-5.991,6.29,,-0.097,-6.221,1.097,0.724,29.183,9.883
2023-12-20,4.331,2.801,9.656,,-0.097,-0.75,2.201,4.493,19.13,12.677
2023-12-21,10.001,2.889,18.103,,-0.096,1.467,-4.922,13.591,10.083,-8.822
2023-12-22,18.098,1.49,22.913,,-0.097,-2.086,3.236,20.415,4.823,-0.059
2023-12-23,17.076,-0.509,19.196,,-0.106,5.146,-8.732,11.393,-24.102,0.0
2023-12-24,12.87,-6.133,19.779,,-0.096,0.199,-2.229,12.098,-33.143,0.0
2023-12-25,16.247,-2.518,28.712,,-0.107,-3.657,8.874,13.607,-14.74,0.0
2023-12-26,16.945,-5.348,22.581,,-0.117,-4.054,4.346,15.166,9.031,0.0
2023-12-27,9.187,3.551,12.632,,-0.104,-1.101,-7.531,4.303,6.276,0.0
2023-12-28,12.601,0.985,14.967,,-0.096,7.379,0.423,9.224,-15.442,0.0
2023-12-29,18.507,-7.548,22.838,,-0.094,-6.019,10.439,19.029,-1.728,6.894
2023-12-30,23.436,-0.332,36.019,,-0.106,-0.344,10.577,18.381,21.755,16.745
2023-12-31,22.825,-0.733,29.728,,-0.109,-4.638,14.989,17.628,14.242,14.278
2024-01-01,20.493,-6.86,36.16,,-0.106,-6.266,12.241,19.232,-1.908,5.452
2024-01-02,23.488,-10.268,38.851,,-0.099,-9.672,4.935,16.331,8.064,4.183
2024-01-03,23.882,-6.75,44.74,,-0.097,-7.258,10.786,22.035,27.632,16.566
2024-01-04,20.72,-8.347,38.757,,-0.099,-9.783,-0.107,18.283,27.874,4.243
2024-01-05,21.61,-3.941,38.62,,-0.096,-8.338,7.93,18.466,11.244,5.755
2024-01-06,23.387,-8.102,37.759,,-0.096,-9.307,13.723,21.234,27.947,10.186
2024-01-07,23.537,-11.468,39.606,,-0.096,-10.682,21.769,22.825,25.151,14.643
2024-01-08,2.693,-3.226,0.574,,-0.096,-8.919,14.578,3.322,7.981,3.426
2024-01-09,-13.1,-1.594,-37.165,,-0.096,-6.741,8.508,-5.544,-7.076,-13.756
2024-01-10,-10.368,-3.328,-27.546,,-0.096,-6.886,6.61,-7.073,-2.237,-11.042
2024-01-11,-10.432,-10.151,-9.789,,-0.096,-8.742,0.958,-3.991,2.589,-9.071
2024-01-12,-1.767,-12.144,8.11,,-0.096,-10.629,5.626,-0.698,9.667,-1.411
2024-01-13,9.582,-12.31,17.142,,-0.096,-10.342,13.975,1.687,32.889,18.236
2024-01-14,13.012,-9.039,36.211,,-0.096,-10.264,19.357,11.437,33.585,18.341
2024-01-15,-2.322,-8.235,-3.579,,-0.096,-9.51,17.0,0.563,7.766,8.322
2024-01-16,-8.445,-7.226,-9.968,,-0.096,-6.537,11.263,-8.271,0.32,-0.682
2024-01-17,15.356,-11.694,30.783,,-0.096,-10.676,4.036,3.061,10.178,6.307
2024-01-18,12.358,-11.175,34.332,,-0.096,-10.589,5.037,1.189,-11.013,3.501
2024-01-19,-5.004,-3.714,-18.332,,-0.096,-1.648,16.633,-13.998,13.93,21.705
2024-01-20,-5.003,3.455,-8.263,,-0.096,3.691,16.984,-9.293,21.972,17.76
2024-01-21,17.057,1.906,19.237,,-0.096,5.711,18.977,16.398,20.391,20.263
2024-01-22,21.583,-0.398,37.951,,-0.062,-2.073,8.171,17.793,22.431,22.517
2024-01-23,21.859,-0.514,32.214,,-0.048,0.459,11.052,15.413,28.332,24.779
2024-01-24,22.384,-7.305,36.895,,-0.048,-6.609,6.037,19.836,23.193,15.224
2024-01-25,17.852,2.19,40.664,,-0.071,1.809,-0.637,5.653,15.701,5.403
2024-01-26,15.966,-2.773,27.353,,-0.096,-2.963,0.747,7.709,22.249,18.703
2024-01-27,11.487,1.623,23.917,,-0.096,1.004,-8.351,5.143,33.145,27.999
2024-01-28,12.122,0.591,27.283,,-0.096,0.557,0.491,11.252,17.493,16.831
2024-01-29,19.314,-11.877,37.377,,-0.096,-10.586,5.618,15.559,32.955,13.048
2024-01-30,12.92,-8.937,27.01,,-0.096,-9.287,2.259,7.931,30.339,22.378
2024-01-31,0.413,-1.74,-5.389,,-0.096,2.083,-3.261,-6.887,33.552,27.476
2024-02-01,12.633,-7.464,16.157,,-0.095,-5.908,2.727,7.598,33.31,30.162
2024-02-02,8.767,-0.975,16.208,,-0.096,-4.25,11.728,8.832,27.458,29.575
2024-02-03,12.654,-12.33,14.553,,-0.096,-10.524,10.496,7.885,27.475,23.027
2024-02-04,12.028,3.291,11.168,,-0.096,-2.503,14.035,10.406,3.382,2.112
2024-02-05,15.278,0.58,15.174,,-0.096,3.475,14.723,12.765,19.831,0.0
2024-02-06,20.714,-8.103,27.691,,-0.096,-8.575,14.408,18.237,19.519,0.0
2024-02-07,23.947,-11.192,47.816,,-0.096,-10.569,19.776,22.096,24.146,0.0
2024-02-08,23.943,-4.26,37.712,,-0.096,-2.873,-0.088,19.361,-11.743,-0.593
2024-02-09,23.549,-11.5,35.993,,-0.096,-9.691,6.868,21.463,14.428,20.144
2024-02-10,23.291,-11.412,46.961,,-0.096,-10.742,19.208,22.253,33.532,27.077
2024-02-11,23.203,-4.554,46.495,,-0.096,-6.356,17.154,22.149,32.552,20.347
2024-02-12,2.801,-2.43,7.269,,-0.096,-3.836,-2.057,-2.393,18.232,0.534
2024-02-13,15.643,-11.668,31.665,,-0.096,-10.033,19.918,16.365,18.511,17.182
2024-02-14,23.566,-5.935,44.241,,-0.096,-7.255,16.844,19.718,29.087,9.825
2024-02-15,23.927,-10.678,41.075,,-0.096,-9.959,7.007,20.787,20.011,2.95
2024-02-16,23.885,-8.509,47.699,,-0.096,-9.615,18.839,23.591,33.468,26.962
2024-02-17,18.972,-5.53,41.992,,-0.096,-5.862,0.786,19.326,31.569,14.204
2024-02-18,21.994,-10.248,37.079,,-0.096,-8.138,20.249,19.157,32.022,17.436
2024-02-19,18.622,-6.856,23.452,,-0.094,-5.32,-2.099,7.324,23.223,7.716
2024-02-20,11.309,-2.964,18.389,,1.146,-1.867,8.772,4.531,28.555,16.121
2024-02-21,17.641,0.605,27.598,,0.871,1.449,10.653,11.349,29.964,25.004
2024-02-22,23.662,-6.071,44.601,,23.605,-8.849,12.329,17.194,26.715,19.77
2024-02-23,23.325,-5.971,36.628,,22.462,-9.805,24.02,21.744,33.553,27.977
2024-02-24,23.719,-8.578,47.885,,23.615,-8.463,22.877,23.43,33.592,20.654
2024-02-25,21.974,0.012,45.603,,22.185,-0.847,18.611,21.335,33.349,16.581
2024-02-26,12.321,-6.418,33.944,,14.46,-6.228,10.608,10.252,14.125,5.29
2024-02-27,8.814,-3.814,33.062,,13.506,-4.499,0.479,-1.194,14.748,-9.56
2024-02-28,4.356,-1.413,13.379,,4.437,-1.952,-0.266,-1.282,33.243,4.896
2024-02-29,15.316,-5.578,29.074,,14.939,-4.798,13.914,14.513,20.256,32.018
2024-03-01,22.085,-7.208,46.679,,5.546,-4.807,13.248,19.226,33.564,23.093
2024-03-02,23.566,-3.34,45.143,,11.642,-6.388,22.61,21.72,33.563,21.325
2024-03-03,23.215,-11.544,46.475,,23.15,-10.718,22.837,19.413,33.571,22.862
2024-03-04,14.275,-0.945,23.348,,14.333,3.353,10.677,7.778,33.198,20.217
2024-03-05,9.088,-1.213,31.587,,11.411,-2.297,10.272,2.969,33.528,31.9
2024-03-06,7.455,0.731,24.969,,8.898,3.406,8.96,5.812,25.196,4.133
2024-03-07,18.549,0.407,40.013,,18.608,-1.171,11.124,14.757,30.399,8.963
2024-03-08,19.076,0.887,42.419,,20.91,-1.312,17.666,15.32,26.96,6.648
2024-03-09,18.853,-7.564,36.727,,19.761,-8.356,16.807,9.436,19.363,16.212
2024-03-10,20.464,-12.627,40.661,,20.786,-9.849,22.911,12.241,20.437,23.11
2024-03-11,20.435,-9.366,39.099,,20.754,-8.334,15.393,13.586,33.565,18.511
2024-03-12,19.013,0.307,41.53,,19.821,1.009,5.408,11.329,19.902,-8.634
2024-03-13,12.781,-7.207,27.972,,13.576,-5.615,3.265,-0.746,13.527,10.597
2024-03-14,20.964,-9.605,38.131,,20.96,-6.991,12.816,17.658,32.668,31.37
2024-03-15,23.587,-10.18,46.435,,23.528,-10.668,19.503,21.71,29.481,22.315
2024-03-16,23.043,-2.539,45.818,,23.074,-2.216,9.859,15.528,33.234,30.951
2024-03-17,23.621,-11.144,46.721,,23.401,-9.402,14.086,21.267,30.844,15.478
2024-03-18,17.448,0.615,23.222,,17.398,2.538,-0.946,12.12,28.539,20.003
2024-03-19,16.762,-9.176,19.214,,18.144,-8.701,4.629,8.678,27.656,11.905
2024-03-20,23.456,-9.846,20.021,,23.781,-9.897,10.852,15.603,32.958,6.74
2024-03-21,22.97,-2.287,28.07,,22.818,-3.538,-0.642,10.977,29.743,8.342
2024-03-22,23.629,-5.252,43.999,,23.089,-5.973,-9.985,2.748,18.396,7.674
2024-03-23,20.15,-2.05,23.813,,17.058,-6.821,-4.29,3.752,-11.784,-6.594
2024-03-24,19.126,-9.193,33.834,,18.039,-8.818,14.07,17.854,10.958,-0.189
2024-03-25,23.631,-8.483,45.471,,22.958,-8.307,12.207,18.386,29.694,6.066
2024-03-26,23.756,-4.745,33.908,,23.556,-7.486,7.979,14.44,32.864,20.876
2024-03-27,22.783,-8.026,36.498,,20.548,-9.77,-0.342,9.99,30.107,11.141
2024-03-28,23.917,-12.512,42.914,,23.759,-10.199,13.803,20.365,30.876,13.799
2024-03-29,23.871,-12.396,28.393,,23.005,-10.848,13.828,20.881,33.587,18.06
2024-03-30,23.938,-2.287,28.384,,23.75,-4.305,16.649,19.476,33.59,20.048
2024-03-31,23.54,-0.644,29.415,,20.937,-2.845,10.706,21.037,32.463,3.186
2024-04-01,23.931,-6.966,32.743,,23.032,-8.052,6.263,19.82,27.022,6.243
2024-04-02,23.912,-11.77,31.301,,23.741,-10.517,15.457,23.42,33.134,16.854
2024-04-03,23.864,-12.332,35.897,,23.583,-10.549,7.703,18.817,23.183,-4.365
2024-04-04,23.906,-8.547,27.236,,23.689,-7.134,15.09,23.006,29.173,3.921
2024-04-05,23.703,-0.056,33.443,,19.301,0.718,2.653,5.653,-0.402,0.966
2024-04-06,19.517,-3.702,19.843,,17.691,-1.597,-11.574,-5.081,-28.672,-13.618
2024-04-07,8.525,-2.749,12.216,,8.363,-2.033,-4.615,-10.68,-24.487,-4.438
2024-04-08,23.949,-7.464,26.537,,23.808,-3.767,-7.264,4.239,23.988,-0.765
2024-04-09,23.715,-4.813,20.744,,22.186,-3.719,-0.996,12.928,17.193,-0.755
2024-04-10,22.066,-3.647,19.58,,20.935,-6.431,-0.282,7.243,22.308,0.007
2024-04-11,19.159,-10.857,15.869,,18.325,-8.288,-13.114,-5.458,22.181,0.0
2024-04-12,17.471,-12.767,17.298,,17.013,-10.387,-9.034,-4.469,1.679,0.0
2024-04-13,21.0,-9.141,15.097,,18.356,-9.664,-6.67,-0.66,-13.731,0.001
2024-04-14,18.018,-8.124,9.128,,13.753,-4.309,-3.676,6.099,18.612,-0.192
2024-04-15,13.926,0.147,16.998,,14.358,-2.825,-13.572,6.649,-1.323,-14.088
2024-04-16,21.615,0.0,19.794,,21.222,-8.537,-7.363,15.037,8.886,-6.211
2024-04-17,22.426,0.0,21.384,,22.411,-8.109,-15.022,3.574,31.462,-9.209
2024-04-18,20.978,0.0,21.597,,21.113,-7.083,-9.236,7.421,30.006,-10.359
2024-04-19,23.001,-4.037,22.208,,22.715,-10.233,7.858,13.394,13.143,10.589
2024-04-20,23.858,-12.399,23.915,,23.487,-10.833,18.766,23.666,33.572,5.497
2024-04-21,23.898,-12.634,21.452,,22.21,-10.777,17.11,23.586,30.119,9.772
2024-04-22,21.639,-5.151,21.109,,21.154,-7.168,-3.266,11.167,32.646,-6.544
2024-04-23,20.378,-7.45,21.738,,21.675,-6.314,-2.948,8.231,31.278,-12.942
2024-04-24,22.145,-11.092,21.429,,20.88,-9.852,6.754,16.012,28.89,-4.263
2024-04-25,21.479,-11.113,20.877,,20.632,-10.703,-3.361,8.441,23.386,-6.904
2024-04-26,23.333,-11.123,23.378,,23.22,-9.829,9.297,18.235,30.079,3.14
2024-04-27,23.904,-12.702,24.025,,23.774,-10.848,14.509,23.799,33.476,13.281
2024-04-28,23.663,-12.14,23.194,,22.025,-10.848,17.703,21.486,33.557,16.726
2024-04-29,22.74,-8.966,19.897,,21.505,-8.3,-4.513,5.719,29.982,4.383
2024-04-30,23.893,-11.97,23.029,,22.256,-10.298,3.038,14.84,33.106,26.875
2024-05-01,23.902,-9.949,23.93,,23.807,-9.32,5.786,20.85,33.56,28.641
2024-05-02,23.917,-11.795,23.875,,23.741,-10.843,4.377,20.154,33.534,31.149
2024-05-03,23.893,-11.121,24.111,,23.808,-10.378,5.273,21.476,33.552,16.762
2024-05-04,23.898,-12.491,22.696,,23.119,-10.848,0.854,15.382,33.556,-1.334
2024-05-05,23.904,-11.347,23.94,,23.744,-7.255,11.618,19.88,26.865,17.477
2024-05-06,23.854,-8.027,23.94,,23.598,-5.863,-0.645,14.605,33.556,-2.919
2024-05-07,23.737,-12.165,23.866,,23.548,-5.925,3.478,16.046,31.243,2.511
2024-05-08,23.901,-12.313,24.139,,23.808,-5.937,-12.834,12.088,31.042,-7.154
2024-05-09,23.897,-12.275,24.138,,23.808,-5.596,0.6,22.666,33.306,6.494
2024-05-10,23.881,-9.499,24.143,,23.808,-6.981,-3.156,23.363,33.587,2.154
2024-05-11,23.363,-4.198,14.12,,22.794,-7.779,1.885,19.763,33.582,3.224
2024-05-12,23.297,-12.672,9.181,,8.478,-9.247,9.662,15.546,29.421,11.243
2024-05-13,22.559,-6.796,19.113,,-0.096,-8.143,1.68,5.895,33.564,27.673
2024-05-14,20.479,-1.752,11.352,,1.896,-9.787,6.069,9.92,33.559,27.708
2024-05-15,23.912,-2.127,22.149,,23.808,-10.337,-4.983,-0.132,33.584,29.634
2024-05-16,23.915,-10.312,19.527,,23.008,-7.011,-3.974,12.898,33.59,31.025
2024-05-17,22.876,-7.722,22.814,,23.765,-9.046,-2.7,16.801,33.587,33.707
2024-05-18,23.503,-7.878,23.186,,23.808,-9.0,6.963,20.233,33.599,11.541
2024-05-19,23.89,-10.816,22.762,,23.784,-9.846,13.252,21.246,33.594,11.582
2024-05-20,23.914,-11.98,24.049,,23.808,-10.258,8.567,22.752,33.579,6.981
2024-05-21,23.934,-12.211,24.063,,23.808,-10.003,4.081,22.769,33.57,33.133
2024-05-22,23.824,-1.555,20.09,,23.299,-1.976,-0.01,19.242,33.103,16.986
2024-05-23,23.567,-2.051,21.51,,21.867,-0.186,-10.54,7.954,28.667,-9.534
2024-05-24,23.932,-11.096,33.168,,23.808,-8.748,0.283,14.161,33.576,5.619
2024-05-25,23.419,-4.814,45.775,,23.808,-5.433,4.61,11.991,33.587,4.078
2024-05-26,23.338,-12.559,42.473,,23.537,-9.828,10.245,16.471,33.568,3.751
2024-05-27,23.917,-11.987,37.252,,23.662,-9.464,-1.344,12.006,33.579,-10.304
2024-05-28,23.904,-3.109,35.432,,23.792,-5.455,3.464,18.219,33.566,-1.828
2024-05-29,22.018,-6.97,26.792,,23.732,-8.13,5.85,9.997,21.436,10.592
2024-05-30,23.917,-3.637,35.885,,23.737,-4.493,-6.591,2.672,30.929,-9.902
2024-05-31,23.862,-12.485,35.373,,23.494,-9.082,8.742,-8.393,29.671,5.212
2024-06-01,23.603,-12.618,32.191,,23.759,-10.186,19.509,-3.839,33.458,9.678
2024-06-02,23.573,-12.269,28.305,,20.025,-9.643,13.849,7.891,33.583,15.818
2024-06-03,23.669,-10.7,33.57,,23.578,-9.669,-6.355,-8.404,33.557,7.748
2024-06-04,23.143,-3.491,31.86,,22.875,-5.536,-8.063,4.017,29.255,0.179
2024-06-05,23.875,-12.698,35.724,,22.313,-10.144,-2.693,4.046,29.011,15.742
2024-06-06,23.91,-11.015,47.709,,23.573,-9.176,-1.552,12.048,33.558,5.698
2024-06-07,23.899,-11.629,44.39,,23.155,-7.323,-8.495,6.949,30.926,-7.95
2024-06-08,23.426,-12.002,36.238,,19.499,-8.253,-6.334,4.971,12.29,9.2
2024-06-09,19.873,-12.075,32.172,,17.493,-8.61,4.677,8.422,20.762,15.211
2024-06-10,23.714,-11.634,39.974,,6.583,-9.854,-8.854,13.777,33.554,15.893
2024-06-11,23.727,-12.048,38.244,,-0.048,-10.255,9.283,11.907,33.558,24.683
2024-06-12,23.954,-9.884,47.108,,-0.048,-10.556,8.938,-0.041,33.567,26.622
2024-06-13,23.686,-1.838,45.22,,-0.048,-3.144,-2.246,0.009,31.736,0.786
2024-06-14,23.782,-11.272,48.193,,-0.048,-9.999,4.469,2.156,28.871,7.33
2024-06-15,21.108,-7.57,35.109,,10.854,-8.956,23.532,18.853,33.584,23.146
2024-06-16,21.73,-12.278,36.244,,17.949,-9.807,16.429,13.706,33.587,2.052
2024-06-17,23.941,-9.071,47.612,,-0.048,-9.606,5.295,20.101,33.56,5.832
2024-06-18,23.92,-1.11,46.915,,1.608,-5.813,-1.948,8.779,32.723,1.242
2024-06-19,22.616,-11.143,44.722,,23.75,-10.48,12.866,11.963,33.598,0.0
2024-06-20,21.735,-8.682,43.13,,22.744,-8.042,-2.569,7.575,33.586,0.0
2024-06-21,22.883,-5.128,35.773,,21.919,-3.515,-10.401,2.914,33.576,0.0
2024-06-22,23.9,-12.268,38.597,,23.808,-6.405,14.79,17.537,33.578,5.352
2024-06-23,23.57,-11.61,47.287,,23.515,-8.943,7.675,18.202,33.588,8.168
2024-06-24,23.436,-7.149,45.391,,23.805,-8.768,1.889,14.847,33.241,0.229
2024-06-25,23.702,-11.625,39.251,,23.763,-10.302,7.836,16.675,17.801,7.57
2024-06-26,22.057,-2.918,33.277,,20.517,-1.852,4.222,10.84,16.752,3.316
2024-06-27,15.24,0.955,19.229,,15.229,2.577,-9.268,-3.656,16.014,-14.585
2024-06-28,9.024,-11.042,9.456,,5.992,-9.842,-3.066,3.37,14.511,2.824
2024-06-29,23.889,-8.989,41.62,,23.808,-8.778,3.285,22.238,33.57,9.51
2024-06-30,22.766,-8.823,38.381,,21.306,-8.846,10.445,18.564,33.349,11.371
2024-07-01,23.899,-6.533,47.461,,23.8,-8.414,0.529,11.957,33.563,6.391
2024-07-02,23.943,-11.291,28.53,,5.762,-6.835,0.004,13.633,33.553,19.266
2024-07-03,21.537,-3.822,20.818,,-0.048,-3.885,0.002,10.182,32.192,8.585
2024-07-04,3.607,-10.795,-5.626,,-0.048,-9.155,0.001,3.901,-1.707,-5.689
2024-07-05,17.526,-12.45,20.917,,8.798,-9.597,0.001,9.514,25.931,14.645
2024-07-06,23.444,-11.519,46.239,,23.507,-8.55,0.001,16.485,29.855,7.407
2024-07-07,23.741,-12.371,42.453,,22.76,-9.053,0.004,22.159,33.553,9.803
2024-07-08,22.698,-10.639,45.722,,22.132,-8.484,0.001,14.182,33.564,1.026
2024-07-09,21.664,-6.798,37.602,,22.892,-4.542,0.0,16.251,33.562,14.213
2024-07-10,20.365,-8.29,31.711,,19.384,-6.952,0.002,8.29,33.552,12.207
2024-07-11,20.831,-10.428,30.974,,21.496,-4.706,0.002,8.949,33.568,-3.858
2024-07-12,23.364,-11.549,24.716,,21.709,-6.422,0.002,22.255,33.56,8.444
2024-07-13,23.639,-12.67,31.598,,23.13,-9.977,0.002,17.591,33.559,20.742
2024-07-14,23.593,-12.672,42.687,,22.695,-9.685,0.002,17.326,33.552,19.989
2024-07-15,23.787,-11.944,47.423,,23.587,-9.946,0.004,15.288,33.566,14.548
2024-07-16,23.064,-11.966,32.444,,23.756,-10.062,0.002,22.135,33.57,16.766
2024-07-17,19.994,-6.776,24.268,,19.116,-9.281,0.003,14.677,33.578,23.599
2024-07-18,19.123,-8.944,31.039,,17.786,-7.257,0.001,5.334,33.566,2.541
2024-07-19,17.177,-7.248,35.904,,18.434,-8.493,0.003,6.521,33.572,-0.827
2024-07-20,23.246,-6.771,46.23,,23.053,-8.001,0.003,19.786,33.566,17.557
2024-07-21,23.856,-5.781,47.274,,23.804,-10.138,0.005,20.887,33.552,4.94
2024-07-22,23.901,-9.286,41.701,,23.808,-9.352,0.002,16.596,33.56,11.901
2024-07-23,23.94,-10.563,32.831,,23.808,-9.51,0.001,23.764,33.573,14.834
2024-07-24,19.755,-9.663,27.806,,20.309,-9.205,0.001,12.098,33.557,14.544
2024-07-25,23.927,-6.446,31.05,,23.624,-6.33,0.002,10.018,33.562,-1.443
2024-07-26,23.91,-8.414,30.055,,23.534,-9.446,0.0,18.726,33.566,-3.435
2024-07-27,23.956,-10.347,30.229,,23.778,-9.843,0.002,23.638,33.6,-2.955
2024-07-28,23.983,-10.148,23.058,,23.808,-9.437,0.004,24.098,33.586,20.019
2024-07-29,23.965,-9.809,29.981,,23.699,-9.582,0.001,19.487,33.566,3.348
2024-07-30,23.68,-12.153,27.698,,23.198,-10.19,0.001,18.892,33.573,-0.814
2024-07-31,23.484,-12.566,30.023,,23.341,-10.147,0.003,18.276,33.58,4.041
2024-08-01,23.557,-9.656,29.803,,23.319,-9.237,0.003,15.196,33.571,0.007
2024-08-02,23.555,-4.408,32.049,,23.339,-3.619,0.002,16.219,33.332,-3.908
2024-08-03,23.442,-8.006,30.834,,23.808,-8.284,0.003,23.957,33.579,0.52
2024-08-04,23.812,-1.146,27.281,,22.021,0.844,0.0,15.769,32.197,6.595
2024-08-05,21.131,-6.359,25.357,,18.945,-6.398,0.001,-0.597,25.55,-4.173
2024-08-06,23.649,-8.662,32.967,,23.328,-7.679,0.001,7.555,33.563,0.0
2024-08-07,23.915,-10.291,45.218,0.0,23.65,-9.303,0.002,-6.304,21.203,0.001
2024-08-08,21.679,-10.995,37.945,0.0,21.42,-9.291,0.001,-1.767,27.621,0.0
2024-08-09,7.308,-12.254,-0.547,0.0,5.055,-7.21,0.001,-10.666,5.223,0.0
2024-08-10,17.881,-12.672,18.005,0.0,12.75,-9.59,-2.762,3.771,27.176,0.0
2024-08-11,23.647,-2.974,29.488,0.0,22.467,-1.568,-0.812,11.607,32.219,0.0
2024-08-12,20.212,-10.303,22.691,0.0,17.91,-6.206,-10.045,-3.387,14.994,0.0
2024-08-13,20.202,-6.854,29.16,0.0,18.201,-2.856,-9.982,-0.036,33.552,0.0
2024-08-14,22.823,-4.276,31.69,0.0,22.49,-4.507,-16.679,-5.595,32.987,0.0
2024-08-15,22.772,-7.59,23.648,0.0,21.814,-9.663,-7.824,8.281,27.301,0.0
2024-08-16,17.812,-10.745,26.097,0.0,17.849,-9.613,-19.574,-3.096,32.57,0.0
2024-08-17,13.717,-11.935,33.994,0.0,15.529,-9.2,-11.339,-4.945,33.368,0.0
2024-08-18,20.995,-11.496,42.383,0.0,21.843,-8.813,-16.179,0.128,17.59,-3.473
2024-08-19,16.476,-6.858,38.491,0.0,17.699,-6.755,-8.038,-1.885,33.3,-16.519
2024-08-20,13.091,-7.93,28.748,0.0,13.892,-7.953,-17.233,-9.6,28.269,-12.98
2024-08-21,2.51,-8.989,4.516,0.0,3.179,-6.913,-4.553,-5.947,17.534,5.339
2024-08-22,5.103,-12.465,2.857,0.0,-0.048,-9.205,0.08,2.79,6.043,6.467
2024-08-23,12.641,-12.406,21.323,0.0,-0.048,-9.637,-2.841,3.384,18.94,9.76
2024-08-24,19.144,-12.11,32.82,0.0,-1.376,-9.252,-3.263,9.406,32.188,1.748
2024-08-25,-0.567,-10.221,-7.101,0.0,-5.471,-7.494,-9.258,-1.567,9.601,3.644
2024-08-26,5.023,-7.936,7.499,0.0,3.197,-3.547,-10.699,-10.62,31.164,8.198
2024-08-27,0.966,-7.711,7.2,0.0,1.266,-3.004,-13.798,-5.674,30.915,-12.236
2024-08-28,11.235,-8.421,32.092,0.0,4.015,-5.438,-2.839,5.381,33.563,1.941
2024-08-29,7.979,-9.09,25.965,0.0,-0.048,-0.995,-4.541,2.698,33.584,-1.574
2024-08-30,13.606,-12.633,34.606,0.0,6.508,0.0,-3.91,3.488,33.567,-0.691
2024-08-31,18.835,-10.605,25.63,0.0,16.745,-0.003,4.793,16.09,33.567,2.346
2024-09-01,12.498,-12.112,30.979,0.0,12.038,-9.395,-1.7,4.204,33.463,10.261
2024-09-02,12.751,-3.938,24.117,0.0,11.058,-8.329,-2.651,6.075,33.557,4.23
2024-09-03,11.155,-3.326,20.232,0.0,11.213,-6.782,-9.221,-0.32,33.555,-7.512
2024-09-04,11.773,-0.496,25.012,0.0,14.375,-3.975,-10.272,-3.14,33.557,-6.89
2024-09-05,15.895,-4.314,38.628,0.0,8.662,-6.638,2.646,8.686,33.555,28.182
2024-09-06,19.168,-5.879,41.362,0.0,-0.048,-8.548,2.003,4.221,33.558,33.279
2024-09-07,23.582,-12.672,45.524,0.0,-0.048,-10.152,5.182,20.879,33.598,16.514
2024-09-08,23.778,-2.3,45.842,0.0,-0.048,-4.837,5.126,19.237,33.566,9.609
2024-09-09,19.883,-2.963,25.091,0.0,-0.048,-6.623,-9.936,12.202,33.455,-4.917
2024-09-10,5.764,-8.918,17.322,0.0,-0.048,-8.758,-11.739,1.193,21.32,24.06
2024-09-11,20.227,-9.46,20.732,0.0,-0.048,-9.473,-6.828,7.951,33.551,-12.328
2024-09-12,23.769,-12.202,23.41,0.0,-0.048,-10.114,-1.472,11.478,33.552,-10.43
2024-09-13,23.885,-7.706,23.987,0.0,-0.048,-8.917,11.883,21.765,33.555,19.33
2024-09-14,22.756,-4.071,13.655,0.0,-0.048,-5.561,-11.869,13.546,31.086,11.978
2024-09-15,23.927,-8.824,23.99,0.0,-0.048,-9.499,4.396,17.46,33.567,11.144
2024-09-16,23.936,-11.196,23.024,0.0,-0.048,-10.077,8.187,19.746,33.555,-2.481
2024-09-17,23.902,-10.24,23.953,0.0,-0.048,-10.102,14.295,22.662,33.564,9.298
2024-09-18,23.199,-10.586,22.656,0.0,-0.048,-10.383,14.2,20.471,33.561,7.657
2024-09-19,23.891,-11.345,23.956,-0.026,-0.048,-10.366,8.097,22.844,33.554,15.466
2024-09-20,23.527,-11.069,23.81,-0.039,-0.048,-9.852,14.711,21.292,33.555,15.586
2024-09-21,23.906,-9.275,23.966,-0.056,-0.048,-9.296,9.958,23.936,33.552,10.531
2024-09-22,23.813,-10.683,23.832,-0.096,-0.048,-10.037,2.834,22.235,33.552,2.907
2024-09-23,23.926,-10.589,23.994,-0.067,-0.048,-10.494,1.469,4.763,33.561,-5.376
2024-09-24,23.932,-11.879,24.003,-0.096,-0.048,-10.373,15.412,0.0,33.552,13.423
2024-09-25,10.393,-9.937,23.772,-0.071,-0.048,-10.295,9.831,0.0,33.552,23.172
2024-09-26,0.0,-0.327,23.681,-0.005,-0.048,-1.435,17.407,0.0,33.085,28.045
2024-09-27,0.0,-5.762,17.701,-0.004,-0.048,-7.878,14.121,1.986,27.366,19.375
2024-09-28,0.0,-10.877,23.351,0.0,-0.048,-10.019,22.26,22.199,33.552,29.692
2024-09-29,0.0,2.595,22.199,-0.004,-0.048,3.854,15.513,21.693,31.625,16.438
2024-09-30,0.0,-11.811,19.816,-0.002,-0.048,-9.145,14.855,21.962,27.497,20.952
2024-10-01,0.0,-12.372,21.594,0.0,-0.048,-10.353,7.418,19.465,33.552,31.662
2024-10-02,0.0,-11.478,22.392,0.0,-0.048,-10.192,4.472,11.039,33.552,23.721
2024-10-03,0.0,0.5,23.741,0.0,-0.048,0.744,18.956,23.0,33.552,22.668
2024-10-04,0.0,-2.366,20.47,0.0,-0.048,-0.735,5.557,16.242,33.552,0.862
2024-10-05,0.0,1.73,23.685,0.0,-0.048,2.66,2.561,17.257,33.163,0.252
2024-10-06,0.0,-7.191,23.1,0.0,-0.048,-8.293,13.409,17.48,31.661,11.924
2024-10-07,0.0,-10.154,23.913,0.0,-0.048,-7.368,16.308,22.889,33.552,21.672
2024-10-08,0.0,-10.887,23.961,0.0,-0.048,-8.365,19.659,24.098,31.544,20.844
2024-10-09,0.0,-5.811,23.967,0.0,-0.048,-6.462,5.678,22.203,33.552,14.628
2024-10-10,0.0,-12.515,23.878,0.0,-0.048,-10.397,17.624,21.879,33.217,23.617
2024-10-11,0.0,-10.963,21.253,0.0,-0.048,-9.166,12.287,20.209,33.552,30.433
2024-10-12,0.0,-3.786,21.154,0.0,-0.048,-3.341,15.255,21.9,31.283,29.857
2024-10-13,0.0,-7.057,20.648,0.0,-0.048,-8.761,16.345,22.464,29.27,24.03
2024-10-14,0.0,-10.528,23.765,0.0,-0.048,-7.49,16.478,21.408,5.484,25.692
2024-10-15,0.0,-0.937,23.452,0.0,-0.048,-3.791,11.493,19.671,0.0,10.716
2024-10-16,0.0,-12.312,22.869,0.0,-0.048,-9.794,16.4,18.893,0.0,24.585
2024-10-17,0.0,-8.957,22.847,0.0,-0.048,-8.803,20.339,20.775,0.0,27.027
2024-10-18,0.0,1.848,22.671,0.0,-0.048,4.542,-1.82,10.18,0.0,0.706
2024-10-19,0.0,-5.711,24.0,0.0,-0.048,-4.481,14.827,23.051,0.0,24.196
2024-10-20,0.0,-1.238,16.154,0.0,-0.048,-0.05,3.993,8.067,0.0,3.733
2024-10-21,0.0,-5.601,12.715,0.0,-0.048,-4.678,-2.663,5.956,0.0,10.917
2024-10-22,0.0,-10.452,23.203,0.0,-0.048,-8.337,13.406,21.232,0.0,20.146
2024-10-23,0.0,2.592,23.978,0.0,-0.048,2.779,4.778,18.305,0.0,3.187
2024-10-24,0.0,-1.214,28.859,0.0,-0.048,-2.431,5.554,17.198,0.0,6.651
2024-10-25,0.0,-1.864,48.06,0.0,-0.048,-5.643,12.805,23.445,13.852,11.777
2024-10-26,-0.046,-7.66,47.994,0.0,-0.048,-7.65,10.659,21.843,33.562,11.811
2024-10-27,-0.043,-2.416,47.046,0.0,-0.048,-0.158,6.257,21.696,33.552,8.825
2024-10-28,-0.051,-7.146,43.183,0.0,-0.048,-8.783,6.424,16.551,33.552,6.396
2024-10-29,-0.048,-10.539,46.373,0.0,-0.048,-10.382,2.619,19.189,32.701,-4.663
2024-10-30,-0.026,-11.608,46.8,0.0,-0.048,-10.436,-0.402,12.578,33.552,30.352
2024-10-31,0.0,-11.131,40.514,0.0,-0.048,-9.651,2.738,11.728,33.552,32.248
2024-11-01,0.0,-11.946,47.902,0.0,-0.048,-9.957,11.351,21.159,33.552,34.053
2024-11-02,0.0,-12.58,47.144,0.0,-0.048,-10.848,8.793,19.997,33.552,10.985
2024-11-03,0.0,-11.302,47.766,0.0,-0.048,-10.583,18.507,23.008,33.552,23.591
2024-11-04,0.0,-10.4,43.328,0.0,-0.069,-10.02,4.149,11.212,33.108,-1.544
2024-11-05,0.0,-4.584,38.109,0.0,-0.096,-8.939,-4.796,4.181,23.952,-1.171
2024-11-06,0.0,-0.482,34.588,0.0,-0.096,-1.835,-15.261,-6.618,23.952,-0.171
2024-11-07,0.0,1.176,27.445,0.0,-0.096,4.349,-17.575,-4.872,23.952,0.0
2024-11-08,0.0,-2.53,37.483,0.0,0.025,-5.034,0.642,8.626,24.351,4.868
2024-11-09,0.0,-9.306,45.664,0.0,6.313,-10.468,8.284,17.247,33.552,12.041
2024-11-10,0.0,-11.188,44.291,0.0,10.371,-7.439,1.202,12.602,33.552,-7.634
2024-11-11,0.0,-11.051,45.771,0.0,11.369,-10.8,7.389,11.788,33.552,-10.101
2024-11-12,0.0,-11.53,47.2,0.0,11.588,-10.683,-6.689,10.479,33.552,-19.054
2024-11-13,0.0,-10.554,29.781,0.0,6.755,-10.437,-10.199,-4.931,33.552,-4.9
2024-11-14,0.0,-10.053,27.903,0.0,4.484,-10.325,3.299,4.513,33.552,26.812
2024-11-15,0.0,-10.914,4.446,0.0,-1.897,-10.488,-5.037,-5.563,33.551,23.325
2024-11-16,0.0,-10.92,19.587,0.0,3.724,-9.612,16.817,13.242,33.552,34.14
2024-11-17,0.0,-9.556,30.589,0.0,7.314,-8.736,14.164,16.478,33.552,34.128
2024-11-18,0.0,-7.054,39.061,0.0,19.256,-7.076,10.502,16.43,33.552,23.518
2024-11-19,0.0,-8.645,43.943,0.0,23.206,-8.674,8.289,18.248,30.544,1.978
2024-11-20,0.0,-10.334,32.688,0.0,17.537,-9.073,9.192,18.309,28.14,10.138
2024-11-21,0.0,-6.668,23.274,0.0,17.438,-7.276,5.985,5.898,29.878,1.388
2024-11-22,0.0,-8.404,21.675,0.0,21.321,-6.032,10.203,15.725,31.385,10.105
2024-11-23,0.0,0.879,13.86,0.0,18.551,-0.055,17.031,20.447,32.186,24.779
2024-11-24,0.0,-1.541,5.049,0.0,8.399,-1.176,7.959,10.374,10.979,13.598
2024-11-25,0.0,-9.973,6.414,0.0,8.038,-8.49,10.624,11.513,10.58,19.121
2024-11-26,0.0,-12.752,22.341,0.0,21.123,-10.401,19.781,19.335,16.081,25.411
2024-11-27,0.0,-12.002,23.967,0.0,23.808,-10.674,14.035,23.327,16.752,13.23
2024-11-28,0.0,0.875,22.792,0.0,19.103,3.3,14.123,15.181,16.752,18.395
2024-11-29,0.0,1.422,27.48,0.0,9.63,-2.017,-3.526,-5.23,16.752,-2.366
2024-11-30,0.0,0.036,19.467,0.0,10.621,4.259,7.58,8.324,16.752,24.447
2024-12-01,0.0,-2.627,25.795,0.0,14.129,-7.045,8.989,10.989,22.472,15.797
2024-12-02,0.0,-8.149,28.957,0.0,14.827,-8.002,6.866,6.797,17.211,25.06
2024-12-03,0.0,-6.098,29.672,0.0,13.805,-9.249,9.865,8.924,33.541,22.855
2024-12-04,0.0,0.634,14.295,0.0,4.168,1.656,-12.2,-8.115,20.061,-16.241
2024-12-05,0.0,-5.621,15.877,0.0,10.365,-7.701,13.097,8.762,33.145,20.311
2024-12-06,0.0,-6.13,21.689,0.0,12.914,-4.564,9.427,8.649,30.882,10.738
2024-12-07,0.0,-2.438,44.859,0.0,21.889,-4.276,0.001,10.51,25.053,14.741
2024-12-08,0.0,-5.31,44.615,0.0,21.832,-6.29,0.0,-0.864,21.15,11.876
2024-12-09,0.0,-12.721,43.135,0.0,22.489,-10.321,0.0,21.624,33.552,24.569
2024-12-10,0.0,-12.324,29.464,0.003,13.577,-10.477,0.0,13.781,32.416,-6.497
2024-12-11,0.0,-12.401,23.594,0.0,10.872,-10.848,0.0,2.155,30.196,-11.395
2024-12-12,0.0,-10.785,23.864,0.0,12.218,-10.294,0.002,-1.953,12.383,-14.03
2024-12-13,0.0,-11.022,11.22,0.0,7.643,-10.477,0.006,-0.254,10.807,0.142
2024-12-14,0.0,-8.26,18.863,0.0,7.699,-5.979,0.001,7.499,16.752,24.86
2024-12-15,0.0,-9.011,11.277,0.0,5.469,-8.089,0.001,4.275,16.752,33.283
2024-12-16,0.0,-7.278,3.407,0.0,-0.261,-6.371,0.012,0.05,15.847,23.169
2024-12-17,0.0,-1.954,-12.861,0.0,-3.727,-1.075,0.027,1.211,31.47,19.988
2024-12-18,0.0,-5.925,12.704,-0.008,7.869,-4.097,0.031,9.772,25.013,13.069
2024-12-19,0.0,-5.732,34.829,0.0,17.605,-4.947,0.016,21.005,30.646,18.77
2024-12-20,0.0,-5.507,33.281,0.0,15.362,-6.44,0.001,15.44,33.552,33.939
2024-12-21,0.0,2.267,-9.087,0.0,-2.478,0.598,0.01,2.93,25.212,20.573
2024-12-22,0.0,1.368,-3.455,0.0,0.479,-3.784,0.006,3.219,14.336,7.846
2024-12-23,0.0,-0.923,35.742,0.0,16.445,-5.6,0.001,16.585,25.798,23.925
2024-12-24,0.0,-1.499,30.981,0.0,13.316,-5.985,0.0,5.741,33.552,13.676
2024-12-25,0.0,-5.328,27.127,0.0,12.137,-5.983,0.002,10.236,33.552,14.81
2024-12-26,0.0,-7.349,41.342,0.0,19.539,-7.24,0.009,21.046,33.552,21.214
2024-12-27,0.0,-8.85,33.914,0.0,13.341,-8.155,0.013,13.108,33.552,7.992
2024-12-28,0.0,-10.495,16.905,0.0,7.57,-9.136,0.002,5.803,33.552,3.856
2024-12-29,0.0,-0.463,-7.024,0.0,-4.66,-5.499,0.004,-3.276,33.552,31.225
2024-12-30,0.0,4.583,-26.677,0.0,-13.87,3.808,0.002,3.194,33.552,34.122
2024-12-31,0.0,-0.599,-23.735,0.0,-16.143,1.042,0.007,1.771,27.557,13.261
2025-01-01,0.0,-9.927,6.081,0.0,5.792,-7.445,0.016,10.391,16.649,15.486
2025-01-02,0.0,-11.489,33.582,0.0,21.707,-9.753,0.002,15.968,33.552,31.228
2025-01-03,0.0,-12.2,27.849,0.0,18.08,-10.234,0.016,16.385,33.552,34.121
2025-01-04,0.0,-9.958,29.064,0.0,18.933,-8.134,0.013,19.967,33.552,20.701
2025-01-05,0.0,-4.71,36.011,0.0,23.808,-6.652,0.019,20.613,33.552,29.285
2025-01-06,0.0,-10.377,34.548,-0.139,23.706,-7.335,0.004,23.188,31.511,10.149
2025-01-07,0.0,-12.044,35.97,-5.013,23.697,-9.6,0.003,24.009,33.552,16.171
2025-01-08,0.0,-10.357,32.802,-0.011,21.403,-9.124,0.013,21.974,33.552,17.801
2025-01-09,0.0,-11.555,34.715,-0.001,23.049,-10.467,0.019,13.152,23.823,4.554
2025-01-10,0.0,3.151,35.214,3.118,21.713,1.706,0.001,21.853,33.552,16.349
2025-01-11,0.0,-7.383,45.459,-0.011,22.244,-5.716,0.002,20.836,33.552,16.8
2025-01-12,0.0,-2.587,35.764,-0.001,18.031,-2.062,0.0,15.222,33.552,10.14
2025-01-13,0.0,-0.516,-14.0,2.4,-4.199,-0.077,0.0,-15.315,33.552,7.344
2025-01-14,0.0,-8.22,-16.018,3.898,-9.124,-9.065,0.012,-3.453,33.552,15.676
2025-01-15,0.0,-0.093,-7.887,-2.786,-8.563,-0.431,0.008,-17.803,26.763,-4.897
2025-01-16,0.0,0.778,-6.398,-2.965,-12.449,3.092,0.002,-16.039,30.808,7.083
2025-01-17,0.0,0.552,-7.056,0.8,-13.223,2.903,0.008,-22.294,23.952,12.273
2025-01-18,0.0,2.705,-5.197,0.0,-3.832,4.474,0.008,-10.966,24.351,-2.026
2025-01-19,0.0,-3.802,11.425,-0.004,10.981,-4.05,0.02,5.162,33.552,7.274
2025-01-20,0.0,-7.883,5.51,0.0,6.81,-8.605,0.026,-4.018,32.466,1.024
2025-01-21,0.0,-9.303,5.119,0.0,6.081,-9.153,0.021,-1.15,31.511,4.71
2025-01-22,0.0,-2.777,22.353,0.461,23.113,-7.126,0.032,12.941,33.083,11.179
2025-01-23,0.0,-3.028,21.133,-7.278,22.668,-2.267,0.032,19.382,33.459,19.07
2025-01-24,0.0,-6.326,23.953,0.0,20.324,-4.648,0.002,16.706,33.552,30.439
2025-01-25,0.0,-11.943,34.662,0.0,23.138,-7.503,0.0,16.729,33.552,27.818
2025-01-26,0.0,-1.77,35.985,0.0,23.805,-5.612,0.006,22.61,33.552,22.088
2025-01-27,0.0,-7.351,33.927,6.839,23.376,-7.255,7.11,22.897,33.552,27.323
2025-01-28,0.0,-5.304,36.008,-0.003,23.808,-6.583,11.025,20.752,33.552,11.317
2025-01-29,0.0,-10.511,34.773,-0.148,23.189,-8.135,17.495,15.986,33.325,18.828
2025-01-30,0.0,-6.404,32.743,-6.277,8.626,-5.979,11.631,11.337,33.46,22.994
2025-01-31,0.0,-7.164,34.19,-9.1,-0.048,-5.433,20.259,18.801,32.969,22.15
2025-02-01,-0.113,0.865,23.492,2.005,-0.048,1.817,1.234,3.261,33.552,3.312
2025-02-02,0.532,-5.288,13.733,0.117,1.531,-5.704,4.201,6.227,26.855,5.288
2025-02-03,0.0,2.356,-5.974,11.328,-13.621,3.985,-4.893,-7.728,18.323,-6.851
2025-02-04,-1.614,-2.838,-7.2,-8.23,-10.194,-5.678,1.679,-10.806,33.514,15.788
2025-02-05,-4.742,-10.218,5.098,-12.297,0.002,-10.359,5.986,-9.809,33.552,23.512
2025-02-06,2.146,-2.195,14.685,-10.64,4.813,-5.792,6.343,0.548,24.976,6.88
2025-02-07,14.002,-8.354,29.395,-12.073,14.398,-9.139,24.329,12.688,33.552,33.624
2025-02-08,15.315,-9.289,46.02,-12.167,22.507,-9.858,23.349,20.472,29.148,30.563
2025-02-09,12.893,-0.199,33.481,-10.311,15.283,-4.195,18.407,11.648,33.552,17.501
2025-02-10,3.268,-7.066,16.453,-10.934,5.919,-8.436,21.247,-4.681,33.552,34.15
2025-02-11,9.38,-7.156,25.59,-10.285,13.081,-7.906,21.032,-12.857,33.552,23.814
2025-02-12,4.193,-0.188,26.154,-6.259,11.74,-2.683,0.741,-1.665,33.402,25.586
2025-02-13,7.595,2.271,24.657,7.983,9.616,5.362,-14.194,-11.839,32.639,-5.739
2025-02-14,13.453,-4.116,36.658,-3.246,15.695,-3.345,-18.657,-12.942,5.871,-20.97
2025-02-15,12.064,-4.897,30.032,-11.381,12.453,-8.5,-2.035,5.039,33.544,4.422
2025-02-16,14.033,0.17,29.093,-0.795,11.94,0.775,9.282,8.586,32.646,4.418
2025-02-17,2.888,1.41,12.41,4.647,-3.761,2.253,-10.521,-11.091,20.5,-11.043
2025-02-18,4.176,-0.019,9.685,1.99,5.729,1.308,1.819,-0.817,25.97,-5.591
2025-02-19,6.537,0.0,13.721,-2.849,6.068,-1.482,11.643,2.584,30.615,21.523
2025-02-20,7.832,0.864,4.641,3.761,2.524,1.649,3.286,1.779,33.54,33.61
2025-02-21,15.374,0.098,18.076,-4.004,13.42,-2.433,-3.401,0.834,29.871,10.704
2025-02-22,20.933,-1.688,34.581,-9.53,19.235,-5.79,4.431,8.234,32.12,26.546
2025-02-23,1.228,3.84,7.707,7.715,0.806,2.804,-10.013,-6.744,27.872,2.628
2025-02-24,10.684,-3.11,21.375,-9.91,11.39,-7.013,7.058,4.168,27.804,31.584
2025-02-25,21.589,-4.233,45.804,-11.52,21.177,-6.568,-18.361,-9.19,33.552,-18.786
2025-02-26,20.79,-0.761,41.017,-4.801,20.135,-3.054,-2.261,-0.138,33.528,-16.933
2025-02-27,6.827,-10.654,16.357,-12.31,6.977,-10.696,-8.679,-7.99,33.434,-18.392
2025-02-28,16.34,-5.551,32.655,-10.385,16.56,-7.362,1.724,-1.924,33.552,-13.421
2025-03-01,23.904,-7.759,46.585,-11.385,23.49,-8.27,8.451,11.326,33.552,9.877
2025-03-02,21.423,-3.667,43.26,-11.208,3.796,-7.025,18.144,19.889,33.552,24.495
2025-03-03,13.775,-8.174,32.932,-11.035,-0.048,-7.886,12.535,8.411,33.552,32.944
2025-03-04,10.729,-0.118,22.474,-7.12,-0.087,-3.256,3.924,-0.774,22.799,31.46
2025-03-05,10.366,-0.912,17.033,-4.581,8.206,-3.695,8.593,-2.772,16.749,33.051
2025-03-06,22.998,-3.313,42.877,-3.715,21.628,-2.575,3.689,5.545,16.752,15.902
2025-03-07,23.779,-9.909,46.864,-11.015,23.647,-9.145,-0.273,12.707,16.752,-4.926
2025-03-08,23.885,-2.69,48.076,-5.943,23.808,-4.174,15.333,20.986,16.752,10.458
2025-03-09,23.885,-0.598,45.084,-10.793,23.457,-7.17,22.569,20.456,16.752,17.845
2025-03-10,18.618,-0.87,37.317,-10.557,17.835,-5.895,-0.622,-2.741,16.752,-8.516
2025-03-11,20.494,-7.617,42.35,-12.177,20.546,-8.526,-4.317,-6.538,17.351,-17.328
2025-03-12,13.89,-2.018,23.467,-10.682,13.066,-4.337,-4.804,-8.788,21.399,-15.289
2025-03-13,17.183,-9.158,34.332,-12.129,15.215,-9.371,7.563,5.28,23.79,3.548
2025-03-14,18.96,-7.014,38.467,-11.668,19.759,-8.937,12.465,6.637,22.681,1.366
2025-03-15,23.536,-12.361,47.592,-12.336,23.788,-10.848,24.36,23.645,23.952,21.914
2025-03-16,23.414,-8.885,47.046,-12.246,23.081,-10.594,23.462,20.427,23.952,27.472
2025-03-17,21.97,-0.739,42.263,-9.387,21.756,-3.974,18.408,12.656,23.952,17.558
2025-03-18,23.807,-0.936,47.665,-8.418,23.371,-3.658,10.916,12.214,23.952,9.27
2025-03-19,23.849,-7.747,48.017,-11.98,23.801,-8.992,12.76,16.123,23.952,6.628
2025-03-20,23.88,-0.299,41.311,-3.882,23.798,-3.283,6.324,12.24,23.952,0.936
2025-03-21,23.307,-7.31,43.917,-6.754,23.322,-5.926,8.184,11.989,20.306,13.731
2025-03-22,22.842,-3.17,45.256,-5.703,22.834,-1.883,16.032,12.816,22.019,27.293
2025-03-23,23.864,-0.825,47.997,0.436,23.788,0.699,9.785,18.822,23.952,30.084
2025-03-24,22.864,-9.183,46.543,-12.308,22.978,-10.265,1.337,2.484,23.952,-5.9
2025-03-25,22.352,-8.719,45.767,-11.982,22.607,-9.654,5.081,4.573,23.952,14.176
2025-03-26,21.97,-7.8,45.511,-12.293,21.384,-9.032,-0.883,0.439,23.952,7.484
2025-03-27,21.866,0.004,42.05,-1.817,20.577,-0.373,0.077,-0.403,23.951,14.104
2025-03-28,17.934,-3.16,33.759,-6.729,17.725,-2.883,-8.952,-6.435,23.9,13.521
2025-03-29,20.74,-2.788,34.355,-6.988,19.827,-4.623,2.917,4.426,18.67,4.348
2025-03-30,13.713,-11.957,20.157,-10.99,11.476,-9.769,8.772,7.991,0.024,5.094
2025-03-31,23.571,-5.917,27.98,-10.542,23.401,-8.699,18.437,18.133,23.952,17.75
2025-04-01,22.557,0.034,20.893,-0.274,21.761,-0.076,14.661,17.856,23.952,3.919
2025-04-02,18.359,-5.201,18.899,-11.125,20.292,-7.754,15.478,20.41,22.153,3.294
2025-04-03,21.123,-2.969,20.648,-7.449,22.069,-5.414,10.649,11.701,18.552,4.217
2025-04-04,23.705,-4.203,23.463,-6.71,23.712,-3.559,3.572,7.219,19.901,2.329
2025-04-05,22.069,0.282,19.795,-10.702,20.365,-6.181,7.829,12.304,14.133,8.45
2025-04-06,23.904,-5.021,24.061,-12.167,23.808,-8.69,19.899,19.529,23.079,5.455
2025-04-07,23.583,-3.593,21.971,-12.106,23.187,-8.08,8.741,6.661,23.952,-0.145
2025-04-08,23.514,-7.083,23.661,-1.794,23.569,-8.437,0.559,5.955,19.472,-7.6
2025-04-09,23.902,-9.94,24.057,0.096,23.809,-10.305,13.096,15.365,16.752,4.58
2025-04-10,23.905,-11.227,24.077,-0.54,23.808,-10.691,9.159,12.519,16.752,15.626
2025-04-11,23.902,-8.88,23.314,-11.99,23.765,-10.485,2.182,10.853,17.548,25.974
2025-04-12,23.138,-2.948,23.537,-9.907,23.848,-4.992,14.565,19.754,33.552,11.002
2025-04-13,23.261,-4.63,23.053,-10.22,23.645,-6.557,13.017,18.119,33.545,20.695
2025-04-14,23.909,-0.325,24.098,-11.149,23.828,-7.945,5.198,4.691,33.552,0.54
2025-04-15,23.909,0.0,24.076,-8.722,23.832,-6.118,11.832,15.584,33.552,29.009
2025-04-16,23.608,0.0,22.747,-11.52,22.58,-8.49,-15.43,-15.133,31.999,-3.009
2025-04-17,23.531,0.0,23.67,-12.32,23.296,-10.432,2.241,-3.0,33.552,20.06
2025-04-18,23.806,0.0,23.74,-7.249,23.771,-2.484,5.677,6.968,33.552,12.121
2025-04-19,23.334,0.0,21.095,-12.266,22.94,-9.442,4.081,5.146,33.528,4.226
2025-04-20,23.46,0.0,22.339,-9.949,22.647,-4.232,13.494,14.687,33.552,19.29
2025-04-21,23.9,0.0,23.834,-7.841,23.425,-2.738,3.51,7.834,33.552,10.296
2025-04-22,23.543,0.0,23.844,1.439,23.527,0.212,-1.532,-4.599,33.552,-4.032
2025-04-23,23.876,0.0,23.972,-10.479,23.695,-7.966,-0.891,-3.25,31.228,1.579
2025-04-24,22.592,0.0,23.145,-2.04,22.258,-3.129,6.431,0.072,33.23,-7.432
2025-04-25,23.558,0.0,25.928,-8.816,23.035,-6.037,-0.62,2.865,33.518,-1.874
2025-04-26,23.897,0.0,36.07,-4.115,23.808,-4.631,12.678,15.075,33.552,16.986
2025-04-27,22.1,0.0,30.463,-5.521,21.158,-2.209,-0.946,2.205,26.898,-0.016
2025-04-28,23.236,0.0,34.986,-11.602,6.087,-7.356,1.054,2.688,33.552,0.664
2025-04-29,23.859,0.0,34.117,-12.271,-0.048,-9.13,8.213,6.705,33.552,4.908
2025-04-30,23.966,0.0,36.193,-12.162,-0.048,-10.036,5.718,6.773,33.552,4.12
2025-05-01,23.966,0.0,36.159,-12.329,-0.048,-10.481,5.649,4.451,33.552,9.705
2025-05-02,23.963,0.0,36.203,-12.306,6.905,-9.977,2.486,0.079,33.552,13.717
2025-05-03,23.518,0.0,36.204,-11.299,23.688,-7.371,0.486,2.426,26.933,9.804
2025-05-04,23.392,0.0,32.435,-12.336,22.92,-9.376,-0.217,1.611,21.946,2.292
2025-05-05,23.937,0.0,36.161,-12.336,23.808,-10.204,5.289,12.832,32.368,13.279
2025-05-06,23.94,0.0,36.152,-12.336,23.808,-10.599,3.581,19.389,30.807,18.01
2025-05-07,23.932,0.0,36.172,-12.336,23.808,-10.769,-3.307,10.85,15.145,5.244
2025-05-08,23.943,0.0,36.124,-12.336,23.814,-10.76,1.326,16.0,11.908,0.345
2025-05-09,23.921,0.0,36.006,-11.666,23.813,-10.021,1.1,12.999,21.321,3.016
2025-05-10,23.186,-2.409,32.763,-11.434,21.501,-7.037,4.313,13.91,29.207,6.989
2025-05-11,23.415,-5.854,33.363,-11.759,22.131,-7.598,10.321,15.916,25.351,4.33
2025-05-12,23.946,-6.935,35.986,-11.368,23.706,-8.756,-1.857,8.339,31.33,1.988
2025-05-13,22.872,-3.978,36.043,-12.257,23.665,-8.393,0.006,1.897,31.91,0.0
2025-05-14,22.857,-8.163,43.858,-12.245,23.643,-10.539,0.006,0.555,30.898,0.0
2025-05-15,21.296,-6.118,33.936,-12.328,23.274,-10.589,0.01,4.995,33.314,0.0
2025-05-16,18.413,-7.169,36.715,-12.066,23.255,-10.149,-0.647,2.38,33.073,0.0
2025-05-17,0.0,-0.427,42.591,-12.251,21.321,-9.924,-0.491,2.08,32.708,0.0
2025-05-18,0.0,0.0,47.914,-11.609,23.808,-8.42,1.03,-3.024,33.552,0.0
2025-05-19,0.0,0.0,39.125,-10.701,23.809,-6.972,-2.977,-1.546,33.552,0.0
2025-05-20,0.0,0.0,32.616,-12.336,23.808,-10.336,2.884,4.182,33.552,0.0
2025-05-21,0.0,-0.009,32.638,-10.982,23.808,-8.304,8.35,1.353,33.552,0.0
2025-05-22,0.0,-4.662,32.658,-10.922,23.614,-9.99,10.109,19.275,33.552,0.0
2025-05-23,0.0,-6.298,32.476,-8.315,23.808,-8.245,3.231,16.771,33.552,0.0
2025-05-24,0.0,-2.872,21.491,-6.884,16.373,-5.347,-3.054,2.471,27.03,0.0
2025-05-25,0.0,-4.932,-8.49,0.288,-2.588,-5.585,-16.531,-14.9,-24.565,-5.381
2025-05-26,0.0,-6.707,4.671,-11.141,5.743,-9.002,-12.656,-15.702,-12.785,-12.945
2025-05-27,0.0,-2.702,26.024,-12.058,19.075,-9.176,2.392,9.101,16.493,16.489
2025-05-28,0.0,0.0,32.678,-10.556,23.806,-9.542,7.395,16.276,33.108,20.699
2025-05-29,0.0,-2.429,16.543,-6.958,15.302,-7.181,-9.02,-8.755,10.875,7.428
2025-05-30,0.0,-8.952,30.407,-11.737,22.941,-9.039,2.899,3.518,21.38,21.943
2025-05-31,0.0,-0.74,28.456,2.654,21.384,-1.512,-8.331,-3.263,14.934,-3.323
2025-06-01,1.926,-3.7,24.668,-6.037,14.917,-3.979,-9.28,-6.464,-7.017,-9.436
2025-06-02,18.656,-0.314,21.601,-0.767,18.321,-1.229,-9.843,-8.748,27.775,-3.458
2025-06-03,13.752,-7.338,12.042,-7.69,9.778,-7.652,-15.894,-12.185,-6.538,-10.657
2025-06-04,23.826,-7.878,31.917,-10.501,23.613,-10.127,-19.318,-17.203,5.45,-8.848
2025-06-05,23.805,-12.162,31.504,-12.335,23.808,-10.482,7.192,8.548,15.424,11.312
2025-06-06,23.881,-11.587,28.792,-11.629,23.808,-10.799,19.074,19.506,16.644,19.417
2025-06-07,23.891,-6.214,31.857,-7.839,23.808,-6.928,13.709,17.558,16.686,21.021
2025-06-08,21.706,-9.783,27.449,-11.526,20.814,-8.635,15.027,14.62,3.408,6.525
2025-06-09,23.895,-5.76,32.511,-0.752,6.911,-4.954,11.756,13.238,16.173,16.054
2025-06-10,23.741,-11.093,32.332,-11.847,-0.048,-10.237,13.306,8.79,14.752,12.622
2025-06-11,23.916,-2.144,32.651,-10.16,-0.048,-6.066,3.385,4.372,30.864,11.971
2025-06-12,23.644,-7.345,27.795,-12.128,-0.048,-5.667,4.708,5.45,-0.013,13.902
2025-06-13,23.918,-8.621,32.54,-11.076,-0.048,-0.001,9.002,9.324,27.762,27.925
2025-06-14,21.431,-9.309,31.261,-12.259,-0.048,-3.382,4.405,3.856,28.518,20.676
2025-06-15,23.914,-6.929,32.603,-11.718,-0.048,-6.998,5.674,8.708,25.967,12.543
2025-06-16,23.923,-1.885,31.125,-6.717,-0.048,-2.832,0.118,-1.368,33.504,16.664
2025-06-17,23.909,-6.507,31.054,-11.609,-0.048,-8.578,-3.2,-2.38,33.24,1.161
2025-06-18,23.869,-10.386,32.48,-12.336,-0.048,-8.745,4.198,5.788,33.503,18.82
2025-06-19,23.389,-1.921,28.461,-9.715,-0.107,-6.134,9.117,4.392,33.504,24.781
2025-06-20,21.08,-1.921,23.991,-10.71,10.999,-5.446,1.772,5.358,33.504,5.799
2025-06-21,16.257,-3.955,23.995,-11.231,21.256,-7.084,0.307,6.596,30.422,8.758
2025-06-22,11.075,-6.179,12.597,-10.757,11.641,-6.903,-13.592,0.458,11.968,-11.817
2025-06-23,4.752,-10.325,3.633,-10.459,1.704,-9.432,-2.459,-1.084,-7.549,6.089
2025-06-24,13.685,-9.822,13.98,-8.81,13.147,-9.651,4.011,4.758,19.692,29.24
2025-06-25,16.154,-6.552,14.945,-12.03,13.675,-10.185,-1.844,2.606,33.504,11.117
2025-06-26,15.264,-0.275,23.539,-10.594,15.316,-5.386,-16.514,-4.647,24.658,-5.026
2025-06-27,-3.38,-0.197,5.968,1.159,-7.158,-1.028,-10.974,-6.794,27.079,22.069
2025-06-28,-2.695,-9.102,-6.519,-10.279,-6.132,-9.318,-5.415,-2.191,12.152,5.957
2025-06-29,15.686,-0.03,29.214,-3.032,14.252,-0.566,4.355,4.748,33.504,27.266
2025-06-30,0.0,-1.924,21.654,-11.759,1.855,-6.192,-1.615,-0.688,30.72,3.113
2025-07-01,0.0,-1.053,20.749,-6.318,7.118,-4.183,-0.705,-1.198,33.504,-0.963
2025-07-02,0.671,-0.109,15.768,-5.084,7.453,-1.439,2.68,-6.37,33.504,3.577
2025-07-03,9.662,-0.26,18.46,-8.294,7.556,-3.535,3.319,-0.64,33.504,21.385
2025-07-04,-2.097,-0.964,10.109,-2.569,-1.877,-0.464,-1.426,-6.898,20.883,-4.093
2025-07-05,4.63,-8.106,11.606,-12.204,0.95,-9.548,-2.439,0.868,0.144,19.217
2025-07-06,23.918,-2.082,36.219,-6.126,23.808,-2.083,-8.187,1.816,33.295,7.592
2025-07-07,23.531,-7.413,39.142,-8.548,23.584,0.0,-19.131,-4.164,21.985,-18.253
2025-07-08,23.743,-8.376,40.326,-11.616,23.807,0.0,-1.031,0.201,32.978,-2.9
2025-07-09,23.607,-8.023,47.394,-10.899,23.436,0.0,-1.763,-2.009,33.504,2.881
2025-07-10,23.223,-10.336,47.205,-12.128,23.678,0.055,-2.325,-3.546,33.504,2.225
2025-07-11,23.727,-5.282,46.685,-11.078,23.48,-0.069,-1.524,5.485,33.504,10.056
2025-07-12,22.458,0.0,48.041,-11.242,22.075,-2.501,-0.917,4.904,29.475,8.933
2025-07-13,22.397,-0.269,46.074,-6.362,22.592,-2.634,-3.554,3.932,23.932,6.177
2025-07-14,15.749,-0.088,46.907,-1.961,23.317,-0.369,-11.392,1.608,18.824,-16.046
2025-07-15,13.566,-1.122,42.113,-4.9,23.494,-3.739,-1.675,6.271,33.503,-4.401
2025-07-16,23.156,-3.174,35.013,-11.734,23.476,-9.447,4.484,16.089,33.504,8.416
2025-07-17,18.699,-0.102,32.18,-6.385,18.968,-0.935,2.109,6.218,33.504,12.938
2025-07-18,20.428,-6.572,32.609,-11.026,20.605,-8.24,-0.953,3.815,33.503,-1.879
2025-07-19,18.931,-0.714,42.129,-10.749,23.808,-5.62,0.157,10.287,33.3,5.796
2025-07-20,15.088,-0.32,44.82,-5.366,17.511,-1.816,1.521,10.711,33.504,14.152
2025-07-21,23.782,-0.007,43.965,-1.704,23.717,-0.407,-2.19,15.82,33.503,-4.996
2025-07-22,21.239,-8.804,45.418,-12.322,22.446,-10.123,8.303,14.569,32.645,9.938
2025-07-23,20.001,-1.321,43.624,-12.061,20.41,-8.174,8.94,9.511,33.504,17.07
2025-07-24,23.72,-9.008,47.053,-12.017,23.492,-10.207,-4.448,1.623,31.202,-8.005
2025-07-25,23.906,-4.714,37.68,-12.258,23.558,-8.985,-8.136,1.705,32.777,-2.828
2025-07-26,23.735,0.0,48.164,-8.962,23.808,-1.105,-5.197,7.161,33.504,3.525
2025-07-27,23.359,-0.261,48.146,-10.937,23.808,-5.057,-1.857,10.996,32.293,3.576
2025-07-28,23.902,-6.035,47.442,-12.044,23.808,-9.132,8.558,16.209,31.065,16.712
2025-07-29,23.938,-0.513,30.111,-9.992,23.808,-5.1,4.477,20.248,33.504,27.828
2025-07-30,23.704,-6.031,22.151,-12.336,22.437,-10.057,5.885,18.926,33.504,21.278
2025-07-31,23.486,-2.788,31.586,-10.588,23.394,-5.617,-4.771,6.058,33.504,8.731
2025-08-01,23.244,-9.0,45.347,-12.26,23.143,-10.112,-3.377,7.459,25.984,-4.433
2025-08-02,23.561,-6.051,47.398,-11.382,23.138,-7.846,5.163,15.449,33.089,5.021
2025-08-03,23.165,-9.576,41.857,-11.597,23.202,-9.588,14.946,20.226,19.158,15.981
2025-08-04,13.797,3.265,28.865,4.469,10.845,0.881,-17.99,-8.976,4.007,3.153
2025-08-05,5.861,-10.722,10.043,-5.756,2.798,-8.806,-7.626,-1.51,-1.559,11.638
2025-08-06,19.363,-4.411,41.425,-4.046,19.767,-3.439,-1.983,1.394,32.07,18.31
2025-08-07,17.841,-8.812,39.83,-11.337,19.429,-9.247,-2.999,0.872,17.174,-7.701
2025-08-08,21.439,-3.617,42.622,-9.509,20.037,-4.153,-10.047,-3.849,19.063,-10.251
2025-08-09,16.777,-4.648,33.985,-9.638,19.037,-7.254,-7.241,-1.731,-3.84,-7.022
2025-08-10,23.275,-4.298,47.483,-12.087,22.294,-9.506,6.003,15.705,32.144,13.53
2025-08-11,23.552,-7.215,44.715,-10.614,23.35,-9.614,2.139,16.045,26.902,-0.989
2025-08-12,20.767,-2.058,38.787,-10.922,20.478,-9.05,4.858,13.277,31.044,-2.046
2025-08-13,14.722,-0.895,33.895,-10.664,15.587,-6.719,1.251,8.177,33.39,0.908
2025-08-14,19.076,-4.416,44.593,-12.16,19.915,-9.704,-0.914,6.657,30.307,-5.704
2025-08-15,23.712,-4.084,47.44,-12.305,23.802,-10.267,7.11,10.352,29.358,13.012
2025-08-16,22.827,0.0,46.335,-10.146,23.808,-3.702,13.18,15.942,33.056,19.919
2025-08-17,22.722,-0.025,44.487,-8.295,23.072,-1.738,1.507,15.657,30.603,9.18
2025-08-18,22.728,-9.006,45.534,-12.034,21.665,-8.589,4.945,8.532,24.901,-2.609
2025-08-19,22.289,-11.007,44.015,-12.284,23.032,-10.539,0.179,1.201,26.196,-5.633
2025-08-20,13.689,-10.536,36.701,-12.193,18.275,-10.412,4.81,6.087,22.38,-1.436
2025-08-21,23.54,-12.675,46.289,-12.336,23.808,-10.848,7.865,10.757,25.393,10.144
2025-08-22,23.882,-11.378,47.527,-10.997,23.584,-10.743,7.065,11.592,29.898,23.932
2025-08-23,23.175,-10.418,47.68,-12.197,23.685,-10.78,13.378,16.574,31.482,17.587
2025-08-24,23.477,-0.837,47.501,-10.735,23.231,-7.851,17.141,20.501,31.286,19.615
2025-08-25,16.918,-0.237,36.555,-4.933,16.671,-2.451,-0.755,4.686,2.195,-3.8
2025-08-26,20.218,-2.069,42.718,-5.919,21.733,-3.475,5.266,6.391,0.0,-3.688
2025-08-27,18.749,-0.871,40.796,-7.281,20.966,-2.96,-0.614,-3.525,0.0,-5.332
2025-08-28,23.036,-0.093,47.192,-5.962,23.696,-1.591,-12.892,5.806,0.0,-24.84
2025-08-29,23.952,-2.401,48.183,-6.833,14.442,-2.835,8.845,17.081,0.0,-3.017
2025-08-30,19.321,-2.245,36.071,-0.831,10.62,-1.659,-3.526,1.244,0.0,-4.895
2025-08-31,10.12,-5.704,9.81,-2.487,6.698,-2.729,-19.995,-18.605,0.0,-24.141
2025-09-01,18.144,-2.95,35.83,-10.546,17.919,-8.176,-21.411,-5.244,0.0,-25.993
2025-09-02,23.839,-11.638,48.017,-12.138,9.702,-9.767,3.26,14.461,0.0,-9.678
2025-09-03,23.359,-9.642,44.409,-12.022,-0.048,-10.757,21.983,10.661,0.0,24.635
2025-09-04,23.902,-8.212,44.071,-11.052,12.774,-9.71,6.985,9.845,0.0,7.423
2025-09-05,23.932,-9.3,47.361,-12.265,23.722,-9.981,1.005,14.031,11.482,-9.037
2025-09-06,19.982,0.812,37.71,-0.404,19.892,-1.221,-6.095,7.943,13.591,-8.644
2025-09-07,16.747,-9.131,30.181,-6.816,13.845,-6.335,-2.432,3.083,-9.276,-2.73
2025-09-08,23.946,-3.044,24.461,-9.862,23.568,-7.616,-4.443,9.785,33.552,-2.468
2025-09-09,23.375,-0.276,23.672,-4.202,23.671,-1.743,-23.559,-12.335,25.29,-21.78
2025-09-10,23.727,-2.597,23.354,-7.47,23.497,-6.139,-18.952,0.511,25.844,-25.589
2025-09-11,15.084,-8.585,21.029,-8.501,22.077,-6.468,-18.336,3.247,4.488,-6.457
2025-09-12,18.758,-12.141,18.282,-9.778,19.193,-9.707,-11.911,-7.702,1.301,-4.628
2025-09-13,17.458,-7.033,20.547,-12.154,20.406,-9.094,0.364,9.304,16.117,14.78
2025-09-14,22.314,-1.219,22.524,0.152,22.773,-1.627,2.988,10.087,14.941,0.699
2025-09-15,5.315,-0.01,14.109,-4.949,17.803,-1.215,-0.962,6.986,-4.354,14.548
2025-09-16,17.062,-9.874,16.727,-9.678,16.828,-8.293,0.001,3.266,15.56,14.571
2025-09-17,16.729,-0.17,17.352,1.957,16.723,0.003,0.004,-1.433,29.121,19.944
2025-09-18,10.105,-1.625,10.084,-6.93,10.298,-7.359,0.003,-8.999,14.288,23.711
2025-09-19,10.144,-6.065,19.735,-12.193,21.091,-10.184,0.0,2.1,31.376,15.798
2025-09-20,7.656,-3.058,19.834,-9.325,20.933,-6.007,0.001,11.635,29.863,7.92
2025-09-21,19.053,-8.964,13.13,-12.214,15.61,-10.079,-0.447,10.457,18.982,24.243
2025-09-22,23.909,-9.282,23.987,-12.285,23.76,-10.374,3.538,4.001,33.551,16.183
2025-09-23,23.918,-6.817,24.047,-12.127,23.808,-9.704,9.904,0.0,33.552,4.506
2025-09-24,23.915,-6.073,24.034,-12.118,23.798,-8.561,18.657,0.0,33.538,11.628
2025-09-25,23.206,-1.691,23.509,-10.328,23.469,-4.464,10.19,0.0,33.552,19.686
2025-09-26,22.086,1.027,23.371,4.814,23.059,2.895,-9.761,0.0,33.552,22.073
2025-09-27,23.776,-6.437,24.024,-9.292,23.758,-7.518,-13.458,-5.754,33.552,10.118
2025-09-28,23.97,-6.766,19.674,-11.495,23.808,-9.849,6.504,21.37,33.552,4.218
2025-09-29,23.936,-1.769,12.038,-7.873,23.796,-4.778,-6.347,12.728,33.552,-12.881
2025-09-30,23.914,-0.311,11.765,-9.21,23.715,-3.531,-13.576,6.422,31.161,-23.594
2025-10-01,23.299,-0.044,11.012,-5.553,22.979,-2.395,-9.789,-3.779,31.812,-14.424
2025-10-02,18.882,-0.008,17.879,-3.804,19.195,-1.305,-3.753,2.662,29.807,-1.976
2025-10-03,16.131,-0.639,7.51,-1.028,12.8,-2.569,-4.109,1.299,19.0,22.96
2025-10-04,1.491,-3.531,-0.766,7.239,-4.014,4.053,1.787,5.353,-3.952,6.1
2025-10-05,9.7,-6.537,8.761,-6.785,8.745,-7.414,10.687,11.449,-4.463,11.005
2025-10-06,15.587,-0.344,17.642,-3.409,13.681,-2.332,-12.887,-8.747,31.301,-3.327
2025-10-07,14.329,-7.707,0.993,-6.377,14.364,-6.672,-16.563,-15.294,32.948,-17.721
2025-10-08,18.828,-5.844,-0.048,-11.641,18.827,-9.528,-19.395,-10.92,33.552,-17.027
2025-10-09,22.382,-8.475,5.063,-9.537,22.516,-8.104,2.395,4.587,33.552,13.448
2025-10-10,16.604,-10.338,23.574,-12.318,22.872,-10.604,6.037,8.572,33.552,34.102
2025-10-11,0.0,-12.372,23.996,-12.337,23.706,-10.832,16.3,21.211,33.554,29.844
2025-10-12,0.0,-11.37,23.818,-12.319,23.78,-10.717,14.654,19.635,33.552,19.279
2025-10-13,0.0,-5.404,7.995,-11.986,21.58,-10.504,-5.139,8.483,33.441,-9.72
2025-10-14,0.0,-10.969,12.042,-12.336,22.344,-10.7,-9.483,1.319,33.552,-21.152
2025-10-15,0.0,-11.769,11.246,-12.336,22.109,-10.831,-8.064,7.173,33.552,-5.94
2025-10-16,14.054,-11.428,9.773,-12.336,19.705,-10.752,9.953,14.183,33.552,19.104
2025-10-17,18.499,-3.679,12.133,-11.111,19.808,-7.8,3.878,12.101,33.552,9.21
2025-10-18,22.359,0.644,24.053,-1.454,22.645,1.735,-1.338,7.034,32.452,-5.803
2025-10-19,23.789,-7.993,23.556,-7.364,23.454,-6.641,0.056,8.429,11.356,9.483
2025-10-20,23.932,-10.766,24.017,-11.457,23.689,-9.732,12.872,21.384,32.876,27.576
2025-10-21,23.888,-3.928,24.018,-5.748,23.638,-4.571,12.371,10.947,32.377,25.759
2025-10-22,23.334,-10.805,19.686,-12.299,21.708,-9.678,-5.78,-1.366,31.453,-5.905
2025-10-23,23.045,-0.353,29.477,-6.858,22.944,-2.67,14.509,16.837,31.177,18.652
2025-10-24,17.314,-5.342,23.129,-10.979,15.047,-7.358,17.375,17.34,21.626,17.497
2025-10-25,9.675,-9.748,12.664,-9.061,9.027,-8.588,1.871,7.372,-3.805,11.702
2025-10-26,17.147,-6.197,19.544,-4.81,15.62,-3.673,15.739,16.426,6.672,11.929
2025-10-27,18.809,-4.319,25.845,1.934,-0.444,-1.714,5.902,16.201,16.868,11.543
2025-10-28,16.093,-4.119,25.176,-5.513,-0.048,-5.166,3.223,13.125,17.794,-1.734
2025-10-29,20.904,-3.93,22.81,-9.388,-0.048,-4.603,-3.032,7.284,28.212,9.418
2025-10-30,19.942,-2.258,31.695,2.914,-0.048,-0.731,1.545,5.227,25.528,12.306
2025-10-31,18.943,-7.345,29.023,-6.15,-0.048,-6.935,-19.041,3.056,6.172,-20.953
2025-11-01,17.448,-10.794,23.728,-12.244,-0.048,-10.253,-0.011,3.614,-0.041,2.087
2025-11-02,23.957,-6.168,36.15,-9.318,-0.048,-6.972,-7.388,15.911,11.412,-15.451
2025-11-03,17.013,0.358,24.74,-4.357,-0.048,0.059,-12.704,-6.012,7.282,8.365
2025-11-04,17.218,-11.719,23.502,-12.336,-0.048,-10.016,5.037,7.567,18.207,30.323
2025-11-05,23.887,-12.691,29.202,-12.336,-0.048,-10.821,4.081,16.347,33.552,9.411
2025-11-06,23.856,-11.3,33.716,-11.622,-0.048,-10.501,0.006,15.772,33.552,-8.357
2025-11-07,23.716,-5.885,35.898,-8.717,-0.048,-6.742,-18.146,1.344,33.552,-22.911
2025-11-08,23.976,-0.486,36.189,-7.659,-0.048,-4.377,-16.977,12.86,33.552,-25.992
2025-11-09,23.971,-5.177,36.198,-6.87,-0.048,-4.037,-18.075,2.265,33.552,-24.851
2025-11-10,23.57,-6.25,35.499,-12.063,-0.048,-9.954,-9.563,17.46,33.101,-22.983
2025-11-11,23.302,-4.234,34.634,-7.358,-0.048,-6.019,-0.857,16.532,33.552,-5.665
2025-11-12,23.305,-10.197,34.668,-10.482,-0.048,-9.392,0.57,5.159,32.806,26.89
2025-11-13,22.646,-9.041,32.844,-10.697,-0.048,-7.428,-15.589,14.242,23.448,7.094
2025-11-14,23.979,-0.23,36.224,-6.698,-0.048,-1.501,-19.977,-6.805,23.911,-21.758
2025-11-15,23.988,-4.888,36.204,-6.153,-0.048,-4.494,-6.446,4.735,16.738,3.104
2025-11-16,23.975,-6.768,36.186,-11.939,-0.048,-10.17,-11.105,6.526,31.882,-4.087
2025-11-17,23.777,-12.183,34.56,-12.322,-0.048,-10.74,0.892,6.606,24.807,4.579
2025-11-18,18.922,-0.287,25.002,-5.404,-0.048,-2.873,3.847,2.258,14.955,-6.551
2025-11-19,20.665,-3.672,32.066,-7.788,-0.048,-5.115,-8.51,-4.331,-9.08,-21.975
2025-11-20,13.053,-8.756,19.863,-11.198,-0.065,-8.916,-12.586,-9.493,-12.972,-11.339
2025-11-21,14.623,-1.533,19.146,-4.579,-0.244,-2.588,0.825,-2.292,-8.577,-8.757
2025-11-22,14.48,-7.278,21.789,-10.893,14.245,-8.128,12.287,8.17,32.953,24.413
2025-11-23,21.089,0.884,29.552,2.631,20.986,0.206,13.703,13.205,29.332,24.803
2025-11-24,23.61,-4.222,35.389,-8.084,22.988,-4.537,-14.67,-11.451,-12.684,-17.283
2025-11-25,23.97,-11.428,30.15,-11.89,23.796,-9.666,-8.42,12.056,-12.494,-22.882
2025-11-26,15.131,-3.451,23.53,-4.827,15.355,-4.705,-20.446,-10.16,-13.192,-24.232
2025-11-27,6.333,-0.064,-2.752,-2.905,2.412,-0.515,-6.484,-15.956,26.033,24.616
2025-11-28,0.297,-2.798,1.121,-5.389,-0.903,-2.735,-8.254,-12.844,26.793,29.198
2025-11-29,17.117,-7.383,19.786,-12.336,17.438,-10.566,5.219,12.052,33.102,29.176
2025-11-30,15.13,-7.105,20.704,-6.196,15.215,-5.57,6.576,6.363,26.899,30.793
2025-12-01,15.355,-10.989,17.958,-12.078,13.722,-9.644,2.887,2.313,22.826,29.52
2025-12-02,12.753,-6.337,20.471,-11.691,13.53,-9.306,-0.442,-8.017,31.606,6.448
2025-12-03,18.923,-6.342,25.919,-11.891,18.799,-7.508,-23.64,-17.439,18.461,-26.175
2025-12-04,22.55,-10.167,28.925,-11.951,22.524,-9.75,2.299,-4.011,11.701,-25.189
2025-12-05,20.655,-2.457,28.968,-4.59,20.6,-4.966,-20.795,-21.142,4.852,-25.973
2025-12-06,23.928,-3.367,36.103,-10.304,23.808,-5.542,11.898,18.921,23.457,21.194
2025-12-07,23.143,-4.638,35.839,-8.872,23.193,-8.704,17.482,20.172,28.125,12.708
2025-12-08,22.979,-3.033,32.851,-2.515,22.727,-3.506,10.982,15.925,19.915,30.335
2025-12-09,23.69,0.018,35.799,-3.49,23.747,-0.705,-9.297,0.685,10.743,-8.678
2025-12-10,8.275,1.365,18.767,-3.422,12.304,-2.957,-14.799,-15.336,16.927,24.709
2025-12-11,6.977,-5.294,14.576,-5.747,8.664,-4.471,-21.657,-21.04,32.222,26.936
2025-12-12,17.643,-3.014,28.122,-10.461,18.114,-6.767,-13.69,-16.04,29.477,-24.746
2025-12-13,17.87,-0.009,28.953,2.24,15.515,0.337,-16.593,-15.198,33.542,-5.317
2025-12-14,11.331,-1.895,10.967,1.0,-0.884,-0.206,-16.669,-17.4,28.632,32.451
2025-12-15,20.297,-12.768,29.037,-12.336,18.858,-10.242,-4.424,-4.012,33.552,25.483
2025-12-16,20.482,-9.919,32.533,-9.78,20.635,-8.563,-6.645,-2.019,33.552,-16.327
2025-12-17,14.601,-1.011,23.78,-4.745,12.102,-2.665,-18.466,-18.02,21.062,-19.653
2025-12-18,22.71,-2.821,34.356,-10.835,22.499,-7.084,9.041,11.466,26.585,28.345
2025-12-19,4.805,-3.453,16.46,-8.077,7.176,-5.125,-0.918,-4.41,29.097,25.545
2025-12-20,23.713,0.464,36.117,2.752,23.42,0.864,-12.41,-4.149,33.552,-9.66
2025-12-21,23.939,-11.837,36.169,-12.269,23.808,-8.562,6.433,16.441,33.552,5.587
2025-12-22,23.675,-12.109,35.475,-12.166,23.585,-10.752,8.385,14.76,31.886,19.581
2025-12-23,22.68,-11.039,36.103,-12.15,23.231,-10.755,19.16,20.755,33.552,29.83
2025-12-24,22.968,-1.429,36.124,-9.828,23.808,-6.469,21.158,21.317,33.552,13.38
2025-12-25,20.614,-2.165,34.086,-9.367,20.725,-5.404,11.46,16.358,31.809,6.351
2025-12-26,19.728,-1.308,30.083,-9.021,19.795,-5.476,3.473,9.14,33.552,-6.436
2025-12-27,23.376,-1.153,35.468,-7.463,23.505,-4.686,5.044,15.577,33.505,21.36
2025-12-28,23.54,-7.145,35.757,-11.034,23.511,-6.784,11.518,22.297,33.552,18.559
2025-12-29,14.555,-11.156,22.802,-12.306,14.979,-10.427,10.369,14.704,33.544,33.275
2025-12-30,17.513,-7.289,27.555,-12.048,17.279,-8.189,13.743,17.627,33.552,25.64
2025-12-31,10.801,-11.275,19.851,-12.33,9.443,-10.688,17.092,11.756,33.089,28.108
2026-01-01,4.923,-12.722,9.456,-12.336,6.921,-10.204,17.749,14.46,11.129,23.75
2026-01-02,18.008,-9.247,28.714,-12.019,17.24,-10.077,17.613,8.085,18.215,23.771
2026-01-03,11.543,-8.456,18.408,-12.336,10.021,-9.845,14.914,11.565,22.925,17.495
2026-01-04,8.996,-10.296,16.256,-12.329,7.288,-10.628,10.014,7.066,13.032,7.81
2026-01-05,-1.775,-7.812,-6.335,-12.128,-9.312,-10.028,-6.209,-0.047,4.126,-17.748
2026-01-06,-3.689,-1.8,-12.093,-4.063,-9.471,-4.639,3.941,-0.922,-5.615,-1.143
2026-01-07,-1.155,-7.37,0.737,-11.136,-4.195,-8.285,17.402,4.128,17.16,17.217
2026-01-08,20.958,-12.354,30.698,-9.656,20.402,-7.618,9.206,12.161,18.604,-4.705
2026-01-09,23.633,-11.454,34.573,-11.534,23.187,-10.726,22.872,21.028,33.548,29.46
2026-01-10,19.169,-4.359,28.948,-7.539,19.048,-6.78,14.477,12.159,20.378,9.366
2026-01-11,13.77,2.505,19.425,4.551,13.766,2.207,-2.048,-3.682,-2.995,-8.11
2026-01-12,11.673,-3.12,17.894,-1.248,12.475,-2.726,-1.387,-10.092,-8.721,-4.065
2026-01-13,21.745,-9.53,33.853,-11.982,21.886,-10.401,10.404,3.822,12.961,-1.608
2026-01-14,11.536,-1.177,17.886,-3.374,10.913,-2.423,6.26,2.991,15.595,-1.14
2026-01-15,18.809,-7.684,29.851,-11.719,19.176,-8.876,21.969,17.605,22.996,21.806
2026-01-16,9.669,-8.505,18.261,-9.86,10.565,-7.599,11.294,7.286,33.552,17.652
2026-01-17,13.239,-12.194,25.284,-12.336,13.875,-10.675,19.459,11.141,33.552,11.924
2026-01-18,19.598,-1.441,30.918,-8.266,19.185,-3.967,22.627,18.689,33.552,21.696
2026-01-19,11.007,-6.391,20.631,-10.017,11.485,-6.717,2.663,8.54,15.482,-4.093
2026-01-20,10.634,-0.018,21.301,-0.805,11.87,-0.511,-17.78,-16.683,-26.936,-18.842
2026-01-21,23.291,-4.255,35.937,-8.117,23.343,-5.599,3.739,3.977,3.169,15.288
2026-01-22,17.512,-12.293,27.242,-12.208,18.059,-9.998,1.461,-0.671,15.109,28.19
2026-01-23,18.083,-4.281,26.351,-4.95,17.591,-4.201,4.896,0.279,19.735,32.596
2026-01-24,15.86,-4.553,25.796,-6.48,15.765,-3.848,-0.677,-3.189,2.117,17.135
2026-01-25,16.065,-6.645,26.482,-10.129,15.162,-8.325,-0.716,-2.785,-0.242,2.141
2026-01-26,14.099,-1.896,22.206,-1.5,13.188,-1.362,-13.963,-15.736,-20.989,4.014
2026-01-27,20.395,0.03,29.811,-1.94,17.834,1.407,-0.471,-12.52,-23.938,-2.263
2026-01-28,11.595,0.181,21.271,0.432,7.691,0.0,3.248,-7.977,5.896,20.79
2026-01-29,4.053,1.986,7.4,2.524,5.329,0.38,-3.092,-14.198,-16.265,7.869
2026-01-30,17.545,-4.428,20.073,-6.596,16.424,-4.826,6.883,0.829,14.199,27.105
2026-01-31,17.492,-10.52,17.646,-12.312,16.77,-9.949,19.073,15.402,31.737,33.894
2026-02-01,23.641,-5.025,23.654,-9.07,23.458,-7.221,20.069,20.279,33.552,34.071
2026-02-02,17.561,1.242,16.624,1.612,17.13,1.436,12.29,3.309,11.313,24.128
2026-02-03,18.608,-0.103,20.708,1.026,17.938,-1.719,3.443,-2.903,0.819,22.463
2026-02-04,21.835,-4.354,23.334,-9.939,21.904,-7.282,-2.699,-3.097,-12.236,22.544
2026-02-05,22.192,0.014,26.259,-3.271,20.856,-1.287,-16.35,-9.546,-25.445,4.003
2026-02-06,23.774,-8.362,35.401,-9.387,23.697,-7.372,-12.796,-9.678,-28.241,-14.313
2026-02-07,23.887,-12.356,36.117,-12.276,23.808,-10.644,-2.173,8.574,-16.529,-4.531
2026-02-08,23.59,-12.644,35.243,-3.315,23.429,-10.83,0.06,3.981,-1.805,-8.268
2026-02-09,22.004,-8.176,32.544,-11.841,21.977,-10.11,-21.461,-16.539,-34.689,-22.127
2026-02-10,23.531,-7.716,34.273,-12.078,22.905,-9.943,-18.517,-5.697,-33.647,-25.515
2026-02-11,23.951,-8.553,34.126,-11.974,23.808,-9.738,-10.525,4.923,-31.337,-24.246
2026-02-12,23.952,-0.287,36.061,-6.761,23.808,-3.936,-0.237,16.971,-31.054,-11.003
2026-02-13,21.088,-3.8,29.912,-3.396,19.916,-1.96,-14.184,-1.237,-31.076,-22.126
2026-02-14,21.049,-5.206,29.702,-5.03,20.619,-5.063,-2.075,7.287,-29.883,-25.352
2026-02-15,23.544,0.27,35.297,-3.625,23.775,-1.548,-0.412,4.166,-5.688,3.072
2026-02-16,23.918,-2.103,36.134,-4.797,23.808,-2.469,-2.722,6.399,-16.93,-6.293
2026-02-17,22.601,-5.808,33.404,-4.87,20.713,-4.656,4.329,5.048,-27.026,-22.269
2026-02-18,23.668,-4.554,35.719,-5.604,23.654,-4.41,-5.361,4.088,-33.284,-23.967
2026-02-19,23.912,-8.035,36.127,-10.452,8.826,-7.367,18.849,18.152,-26.403,-11.296
2026-02-20,23.486,-0.572,35.38,-2.33,-0.096,-2.466,6.344,13.64,-21.002,7.476
2026-02-21,23.909,-0.378,35.718,-7.937,10.732,-3.163,16.741,22.932,8.826,15.732
2026-02-22,23.9,-0.173,34.037,-6.781,23.212,-1.608,-3.543,19.768,-22.355,-12.331
2026-02-23,23.754,-2.621,34.205,-4.497,23.309,-4.269,8.539,11.447,-16.867,-5.92
2026-02-24,23.869,-0.422,35.866,-2.769,23.784,-2.262,-15.874,-10.223,-33.28,-22.415
2026-02-25,23.92,-5.221,35.833,-11.507,23.758,-7.026,-2.441,8.6,-17.439,-11.087
2026-02-26,23.788,-2.528,35.238,-3.975,23.497,-3.009,4.829,20.781,-0.587,7.181
2026-02-27,23.951,-12.598,36.048,-11.829,23.808,-10.194,20.403,23.989,9.244,17.27
2026-02-28,23.947,-6.948,36.062,-11.932,23.808,-8.143,21.026,23.607,10.391,21.435
2026-03-01,23.263,-1.365,34.651,-1.703,22.986,-1.489,-2.616,12.741,-16.689,0.073
2026-03-02,23.259,-6.711,34.605,-10.456,23.583,-8.104,-6.359,5.194,-1.325,-2.158
2026-03-03,22.978,-11.535,34.265,-12.336,22.742,-10.766,6.893,16.944,31.417,16.699
2026-03-04,23.708,-2.732,35.788,-9.648,23.593,-7.413,5.402,15.186,32.752,3.325
2026-03-05,23.759,-3.883,35.834,-9.822,23.69,-6.343,9.027,17.074,33.131,7.83
2026-03-06,23.383,-8.091,35.489,-11.737,23.579,-9.939,5.942,13.015,33.299,0.999
2026-03-07,23.937,-1.036,36.065,-5.685,23.808,-2.728,17.082,23.124,33.166,11.049
2026-03-08,23.948,-2.701,36.065,-2.134,23.808,-2.719,24.355,23.836,33.552,20.485
2026-03-09,23.653,-4.743,35.518,-8.746,23.423,-6.81,5.287,14.171,32.919,8.39
2026-03-10,21.698,-1.935,28.953,-0.563,21.816,-1.152,-7.525,-2.181,23.011,-9.131
2026-03-11,18.074,0.517,31.493,-1.972,17.684,-1.09,-13.728,0.09,-16.341,-1.824
2026-03-12,17.382,1.024,25.055,-4.906,17.19,-2.759,6.782,7.76,-4.377,15.228
2026-03-13,20.642,-6.066,27.16,-9.607,20.573,-7.754,0.115,12.718,-1.354,17.757
2026-03-14,22.676,-6.617,34.172,-11.608,22.53,-9.117,15.787,15.679,31.825,10.96
2026-03-15,22.226,1.808,32.684,-0.841,22.329,0.123,-2.493,1.485,6.018,-2.744
2026-03-16,16.824,-2.1,30.593,-4.89,19.543,-2.352,-1.273,3.646,1.851,3.095
2026-03-17,20.065,-1.125,43.294,-2.066,21.033,0.097,-19.477,-10.447,-1.757,-14.203
2026-03-18,23.907,-10.53,48.039,-12.286,23.808,-10.581,16.549,21.841,31.623,17.122
2026-03-19,23.909,-4.889,48.094,-11.163,23.808,-8.397,5.093,13.015,27.173,1.182
2026-03-20,23.904,-8.882,48.13,-12.336,23.808,-10.646,11.876,18.32,33.54,2.457
2026-03-21,23.933,-9.032,33.25,-12.315,19.822,-10.695,19.546,22.559,33.552,16.158
2026-03-22,23.932,-4.985,36.085,-12.23,23.808,-9.462,23.877,24.038,33.551,23.068
2026-03-23,19.963,-2.554,29.6,-5.102,20.972,-4.052,-1.816,5.313,26.849,-4.161
2026-03-24,17.767,-2.413,25.836,-7.722,14.525,-7.343,6.936,8.659,-2.66,11.276
2026-03-25,16.737,-4.634,20.901,-4.731,15.092,-6.484,7.767,17.047,-11.461,18.309
2026-03-26,22.441,-5.845,29.534,-10.695,20.483,-7.232,15.255,12.368,28.629,29.519
2026-03-27,16.01,-1.009,26.114,-5.619,13.691,-2.606,4.152,5.434,25.543,16.879
2026-03-28,16.875,-2.821,20.943,-11.068,13.132,-5.704,-10.352,-4.605,-12.45,-13.132
2026-03-29,19.452,-1.006,29.174,-3.071,18.661,-2.662,-1.912,2.913,-22.237,4.493
2026-03-30,18.45,-7.478,29.107,-11.89,17.282,-8.661,10.859,12.935,-9.686,12.164
2026-03-31,19.365,-8.45,26.521,-11.799,17.657,-10.061,2.989,3.163,31.903,15.51
2026-04-01,18.921,-3.16,27.643,-10.61,16.452,-7.288,-7.057,-5.906,27.925,-4.714
2026-04-02,13.78,-5.09,22.289,-6.407,14.46,-4.467,-7.582,0.193,24.56,12.298
2026-04-03,12.711,-8.257,19.254,-7.047,9.517,-8.167,-2.582,-0.083,-10.37,6.339
2026-04-04,22.301,-3.459,31.641,-9.227,13.13,-6.985,-1.544,4.643,-7.652,10.154
2026-04-05,17.974,-11.174,20.418,-12.092,16.75,-9.908,2.163,11.392,-15.997,8.513
2026-04-06,23.946,0.849,35.704,1.173,23.189,2.219,2.761,22.751,32.647,20.516
2026-04-07,23.688,-7.745,32.263,-7.907,22.254,-6.994,-5.828,5.515,5.168,-4.626
2026-04-08,23.937,-8.736,18.038,-11.683,23.157,-10.244,9.339,16.455,24.541,14.129
2026-04-09,23.949,-2.097,12.011,-6.76,23.187,-3.016,5.082,7.924,15.941,23.013
2026-04-10,22.267,-3.091,14.832,-5.174,21.533,-3.179,-5.872,0.728,2.21,4.963
2026-04-11,11.487,-6.24,10.026,-5.057,10.437,-3.863,-11.004,-15.871,-31.256,-15.667
2026-04-12,3.787,-2.66,7.516,-4.641,6.031,-3.493,-9.016,-18.025,-22.808,-20.858
2026-04-13,20.084,-0.924,29.526,-11.586,21.064,-9.135,-8.734,-1.976,29.897,4.698
2026-04-14,17.575,0.0,28.644,-8.339,16.769,-6.072,-2.624,-7.889,-2.805,-8.404
2026-04-15,17.285,0.0,25.344,-6.226,13.727,-5.176,-15.8,-12.425,-31.962,-24.279
2026-04-16,16.55,0.0,26.401,-6.844,18.199,-4.646,-4.878,-6.081,-23.136,-17.801
2026-04-17,21.144,0.0,33.316,-1.517,21.379,-0.855,-10.455,-9.711,-20.402,-10.99
2026-04-18,23.95,0.0,36.193,-12.163,18.828,-10.0,-6.66,-8.826,-12.361,-3.968
2026-04-19,23.943,0.0,36.147,-12.144,23.808,-10.315,18.466,16.437,11.194,25.047
2026-04-20,23.983,0.0,14.148,-12.144,23.808,-10.396,16.558,15.214,25.301,25.401
2026-04-21,23.974,0.0,11.356,-6.682,23.806,-3.77,10.381,15.695,-6.872,-8.753
2026-04-22,22.634,0.0,18.712,-1.494,22.617,-1.286,5.455,15.569,17.209,6.072
2026-04-23,23.849,0.0,24.048,-8.765,23.808,-2.46,11.151,24.02,33.442,29.618
2026-04-24,23.941,0.0,24.055,-12.083,23.808,-8.506,17.862,21.572,33.552,31.176
2026-04-25,23.946,0.0,24.062,-12.336,23.808,-10.388,17.807,23.797,33.552,31.387
2026-04-26,23.928,0.0,24.068,-12.336,23.808,-10.195,15.082,17.857,33.495,21.545
2026-04-27,23.68,0.0,23.787,-12.164,23.56,-9.935,9.744,15.533,32.895,10.435
2026-04-28,23.925,0.0,24.032,-12.33,23.808,-9.558,21.776,23.781,26.932,21.14
2026-04-29,23.905,0.0,24.041,-11.856,23.808,-8.402,14.567,22.436,2.071,4.391
2026-04-30,22.583,0.0,20.07,-11.59,21.266,-8.127,-0.657,9.22,-14.211,-13.904
2026-05-01,23.933,0.0,24.063,-12.335,23.808,-10.848,12.539,19.085,29.994,20.851
2026-05-02,23.944,0.0,24.083,-12.336,23.808,-10.807,14.04,15.763,33.191,23.685
2026-05-03,23.948,-4.378,24.096,-12.336,23.808,-10.089,18.619,15.768,29.516,28.268
2026-05-04,23.353,-8.655,22.956,-12.318,23.174,-10.191,-2.694,1.606,32.421,6.751
2026-05-05,23.464,-11.894,23.134,-12.319,23.316,-10.387,-3.141,2.339,16.433,-8.676
2026-05-06,23.167,-12.186,23.68,-12.321,23.152,-10.848,11.413,15.865,22.135,8.771
2026-05-07,23.822,-11.331,24.04,-12.259,23.664,-10.833,-2.495,1.77,-2.546,-6.438
2026-05-08,23.929,-10.356,24.081,-12.153,23.807,-9.966,6.01,16.155,19.309,-0.178
2026-05-09,23.929,0.04,19.406,-0.969,23.808,1.199,12.554,20.068,22.194,9.565
2026-05-10,23.946,-3.971,11.76,-11.019,23.808,-6.661,15.137,22.145,11.239,7.157
2026-05-11,23.945,-7.263,16.463,-11.072,23.808,-7.574,-2.659,17.433,11.751,14.742
2026-05-12,23.903,-0.84,26.555,-4.093,23.754,-1.393,0.0,20.337,5.438,21.434
2026-05-13,23.904,1.138,35.991,1.499,23.808,3.512,0.0,15.453,6.32,13.101
2026-05-14,23.917,-0.985,36.195,-4.535,23.808,-1.047,0.0,17.955,24.26,15.939
2026-05-15,23.94,-11.43,36.197,-12.299,23.808,-10.06,2.213,18.306,12.687,14.561
2026-05-16,23.93,-4.608,36.184,-5.683,23.806,-4.038,21.339,23.096,32.231,26.226
2026-05-17,23.912,-2.483,36.188,-10.369,23.808,-6.026,15.056,17.784,30.15,20.24
2026-05-18,23.688,-6.514,35.773,-8.055,23.718,-6.666,1.941,6.598,21.947,0.695
2026-05-19,23.289,-4.958,35.347,-10.89,23.299,-9.717,-6.711,8.285,-18.451,0.0
2026-05-20,23.857,-7.499,35.63,-11.335,23.66,-8.045,5.536,14.13,9.876,0.0
2026-05-21,23.908,-0.647,36.233,-6.104,23.808,-4.209,3.452,6.591,26.682,0.0
2026-05-22,23.877,-2.776,36.053,-7.643,23.638,-8.259,0.068,7.14,22.711,0.0
2026-05-23,23.826,-0.042,36.017,-11.046,23.711,-7.208,8.34,13.297,33.552,0.0
2026-05-24,23.41,-4.699,34.599,-12.106,16.069,-8.783,18.039,17.513,33.552,0.0
2026-05-25,23.539,-4.468,35.281,-12.098,23.808,-9.947,12.48,13.408,32.561,0.0
2026-05-26,22.963,0.0,32.78,-12.32,22.937,-10.521,3.687,7.046,30.23,0.0
2026-05-27,20.117,0.0,31.706,-6.254,23.644,-5.117,3.632,6.224,33.465,0.0
2026-05-28,21.437,-0.584,30.697,-6.936,20.555,-2.819,-5.35,-4.096,22.7,0.0
2026-05-29,18.277,-2.819,34.105,-6.675,22.888,-4.338,1.199,2.691,29.665,0.0
2026-05-30,23.907,-0.11,35.596,-9.632,23.808,-2.013,13.325,16.366,33.541,0.0
2026-05-31,23.939,-2.241,35.793,-10.137,23.311,-6.071,7.041,11.163,28.291,-8.268
2026-06-01,23.911,-2.556,35.927,-8.91,23.808,-6.391,-2.59,3.078,20.853,-6.974
2026-06-02,23.906,-6.282,36.028,-9.138,10.359,-6.864,11.982,11.883,21.467,7.091
2026-06-03,23.352,-0.507,35.467,-2.281,-0.104,-0.888,14.653,16.045,25.87,7.255
2026-06-04,19.678,-1.45,31.958,-9.24,-0.096,-4.352,14.925,13.381,24.497,19.318
2026-06-05,23.828,-4.634,36.011,-9.069,-0.086,-5.973,1.046,7.652,27.876,2.788
2026-06-06,23.924,-4.552,35.903,-11.173,-0.096,-7.485,10.774,17.726,29.111,10.308
2026-06-07,18.769,-8.996,27.682,-8.529,-0.096,-8.277,9.411,12.424,-1.468,1.927
2026-06-08,23.94,-2.264,36.075,-8.119,-0.062,-4.79,5.0,7.855,28.866,1.252
2026-06-09,23.923,-3.054,35.752,-4.379,-0.048,-2.935,17.454,17.078,31.234,21.257
2026-06-10,23.931,-6.998,36.068,-12.319,-0.048,-9.35,6.822,10.153,29.69,5.323
2026-06-11,23.937,-0.131,36.065,-5.663,-0.048,-1.792,8.481,16.078,20.226,2.374
2026-06-12,22.119,-0.99,33.378,-1.465,-0.059,-1.931,-1.685,-2.05,2.215,-8.818
2026-06-13,16.198,-12.225,20.992,-0.588,8.333,-9.375,0.98,-0.635,-12.612,2.854
2026-06-14,20.576,-2.687,30.384,-10.602,20.906,-5.436,20.857,18.376,33.503,30.88
2026-06-15,22.653,-5.644,30.851,-11.978,22.223,-1.611,18.98,13.882,33.504,29.685
2026-06-16,21.57,-9.465,19.345,-11.125,20.343,0.0,2.672,1.828,30.818,7.573
2026-06-17,20.39,-2.391,34.034,-8.053,20.055,0.0,0.846,0.971,19.762,-0.664
2026-06-18,22.134,-6.129,34.123,-8.182,22.187,0.0,1.66,-0.503,14.227,-2.371
2026-06-19,23.444,-9.166,35.748,-11.268,22.926,-1.47,-3.222,-5.241,24.132,-2.359
2026-06-20,23.862,-4.603,36.034,-11.338,23.808,-9.414,9.548,8.155,29.592,10.122
2026-06-21,23.829,-5.402,34.871,-11.681,23.612,-7.401,7.177,6.764,32.237,10.617
2026-06-22,18.223,-11.944,28.998,-2.69,19.222,-10.224,-1.32,-5.542,25.833,-3.803
2026-06-23,9.694,-9.252,17.473,-0.006,15.408,-9.87,-7.212,-11.864,25.401,-9.612
2026-06-24,19.697,-9.703,27.939,0.0,19.232,-7.754,1.464,-11.779,28.019,-6.715
2026-06-25,11.713,-4.238,14.823,0.0,6.977,-7.335,-3.46,-10.492,28.513,-7.873
2026-06-26,8.894,-4.49,17.148,0.0,6.135,-5.311,-3.586,-9.397,24.97,-4.625
2026-06-27,10.33,-0.484,16.859,0.0,9.519,-1.706,-9.201,-10.755,28.558,-9.887
2026-06-28,7.352,-1.526,17.353,0.0,5.642,-1.07,-8.868,-11.558,16.286,-11.338
2026-06-29,15.016,-5.027,32.475,0.0,16.378,-4.05,-8.241,-11.762,22.766,-10.171
2026-06-30,17.118,-4.388,36.59,0.0,17.82,-4.294,-13.601,-16.501,18.592,-18.673
2026-07-01,20.054,-5.777,40.914,0.0,18.652,-4.64,-7.913,-10.453,11.872,-13.68
2026-07-02,11.89,-11.695,21.694,0.0,10.32,-9.858,-8.227,-15.077,-8.349,-3.915
2026-07-03,22.939,-8.445,35.598,0.0,22.907,-6.374,13.118,6.427,33.552,34.007
2026-07-04,21.099,-10.996,40.063,0.0,18.479,-7.255,-7.282,-7.216,0.186,9.934
2026-07-05,21.091,-10.83,43.437,0.0,20.34,-8.324,8.007,1.101,33.071,28.56
2026-07-06,20.425,-11.054,40.267,-0.002,19.341,-8.369,3.254,-6.72,22.376,10.475
2026-07-07,21.641,-11.03,45.381,0.0,21.605,-9.099,7.643,-0.531,31.813,31.27
2026-07-08,21.461,-12.768,45.764,0.0,22.622,-10.879,6.324,-1.924,33.519,32.747
2026-07-09,21.422,-12.767,46.885,-0.004,22.489,-10.856,12.172,-2.557,33.504,17.624
2026-07-10,20.063,-12.017,34.286,0.0,21.346,-10.205,8.134,5.878,33.504,9.748
2026-07-11,19.756,-8.895,39.53,-0.004,18.381,-8.877,7.526,6.719,33.417,12.627
2026-07-12,17.411,-10.916,39.025,-0.533,17.532,-8.566,12.885,9.139,11.007,13.606
2026-07-13,14.46,-1.019,31.792,-9.952,12.978,-5.46,3.33,4.763,25.871,3.175
2026-07-14,12.098,-5.214,27.824,-11.08,11.282,-8.647,8.803,3.143,29.602,3.757
2026-07-15,8.84,-6.415,25.584,-12.021,7.576,-10.204,9.114,5.743,33.503,4.789
2026-07-16,8.503,-7.002,25.113,-12.235,9.053,-10.106,6.026,9.512,33.446,-1.813
2026-07-17,10.521,-3.654,22.977,-9.859,8.723,-5.582,7.447,8.107,33.535,6.637
2026-07-18,17.4,-9.458,40.177,-12.305,14.773,-9.833,20.119,12.739,32.691,28.968
2026-07-19,19.48,-12.321,42.81,-11.57,19.467,-7.895,19.328,15.238,29.725,23.275
2026-07-20,22.364,-9.873,44.197,-12.336,22.693,-9.11,21.392,17.347,33.548,30.416
2026-07-21,19.744,-7.845,44.286,-12.214,18.883,-9.066,13.601,11.757,33.552,25.052
2026-07-22,18.435,-7.489,42.633,-11.809,20.205,-9.196,20.46,14.983,33.552,34.231
2026-07-23,19.823,-9.29,39.621,-11.319,19.667,-10.344,18.365,14.813,33.552,28.183
2026-07-24,18.331,-7.64,39.026,-12.157,17.364,-8.9,5.721,11.168,29.383,16.867
2026-07-25,12.055,-6.349,31.417,-9.963,13.626,-6.424,8.59,2.915,7.689,12.894
2026-07-26,11.622,-1.659,41.561,-6.146,19.747,-4.683,9.233,3.807,7.305,9.625
2026-07-27,12.176,-3.854,45.503,-11.729,21.335,-9.05,20.855,14.846,33.542,31.934
2026-07-28,18.937,-2.519,40.779,-5.548,18.106,-4.932,5.958,3.512,31.782,13.373
2026-07-29,19.255,-10.163,39.022,-7.948,18.862,-10.004,6.948,4.969,32.853,12.568
2026-07-30,17.619,-5.724,38.461,-8.399,17.241,-9.505,6.321,1.701,32.838,14.674
2026-07-31,6.896,-6.951,33.454,-9.035,14.524,-8.789,0.17,-0.833,33.465,2.723
2026-08-01,19.292,-11.526,40.246,-12.267,18.634,-9.122,5.731,8.089,27.274,5.626
2026-08-02,18.098,-7.132,38.102,-12.333,18.84,-9.947,18.796,14.254,33.552,22.703
2026-08-03,10.374,-1.049,23.308,-11.192,9.442,-8.291,12.301,8.517,33.552,21.056
2026-08-04,8.155,-3.16,18.646,-7.002,10.402,-4.456,-3.394,-1.445,31.392,3.412
2026-08-05,7.343,-4.816,13.201,-8.435,1.915,-6.203,-2.101,-4.738,2.16,-1.546
2026-08-06,10.719,-10.817,18.984,-11.94,7.276,-10.207,6.546,2.893,19.805,25.494
2026-08-07,12.539,-5.368,27.833,-12.246,12.781,-8.443,-4.276,-0.41,15.221,13.044
2026-08-08,14.406,-8.65,30.752,-12.258,13.857,-8.804,-0.398,5.299,10.121,-0.06
2026-08-09,14.011,-10.277,30.961,-12.231,13.658,-9.843,11.415,7.792,29.556,16.846
2026-08-10,13.091,-7.794,30.398,-11.777,14.775,-10.098,14.32,11.447,30.702,24.235
2026-08-11,13.46,-2.431,30.756,-10.736,13.365,-7.677,11.011,11.943,33.41,20.614
2026-08-12,11.164,-7.319,23.124,-10.059,8.4,-7.961,8.418,5.567,29.862,9.99
2026-08-13,13.767,-8.875,38.733,-11.315,15.103,-9.526,18.729,10.659,32.485,24.27
2026-08-14,10.281,-5.386,29.272,-10.151,10.518,-7.805,15.825,9.381,33.102,23.196
2026-08-15,14.004,-9.96,32.879,-11.443,13.244,-10.56,14.206,10.731,33.552,24.659
2026-08-16,14.237,-4.849,31.489,-7.252,15.347,-8.727,14.729,12.101,33.24,21.039
2026-08-17,9.001,-4.944,7.715,-5.999,7.675,-4.124,6.406,4.472,32.185,13.041
2026-08-18,5.342,-4.042,-0.071,-9.257,3.669,-7.787,-8.765,-7.187,9.412,-10.03
2026-08-19,11.201,-2.323,13.652,-7.026,3.2,-2.863,2.496,4.681,17.29,5.506
2026-08-20,8.631,-3.057,16.452,-6.81,8.839,-2.737,2.94,3.368,20.046,4.063
2026-08-21,14.871,-3.654,31.664,-10.91,13.862,-8.229,2.861,2.885,17.129,3.591
2026-08-22,19.539,-9.225,42.605,-12.319,19.161,-10.16,18.264,14.835,33.282,26.785
2026-08-23,22.108,-10.584,45.405,-12.307,22.035,-10.792,23.935,20.437,33.546,32.194
2026-08-24,19.87,-8.761,39.053,-10.142,19.383,-10.624,10.618,10.976,3.956,13.063
2026-08-25,9.391,-9.735,18.361,-10.035,7.596,-9.424,16.192,1.206,0.0,16.059
2026-08-26,10.385,-8.968,18.053,-12.109,8.972,-9.376,18.184,4.557,0.0,24.839
2026-08-27,8.621,-9.806,20.476,-12.315,9.671,-10.266,22.269,6.659,0.0,32.252
2026-08-28,15.593,-11.256,29.318,-12.336,14.204,-10.761,14.987,5.966,0.0,25.984
2026-08-29,16.138,-12.699,36.613,-12.334,21.522,-10.622,24.543,18.921,0.0,33.469
2026-08-30,20.1,-9.931,42.769,-11.866,21.427,-9.119,18.876,15.053,0.0,22.711
2026-08-31,16.226,-8.255,36.065,-8.566,17.369,-6.928,16.281,11.85,0.0,-4.014
2026-09-01,8.024,-8.543,17.176,-11.587,7.847,-7.155,5.462,-4.612,0.0,20.86
2026-09-02,6.862,-4.158,19.625,-9.778,8.018,-6.181,0.24,-0.159,0.0,5.357
2026-09-03,1.802,-8.862,15.502,-12.186,4.081,-9.338,7.686,-0.952,0.0,21.485
2026-09-04,-5.578,-3.377,2.729,-6.604,-6.774,-5.245,-7.497,-12.725,3.595,10.499
2026-09-05,5.351,-9.86,17.941,-11.315,5.269,-8.773,3.498,-6.423,0.683,25.823
2026-09-06,6.35,-2.732,17.493,-5.405,6.058,-4.862,-3.375,-4.775,8.904,6.481
2026-09-07,4.631,-2.332,13.428,-9.704,5.42,-8.416,0.0,2.201,25.28,7.538
2026-09-08,2.686,-5.096,12.305,-5.567,0.808,-6.166,0.0,-9.84,4.321,-4.027
2026-09-09,16.366,-10.043,17.259,-12.123,16.548,-9.518,0.005,12.344,29.958,14.66
2026-09-10,10.32,-5.247,15.757,-7.547,7.754,-6.497,0.003,1.808,28.867,0.914
2026-09-11,12.097,-8.742,16.304,-10.375,12.42,-8.335,0.004,5.266,33.532,15.459
2026-09-12,11.144,-7.898,14.638,-7.933,9.48,-6.69,0.002,-5.493,4.076,-7.258
2026-09-13,22.053,-8.579,23.327,-12.278,22.181,-10.443,0.003,21.028,33.585,29.996
2026-09-14,5.081,-0.869,13.767,-9.465,5.213,-4.881,0.004,-2.973,26.27,-7.817
2026-09-15,5.855,-3.548,9.323,-11.003,3.553,-5.87,0.006,1.334,28.399,5.857
2026-09-16,14.026,-4.623,17.002,-8.063,13.08,-4.538,0.003,4.043,25.606,9.183
2026-09-17,1.077,-3.208,13.608,-10.983,0.595,-7.071,0.007,-13.37,-11.713,-0.345
2026-09-18,-5.058,-4.806,9.98,-6.592,-6.068,-5.783,0.004,-5.82,-11.017,24.449
2026-09-19,-13.564,-6.037,5.656,-7.959,-11.272,-7.77,-1.285,-13.127,-16.963,12.706
2026-09-20,0.649,-12.14,9.286,-12.331,0.577,-9.637,-0.14,-9.984,7.261,20.223
2026-09-21,19.909,-8.734,19.1,-11.935,18.779,-8.373,16.408,-0.063,33.622,30.395
2026-09-22,15.9,-4.042,17.372,-11.676,15.774,-7.589,3.939,0.0,33.645,6.63
2026-09-23,5.38,-7.025,13.054,-11.895,6.063,-9.076,7.657,0.0,32.51,6.597
2026-09-24,6.862,-0.876,13.851,-7.271,5.309,-2.839,8.211,0.0,29.849,13.156
2026-09-25,7.541,-2.398,15.104,-5.301,7.4,-4.157,-1.09,-0.001,33.6,-1.186
2026-09-26,5.371,-1.202,14.017,-6.883,4.156,-3.12,-3.914,3.525,27.214,0.638
2026-09-27,3.72,-6.902,10.225,-8.953,4.877,-7.038,1.101,-1.624,17.923,17.145
2026-09-28,3.594,-2.303,9.999,-5.243,2.494,-5.653,2.195,-4.331,33.6,6.769
2026-09-29,0.439,0.0,6.64,1.793,-3.182,0.401,0.167,-3.239,21.587,10.041
2026-09-30,-13.347,-0.248,-10.657,-4.218,-13.523,-2.988,-0.903,-11.536,20.992,22.721
2026-10-01,-10.263,-1.068,-15.75,-6.461,-16.191,-3.367,-4.364,-9.615,33.106,9.173
2026-10-02,-12.505,-3.216,-12.933,-6.027,-17.945,-3.787,-10.101,-11.798,29.16,-17.399
2026-10-03,6.439,-7.957,17.332,-12.143,7.299,-8.636,6.378,5.148,33.628,8.472
2026-10-04,5.176,-3.302,14.922,-4.351,4.376,-3.075,-5.311,-0.524,30.377,3.322
