Cycle_Desc,Post_Date,Eff_Gas_Day,Cap_Type_Desc,Post_Time,Eff_Time,Loc,Loc_Name,Loc_Zn,Flow_Ind_Desc,Loc_Purp_Desc,Loc_QTI_Desc,Meas_Basis_Desc,IT,All_Qty_Avail,Total_Design_Capacity,Operating_Capacity,Total_Scheduled_Quantity,Operationally_Available_Capacity,TSP_Name,TSP
INTRDY_2026-09-28_0501,09-28-2026,09-27-2026,Operational Capacity,05:01,09:00,70004,"Dominion Energy Transmission, Inc - Clarington, OH",2,Delivery,Delivery Location,Delivery Point Quantity,MMBtu,N,Y,"585,284","590,644","10,421","580,223",TX EAST TRAN,007932908
INTRDY_2026-09-28_0501,09-28-2026,09-27-2026,Operational Capacity,05:01,09:00,70011,"Columbia Gas of  PA.  - Eagle, PA",3,Delivery,Delivery Location,Delivery Point Quantity,MMBtu,N,Y,"291,789","444,405","57,438","386,967",TX EAST TRAN,007932908
INTRDY_2026-09-28_0501,09-28-2026,09-27-2026,Operational Capacity,05:01,09:00,70018,"Indiana Gas - Seymour, IN",2,Delivery,Delivery Location,Delivery Point Quantity,MMBtu,N,Y,"16,607","18,422",117,"18,305",TX EAST TRAN,007932908
INTRDY_2026-09-28_0501,09-28-2026,09-27-2026,Operational Capacity,05:01,09:00,70020,"Equitrans - Waynesburg, PA",2,Delivery,Delivery Location,Delivery Point Quantity,MMBtu,N,Y,"4,932","5,402",0,"5,402",TX EAST TRAN,007932908
INTRDY_2026-09-28_0501,09-28-2026,09-27-2026,Operational Capacity,05:01,09:00,70030,"Philadelphia Gas Works - Point Breeze,PA",3,Delivery,Delivery Location,Delivery Point Quantity,MMBtu,N,Y,"198,453","198,453","9,950","188,503",TX EAST TRAN,007932908
INTRDY_2026-09-28_0501,09-28-2026,09-27-2026,Operational Capacity,05:01,09:00,70033,"PECO Energy - Cromby Generation, PA",3,Delivery,Delivery Location,Delivery Point Quantity,MMBtu,N,Y,"103,000","103,000",1,"102,999",TX EAST TRAN,007932908
INTRDY_2026-09-28_0501,09-28-2026,09-27-2026,Operational Capacity,05:01,09:00,70034,"Philadelphia Gas Works - Levick St., PA",3,Delivery,Delivery Location,Delivery Point Quantity,MMBtu,N,Y,"150,715","159,120","24,888","134,232",TX EAST TRAN,007932908
INTRDY_2026-09-28_0501,09-28-2026,09-27-2026,Operational Capacity,05:01,09:00,70035,"PECO Energy - Tilghman St. - Chester, PA",3,Delivery,Delivery Location,Delivery Point Quantity,MMBtu,N,Y,"179,942","180,378","6,414","173,964",TX EAST TRAN,007932908
INTRDY_2026-09-28_0501,09-28-2026,09-27-2026,Operational Capacity,05:01,09:00,70036,"PECO Energy - West Conshohocken, PA",3,Delivery,Delivery Location,Delivery Point Quantity,MMBtu,N,Y,"152,560","166,622","42,578","124,044",TX EAST TRAN,007932908
INTRDY_2026-09-28_0501,09-28-2026,09-27-2026,Operational Capacity,05:01,09:00,70039,"United Cities - Harrisburg, IL",1,Delivery,Delivery Location,Delivery Point Quantity,MMBtu,N,Y,"13,342","13,978",0,"13,978",TX EAST TRAN,007932908
INTRDY_2026-09-28_0501,09-28-2026,09-27-2026,Operational Capacity,05:01,09:00,70041,"Columbia Gas - Lebanon, OH",2,Delivery,Delivery Location,Delivery Point Quantity,MMBtu,N,Y,"234,583","239,912","50,000","189,912",TX EAST TRAN,007932908
INTRDY_2026-09-28_0501,09-28-2026,09-27-2026,Operational Capacity,05:01,09:00,70042,"Union Elec -Cape Girardeau, MO",1,Delivery,Delivery Location,Delivery Point Quantity,MMBtu,Y,Y,"56,992","56,992","5,101","51,891",TX EAST TRAN,007932908
INTRDY_2026-09-28_0501,09-28-2026,09-27-2026,Operational Capacity,05:01,09:00,70043,"Union Electric - Dexter, MO",1,Delivery,Delivery Location,Delivery Point Quantity,MMBtu,N,Y,"10,692","10,692",0,"10,692",TX EAST TRAN,007932908
INTRDY_2026-09-28_0501,09-28-2026,09-27-2026,Operational Capacity,05:01,09:00,70051,"PEOPLES NAT - Somerset, PA",2,Delivery,Delivery Location,Delivery Point Quantity,MMBtu,N,Y,"55,588","55,588","2,000","53,588",TX EAST TRAN,007932908
INTRDY_2026-09-28_0501,09-28-2026,09-27-2026,Operational Capacity,05:01,09:00,70056,Columbia Gas of  PA. -  (Uniontown),2,Delivery,Delivery Location,Delivery Point Quantity,MMBtu,N,Y,"64,141","65,802",0,"65,802",TX EAST TRAN,007932908
INTRDY_2026-09-28_0501,09-28-2026,09-27-2026,Operational Capacity,05:01,09:00,70057,"Public Service - South Plainfield, NJ",3,Delivery,Delivery Location,Delivery Point Quantity,MMBtu,N,Y,"94,494","95,754","7,856","87,898",TX EAST TRAN,007932908
INTRDY_2026-09-28_0501,09-28-2026,09-27-2026,Operational Capacity,05:01,09:00,70058,"National Grid Metro NY, Goethals Rd., Staten Island, Richmond Co.,",3,Delivery,Delivery Location,Delivery Point Quantity,MMBtu,N,Y,"793,250","793,250","83,395","709,855",TX EAST TRAN,007932908
INTRDY_2026-09-28_0501,09-28-2026,09-27-2026,Operational Capacity,05:01,09:00,70061,"Atmos Energy Corporation - Scott Co, MO",1,Delivery,Delivery Location,Delivery Point Quantity,MMBtu,N,Y,"47,300","47,300",0,"47,300",TX EAST TRAN,007932908
INTRDY_2026-09-28_0501,09-28-2026,09-27-2026,Operational Capacity,05:01,09:00,70062,"Nat Gas & Oil - Somerset, OH",2,Delivery,Delivery Location,Delivery Point Quantity,MMBtu,N,Y,"31,922","31,922","11,997","19,925",TX EAST TRAN,007932908
INTRDY_2026-09-28_0501,09-28-2026,09-27-2026,Operational Capacity,05:01,09:00,70063,"Huntingburg, IN",2,Delivery,Delivery Location,Delivery Point Quantity,MMBtu,N,Y,"8,976","9,001",1,"9,000",TX EAST TRAN,007932908
INTRDY_2026-09-28_0501,09-28-2026,09-27-2026,Operational Capacity,05:01,09:00,70065,"Texas Gas Transmission - Lisbon, LA  (Delivery)",ETX,Delivery,Delivery Location,Delivery Point Quantity,MMBtu,N,Y,"368,477","377,573","17,251","360,322",TX EAST TRAN,007932908
INTRDY_2026-09-28_0501,09-28-2026,09-27-2026,Operational Capacity,05:01,09:00,70066,"Parkway Generation - Sewaren, NJ",3,Delivery,Delivery Location,Delivery Point Quantity,MMBtu,N,Y,"153,348","168,732",0,"168,732",TX EAST TRAN,007932908
INTRDY_2026-09-28_0501,09-28-2026,09-27-2026,Operational Capacity,05:01,09:00,70069,"UGI Utilities, Inc. (Columbia Gas)  - Columbia, PA",3,Delivery,Delivery Location,Delivery Point Quantity,MMBtu,N,Y,"14,874","14,965","19,984",0,TX EAST TRAN,007932908
INTRDY_2026-09-28_0501,09-28-2026,09-27-2026,Operational Capacity,05:01,09:00,70070,"UGI Utilities, Inc. (Columbia Gas) -Lancaster, PA",3,Delivery,Delivery Location,Delivery Point Quantity,MMBtu,N,Y,"75,944","76,291","19,288","57,003",TX EAST TRAN,007932908
INTRDY_2026-09-28_0501,09-28-2026,09-27-2026,Operational Capacity,05:01,09:00,70077,"Columbia Gas - Hooker, OH",2,Delivery,Delivery Location,Delivery Point Quantity,MMBtu,N,Y,"228,380","228,380","5,013","223,367",TX EAST TRAN,007932908
INTRDY_2026-09-28_0501,09-28-2026,09-27-2026,Operational Capacity,05:01,09:00,70079,"Atmos Energy Corporation- Jim Hill, MO",1,Delivery,Delivery Location,Delivery Point Quantity,MMBtu,N,Y,"53,349","55,469","2,180","53,289",TX EAST TRAN,007932908
INTRDY_2026-09-28_0501,09-28-2026,09-27-2026,Operational Capacity,05:01,09:00,70081,"Columbia Gas - Sabina, OH",2,Delivery,Delivery Location,Delivery Point Quantity,MMBtu,N,Y,"32,654","32,654","6,000","26,654",TX EAST TRAN,007932908
INTRDY_2026-09-28_0501,09-28-2026,09-27-2026,Operational Capacity,05:01,09:00,70087,"Algonquin - Lambertville, NJ",3,Delivery,Delivery Location,Delivery Point Quantity,MMBtu,Y,Y,"1,171,501","1,171,501","396,551","774,950",TX EAST TRAN,007932908
INTRDY_2026-09-28_0501,09-28-2026,09-27-2026,Operational Capacity,05:01,09:00,70089,"Consumers Gas Co. - Carmi, IL",1,Delivery,Delivery Location,Delivery Point Quantity,MMBtu,N,Y,"16,804","16,994",117,"16,877",TX EAST TRAN,007932908
INTRDY_2026-09-28_0501,09-28-2026,09-27-2026,Operational Capacity,05:01,09:00,70090,"Somerset Gas - Casey Co., KY",2,Delivery,Delivery Location,Delivery Point Quantity,MMBtu,N,Y,"6,360","6,903",0,"6,903",TX EAST TRAN,007932908
INTRDY_2026-09-28_0501,09-28-2026,09-27-2026,Operational Capacity,05:01,09:00,70092,"Norris City, IL",1,Delivery,Delivery Location,Delivery Point Quantity,MMBtu,N,Y,"3,041","3,067",15,"3,052",TX EAST TRAN,007932908
INTRDY_2026-09-28_0501,09-28-2026,09-27-2026,Operational Capacity,05:01,09:00,70093,"Jasper, IN",2,Delivery,Delivery Location,Delivery Point Quantity,MMBtu,N,Y,"9,419","9,483",60,"9,423",TX EAST TRAN,007932908
INTRDY_2026-09-28_0501,09-28-2026,09-27-2026,Operational Capacity,05:01,09:00,70095,"Nat Gas - Caldwell, OH",2,Delivery,Delivery Location,Delivery Point Quantity,MMBtu,N,Y,"7,474","7,672",299,"7,373",TX EAST TRAN,007932908
INTRDY_2026-09-28_0501,09-28-2026,09-27-2026,Operational Capacity,05:01,09:00,70096,"UGI CENTRAL - Shippensburg - Oxford, PA",3,Delivery,Delivery Location,Delivery Point Quantity,MMBtu,N,Y,"33,722","33,722",0,"33,722",TX EAST TRAN,007932908
INTRDY_2026-09-28_0501,09-28-2026,09-27-2026,Operational Capacity,05:01,09:00,70098,"Fulton, MS",1,Delivery,Delivery Location,Delivery Point Quantity,MMBtu,N,Y,"4,880","4,880",450,"4,430",TX EAST TRAN,007932908
INTRDY_2026-09-28_0501,09-28-2026,09-27-2026,Operational Capacity,05:01,09:00,70099,Belmont  MS,1,Delivery,Delivery Location,Delivery Point Quantity,MMBtu,N,Y,"3,484","3,484",50,"3,434",TX EAST TRAN,007932908
INTRDY_2026-09-28_0501,09-28-2026,09-27-2026,Operational Capacity,05:01,09:00,70100,"Red Bay, AL",1,Delivery,Delivery Location,Delivery Point Quantity,MMBtu,N,Y,"2,750","2,750",100,"2,650",TX EAST TRAN,007932908
INTRDY_2026-09-28_0501,09-28-2026,09-27-2026,Operational Capacity,05:01,09:00,70101,Lawrenceburg Gas - TN,1,Delivery,Delivery Location,Delivery Point Quantity,MMBtu,N,Y,"19,467","19,467",300,"19,167",TX EAST TRAN,007932908
INTRDY_2026-09-28_0501,09-28-2026,09-27-2026,Operational Capacity,05:01,09:00,70102,"Unit Cities - Murfreesboro, TN",1,Delivery,Delivery Location,Delivery Point Quantity,MMBtu,N,Y,"16,067","17,719",0,"17,719",TX EAST TRAN,007932908
INTRDY_2026-09-28_0501,09-28-2026,09-27-2026,Operational Capacity,05:01,09:00,70104,"Lafayette, TN",1,Delivery,Delivery Location,Delivery Point Quantity,MMBtu,N,Y,"2,750","2,750",100,"2,650",TX EAST TRAN,007932908
INTRDY_2026-09-28_0501,09-28-2026,09-27-2026,Operational Capacity,05:01,09:00,70107,Summit Utilities Arkansas Inc Cabot AR,1,Delivery,Delivery Location,Delivery Point Quantity,MMBtu,Y,Y,"8,870","8,870",548,"8,322",TX EAST TRAN,007932908
INTRDY_2026-09-28_0501,09-28-2026,09-27-2026,Operational Capacity,05:01,09:00,70108,Summit Utilities Arkansas Inc Beebe AR,1,Delivery,Delivery Location,Delivery Point Quantity,MMBtu,N,Y,"4,250","4,290",23,"4,267",TX EAST TRAN,007932908
INTRDY_2026-09-28_0501,09-28-2026,09-27-2026,Operational Capacity,05:01,09:00,70109,Summit Utilities Arkansas Light AR,1,Delivery,Delivery Location,Delivery Point Quantity,MMBtu,N,Y,"8,000","8,000",183,"7,817",TX EAST TRAN,007932908
INTRDY_2026-09-28_0501,09-28-2026,09-27-2026,Operational Capacity,05:01,09:00,70110,"Assoc Nat Gas - Piggott, AR",1,Delivery,Delivery Location,Delivery Point Quantity,MMBtu,N,Y,"26,875","27,956",0,"27,956",TX EAST TRAN,007932908
INTRDY_2026-09-28_0501,09-28-2026,09-27-2026,Operational Capacity,05:01,09:00,70119,"Chambersburg, PA",3,Delivery,Delivery Location,Delivery Point Quantity,MMBtu,N,Y,"16,031","16,031","2,713","13,318",TX EAST TRAN,007932908
INTRDY_2026-09-28_0501,09-28-2026,09-27-2026,Operational Capacity,05:01,09:00,70122,"Cairo, Public",1,Delivery,Delivery Location,Delivery Point Quantity,MMBtu,N,Y,"18,821","18,852","3,561","15,291",TX EAST TRAN,007932908
INTRDY_2026-09-28_0501,09-28-2026,09-27-2026,Operational Capacity,05:01,09:00,70123,"Miss River Fuel Transmission - Bald Knob, AR (REC)",1,Receipt,Receipt Location,Receipt Point Quantity,MMBtu,N,Y,"118,562","118,562",0,"118,562",TX EAST TRAN,007932908
INTRDY_2026-09-28_0501,09-28-2026,09-27-2026,Operational Capacity,05:01,09:00,70128,"Public Service - Linden, NJ",3,Delivery,Delivery Location,Delivery Point Quantity,MMBtu,N,Y,"647,262","647,262","52,413","594,849",TX EAST TRAN,007932908
INTRDY_2026-09-28_0501,09-28-2026,09-27-2026,Operational Capacity,05:01,09:00,70192,"Smith (Harvey Broyle)#2 Murphy-Bryceland, Bienville Psh., LA",ETX,Receipt,Receipt Location,Receipt Point Quantity,MMBtu,N,Y,"59,738","62,387",1,"62,386",TX EAST TRAN,007932908
INTRDY_2026-09-28_0501,09-28-2026,09-27-2026,Operational Capacity,05:01,09:00,70215,"Texas Gas Transmission LLC - Lebanon, OH",2,Receipt,Receipt Location,Receipt Point Quantity,MMBtu,N,Y,"328,720","328,720",0,"328,720",TX EAST TRAN,007932908
INTRDY_2026-09-28_0501,09-28-2026,09-27-2026,Operational Capacity,05:01,09:00,70217,"GULF SOUTH PIPELINE COMPANY- KOSCIUSKO,  MS",1,Receipt,Receipt Location,Receipt Point Quantity,MMBtu,N,Y,"356,198","356,198",0,"356,198",TX EAST TRAN,007932908
INTRDY_2026-09-28_0501,09-28-2026,09-27-2026,Operational Capacity,05:01,09:00,70238,"Hughes Eastern - Chickasaw, MS",1,Receipt,Receipt Location,Receipt Point Quantity,MMBtu,N,Y,"8,627","8,838",41,"8,797",TX EAST TRAN,007932908
INTRDY_2026-09-28_0501,09-28-2026,09-27-2026,Operational Capacity,05:01,09:00,70244,"Transco - Linden, NJ - DEL",3,Delivery,Delivery Location,Delivery Point Quantity,MMBtu,N,Y,"253,236","255,004",0,"255,004",TX EAST TRAN,007932908
INTRDY_2026-09-28_0501,09-28-2026,09-27-2026,Operational Capacity,05:01,09:00,70249,"Transco - Skippack, PA - REC",3,Receipt,Receipt Location,Receipt Point Quantity,MMBtu,N,Y,"187,308","187,996","102,892","85,104",TX EAST TRAN,007932908
INTRDY_2026-09-28_0501,09-28-2026,09-27-2026,Operational Capacity,05:01,09:00,70266,"UGI CENTRAL - Huntingdon Gas - Huntingdon, PA",3,Delivery,Delivery Location,Delivery Point Quantity,MMBtu,N,Y,"5,962","5,962",0,"5,962",TX EAST TRAN,007932908
INTRDY_2026-09-28_0501,09-28-2026,09-27-2026,Operational Capacity,05:01,09:00,70275,"Elizabethtown Gas Company - Elizabeth, NJ",3,Delivery,Delivery Location,Delivery Point Quantity,MMBtu,N,Y,"138,299","141,091","17,959","123,132",TX EAST TRAN,007932908
INTRDY_2026-09-28_0501,09-28-2026,09-27-2026,Operational Capacity,05:01,09:00,70283,"TGC Lick Creek - Williamson Co., Il (To TE)",1,Receipt,Receipt Location,Receipt Point Quantity,MMBtu,N,Y,"164,301","167,293",0,"167,293",TX EAST TRAN,007932908
INTRDY_2026-09-28_0501,09-28-2026,09-27-2026,Operational Capacity,05:01,09:00,70295,"Anna, IL",1,Delivery,Delivery Location,Delivery Point Quantity,MMBtu,N,Y,"7,471","7,495",600,"6,895",TX EAST TRAN,007932908
INTRDY_2026-09-28_0501,09-28-2026,09-27-2026,Operational Capacity,05:01,09:00,70297,ATMOS ENERGY - ETHEL - ATTALA CO. MS,1,Delivery,Delivery Location,Delivery Point Quantity,MMBtu,N,Y,"2,288","2,288",0,"2,288",TX EAST TRAN,007932908
INTRDY_2026-09-28_0501,09-28-2026,09-27-2026,Operational Capacity,05:01,09:00,70298,"Mississippi Valley - McCool, MS",1,Delivery,Delivery Location,Delivery Point Quantity,MMBtu,N,Y,"1,144","1,244",0,"1,244",TX EAST TRAN,007932908
INTRDY_2026-09-28_0501,09-28-2026,09-27-2026,Operational Capacity,05:01,09:00,70299,"Florence, AL",1,Delivery,Delivery Location,Delivery Point Quantity,MMBtu,N,Y,"17,738","17,738",50,"17,688",TX EAST TRAN,007932908
INTRDY_2026-09-28_0501,09-28-2026,09-27-2026,Operational Capacity,05:01,09:00,70308,"UGI CENTRAL - Lewistown - Juniata Co., PA",3,Delivery,Delivery Location,Delivery Point Quantity,MMBtu,N,Y,"15,693","15,693",0,"15,693",TX EAST TRAN,007932908
INTRDY_2026-09-28_0501,09-28-2026,09-27-2026,Operational Capacity,05:01,09:00,70309,"UGI CENTRAL - Pottsville Gas - Berks Co., PA",3,Receipt,Delivery Location,Delivery Point Quantity,MMBtu,N,Y,"34,732","34,732","-1,975","34,732",TX EAST TRAN,007932908
INTRDY_2026-09-28_0501,09-28-2026,09-27-2026,Operational Capacity,05:01,09:00,70313,"Columbia, KY",2,Delivery,Delivery Location,Delivery Point Quantity,MMBtu,N,Y,"3,858","3,858",91,"3,767",TX EAST TRAN,007932908
INTRDY_2026-09-28_0501,09-28-2026,09-27-2026,Operational Capacity,05:01,09:00,70315,"Smyrna, TN",1,Delivery,Delivery Location,Delivery Point Quantity,MMBtu,N,Y,"54,437","57,567",1,"57,566",TX EAST TRAN,007932908
INTRDY_2026-09-28_0501,09-28-2026,09-27-2026,Operational Capacity,05:01,09:00,70316,"Hartsville Gas - Trousdale, TN",1,Delivery,Delivery Location,Delivery Point Quantity,MMBtu,N,Y,"3,086","3,086",100,"2,986",TX EAST TRAN,007932908
INTRDY_2026-09-28_0501,09-28-2026,09-27-2026,Operational Capacity,05:01,09:00,70321,"UGI Utilities, Inc. (Columbia Gas) - Lebanon, PA",3,Delivery,Delivery Location,Delivery Point Quantity,MMBtu,N,Y,"37,055","37,055","6,927","30,128",TX EAST TRAN,007932908
INTRDY_2026-09-28_0501,09-28-2026,09-27-2026,Operational Capacity,05:01,09:00,70322,"UGI UTIL (Columbia Gas) - Reading, PA",3,Receipt,Delivery Location,Delivery Point Quantity,MMBtu,N,Y,"140,745","140,745","-4,431","140,745",TX EAST TRAN,007932908
INTRDY_2026-09-28_0501,09-28-2026,09-27-2026,Operational Capacity,05:01,09:00,70323,"PEOPLES NAT - Claysburg, PA",3,Delivery,Delivery Location,Delivery Point Quantity,MMBtu,Y,Y,"18,567","18,567",160,"18,407",TX EAST TRAN,007932908
INTRDY_2026-09-28_0501,09-28-2026,09-27-2026,Operational Capacity,05:01,09:00,70336,"Union Elec. - Bloomfield, MO",1,Delivery,Delivery Location,Delivery Point Quantity,MMBtu,N,Y,"9,623","9,643",0,"9,643",TX EAST TRAN,007932908
INTRDY_2026-09-28_0501,09-28-2026,09-27-2026,Operational Capacity,05:01,09:00,70364,"Magnum Producing, LP - May, TX",STX,Receipt,Receipt Location,Receipt Point Quantity,MMBtu,N,Y,"14,613","15,142",0,"15,142",TX EAST TRAN,007932908
INTRDY_2026-09-28_0501,09-28-2026,09-27-2026,Operational Capacity,05:01,09:00,70396,"United Cities - Franklin, TN",1,Delivery,Delivery Location,Delivery Point Quantity,MMBtu,N,Y,"5,674","5,674",0,"5,674",TX EAST TRAN,007932908
INTRDY_2026-09-28_0501,09-28-2026,09-27-2026,Operational Capacity,05:01,09:00,70397,"Smyrna, TN",1,Delivery,Delivery Location,Delivery Point Quantity,MMBtu,N,Y,"10,572","10,902",0,"10,902",TX EAST TRAN,007932908
INTRDY_2026-09-28_0501,09-28-2026,09-27-2026,Operational Capacity,05:01,09:00,70398,"Bernie, MO",1,Delivery,Delivery Location,Delivery Point Quantity,MMBtu,N,Y,"2,497","2,603",75,"2,528",TX EAST TRAN,007932908
INTRDY_2026-09-28_0501,09-28-2026,09-27-2026,Operational Capacity,05:01,09:00,70418,"Gloster, MS",ELA,Delivery,Delivery Location,Delivery Point Quantity,MMBtu,Y,Y,"2,686","2,686","1,700",986,TX EAST TRAN,007932908
INTRDY_2026-09-28_0501,09-28-2026,09-27-2026,Operational Capacity,05:01,09:00,70419,"Meadville, MS",ELA,Delivery,Delivery Location,Delivery Point Quantity,MMBtu,N,Y,"2,088","2,088",0,"2,088",TX EAST TRAN,007932908
INTRDY_2026-09-28_0501,09-28-2026,09-27-2026,Operational Capacity,05:01,09:00,70420,"Bude, MS",ELA,Delivery,Delivery Location,Delivery Point Quantity,MMBtu,N,Y,"2,088","2,088",0,"2,088",TX EAST TRAN,007932908
INTRDY_2026-09-28_0501,09-28-2026,09-27-2026,Operational Capacity,05:01,09:00,70421,"Flora, MS",ELA,Delivery,Delivery Location,Delivery Point Quantity,MMBtu,N,Y,"4,541","4,555",50,"4,505",TX EAST TRAN,007932908
INTRDY_2026-09-28_0501,09-28-2026,09-27-2026,Operational Capacity,05:01,09:00,70428,"Edmonton, KY",2,Delivery,Delivery Location,Delivery Point Quantity,MMBtu,N,Y,"3,884","3,984",117,"3,867",TX EAST TRAN,007932908
INTRDY_2026-09-28_0501,09-28-2026,09-27-2026,Operational Capacity,05:01,09:00,70429,"Tompkinsville, KY",2,Delivery,Delivery Location,Delivery Point Quantity,MMBtu,N,Y,"3,634","3,764",152,"3,612",TX EAST TRAN,007932908
INTRDY_2026-09-28_0501,09-28-2026,09-27-2026,Operational Capacity,05:01,09:00,70430,"Pulaski, TN",1,Delivery,Delivery Location,Delivery Point Quantity,MMBtu,N,Y,"8,633","8,633",1,"8,632",TX EAST TRAN,007932908
INTRDY_2026-09-28_0501,09-28-2026,09-27-2026,Operational Capacity,05:01,09:00,70441,"Grayville, IL",1,Delivery,Delivery Location,Delivery Point Quantity,MMBtu,N,Y,"21,551","21,664",504,"21,160",TX EAST TRAN,007932908
INTRDY_2026-09-28_0501,09-28-2026,09-27-2026,Operational Capacity,05:01,09:00,70442,"Crossville, IL",1,Delivery,Delivery Location,Delivery Point Quantity,MMBtu,N,Y,"1,989","2,001",7,"1,994",TX EAST TRAN,007932908
INTRDY_2026-09-28_0501,09-28-2026,09-27-2026,Operational Capacity,05:01,09:00,70449,"Public Service - Central Works, NJ",3,Delivery,Delivery Location,Delivery Point Quantity,MMBtu,N,Y,"141,796","147,737",0,"147,737",TX EAST TRAN,007932908
INTRDY_2026-09-28_0501,09-28-2026,09-27-2026,Operational Capacity,05:01,09:00,70457,"Lawrenceburg, TN",1,Delivery,Delivery Location,Delivery Point Quantity,MMBtu,N,Y,"3,484","3,484",0,"3,484",TX EAST TRAN,007932908
INTRDY_2026-09-28_0501,09-28-2026,09-27-2026,Operational Capacity,05:01,09:00,70458,"PEOPLES NAT - Ebensburg, PA",3,Delivery,Delivery Location,Delivery Point Quantity,MMBtu,N,Y,"82,744","83,278",0,"83,278",TX EAST TRAN,007932908
INTRDY_2026-09-28_0501,09-28-2026,09-27-2026,Operational Capacity,05:01,09:00,70463,"UGI CENTRAL - Counties Gas Co. - Mifflin Co., PA",3,Delivery,Delivery Location,Delivery Point Quantity,MMBtu,N,Y,390,402,0,402,TX EAST TRAN,007932908
INTRDY_2026-09-28_0501,09-28-2026,09-27-2026,Operational Capacity,05:01,09:00,70468,"Columbia Gas - Corwin, OH",2,Delivery,Delivery Location,Delivery Point Quantity,MMBtu,N,Y,"3,484","3,484",150,"3,334",TX EAST TRAN,007932908
INTRDY_2026-09-28_0501,09-28-2026,09-27-2026,Operational Capacity,05:01,09:00,70471,"Dominion Transmission Inc - Woodsfield, OH",2,Delivery,Delivery Location,Delivery Point Quantity,MMBtu,N,Y,"30,255","31,045",0,"31,045",TX EAST TRAN,007932908
INTRDY_2026-09-28_0501,09-28-2026,09-27-2026,Operational Capacity,05:01,09:00,70473,Texana Midstream Company LP,STX,Delivery,Delivery Location,Delivery Point Quantity,MMBtu,N,Y,"6,287","6,304",300,"6,004",TX EAST TRAN,007932908
INTRDY_2026-09-28_0501,09-28-2026,09-27-2026,Operational Capacity,05:01,09:00,70478,"New Harmony, IL",1,Delivery,Delivery Location,Delivery Point Quantity,MMBtu,N,Y,"2,750","2,750",18,"2,732",TX EAST TRAN,007932908
INTRDY_2026-09-28_0501,09-28-2026,09-27-2026,Operational Capacity,05:01,09:00,70480,"Horton Highway - Triune, TN",1,Delivery,Delivery Location,Delivery Point Quantity,MMBtu,N,Y,"6,582","7,037",1,"7,036",TX EAST TRAN,007932908
INTRDY_2026-09-28_0501,09-28-2026,09-27-2026,Operational Capacity,05:01,09:00,70486,"UGI UTIL (Columbia Gas) - Womelsdorf, PA",3,Delivery,Delivery Location,Delivery Point Quantity,MMBtu,N,Y,"18,789","18,789","1,296","17,493",TX EAST TRAN,007932908
INTRDY_2026-09-28_0501,09-28-2026,09-27-2026,Operational Capacity,05:01,09:00,70517,"PECO - Alan Wood Steel, PA",3,Delivery,Delivery Location,Delivery Point Quantity,MMBtu,N,Y,"22,000","22,000",0,"22,000",TX EAST TRAN,007932908
INTRDY_2026-09-28_0501,09-28-2026,09-27-2026,Operational Capacity,05:01,09:00,70519,"UGI UTIL (Columbia Gas) - Dauphin Co., PA",3,Delivery,Delivery Location,Delivery Point Quantity,MMBtu,N,Y,"83,953","83,953","8,989","74,964",TX EAST TRAN,007932908
INTRDY_2026-09-28_0501,09-28-2026,09-27-2026,Operational Capacity,05:01,09:00,70521,"Duke Energy Ohio, Inc. Dicks Creek",2,Delivery,Delivery Location,Delivery Point Quantity,MMBtu,N,Y,"156,144","167,336",0,"167,336",TX EAST TRAN,007932908
INTRDY_2026-09-28_0501,09-28-2026,09-27-2026,Operational Capacity,05:01,09:00,70524,"Atmos Energy - Amory, MS",1,Delivery,Delivery Location,Delivery Point Quantity,MMBtu,N,Y,"6,106","6,106",0,"6,106",TX EAST TRAN,007932908
INTRDY_2026-09-28_0501,09-28-2026,09-27-2026,Operational Capacity,05:01,09:00,70532,"Atmos Energy Corporation- Benton, MO",1,Delivery,Delivery Location,Delivery Point Quantity,MMBtu,N,Y,"9,145","9,165",63,"9,102",TX EAST TRAN,007932908
INTRDY_2026-09-28_0501,09-28-2026,09-27-2026,Operational Capacity,05:01,09:00,70539,"S.I.G. & Elec -Ft. Branch, IN",2,Delivery,Delivery Location,Delivery Point Quantity,MMBtu,N,Y,"7,236","7,323",100,"7,223",TX EAST TRAN,007932908
INTRDY_2026-09-28_0501,09-28-2026,09-27-2026,Operational Capacity,05:01,09:00,70548,"Starks Utilities - Starks, LA",WLA,Delivery,Delivery Location,Delivery Point Quantity,MMBtu,N,Y,"2,750","2,750",8,"2,742",TX EAST TRAN,007932908
INTRDY_2026-09-28_0501,09-28-2026,09-27-2026,Operational Capacity,05:01,09:00,70552,"TE Todhunter - Todhunter, OH",2,Delivery,Delivery Location,Delivery Point Quantity,MMBtu,N,Y,"1,244","1,244",5,"1,239",TX EAST TRAN,007932908
INTRDY_2026-09-28_0501,09-28-2026,09-27-2026,Operational Capacity,05:01,09:00,70573,"Batesville, IN",2,Delivery,Delivery Location,Delivery Point Quantity,MMBtu,N,Y,"10,424","10,460",585,"9,875",TX EAST TRAN,007932908
INTRDY_2026-09-28_0501,09-28-2026,09-27-2026,Operational Capacity,05:01,09:00,70579,"Columbia Gas of  PA.  - Rockwood, PA",3,Delivery,Delivery Location,Delivery Point Quantity,MMBtu,N,Y,"12,807","12,899",200,"12,699",TX EAST TRAN,007932908
INTRDY_2026-09-28_0501,09-28-2026,09-27-2026,Operational Capacity,05:01,09:00,70582,"Midwest Nat. - Brownstown, IN",2,Delivery,Delivery Location,Delivery Point Quantity,MMBtu,N,Y,"3,884","3,884",50,"3,834",TX EAST TRAN,007932908
INTRDY_2026-09-28_0501,09-28-2026,09-27-2026,Operational Capacity,05:01,09:00,70583,"Midwest Nat. -North Vernon, IN",2,Delivery,Delivery Location,Delivery Point Quantity,MMBtu,N,Y,"11,004","11,142",275,"10,867",TX EAST TRAN,007932908
INTRDY_2026-09-28_0501,09-28-2026,09-27-2026,Operational Capacity,05:01,09:00,70584,"Elizabethtown Gas Company - Ringoes, NJ",3,Delivery,Delivery Location,Delivery Point Quantity,MMBtu,N,Y,"24,372","24,633",0,"24,633",TX EAST TRAN,007932908
INTRDY_2026-09-28_0501,09-28-2026,09-27-2026,Operational Capacity,05:01,09:00,70633,"B&T Oil Co., Yoward C.P. - Bee Co., TX",STX,Receipt,Receipt Location,Receipt Point Quantity,MMBtu,Y,Y,509,509,8,501,TX EAST TRAN,007932908
INTRDY_2026-09-28_0501,09-28-2026,09-27-2026,Operational Capacity,05:01,09:00,70859,"Gulf South Pipeline, LP - Huntsville, TX  (Delivery)",ETX,Delivery,Delivery Location,Delivery Point Quantity,MMBtu,N,Y,"5,700","5,700",0,"5,700",TX EAST TRAN,007932908
INTRDY_2026-09-28_0501,09-28-2026,09-27-2026,Operational Capacity,05:01,09:00,70907,Duke Energy Ohio Inc. Millville,2,Delivery,Delivery Location,Delivery Point Quantity,MMBtu,N,Y,"14,000","14,000","1,141","12,859",TX EAST TRAN,007932908
INTRDY_2026-09-28_0501,09-28-2026,09-27-2026,Operational Capacity,05:01,09:00,70912,"Britanco, LLC Wilcox - Tuleta CP, Bee Co., TX",STX,Receipt,Receipt Location,Receipt Point Quantity,MMBtu,N,Y,"3,102","3,102",0,"3,102",TX EAST TRAN,007932908
INTRDY_2026-09-28_0501,09-28-2026,09-27-2026,Operational Capacity,05:01,09:00,70937,"Consumers Gas Co. - Omaha, IL",1,Delivery,Delivery Location,Delivery Point Quantity,MMBtu,N,Y,"8,870","9,070",167,"8,903",TX EAST TRAN,007932908
INTRDY_2026-09-28_0501,09-28-2026,09-27-2026,Operational Capacity,05:01,09:00,70939,"Indiana Gas - French Lick, IN",2,Delivery,Delivery Location,Delivery Point Quantity,MMBtu,Y,Y,"7,000","7,000",425,"6,575",TX EAST TRAN,007932908
INTRDY_2026-09-28_0501,09-28-2026,09-27-2026,Operational Capacity,05:01,09:00,70940,"Indiana Gas Co. - Westport, IN",2,Delivery,Delivery Location,Delivery Point Quantity,MMBtu,N,Y,"2,100","2,100",168,"1,932",TX EAST TRAN,007932908
INTRDY_2026-09-28_0501,09-28-2026,09-27-2026,Operational Capacity,05:01,09:00,70941,"Lawrenceburg Gas, IN",2,Delivery,Delivery Location,Delivery Point Quantity,MMBtu,N,Y,"3,138","4,136",150,"3,986",TX EAST TRAN,007932908
INTRDY_2026-09-28_0501,09-28-2026,09-27-2026,Operational Capacity,05:01,09:00,70949,"Public Service - Hanover, NJ",3,Delivery,Delivery Location,Delivery Point Quantity,MMBtu,N,Y,"146,550","155,001",0,"155,001",TX EAST TRAN,007932908
INTRDY_2026-09-28_0501,09-28-2026,09-27-2026,Operational Capacity,05:01,09:00,70953,"New Jersey Natural - Freehold, NJ",3,Delivery,Delivery Location,Delivery Point Quantity,MMBtu,N,Y,"483,411","483,411","32,798","450,613",TX EAST TRAN,007932908
INTRDY_2026-09-28_0501,09-28-2026,09-27-2026,Operational Capacity,05:01,09:00,70958,"Hurst - Siloam, MS",1,Receipt,Receipt Location,Receipt Point Quantity,MMBtu,N,Y,"8,727","8,962",180,"8,782",TX EAST TRAN,007932908
INTRDY_2026-09-28_0501,09-28-2026,09-27-2026,Operational Capacity,05:01,09:00,70983,"Knox Energy Cooperative - Powhatan Point, OH",2,Delivery,Delivery Location,Delivery Point Quantity,MMBtu,N,Y,"11,852","11,852",10,"11,842",TX EAST TRAN,007932908
INTRDY_2026-09-28_0501,09-28-2026,09-27-2026,Operational Capacity,05:01,09:00,70984,"Columbia Gas - New Holland, OH",2,Delivery,Delivery Location,Delivery Point Quantity,MMBtu,N,Y,"4,480","4,480",0,"4,480",TX EAST TRAN,007932908
INTRDY_2026-09-28_0501,09-28-2026,09-27-2026,Operational Capacity,05:01,09:00,71000,"Gulf South Pipeline Company, LP - West Monroe, LA  (Receipt)",ELA,Receipt,Receipt Location,Receipt Point Quantity,MMBtu,N,Y,"284,361","292,372",0,"292,372",TX EAST TRAN,007932908
INTRDY_2026-09-28_0501,09-28-2026,09-27-2026,Operational Capacity,05:01,09:00,71020,"TE Princeton - Princeton, IN",2,Delivery,Delivery Location,Delivery Point Quantity,MMBtu,N,Y,501,594,10,584,TX EAST TRAN,007932908
INTRDY_2026-09-28_0501,09-28-2026,09-27-2026,Operational Capacity,05:01,09:00,71028,"Col Gas (DPL) -Bowersville, OH",2,Delivery,Delivery Location,Delivery Point Quantity,MMBtu,N,Y,"2,123","2,123",5,"2,118",TX EAST TRAN,007932908
INTRDY_2026-09-28_0501,09-28-2026,09-27-2026,Operational Capacity,05:01,09:00,71043,"Union Electric - Vanduser, MO",1,Delivery,Delivery Location,Delivery Point Quantity,MMBtu,N,Y,"4,349","4,349",0,"4,349",TX EAST TRAN,007932908
INTRDY_2026-09-28_0501,09-28-2026,09-27-2026,Operational Capacity,05:01,09:00,71046,"Harrisburg, AR",1,Delivery,Delivery Location,Delivery Point Quantity,MMBtu,N,Y,"7,282","4,282",550,"3,732",TX EAST TRAN,007932908
INTRDY_2026-09-28_0501,09-28-2026,09-27-2026,Operational Capacity,05:01,09:00,71075,"Elizabethtown Gas Company - Perth Amboy, NJ",3,Delivery,Delivery Location,Delivery Point Quantity,MMBtu,N,Y,"46,117","46,961",0,"46,961",TX EAST TRAN,007932908
INTRDY_2026-09-28_0501,09-28-2026,09-27-2026,Operational Capacity,05:01,09:00,71076,"New Jersey Natural - Hanover, NJ",3,Delivery,Delivery Location,Delivery Point Quantity,MMBtu,N,Y,"36,636","36,636",0,"36,636",TX EAST TRAN,007932908
INTRDY_2026-09-28_0501,09-28-2026,09-27-2026,Operational Capacity,05:01,09:00,71078,"Algonquin - Hanover, NJ",3,Delivery,Delivery Location,Delivery Point Quantity,MMBtu,N,Y,"579,879","586,911","60,210","526,701",TX EAST TRAN,007932908
INTRDY_2026-09-28_0501,09-28-2026,09-27-2026,Operational Capacity,05:01,09:00,71081,"Community Gas - Cynthiana, IN",2,Delivery,Delivery Location,Delivery Point Quantity,MMBtu,N,Y,"4,820","4,820",1,"4,819",TX EAST TRAN,007932908
INTRDY_2026-09-28_0501,09-28-2026,09-27-2026,Operational Capacity,05:01,09:00,71141,"Assoc Natural Gas - Bernie, MO",1,Delivery,Delivery Location,Delivery Point Quantity,MMBtu,N,Y,"9,672","9,691",52,"9,639",TX EAST TRAN,007932908
INTRDY_2026-09-28_0501,09-28-2026,09-27-2026,Operational Capacity,05:01,09:00,71142,"Vernon Faulkner-San Salvador Field - Hidalgo Co., TX  (REC)",STX,Receipt,Receipt Location,Receipt Point Quantity,MMBtu,N,Y,"8,876","9,349",1,"9,348",TX EAST TRAN,007932908
INTRDY_2026-09-28_0501,09-28-2026,09-27-2026,Operational Capacity,05:01,09:00,71143,"UGI CENTRAL - Interboro Gas - Bellville, PA",3,Delivery,Delivery Location,Delivery Point Quantity,MMBtu,N,Y,"20,681","20,681","8,094","12,587",TX EAST TRAN,007932908
INTRDY_2026-09-28_0501,09-28-2026,09-27-2026,Operational Capacity,05:01,09:00,71144,"UGI CENTRAL - Twin Gas - Bedford, PA",3,Delivery,Delivery Location,Delivery Point Quantity,MMBtu,N,Y,"7,034","7,034",0,"7,034",TX EAST TRAN,007932908
INTRDY_2026-09-28_0501,09-28-2026,09-27-2026,Operational Capacity,05:01,09:00,71170,"Midwest Nat. Gas - Medora, IN",2,Delivery,Delivery Location,Delivery Point Quantity,MMBtu,N,Y,"2,018","2,018",50,"1,968",TX EAST TRAN,007932908
INTRDY_2026-09-28_0501,09-28-2026,09-27-2026,Operational Capacity,05:01,09:00,71189,"UGI CENTRAL - Valley Gas - Martinsburg, PA",3,Delivery,Delivery Location,Delivery Point Quantity,MMBtu,N,Y,"19,154","19,154",0,"19,154",TX EAST TRAN,007932908
INTRDY_2026-09-28_0501,09-28-2026,09-27-2026,Operational Capacity,05:01,09:00,71190,"Poseyville, IN",2,Delivery,Delivery Location,Delivery Point Quantity,MMBtu,N,Y,"3,086","3,086",90,"2,996",TX EAST TRAN,007932908
INTRDY_2026-09-28_0501,09-28-2026,09-27-2026,Operational Capacity,05:01,09:00,71196,"Public Service - Bound Brook, NJ",3,Delivery,Delivery Location,Delivery Point Quantity,MMBtu,N,Y,"37,774","37,940",0,"37,940",TX EAST TRAN,007932908
INTRDY_2026-09-28_0501,09-28-2026,09-27-2026,Operational Capacity,05:01,09:00,71200,"Targa Resources - Venice, LA",ELA,Receipt,Receipt Location,Receipt Point Quantity,MMBtu,N,Y,"613,070","614,021","156,525","457,496",TX EAST TRAN,007932908
INTRDY_2026-09-28_0501,09-28-2026,09-27-2026,Operational Capacity,05:01,09:00,71209,"Public Service - Wanaque, NJ",3,Delivery,Delivery Location,Delivery Point Quantity,MMBtu,N,Y,"107,572","107,572","3,423","104,149",TX EAST TRAN,007932908
INTRDY_2026-09-28_0501,09-28-2026,09-27-2026,Operational Capacity,05:01,09:00,71210,"AGT-WANAQUE INTERCONNECT. (PASSAIC,NJ)",3,Delivery,Delivery Location,Delivery Point Quantity,MMBtu,N,Y,"39,727","39,727",0,"39,727",TX EAST TRAN,007932908
INTRDY_2026-09-28_0501,09-28-2026,09-27-2026,Operational Capacity,05:01,09:00,71217,"TE - LBI Instrument Gas - Greensburg, PA",2,Delivery,Delivery Location,Delivery Point Quantity,MMBtu,Y,Y,1,1,1,0,TX EAST TRAN,007932908
INTRDY_2026-09-28_0501,09-28-2026,09-27-2026,Operational Capacity,05:01,09:00,71219,Columbia Gas of Pa. - York co. Pa.,3,Delivery,Delivery Location,Delivery Point Quantity,MMBtu,N,Y,"55,588","55,588",0,"55,588",TX EAST TRAN,007932908
INTRDY_2026-09-28_0501,09-28-2026,09-27-2026,Operational Capacity,05:01,09:00,71220,"PECO Energy - E. Greenville, PA",3,Delivery,Delivery Location,Delivery Point Quantity,MMBtu,N,Y,"8,221","8,221",0,"8,221",TX EAST TRAN,007932908
INTRDY_2026-09-28_0501,09-28-2026,09-27-2026,Operational Capacity,05:01,09:00,71221,"Mississippi Gas Corp. - Reeves, LA",WLA,Delivery,Delivery Location,Delivery Point Quantity,MMBtu,N,Y,"2,750","2,750",12,"2,738",TX EAST TRAN,007932908
INTRDY_2026-09-28_0501,09-28-2026,09-27-2026,Operational Capacity,05:01,09:00,71240,"Enfield, IL",1,Delivery,Delivery Location,Delivery Point Quantity,MMBtu,N,Y,"2,001","2,007",25,"1,982",TX EAST TRAN,007932908
INTRDY_2026-09-28_0501,09-28-2026,09-27-2026,Operational Capacity,05:01,09:00,71241,"Utica, MS",ELA,Delivery,Delivery Location,Delivery Point Quantity,MMBtu,N,Y,"3,086","3,086",12,"3,074",TX EAST TRAN,007932908
INTRDY_2026-09-28_0501,09-28-2026,09-27-2026,Operational Capacity,05:01,09:00,71242,"Cen Il Pub Serv -Goreville, IL",1,Delivery,Delivery Location,Delivery Point Quantity,MMBtu,N,Y,"3,222","3,234",10,"3,224",TX EAST TRAN,007932908
INTRDY_2026-09-28_0501,09-28-2026,09-27-2026,Operational Capacity,05:01,09:00,71256,"Liberty, KY",2,Delivery,Delivery Location,Delivery Point Quantity,MMBtu,N,Y,"4,880","4,880",100,"4,780",TX EAST TRAN,007932908
INTRDY_2026-09-28_0501,09-28-2026,09-27-2026,Operational Capacity,05:01,09:00,71287,"Gas Util Dist #2 - Lottie, LA",ELA,Delivery,Delivery Location,Delivery Point Quantity,MMBtu,N,Y,"2,488","2,488",50,"2,438",TX EAST TRAN,007932908
INTRDY_2026-09-28_0501,09-28-2026,09-27-2026,Operational Capacity,05:01,09:00,71288,"Gas Util Dist #2 - New Roads, LA",ELA,Delivery,Delivery Location,Delivery Point Quantity,MMBtu,N,Y,"3,086","3,086",39,"3,047",TX EAST TRAN,007932908
INTRDY_2026-09-28_0501,09-28-2026,09-27-2026,Operational Capacity,05:01,09:00,71293,"Loretto, TN",1,Delivery,Delivery Location,Delivery Point Quantity,MMBtu,N,Y,"2,886","2,886",130,"2,756",TX EAST TRAN,007932908
INTRDY_2026-09-28_0501,09-28-2026,09-27-2026,Operational Capacity,05:01,09:00,71297,"Weir, Choctaw Co., MS",1,Delivery,Delivery Location,Delivery Point Quantity,MMBtu,N,Y,"2,488","2,488",10,"2,478",TX EAST TRAN,007932908
INTRDY_2026-09-28_0501,09-28-2026,09-27-2026,Operational Capacity,05:01,09:00,71298,"E.Tennessee Gas - Mt. Pleasant, Giles Co. TN -DEL (B/D 76298)",1,Delivery,Delivery Location,Delivery Point Quantity,MMBtu,N,Y,"330,722","356,458","2,545","353,913",TX EAST TRAN,007932908
INTRDY_2026-09-28_0501,09-28-2026,09-27-2026,Operational Capacity,05:01,09:00,71299,"East Tenn Gas - Hartsville, TN",1,Delivery,Delivery Location,Delivery Point Quantity,MMBtu,N,Y,"491,787","535,261","1,500","533,761",TX EAST TRAN,007932908
INTRDY_2026-09-28_0501,09-28-2026,09-27-2026,Operational Capacity,05:01,09:00,71331,"Thebes, IL",1,Delivery,Delivery Location,Delivery Point Quantity,MMBtu,N,Y,"1,090","1,290",1,"1,289",TX EAST TRAN,007932908
INTRDY_2026-09-28_0501,09-28-2026,09-27-2026,Operational Capacity,05:01,09:00,71353,"Col. Gas - East Middletown, OH",2,Delivery,Delivery Location,Delivery Point Quantity,MMBtu,N,Y,"15,266","17,251","3,000","14,251",TX EAST TRAN,007932908
INTRDY_2026-09-28_0501,09-28-2026,09-27-2026,Operational Capacity,05:01,09:00,71362,"Jonesboro, IL",1,Delivery,Delivery Location,Delivery Point Quantity,MMBtu,N,Y,"2,480","2,480",26,"2,454",TX EAST TRAN,007932908
INTRDY_2026-09-28_0501,09-28-2026,09-27-2026,Operational Capacity,05:01,09:00,71363,"Columbia Gas of  PA.  - Pleasant Gap, PA",3,Delivery,Delivery Location,Delivery Point Quantity,MMBtu,N,Y,"9,444","9,745","1,725","8,020",TX EAST TRAN,007932908
INTRDY_2026-09-28_0501,09-28-2026,09-27-2026,Operational Capacity,05:01,09:00,71366,"Osgood, IN",2,Delivery,Delivery Location,Delivery Point Quantity,MMBtu,N,Y,"2,488","2,488",54,"2,434",TX EAST TRAN,007932908
INTRDY_2026-09-28_0501,09-28-2026,09-27-2026,Operational Capacity,05:01,09:00,71401,"United Cities - Galatia, IL",1,Delivery,Delivery Location,Delivery Point Quantity,MMBtu,N,Y,"3,737","3,737",0,"3,737",TX EAST TRAN,007932908
INTRDY_2026-09-28_0501,09-28-2026,09-27-2026,Operational Capacity,05:01,09:00,71402,"Creal Springs, IL",1,Delivery,Delivery Location,Delivery Point Quantity,MMBtu,N,Y,"1,860","1,966",3,"1,963",TX EAST TRAN,007932908
INTRDY_2026-09-28_0501,09-28-2026,09-27-2026,Operational Capacity,05:01,09:00,71423,"New Jersey Natural - Montville, NJ",3,Delivery,Delivery Location,Delivery Point Quantity,MMBtu,N,Y,"35,598","36,269",0,"36,269",TX EAST TRAN,007932908
INTRDY_2026-09-28_0501,09-28-2026,09-27-2026,Operational Capacity,05:01,09:00,71424,"New Roads, LA",ELA,Delivery,Delivery Location,Delivery Point Quantity,MMBtu,N,Y,"7,933","7,968",98,"7,870",TX EAST TRAN,007932908
INTRDY_2026-09-28_0501,09-28-2026,09-27-2026,Operational Capacity,05:01,09:00,71425,"Morganza, LA",ELA,Delivery,Delivery Location,Delivery Point Quantity,MMBtu,N,Y,"3,078","3,286",18,"3,268",TX EAST TRAN,007932908
INTRDY_2026-09-28_0501,09-28-2026,09-27-2026,Operational Capacity,05:01,09:00,71426,"Mantachie Gas Dist -Fulton, MS",1,Delivery,Delivery Location,Delivery Point Quantity,MMBtu,N,Y,"2,939","3,138",72,"3,066",TX EAST TRAN,007932908
INTRDY_2026-09-28_0501,09-28-2026,09-27-2026,Operational Capacity,05:01,09:00,71430,"United Cities -Nolensville, TN",1,Delivery,Delivery Location,Delivery Point Quantity,MMBtu,N,Y,"7,526","8,224",0,"8,224",TX EAST TRAN,007932908
INTRDY_2026-09-28_0501,09-28-2026,09-27-2026,Operational Capacity,05:01,09:00,71435,"Cleco Energy - Chireno #1, TX  (Delivery)",ETX,Delivery,Delivery Location,Delivery Point Quantity,MMBtu,N,Y,"7,432","7,631",1,"7,630",TX EAST TRAN,007932908
INTRDY_2026-09-28_0501,09-28-2026,09-27-2026,Operational Capacity,05:01,09:00,71436,"Cleco Energy - Chireno #2, TX  (Delivery)",ETX,Delivery,Delivery Location,Delivery Point Quantity,MMBtu,N,Y,"6,437","6,537",139,"6,398",TX EAST TRAN,007932908
INTRDY_2026-09-28_0501,09-28-2026,09-27-2026,Operational Capacity,05:01,09:00,71438,"UGI CENTRAL - Dauphin Co. Gas - Annville, PA",3,Delivery,Delivery Location,Delivery Point Quantity,MMBtu,N,Y,"32,157","32,157",0,"32,157",TX EAST TRAN,007932908
INTRDY_2026-09-28_0501,09-28-2026,09-27-2026,Operational Capacity,05:01,09:00,71439,"Indiana Gas Co. - Dubois, IN",2,Delivery,Delivery Location,Delivery Point Quantity,MMBtu,Y,Y,"4,335","4,335",150,"4,185",TX EAST TRAN,007932908
INTRDY_2026-09-28_0501,09-28-2026,09-27-2026,Operational Capacity,05:01,09:00,71455,"UGI CENTRAL - Huntingdon Gas - Mapleton, PA",3,Delivery,Delivery Location,Delivery Point Quantity,MMBtu,N,Y,"7,646","7,646",0,"7,646",TX EAST TRAN,007932908
INTRDY_2026-09-28_0501,09-28-2026,09-27-2026,Operational Capacity,05:01,09:00,71461,"UGI UTIL (Columbia Gas) - Rich Hill, PA",3,Delivery,Delivery Location,Delivery Point Quantity,MMBtu,N,Y,"18,319","18,319",0,"18,319",TX EAST TRAN,007932908
INTRDY_2026-09-28_0501,09-28-2026,09-27-2026,Operational Capacity,05:01,09:00,71463,"Tamms, IL",1,Delivery,Delivery Location,Delivery Point Quantity,MMBtu,N,Y,"4,829","4,852",100,"4,752",TX EAST TRAN,007932908
INTRDY_2026-09-28_0501,09-28-2026,09-27-2026,Operational Capacity,05:01,09:00,71464,"Public Service - Hillsborough, NJ",3,Delivery,Delivery Location,Delivery Point Quantity,MMBtu,N,Y,"96,299","96,299","3,423","92,876",TX EAST TRAN,007932908
INTRDY_2026-09-28_0501,09-28-2026,09-27-2026,Operational Capacity,05:01,09:00,71469,"Atmos Energy Corporation - Qulin, MO",1,Delivery,Delivery Location,Delivery Point Quantity,MMBtu,N,Y,"4,884","5,126",30,"5,096",TX EAST TRAN,007932908
INTRDY_2026-09-28_0501,09-28-2026,09-27-2026,Operational Capacity,05:01,09:00,71473,"Mississippi Gas - LeBlanc, LA",WLA,Delivery,Delivery Location,Delivery Point Quantity,MMBtu,N,Y,"1,244","1,244",0,"1,244",TX EAST TRAN,007932908
INTRDY_2026-09-28_0501,09-28-2026,09-27-2026,Operational Capacity,05:01,09:00,71485,"GULF SOUTH PIPELINE COMPANY - Gillis, LA",WLA,Delivery,Delivery Location,Delivery Point Quantity,MMBtu,N,Y,"213,095","227,699","9,402","218,297",TX EAST TRAN,007932908
INTRDY_2026-09-28_0501,09-28-2026,09-27-2026,Operational Capacity,05:01,09:00,71486,"GULF SOUTH PIPELINE COMPANY - Opelousas, LA",ELA,Receipt,Receipt Location,Receipt Point Quantity,MMBtu,N,Y,"279,870","279,870",0,"279,870",TX EAST TRAN,007932908
INTRDY_2026-09-28_0501,09-28-2026,09-27-2026,Operational Capacity,05:01,09:00,71497,"GULF SOUTH PIPELINE COMPANY, LLC - Canton, MS",ELA,Delivery,Delivery Location,Delivery Point Quantity,MMBtu,N,Y,"47,408","47,420",0,"47,420",TX EAST TRAN,007932908
INTRDY_2026-09-28_0501,09-28-2026,09-27-2026,Operational Capacity,05:01,09:00,71503,"Henderson Petroleum Corp.-SW Lake Boeuf Lafourche Psh.,LA",ELA,Receipt,Receipt Location,Receipt Point Quantity,MMBtu,N,Y,"8,695","8,808",0,"8,808",TX EAST TRAN,007932908
INTRDY_2026-09-28_0501,09-28-2026,09-27-2026,Operational Capacity,05:01,09:00,71512,"Cen Il Pub Serv -Broughton, IL",1,Delivery,Delivery Location,Delivery Point Quantity,MMBtu,N,Y,"2,440","2,440",0,"2,440",TX EAST TRAN,007932908
INTRDY_2026-09-28_0501,09-28-2026,09-27-2026,Operational Capacity,05:01,09:00,71528,"UGI UTIL (Columbia Gas) - Lancaster, PA",3,Delivery,Delivery Location,Delivery Point Quantity,MMBtu,N,Y,"20,248","20,248","9,966","10,282",TX EAST TRAN,007932908
INTRDY_2026-09-28_0501,09-28-2026,09-27-2026,Operational Capacity,05:01,09:00,71616,"Col. Gas - Fairfield Co., OH",2,Receipt,Receipt Location,Receipt Point Quantity,MMBtu,N,Y,"264,727","275,131","50,196","224,935",TX EAST TRAN,007932908
INTRDY_2026-09-28_0501,09-28-2026,09-27-2026,Operational Capacity,05:01,09:00,71655,"Dominion Energy Transmission, Inc - South Oakford - Oakford Storag",2,Storage Withdrawal,Withdrawal Point,Storage withdrawal quantity,MMBtu,N,Y,"694,652","694,652",0,"694,652",TX EAST TRAN,007932908
INTRDY_2026-09-28_0501,09-28-2026,09-27-2026,Operational Capacity,05:01,09:00,71671,"PEOPLES NAT - Rager Mountain, PA",3,Delivery,Delivery Location,Delivery Point Quantity,MMBtu,N,Y,"76,328","76,328",0,"76,328",TX EAST TRAN,007932908
INTRDY_2026-09-28_0501,09-28-2026,09-27-2026,Operational Capacity,05:01,09:00,71682,"Philadelphia Gas Works Penrose (Eastwick)-Philadelphia, PA",3,Delivery,Delivery Location,Delivery Point Quantity,MMBtu,N,Y,"12,212","12,212",0,"12,212",TX EAST TRAN,007932908
INTRDY_2026-09-28_0501,09-28-2026,09-27-2026,Operational Capacity,05:01,09:00,71704,"Gulf South Pipeline Company, LP - Darnell, LA  (Delivery)",ELA,Delivery,Delivery Location,Delivery Point Quantity,MMBtu,N,Y,"16,365","16,365",0,"16,365",TX EAST TRAN,007932908
INTRDY_2026-09-28_0501,09-28-2026,09-27-2026,Operational Capacity,05:01,09:00,71706,"NorAm - Shelby Co., TX  (Receipt)",ETX,Receipt,Receipt Location,Receipt Point Quantity,MMBtu,N,Y,"15,008","15,396",100,"15,296",TX EAST TRAN,007932908
INTRDY_2026-09-28_0501,09-28-2026,09-27-2026,Operational Capacity,05:01,09:00,71716,"Trunkline - Beauregard Psh., LA",WLA,Receipt,Receipt Location,Receipt Point Quantity,MMBtu,N,Y,"305,312","305,212","35,319","269,893",TX EAST TRAN,007932908
INTRDY_2026-09-28_0501,09-28-2026,09-27-2026,Operational Capacity,05:01,09:00,71744,"Dominion Energy Transmission, Inc - Perulack, PA",3,Delivery,Delivery Location,Delivery Point Quantity,MMBtu,N,Y,"396,778","439,091","50,000","389,091",TX EAST TRAN,007932908
INTRDY_2026-09-28_0501,09-28-2026,09-27-2026,Operational Capacity,05:01,09:00,71745,"Dominion Energy Transmission, Inc -Chambersburg, PA",3,Delivery,Delivery Location,Delivery Point Quantity,MMBtu,N,Y,"176,372","736,372",0,"736,372",TX EAST TRAN,007932908
INTRDY_2026-09-28_0501,09-28-2026,09-27-2026,Operational Capacity,05:01,09:00,71814,"Alcoa-Lavaca Pipeline - Calhoun, TX  (Delivery)",STX,Delivery,Delivery Location,Delivery Point Quantity,MMBtu,N,Y,"65,562","65,562",0,"65,562",TX EAST TRAN,007932908
INTRDY_2026-09-28_0501,09-28-2026,09-27-2026,Operational Capacity,05:01,09:00,71862,"Britanco, LLC - #1D Goree, Bee Co., TX",STX,Receipt,Receipt Location,Receipt Point Quantity,MMBtu,Y,Y,"7,448","7,702",21,"7,681",TX EAST TRAN,007932908
INTRDY_2026-09-28_0501,09-28-2026,09-27-2026,Operational Capacity,05:01,09:00,71963,"Scorpion Oil&Gas, LLC-#1 Faulkner - Pontotoc, MS",1,Receipt,Receipt Location,Receipt Point Quantity,MMBtu,N,Y,"3,728","3,947",200,"3,747",TX EAST TRAN,007932908
INTRDY_2026-09-28_0501,09-28-2026,09-27-2026,Operational Capacity,05:01,09:00,71964,"Enbridge Pipelines (East Texas) LP -Longview/Gregg Co., TX",ETX,Receipt,Receipt Location,Receipt Point Quantity,MMBtu,N,Y,"50,885","64,402","15,231","49,171",TX EAST TRAN,007932908
INTRDY_2026-09-28_0501,09-28-2026,09-27-2026,Operational Capacity,05:01,09:00,71987,"UGI UTIL - (Grantville) Hershey, PA",3,Delivery,Delivery Location,Delivery Point Quantity,MMBtu,N,Y,"85,487","85,487","4,923","80,564",TX EAST TRAN,007932908
INTRDY_2026-09-28_0501,09-28-2026,09-27-2026,Operational Capacity,05:01,09:00,71993,"Cin Gas & Elec -Butler Co., OH",2,Delivery,Delivery Location,Delivery Point Quantity,MMBtu,N,Y,"6,427","6,515",800,"5,715",TX EAST TRAN,007932908
INTRDY_2026-09-28_0501,09-28-2026,09-27-2026,Operational Capacity,05:01,09:00,72004,"PECO Energy - Planebrook Chester Co., PA",3,Delivery,Delivery Location,Delivery Point Quantity,MMBtu,N,Y,"40,415","40,415",446,"39,969",TX EAST TRAN,007932908
INTRDY_2026-09-28_0501,09-28-2026,09-27-2026,Operational Capacity,05:01,09:00,72026,"NGO (Miller) - Butler Co., OH",2,Delivery,Delivery Location,Delivery Point Quantity,MMBtu,N,Y,"5,758","5,806",0,"5,806",TX EAST TRAN,007932908
INTRDY_2026-09-28_0501,09-28-2026,09-27-2026,Operational Capacity,05:01,09:00,72080,"Great Lakes Energy Partners.- #1 Tex. Gulf-Centre Co., PA",3,Receipt,Receipt Location,Receipt Point Quantity,MMBtu,N,Y,"16,505","17,182",130,"17,052",TX EAST TRAN,007932908
INTRDY_2026-09-28_0501,09-28-2026,09-27-2026,Operational Capacity,05:01,09:00,72131,"Marshall Exploration - #1 Resch / Harrison Co., TX  (REC)",ETX,Receipt,Receipt Location,Receipt Point Quantity,MMBtu,N,Y,"3,586","3,716",145,"3,571",TX EAST TRAN,007932908
INTRDY_2026-09-28_0501,09-28-2026,09-27-2026,Operational Capacity,05:01,09:00,72158,"Avery Gas - Chicksaw Co., MS",1,Receipt,Receipt Location,Receipt Point Quantity,MMBtu,N,Y,"8,225","8,475",80,"8,395",TX EAST TRAN,007932908
INTRDY_2026-09-28_0501,09-28-2026,09-27-2026,Operational Capacity,05:01,09:00,72185,Dewbre Petroleum/Allen East A,STX,Receipt,Receipt Location,Receipt Point Quantity,MMBtu,N,Y,"1,018","1,018",0,"1,018",TX EAST TRAN,007932908
INTRDY_2026-09-28_0501,09-28-2026,09-27-2026,Operational Capacity,05:01,09:00,72187,"GULF SOUTH PIPELINE COMPANY, LP - Raceland, LA",ELA,Delivery,Delivery Location,Delivery Point Quantity,MMBtu,N,Y,"200,000","250,000","44,750","205,250",TX EAST TRAN,007932908
INTRDY_2026-09-28_0501,09-28-2026,09-27-2026,Operational Capacity,05:01,09:00,72190,"Kennett - Dunklin Co., MO",1,Delivery,Delivery Location,Delivery Point Quantity,MMBtu,N,Y,"9,787","10,766",0,"10,766",TX EAST TRAN,007932908
INTRDY_2026-09-28_0501,09-28-2026,09-27-2026,Operational Capacity,05:01,09:00,72206,"Cypress Gas Pipeline Co.- W. Baton Rouge Psh., LA",ELA,Delivery,Delivery Location,Delivery Point Quantity,MMBtu,N,Y,"34,156","34,698",0,"34,698",TX EAST TRAN,007932908
INTRDY_2026-09-28_0501,09-28-2026,09-27-2026,Operational Capacity,05:01,09:00,72210,"New Jersey Natural - Jamesburg, NJ",3,Delivery,Delivery Location,Delivery Point Quantity,MMBtu,N,Y,"274,781","274,781",0,"274,781",TX EAST TRAN,007932908
INTRDY_2026-09-28_0501,09-28-2026,09-27-2026,Operational Capacity,05:01,09:00,72248,"Enterprise Texas Pipeline LLC - Lavaca County, TX  (REC)",STX,Receipt,Receipt Location,Receipt Point Quantity,MMBtu,Y,Y,"281,162","283,975","21,148","262,827",TX EAST TRAN,007932908
INTRDY_2026-09-28_0501,09-28-2026,09-27-2026,Operational Capacity,05:01,09:00,72249,"Tri-Union Dev. Corp.-#1 Wright /  Goliad County, TX  (REC)",STX,Receipt,Receipt Location,Receipt Point Quantity,MMBtu,N,Y,"4,427","4,427",0,"4,427",TX EAST TRAN,007932908
INTRDY_2026-09-28_0501,09-28-2026,09-27-2026,Operational Capacity,05:01,09:00,72263,"Public Service - Woodbridge,NJ",3,Delivery,Delivery Location,Delivery Point Quantity,MMBtu,N,Y,"150,168","150,249",0,"150,249",TX EAST TRAN,007932908
INTRDY_2026-09-28_0501,09-28-2026,09-27-2026,Operational Capacity,05:01,09:00,72307,"Jeems Bayou - #1 Calhoun /  Desoto Psh., LA",ETX,Receipt,Receipt Location,Receipt Point Quantity,MMBtu,N,Y,"14,693","15,208",1,"15,207",TX EAST TRAN,007932908
INTRDY_2026-09-28_0501,09-28-2026,09-27-2026,Operational Capacity,05:01,09:00,72319,"Energy XXI GOM, LLC-SP 93",ELA,Receipt,Receipt Location,Receipt Point Quantity,MMBtu,N,Y,"76,201","76,201",0,"76,201",TX EAST TRAN,007932908
INTRDY_2026-09-28_0501,09-28-2026,09-27-2026,Operational Capacity,05:01,09:00,72337,"Scorpion Oil&Gas, LLC",1,Receipt,Receipt Location,Receipt Point Quantity,MMBtu,N,Y,"8,042","8,513",70,"8,443",TX EAST TRAN,007932908
INTRDY_2026-09-28_0501,09-28-2026,09-27-2026,Operational Capacity,05:01,09:00,72367,"Miss. Valley Gas - Hinds Co., MS",ELA,Delivery,Delivery Location,Delivery Point Quantity,MMBtu,N,Y,"20,252","20,252",778,"19,474",TX EAST TRAN,007932908
INTRDY_2026-09-28_0501,09-28-2026,09-27-2026,Operational Capacity,05:01,09:00,72382,"Houston Pipe Line Co.-Enerfin Lyondell Sys./ Harris Co., TX",STX,Delivery,Delivery Location,Delivery Point Quantity,MMBtu,N,Y,"55,329","55,329",0,"55,329",TX EAST TRAN,007932908
INTRDY_2026-09-28_0501,09-28-2026,09-27-2026,Operational Capacity,05:01,09:00,72395,"Entergy Sabine Power Station - Orange Co., TX",WLA,Delivery,Delivery Location,Delivery Point Quantity,MMBtu,N,Y,"101,771","125,869","45,000","80,869",TX EAST TRAN,007932908
INTRDY_2026-09-28_0501,09-28-2026,09-27-2026,Operational Capacity,05:01,09:00,72405,"PECO Energy - Hatfield, PA",3,Delivery,Delivery Location,Delivery Point Quantity,MMBtu,N,Y,"78,790","78,790","14,683","64,107",TX EAST TRAN,007932908
INTRDY_2026-09-28_0501,09-28-2026,09-27-2026,Operational Capacity,05:01,09:00,72428,"Somerset Gas - Casey Co., KY",2,Receipt,Receipt Location,Receipt Point Quantity,MMBtu,N,Y,"15,626","15,962","5,457","10,505",TX EAST TRAN,007932908
INTRDY_2026-09-28_0501,09-28-2026,09-27-2026,Operational Capacity,05:01,09:00,72451,"Wilmar Pipeline, Inc.  - #1 Duncan Slough, Matagorda Co., TX",STX,Receipt,Receipt Location,Receipt Point Quantity,MMBtu,N,Y,"4,589","4,589",108,"4,481",TX EAST TRAN,007932908
INTRDY_2026-09-28_0501,09-28-2026,09-27-2026,Operational Capacity,05:01,09:00,72458,"Tracy Production Co. - #1 Fulton Fuller, Nacogdoches Co., TX",ETX,Receipt,Receipt Location,Receipt Point Quantity,MMBtu,N,Y,"4,471","4,471",0,"4,471",TX EAST TRAN,007932908
INTRDY_2026-09-28_0501,09-28-2026,09-27-2026,Operational Capacity,05:01,09:00,72499,"Noram - Bald Knob - White, AR",1,Receipt,Receipt Location,Receipt Point Quantity,MMBtu,N,Y,"124,579","126,297",313,"125,984",TX EAST TRAN,007932908
INTRDY_2026-09-28_0501,09-28-2026,09-27-2026,Operational Capacity,05:01,09:00,72525,"Howell Oil & Gas, Inc. - Gooch-Gant Fields CP, Harrison Co.,TX",ETX,Receipt,Receipt Location,Receipt Point Quantity,MMBtu,N,Y,"4,889","5,125",0,"5,125",TX EAST TRAN,007932908
INTRDY_2026-09-28_0501,09-28-2026,09-27-2026,Operational Capacity,05:01,09:00,72533,"T & F Exploration, LP., MM - Somerset Co., PA",2,Delivery,Delivery Location,Delivery Point Quantity,MMBtu,Y,Y,"1,842","1,842",50,"1,792",TX EAST TRAN,007932908
INTRDY_2026-09-28_0501,09-28-2026,09-27-2026,Operational Capacity,05:01,09:00,72536,"Kentucky Energy - Metcalfe, KY",2,Delivery,Delivery Location,Delivery Point Quantity,MMBtu,N,Y,"1,995","2,001",37,"1,964",TX EAST TRAN,007932908
INTRDY_2026-09-28_0501,09-28-2026,09-27-2026,Operational Capacity,05:01,09:00,72566,"American Midstream  Tenn Intrastate - Colbert Co., AL",1,Delivery,Delivery Location,Delivery Point Quantity,MMBtu,N,Y,"111,310","117,193","55,421","61,772",TX EAST TRAN,007932908
INTRDY_2026-09-28_0501,09-28-2026,09-27-2026,Operational Capacity,05:01,09:00,72568,"Enable Gas Transmission - West Monroe, LA",ELA,Receipt,Receipt Location,Receipt Point Quantity,MMBtu,Y,Y,"284,127","285,756","80,041","205,715",TX EAST TRAN,007932908
INTRDY_2026-09-28_0501,09-28-2026,09-27-2026,Operational Capacity,05:01,09:00,72571,"UGI UTIL (Columbia Gas) - Bally, PA",3,Receipt,Delivery Location,Delivery Point Quantity,MMBtu,N,Y,"91,594","91,594","-4,110","91,594",TX EAST TRAN,007932908
INTRDY_2026-09-28_0501,09-28-2026,09-27-2026,Operational Capacity,05:01,09:00,72580,"Southcross Mississippi Pipeline, LP- Hinds, MS - DEL (B/D 76580)",ELA,Delivery,Delivery Location,Delivery Point Quantity,MMBtu,N,Y,"96,859","99,934","36,148","63,786",TX EAST TRAN,007932908
INTRDY_2026-09-28_0501,09-28-2026,09-27-2026,Operational Capacity,05:01,09:00,72587,"Big Cajun Electric, Coupee Psh., LA",ELA,Delivery,Delivery Location,Delivery Point Quantity,MMBtu,N,Y,"129,659","131,163",300,"130,863",TX EAST TRAN,007932908
INTRDY_2026-09-28_0501,09-28-2026,09-27-2026,Operational Capacity,05:01,09:00,72594,"MHT -Energy Mktg. -Monroe, MS",1,Receipt,Receipt Location,Receipt Point Quantity,MMBtu,N,Y,"14,693","15,341",125,"15,216",TX EAST TRAN,007932908
INTRDY_2026-09-28_0501,09-28-2026,09-27-2026,Operational Capacity,05:01,09:00,72597,Summit Utilities Arkansas Inc McRae Junct White AR,1,Delivery,Delivery Location,Delivery Point Quantity,MMBtu,N,Y,"2,230","2,230",8,"2,222",TX EAST TRAN,007932908
INTRDY_2026-09-28_0501,09-28-2026,09-27-2026,Operational Capacity,05:01,09:00,72601,"Enterprise Texas Pipeline LLC - Matagorda County, TX  (REC)",STX,Receipt,Receipt Location,Receipt Point Quantity,MMBtu,N,Y,"294,631","294,631",0,"294,631",TX EAST TRAN,007932908
INTRDY_2026-09-28_0501,09-28-2026,09-27-2026,Operational Capacity,05:01,09:00,72604,"Entergy Louisiana,LLC Beauregard Psh., LA",WLA,Delivery,Delivery Location,Delivery Point Quantity,MMBtu,N,Y,"183,420","186,825","89,985","96,840",TX EAST TRAN,007932908
INTRDY_2026-09-28_0501,09-28-2026,09-27-2026,Operational Capacity,05:01,09:00,72614,"Transok - Ouachita Psh., LA",ELA,Receipt,Receipt Location,Receipt Point Quantity,MMBtu,N,Y,"119,156","126,895",0,"126,895",TX EAST TRAN,007932908
INTRDY_2026-09-28_0501,09-28-2026,09-27-2026,Operational Capacity,05:01,09:00,72616,"Cantium, LLC - MP 30",ELA,Receipt,Receipt Location,Receipt Point Quantity,MMBtu,N,Y,"42,725","43,350",0,"43,350",TX EAST TRAN,007932908
INTRDY_2026-09-28_0501,09-28-2026,09-27-2026,Operational Capacity,05:01,09:00,72621,"Williams Field Services  - Duval Co., TX",STX,Receipt,Receipt Location,Receipt Point Quantity,MMBtu,N,Y,"45,797","45,797",0,"45,797",TX EAST TRAN,007932908
INTRDY_2026-09-28_0501,09-28-2026,09-27-2026,Operational Capacity,05:01,09:00,72636,"PECO Energy - Montgomery Co., PA",3,Delivery,Delivery Location,Delivery Point Quantity,MMBtu,N,Y,"46,674","46,674",3,"46,671",TX EAST TRAN,007932908
INTRDY_2026-09-28_0501,09-28-2026,09-27-2026,Operational Capacity,05:01,09:00,72637,Columbia Gas - Pickaway Co. OH,2,Delivery,Delivery Location,Delivery Point Quantity,MMBtu,N,Y,"233,055","233,055","4,000","229,055",TX EAST TRAN,007932908
INTRDY_2026-09-28_0501,09-28-2026,09-27-2026,Operational Capacity,05:01,09:00,72648,"So. Ind. Gas & El. -Posey, IN",2,Delivery,Delivery Location,Delivery Point Quantity,MMBtu,N,Y,"5,731","5,831",0,"5,831",TX EAST TRAN,007932908
INTRDY_2026-09-28_0501,09-28-2026,09-27-2026,Operational Capacity,05:01,09:00,72654,"BlueStone Natural Resources, LLC- Bonne Terre Field, McMullen Co.,",STX,Receipt,Receipt Location,Receipt Point Quantity,MMBtu,N,Y,"6,760","5,423",0,"5,423",TX EAST TRAN,007932908
INTRDY_2026-09-28_0501,09-28-2026,09-27-2026,Operational Capacity,05:01,09:00,72664,"Itawamba Gas -Itawamba Co., MS",1,Delivery,Delivery Location,Delivery Point Quantity,MMBtu,N,Y,"2,544","2,544","1,693",851,TX EAST TRAN,007932908
INTRDY_2026-09-28_0501,09-28-2026,09-27-2026,Operational Capacity,05:01,09:00,72672,"Lebanon #2 - Wilson Co., TN",1,Delivery,Delivery Location,Delivery Point Quantity,MMBtu,N,Y,"8,142","8,617",0,"8,617",TX EAST TRAN,007932908
INTRDY_2026-09-28_0501,09-28-2026,09-27-2026,Operational Capacity,05:01,09:00,72692,"Associated Natural Gas Inc. - Wilkinson Co., MS",ELA,Receipt,Receipt Location,Receipt Point Quantity,MMBtu,N,Y,"32,368","32,827",0,"32,827",TX EAST TRAN,007932908
INTRDY_2026-09-28_0501,09-28-2026,09-27-2026,Operational Capacity,05:01,09:00,72694,"NCL Natural Resources, LLC (Eastern States Expl)- Centre Co., PA",3,Receipt,Receipt Location,Receipt Point Quantity,MMBtu,N,Y,"15,266","15,266",800,"14,466",TX EAST TRAN,007932908
INTRDY_2026-09-28_0501,09-28-2026,09-27-2026,Operational Capacity,05:01,09:00,72718,Smith Oper. (Harvey Broyle M.P. 0.00) - Bienville Psh. La,ETX,Receipt,Receipt Location,Receipt Point Quantity,MMBtu,N,Y,"8,016","8,114",50,"8,064",TX EAST TRAN,007932908
INTRDY_2026-09-28_0501,09-28-2026,09-27-2026,Operational Capacity,05:01,09:00,72745,"PECO Energy - Collegeville, PA.",3,Delivery,Delivery Location,Delivery Point Quantity,MMBtu,N,Y,"55,428","55,428",0,"55,428",TX EAST TRAN,007932908
INTRDY_2026-09-28_0501,09-28-2026,09-27-2026,Operational Capacity,05:01,09:00,72764,"NGPL Sweet Lake - Cameron Psh., LA",WLA,Receipt,Receipt Location,Receipt Point Quantity,MMBtu,N,Y,"197,547","199,236",0,"199,236",TX EAST TRAN,007932908
INTRDY_2026-09-28_0501,09-28-2026,09-27-2026,Operational Capacity,05:01,09:00,72770,PEPL/TETCO (LEBANON LATERAL-TETCO CAPACITY),2,Delivery,Delivery Location,Delivery Point Quantity,MMBtu,N,Y,"661,500","661,500",543,"660,957",TX EAST TRAN,007932908
INTRDY_2026-09-28_0501,09-28-2026,09-27-2026,Operational Capacity,05:01,09:00,72770,PEPL/TETCO (LEBANON LATERAL-TETCO CAPACITY),2,Delivery,Receipt Location,Receipt Point Quantity,MMBtu,N,Y,"425,000","425,000",-116,"425,000",TX EAST TRAN,007932908
INTRDY_2026-09-28_0501,09-28-2026,09-27-2026,Operational Capacity,05:01,09:00,72798,"Hamilton, OH",2,Delivery,Delivery Location,Delivery Point Quantity,MMBtu,N,Y,"50,885","50,885","2,237","48,648",TX EAST TRAN,007932908
INTRDY_2026-09-28_0501,09-28-2026,09-27-2026,Operational Capacity,05:01,09:00,72824,"Mid Louisiana - W. Feleciana Psh., LA",ELA,Delivery,Delivery Location,Delivery Point Quantity,MMBtu,N,Y,"28,496","28,496","9,024","19,472",TX EAST TRAN,007932908
INTRDY_2026-09-28_0501,09-28-2026,09-27-2026,Operational Capacity,05:01,09:00,72825,"Assoc. Natural Gas, Inc. -  Lateral - Lavaca Co., TX",STX,Receipt,Receipt Location,Receipt Point Quantity,MMBtu,N,Y,"134,889","135,300",0,"135,300",TX EAST TRAN,007932908
INTRDY_2026-09-28_0501,09-28-2026,09-27-2026,Operational Capacity,05:01,09:00,72827,"City Of Fulton - Itawamba Co., MS",1,Delivery,Delivery Location,Delivery Point Quantity,MMBtu,N,Y,"4,340","4,610",45,"4,565",TX EAST TRAN,007932908
INTRDY_2026-09-28_0501,09-28-2026,09-27-2026,Operational Capacity,05:01,09:00,72828,"RBS Gas Util. - Macon Co., TN",1,Delivery,Delivery Location,Delivery Point Quantity,MMBtu,N,Y,"1,701","1,726",65,"1,661",TX EAST TRAN,007932908
INTRDY_2026-09-28_0501,09-28-2026,09-27-2026,Operational Capacity,05:01,09:00,72848,"Ozark Gas - Greene Co., AR",1,Receipt,Receipt Location,Receipt Point Quantity,MMBtu,N,Y,"83,471","87,563","9,799","77,764",TX EAST TRAN,007932908
INTRDY_2026-09-28_0501,09-28-2026,09-27-2026,Operational Capacity,05:01,09:00,72849,"ENI Petroleum US LLC - 365 MC, LA",ELA,Receipt,Receipt Location,Receipt Point Quantity,MMBtu,Y,Y,"71,240","71,240","16,001","55,239",TX EAST TRAN,007932908
INTRDY_2026-09-28_0501,09-28-2026,09-27-2026,Operational Capacity,05:01,09:00,72856,"Onalaska Water & Gas Corporation - Polk County, TX",ETX,Delivery,Delivery Location,Delivery Point Quantity,MMBtu,N,Y,"2,201","2,219",65,"2,154",TX EAST TRAN,007932908
INTRDY_2026-09-28_0501,09-28-2026,09-27-2026,Operational Capacity,05:01,09:00,72863,"Delmarva Power & Light - New Castle, DE",3,Delivery,Delivery Location,Delivery Point Quantity,MMBtu,N,Y,"101,771","101,771","1,729","100,042",TX EAST TRAN,007932908
INTRDY_2026-09-28_0501,09-28-2026,09-27-2026,Operational Capacity,05:01,09:00,72871,Summit Utilities Arkansas Inc Bodcaw AR,ETX,Delivery,Delivery Location,Delivery Point Quantity,MMBtu,N,Y,"3,513","3,716",10,"3,706",TX EAST TRAN,007932908
INTRDY_2026-09-28_0501,09-28-2026,09-27-2026,Operational Capacity,05:01,09:00,72874,"St. Joseph - Lawrence Co., TN",1,Delivery,Delivery Location,Delivery Point Quantity,MMBtu,N,Y,"1,079","1,129",8,"1,121",TX EAST TRAN,007932908
INTRDY_2026-09-28_0501,09-28-2026,09-27-2026,Operational Capacity,05:01,09:00,72877,"Denbury Onshore, LLC",STX,Delivery,Delivery Location,Delivery Point Quantity,MMBtu,N,Y,"14,963","15,593","1,000","14,593",TX EAST TRAN,007932908
INTRDY_2026-09-28_0501,09-28-2026,09-27-2026,Operational Capacity,05:01,09:00,72890,"Louisiana Intrastate Gas - Iberville Psh., LA (DEL)",ELA,Delivery,Delivery Location,Delivery Point Quantity,MMBtu,N,Y,"60,439","60,439",0,"60,439",TX EAST TRAN,007932908
INTRDY_2026-09-28_0501,09-28-2026,09-27-2026,Operational Capacity,05:01,09:00,72892,"Enterprise Texas Pipeline, LLC - Panola County, TX (REC)",ETX,Receipt,Receipt Location,Receipt Point Quantity,MMBtu,N,Y,"152,656","152,656",0,"152,656",TX EAST TRAN,007932908
INTRDY_2026-09-28_0501,09-28-2026,09-27-2026,Operational Capacity,05:01,09:00,72903,ANR - Glen Karn - (72903),2,Delivery,Receipt Location,Receipt Point Quantity,MMBtu,N,Y,"407,083","407,083",-332,"407,083",TX EAST TRAN,007932908
INTRDY_2026-09-28_0501,09-28-2026,09-27-2026,Operational Capacity,05:01,09:00,72904,"Vectren Ohio - Glen Karn, OH CenterPoint Energy(PEPL 02831)",2,Delivery,Delivery Location,Delivery Point Quantity,MMBtu,N,Y,"122,125","122,125",0,"122,125",TX EAST TRAN,007932908
INTRDY_2026-09-28_0501,09-28-2026,09-27-2026,Operational Capacity,05:01,09:00,72908,"Duke Energy Ohio Inc. Springboro, Franklin, OH",2,Delivery,Delivery Location,Delivery Point Quantity,MMBtu,N,Y,"82,446","85,003",0,"85,003",TX EAST TRAN,007932908
INTRDY_2026-09-28_0501,09-28-2026,09-27-2026,Operational Capacity,05:01,09:00,72909,"Dayton Pwr & Lt - Red Lion, OH CenterPoint Energy",2,Delivery,Delivery Location,Delivery Point Quantity,MMBtu,N,Y,"60,658","61,271",0,"61,271",TX EAST TRAN,007932908
INTRDY_2026-09-28_0501,09-28-2026,09-27-2026,Operational Capacity,05:01,09:00,72910,"CW-DTI (I-O) & LEBANON, OH",2,Delivery,Delivery Location,Delivery Point Quantity,MMBtu,N,Y,"518,897","518,897",0,"518,897",TX EAST TRAN,007932908
INTRDY_2026-09-28_0501,09-28-2026,09-27-2026,Operational Capacity,05:01,09:00,72911,"Col. Gas (I-O) & Lebanon, OH",2,Delivery,Delivery Location,Delivery Point Quantity,MMBtu,N,Y,"281,172","273,637",0,"273,637",TX EAST TRAN,007932908
INTRDY_2026-09-28_0501,09-28-2026,09-27-2026,Operational Capacity,05:01,09:00,72926,"Kent. Util. - Garrard Co., KY",2,Delivery,Delivery Location,Delivery Point Quantity,MMBtu,N,Y,"270,140","275,336",0,"275,336",TX EAST TRAN,007932908
INTRDY_2026-09-28_0501,09-28-2026,09-27-2026,Operational Capacity,05:01,09:00,72930,"PECO Energy - Eddystone, Delaware Co., PA",3,Delivery,Delivery Location,Delivery Point Quantity,MMBtu,N,Y,"173,010","173,070",50,"173,020",TX EAST TRAN,007932908
INTRDY_2026-09-28_0501,09-28-2026,09-27-2026,Operational Capacity,05:01,09:00,72936,"Chandeleur Pipe Line Co. (Cantium, LLC) - MP 41L",ELA,Receipt,Receipt Location,Receipt Point Quantity,MMBtu,N,Y,"122,125","122,125",0,"122,125",TX EAST TRAN,007932908
INTRDY_2026-09-28_0501,09-28-2026,09-27-2026,Operational Capacity,05:01,09:00,72942,"Columbia Gas (N.W.L. Corp.) - Fayette Co., PA",2,Delivery,Delivery Location,Delivery Point Quantity,MMBtu,N,Y,"4,338","4,430",200,"4,230",TX EAST TRAN,007932908
INTRDY_2026-09-28_0501,09-28-2026,09-27-2026,Operational Capacity,05:01,09:00,72944,"Public Service - Jamesburg - Middlesex Co., NJ",3,Delivery,Delivery Location,Delivery Point Quantity,MMBtu,N,Y,"84,050","84,050","5,476","78,574",TX EAST TRAN,007932908
INTRDY_2026-09-28_0501,09-28-2026,09-27-2026,Operational Capacity,05:01,09:00,72950,"Aptian Gas Corp., K.W. Schreiner #1 - Live Oak Co., TX",STX,Receipt,Receipt Location,Receipt Point Quantity,MMBtu,Y,Y,"3,453","3,567",40,"3,527",TX EAST TRAN,007932908
INTRDY_2026-09-28_0501,09-28-2026,09-27-2026,Operational Capacity,05:01,09:00,72956,"Mid Tn Gas Dist - Wilson, TN",1,Delivery,Delivery Location,Delivery Point Quantity,MMBtu,N,Y,"5,089","5,089",0,"5,089",TX EAST TRAN,007932908
INTRDY_2026-09-28_0501,09-28-2026,09-27-2026,Operational Capacity,05:01,09:00,72967,"Atmos Energy -Monroe, MS",1,Delivery,Delivery Location,Delivery Point Quantity,MMBtu,N,Y,"6,106","6,106",498,"5,608",TX EAST TRAN,007932908
INTRDY_2026-09-28_0501,09-28-2026,09-27-2026,Operational Capacity,05:01,09:00,72972,Walter Oil & Gas - WD 106,ELA,Receipt,Receipt Location,Receipt Point Quantity,MMBtu,Y,Y,"40,708","40,708","9,441","31,267",TX EAST TRAN,007932908
INTRDY_2026-09-28_0501,09-28-2026,09-27-2026,Operational Capacity,05:01,09:00,72979,"PECO - Doylestown, Bucks Co., PA",3,Delivery,Delivery Location,Delivery Point Quantity,MMBtu,N,Y,"67,173","67,173","17,694","49,479",TX EAST TRAN,007932908
INTRDY_2026-09-28_0501,09-28-2026,09-27-2026,Operational Capacity,05:01,09:00,72990,"MVG - Madison Co., MS",ELA,Delivery,Delivery Location,Delivery Point Quantity,MMBtu,N,Y,"2,544","4,300",349,"3,951",TX EAST TRAN,007932908
INTRDY_2026-09-28_0501,09-28-2026,09-27-2026,Operational Capacity,05:01,09:00,72996,"Edmonton #2 - Metcalfe Co., KY",2,Delivery,Delivery Location,Delivery Point Quantity,MMBtu,N,Y,"2,000","2,000",65,"1,935",TX EAST TRAN,007932908
INTRDY_2026-09-28_0501,09-28-2026,09-27-2026,Operational Capacity,05:01,09:00,72999,"American Explorer - Shore Oil #1 - Lafourche Psh., La",ELA,Receipt,Receipt Location,Receipt Point Quantity,MMBtu,N,Y,"5,089","5,089",1,"5,088",TX EAST TRAN,007932908
INTRDY_2026-09-28_0501,09-28-2026,09-27-2026,Operational Capacity,05:01,09:00,73023,"UGI UTIL - Mt. Pleasant, Berks Co. , PA",3,Delivery,Delivery Location,Delivery Point Quantity,MMBtu,N,Y,"33,398","34,332","2,720","31,612",TX EAST TRAN,007932908
INTRDY_2026-09-28_0501,09-28-2026,09-27-2026,Operational Capacity,05:01,09:00,73025,"Atmos Energy, TN (B/D 76025)",1,Delivery,Delivery Location,Delivery Point Quantity,MMBtu,N,Y,"133,913","164,892",0,"164,892",TX EAST TRAN,007932908
INTRDY_2026-09-28_0501,09-28-2026,09-27-2026,Operational Capacity,05:01,09:00,73037,"Mississippi Valley - Clay Co., MS",1,Delivery,Delivery Location,Delivery Point Quantity,MMBtu,N,Y,"13,500","13,500","1,792","11,708",TX EAST TRAN,007932908
INTRDY_2026-09-28_0501,09-28-2026,09-27-2026,Operational Capacity,05:01,09:00,73041,"Four Square Gas Co., Inc. (Chireno #3) -  Shelby Co., TX",ETX,Delivery,Delivery Location,Delivery Point Quantity,MMBtu,N,Y,"2,035","2,035",10,"2,025",TX EAST TRAN,007932908
INTRDY_2026-09-28_0501,09-28-2026,09-27-2026,Operational Capacity,05:01,09:00,73060,"PGW - Harkness Point - Philadelphia, PA",3,Delivery,Delivery Location,Delivery Point Quantity,MMBtu,N,Y,"132,080","132,080","38,771","93,309",TX EAST TRAN,007932908
INTRDY_2026-09-28_0501,09-28-2026,09-27-2026,Operational Capacity,05:01,09:00,73062,"Elizabethtown Gas Company - Union Co., NJ",3,Delivery,Delivery Location,Delivery Point Quantity,MMBtu,N,Y,"71,147","71,917","1,355","70,562",TX EAST TRAN,007932908
INTRDY_2026-09-28_0501,09-28-2026,09-27-2026,Operational Capacity,05:01,09:00,73070,"Centana Gathering Co. MP 225,LA",ELA,Receipt,Receipt Location,Receipt Point Quantity,MMBtu,N,Y,"254,427","254,427",0,"254,427",TX EAST TRAN,007932908
INTRDY_2026-09-28_0501,09-28-2026,09-27-2026,Operational Capacity,05:01,09:00,73073,"Shell Offshore , WD 143, - LAO",ELA,Receipt,Receipt Location,Receipt Point Quantity,MMBtu,Y,Y,"152,656","152,656",1,"152,655",TX EAST TRAN,007932908
INTRDY_2026-09-28_0501,09-28-2026,09-27-2026,Operational Capacity,05:01,09:00,73076,"Atmos Energy - Columbia, TN",1,Delivery,Delivery Location,Delivery Point Quantity,MMBtu,N,Y,"91,760","101,396","4,771","96,625",TX EAST TRAN,007932908
INTRDY_2026-09-28_0501,09-28-2026,09-27-2026,Operational Capacity,05:01,09:00,73079,"Smyrna #3 - Rutherford Co., TN",1,Delivery,Delivery Location,Delivery Point Quantity,MMBtu,N,Y,"5,089","5,089",0,"5,089",TX EAST TRAN,007932908
INTRDY_2026-09-28_0501,09-28-2026,09-27-2026,Operational Capacity,05:01,09:00,73090,Venice-Delivery into Plant,ELA,Delivery,Delivery Location,Delivery Point Quantity,MMBtu,N,Y,"40,708","40,708",0,"40,708",TX EAST TRAN,007932908
INTRDY_2026-09-28_0501,09-28-2026,09-27-2026,Operational Capacity,05:01,09:00,73096,"Interstate Energy Company (I.E.C.) - Bucks Co., PA",3,Delivery,Delivery Location,Delivery Point Quantity,MMBtu,N,Y,"260,000","260,000","164,300","95,700",TX EAST TRAN,007932908
INTRDY_2026-09-28_0501,09-28-2026,09-27-2026,Operational Capacity,05:01,09:00,73105,"Dayton Pwr & Lt - Clinton, OH CenterPoint Energy",2,Delivery,Delivery Location,Delivery Point Quantity,MMBtu,N,Y,"30,218","30,911","1,247","29,664",TX EAST TRAN,007932908
INTRDY_2026-09-28_0501,09-28-2026,09-27-2026,Operational Capacity,05:01,09:00,73106,Federal Bureau of Prison - Yazoo Co. MS,ELA,Delivery,Delivery Location,Delivery Point Quantity,MMBtu,N,Y,300,446,255,191,TX EAST TRAN,007932908
INTRDY_2026-09-28_0501,09-28-2026,09-27-2026,Operational Capacity,05:01,09:00,73107,"Horton Hwy Dist #2 - Maury, TN",1,Delivery,Delivery Location,Delivery Point Quantity,MMBtu,N,Y,"5,089","5,089",636,"4,453",TX EAST TRAN,007932908
INTRDY_2026-09-28_0501,09-28-2026,09-27-2026,Operational Capacity,05:01,09:00,73109,"Red Bay #2, Franklin Co. Al.",1,Delivery,Delivery Location,Delivery Point Quantity,MMBtu,N,Y,"10,177","10,177",568,"9,609",TX EAST TRAN,007932908
INTRDY_2026-09-28_0501,09-28-2026,09-27-2026,Operational Capacity,05:01,09:00,73110,"Great Lake Energy - Fayette Co.,PA",2,Receipt,Receipt Location,Receipt Point Quantity,MMBtu,N,Y,"14,873","15,352",0,"15,352",TX EAST TRAN,007932908
INTRDY_2026-09-28_0501,09-28-2026,09-27-2026,Operational Capacity,05:01,09:00,73113,"Enterprise Texas Pipeline LLC - Hidalgo County, TX",STX,Receipt,Receipt Location,Receipt Point Quantity,MMBtu,N,Y,"101,771","101,771","63,336","38,435",TX EAST TRAN,007932908
INTRDY_2026-09-28_0501,09-28-2026,09-27-2026,Operational Capacity,05:01,09:00,73127,Paulsboro Refinery,3,Delivery,Delivery Location,Delivery Point Quantity,MMBtu,N,Y,"58,591","61,185","20,000","41,185",TX EAST TRAN,007932908
INTRDY_2026-09-28_0501,09-28-2026,09-27-2026,Operational Capacity,05:01,09:00,73131,"Delta Nat Gas - Madison Co, KY",2,Delivery,Delivery Location,Delivery Point Quantity,MMBtu,N,Y,"2,544","2,544",120,"2,424",TX EAST TRAN,007932908
INTRDY_2026-09-28_0501,09-28-2026,09-27-2026,Operational Capacity,05:01,09:00,73136,"PECO Energy - MONTGOMERY CO., PA (Center Point)",3,Delivery,Delivery Location,Delivery Point Quantity,MMBtu,N,Y,"18,835","19,913",0,"19,913",TX EAST TRAN,007932908
INTRDY_2026-09-28_0501,09-28-2026,09-27-2026,Operational Capacity,05:01,09:00,73141,"MISSISSIPPI CHEMICAL - Yazoo City, MS",ELA,Delivery,Delivery Location,Delivery Point Quantity,MMBtu,N,Y,"58,169","58,888",0,"58,888",TX EAST TRAN,007932908
INTRDY_2026-09-28_0501,09-28-2026,09-27-2026,Operational Capacity,05:01,09:00,73147,"Centana Intrastate Pipeline Co. - Orange Co., TX",WLA,Receipt,Receipt Location,Receipt Point Quantity,MMBtu,N,Y,"203,542","203,542",0,"203,542",TX EAST TRAN,007932908
INTRDY_2026-09-28_0501,09-28-2026,09-27-2026,Operational Capacity,05:01,09:00,73150,Summit Utilities Arkansas Inc Pulaski Co AR,ETX,Delivery,Delivery Location,Delivery Point Quantity,MMBtu,N,Y,"5,089","5,089",70,"5,019",TX EAST TRAN,007932908
INTRDY_2026-09-28_0501,09-28-2026,09-27-2026,Operational Capacity,05:01,09:00,73152,COL GAS-WAYNESBURG - (73152),2,Receipt,Receipt Location,Receipt Point Quantity,MMBtu,N,Y,"106,377","254,841","20,491","234,350",TX EAST TRAN,007932908
INTRDY_2026-09-28_0501,09-28-2026,09-27-2026,Operational Capacity,05:01,09:00,73153,"PECO -- Brookhaven, PA",3,Delivery,Delivery Location,Delivery Point Quantity,MMBtu,N,Y,"91,594","91,594",133,"91,461",TX EAST TRAN,007932908
INTRDY_2026-09-28_0501,09-28-2026,09-27-2026,Operational Capacity,05:01,09:00,73154,"Peco Energy Company - Hershey Mills, Chester Co., PA",3,Delivery,Delivery Location,Delivery Point Quantity,MMBtu,N,Y,"127,930","132,716","1,953","130,763",TX EAST TRAN,007932908
INTRDY_2026-09-28_0501,09-28-2026,09-27-2026,Operational Capacity,05:01,09:00,73157,"UGI CENTRAL - Penn Fuel - McConnellsburg, Fulton Co., PA",3,Delivery,Delivery Location,Delivery Point Quantity,MMBtu,N,Y,"21,563","21,563",0,"21,563",TX EAST TRAN,007932908
INTRDY_2026-09-28_0501,09-28-2026,09-27-2026,Operational Capacity,05:01,09:00,73159,"Lafayette #2 - Macon Co., TN",1,Delivery,Delivery Location,Delivery Point Quantity,MMBtu,N,Y,"2,035","2,035",1,"2,034",TX EAST TRAN,007932908
INTRDY_2026-09-28_0501,09-28-2026,09-27-2026,Operational Capacity,05:01,09:00,73161,"Middle TN Gas Monroe Co, KY",2,Delivery,Delivery Location,Delivery Point Quantity,MMBtu,N,Y,"2,035","2,035",0,"2,035",TX EAST TRAN,007932908
INTRDY_2026-09-28_0501,09-28-2026,09-27-2026,Operational Capacity,05:01,09:00,73164,"DCP Midstream, LP - Goliad Co., TX",STX,Receipt,Receipt Location,Receipt Point Quantity,MMBtu,Y,Y,"117,036","117,036","16,803","100,233",TX EAST TRAN,007932908
INTRDY_2026-09-28_0501,09-28-2026,09-27-2026,Operational Capacity,05:01,09:00,73165,"SANCHEZ O'BRIEN-BODDEN FROST, LIVE OAK CO., TX",STX,Receipt,Receipt Location,Receipt Point Quantity,MMBtu,N,Y,"5,089","5,089",0,"5,089",TX EAST TRAN,007932908
INTRDY_2026-09-28_0501,09-28-2026,09-27-2026,Operational Capacity,05:01,09:00,73168,"Willamette Industries -  Bienville Parish, LA",ETX,Delivery,Delivery Location,Delivery Point Quantity,MMBtu,N,Y,"1,018","1,018","1,500",0,TX EAST TRAN,007932908
INTRDY_2026-09-28_0501,09-28-2026,09-27-2026,Operational Capacity,05:01,09:00,73170,"AK Steel - Warren Co., OH",2,Delivery,Delivery Location,Delivery Point Quantity,MMBtu,N,Y,"127,214","127,214",0,"127,214",TX EAST TRAN,007932908
INTRDY_2026-09-28_0501,09-28-2026,09-27-2026,Operational Capacity,05:01,09:00,73171,"East Cape Girardeau, IL",1,Delivery,Delivery Location,Delivery Point Quantity,MMBtu,N,Y,"1,018","1,018",1,"1,017",TX EAST TRAN,007932908
INTRDY_2026-09-28_0501,09-28-2026,09-27-2026,Operational Capacity,05:01,09:00,73180,"Bluestone - Hidalgo Co., TX",STX,Receipt,Receipt Location,Receipt Point Quantity,MMBtu,N,Y,"9,235","9,235",10,"9,225",TX EAST TRAN,007932908
INTRDY_2026-09-28_0501,09-28-2026,09-27-2026,Operational Capacity,05:01,09:00,73186,"DCP Midstream, LP -- Lavaca Co., TX",STX,Receipt,Receipt Location,Receipt Point Quantity,MMBtu,N,Y,"50,377","50,476",0,"50,476",TX EAST TRAN,007932908
INTRDY_2026-09-28_0501,09-28-2026,09-27-2026,Operational Capacity,05:01,09:00,73187,"Elizabethtown Gas Company - Linden, NJ",3,Delivery,Delivery Location,Delivery Point Quantity,MMBtu,N,Y,"33,408","33,559",0,"33,559",TX EAST TRAN,007932908
INTRDY_2026-09-28_0501,09-28-2026,09-27-2026,Operational Capacity,05:01,09:00,73191,"St Francis Pwr Plt -Dunkin, MO",1,Delivery,Delivery Location,Delivery Point Quantity,MMBtu,N,Y,"92,611","92,611","35,643","56,968",TX EAST TRAN,007932908
INTRDY_2026-09-28_0501,09-28-2026,09-27-2026,Operational Capacity,05:01,09:00,73193,"Miss Riv Trans - Stoddard, MO",1,Delivery,Delivery Location,Delivery Point Quantity,MMBtu,N,Y,"8,142","8,142","3,153","4,989",TX EAST TRAN,007932908
INTRDY_2026-09-28_0501,09-28-2026,09-27-2026,Operational Capacity,05:01,09:00,73195,"Col. Gas - Montgomery Co., KY",2,Receipt,Receipt Location,Receipt Point Quantity,MMBtu,N,Y,"152,656","152,656","110,446","42,210",TX EAST TRAN,007932908
INTRDY_2026-09-28_0501,09-28-2026,09-27-2026,Operational Capacity,05:01,09:00,73196,"Delta Nat Gas, I-75 tap, Madison Co., KY",2,Delivery,Delivery Location,Delivery Point Quantity,MMBtu,N,Y,407,407,25,382,TX EAST TRAN,007932908
INTRDY_2026-09-28_0501,09-28-2026,09-27-2026,Operational Capacity,05:01,09:00,73198,"Tenn. Gas P/L - Casey Co., KY",2,Receipt,Receipt Location,Receipt Point Quantity,MMBtu,N,Y,"203,542","203,542","30,000","173,542",TX EAST TRAN,007932908
INTRDY_2026-09-28_0501,09-28-2026,09-27-2026,Operational Capacity,05:01,09:00,73200,Columbia Gas - Franklin Co. PA (Delivery),3,Delivery,Delivery Location,Delivery Point Quantity,MMBtu,N,Y,"8,272","8,272","1,100","7,172",TX EAST TRAN,007932908
INTRDY_2026-09-28_0501,09-28-2026,09-27-2026,Operational Capacity,05:01,09:00,73205,"Middle Tn Nat Gas -Wilson, TN",1,Delivery,Delivery Location,Delivery Point Quantity,MMBtu,N,Y,"60,000","60,000","6,032","53,968",TX EAST TRAN,007932908
INTRDY_2026-09-28_0501,09-28-2026,09-27-2026,Operational Capacity,05:01,09:00,73207,"AECI Plant Sto - Essex Pwr Plt -Stoddard Co, MO",1,Delivery,Delivery Location,Delivery Point Quantity,MMBtu,N,Y,"73,275","73,275",0,"73,275",TX EAST TRAN,007932908
INTRDY_2026-09-28_0501,09-28-2026,09-27-2026,Operational Capacity,05:01,09:00,73210,"Great Lake Energy - Fayette Co., PA.",2,Receipt,Receipt Location,Receipt Point Quantity,MMBtu,N,Y,"4,046","4,046",50,"3,996",TX EAST TRAN,007932908
INTRDY_2026-09-28_0501,09-28-2026,09-27-2026,Operational Capacity,05:01,09:00,73211,"WEIR (NEEL-SCHAFFER) - CHOCTAW CO., MS.",1,Delivery,Delivery Location,Delivery Point Quantity,MMBtu,N,Y,"250,000","250,000","107,533","142,467",TX EAST TRAN,007932908
INTRDY_2026-09-28_0501,09-28-2026,09-27-2026,Operational Capacity,05:01,09:00,73212,"PECO - EAGLE, CHESTER CO., PA. (del)",3,Delivery,Delivery Location,Delivery Point Quantity,MMBtu,N,Y,"65,161","65,161",0,"65,161",TX EAST TRAN,007932908
INTRDY_2026-09-28_0501,09-28-2026,09-27-2026,Operational Capacity,05:01,09:00,73214,"DEFS - Pettus, Bee Co., TX",STX,Receipt,Receipt Location,Receipt Point Quantity,MMBtu,Y,Y,"82,000","86,439","39,060","47,379",TX EAST TRAN,007932908
INTRDY_2026-09-28_0501,09-28-2026,09-27-2026,Operational Capacity,05:01,09:00,73216,"Town of Shannon - Monroe Co., MS",1,Delivery,Delivery Location,Delivery Point Quantity,MMBtu,N,Y,"5,089","5,089",0,"5,089",TX EAST TRAN,007932908
INTRDY_2026-09-28_0501,09-28-2026,09-27-2026,Operational Capacity,05:01,09:00,73225,"Nat'l Gas  -Perry Co., OH",2,Delivery,Delivery Location,Delivery Point Quantity,MMBtu,N,Y,"20,354","20,354",0,"20,354",TX EAST TRAN,007932908
INTRDY_2026-09-28_0501,09-28-2026,09-27-2026,Operational Capacity,05:01,09:00,73226,"Jonesboro City, Water & Light - Greene, AR",1,Delivery,Delivery Location,Delivery Point Quantity,MMBtu,N,Y,"137,391","137,391","6,023","131,368",TX EAST TRAN,007932908
INTRDY_2026-09-28_0501,09-28-2026,09-27-2026,Operational Capacity,05:01,09:00,73233,Duke Energy Indiana,2,Delivery,Delivery Location,Delivery Point Quantity,MMBtu,N,Y,"213,719","213,719",0,"213,719",TX EAST TRAN,007932908
INTRDY_2026-09-28_0501,09-28-2026,09-27-2026,Operational Capacity,05:01,09:00,73235,"National Energy & Trad. - W. Feliciana Psh, LA.",ELA,Delivery,Delivery Location,Delivery Point Quantity,MMBtu,N,Y,"1,018","1,018",0,"1,018",TX EAST TRAN,007932908
INTRDY_2026-09-28_0501,09-28-2026,09-27-2026,Operational Capacity,05:01,09:00,73238,"MISS VALLEY GAS #2 - HINDS CO., MS.",ELA,Delivery,Delivery Location,Delivery Point Quantity,MMBtu,N,Y,"1,807","1,896",20,"1,876",TX EAST TRAN,007932908
INTRDY_2026-09-28_0501,09-28-2026,09-27-2026,Operational Capacity,05:01,09:00,73239,"NRG Business Marketing, (Ironwood) Lebanon Co., PA.",3,Delivery,Delivery Location,Delivery Point Quantity,MMBtu,Y,Y,"120,000","120,000","93,897","26,103",TX EAST TRAN,007932908
INTRDY_2026-09-28_0501,09-28-2026,09-27-2026,Operational Capacity,05:01,09:00,73242,"Coastal Oil & Gas - Pawlik #1, Live Oak Co., Tx",STX,Receipt,Receipt Location,Receipt Point Quantity,MMBtu,Y,Y,"12,212","12,212",3,"12,209",TX EAST TRAN,007932908
INTRDY_2026-09-28_0501,09-28-2026,09-27-2026,Operational Capacity,05:01,09:00,73247,"COLUMBIA UTILITIES - ADAIR CO., KY",2,Delivery,Delivery Location,Delivery Point Quantity,MMBtu,N,Y,"2,035","2,035",2,"2,033",TX EAST TRAN,007932908
INTRDY_2026-09-28_0501,09-28-2026,09-27-2026,Operational Capacity,05:01,09:00,73249,"Entergy - Lewis Creek / Montgomery County, TX",STX,Delivery,Delivery Location,Delivery Point Quantity,MMBtu,N,Y,"220,000","220,000","35,000","185,000",TX EAST TRAN,007932908
INTRDY_2026-09-28_0501,09-28-2026,09-27-2026,Operational Capacity,05:01,09:00,73251,Attala Generating Company  LLC (DEL),ELA,Delivery,Delivery Location,Delivery Point Quantity,MMBtu,N,Y,"101,771","101,771","74,894","26,877",TX EAST TRAN,007932908
INTRDY_2026-09-28_0501,09-28-2026,09-27-2026,Operational Capacity,05:01,09:00,73252,Hinds Power Plant,ELA,Delivery,Delivery Location,Delivery Point Quantity,MMBtu,N,Y,"140,000","140,000","74,852","65,148",TX EAST TRAN,007932908
INTRDY_2026-09-28_0501,09-28-2026,09-27-2026,Operational Capacity,05:01,09:00,73253,"ETC Texas Pipeline, LTD-Henderson #1 / Nacogdoches Co., TX (REC)",ETX,Receipt,Receipt Location,Receipt Point Quantity,MMBtu,N,Y,"8,322","8,795",538,"8,257",TX EAST TRAN,007932908
INTRDY_2026-09-28_0501,09-28-2026,09-27-2026,Operational Capacity,05:01,09:00,73256,"FINA - LOVE HILL GATHERING - OKTIBBEHA CO., MS",1,Receipt,Receipt Location,Receipt Point Quantity,MMBtu,N,Y,"30,531","30,531","4,000","26,531",TX EAST TRAN,007932908
INTRDY_2026-09-28_0501,09-28-2026,09-27-2026,Operational Capacity,05:01,09:00,73257,"Knox Energy Cooperative Association, Inc.",2,Delivery,Delivery Location,Delivery Point Quantity,MMBtu,N,Y,"5,017","5,017",57,"4,960",TX EAST TRAN,007932908
INTRDY_2026-09-28_0501,09-28-2026,09-27-2026,Operational Capacity,05:01,09:00,73263,"Duke Energy Vermillion II, LLC",2,Receipt,Receipt Location,Receipt Point Quantity,MMBtu,Y,Y,"216,461","234,333",1,"234,332",TX EAST TRAN,007932908
INTRDY_2026-09-28_0501,09-28-2026,09-27-2026,Operational Capacity,05:01,09:00,73275,Sonerra Resources - Melrose Gathering (Kendrick #1-H) (REC),ETX,Receipt,Receipt Location,Receipt Point Quantity,MMBtu,N,Y,"20,354","20,354","1,500","18,854",TX EAST TRAN,007932908
INTRDY_2026-09-28_0501,09-28-2026,09-27-2026,Operational Capacity,05:01,09:00,73276,"Renuergy Minerals  Luker #2 Goliad Co., TX (Rec)",STX,Receipt,Receipt Location,Receipt Point Quantity,MMBtu,Y,Y,"8,411","8,664",25,"8,639",TX EAST TRAN,007932908
INTRDY_2026-09-28_0501,09-28-2026,09-27-2026,Operational Capacity,05:01,09:00,73280,Duke Energy Kentucky,2,Delivery,Delivery Location,Delivery Point Quantity,MMBtu,N,Y,"176,063","176,063","12,000","164,063",TX EAST TRAN,007932908
INTRDY_2026-09-28_0501,09-28-2026,09-27-2026,Operational Capacity,05:01,09:00,73282,"Sonerra Resources - Mountain West, Nacog. Co., TX (REC)",ETX,Receipt,Receipt Location,Receipt Point Quantity,MMBtu,N,Y,"14,693","15,241",300,"14,941",TX EAST TRAN,007932908
INTRDY_2026-09-28_0501,09-28-2026,09-27-2026,Operational Capacity,05:01,09:00,73283,"Union Petroleum, LTD (Line 16LL) - Brazoria Co., TX",STX,Receipt,Receipt Location,Receipt Point Quantity,MMBtu,N,Y,"20,354","20,354",40,"20,314",TX EAST TRAN,007932908
INTRDY_2026-09-28_0501,09-28-2026,09-27-2026,Operational Capacity,05:01,09:00,73294,"Dynegy- Ontelaunee, PA",3,Delivery,Delivery Location,Delivery Point Quantity,MMBtu,N,Y,"115,000","162,492",0,"162,492",TX EAST TRAN,007932908
INTRDY_2026-09-28_0501,09-28-2026,09-27-2026,Operational Capacity,05:01,09:00,73295,"HEC PETROLEUM-FULTON FULLER #1, NACOG. CO., TX (REC)",ETX,Receipt,Receipt Location,Receipt Point Quantity,MMBtu,N,Y,"5,089","5,089",0,"5,089",TX EAST TRAN,007932908
INTRDY_2026-09-28_0501,09-28-2026,09-27-2026,Operational Capacity,05:01,09:00,73297,"Washington Power Generation, LLC",2,Delivery,Delivery Location,Delivery Point Quantity,MMBtu,N,Y,"127,214","127,214","104,372","22,842",TX EAST TRAN,007932908
INTRDY_2026-09-28_0501,09-28-2026,09-27-2026,Operational Capacity,05:01,09:00,73298,"Cottonwood Energy Company, LP - Newton Co., TX",WLA,Delivery,Delivery Location,Delivery Point Quantity,MMBtu,N,Y,"202,541","216,150","168,000","48,150",TX EAST TRAN,007932908
INTRDY_2026-09-28_0501,09-28-2026,09-27-2026,Operational Capacity,05:01,09:00,73304,"Alleghney Energy, Chambersburg-Franklin Co., PA (Del)",3,Delivery,Delivery Location,Delivery Point Quantity,MMBtu,N,Y,"24,000","24,000","14,000","10,000",TX EAST TRAN,007932908
INTRDY_2026-09-28_0501,09-28-2026,09-27-2026,Operational Capacity,05:01,09:00,73306,RELIANT PWR PLT - PA - (73306),3,Delivery,Delivery Location,Delivery Point Quantity,MMBtu,N,Y,"160,000","160,000",0,"160,000",TX EAST TRAN,007932908
INTRDY_2026-09-28_0501,09-28-2026,09-27-2026,Operational Capacity,05:01,09:00,73310,"South Shore P/L (NE&T), Nueces Co., TX",STX,Delivery,Delivery Location,Delivery Point Quantity,MMBtu,N,Y,"40,708","40,708","5,000","35,708",TX EAST TRAN,007932908
INTRDY_2026-09-28_0501,09-28-2026,09-27-2026,Operational Capacity,05:01,09:00,73318,LIBERTY ELEC-DEL.PA. - (73318),3,Delivery,Delivery Location,Delivery Point Quantity,MMBtu,N,Y,"91,031","91,031",0,"91,031",TX EAST TRAN,007932908
INTRDY_2026-09-28_0501,09-28-2026,09-27-2026,Operational Capacity,05:01,09:00,73325,ROLLING HILLS GENERATING LLC - (73325),2,Delivery,Delivery Location,Delivery Point Quantity,MMBtu,N,Y,"288,011","288,011","30,000","258,011",TX EAST TRAN,007932908
INTRDY_2026-09-28_0501,09-28-2026,09-27-2026,Operational Capacity,05:01,09:00,73329,"CGT/NiSource-KY - Clark Co., KY",2,Delivery,Delivery Location,Delivery Point Quantity,MMBtu,N,Y,"10,177","10,177",150,"10,027",TX EAST TRAN,007932908
INTRDY_2026-09-28_0501,09-28-2026,09-27-2026,Operational Capacity,05:01,09:00,73334,"WATERFORD PLANT - WASHINGTON CO., OH",2,Delivery,Delivery Location,Delivery Point Quantity,MMBtu,N,Y,"158,762","158,762","130,000","28,762",TX EAST TRAN,007932908
INTRDY_2026-09-28_0501,09-28-2026,09-27-2026,Operational Capacity,05:01,09:00,73338,SantosUSA Corp,STX,Receipt,Receipt Location,Receipt Point Quantity,MMBtu,N,Y,"15,528","16,176",1,"16,175",TX EAST TRAN,007932908
INTRDY_2026-09-28_0501,09-28-2026,09-27-2026,Operational Capacity,05:01,09:00,73339,"Entergy Mississippi, LLC-Choctaw Co., MS",1,Delivery,Delivery Location,Delivery Point Quantity,MMBtu,N,Y,"159,000","159,000","134,774","24,226",TX EAST TRAN,007932908
INTRDY_2026-09-28_0501,09-28-2026,09-27-2026,Operational Capacity,05:01,09:00,73341,"CIMA Energy LTD - Gath. System / Dewitt Co., TX  (REC)",STX,Receipt,Receipt Location,Receipt Point Quantity,MMBtu,N,Y,"14,533","15,197",0,"15,197",TX EAST TRAN,007932908
INTRDY_2026-09-28_0501,09-28-2026,09-27-2026,Operational Capacity,05:01,09:00,73346,"Fayette Power, LLC  (Fayette Pow)",2,Delivery,Delivery Location,Delivery Point Quantity,MMBtu,N,Y,"125,000","125,000","114,560","10,440",TX EAST TRAN,007932908
INTRDY_2026-09-28_0501,09-28-2026,09-27-2026,Operational Capacity,05:01,09:00,73348,"TREMONT DELIVERY, ITAWAMBA CO., MS",1,Delivery,Delivery Location,Delivery Point Quantity,MMBtu,N,Y,"1,018","1,018",7,"1,011",TX EAST TRAN,007932908
INTRDY_2026-09-28_0501,09-28-2026,09-27-2026,Operational Capacity,05:01,09:00,73349,"Dynegy Hanging Rock II, LLC",2,Delivery,Delivery Location,Delivery Point Quantity,MMBtu,N,Y,"244,247","252,089","180,269","71,820",TX EAST TRAN,007932908
INTRDY_2026-09-28_0501,09-28-2026,09-27-2026,Operational Capacity,05:01,09:00,73350,CANTON MUNICIPAL UTILITIES,ELA,Delivery,Delivery Location,Delivery Point Quantity,MMBtu,N,Y,"32,567","32,567","1,145","31,422",TX EAST TRAN,007932908
INTRDY_2026-09-28_0501,09-28-2026,09-27-2026,Operational Capacity,05:01,09:00,73355,"GRAYSON HILL FARMS-METHANE POWER-SALINE CO., IL",1,Receipt,Receipt Location,Receipt Point Quantity,MMBtu,N,Y,"2,035","2,035","3,259",0,TX EAST TRAN,007932908
INTRDY_2026-09-28_0501,09-28-2026,09-27-2026,Operational Capacity,05:01,09:00,73379,"East Kentucky Power Co-op-Clark Co., KY",2,Delivery,Delivery Location,Delivery Point Quantity,MMBtu,N,Y,"439,650","439,650",0,"439,650",TX EAST TRAN,007932908
INTRDY_2026-09-28_0501,09-28-2026,09-27-2026,Operational Capacity,05:01,09:00,73388,"Montgomery Gas Transmission, Inc. - Montgomery Co., TX (DEL)",STX,Delivery,Delivery Location,Delivery Point Quantity,MMBtu,Y,Y,"8,147","8,867",499,"8,368",TX EAST TRAN,007932908
INTRDY_2026-09-28_0501,09-28-2026,09-27-2026,Operational Capacity,05:01,09:00,73391,"Arcadia Operating,LLC- Golden Miner #1 / San Jacinto Co., TX (REC)",STX,Receipt,Receipt Location,Receipt Point Quantity,MMBtu,N,Y,"5,089","5,089",37,"5,052",TX EAST TRAN,007932908
INTRDY_2026-09-28_0501,09-28-2026,09-27-2026,Operational Capacity,05:01,09:00,73399,"FFA Petroleum-Kramer Gathering, Jackson Co., TX",STX,Receipt,Receipt Location,Receipt Point Quantity,MMBtu,N,Y,"5,089","5,089",0,"5,089",TX EAST TRAN,007932908
INTRDY_2026-09-28_0501,09-28-2026,09-27-2026,Operational Capacity,05:01,09:00,73402,"Great Lakes(Voytek) Energy Interconnect-Fayette Co., PA",2,Receipt,Receipt Location,Receipt Point Quantity,MMBtu,N,Y,"5,089","5,089",0,"5,089",TX EAST TRAN,007932908
INTRDY_2026-09-28_0501,09-28-2026,09-27-2026,Operational Capacity,05:01,09:00,73407,"Chesapeake Operating Inc-Ankenmen Gathering, Brazoria Co., TX",STX,Receipt,Receipt Location,Receipt Point Quantity,MMBtu,N,Y,"25,443","25,443",1,"25,442",TX EAST TRAN,007932908
INTRDY_2026-09-28_0501,09-28-2026,09-27-2026,Operational Capacity,05:01,09:00,73409,"Fossil Resources - Brown #1H / Nacogdoches Co., TX",ETX,Receipt,Receipt Location,Receipt Point Quantity,MMBtu,N,Y,"8,075","8,614",1,"8,613",TX EAST TRAN,007932908
INTRDY_2026-09-28_0501,09-28-2026,09-27-2026,Operational Capacity,05:01,09:00,73410,"Centerpoint Energy-Gathering System, Shelby Co., TX (REC)",ETX,Receipt,Receipt Location,Receipt Point Quantity,MMBtu,N,Y,"33,609","34,354",0,"34,354",TX EAST TRAN,007932908
INTRDY_2026-09-28_0501,09-28-2026,09-27-2026,Operational Capacity,05:01,09:00,73411,"Discovery Gas Transmission, LaFourche Parish, LA",ELA,Delivery,Delivery Location,Delivery Point Quantity,MMBtu,N,Y,"2,657","152,657","4,671","147,986",TX EAST TRAN,007932908
INTRDY_2026-09-28_0501,09-28-2026,09-27-2026,Operational Capacity,05:01,09:00,73413,TENNESSEE GAS P/L - HANGING ROCK LATERAL,2,Receipt,Receipt Location,Receipt Point Quantity,MMBtu,N,Y,"254,427","254,427","125,949","128,478",TX EAST TRAN,007932908
INTRDY_2026-09-28_0501,09-28-2026,09-27-2026,Operational Capacity,05:01,09:00,73414,"Hesco - Denali Gathering / Hidalgo Co., TX (REC)",STX,Receipt,Receipt Location,Receipt Point Quantity,MMBtu,N,Y,"24,425","24,425",0,"24,425",TX EAST TRAN,007932908
INTRDY_2026-09-28_0501,09-28-2026,09-27-2026,Operational Capacity,05:01,09:00,73417,"Copano Processing - Houston Central / Colorado Co., TX (REC)",STX,Receipt,Receipt Location,Receipt Point Quantity,MMBtu,N,Y,"110,000","110,000","36,333","73,667",TX EAST TRAN,007932908
INTRDY_2026-09-28_0501,09-28-2026,09-27-2026,Operational Capacity,05:01,09:00,73423,Piedmont Natural Gas - Rutherford,1,Delivery,Delivery Location,Delivery Point Quantity,MMBtu,N,Y,"40,708","40,708",0,"40,708",TX EAST TRAN,007932908
INTRDY_2026-09-28_0501,09-28-2026,09-27-2026,Operational Capacity,05:01,09:00,73424,"Great Lakes Energy - Layman Gathering/Westmoreland, PA.",2,Receipt,Receipt Location,Receipt Point Quantity,MMBtu,N,Y,"5,089","5,089",950,"4,139",TX EAST TRAN,007932908
INTRDY_2026-09-28_0501,09-28-2026,09-27-2026,Operational Capacity,05:01,09:00,73432,Houston Pipeline Vidor,WLA,Receipt,Receipt Location,Receipt Point Quantity,MMBtu,N,Y,"310,401","310,401","103,119","207,282",TX EAST TRAN,007932908
INTRDY_2026-09-28_0501,09-28-2026,09-27-2026,Operational Capacity,05:01,09:00,73442,"DEFS, LP, Speaks Inlet-Provident City Plant/Lavaca Co., TX",STX,Receipt,Receipt Location,Receipt Point Quantity,MMBtu,N,Y,"39,412","39,412",0,"39,412",TX EAST TRAN,007932908
INTRDY_2026-09-28_0501,09-28-2026,09-27-2026,Operational Capacity,05:01,09:00,73449,"Atlas America-Fayette, CO., PA - (73449)",2,Receipt,Receipt Location,Receipt Point Quantity,MMBtu,N,Y,"15,164","15,164","2,450","12,714",TX EAST TRAN,007932908
INTRDY_2026-09-28_0501,09-28-2026,09-27-2026,Operational Capacity,05:01,09:00,73454,"Central Gulf-Carpenter #1/Bee Co., TX (REC)",STX,Receipt,Receipt Location,Receipt Point Quantity,MMBtu,N,Y,"1,018","1,018",0,"1,018",TX EAST TRAN,007932908
INTRDY_2026-09-28_0501,09-28-2026,09-27-2026,Operational Capacity,05:01,09:00,73455,"McBee Operating Company, LLC-Rippy #1 Nacog. Co., TX (REC)",ETX,Receipt,Receipt Location,Receipt Point Quantity,MMBtu,N,Y,"8,142","8,142",29,"8,113",TX EAST TRAN,007932908
INTRDY_2026-09-28_0501,09-28-2026,09-27-2026,Operational Capacity,05:01,09:00,73456,"XTO Energy - Anico #4 - Polk Co., TX (REC)",ETX,Receipt,Receipt Location,Receipt Point Quantity,MMBtu,N,Y,"8,538","8,695",130,"8,565",TX EAST TRAN,007932908
INTRDY_2026-09-28_0501,09-28-2026,09-27-2026,Operational Capacity,05:01,09:00,73461,"Universal Natural Gas/Interconnect - Montgomery Co., TX (DEL)",STX,Delivery,Delivery Location,Delivery Point Quantity,MMBtu,N,Y,"3,053","3,053",100,"2,953",TX EAST TRAN,007932908
INTRDY_2026-09-28_0501,09-28-2026,09-27-2026,Operational Capacity,05:01,09:00,73465,"Greylock Pipeline, LLC, Jefferson IC  PA",2,Receipt,Receipt Location,Receipt Point Quantity,MMBtu,N,Y,"20,354","20,354","5,000","15,354",TX EAST TRAN,007932908
INTRDY_2026-09-28_0501,09-28-2026,09-27-2026,Operational Capacity,05:01,09:00,73466,Alliance Petroleum Corp - Nicholson Field Interconnect - PA. - (73,2,Receipt,Receipt Location,Receipt Point Quantity,MMBtu,N,Y,"2,035","2,035",100,"1,935",TX EAST TRAN,007932908
INTRDY_2026-09-28_0501,09-28-2026,09-27-2026,Operational Capacity,05:01,09:00,73469,"Discovery-LaRose Station Interconnect, Lafourche Psh., LA",ELA,Delivery,Delivery Location,Delivery Point Quantity,MMBtu,N,Y,"335,844","335,844","4,671","331,173",TX EAST TRAN,007932908
INTRDY_2026-09-28_0501,09-28-2026,09-27-2026,Operational Capacity,05:01,09:00,73482,"MAGNUM LP - Chicolete Creek - Lavaca Co., TX (REC)",STX,Receipt,Receipt Location,Receipt Point Quantity,MMBtu,Y,Y,"1,018","1,018",81,937,TX EAST TRAN,007932908
INTRDY_2026-09-28_0501,09-28-2026,09-27-2026,Operational Capacity,05:01,09:00,73491,"Rovig Mineral-Lake Boeuf Field,LaFourche Parish, LA",ELA,Receipt,Receipt Location,Receipt Point Quantity,MMBtu,N,Y,"4,071","4,071",1,"4,070",TX EAST TRAN,007932908
INTRDY_2026-09-28_0501,09-28-2026,09-27-2026,Operational Capacity,05:01,09:00,73502,"Buffco Production, Inc - Oak Hill Cotton Valley",ETX,Receipt,Receipt Location,Receipt Point Quantity,MMBtu,N,Y,"10,177","10,177",20,"10,157",TX EAST TRAN,007932908
INTRDY_2026-09-28_0501,09-28-2026,09-27-2026,Operational Capacity,05:01,09:00,73504,"Walter Oil & Gas-Kasman Gathering -  Matagorda Co., TX",STX,Receipt,Receipt Location,Receipt Point Quantity,MMBtu,N,Y,"12,212","12,212",0,"12,212",TX EAST TRAN,007932908
INTRDY_2026-09-28_0501,09-28-2026,09-27-2026,Operational Capacity,05:01,09:00,73505,DESF-Angel City Gathering-Goliad Co. TX,STX,Receipt,Receipt Location,Receipt Point Quantity,MMBtu,N,Y,"40,708","40,708",0,"40,708",TX EAST TRAN,007932908
INTRDY_2026-09-28_0501,09-28-2026,09-27-2026,Operational Capacity,05:01,09:00,73507,"PECO- Skippack Delivery - Montgomery, PA.",3,Delivery,Delivery Location,Delivery Point Quantity,MMBtu,N,Y,"30,531","55,650",0,"55,650",TX EAST TRAN,007932908
INTRDY_2026-09-28_0501,09-28-2026,09-27-2026,Operational Capacity,05:01,09:00,73508,"Atmos Energy/Roxie-Fayette Delivery-Franklin Co., MS",ELA,Delivery,Delivery Location,Delivery Point Quantity,MMBtu,N,Y,"2,035","2,035",150,"1,885",TX EAST TRAN,007932908
INTRDY_2026-09-28_0501,09-28-2026,09-27-2026,Operational Capacity,05:01,09:00,73512,"CNX Gas Co. LLC - Green Hill Field - Greene C0., PA",2,Receipt,Receipt Location,Receipt Point Quantity,MMBtu,N,Y,"30,500","30,500",0,"30,500",TX EAST TRAN,007932908
INTRDY_2026-09-28_0501,09-28-2026,09-27-2026,Operational Capacity,05:01,09:00,73515,"Palmer Petroleum Inc.-Lumber Gathering - Angelina Co., TX",ETX,Receipt,Receipt Location,Receipt Point Quantity,MMBtu,N,Y,"5,089","5,089",1,"5,088",TX EAST TRAN,007932908
INTRDY_2026-09-28_0501,09-28-2026,09-27-2026,Operational Capacity,05:01,09:00,73539,"NET LP - Monument Pipeline - Harris County, TX",STX,Delivery,Delivery Location,Delivery Point Quantity,MMBtu,N,Y,"81,417","81,417","3,295","78,122",TX EAST TRAN,007932908
INTRDY_2026-09-28_0501,09-28-2026,09-27-2026,Operational Capacity,05:01,09:00,73542,"Blackhawk Energy, LLC -  Entriken Interconnect, PA",3,Receipt,Receipt Location,Receipt Point Quantity,MMBtu,N,Y,"8,421","8,656",229,"8,427",TX EAST TRAN,007932908
INTRDY_2026-09-28_0501,09-28-2026,09-27-2026,Operational Capacity,05:01,09:00,73543,Alliance Petroleum Corp - East Wheatfield Interconnect - Cambria C,3,Receipt,Receipt Location,Receipt Point Quantity,MMBtu,N,Y,"2,544","2,544",0,"2,544",TX EAST TRAN,007932908
INTRDY_2026-09-28_0501,09-28-2026,09-27-2026,Operational Capacity,05:01,09:00,73546,"Sheridan Holding Company III,LLC-Shelby Gathering-Shelby Co., TX",ETX,Receipt,Receipt Location,Receipt Point Quantity,MMBtu,N,Y,"30,531","30,531","1,700","28,831",TX EAST TRAN,007932908
INTRDY_2026-09-28_0501,09-28-2026,09-27-2026,Operational Capacity,05:01,09:00,73549,"Noble Energy-Oliver Creek-Shelby Co., TX",ETX,Receipt,Receipt Location,Receipt Point Quantity,MMBtu,N,Y,"14,248","14,248",1,"14,247",TX EAST TRAN,007932908
INTRDY_2026-09-28_0501,09-28-2026,09-27-2026,Operational Capacity,05:01,09:00,73556,"Golden Pass Pipeline - Calcasieu Parish,  LA",WLA,Receipt,Receipt Location,Receipt Point Quantity,MMBtu,N,Y,"610,625","610,625","105,389","505,236",TX EAST TRAN,007932908
INTRDY_2026-09-28_0501,09-28-2026,09-27-2026,Operational Capacity,05:01,09:00,73560,Gulf South Hinds/Raymond,ELA,Receipt,Receipt Location,Receipt Point Quantity,MMBtu,N,Y,"610,625","610,625",0,"610,625",TX EAST TRAN,007932908
INTRDY_2026-09-28_0501,09-28-2026,09-27-2026,Operational Capacity,05:01,09:00,73564,"Tanos Exploration II,LLC/Parmer Gathering",ETX,Receipt,Receipt Location,Receipt Point Quantity,MMBtu,N,Y,"3,053","3,053",0,"3,053",TX EAST TRAN,007932908
INTRDY_2026-09-28_0501,09-28-2026,09-27-2026,Operational Capacity,05:01,09:00,73568,Kinder Morgan LNG Receipt,WLA,Receipt,Receipt Location,Receipt Point Quantity,MMBtu,N,Y,"455,933","455,933",0,"455,933",TX EAST TRAN,007932908
INTRDY_2026-09-28_0501,09-28-2026,09-27-2026,Operational Capacity,05:01,09:00,73569,Midcontinent Express,ELA,Receipt,Receipt Location,Receipt Point Quantity,MMBtu,N,Y,"508,854","508,854",0,"508,854",TX EAST TRAN,007932908
INTRDY_2026-09-28_0501,09-28-2026,09-27-2026,Operational Capacity,05:01,09:00,73573,GIBRALTER ENERGY COMPANY/BLACK WARRIOR,1,Receipt,Receipt Location,Receipt Point Quantity,MMBtu,N,Y,"3,991","3,991",150,"3,841",TX EAST TRAN,007932908
INTRDY_2026-09-28_0501,09-28-2026,09-27-2026,Operational Capacity,05:01,09:00,73576,"Texas Gas- Kosciusko, MS",1,Receipt,Receipt Location,Receipt Point Quantity,MMBtu,N,Y,"1,221,250","1,221,250","251,201","970,049",TX EAST TRAN,007932908
INTRDY_2026-09-28_0501,09-28-2026,09-27-2026,Operational Capacity,05:01,09:00,73577,"Texas Gas/Fayetville, AR.",1,Receipt,Receipt Location,Receipt Point Quantity,MMBtu,N,Y,"236,108","236,108","56,622","179,486",TX EAST TRAN,007932908
INTRDY_2026-09-28_0501,09-28-2026,09-27-2026,Operational Capacity,05:01,09:00,73580,"REX Clarington, Monroe Co., OH",2,Receipt,Receipt Location,Receipt Point Quantity,MMBtu,N,Y,"997,354","997,354","1,611","995,743",TX EAST TRAN,007932908
INTRDY_2026-09-28_0501,09-28-2026,09-27-2026,Operational Capacity,05:01,09:00,73581,"REX Lebanon (REC), Warren Co., OH",2,Delivery,Receipt Location,Receipt Point Quantity,MMBtu,N,Y,"584,376","622,326","-15,782","622,326",TX EAST TRAN,007932908
INTRDY_2026-09-28_0501,09-28-2026,09-27-2026,Operational Capacity,05:01,09:00,73590,NRG - Cedar Bayou,STX,Delivery,Delivery Location,Delivery Point Quantity,MMBtu,N,Y,"366,375","366,375","170,265","196,110",TX EAST TRAN,007932908
INTRDY_2026-09-28_0501,09-28-2026,09-27-2026,Operational Capacity,05:01,09:00,73600,Fortune Resources LLC/TARANTULA GATHERING,ETX,Receipt,Receipt Location,Receipt Point Quantity,MMBtu,N,Y,"12,212","12,212",10,"12,202",TX EAST TRAN,007932908
INTRDY_2026-09-28_0501,09-28-2026,09-27-2026,Operational Capacity,05:01,09:00,73604,"United Texas Oil, LLC",STX,Receipt,Receipt Location,Receipt Point Quantity,MMBtu,Y,Y,"24,425","24,425","1,059","23,366",TX EAST TRAN,007932908
INTRDY_2026-09-28_0501,09-28-2026,09-27-2026,Operational Capacity,05:01,09:00,73608,TGG Pipeline - Central Delivery Point,ETX,Receipt,Receipt Location,Receipt Point Quantity,MMBtu,N,Y,"40,708","40,708",0,"40,708",TX EAST TRAN,007932908
INTRDY_2026-09-28_0501,09-28-2026,09-27-2026,Operational Capacity,05:01,09:00,73609,"Williams - LMM Davis (Valley View Rd Interconnect)  Greene Co., PA",2,Receipt,Receipt Location,Receipt Point Quantity,MMBtu,N,Y,"30,531","30,531","6,850","23,681",TX EAST TRAN,007932908
INTRDY_2026-09-28_0501,09-28-2026,09-27-2026,Operational Capacity,05:01,09:00,73610,"CNX Gas Co. LLC - McQuay, Locust Hill I, Greene Co., PA",2,Receipt,Receipt Location,Receipt Point Quantity,MMBtu,N,Y,"61,062","61,062","1,000","60,062",TX EAST TRAN,007932908
INTRDY_2026-09-28_0501,09-28-2026,09-27-2026,Operational Capacity,05:01,09:00,73612,"Buffco Prod./Jo Allison #1-Harrison Co., TX",ETX,Receipt,Receipt Location,Receipt Point Quantity,MMBtu,N,Y,"5,089","5,089",10,"5,079",TX EAST TRAN,007932908
INTRDY_2026-09-28_0501,09-28-2026,09-27-2026,Operational Capacity,05:01,09:00,73617,Kinder Morgan Tejas- Nueces Bay,STX,Delivery,Delivery Location,Delivery Point Quantity,MMBtu,N,Y,"122,125","122,125","40,000","82,125",TX EAST TRAN,007932908
INTRDY_2026-09-28_0501,09-28-2026,09-27-2026,Operational Capacity,05:01,09:00,73618,Kinder Morgan Tejas- Barney Davis,STX,Delivery,Delivery Location,Delivery Point Quantity,MMBtu,N,Y,"203,542","203,542",0,"203,542",TX EAST TRAN,007932908
INTRDY_2026-09-28_0501,09-28-2026,09-27-2026,Operational Capacity,05:01,09:00,73620,"Williams - LMM Clark Rd.,  PA.",2,Receipt,Receipt Location,Receipt Point Quantity,MMBtu,N,Y,"15,164","15,164","1,500","13,664",TX EAST TRAN,007932908
INTRDY_2026-09-28_0501,09-28-2026,09-27-2026,Operational Capacity,05:01,09:00,73621,"Williams Mid-Penn Midstream- Clyde- HORSE THIEF RD., Indiana  Co.,",3,Receipt,Receipt Location,Receipt Point Quantity,MMBtu,N,Y,"10,177","10,177",0,"10,177",TX EAST TRAN,007932908
INTRDY_2026-09-28_0501,09-28-2026,09-27-2026,Operational Capacity,05:01,09:00,73628,"Acadian/False River - Baton Rouge, LA",ELA,Delivery,Delivery Location,Delivery Point Quantity,MMBtu,N,Y,"60,921","61,358",0,"61,358",TX EAST TRAN,007932908
INTRDY_2026-09-28_0501,09-28-2026,09-27-2026,Operational Capacity,05:01,09:00,73639,Southwestern Energy/Jebel Gathering,ETX,Receipt,Receipt Location,Receipt Point Quantity,MMBtu,N,Y,"59,821","60,878","3,350","57,528",TX EAST TRAN,007932908
INTRDY_2026-09-28_0501,09-28-2026,09-27-2026,Operational Capacity,05:01,09:00,73640,XTO Energy/Barfield Ward Gathering,ETX,Receipt,Receipt Location,Receipt Point Quantity,MMBtu,N,Y,"14,428","14,428","3,800","10,628",TX EAST TRAN,007932908
INTRDY_2026-09-28_0501,09-28-2026,09-27-2026,Operational Capacity,05:01,09:00,73641,"Noble Energy-Harris Yates-Shelby Co., TX",ETX,Receipt,Receipt Location,Receipt Point Quantity,MMBtu,N,Y,"14,248","14,248",1,"14,247",TX EAST TRAN,007932908
INTRDY_2026-09-28_0501,09-28-2026,09-27-2026,Operational Capacity,05:01,09:00,73642,ENI MC 365 Buy Back Meter,ELA,Delivery,Delivery Location,Delivery Point Quantity,MMBtu,N,Y,"2,191","2,191",0,"2,191",TX EAST TRAN,007932908
INTRDY_2026-09-28_0501,09-28-2026,09-27-2026,Operational Capacity,05:01,09:00,73649,Access Midstream/Carzenava Gathering,ETX,Receipt,Receipt Location,Receipt Point Quantity,MMBtu,N,Y,"3,786","4,118",30,"4,088",TX EAST TRAN,007932908
INTRDY_2026-09-28_0501,09-28-2026,09-27-2026,Operational Capacity,05:01,09:00,73650,"XTO Energy - Mill Run / Stewarton Raod, Fayette, PA.",2,Receipt,Receipt Location,Receipt Point Quantity,MMBtu,N,Y,"3,190","3,325",0,"3,325",TX EAST TRAN,007932908
INTRDY_2026-09-28_0501,09-28-2026,09-27-2026,Operational Capacity,05:01,09:00,73652,"Sheridan Holding Company III,LLC-Warr Gathering",ETX,Receipt,Receipt Location,Receipt Point Quantity,MMBtu,N,Y,"14,248","14,248",50,"14,198",TX EAST TRAN,007932908
INTRDY_2026-09-28_0501,09-28-2026,09-27-2026,Operational Capacity,05:01,09:00,73653,TEPPCO/Beaumont Vapor Recovery,STX,Delivery,Delivery Location,Delivery Point Quantity,MMBtu,N,Y,733,733,0,733,TX EAST TRAN,007932908
INTRDY_2026-09-28_0501,09-28-2026,09-27-2026,Operational Capacity,05:01,09:00,73656,"Williams Ohio Valley Midstream LLC.-Gosney Hill Road, Marshall CO.",2,Receipt,Receipt Location,Receipt Point Quantity,MMBtu,N,Y,"628,944","628,944","557,563","71,381",TX EAST TRAN,007932908
INTRDY_2026-09-28_0501,09-28-2026,09-27-2026,Operational Capacity,05:01,09:00,73659,"Anadarko-Marsh Creek Trail - Centre, PA",3,Receipt,Receipt Location,Receipt Point Quantity,MMBtu,N,Y,"14,248","14,248","1,355","12,893",TX EAST TRAN,007932908
INTRDY_2026-09-28_0501,09-28-2026,09-27-2026,Operational Capacity,05:01,09:00,73667,"Hot Spring Power Plant, Hot Spring Co, AR",ETX,Delivery,Delivery Location,Delivery Point Quantity,MMBtu,N,Y,"113,983","113,983",0,"113,983",TX EAST TRAN,007932908
INTRDY_2026-09-28_0501,09-28-2026,09-27-2026,Operational Capacity,05:01,09:00,73670,"Sheridan Holding Company III,LLC/King Williams, Shelby Co., TX",ETX,Receipt,Receipt Location,Receipt Point Quantity,MMBtu,N,Y,"14,248","14,248",50,"14,198",TX EAST TRAN,007932908
INTRDY_2026-09-28_0501,09-28-2026,09-27-2026,Operational Capacity,05:01,09:00,73671,"CNX Gas Co. LLC - McQuay, Locust Hill ll, Greene Co., PA",2,Receipt,Receipt Location,Receipt Point Quantity,MMBtu,N,Y,"140,169","140,169",0,"140,169",TX EAST TRAN,007932908
INTRDY_2026-09-28_0501,09-28-2026,09-27-2026,Operational Capacity,05:01,09:00,73672,"Energy Transfer/Tiger Pipeline Bienville, LA",ETX,Receipt,Receipt Location,Receipt Point Quantity,MMBtu,N,Y,"142,479","155,806",0,"155,806",TX EAST TRAN,007932908
INTRDY_2026-09-28_0501,09-28-2026,09-27-2026,Operational Capacity,05:01,09:00,73673,"Williams/Shamrock N. Salem Rd, Fayette Co., PA.",2,Receipt,Receipt Location,Receipt Point Quantity,MMBtu,N,Y,"413,049","413,049","115,239","297,810",TX EAST TRAN,007932908
INTRDY_2026-09-28_0501,09-28-2026,09-27-2026,Operational Capacity,05:01,09:00,73677,"Eastern Shore Natural Gas Honeybrook - Lancaster County, PA",3,Delivery,Delivery Location,Delivery Point Quantity,MMBtu,N,Y,"208,500","208,500","50,719","157,781",TX EAST TRAN,007932908
INTRDY_2026-09-28_0501,09-28-2026,09-27-2026,Operational Capacity,05:01,09:00,73678,"Dominion Energy Transmission, Inc - Crooked Run, Westmoreland Co.,",3,Receipt,Receipt Location,Receipt Point Quantity,MMBtu,N,Y,"203,542","203,542","9,858","193,684",TX EAST TRAN,007932908
INTRDY_2026-09-28_0501,09-28-2026,09-27-2026,Operational Capacity,05:01,09:00,73679,XTO Energy. - Elsie Adams #2 - PA.,2,Receipt,Receipt Location,Receipt Point Quantity,MMBtu,N,Y,"20,354","20,354",0,"20,354",TX EAST TRAN,007932908
INTRDY_2026-09-28_0501,09-28-2026,09-27-2026,Operational Capacity,05:01,09:00,73684,ETX-Enbridge/Wells Landing - Polk,ETX,Delivery,Delivery Location,Delivery Point Quantity,MMBtu,N,Y,"152,656","152,656",0,"152,656",TX EAST TRAN,007932908
INTRDY_2026-09-28_0501,09-28-2026,09-27-2026,Operational Capacity,05:01,09:00,73686,ETX-Enbridge/Zider - Shelby,ETX,Receipt,Receipt Location,Receipt Point Quantity,MMBtu,N,Y,"152,656","152,656",0,"152,656",TX EAST TRAN,007932908
INTRDY_2026-09-28_0501,09-28-2026,09-27-2026,Operational Capacity,05:01,09:00,73694,Sweeny Plant-Conoco Pipeline,STX,Delivery,Delivery Location,Delivery Point Quantity,MMBtu,N,Y,"50,885","50,885",0,"50,885",TX EAST TRAN,007932908
INTRDY_2026-09-28_0501,09-28-2026,09-27-2026,Operational Capacity,05:01,09:00,73698,"Acadian Gas-Haynesville Extension P/L, Pt.Coupee Parish, LA",ELA,Receipt,Receipt Location,Receipt Point Quantity,MMBtu,N,Y,"508,854","508,854","1,165","507,689",TX EAST TRAN,007932908
INTRDY_2026-09-28_0501,09-28-2026,09-27-2026,Operational Capacity,05:01,09:00,73699,"Dominion Energy Transmission, Inc - Appalchian Gateway, Westmorela",2,Receipt,Receipt Location,Receipt Point Quantity,MMBtu,N,Y,"508,854","508,854","96,900","411,954",TX EAST TRAN,007932908
INTRDY_2026-09-28_0501,09-28-2026,09-27-2026,Operational Capacity,05:01,09:00,73703,"Williams-Transco, Lower Chanceford-York Co., PA.",3,Delivery,Delivery Location,Delivery Point Quantity,MMBtu,Y,Y,"864,034","864,034","55,115","808,919",TX EAST TRAN,007932908
INTRDY_2026-09-28_0501,09-28-2026,09-27-2026,Operational Capacity,05:01,09:00,73704,"Williams Cantaral - Rt 18, Greene Co., PA.",2,Receipt,Receipt Location,Receipt Point Quantity,MMBtu,N,Y,"229,649","229,649","45,800","183,849",TX EAST TRAN,007932908
INTRDY_2026-09-28_0501,09-28-2026,09-27-2026,Operational Capacity,05:01,09:00,73705,"EQT Morris II, Greene Co., PA.",2,Receipt,Receipt Location,Receipt Point Quantity,MMBtu,N,Y,"460,028","460,028","116,764","343,264",TX EAST TRAN,007932908
INTRDY_2026-09-28_0501,09-28-2026,09-27-2026,Operational Capacity,05:01,09:00,73706,"EQT- Braden Run, Greene Co., PA.",2,Receipt,Receipt Location,Receipt Point Quantity,MMBtu,N,Y,"575,141","609,441","113,554","495,887",TX EAST TRAN,007932908
INTRDY_2026-09-28_0501,09-28-2026,09-27-2026,Operational Capacity,05:01,09:00,73708,"Williams - LMM / Davis II, Greene Co., PA.",2,Receipt,Receipt Location,Receipt Point Quantity,MMBtu,N,Y,"152,656","152,656","5,000","147,656",TX EAST TRAN,007932908
INTRDY_2026-09-28_0501,09-28-2026,09-27-2026,Operational Capacity,05:01,09:00,73710,"Scorpion Oil & Gas, Lincoln Co., Ms",ELA,Receipt,Receipt Location,Receipt Point Quantity,MMBtu,N,Y,"5,089","5,089",160,"4,929",TX EAST TRAN,007932908
INTRDY_2026-09-28_0501,09-28-2026,09-27-2026,Operational Capacity,05:01,09:00,73711,"NTE Middletown Energy Center, Butler CO, OH",2,Delivery,Delivery Location,Delivery Point Quantity,MMBtu,N,Y,"87,726","87,726",0,"87,726",TX EAST TRAN,007932908
INTRDY_2026-09-28_0501,09-28-2026,09-27-2026,Operational Capacity,05:01,09:00,73712,"Energy Corporation of America-Ridge Rd., Greene Co., PA.",2,Receipt,Receipt Location,Receipt Point Quantity,MMBtu,N,Y,"1,062","61,062",0,"61,062",TX EAST TRAN,007932908
INTRDY_2026-09-28_0501,09-28-2026,09-27-2026,Operational Capacity,05:01,09:00,73713,"EQT - Jefferson, Greene Co., PA.",2,Receipt,Receipt Location,Receipt Point Quantity,MMBtu,N,Y,"966,823","966,823","344,207","622,616",TX EAST TRAN,007932908
INTRDY_2026-09-28_0501,09-28-2026,09-27-2026,Operational Capacity,05:01,09:00,73714,DTM Appalachia Gathering  High Noon,2,Receipt,Receipt Location,Receipt Point Quantity,MMBtu,Y,Y,"517,750","538,104","268,312","269,792",TX EAST TRAN,007932908
INTRDY_2026-09-28_0501,09-28-2026,09-27-2026,Operational Capacity,05:01,09:00,73715,"Lancaster Municipal Gas Company, Fairfield Co., OH",2,Receipt,Delivery Location,Delivery Point Quantity,MMBtu,N,Y,"6,106","6,106","-18,541","6,106",TX EAST TRAN,007932908
INTRDY_2026-09-28_0501,09-28-2026,09-27-2026,Operational Capacity,05:01,09:00,73716,"Caiman Energy - Kingwood Road, Somerset Co., PA.",2,Receipt,Receipt Location,Receipt Point Quantity,MMBtu,N,Y,"36,815","37,590",697,"36,893",TX EAST TRAN,007932908
INTRDY_2026-09-28_0501,09-28-2026,09-27-2026,Operational Capacity,05:01,09:00,73718,"Columbia-Marietta, Lancaster Co., PA",3,Delivery,Delivery Location,Delivery Point Quantity,MMBtu,N,Y,"400,000","400,000","4,200","395,800",TX EAST TRAN,007932908
INTRDY_2026-09-28_0501,09-28-2026,09-27-2026,Operational Capacity,05:01,09:00,73719,T2 Gas Utility LLC/Refugio Interconnect,STX,Receipt,Receipt Location,Receipt Point Quantity,MMBtu,N,Y,"203,542","203,542","156,517","47,025",TX EAST TRAN,007932908
INTRDY_2026-09-28_0501,09-28-2026,09-27-2026,Operational Capacity,05:01,09:00,73721,"PSEG-Bayonne, Hudson Co., NJ",3,Delivery,Delivery Location,Delivery Point Quantity,MMBtu,N,Y,"38,673","38,673",0,"38,673",TX EAST TRAN,007932908
INTRDY_2026-09-28_0501,09-28-2026,09-27-2026,Operational Capacity,05:01,09:00,73722,ConEd-Manhattan Delivery,3,Delivery,Delivery Location,Delivery Point Quantity,MMBtu,N,Y,"800,000","800,000","129,489","670,511",TX EAST TRAN,007932908
INTRDY_2026-09-28_0501,09-28-2026,09-27-2026,Operational Capacity,05:01,09:00,73723,"IMTT-Bayonne, Hudson Co, NJ",3,Delivery,Delivery Location,Delivery Point Quantity,MMBtu,N,Y,"10,000","10,000","1,700","8,300",TX EAST TRAN,007932908
INTRDY_2026-09-28_0501,09-28-2026,09-27-2026,Operational Capacity,05:01,09:00,73727,"Columbia Midstream Big Pine  Westmoreland Co.,  PA",3,Receipt,Receipt Location,Receipt Point Quantity,MMBtu,N,Y,"457,969","457,969","334,210","123,759",TX EAST TRAN,007932908
INTRDY_2026-09-28_0501,09-28-2026,09-27-2026,Operational Capacity,05:01,09:00,73728,"EQT Morris III, Greene Co., PA",2,Receipt,Receipt Location,Receipt Point Quantity,MMBtu,N,Y,"305,312","305,312",0,"305,312",TX EAST TRAN,007932908
INTRDY_2026-09-28_0501,09-28-2026,09-27-2026,Operational Capacity,05:01,09:00,73729,"Centerpoint Energy - Granite Mountain Quarry, Pulaski Co., AR",ETX,Delivery,Delivery Location,Delivery Point Quantity,MMBtu,N,Y,"5,089","5,089",0,"5,089",TX EAST TRAN,007932908
INTRDY_2026-09-28_0501,09-28-2026,09-27-2026,Operational Capacity,05:01,09:00,73730,TGP - Wheelersburg Interconnect,2,Delivery,Delivery Location,Delivery Point Quantity,MMBtu,N,Y,"203,542","203,542",0,"203,542",TX EAST TRAN,007932908
INTRDY_2026-09-28_0501,09-28-2026,09-27-2026,Operational Capacity,05:01,09:00,73731,"Caiman Energy-Ritchie Rd/Burkett Hollow, Blair Co., PA",3,Receipt,Receipt Location,Receipt Point Quantity,MMBtu,N,Y,"25,431","25,431",408,"25,023",TX EAST TRAN,007932908
INTRDY_2026-09-28_0501,09-28-2026,09-27-2026,Operational Capacity,05:01,09:00,73732,"Blue Racer Midstream-Berne, Monroe Co.,OH",2,Receipt,Receipt Location,Receipt Point Quantity,MMBtu,N,Y,"476,124","501,201","73,302","427,899",TX EAST TRAN,007932908
INTRDY_2026-09-28_0501,09-28-2026,09-27-2026,Operational Capacity,05:01,09:00,73733,"CNX - McQuay III - Cone Gathering, Greene Co., PA.",2,Receipt,Receipt Location,Receipt Point Quantity,MMBtu,N,Y,"458,854","637,087","299,691","337,396",TX EAST TRAN,007932908
INTRDY_2026-09-28_0501,09-28-2026,09-27-2026,Operational Capacity,05:01,09:00,73734,"Mark West - Majorsville, Marshall Co., WVA",2,Receipt,Receipt Location,Receipt Point Quantity,MMBtu,N,Y,"358,854","560,562","246,520","314,042",TX EAST TRAN,007932908
INTRDY_2026-09-28_0501,09-28-2026,09-27-2026,Operational Capacity,05:01,09:00,73735,Bonanza - Strike Force Midstream,2,Receipt,Receipt Location,Receipt Point Quantity,MMBtu,N,Y,"305,100","430,500","34,898","395,602",TX EAST TRAN,007932908
INTRDY_2026-09-28_0501,09-28-2026,09-27-2026,Operational Capacity,05:01,09:00,73736,"Williams OVM / Oak Grove, Clay WVA",2,Receipt,Receipt Location,Receipt Point Quantity,MMBtu,N,Y,"678,811","755,208","131,730","623,478",TX EAST TRAN,007932908
INTRDY_2026-09-28_0501,09-28-2026,09-27-2026,Operational Capacity,05:01,09:00,73808,"Dominion Energy Transmission, Inc - Crayne II, Rt 188 Greene Co.,",2,Receipt,Receipt Location,Receipt Point Quantity,MMBtu,N,Y,"508,854","508,854",7,"508,847",TX EAST TRAN,007932908
INTRDY_2026-09-28_0501,09-28-2026,09-27-2026,Operational Capacity,05:01,09:00,73809,"Monroe Pipeline, Reeds Road, Monroe Co, OH",2,Receipt,Receipt Location,Receipt Point Quantity,MMBtu,N,Y,"81,417","81,417","1,400","80,017",TX EAST TRAN,007932908
INTRDY_2026-09-28_0501,09-28-2026,09-27-2026,Operational Capacity,05:01,09:00,73810,"AMP Up Goliad, LLC/Goehring Gathering-FM 584-Goliad Co., TX",STX,Receipt,Receipt Location,Receipt Point Quantity,MMBtu,N,Y,509,509,0,509,TX EAST TRAN,007932908
INTRDY_2026-09-28_0501,09-28-2026,09-27-2026,Operational Capacity,05:01,09:00,73811,Enterprise Products/Wallace Junction,STX,Delivery,Delivery Location,Delivery Point Quantity,MMBtu,N,Y,"254,427","254,427",0,"254,427",TX EAST TRAN,007932908
INTRDY_2026-09-28_0501,09-28-2026,09-27-2026,Operational Capacity,05:01,09:00,73812,"Markwest Utica Seneca  Monroe Co., OH",2,Receipt,Receipt Location,Receipt Point Quantity,MMBtu,N,Y,"508,854","508,854","157,136","351,718",TX EAST TRAN,007932908
INTRDY_2026-09-28_0501,09-28-2026,09-27-2026,Operational Capacity,05:01,09:00,73814,"Graymont - Pleasant Gap / Weaver Hill Road, Centre Co., PA",3,Delivery,Delivery Location,Delivery Point Quantity,MMBtu,N,Y,"18,828","18,828","3,500","15,328",TX EAST TRAN,007932908
INTRDY_2026-09-28_0501,09-28-2026,09-27-2026,Operational Capacity,05:01,09:00,73816,"Regency-Big Run /Twp. Road 964, Monroe Co.OH",2,Receipt,Receipt Location,Receipt Point Quantity,MMBtu,N,Y,"746,998","746,998","30,999","715,999",TX EAST TRAN,007932908
INTRDY_2026-09-28_0501,09-28-2026,09-27-2026,Operational Capacity,05:01,09:00,73818,"Dewbre Petroleum/McGill Heirs #1-Santa Rose Ranch-Kenedy Co., TX",STX,Receipt,Receipt Location,Receipt Point Quantity,MMBtu,N,Y,"1,018","1,018",1,"1,017",TX EAST TRAN,007932908
INTRDY_2026-09-28_0501,09-28-2026,09-27-2026,Operational Capacity,05:01,09:00,73819,Tana Exploration Breton Sound Block 25,ELA,Receipt,Receipt Location,Receipt Point Quantity,MMBtu,Y,Y,"16,831","17,526","10,225","7,301",TX EAST TRAN,007932908
INTRDY_2026-09-28_0501,09-28-2026,09-27-2026,Operational Capacity,05:01,09:00,73820,Big Cajun II Power Plant-Woodmen Ln,ELA,Delivery,Delivery Location,Delivery Point Quantity,MMBtu,N,Y,"185,223","222,209",0,"222,209",TX EAST TRAN,007932908
INTRDY_2026-09-28_0501,09-28-2026,09-27-2026,Operational Capacity,05:01,09:00,73867,"EQM Gathering Opco-Alpha/Pettit Road, Greene Co. PA",2,Receipt,Receipt Location,Receipt Point Quantity,MMBtu,N,Y,"407,083","407,083","170,000","237,083",TX EAST TRAN,007932908
INTRDY_2026-09-28_0501,09-28-2026,09-27-2026,Operational Capacity,05:01,09:00,73868,"Rice Energy-Ohio/Boltz Ridge Road, Monroe Co., OH",2,Receipt,Receipt Location,Receipt Point Quantity,MMBtu,N,Y,"1,091,250","1,338,548","13,925","1,324,623",TX EAST TRAN,007932908
INTRDY_2026-09-28_0501,09-28-2026,09-27-2026,Operational Capacity,05:01,09:00,73869,"EQM Gathering Opco-Denex (Tombstone) Akron Road, Greene Co., PA",2,Receipt,Receipt Location,Receipt Point Quantity,MMBtu,N,Y,"1,221,250","1,221,250","375,519","845,731",TX EAST TRAN,007932908
INTRDY_2026-09-28_0501,09-28-2026,09-27-2026,Operational Capacity,05:01,09:00,73870,"Dominion East Ohio-Switzerland, Monroe Co., OH",2,Receipt,Receipt Location,Receipt Point Quantity,MMBtu,N,Y,"223,876","223,876",0,"223,876",TX EAST TRAN,007932908
INTRDY_2026-09-28_0501,09-28-2026,09-27-2026,Operational Capacity,05:01,09:00,73871,"Dominion Energy Transmission, Inc - TL 558/WV Rt. 2, MARSHALL CO.,",2,Delivery,Delivery Location,Delivery Point Quantity,MMBtu,N,Y,"8,142","8,142","2,000","6,142",TX EAST TRAN,007932908
INTRDY_2026-09-28_0501,09-28-2026,09-27-2026,Operational Capacity,05:01,09:00,73874,"Eureka Hunter/Krebs Ridge Road, Monroe Co., OH",2,Receipt,Receipt Location,Receipt Point Quantity,MMBtu,N,Y,"508,854","508,854",0,"508,854",TX EAST TRAN,007932908
INTRDY_2026-09-28_0501,09-28-2026,09-27-2026,Operational Capacity,05:01,09:00,73875,"MarkWest-Beallsville/Bolon Ridge Road, Monroe Co., OH",2,Receipt,Receipt Location,Receipt Point Quantity,MMBtu,N,Y,"407,083","407,083","88,967","318,116",TX EAST TRAN,007932908
INTRDY_2026-09-28_0501,09-28-2026,09-27-2026,Operational Capacity,05:01,09:00,73876,"Elliott Oil&Gas/Steindorf #1-FM 799-Bee Co.,TX",STX,Receipt,Receipt Location,Receipt Point Quantity,MMBtu,N,Y,"1,730","1,730",0,"1,730",TX EAST TRAN,007932908
INTRDY_2026-09-28_0501,09-28-2026,09-27-2026,Operational Capacity,05:01,09:00,73878,"Goliad Midstream Energy/City of Magnolia,TX-Enderli Street,Montgom",STX,Delivery,Delivery Location,Delivery Point Quantity,MMBtu,N,Y,"7,932","8,750",700,"8,050",TX EAST TRAN,007932908
INTRDY_2026-09-28_0501,09-28-2026,09-27-2026,Operational Capacity,05:01,09:00,73880,"Greylock Pipeline, LLC Ridge Road North, Greene Co., PA",2,Receipt,Receipt Location,Receipt Point Quantity,MMBtu,N,Y,"115,001","115,001",0,"115,001",TX EAST TRAN,007932908
INTRDY_2026-09-28_0501,09-28-2026,09-27-2026,Operational Capacity,05:01,09:00,73881,"Texas Gas - Lebanon Lateral, Warren  Co., OH",2,Delivery,Delivery Location,Delivery Point Quantity,MMBtu,N,Y,"279,870","285,821","16,898","268,923",TX EAST TRAN,007932908
INTRDY_2026-09-28_0501,09-28-2026,09-27-2026,Operational Capacity,05:01,09:00,73882,Sempra/Cameron -Gulf Market,WLA,Delivery,Delivery Location,Delivery Point Quantity,MMBtu,N,Y,"508,854","508,854","225,405","283,449",TX EAST TRAN,007932908
INTRDY_2026-09-28_0501,09-28-2026,09-27-2026,Operational Capacity,05:01,09:00,73883,"Centerpoint Energy/IP Orange Mill-Owens Illinois Rd-Orange Co.,TX",WLA,Delivery,Delivery Location,Delivery Point Quantity,MMBtu,N,Y,"24,425","37,865",0,"37,865",TX EAST TRAN,007932908
INTRDY_2026-09-28_0501,09-28-2026,09-27-2026,Operational Capacity,05:01,09:00,73887,"Alegacy/CNG Industrial Campus-Bus US 290-Waller Co.,TX",STX,Delivery,Delivery Location,Delivery Point Quantity,MMBtu,Y,Y,"1,018","1,018",20,998,TX EAST TRAN,007932908
INTRDY_2026-09-28_0501,09-28-2026,09-27-2026,Operational Capacity,05:01,09:00,73892,Hilcorp Energy St. Charles Refuge Gathering-Backgate Road-Refugio,STX,Receipt,Receipt Location,Receipt Point Quantity,MMBtu,N,Y,"61,062","61,062",0,"61,062",TX EAST TRAN,007932908
INTRDY_2026-09-28_0501,09-28-2026,09-27-2026,Operational Capacity,05:01,09:00,73893,"Talen - Brunner Island/Jerusalem School Rd, York Co., PA",3,Delivery,Delivery Location,Delivery Point Quantity,MMBtu,N,Y,"366,375","542,836","235,000","307,836",TX EAST TRAN,007932908
INTRDY_2026-09-28_0501,09-28-2026,09-27-2026,Operational Capacity,05:01,09:00,73894,"Dominion Energy Transmission, Inc - Taylors Ridge Road",2,Delivery,Delivery Location,Delivery Point Quantity,MMBtu,N,Y,"6,106","6,106","2,000","4,106",TX EAST TRAN,007932908
INTRDY_2026-09-28_0501,09-28-2026,09-27-2026,Operational Capacity,05:01,09:00,73895,"Dominion Energy Transmission, Inc - Arman Hill (Mullet) / Twp. Roa",2,Receipt,Receipt Location,Receipt Point Quantity,MMBtu,N,Y,"280,000","280,000","38,100","241,900",TX EAST TRAN,007932908
INTRDY_2026-09-28_0501,09-28-2026,09-27-2026,Operational Capacity,05:01,09:00,73896,"Eastman Chemical/TXO-Callahan Rd., Harrison Co., TX",ETX,Delivery,Delivery Location,Delivery Point Quantity,MMBtu,Y,Y,"101,771","101,771","31,000","70,771",TX EAST TRAN,007932908
INTRDY_2026-09-28_0501,09-28-2026,09-27-2026,Operational Capacity,05:01,09:00,73899,Bayonne Energy Center-NJ Route 440,3,Delivery,Delivery Location,Delivery Point Quantity,MMBtu,N,Y,"165,000","192,345",0,"192,345",TX EAST TRAN,007932908
INTRDY_2026-09-28_0501,09-28-2026,09-27-2026,Operational Capacity,05:01,09:00,73900,"Town of Centreville, Wilkinson Co., MS",ELA,Delivery,Delivery Location,Delivery Point Quantity,MMBtu,N,Y,"1,934","1,934",10,"1,924",TX EAST TRAN,007932908
INTRDY_2026-09-28_0501,09-28-2026,09-27-2026,Operational Capacity,05:01,09:00,73901,"Gas Utilities District #1 Angola Del., State Hwy 10, W.Feliciana P",ELA,Delivery,Delivery Location,Delivery Point Quantity,MMBtu,N,Y,"8,142","8,142",663,"7,479",TX EAST TRAN,007932908
INTRDY_2026-09-28_0501,09-28-2026,09-27-2026,Operational Capacity,05:01,09:00,73902,Gas Utilities District #1 Spillman Delivery State Hwy 421;W.Felici,ELA,Delivery,Delivery Location,Delivery Point Quantity,MMBtu,N,Y,"4,020","4,020",0,"4,020",TX EAST TRAN,007932908
INTRDY_2026-09-28_0501,09-28-2026,09-27-2026,Operational Capacity,05:01,09:00,73904,Southern Natural Gas Kosciusko Reversal,1,Delivery,Delivery Location,Delivery Point Quantity,MMBtu,Y,Y,"211,691","211,691","60,310","151,381",TX EAST TRAN,007932908
INTRDY_2026-09-28_0501,09-28-2026,09-27-2026,Operational Capacity,05:01,09:00,73907,"EQT- Braden Run II, Greene Co., PA.",2,Receipt,Receipt Location,Receipt Point Quantity,MMBtu,N,Y,"508,854","508,854","349,025","159,829",TX EAST TRAN,007932908
INTRDY_2026-09-28_0501,09-28-2026,09-27-2026,Operational Capacity,05:01,09:00,73909,Linden Cogen Bayway,3,Delivery,Delivery Location,Delivery Point Quantity,MMBtu,N,Y,"234,000","234,000","68,000","166,000",TX EAST TRAN,007932908
INTRDY_2026-09-28_0501,09-28-2026,09-27-2026,Operational Capacity,05:01,09:00,73910,Phillips 66 Bayway,3,Delivery,Delivery Location,Delivery Point Quantity,MMBtu,N,Y,"66,000","75,000","60,400","14,600",TX EAST TRAN,007932908
INTRDY_2026-09-28_0501,09-28-2026,09-27-2026,Operational Capacity,05:01,09:00,73911,"CPV-Fairview, Jackson Township, PA",3,Delivery,Delivery Location,Delivery Point Quantity,MMBtu,N,Y,"183,187","183,187","80,000","103,187",TX EAST TRAN,007932908
INTRDY_2026-09-28_0501,09-28-2026,09-27-2026,Operational Capacity,05:01,09:00,73912,"BIG Angleton Delivery, Brazoria Co., TX",STX,Delivery,Delivery Location,Delivery Point Quantity,MMBtu,Y,Y,"526,949","620,000","219,811","400,189",TX EAST TRAN,007932908
INTRDY_2026-09-28_0501,09-28-2026,09-27-2026,Operational Capacity,05:01,09:00,73913,"Tenaska Pennsylvania Partners, LLC - Westmoreland Co., PA",2,Delivery,Delivery Location,Delivery Point Quantity,MMBtu,N,Y,"163,850","163,850",0,"163,850",TX EAST TRAN,007932908
INTRDY_2026-09-28_0501,09-28-2026,09-27-2026,Operational Capacity,05:01,09:00,73914,"DTM Rockland, Forgedale Rd, Berks Co, PA (Birdsboro)",3,Delivery,Delivery Location,Delivery Point Quantity,MMBtu,N,Y,"81,417","81,417","52,000","29,417",TX EAST TRAN,007932908
INTRDY_2026-09-28_0501,09-28-2026,09-27-2026,Operational Capacity,05:01,09:00,73915,"EQM Gathering Opco, McClellan Ave., Greene Co., PA",2,Receipt,Receipt Location,Receipt Point Quantity,MMBtu,N,Y,"485,625","619,066","269,816","349,250",TX EAST TRAN,007932908
INTRDY_2026-09-28_0501,09-28-2026,09-27-2026,Operational Capacity,05:01,09:00,73918,Columbia Gas Johnson RD York Co. PA,3,Delivery,Delivery Location,Delivery Point Quantity,MMBtu,N,Y,"9,770","9,770",0,"9,770",TX EAST TRAN,007932908
INTRDY_2026-09-28_0501,09-28-2026,09-27-2026,Operational Capacity,05:01,09:00,73919,"EQT Redband, Strope Rd, Greene Co., PA",2,Receipt,Receipt Location,Receipt Point Quantity,MMBtu,N,Y,"305,312","305,312",0,"305,312",TX EAST TRAN,007932908
INTRDY_2026-09-28_0501,09-28-2026,09-27-2026,Operational Capacity,05:01,09:00,73920,Transco Williams-Cajun Rd (St.James) Pointe Coupee LA,ELA,Delivery,Delivery Location,Delivery Point Quantity,MMBtu,N,Y,"508,854","508,854","134,882","373,972",TX EAST TRAN,007932908
INTRDY_2026-09-28_0501,09-28-2026,09-27-2026,Operational Capacity,05:01,09:00,73921,Midcoast Vidor Interconnect Mansfield Ferry Road Orange Co TX,STX,Receipt,Receipt Location,Receipt Point Quantity,MMBtu,N,Y,"254,427","254,427","62,116","192,311",TX EAST TRAN,007932908
INTRDY_2026-09-28_0501,09-28-2026,09-27-2026,Operational Capacity,05:01,09:00,73923,Entergy Services/Hinds 2 Delivery-Beasley Rd,ELA,Delivery,Delivery Location,Delivery Point Quantity,MMBtu,N,Y,"10,177","10,177",0,"10,177",TX EAST TRAN,007932908
INTRDY_2026-09-28_0501,09-28-2026,09-27-2026,Operational Capacity,05:01,09:00,73924,"XCL Midstream Blue Ridge, Marshall County WV",2,Receipt,Receipt Location,Receipt Point Quantity,MMBtu,N,Y,"508,500","508,500","119,689","388,811",TX EAST TRAN,007932908
INTRDY_2026-09-28_0501,09-28-2026,09-27-2026,Operational Capacity,05:01,09:00,73925,"CNX Rich Hill, Green Co. PA",2,Receipt,Receipt Location,Receipt Point Quantity,MMBtu,N,Y,"510,625","510,625","132,100","378,525",TX EAST TRAN,007932908
INTRDY_2026-09-28_0501,09-28-2026,09-27-2026,Operational Capacity,05:01,09:00,73927,"Kudo Midstream-Martinsville Gathering-CR 342-Nacogdoches Co., Tx",ETX,Receipt,Receipt Location,Receipt Point Quantity,MMBtu,N,Y,"152,656","152,656",0,"152,656",TX EAST TRAN,007932908
INTRDY_2026-09-28_0501,09-28-2026,09-27-2026,Operational Capacity,05:01,09:00,73928,"Adelphia Gateway - Delivery -Bucks County, PA",3,Delivery,Delivery Location,Delivery Point Quantity,MMBtu,N,Y,"661,510","686,953","6,500","680,453",TX EAST TRAN,007932908
INTRDY_2026-09-28_0501,09-28-2026,09-27-2026,Operational Capacity,05:01,09:00,73930,"Planet Operationg/Savoy 1 Hwy 758-St.Landry Parish, LA",WLA,Receipt,Receipt Location,Receipt Point Quantity,MMBtu,N,Y,"2,035","2,035",1,"2,034",TX EAST TRAN,007932908
INTRDY_2026-09-28_0501,09-28-2026,09-27-2026,Operational Capacity,05:01,09:00,73932,"Delta Natural Gas, Maple Grove Tap, Madison County, KY",2,Delivery,Delivery Location,Delivery Point Quantity,MMBtu,N,Y,"20,354","20,354",300,"20,054",TX EAST TRAN,007932908
INTRDY_2026-09-28_0501,09-28-2026,09-27-2026,Operational Capacity,05:01,09:00,73933,"Black Bear Transmission AlaTenn Delivery, Colbert County, AL",1,Delivery,Delivery Location,Delivery Point Quantity,MMBtu,N,Y,"305,312","305,312",0,"305,312",TX EAST TRAN,007932908
INTRDY_2026-09-28_0501,09-28-2026,09-27-2026,Operational Capacity,05:01,09:00,73970,"Farmersville Interconnect,  Montgomery Co., OH",2,Delivery,Delivery Location,Delivery Point Quantity,MMBtu,N,Y,"158,000","158,000",0,"158,000",TX EAST TRAN,007932908
INTRDY_2026-09-28_0501,09-28-2026,09-27-2026,Operational Capacity,05:01,09:00,73971,Transco Woodbridge Lateral (Pierson),3,Delivery,Delivery Location,Delivery Point Quantity,MMBtu,N,Y,"259,617","259,617",0,"259,617",TX EAST TRAN,007932908
INTRDY_2026-09-28_0501,09-28-2026,09-27-2026,Operational Capacity,05:01,09:00,73972,Transco Mainline near Woodbridge (Greenway Sands),3,Delivery,Delivery Location,Delivery Point Quantity,MMBtu,N,Y,"259,617","259,617","30,000","229,617",TX EAST TRAN,007932908
INTRDY_2026-09-28_0501,09-28-2026,09-27-2026,Operational Capacity,05:01,09:00,73975,"Atmos Energy/Madison - Endris Road, Madison Co., MS",ELA,Delivery,Delivery Location,Delivery Point Quantity,MMBtu,N,Y,"7,633","7,633",0,"7,633",TX EAST TRAN,007932908
INTRDY_2026-09-28_0501,09-28-2026,09-27-2026,Operational Capacity,05:01,09:00,73976,"Matterhorn Express Pipeline - Hillboldt Road  Austin Co, TX",STX,Receipt,Receipt Location,Receipt Point Quantity,MMBtu,N,Y,"240,000","240,000","214,021","25,979",TX EAST TRAN,007932908
INTRDY_2026-09-28_0501,09-28-2026,09-27-2026,Operational Capacity,05:01,09:00,73977,Vectren Energy (CenterPoint) Lewisburg Delivery - Shields Road - P,2,Delivery,Delivery Location,Delivery Point Quantity,MMBtu,N,Y,"12,212","12,212",5,"12,207",TX EAST TRAN,007932908
INTRDY_2026-09-28_0501,09-28-2026,09-27-2026,Operational Capacity,05:01,09:00,73978,"Lightning Renewables Lemons East Landfill RNG, CR 702, Stoddard Co",1,Receipt,Receipt Location,Receipt Point Quantity,MMBtu,N,Y,"2,035","2,035",650,"1,385",TX EAST TRAN,007932908
INTRDY_2026-09-28_0501,09-28-2026,09-27-2026,Operational Capacity,05:01,09:00,73979,New Generation Gas Gathering (Momentum - NG3) - Al Cormier Road -,WLA,Receipt,Receipt Location,Receipt Point Quantity,MMBtu,N,Y,"763,281","763,281","380,591","382,690",TX EAST TRAN,007932908
INTRDY_2026-09-28_0501,09-28-2026,09-27-2026,Operational Capacity,05:01,09:00,73980,Louisiana Energy Gateway (LEG) - Coonie Jackson Road - Beauregard,WLA,Receipt,Receipt Location,Receipt Point Quantity,MMBtu,N,Y,"569,916","569,916","440,929","128,987",TX EAST TRAN,007932908
INTRDY_2026-09-28_0501,09-28-2026,09-27-2026,Operational Capacity,05:01,09:00,74040,"East Ohio Gas - Clarington, OH",2,Delivery,Delivery Location,Delivery Point Quantity,MMBtu,N,Y,"277,877","277,877","69,377","208,500",TX EAST TRAN,007932908
INTRDY_2026-09-28_0501,09-28-2026,09-27-2026,Operational Capacity,05:01,09:00,74058,"National Grid Metro NY, Goethals Rd., Staten Island, Richmond Co.,",3,Delivery,Delivery Location,Delivery Point Quantity,MMBtu,N,Y,"660,131","660,131","5,965","654,166",TX EAST TRAN,007932908
INTRDY_2026-09-28_0501,09-28-2026,09-27-2026,Operational Capacity,05:01,09:00,74059,BUG CO NAT- Brooklyn Union Gas Company (National Grid NY),3,Delivery,Delivery Location,Delivery Point Quantity,MMBtu,N,Y,"183,860","183,860",28,"183,832",TX EAST TRAN,007932908
INTRDY_2026-09-28_0501,09-28-2026,09-27-2026,Operational Capacity,05:01,09:00,74112,"Nat Gasoline Methanol Plant-Amaco Road-Jefferson Co., TX",STX,Delivery,Delivery Location,Delivery Point Quantity,MMBtu,N,Y,"167,922","167,922","59,938","107,984",TX EAST TRAN,007932908
INTRDY_2026-09-28_0501,09-28-2026,09-27-2026,Operational Capacity,05:01,09:00,74128,"MR 128 UPGRADE (PUBLIC SERVICE - LINDEN, NJ) DEL",3,Delivery,Delivery Location,Delivery Point Quantity,MMBtu,N,Y,"574,801","574,801",0,"574,801",TX EAST TRAN,007932908
INTRDY_2026-09-28_0501,09-28-2026,09-27-2026,Operational Capacity,05:01,09:00,74187,"DEFS - Guadalupe Delivery - Lavaca Co., TX",STX,Delivery,Delivery Location,Delivery Point Quantity,MMBtu,Y,Y,"366,393","366,393",599,"365,794",TX EAST TRAN,007932908
INTRDY_2026-09-28_0501,09-28-2026,09-27-2026,Operational Capacity,05:01,09:00,74200,"Momentum Kensington / Highway 644, Columbiana Co., OH",2,Receipt,Receipt Location,Receipt Point Quantity,MMBtu,N,Y,"661,700","661,700",0,"661,700",TX EAST TRAN,007932908
INTRDY_2026-09-28_0501,09-28-2026,09-27-2026,Operational Capacity,05:01,09:00,74201,"Access Midstream Clarks Mill Road-Jefferson Co., OH",2,Receipt,Receipt Location,Receipt Point Quantity,MMBtu,N,Y,"457,969","457,969","36,364","421,605",TX EAST TRAN,007932908
INTRDY_2026-09-28_0501,09-28-2026,09-27-2026,Operational Capacity,05:01,09:00,74202,"Access Midstream Highway 219 - Jefferson Co., OH",2,Receipt,Receipt Location,Receipt Point Quantity,MMBtu,Y,Y,"462,854","462,854","226,770","236,084",TX EAST TRAN,007932908
INTRDY_2026-09-28_0501,09-28-2026,09-27-2026,Operational Capacity,05:01,09:00,74203,"Dominion Energy Transmission, Inc - Clarks Mill Road, Jefferson Co",2,Delivery,Delivery Location,Delivery Point Quantity,MMBtu,N,Y,"100,000","146,788",0,"146,788",TX EAST TRAN,007932908
INTRDY_2026-09-28_0501,09-28-2026,09-27-2026,Operational Capacity,05:01,09:00,74215,"Texas Gas Transmission LLC - Lebanon, OH",2,Delivery,Delivery Location,Delivery Point Quantity,MMBtu,N,Y,"250,000","250,000","204,917","45,083",TX EAST TRAN,007932908
INTRDY_2026-09-28_0501,09-28-2026,09-27-2026,Operational Capacity,05:01,09:00,74217,"Gulf South-Kosciusko, Attala Co., MS (Bi-Dir Rec 70217)",1,Delivery,Delivery Location,Delivery Point Quantity,MMBtu,N,Y,"356,198","356,198",0,"356,198",TX EAST TRAN,007932908
INTRDY_2026-09-28_0501,09-28-2026,09-27-2026,Operational Capacity,05:01,09:00,74218,"Gulf South Pipeline - Snake Creek Road - Hinds Co., MS",ELA,Delivery,Delivery Location,Delivery Point Quantity,MMBtu,N,Y,"35,620","35,620",0,"35,620",TX EAST TRAN,007932908
INTRDY_2026-09-28_0501,09-28-2026,09-27-2026,Operational Capacity,05:01,09:00,74219,Acadian Gas Pipeline System,WLA,Receipt,Receipt Location,Receipt Point Quantity,MMBtu,N,Y,"508,854","508,854","247,241","261,613",TX EAST TRAN,007932908
INTRDY_2026-09-28_0501,09-28-2026,09-27-2026,Operational Capacity,05:01,09:00,74526,Permian Highway Pipeline/Sheridan Interconnect - CR 255-Colorado C,STX,Receipt,Receipt Location,Receipt Point Quantity,MMBtu,N,Y,"101,771","101,771","45,850","55,921",TX EAST TRAN,007932908
INTRDY_2026-09-28_0501,09-28-2026,09-27-2026,Operational Capacity,05:01,09:00,74528,DTM Leap Cameron Extension Al Cormier Road Beauregard Parish LA,WLA,Receipt,Receipt Location,Receipt Point Quantity,MMBtu,N,Y,"798,900","798,900","228,167","570,733",TX EAST TRAN,007932908
INTRDY_2026-09-28_0501,09-28-2026,09-27-2026,Operational Capacity,05:01,09:00,74529,"TransCameron Extension Oak Grove-Cameron Parish, LA",WLA,Delivery,Delivery Location,Delivery Point Quantity,MMBtu,N,Y,"839,609","839,609","310,625","528,984",TX EAST TRAN,007932908
INTRDY_2026-09-28_0501,09-28-2026,09-27-2026,Operational Capacity,05:01,09:00,74530,Gator Express-Plaquemines,ELA,Delivery,Delivery Location,Delivery Point Quantity,MMBtu,N,Y,"1,542,666","1,542,666","1,468,619","74,047",TX EAST TRAN,007932908
INTRDY_2026-09-28_0501,09-28-2026,09-27-2026,Operational Capacity,05:01,09:00,74536,AH Medora LFG Del.,2,Delivery,Delivery Location,Delivery Point Quantity,MMBtu,N,Y,509,509,0,509,TX EAST TRAN,007932908
INTRDY_2026-09-28_0501,09-28-2026,09-27-2026,Operational Capacity,05:01,09:00,74537,AH Medora Landfill RNG Rec.,2,Receipt,Receipt Location,Receipt Point Quantity,MMBtu,N,Y,"2,304","2,304",500,"1,804",TX EAST TRAN,007932908
INTRDY_2026-09-28_0501,09-28-2026,09-27-2026,Operational Capacity,05:01,09:00,74568,Kinder Morgan LNG Del (73568 Receipt),WLA,Delivery,Delivery Location,Delivery Point Quantity,MMBtu,N,Y,"501,730","501,730","65,673","436,057",TX EAST TRAN,007932908
INTRDY_2026-09-28_0501,09-28-2026,09-27-2026,Operational Capacity,05:01,09:00,74902,"CMS - Gas City - Grant Co., IN",2,Receipt,Receipt Location,Receipt Point Quantity,MMBtu,N,Y,"610,625","610,625",0,"610,625",TX EAST TRAN,007932908
INTRDY_2026-09-28_0501,09-28-2026,09-27-2026,Operational Capacity,05:01,09:00,74903,"PEPL-Gas City Delivery/Route 26, Grant co., IN",2,Delivery,Delivery Location,Delivery Point Quantity,MMBtu,N,Y,"432,526","432,526","339,901","92,625",TX EAST TRAN,007932908
INTRDY_2026-09-28_0501,09-28-2026,09-27-2026,Operational Capacity,05:01,09:00,75009,"EQUITRANS - CRAYNE, PA (D70009/R76009)",2,Receipt,Receipt Location,Receipt Point Quantity,MMBtu,N,Y,"195,230","198,239","21,486","176,753",TX EAST TRAN,007932908
INTRDY_2026-09-28_0501,09-28-2026,09-27-2026,Operational Capacity,05:01,09:00,75009,"EQUITRANS - CRAYNE, PA (D70009/R76009)",2,Delivery,Delivery Location,Delivery Point Quantity,MMBtu,N,Y,"195,146","198,146","66,497","131,649",TX EAST TRAN,007932908
INTRDY_2026-09-28_0501,09-28-2026,09-27-2026,Operational Capacity,05:01,09:00,75037,"EASTERN GAS - WAYNESBURG, PA(D 70037/R 76037)",2,Delivery,Delivery Location,Delivery Point Quantity,MMBtu,N,Y,"144,101","144,101",0,"144,101",TX EAST TRAN,007932908
INTRDY_2026-09-28_0501,09-28-2026,09-27-2026,Operational Capacity,05:01,09:00,75037,"EASTERN GAS - WAYNESBURG, PA(D 70037/R 76037)",2,Receipt,Receipt Location,Receipt Point Quantity,MMBtu,N,Y,"164,306","165,709",0,"165,709",TX EAST TRAN,007932908
INTRDY_2026-09-28_0501,09-28-2026,09-27-2026,Operational Capacity,05:01,09:00,75043,"ANR - ST. LANDRY PA., LA - (D72043/R76043)",WLA,Receipt,Receipt Location,Receipt Point Quantity,MMBtu,N,Y,"191,773","191,773",0,"191,773",TX EAST TRAN,007932908
INTRDY_2026-09-28_0501,09-28-2026,09-27-2026,Operational Capacity,05:01,09:00,75051,EASTERN GAS -FRANKLIN (D73051/R76051),3,Receipt,Receipt Location,Receipt Point Quantity,MMBtu,N,Y,"671,687","671,687",0,"671,687",TX EAST TRAN,007932908
INTRDY_2026-09-28_0501,09-28-2026,09-27-2026,Operational Capacity,05:01,09:00,75051,EASTERN GAS -FRANKLIN (D73051/R76051),3,Delivery,Delivery Location,Delivery Point Quantity,MMBtu,N,Y,"38,541","692,041","420,805","271,236",TX EAST TRAN,007932908
INTRDY_2026-09-28_0501,09-28-2026,09-27-2026,Operational Capacity,05:01,09:00,75055,COLUMBIA GAS - DELMONT (BIDIR 73655/70055),2,Receipt,Receipt Location,Receipt Point Quantity,MMBtu,N,Y,"70,000","70,000",0,"70,000",TX EAST TRAN,007932908
INTRDY_2026-09-28_0501,09-28-2026,09-27-2026,Operational Capacity,05:01,09:00,75055,COLUMBIA GAS - DELMONT (BIDIR 73655/70055),2,Delivery,Delivery Location,Delivery Point Quantity,MMBtu,N,Y,"70,000","70,000","10,300","59,700",TX EAST TRAN,007932908
INTRDY_2026-09-28_0501,09-28-2026,09-27-2026,Operational Capacity,05:01,09:00,75061,EASTERN GAS - FRANKLIN REC76061/DEL73061,3,Delivery,Delivery Location,Delivery Point Quantity,MMBtu,N,Y,"151,802","374,802",0,"374,802",TX EAST TRAN,007932908
INTRDY_2026-09-28_0501,09-28-2026,09-27-2026,Operational Capacity,05:01,09:00,75061,EASTERN GAS - FRANKLIN REC76061/DEL73061,3,Receipt,Receipt Location,Receipt Point Quantity,MMBtu,N,Y,"381,641","381,641",0,"381,641",TX EAST TRAN,007932908
INTRDY_2026-09-28_0501,09-28-2026,09-27-2026,Operational Capacity,05:01,09:00,75078,"GULF SOUTH - CASTOR, LA-(D70078/R76078)",ETX,Delivery,Delivery Location,Delivery Point Quantity,MMBtu,N,Y,"155,000","155,000",502,"154,498",TX EAST TRAN,007932908
INTRDY_2026-09-28_0501,09-28-2026,09-27-2026,Operational Capacity,05:01,09:00,75082,"EASTERN GAS - OAKFORD, PA-(D70082/R76082)",2,Storage Injection,Injection Point,Storage injection quantity,MMBtu,N,Y,"1,428,292","1,428,292","186,661","1,241,631",TX EAST TRAN,007932908
INTRDY_2026-09-28_0501,09-28-2026,09-27-2026,Operational Capacity,05:01,09:00,75082,"EASTERN GAS - OAKFORD, PA-(D70082/R76082)",2,Storage Withdrawal,Withdrawal Point,Storage withdrawal quantity,MMBtu,Y,Y,"1,408,792","1,428,292",0,"1,428,292",TX EAST TRAN,007932908
INTRDY_2026-09-28_0501,09-28-2026,09-27-2026,Operational Capacity,05:01,09:00,75111,EQM GATHERING - BONNETHEAD (BI-DI D 74110/R 74111),2,Receipt,Receipt Location,Receipt Point Quantity,MMBtu,N,Y,"915,937","915,937","405,874","510,063",TX EAST TRAN,007932908
INTRDY_2026-09-28_0501,09-28-2026,09-27-2026,Operational Capacity,05:01,09:00,75131,"TETCO - ACCIDENT FIELD, M.M., MD",2,Storage Withdrawal,Withdrawal Point,Storage withdrawal quantity,MMBtu,N,Y,"580,822","580,822",0,"580,822",TX EAST TRAN,007932908
INTRDY_2026-09-28_0501,09-28-2026,09-27-2026,Operational Capacity,05:01,09:00,75131,"TETCO - ACCIDENT FIELD, M.M., MD",2,Storage Injection,Injection Point,Storage injection quantity,MMBtu,N,Y,"580,822","580,822","66,024","514,798",TX EAST TRAN,007932908
INTRDY_2026-09-28_0501,09-28-2026,09-27-2026,Operational Capacity,05:01,09:00,75188,EASTERN GAS - LEIDY STORAGE #2-(D73188/R76188),3,Storage Injection,Injection Point,Storage injection quantity,MMBtu,N,Y,"434,209","434,209",0,"434,209",TX EAST TRAN,007932908
INTRDY_2026-09-28_0501,09-28-2026,09-27-2026,Operational Capacity,05:01,09:00,75188,EASTERN GAS - LEIDY STORAGE #2-(D73188/R76188),3,Storage Withdrawal,Withdrawal Point,Storage withdrawal quantity,MMBtu,N,Y,"434,209","434,209",0,"434,209",TX EAST TRAN,007932908
INTRDY_2026-09-28_0501,09-28-2026,09-27-2026,Operational Capacity,05:01,09:00,75258,MAGIC VALLEY PL-CALPINE-POWER PROJECT(D73258/R73259),STX,Delivery,Delivery Location,Delivery Point Quantity,MMBtu,N,Y,"132,302","132,302",0,"132,302",TX EAST TRAN,007932908
INTRDY_2026-09-28_0501,09-28-2026,09-27-2026,Operational Capacity,05:01,09:00,75258,MAGIC VALLEY PL-CALPINE-POWER PROJECT(D73258/R73259),STX,Receipt,Receipt Location,Receipt Point Quantity,MMBtu,N,Y,"132,302","132,302",0,"132,302",TX EAST TRAN,007932908
INTRDY_2026-09-28_0501,09-28-2026,09-27-2026,Operational Capacity,05:01,09:00,75275,"CARNEGIE NATURAL GAS - WAYNESBURG, PA-(D71275/R76275)",2,Delivery,Delivery Location,Delivery Point Quantity,MMBtu,N,Y,"57,607","57,607",0,"57,607",TX EAST TRAN,007932908
INTRDY_2026-09-28_0501,09-28-2026,09-27-2026,Operational Capacity,05:01,09:00,75275,"CARNEGIE NATURAL GAS - WAYNESBURG, PA-(D71275/R76275)",2,Receipt,Receipt Location,Receipt Point Quantity,MMBtu,N,Y,"57,607","57,607",0,"57,607",TX EAST TRAN,007932908
INTRDY_2026-09-28_0501,09-28-2026,09-27-2026,Operational Capacity,05:01,09:00,75301,CALPINE BAYER PWR. PLANT-(D73301/R76301),STX,Receipt,Receipt Location,Receipt Point Quantity,MMBtu,N,Y,"203,542","203,542",0,"203,542",TX EAST TRAN,007932908
INTRDY_2026-09-28_0501,09-28-2026,09-27-2026,Operational Capacity,05:01,09:00,75301,CALPINE BAYER PWR. PLANT-(D73301/R76301),STX,Delivery,Delivery Location,Delivery Point Quantity,MMBtu,N,Y,"203,542","203,542",0,"203,542",TX EAST TRAN,007932908
INTRDY_2026-09-28_0501,09-28-2026,09-27-2026,Operational Capacity,05:01,09:00,75332,EGAN GAS STORAGE (73331 INJ/73332 WD),WLA,Delivery,Delivery Location,Delivery Point Quantity,MMBtu,Y,Y,"755,800","755,800","635,431","120,369",TX EAST TRAN,007932908
INTRDY_2026-09-28_0501,09-28-2026,09-27-2026,Operational Capacity,05:01,09:00,75332,EGAN GAS STORAGE (73331 INJ/73332 WD),WLA,Receipt,Receipt Location,Receipt Point Quantity,MMBtu,Y,Y,"755,800","755,800","564,034","191,766",TX EAST TRAN,007932908
INTRDY_2026-09-28_0501,09-28-2026,09-27-2026,Operational Capacity,05:01,09:00,75333,"PEMEX - REYNOSA, MX (D 70333/R 76333)",STX,Delivery,Delivery Location,Delivery Point Quantity,MMBtu,N,Y,"443,872","443,872",0,"443,872",TX EAST TRAN,007932908
INTRDY_2026-09-28_0501,09-28-2026,09-27-2026,Operational Capacity,05:01,09:00,75333,"PEMEX - REYNOSA, MX (D 70333/R 76333)",STX,Receipt,Receipt Location,Receipt Point Quantity,MMBtu,N,Y,"443,872","443,872",0,"443,872",TX EAST TRAN,007932908
INTRDY_2026-09-28_0501,09-28-2026,09-27-2026,Operational Capacity,05:01,09:00,75475,"ETC - DESOTO PIPELINE, LP - (D70475/R76475)",STX,Delivery,Delivery Location,Delivery Point Quantity,MMBtu,N,Y,"16,365","16,924",0,"16,924",TX EAST TRAN,007932908
INTRDY_2026-09-28_0501,09-28-2026,09-27-2026,Operational Capacity,05:01,09:00,75506,COLUMBIA GULF-TETCO INTERCONNECT-ADAIR CO. KY (D73806/R73506),2,Receipt,Receipt Location,Receipt Point Quantity,MMBtu,N,Y,"203,542","203,542","25,000","178,542",TX EAST TRAN,007932908
INTRDY_2026-09-28_0501,09-28-2026,09-27-2026,Operational Capacity,05:01,09:00,75506,COLUMBIA GULF-TETCO INTERCONNECT-ADAIR CO. KY (D73806/R73506),2,Delivery,Delivery Location,Delivery Point Quantity,MMBtu,N,Y,"203,542","203,542","200,000","3,542",TX EAST TRAN,007932908
INTRDY_2026-09-28_0501,09-28-2026,09-27-2026,Operational Capacity,05:01,09:00,75524,"PINE PRAIRIE STORAGE-INJ/WD -EVANGELINE,LA (D73524/R73525)",WLA,Delivery,Delivery Location,Delivery Point Quantity,MMBtu,N,Y,"610,625","735,678","15,293","720,385",TX EAST TRAN,007932908
INTRDY_2026-09-28_0501,09-28-2026,09-27-2026,Operational Capacity,05:01,09:00,75524,"PINE PRAIRIE STORAGE-INJ/WD -EVANGELINE,LA (D73524/R73525)",WLA,Receipt,Receipt Location,Receipt Point Quantity,MMBtu,N,Y,"610,625","738,827","115,069","623,758",TX EAST TRAN,007932908
INTRDY_2026-09-28_0501,09-28-2026,09-27-2026,Operational Capacity,05:01,09:00,75533,"CAMERON INTERSTATE P/L LLC- BEAUREGARD PSH., LA- (73533/73534)",WLA,Delivery,Delivery Location,Delivery Point Quantity,MMBtu,N,Y,"508,854","508,854","10,998","497,856",TX EAST TRAN,007932908
INTRDY_2026-09-28_0501,09-28-2026,09-27-2026,Operational Capacity,05:01,09:00,75533,"CAMERON INTERSTATE P/L LLC- BEAUREGARD PSH., LA- (73533/73534)",WLA,Receipt,Receipt Location,Receipt Point Quantity,MMBtu,N,Y,"508,854","508,854","16,361","492,493",TX EAST TRAN,007932908
INTRDY_2026-09-28_0501,09-28-2026,09-27-2026,Operational Capacity,05:01,09:00,75553,BOBCAT STORAGE - (D73553/R73554),ELA,Delivery,Delivery Location,Delivery Point Quantity,MMBtu,Y,Y,"562,955","610,270","415,584","194,686",TX EAST TRAN,007932908
INTRDY_2026-09-28_0501,09-28-2026,09-27-2026,Operational Capacity,05:01,09:00,75553,BOBCAT STORAGE - (D73553/R73554),ELA,Receipt,Receipt Location,Receipt Point Quantity,MMBtu,Y,Y,"572,276","625,586","89,863","535,723",TX EAST TRAN,007932908
INTRDY_2026-09-28_0501,09-28-2026,09-27-2026,Operational Capacity,05:01,09:00,75558,TRES PALACIOS GAS STORGE - 73558D(INJ)/73559R(WTD),STX,Delivery,Delivery Location,Delivery Point Quantity,MMBtu,N,Y,"305,312","305,312","57,606","247,706",TX EAST TRAN,007932908
INTRDY_2026-09-28_0501,09-28-2026,09-27-2026,Operational Capacity,05:01,09:00,75558,TRES PALACIOS GAS STORGE - 73558D(INJ)/73559R(WTD),STX,Receipt,Receipt Location,Receipt Point Quantity,MMBtu,N,Y,"305,312","305,312","146,516","158,796",TX EAST TRAN,007932908
INTRDY_2026-09-28_0501,09-28-2026,09-27-2026,Operational Capacity,05:01,09:00,75577,"COLUMBIA GAS - PENNSBURG, PA (D70577/R76577)",3,Delivery,Delivery Location,Delivery Point Quantity,MMBtu,N,Y,"199,776","204,571","25,000","179,571",TX EAST TRAN,007932908
INTRDY_2026-09-28_0501,09-28-2026,09-27-2026,Operational Capacity,05:01,09:00,75577,"COLUMBIA GAS - PENNSBURG, PA (D70577/R76577)",3,Receipt,Receipt Location,Receipt Point Quantity,MMBtu,N,Y,"199,776","204,571",0,"204,571",TX EAST TRAN,007932908
INTRDY_2026-09-28_0501,09-28-2026,09-27-2026,Operational Capacity,05:01,09:00,75578,MONROE GAS STORAGE - (D73578/R73579),1,Delivery,Delivery Location,Delivery Point Quantity,MMBtu,N,Y,"508,854","508,854","395,180","113,674",TX EAST TRAN,007932908
INTRDY_2026-09-28_0501,09-28-2026,09-27-2026,Operational Capacity,05:01,09:00,75578,MONROE GAS STORAGE - (D73578/R73579),1,Receipt,Receipt Location,Receipt Point Quantity,MMBtu,N,Y,"508,854","508,854",0,"508,854",TX EAST TRAN,007932908
INTRDY_2026-09-28_0501,09-28-2026,09-27-2026,Operational Capacity,05:01,09:00,75583,SESH (D73584/R73583),ELA,Delivery,Delivery Location,Delivery Point Quantity,MMBtu,N,Y,"508,854","508,854","117,759","391,095",TX EAST TRAN,007932908
INTRDY_2026-09-28_0501,09-28-2026,09-27-2026,Operational Capacity,05:01,09:00,75583,SESH (D73584/R73583),ELA,Receipt,Receipt Location,Receipt Point Quantity,MMBtu,N,Y,"508,854","508,854","24,638","484,216",TX EAST TRAN,007932908
INTRDY_2026-09-28_0501,09-28-2026,09-27-2026,Operational Capacity,05:01,09:00,75605,STECKMAN RIDGE (73605D INJ/73606R WTD),3,Delivery,Delivery Location,Delivery Point Quantity,MMBtu,Y,Y,"300,000","300,000","149,407","150,593",TX EAST TRAN,007932908
INTRDY_2026-09-28_0501,09-28-2026,09-27-2026,Operational Capacity,05:01,09:00,75605,STECKMAN RIDGE (73605D INJ/73606R WTD),3,Receipt,Receipt Location,Receipt Point Quantity,MMBtu,N,Y,"300,000","300,000","81,972","218,028",TX EAST TRAN,007932908
INTRDY_2026-09-28_0501,09-28-2026,09-27-2026,Operational Capacity,05:01,09:00,75614,BOARDWALK STORAGE COMPANY LLC STORAGE -INJ/WD,ELA,Delivery,Delivery Location,Delivery Point Quantity,MMBtu,N,Y,"203,542","203,542","1,162","202,380",TX EAST TRAN,007932908
INTRDY_2026-09-28_0501,09-28-2026,09-27-2026,Operational Capacity,05:01,09:00,75614,BOARDWALK STORAGE COMPANY LLC STORAGE -INJ/WD,ELA,Receipt,Receipt Location,Receipt Point Quantity,MMBtu,N,Y,"203,542","203,542","49,465","154,077",TX EAST TRAN,007932908
INTRDY_2026-09-28_0501,09-28-2026,09-27-2026,Operational Capacity,05:01,09:00,75628,BRIDGELINE - TALLYHO (D72628/R76628),ELA,Delivery,Delivery Location,Delivery Point Quantity,MMBtu,N,Y,"195,925","195,925","8,896","187,029",TX EAST TRAN,007932908
INTRDY_2026-09-28_0501,09-28-2026,09-27-2026,Operational Capacity,05:01,09:00,75628,BRIDGELINE - TALLYHO (D72628/R76628),ELA,Receipt,Receipt Location,Receipt Point Quantity,MMBtu,N,Y,"195,925","195,925",0,"195,925",TX EAST TRAN,007932908
INTRDY_2026-09-28_0501,09-28-2026,09-27-2026,Operational Capacity,05:01,09:00,75660,"UGI APPALACHIA -DRY RIDGE-GREENE CO.,PA(D)73660/(R)73661",2,Delivery,Delivery Location,Delivery Point Quantity,MMBtu,N,Y,"101,771","101,771",0,"101,771",TX EAST TRAN,007932908
INTRDY_2026-09-28_0501,09-28-2026,09-27-2026,Operational Capacity,05:01,09:00,75660,"UGI APPALACHIA -DRY RIDGE-GREENE CO.,PA(D)73660/(R)73661",2,Receipt,Receipt Location,Receipt Point Quantity,MMBtu,N,Y,"220,000","220,000","157,791","62,209",TX EAST TRAN,007932908
INTRDY_2026-09-28_0501,09-28-2026,09-27-2026,Operational Capacity,05:01,09:00,75661,"EGYPTIAN GAS - WHITE CO., IL-(D72661/R",1,Delivery,Delivery Location,Delivery Point Quantity,MMBtu,N,Y,"10,177","10,177",0,"10,177",TX EAST TRAN,007932908
INTRDY_2026-09-28_0501,09-28-2026,09-27-2026,Operational Capacity,05:01,09:00,75661,"EGYPTIAN GAS - WHITE CO., IL-(D72661/R",1,Receipt,Receipt Location,Receipt Point Quantity,MMBtu,N,Y,"10,177","10,177",0,"10,177",TX EAST TRAN,007932908
INTRDY_2026-09-28_0501,09-28-2026,09-27-2026,Operational Capacity,05:01,09:00,75662,GOLDEN TRIANGLE STORAGE D73662/R73663,WLA,Delivery,Delivery Location,Delivery Point Quantity,MMBtu,Y,Y,"254,427","254,427","49,559","204,868",TX EAST TRAN,007932908
INTRDY_2026-09-28_0501,09-28-2026,09-27-2026,Operational Capacity,05:01,09:00,75662,GOLDEN TRIANGLE STORAGE D73662/R73663,WLA,Receipt,Receipt Location,Receipt Point Quantity,MMBtu,N,Y,"350,912","350,912","49,559","301,353",TX EAST TRAN,007932908
INTRDY_2026-09-28_0501,09-28-2026,09-27-2026,Operational Capacity,05:01,09:00,75688,REGENCY GAS - BIENVILLE PA. LA-(D72688/R76688),ETX,Delivery,Delivery Location,Delivery Point Quantity,MMBtu,N,Y,"198,895","198,895",0,"198,895",TX EAST TRAN,007932908
INTRDY_2026-09-28_0501,09-28-2026,09-27-2026,Operational Capacity,05:01,09:00,75688,REGENCY GAS - BIENVILLE PA. LA-(D72688/R76688),ETX,Receipt,Receipt Location,Receipt Point Quantity,MMBtu,N,Y,"198,895","198,895",0,"198,895",TX EAST TRAN,007932908
INTRDY_2026-09-28_0501,09-28-2026,09-27-2026,Operational Capacity,05:01,09:00,75709,UGI - LNG TEMPLE (BI-DIR 73709/76709),3,Receipt,Receipt Location,Receipt Point Quantity,MMBtu,N,Y,"126,000","126,000",0,"126,000",TX EAST TRAN,007932908
INTRDY_2026-09-28_0501,09-28-2026,09-27-2026,Operational Capacity,05:01,09:00,75709,UGI - LNG TEMPLE (BI-DIR 73709/76709),3,Delivery,Delivery Location,Delivery Point Quantity,MMBtu,N,Y,"96,682","96,682",0,"96,682",TX EAST TRAN,007932908
INTRDY_2026-09-28_0501,09-28-2026,09-27-2026,Operational Capacity,05:01,09:00,75720,"NATIONAL FUEL-HOLBROOK GREENE CO., PA (D73720/R76720)",2,Delivery,Delivery Location,Delivery Point Quantity,MMBtu,N,Y,"508,854","508,854",0,"508,854",TX EAST TRAN,007932908
INTRDY_2026-09-28_0501,09-28-2026,09-27-2026,Operational Capacity,05:01,09:00,75720,"NATIONAL FUEL-HOLBROOK GREENE CO., PA (D73720/R76720)",2,Receipt,Receipt Location,Receipt Point Quantity,MMBtu,N,Y,"508,854","508,854",0,"508,854",TX EAST TRAN,007932908
INTRDY_2026-09-28_0501,09-28-2026,09-27-2026,Operational Capacity,05:01,09:00,75773,MOSS BLUFF GAS STRG-CHAMBERS CO. TX-(D7277,STX,Receipt,Receipt Location,Receipt Point Quantity,MMBtu,N,Y,"624,730","684,266","18,200","666,066",TX EAST TRAN,007932908
INTRDY_2026-09-28_0501,09-28-2026,09-27-2026,Operational Capacity,05:01,09:00,75773,MOSS BLUFF GAS STRG-CHAMBERS CO. TX-(D7277,STX,Delivery,Delivery Location,Delivery Point Quantity,MMBtu,N,Y,"624,730","684,266","77,328","606,938",TX EAST TRAN,007932908
INTRDY_2026-09-28_0501,09-28-2026,09-27-2026,Operational Capacity,05:01,09:00,75821,"EASTERN GAS - N. SUMMIT STORAGE - FAYETTE CO., PA (D72821/R72822)",2,Storage Injection,Injection Point,Storage injection quantity,MMBtu,N,Y,"601,958","601,958","13,930","588,028",TX EAST TRAN,007932908
INTRDY_2026-09-28_0501,09-28-2026,09-27-2026,Operational Capacity,05:01,09:00,75821,"EASTERN GAS - N. SUMMIT STORAGE - FAYETTE CO., PA (D72821/R72822)",2,Storage Withdrawal,Withdrawal Point,Storage withdrawal quantity,MMBtu,N,Y,"601,958","601,958","13,930","588,028",TX EAST TRAN,007932908
INTRDY_2026-09-28_0501,09-28-2026,09-27-2026,Operational Capacity,05:01,09:00,75866,"CHENIERE LNG, BEAUREGARD PA,LA (D-73866/R-73566)",WLA,Receipt,Receipt Location,Receipt Point Quantity,MMBtu,N,Y,"559,739","559,739",0,"559,739",TX EAST TRAN,007932908
INTRDY_2026-09-28_0501,09-28-2026,09-27-2026,Operational Capacity,05:01,09:00,75866,"CHENIERE LNG, BEAUREGARD PA,LA (D-73866/R-73566)",WLA,Delivery,Delivery Location,Delivery Point Quantity,MMBtu,N,Y,"712,396","712,396","25,000","687,396",TX EAST TRAN,007932908
INTRDY_2026-09-28_0501,09-28-2026,09-27-2026,Operational Capacity,05:01,09:00,75868,EASTERN GAS - CRAYNE REC- (REC72868/DEL76868),2,Receipt,Receipt Location,Receipt Point Quantity,MMBtu,N,Y,"433,702","862,202","413,534","448,668",TX EAST TRAN,007932908
INTRDY_2026-09-28_0501,09-28-2026,09-27-2026,Operational Capacity,05:01,09:00,75868,EASTERN GAS - CRAYNE REC- (REC72868/DEL76868),2,Delivery,Delivery Location,Delivery Point Quantity,MMBtu,N,Y,"862,202","862,202","127,461","734,741",TX EAST TRAN,007932908
INTRDY_2026-09-28_0501,09-28-2026,09-27-2026,Operational Capacity,05:01,09:00,75872,"CENTANA INTRA P/L, STORAGE - JEFFERSON, CO. (72872",STX,Delivery,Delivery Location,Delivery Point Quantity,MMBtu,N,Y,"203,542","203,542",0,"203,542",TX EAST TRAN,007932908
INTRDY_2026-09-28_0501,09-28-2026,09-27-2026,Operational Capacity,05:01,09:00,75872,"CENTANA INTRA P/L, STORAGE - JEFFERSON, CO. (72872",STX,Receipt,Receipt Location,Receipt Point Quantity,MMBtu,N,Y,"203,542","203,542",0,"203,542",TX EAST TRAN,007932908
INTRDY_2026-09-28_0501,09-28-2026,09-27-2026,Operational Capacity,05:01,09:00,75884,"EQT QVC STEIGER RIDGE ROAD, MONROE CO, OH (D73884/R73885)",2,Delivery,Delivery Location,Delivery Point Quantity,MMBtu,N,Y,"508,854","508,854","32,588","476,266",TX EAST TRAN,007932908
INTRDY_2026-09-28_0501,09-28-2026,09-27-2026,Operational Capacity,05:01,09:00,75884,"EQT QVC STEIGER RIDGE ROAD, MONROE CO, OH (D73884/R73885)",2,Receipt,Receipt Location,Receipt Point Quantity,MMBtu,N,Y,"508,854","508,854",0,"508,854",TX EAST TRAN,007932908
INTRDY_2026-09-28_0501,09-28-2026,09-27-2026,Operational Capacity,05:01,09:00,75891,GULF SOUTH/COASTAL BEND DELIVERY CR 206 (D-73891/R76891),STX,Receipt,Receipt Location,Receipt Point Quantity,MMBtu,N,Y,"508,854","508,854",0,"508,854",TX EAST TRAN,007932908
INTRDY_2026-09-28_0501,09-28-2026,09-27-2026,Operational Capacity,05:01,09:00,75891,GULF SOUTH/COASTAL BEND DELIVERY CR 206 (D-73891/R76891),STX,Delivery,Delivery Location,Delivery Point Quantity,MMBtu,N,Y,"508,854","508,854",0,"508,854",TX EAST TRAN,007932908
INTRDY_2026-09-28_0501,09-28-2026,09-27-2026,Operational Capacity,05:01,09:00,75897,"PEOPLES GAS - BEAVER RUN ROAD, DELMONT, PA (R 76897/D 73897)",2,Receipt,Receipt Location,Receipt Point Quantity,MMBtu,N,Y,"71,240","71,240",0,"71,240",TX EAST TRAN,007932908
INTRDY_2026-09-28_0501,09-28-2026,09-27-2026,Operational Capacity,05:01,09:00,75897,"PEOPLES GAS - BEAVER RUN ROAD, DELMONT, PA (R 76897/D 73897)",2,Delivery,Delivery Location,Delivery Point Quantity,MMBtu,N,Y,"71,240","71,240",0,"71,240",TX EAST TRAN,007932908
INTRDY_2026-09-28_0501,09-28-2026,09-27-2026,Operational Capacity,05:01,09:00,75917,TETLP/POMELO INTERCONNECT WITH VCP (DEL 73916/REC 73917),STX,Delivery,Delivery Location,Delivery Point Quantity,MMBtu,N,Y,"407,083","407,083",0,"407,083",TX EAST TRAN,007932908
INTRDY_2026-09-28_0501,09-28-2026,09-27-2026,Operational Capacity,05:01,09:00,75917,TETLP/POMELO INTERCONNECT WITH VCP (DEL 73916/REC 73917),STX,Receipt,Receipt Location,Receipt Point Quantity,MMBtu,Y,Y,"407,083","407,083","5,059","402,024",TX EAST TRAN,007932908
INTRDY_2026-09-28_0501,09-28-2026,09-27-2026,Operational Capacity,05:01,09:00,75919,"TRANSCO - BELLE MEADE, NJ (D70919/R76919)",3,Receipt,Receipt Location,Receipt Point Quantity,MMBtu,N,Y,"68,590","72,003",0,"72,003",TX EAST TRAN,007932908
INTRDY_2026-09-28_0501,09-28-2026,09-27-2026,Operational Capacity,05:01,09:00,75919,"TRANSCO - BELLE MEADE, NJ (D70919/R76919)",3,Delivery,Delivery Location,Delivery Point Quantity,MMBtu,N,Y,"74,422","85,487","17,475","68,012",TX EAST TRAN,007932908
INTRDY_2026-09-28_0501,09-28-2026,09-27-2026,Operational Capacity,05:01,09:00,75931,EASTERN GAS - LEIDY STORAGE (D70931/R76931),3,Storage Injection,Injection Point,Storage injection quantity,MMBtu,N,Y,"884,388","884,388",0,"884,388",TX EAST TRAN,007932908
INTRDY_2026-09-28_0501,09-28-2026,09-27-2026,Operational Capacity,05:01,09:00,75931,EASTERN GAS - LEIDY STORAGE (D70931/R76931),3,Storage Withdrawal,Withdrawal Point,Storage withdrawal quantity,MMBtu,N,Y,"884,388","884,388","45,540","838,848",TX EAST TRAN,007932908
INTRDY_2026-09-28_0501,09-28-2026,09-27-2026,Operational Capacity,05:01,09:00,75973,"LLOX/MUD LAKE, JEFFERSON PARISH, LA (D 73974/R73973)",ELA,Delivery,Delivery Location,Delivery Point Quantity,MMBtu,N,Y,"12,212","12,212",0,"12,212",TX EAST TRAN,007932908
INTRDY_2026-09-28_0501,09-28-2026,09-27-2026,Operational Capacity,05:01,09:00,75977,"NATIONAL FUEL - CLINTON,PA (72977-D,72978-R)",3,Storage Injection,Injection Point,Storage injection quantity,MMBtu,N,Y,"45,797","45,797",0,"45,797",TX EAST TRAN,007932908
INTRDY_2026-09-28_0501,09-28-2026,09-27-2026,Operational Capacity,05:01,09:00,75977,"NATIONAL FUEL - CLINTON,PA (72977-D,72978-R)",3,Storage Withdrawal,Withdrawal Point,Storage withdrawal quantity,MMBtu,N,Y,"45,797","45,797",0,"45,797",TX EAST TRAN,007932908
INTRDY_2026-09-28_0501,09-28-2026,09-27-2026,Operational Capacity,05:01,09:00,76025,"Atmos Energy, TN (B/D 73025)",1,Receipt,Receipt Location,Receipt Point Quantity,MMBtu,N,Y,"133,913","164,892",0,"164,892",TX EAST TRAN,007932908
INTRDY_2026-09-28_0501,09-28-2026,09-27-2026,Operational Capacity,05:01,09:00,76087,"Algonquin - Lambertville, NJ (Receipt)",3,Receipt,Receipt Location,Receipt Point Quantity,MMBtu,N,Y,"280,000","280,000",0,"280,000",TX EAST TRAN,007932908
INTRDY_2026-09-28_0501,09-28-2026,09-27-2026,Operational Capacity,05:01,09:00,76580,"Southcross Mississippi Pipeline, LP- Hinds, MS - DEL (B/D 76580)",ELA,Receipt,Receipt Location,Receipt Point Quantity,MMBtu,N,Y,"98,003","98,003",0,"98,003",TX EAST TRAN,007932908
INTRDY_2026-09-28_0501,09-28-2026,09-27-2026,Operational Capacity,05:01,09:00,76609,"Williams Energy LLC - Lafourche Psh., LA-REC",ELA,Receipt,Receipt Location,Receipt Point Quantity,MMBtu,N,Y,"155,312","305,312","4,671","300,641",TX EAST TRAN,007932908
INTRDY_2026-09-28_0501,09-28-2026,09-27-2026,Operational Capacity,05:01,09:00,76671,"PEOPLES NAT - Rager Mountain, PA (Rec.)",3,Receipt,Receipt Location,Receipt Point Quantity,MMBtu,N,Y,"76,328","76,328",0,"76,328",TX EAST TRAN,007932908
INTRDY_2026-09-28_0501,09-28-2026,09-27-2026,Operational Capacity,05:01,09:00,76840,AGT to TE Hanover,3,Receipt,Receipt Location,Receipt Point Quantity,MMBtu,N,Y,"1,305,276","1,305,276","403,854","901,422",TX EAST TRAN,007932908
INTRDY_2026-09-28_0501,09-28-2026,09-27-2026,Operational Capacity,05:01,09:00,76890,"Louisiana Intrastate Gas - Iberville Psh.,LA - REC",ELA,Receipt,Receipt Location,Receipt Point Quantity,MMBtu,N,Y,"50,885","50,885",0,"50,885",TX EAST TRAN,007932908
INTRDY_2026-09-28_0501,09-28-2026,09-27-2026,Operational Capacity,05:01,09:00,76903,"ANR, DEL- Glen Karn, OH",2,Delivery,Delivery Location,Delivery Point Quantity,MMBtu,N,Y,"745,736","769,560","62,669","706,891",TX EAST TRAN,007932908
INTRDY_2026-09-28_0501,09-28-2026,09-27-2026,Operational Capacity,05:01,09:00,76910,"Dominion Energy Transmission, Inc - LEBANON, WARREN CO, OH",2,Receipt,Receipt Location,Receipt Point Quantity,MMBtu,N,Y,"551,882","564,405",0,"564,405",TX EAST TRAN,007932908
INTRDY_2026-09-28_0501,09-28-2026,09-27-2026,Operational Capacity,05:01,09:00,78201,MAHWAH,3,Receipt,Receipt Location,Receipt Point Quantity,MMBtu,N,Y,"734,278","734,278","362,004","372,274",TX EAST TRAN,007932908
INTRDY_2026-09-28_0501,09-28-2026,09-27-2026,Operational Capacity,05:01,09:00,78214,RAMAPO,3,Receipt,Receipt Location,Receipt Point Quantity,MMBtu,N,Y,"734,278","734,278","41,850","692,428",TX EAST TRAN,007932908
INTRDY_2026-09-28_0501,09-28-2026,09-27-2026,Operational Capacity,05:01,09:00,79037,HEAD OF FREEHOLD LATERAL - MAINLINE,3,Delivery,Delivery Location,Delivery Point Quantity,MMBtu,N,Y,"2,234,333","2,234,333","27,328","2,207,005",TX EAST TRAN,007932908
INTRDY_2026-09-28_0501,09-28-2026,09-27-2026,Operational Capacity,05:01,09:00,79037,HEAD OF FREEHOLD LATERAL - MAINLINE,3,Receipt,Receipt Location,Receipt Point Quantity,MMBtu,N,Y,"630,855","630,855","27,328","603,527",TX EAST TRAN,007932908
INTRDY_2026-09-28_0501,09-28-2026,09-27-2026,Operational Capacity,05:01,09:00,79039,DYNEGY FAYETTE LATERAL,2,Receipt,Receipt Location,Receipt Point Quantity,MMBtu,N,Y,"267,304","267,304","114,560","152,744",TX EAST TRAN,007932908
INTRDY_2026-09-28_0501,09-28-2026,09-27-2026,Operational Capacity,05:01,09:00,79040,DYNEGY HANGING ROCK LATERAL,2,Receipt,Receipt Location,Receipt Point Quantity,MMBtu,N,Y,"288,920","288,920","54,320","234,600",TX EAST TRAN,007932908
INTRDY_2026-09-28_0501,09-28-2026,09-27-2026,Operational Capacity,05:01,09:00,79050,OHIO PIPELINE ENERGY NETWORK (MAINLINE),2,Receipt,Receipt Location,Receipt Point Quantity,MMBtu,N,Y,"6,335,806","6,335,806","9,558","6,326,248",TX EAST TRAN,007932908
INTRDY_2026-09-28_0501,09-28-2026,09-27-2026,Operational Capacity,05:01,09:00,79051,OHIO PIPELINE ENERGY NETWORK (LATERAL),2,Delivery,Delivery Location,Delivery Point Quantity,MMBtu,Y,Y,"550,000","550,000","1,499","548,501",TX EAST TRAN,007932908
INTRDY_2026-09-28_0501,09-28-2026,09-27-2026,Operational Capacity,05:01,09:00,79057,MIDDLESEX EXTENSION MAINLINE,3,Delivery,Delivery Location,Delivery Point Quantity,MMBtu,N,Y,"2,248,084","2,248,084","30,000","2,218,084",TX EAST TRAN,007932908
INTRDY_2026-09-28_0501,09-28-2026,09-27-2026,Operational Capacity,05:01,09:00,79058,MIDDLESEX EXTENSION,3,Receipt,Receipt Location,Receipt Point Quantity,MMBtu,N,Y,"264,000","264,000","30,000","234,000",TX EAST TRAN,007932908
INTRDY_2026-09-28_0501,09-28-2026,09-27-2026,Operational Capacity,05:01,09:00,79108,"LATERAL 10-S - RELIANT ENERGY - CHOCTAW CO., MS",1,Receipt,Receipt Location,Receipt Point Quantity,MMBtu,N,Y,"228,079","228,079",0,"228,079",TX EAST TRAN,007932908
INTRDY_2026-09-28_0501,09-28-2026,09-27-2026,Operational Capacity,05:01,09:00,79109,"LATERAL 10-S - RELIANT ENERGY - CHOCTAW CO., MS - MAINLINE",1,Delivery,Delivery Location,Delivery Point Quantity,MMBtu,N,Y,"2,167,399","2,167,399",0,"2,167,399",TX EAST TRAN,007932908
INTRDY_2026-09-28_0501,09-28-2026,09-27-2026,Operational Capacity,05:01,09:00,79113,LATERAL 10-R - DENA WASHINGTON CO. POWER PLANT,2,Receipt,Receipt Location,Receipt Point Quantity,MMBtu,N,Y,"125,000","125,000",0,"125,000",TX EAST TRAN,007932908
INTRDY_2026-09-28_0501,09-28-2026,09-27-2026,Operational Capacity,05:01,09:00,79114,LATERAL 10-R - DENA WASHINGTON CO. POWER PLANT - MAINLINE,2,Delivery,Delivery Location,Delivery Point Quantity,MMBtu,N,Y,"2,309,088","2,309,088",0,"2,309,088",TX EAST TRAN,007932908
INTRDY_2026-09-28_0501,09-28-2026,09-27-2026,Operational Capacity,05:01,09:00,79122,LATERAL 2-V - RELIANT ENERGY HUNTERSTOWN,3,Receipt,Receipt Location,Receipt Point Quantity,MMBtu,N,Y,"154,000","154,000",0,"154,000",TX EAST TRAN,007932908
INTRDY_2026-09-28_0501,09-28-2026,09-27-2026,Operational Capacity,05:01,09:00,79123,LATERAL 2-V - RELIANT ENERGY HUNTERSTOWN - MAINLINE,3,Delivery,Delivery Location,Delivery Point Quantity,MMBtu,N,Y,"2,148,747","2,148,747",0,"2,148,747",TX EAST TRAN,007932908
INTRDY_2026-09-28_0501,09-28-2026,09-27-2026,Operational Capacity,05:01,09:00,79140,LATERAL 10-T - DYNEGY FAYETTE - MAINLINE,2,Delivery,Delivery Location,Delivery Point Quantity,MMBtu,N,Y,"3,822,227","3,822,227","114,560","3,707,667",TX EAST TRAN,007932908
INTRDY_2026-09-28_0501,09-28-2026,09-27-2026,Operational Capacity,05:01,09:00,79141,LATERAL 10-U - DYNEGY HANGING ROCK - MAINLINE,2,Delivery,Delivery Location,Delivery Point Quantity,MMBtu,N,Y,"2,196,333","2,196,333","54,320","2,142,013",TX EAST TRAN,007932908
INTRDY_2026-09-28_0501,09-28-2026,09-27-2026,Operational Capacity,05:01,09:00,79144,PHILADELPHIA LATERAL,3,Receipt,Receipt Location,Receipt Point Quantity,MMBtu,N,Y,"553,203","553,203","33,800","519,403",TX EAST TRAN,007932908
INTRDY_2026-09-28_0501,09-28-2026,09-27-2026,Operational Capacity,05:01,09:00,79147,IRONWOOD LATERAL,3,Receipt,Receipt Location,Receipt Point Quantity,MMBtu,N,Y,"462,105","462,105",0,"462,105",TX EAST TRAN,007932908
INTRDY_2026-09-28_0501,09-28-2026,09-27-2026,Operational Capacity,05:01,09:00,79152,HOT SPRING LATERAL (MAINLINE),ETX,Delivery,Delivery Location,Delivery Point Quantity,MMBtu,N,Y,"229,000","229,000",0,"229,000",TX EAST TRAN,007932908
INTRDY_2026-09-28_0501,09-28-2026,09-27-2026,Operational Capacity,05:01,09:00,79153,HEAD OF HOT SPRING LATERAL,ETX,Receipt,Receipt Location,Receipt Point Quantity,MMBtu,N,Y,"112,000","112,000",0,"112,000",TX EAST TRAN,007932908
INTRDY_2026-09-28_0501,09-28-2026,09-27-2026,Operational Capacity,05:01,09:00,79168,CAMERON EXTENSION MAINLINE,WLA,Delivery,Delivery Location,Delivery Point Quantity,MMBtu,N,Y,"747,909","747,909",0,"747,909",TX EAST TRAN,007932908
INTRDY_2026-09-28_0501,09-28-2026,09-27-2026,Operational Capacity,05:01,09:00,79169,CAMERON EXTENSION HEAD OF LATERAL,WLA,Receipt,Receipt Location,Receipt Point Quantity,MMBtu,N,Y,"781,559","781,559",0,"781,559",TX EAST TRAN,007932908
INTRDY_2026-09-28_0501,09-28-2026,09-27-2026,Operational Capacity,05:01,09:00,79170,VENICE LINE CUSTODY TRANSFER POINT,ELA,Receipt,Receipt Location,Receipt Point Quantity,MMBtu,N,Y,"1,338,280","1,338,280","1,346,246",0,TX EAST TRAN,007932908
INTRDY_2026-09-28_0501,09-28-2026,09-27-2026,Operational Capacity,05:01,09:00,79171,NEW ROADS CUSTODY TRANSFER POINT,ELA,Delivery,Delivery Location,Delivery Point Quantity,MMBtu,N,Y,"1,300,177","1,300,177","1,346,246",0,TX EAST TRAN,007932908
INTRDY_2026-09-28_0501,09-28-2026,09-27-2026,Operational Capacity,05:01,09:00,79172,GATOR EXPRESS ACCOUNTING METER,ELA,Delivery,Delivery Location,Delivery Point Quantity,MMBtu,N,Y,"1,302,666","1,302,666",0,"1,302,666",TX EAST TRAN,007932908
INTRDY_2026-09-28_0501,09-28-2026,09-27-2026,Operational Capacity,05:01,09:00,79660,MARIETTA CUSTODY TRANSFER POINT,3,Delivery,Delivery Location,Delivery Point Quantity,MMBtu,N,Y,"1,857,746","1,857,746","45,467","1,812,279",TX EAST TRAN,007932908
INTRDY_2026-09-28_0501,09-28-2026,09-27-2026,Operational Capacity,05:01,09:00,79660,MARIETTA CUSTODY TRANSFER POINT,3,Receipt,Receipt Location,Receipt Point Quantity,MMBtu,N,Y,"1,857,746","1,857,746","34,968","1,822,778",TX EAST TRAN,007932908
INTRDY_2026-09-28_0501,09-28-2026,09-27-2026,Operational Capacity,05:01,09:00,79662,DELMONT DISCHARGE CUSTODY TRANSFER POINT,3,Delivery,Delivery Location,Delivery Point Quantity,MMBtu,N,Y,"2,748,719","2,748,719",0,"2,748,719",TX EAST TRAN,007932908
INTRDY_2026-09-28_0501,09-28-2026,09-27-2026,Operational Capacity,05:01,09:00,79668,"EQUITABLE - CRAYNE, PA CUSTODY TRANSFER POINT",2,Delivery,Delivery Location,Delivery Point Quantity,MMBtu,N,Y,"189,553","189,553",0,"189,553",TX EAST TRAN,007932908
INTRDY_2026-09-28_0501,09-28-2026,09-27-2026,Operational Capacity,05:01,09:00,79668,"EQUITABLE - CRAYNE, PA CUSTODY TRANSFER POINT",2,Receipt,Receipt Location,Receipt Point Quantity,MMBtu,N,Y,"189,553","189,553",0,"189,553",TX EAST TRAN,007932908
INTRDY_2026-09-28_0501,09-28-2026,09-27-2026,Operational Capacity,05:01,09:00,79669,"CARNEGIE - WAYNESBURG, PA CUSTODY TRANSFER POINT",2,Delivery,Delivery Location,Delivery Point Quantity,MMBtu,N,Y,"102,383","102,383",0,"102,383",TX EAST TRAN,007932908
INTRDY_2026-09-28_0501,09-28-2026,09-27-2026,Operational Capacity,05:01,09:00,79669,"CARNEGIE - WAYNESBURG, PA CUSTODY TRANSFER POINT",2,Receipt,Receipt Location,Receipt Point Quantity,MMBtu,N,Y,"102,383","102,383",0,"102,383",TX EAST TRAN,007932908
INTRDY_2026-09-28_0501,09-28-2026,09-27-2026,Operational Capacity,05:01,09:00,79921,COMPRESSOR STATION 21A (UNIONTOWN) - MAINLINE,2,Delivery,Delivery Location,Delivery Point Quantity,MMBtu,N,Y,"2,846,177","2,846,177",0,"2,846,177",TX EAST TRAN,007932908
INTRDY_2026-09-28_0501,09-28-2026,09-27-2026,Operational Capacity,05:01,09:00,79921,COMPRESSOR STATION 21A (UNIONTOWN) - MAINLINE,2,Receipt,Receipt Location,Receipt Point Quantity,MMBtu,N,Y,"2,846,177","2,846,177",0,"2,846,177",TX EAST TRAN,007932908
INTRDY_2026-09-28_0501,09-28-2026,09-27-2026,Operational Capacity,05:01,09:00,79922,EAGLE STATION,3,Delivery,Delivery Location,Delivery Point Quantity,MMBtu,N,Y,"1,338,493","1,338,493","25,000","1,313,493",TX EAST TRAN,007932908
INTRDY_2026-09-28_0501,09-28-2026,09-27-2026,Operational Capacity,05:01,09:00,79923,COMPRESSOR STATION 23  (CHAMBERSBURG),3,Delivery,Delivery Location,Delivery Point Quantity,MMBtu,N,Y,"2,163,497","2,163,497",0,"2,163,497",TX EAST TRAN,007932908
INTRDY_2026-09-28_0501,09-28-2026,09-27-2026,Operational Capacity,05:01,09:00,79923,COMPRESSOR STATION 23  (CHAMBERSBURG),3,Receipt,Receipt Location,Receipt Point Quantity,MMBtu,N,Y,"2,163,497","2,163,497",0,"2,163,497",TX EAST TRAN,007932908
INTRDY_2026-09-28_0501,09-28-2026,09-27-2026,Operational Capacity,05:01,09:00,79941,ANR/TETCO (LEBANON LATERAL-ANR CAPACITY),2,Receipt,Receipt Location,Receipt Point Quantity,MMBtu,N,Y,"407,083","407,083",116,"406,967",TX EAST TRAN,007932908
INTRDY_2026-09-28_0501,09-28-2026,09-27-2026,Operational Capacity,05:01,09:00,79951,TETCO LEBANON LATERAL TAKEAWAY POINT - MAINLINE,2,Delivery,Delivery Location,Delivery Point Quantity,MMBtu,N,Y,"425,000","425,000","4,452","420,548",TX EAST TRAN,007932908
INTRDY_2026-09-28_0501,09-28-2026,09-27-2026,Operational Capacity,05:01,09:00,79951,TETCO LEBANON LATERAL TAKEAWAY POINT - MAINLINE,2,Receipt,Receipt Location,Receipt Point Quantity,MMBtu,N,Y,"811,511","811,511","4,995","806,516",TX EAST TRAN,007932908
INTRDY_2026-09-28_0501,09-28-2026,09-27-2026,Operational Capacity,05:01,09:00,79954,IRONWOOD LATERAL ACCTG PT - MAINLINE,3,Delivery,Delivery Location,Delivery Point Quantity,MMBtu,N,Y,"2,988,499","2,988,499",0,"2,988,499",TX EAST TRAN,007932908
INTRDY_2026-09-28_0501,09-28-2026,09-27-2026,Operational Capacity,05:01,09:00,79961,CEDAR BAYOU LATERAL ACCOUNTING POINT,STX,Receipt,Receipt Location,Receipt Point Quantity,MMBtu,N,Y,"360,000","360,000","170,281","189,719",TX EAST TRAN,007932908
INTRDY_2026-09-28_0501,09-28-2026,09-27-2026,Operational Capacity,05:01,09:00,79962,CEDAR BAYOU MAINLINE HEAD OF LATERAL ACCOUNTING POINT,STX,Delivery,Delivery Location,Delivery Point Quantity,MMBtu,Y,Y,"496,505","496,505","170,281","326,224",TX EAST TRAN,007932908
INTRDY_2026-09-28_0501,09-28-2026,09-27-2026,Operational Capacity,05:01,09:00,79965,MARIETTA EXTENSION H/L,3,Receipt,Receipt Location,Receipt Point Quantity,MMBtu,Y,Y,"864,000","864,000","45,467","818,533",TX EAST TRAN,007932908
INTRDY_2026-09-28_0501,09-28-2026,09-27-2026,Operational Capacity,05:01,09:00,79968,ELA CUSTODY TRANSFER POINT,ELA,Delivery,Delivery Location,Delivery Point Quantity,MMBtu,N,Y,"2,099,508","2,099,508","385,308","1,714,200",TX EAST TRAN,007932908
INTRDY_2026-09-28_0501,09-28-2026,09-27-2026,Operational Capacity,05:01,09:00,79968,ELA CUSTODY TRANSFER POINT,ELA,Receipt,Receipt Location,Receipt Point Quantity,MMBtu,N,Y,"1,569,508","1,569,508","385,308","1,184,200",TX EAST TRAN,007932908
INTRDY_2026-09-28_0501,09-28-2026,09-27-2026,Operational Capacity,05:01,09:00,79970,HEAD OF MANHATTAN EXTENSION - MAINLINE,3,Delivery,Delivery Location,Delivery Point Quantity,MMBtu,N,Y,"1,551,263","1,551,263","1,456","1,549,807",TX EAST TRAN,007932908
INTRDY_2026-09-28_0501,09-28-2026,09-27-2026,Operational Capacity,05:01,09:00,79971,HEAD OF MANHATTAN EXTENSION - EXTENSION,3,Receipt,Receipt Location,Receipt Point Quantity,MMBtu,N,Y,"800,000","800,000","1,456","798,544",TX EAST TRAN,007932908
INTRDY_2026-09-28_0501,09-28-2026,09-27-2026,Operational Capacity,05:01,09:00,79974,M1 30 INCH CUSTODY TRANSFER POINT,1,Delivery,Delivery Location,Delivery Point Quantity,MMBtu,N,Y,"1,355,000","1,355,000",0,"1,355,000",TX EAST TRAN,007932908
INTRDY_2026-09-28_0501,09-28-2026,09-27-2026,Operational Capacity,05:01,09:00,79974,M1 30 INCH CUSTODY TRANSFER POINT,1,Receipt,Receipt Location,Receipt Point Quantity,MMBtu,N,Y,"1,355,000","1,355,000",0,"1,355,000",TX EAST TRAN,007932908
INTRDY_2026-09-28_0501,09-28-2026,09-27-2026,Operational Capacity,05:01,09:00,79975,UNIONTOWN WEST,2,Receipt,Receipt Location,Receipt Point Quantity,MMBtu,N,Y,"5,397,800","5,397,800","2,060","5,395,740",TX EAST TRAN,007932908
INTRDY_2026-09-28_0501,09-28-2026,09-27-2026,Operational Capacity,05:01,09:00,79976,BAYWAY LATERAL (MAINLINE),3,Delivery,Delivery Location,Delivery Point Quantity,MMBtu,N,Y,"1,601,263","1,601,263","128,400","1,472,863",TX EAST TRAN,007932908
INTRDY_2026-09-28_0501,09-28-2026,09-27-2026,Operational Capacity,05:01,09:00,79977,BAYWAY LATERAL,3,Receipt,Receipt Location,Receipt Point Quantity,MMBtu,N,Y,"300,000","300,000","128,400","171,600",TX EAST TRAN,007932908
INTRDY_2026-09-28_0501,09-28-2026,09-27-2026,Operational Capacity,05:01,09:00,79978,NUECES CONNECTOR (MAINLINE),STX,Delivery,Delivery Location,Delivery Point Quantity,MMBtu,N,Y,"486,000","486,000",0,"486,000",TX EAST TRAN,007932908
INTRDY_2026-09-28_0501,09-28-2026,09-27-2026,Operational Capacity,05:01,09:00,79978,NUECES CONNECTOR (MAINLINE),STX,Receipt,Receipt Location,Receipt Point Quantity,MMBtu,N,Y,"269,266","269,266","5,008","264,258",TX EAST TRAN,007932908
INTRDY_2026-09-28_0501,09-28-2026,09-27-2026,Operational Capacity,05:01,09:00,79979,NUECES CONNECTOR LATERAL,STX,Receipt,Receipt Location,Receipt Point Quantity,MMBtu,Y,Y,"396,000","396,000",0,"396,000",TX EAST TRAN,007932908
INTRDY_2026-09-28_0501,09-28-2026,09-27-2026,Operational Capacity,05:01,09:00,79980,UNIONTOWN NORTH,2,Delivery,Delivery Location,Delivery Point Quantity,MMBtu,N,Y,"677,000","677,000","35,278","641,722",TX EAST TRAN,007932908
INTRDY_2026-09-28_0501,09-28-2026,09-27-2026,Operational Capacity,05:01,09:00,79980,UNIONTOWN NORTH,2,Receipt,Receipt Location,Receipt Point Quantity,MMBtu,N,Y,"552,000","552,000","35,278","516,722",TX EAST TRAN,007932908
INTRDY_2026-09-28_0501,09-28-2026,09-27-2026,Operational Capacity,05:01,09:00,79993,"NEXUS INTERCONNECT WITH TETLP,OPEN LATERAL,AT HEAD OF OPEN LATERAL",2,Delivery,Delivery Location,Delivery Point Quantity,MMBtu,N,Y,"637,559","637,559",0,"637,559",TX EAST TRAN,007932908
INTRDY_2026-09-28_0501,09-28-2026,09-27-2026,Operational Capacity,05:01,09:00,79995,"NEXUS INTERCONNECT WITH TETLP MAINLINE, MONROE CO., OH",2,Delivery,Delivery Location,Delivery Point Quantity,MMBtu,N,Y,"6,335,806","6,335,806","244,321","6,091,485",TX EAST TRAN,007932908
INTRDY_2026-09-28_0501,09-28-2026,09-27-2026,Operational Capacity,05:01,09:00,79999,STRATTON RIDGE,STX,Delivery,Delivery Location,Delivery Point Quantity,MMBtu,N,Y,"322,000","322,000","189,475","132,525",TX EAST TRAN,007932908

