TSP,TSP Name,TSP FERC CID,Date/Time,Comments,Loc,Loc Name,Dir Flo,Loc Cnty,Loc St Abbrev,Loc Type Ind,Loc Zone (Rec),Loc Zone (Del),Seg Nbr,Nom Ind,Loc Stat Ind,Eff Date,Inact Date,Up/Dn Ind,Up/Dn Name,Up/Dn ID,Up/Dn ID Prop,Up/Dn FERC CID Ind,Up/Dn FERC CID,Up/Dn Loc,Up/Dn Loc Name,Up/Dn Loc 2,Up/Dn Loc Name2,Update D/T
1939164,TENNESSEE GAS PIPELINE,C000020,20260928 05:18,Blanks under Up/Dn Loc and Up/Dn Loc Name indicate Third Party information is not applicable.,44423,REX/TGP BIG MUSKIE GUERNSEY,R,GUERNSEY,OH,INT,Z4,Z4,204,Y,A,20151101,,Y,ROCKIES EXPRESS PIPELINE LLC,784256161,955,Y,C000594,44423,TGP/REX  GUERNSEY,,,20160401 10:05
1939164,TENNESSEE GAS PIPELINE,C000020,20260928 05:18,Blanks under Up/Dn Loc and Up/Dn Loc Name indicate Third Party information is not applicable.,44449,SNG/MEP  SMITH,R,SMITH,MS,INT,Z1,Z1,5410,Y,A,20090919,,Y,SOUTHERN NATURAL GAS COMPANY  L.L.C.,6900518,3705,Y,C000021,44449,SNG/MEP SMITH,,,20250205 15:00
1939164,TENNESSEE GAS PIPELINE,C000020,20260928 05:18,Blanks under Up/Dn Loc and Up/Dn Loc Name indicate Third Party information is not applicable.,44521,TGP/KMTP SHEPHERD SAN JACINTO,B,SAN JACINTO,TX,INT,Z0,Z0,125,Y,A,20191002,,Y,TENNESSEE GAS PIPELINE COMPANY  L.L.C.,1939164,4052,Y,C000020,44521,TGP/KMTP CLEVELAND SAN JACINTO,,,20260409 09:00
1939164,TENNESSEE GAS PIPELINE,C000020,20260928 05:18,Blanks under Up/Dn Loc and Up/Dn Loc Name indicate Third Party information is not applicable.,44577,TGP/MEP JASPER,R,JASPER,MS,INT,Z1,Z1,534,Y,A,20200210,,Y,TENNESSEE GAS PIPELINE COMPANY  L.L.C.,1939164,4052,Y,C000020,44577,TGP/MEP  JASPER,,,20241216 15:00
1939164,TENNESSEE GAS PIPELINE,C000020,20260928 05:18,Blanks under Up/Dn Loc and Up/Dn Loc Name indicate Third Party information is not applicable.,47591,NG ADVAN/TGP TOWN OF PEMBROKE MERRI,D,MERRIMACK,NH,LDC,Z6,Z6,284,Y,A,20160406,,Y,NG ADVANTAGE LLC,78658919,9708,N,,,,,,20250428 09:00
1939164,TENNESSEE GAS PIPELINE,C000020,20260928 05:18,Blanks under Up/Dn Loc and Up/Dn Loc Name indicate Third Party information is not applicable.,47592,HAMVIL/TGP VILLAGE OF HAMILTON NY M,D,MADISON,NY,LDC,Z5,Z5,241,Y,A,20170406,,Y,VILLAGE OF HAMILTON,25750761,9185,N,,,,,,20170406 09:00
1939164,TENNESSEE GAS PIPELINE,C000020,20260928 05:18,Blanks under Up/Dn Loc and Up/Dn Loc Name indicate Third Party information is not applicable.,47605,GEOPETRO/TGP FIRESTONE HOMESTEAD CO,R,COLUMBIANA,OH,GTH,Z4,Z4,216,Y,A,20210406,,Y,GEOPETRO LLC,607297058,10565,N,,,,,,20240401 12:00
1939164,TENNESSEE GAS PIPELINE,C000020,20260928 05:18,Blanks under Up/Dn Loc and Up/Dn Loc Name indicate Third Party information is not applicable.,47652,UTICA EO/TGP LEESVILLE PROC PLNT CA,R,CARROLL,OH,PLT,Z4,Z4,212,Y,A,20260408,,Y,UTICA EAST OHIO MIDSTREAM LLC,78435517,8492,N,,,,,,20260409 15:00
1939164,TENNESSEE GAS PIPELINE,C000020,20260928 05:18,Blanks under Up/Dn Loc and Up/Dn Loc Name indicate Third Party information is not applicable.,47743,NFGMIDCL/TGP CLERMONT #2 MC KEAN,R,MC KEAN,PA,GTH,Z4,Z4,307,Y,A,20161012,,Y,NFG MIDSTREAM CLERMONT  LLC,79280898,9206,N,,,,,,20161012 15:00
1939164,TENNESSEE GAS PIPELINE,C000020,20260928 05:18,Blanks under Up/Dn Loc and Up/Dn Loc Name indicate Third Party information is not applicable.,47768,WFS/TGP UDP GIBSON SUSQUEHANNA,R,SUSQUEHANNA,PA,GTH,Z4,Z4,321,Y,A,20161012,,Y,WILLIAMS FIELD SERVICES COMPANY  LLC,879847010,1086,N,,,,,,20161012 15:00
1939164,TENNESSEE GAS PIPELINE,C000020,20260928 05:18,Blanks under Up/Dn Loc and Up/Dn Loc Name indicate Third Party information is not applicable.,47799,NMP/TGP GILLRINA ROAD NUECES,B,NUECES,TX,INT,Z0,Z0,101,Y,A,20141201,,Y,NET MEXICO PIPELINE PARTNERS  LLC,78533458,8630,Y,C004698,201100,TENNESSEE - NUECES,,,20240430 15:00
1939164,TENNESSEE GAS PIPELINE,C000020,20260928 05:18,Blanks under Up/Dn Loc and Up/Dn Loc Name indicate Third Party information is not applicable.,47859,BOSTN/TGP 261 CDP - BOSTON,D,HAMPDEN,MA,LDC,Z6,Z6,261,Y,A,20141101,,Y,BOSTON GAS COMPANY D/B/A NATIONAL GRID,6951586,26177,Y,C001659,,47859 CDP 261,,,20231114 09:00
1939164,TENNESSEE GAS PIPELINE,C000020,20260928 05:18,Blanks under Up/Dn Loc and Up/Dn Loc Name indicate Third Party information is not applicable.,47860,BOSTN/TGP 267 CDP - BOSTON GAS,D,MIDDLESEX,MA,LDC,Z6,Z6,266,Y,A,20141101,,Y,BOSTON GAS COMPANY D/B/A NATIONAL GRID,6951586,26177,Y,C001659,,47860 CDP 267,,,20231114 09:00
1939164,TENNESSEE GAS PIPELINE,C000020,20260928 05:18,Blanks under Up/Dn Loc and Up/Dn Loc Name indicate Third Party information is not applicable.,47861,BOSTN/TGP 268 CDP - BOSTON GAS,D,MIDDLESEX,MA,LDC,Z6,Z6,268,Y,A,20141101,,Y,BOSTON GAS COMPANY D/B/A NATIONAL GRID,6951586,26177,Y,C001659,,47861 CDP 268,,,20231114 09:00
1939164,TENNESSEE GAS PIPELINE,C000020,20260928 05:18,Blanks under Up/Dn Loc and Up/Dn Loc Name indicate Third Party information is not applicable.,47872,ATMOS TL/TGP CHAUVIN OUACHITA,D,OUACHITA,LA,LDC,Z1,Z1,143,Y,A,20241011,,Y,ATMOS  ENERGY  CORPORATION,613205723,6624,N,,,,,,20241011 12:00
1939164,TENNESSEE GAS PIPELINE,C000020,20260928 05:18,Blanks under Up/Dn Loc and Up/Dn Loc Name indicate Third Party information is not applicable.,47882,UGIAPP/TGP BRINKER NO.2 COLUMBIANA,R,COLUMBIANA,OH,WHD,Z4,Z4,214,Y,A,20231017,,Y,UGI APPALACHIA  LLC,117246237,8615,N,,,,,,20231017 09:00
1939164,TENNESSEE GAS PIPELINE,C000020,20260928 05:18,Blanks under Up/Dn Loc and Up/Dn Loc Name indicate Third Party information is not applicable.,48033,BBTBAMA/TGP FAYETTE VERNON LAMAR,D,LAMAR,AL,INT,Z1,Z1,548,Y,A,20230418,,Y,BBT ALABAMA  LLC,118941696,10709,N,,,,,,20230418 15:00
1939164,TENNESSEE GAS PIPELINE,C000020,20260928 05:18,Blanks under Up/Dn Loc and Up/Dn Loc Name indicate Third Party information is not applicable.,48061,NRGBM/TGP BEIRNE HILL SALES BRADFOR,D,BRADFORD,PA,EGN,Z4,Z4,318,Y,A,20150601,,Y,NRG BUSINESS MARKETING LLC,78790103,8588,N,,,,,,20230919 12:00
1939164,TENNESSEE GAS PIPELINE,C000020,20260928 05:18,Blanks under Up/Dn Loc and Up/Dn Loc Name indicate Third Party information is not applicable.,48150,66TH/TGP HANSCOM AIR FORCE BASE MID,D,MIDDLESEX,MA,END,Z6,Z6,268,Y,A,20200831,,Y,66TH AIR BASE GROUP  HANSCOM AIR FORCE BASE,63558463,9313,N,,,,,,20200831 15:00
1939164,TENNESSEE GAS PIPELINE,C000020,20260928 05:18,Blanks under Up/Dn Loc and Up/Dn Loc Name indicate Third Party information is not applicable.,48648,TGP/TGP HANDSOME LAKE LATERAL,B,VENANGO,PA,INT,Z4,Z4,300,Y,A,20161101,,N,,,,,,,,,,20161201 09:00
1939164,TENNESSEE GAS PIPELINE,C000020,20260928 05:18,Blanks under Up/Dn Loc and Up/Dn Loc Name indicate Third Party information is not applicable.,48741,CONSTGEN/TGP HANDSOME LAKE DELIVERY,D,VENANGO,PA,EGN,Z4,Z4,300,Y,A,20241011,,Y,CONSTELLATION ENERGY GENERATION  LLC,196748938,3254,N,,,,,,20241011 12:00
1939164,TENNESSEE GAS PIPELINE,C000020,20260928 05:18,Blanks under Up/Dn Loc and Up/Dn Loc Name indicate Third Party information is not applicable.,48813,ATMOS TL/TGP GOODHOPE OUACHITA,D,OUACHITA,LA,LDC,Z1,Z1,143,Y,A,20240419,,Y,ATMOS  ENERGY  CORPORATION,613205723,6624,N,,,,,,20240422 15:00
1939164,TENNESSEE GAS PIPELINE,C000020,20260928 05:18,Blanks under Up/Dn Loc and Up/Dn Loc Name indicate Third Party information is not applicable.,48850,E OH GAS/TGP HOLMES TUSCARAWAS,B,TUSCARAWAS,OH,INT,Z4,Z4,212,Y,A,20160101,,Y,THE EAST OHIO GAS COMPANY:  D/B/A/ DOMINION ENERGY OHIO,7900475,6032,Y,C001002,ML041,TGP HOLMES,,,20200901 09:00
1939164,TENNESSEE GAS PIPELINE,C000020,20260928 05:18,Blanks under Up/Dn Loc and Up/Dn Loc Name indicate Third Party information is not applicable.,48923,DELTAMS/TGP EAST OXFORD CITY GATE L,D,LAFAYETTE,MS,LDC,Z1,Z1,847,Y,A,20180123,,Y,DELTA MISSISSIPPI GAS COMPANY  LLC,119371580,11417,N,,,,,,20250605 12:00
1939164,TENNESSEE GAS PIPELINE,C000020,20260928 05:18,Blanks under Up/Dn Loc and Up/Dn Loc Name indicate Third Party information is not applicable.,48939,HERITAGE/TGP MT JACKSON SALES LAWRE,D,LAWRENCE,PA,EGN,Z4,Z4,290,Y,A,20200210,,Y,REORGANIZED HERITAGE TOPCO  LLC,,11363,N,,,,,,20241003 15:00
1939164,TENNESSEE GAS PIPELINE,C000020,20260928 05:18,Blanks under Up/Dn Loc and Up/Dn Loc Name indicate Third Party information is not applicable.,48992,UGIAPP/TGP MCCLELLAND LAWRENCE,R,LAWRENCE,PA,WHD,Z4,Z4,217,Y,A,20231017,,Y,UGI APPALACHIA  LLC,117246237,8615,N,,,,,,20231017 09:00
1939164,TENNESSEE GAS PIPELINE,C000020,20260928 05:18,Blanks under Up/Dn Loc and Up/Dn Loc Name indicate Third Party information is not applicable.,49038,MARQUIS/TGP GRAYS BLUFF JEFFERSON D,R,JEFFERSON DAVIS,LA,WHD,ZL,ZL,822,Y,A,20170406,,Y,MARQUIS RESOURCES  LLC,,10057,N,,,,,,20170614 12:00
1939164,TENNESSEE GAS PIPELINE,C000020,20260928 05:18,Blanks under Up/Dn Loc and Up/Dn Loc Name indicate Third Party information is not applicable.,49042,CP-UGC/TGP MOSSY OAKS DELIVERY HARR,D,HARRIS,TX,INT,Z0,Z0,117,Y,A,20241009,,Y,COPANO PIPELINES/UPPER GULF COAST LLC,2150493,3327,Y,C001202,49042,CP-UGC/TGP MOSSY OAKS DELIVERY,,,20241009 12:00
1939164,TENNESSEE GAS PIPELINE,C000020,20260928 05:18,Blanks under Up/Dn Loc and Up/Dn Loc Name indicate Third Party information is not applicable.,49054,ATMOS-MS/TGP CARSON ROAD LOWNDES,D,LOWNDES,MS,LDC,Z1,Z1,542,Y,A,20240419,,Y,ATMOS ENERGY CORPORATION - MISS DIVISION,6964415,6522,N,,,,,,20240422 15:00
1939164,TENNESSEE GAS PIPELINE,C000020,20260928 05:18,Blanks under Up/Dn Loc and Up/Dn Loc Name indicate Third Party information is not applicable.,49153,JKLM/TGP VINEYARD POTTER,R,POTTER,PA,WHD,Z4,Z4,313,Y,A,20171011,,Y,JKLM ENERGY LLC,79800027,9582,N,,,,,,20171011 15:01
1939164,TENNESSEE GAS PIPELINE,C000020,20260928 05:18,Blanks under Up/Dn Loc and Up/Dn Loc Name indicate Third Party information is not applicable.,49198,CARROLL/TGP COUNTY HOME CARROLL,D,CARROLL,OH,EGN,Z4,Z4,212,Y,A,20260408,,Y,CARROLL COUNTY ENERGY LLC,79199897,9678,N,,,,,,20260409 15:00
1939164,TENNESSEE GAS PIPELINE,C000020,20260928 05:18,Blanks under Up/Dn Loc and Up/Dn Loc Name indicate Third Party information is not applicable.,49204,NFG/TGP BALDWIN RUN TIOGA,R,TIOGA,PA,GTH,Z4,Z4,314,Y,A,20190201,,Y,NFG MIDSTREAM COVINGTON  LLC,830063926,5702,N,,,,,,20260709 09:00
1939164,TENNESSEE GAS PIPELINE,C000020,20260928 05:18,Blanks under Up/Dn Loc and Up/Dn Loc Name indicate Third Party information is not applicable.,49274,CRANBERY/TGP BEECHFORK DELIVERY WAY,D,WAYNE,WV,INT,Z3,Z3,114,Y,A,20180420,,Y,CRANBERRY PIPELINE CORP,53455242,6087,Y,C000941,49274,BEECH FORK DELIVERY,,,20180424 15:00
1939164,TENNESSEE GAS PIPELINE,C000020,20260928 05:18,Blanks under Up/Dn Loc and Up/Dn Loc Name indicate Third Party information is not applicable.,49446,CAM IPL/TGP BANKEN RD AT  HWY 27 DE,D,CALCASIEU,LA,INT,ZL,ZL,820,Y,A,20241011,,Y,CAMERON INTERSTATE PIPELINE  LLC,790555689,9722,Y,C001157,772298,TENN-CIP,,,20241011 12:00
1939164,TENNESSEE GAS PIPELINE,C000020,20260928 05:18,Blanks under Up/Dn Loc and Up/Dn Loc Name indicate Third Party information is not applicable.,49494,AIRLIQAT/TGP WALNUT LANDFILL RECEIP,R,TIPPAH,MS,RNG,Z1,Z1,163,Y,A,20260408,,Y,AIR LIQUIDE ADVANCED TECHNOLOGIES US LLC,,9992,N,,,,,,20260409 15:00
1939164,TENNESSEE GAS PIPELINE,C000020,20260928 05:18,Blanks under Up/Dn Loc and Up/Dn Loc Name indicate Third Party information is not applicable.,49524,GULFSTH/TGP COASTAL BEND LNG WHARTO,B,WHARTON,TX,LNG,Z0,Z0,109,Y,A,20180801,,Y,GULF SOUTH PIPELINE COMPANY  LLC,78444247,26373,Y,C000591,024325,COASTAL BEND TENNESSEE RECEIPT,024326,COASTAL BEND TENNESSEE DELIVERY,20200604 09:00
1939164,TENNESSEE GAS PIPELINE,C000020,20260928 05:18,Blanks under Up/Dn Loc and Up/Dn Loc Name indicate Third Party information is not applicable.,49554,BBTMIDLA/TGP NORTH PEOPLES RD FRANK,D,FRANKLIN,LA,INT,Z1,Z1,834,Y,A,20181102,,Y,BBT MIDLA  LLC,57111270,20371,Y,C001024,011308,TGP WINNSBORO,,,20200612 09:00
1939164,TENNESSEE GAS PIPELINE,C000020,20260928 05:18,Blanks under Up/Dn Loc and Up/Dn Loc Name indicate Third Party information is not applicable.,49583,MEP/TGP PILLAR MADISON,R,MADISON,LA,INT,Z1,Z1,834,Y,A,20251009,,Y,MIDCONTINENT EXPRESS PIPELINE LLC,808150895,4706,Y,C000235,49583,MEP/TGP PILLAR MADISON,,,20251014 09:00
1939164,TENNESSEE GAS PIPELINE,C000020,20260928 05:18,Blanks under Up/Dn Loc and Up/Dn Loc Name indicate Third Party information is not applicable.,49585,GULFRUN/TGP BEARFOOT RICHLAND,R,RICHLAND,LA,INT,Z1,Z1,834,Y,A,20171115,,Y,GULF RUN TRANSMISSION  LLC,118760527,11091,Y,C011606,57580,BEARFOOT,,,20230113 15:00
1939164,TENNESSEE GAS PIPELINE,C000020,20260928 05:18,Blanks under Up/Dn Loc and Up/Dn Loc Name indicate Third Party information is not applicable.,49587,GULFSTH/TGP LUPE FRANKLIN,R,FRANKLIN,LA,INT,Z1,Z1,834,Y,A,20180420,,Y,GULF SOUTH PIPELINE COMPANY  LLC,78444247,26373,Y,C000591,024333,DELHI FRANKLIN PARISH TO TENNESSEE GAS,,,20200604 09:00
1939164,TENNESSEE GAS PIPELINE,C000020,20260928 05:18,Blanks under Up/Dn Loc and Up/Dn Loc Name indicate Third Party information is not applicable.,49589,ETC TIG/TGP URSUS FRANKLIN,R,FRANKLIN,LA,INT,Z1,Z1,834,Y,A,20171115,,Y,ETC TIGER PIPELINE  LLC,829521983,5231,Y,C001013,100728,TGP DELHI POI,,,20171121 09:00
1939164,TENNESSEE GAS PIPELINE,C000020,20260928 05:18,Blanks under Up/Dn Loc and Up/Dn Loc Name indicate Third Party information is not applicable.,49643,GULFSTH/TGP SKIPPER MADISON,R,MADISON,LA,INT,Z1,Z1,834,Y,A,20240419,,Y,GULF SOUTH PIPELINE COMPANY  LLC,78444247,26373,Y,C000591,024334,DELHI MADISON PARISH TO TENNESSEE GAS,,,20240422 15:00
1939164,TENNESSEE GAS PIPELINE,C000020,20260928 05:18,Blanks under Up/Dn Loc and Up/Dn Loc Name indicate Third Party information is not applicable.,49756,NFG/TGP COLDEN INTERCONNECT ERIE,B,ERIE,NY,INT,Z5,Z5,224,Y,A,20180401,,Y,NATIONAL FUEL GAS SUPPLY CORP,7912959,6313,Y,C000046,49756,COLDEN,,,20180501 09:00
1939164,TENNESSEE GAS PIPELINE,C000020,20260928 05:18,Blanks under Up/Dn Loc and Up/Dn Loc Name indicate Third Party information is not applicable.,49779,CON ED/TGP RYE TEMP BY-PASS WESTCHE,D,WESTCHESTER,NY,LDC,Z5,Z5,324,Y,A,20171211,,Y,CONSOLIDATED EDISON CO OF NEW YORK INC,6982359,5642,N,,,,,,20180104 12:00
1939164,TENNESSEE GAS PIPELINE,C000020,20260928 05:18,Blanks under Up/Dn Loc and Up/Dn Loc Name indicate Third Party information is not applicable.,49780,GULFSTH/TGP WORTHY ROAD SOUTH OUACH,D,OUACHITA,LA,INT,Z1,Z1,143,Y,A,20240419,,Y,GULF SOUTH PIPELINE COMPANY  LLC,78444247,26373,Y,C000591,024341,WEST MONROE FROM TENNESSEE,,,20240422 15:00
1939164,TENNESSEE GAS PIPELINE,C000020,20260928 05:18,Blanks under Up/Dn Loc and Up/Dn Loc Name indicate Third Party information is not applicable.,49803,KMTEJAS/TGP JACKSON       (GANADO),D,JACKSON,TX,INT,Z0,Z0,109,Y,A,20200210,,Y,KINDER MORGAN TEJAS PIPELINE LLC,879826576,26089,Y,C000434,49821,KMTEJAS/TGP JACKSON (GANADO),,,20210601 09:00
1939164,TENNESSEE GAS PIPELINE,C000020,20260928 05:18,Blanks under Up/Dn Loc and Up/Dn Loc Name indicate Third Party information is not applicable.,49831,NG ADVAN/TGP CNG PEMBROKE RECEIPT M,R,MERRIMACK,NH,INT,Z6,Z6,284,Y,A,20180110,,Y,NG ADVANTAGE LLC,78658919,9708,N,,,,,,20180202 15:00
1939164,TENNESSEE GAS PIPELINE,C000020,20260928 05:18,Blanks under Up/Dn Loc and Up/Dn Loc Name indicate Third Party information is not applicable.,49832,WFS/TGP MACNEW METER STATION SUSQUE,R,SUSQUEHANNA,PA,GTH,Z4,Z4,320,Y,A,20200226,,Y,WILLIAMS FIELD SERVICES COMPANY  LLC,879847010,1086,N,,,,,,20200226 09:00
1939164,TENNESSEE GAS PIPELINE,C000020,20260928 05:18,Blanks under Up/Dn Loc and Up/Dn Loc Name indicate Third Party information is not applicable.,49846,ETC NEPL/TGP DUNKLEBERGER TIOGA,R,TIOGA,PA,WHD,Z4,Z4,316,Y,A,20191002,,Y,ETC NORTHEAST PIPELINE  LLC,964456748,10482,N,,,,,,20191008 12:00
1939164,TENNESSEE GAS PIPELINE,C000020,20260928 05:18,Blanks under Up/Dn Loc and Up/Dn Loc Name indicate Third Party information is not applicable.,49858,LIBERTYU/TGP PELHAM SALES HILLSBORO,D,HILLSBOROUGH,NH,LDC,Z6,Z6,284,Y,A,20180124,,Y,LIBERTY UTILITIES (ENERGYNORTH NATURAL GAS) CORP.,830408873,5250,N,,,,,,20200619 09:00
1939164,TENNESSEE GAS PIPELINE,C000020,20260928 05:18,Blanks under Up/Dn Loc and Up/Dn Loc Name indicate Third Party information is not applicable.,49861,CCCPL/TGP SINTON SAN PATRICIO,B,SAN PATRICIO,TX,INT,Z0,Z0,101,Y,A,20180214,,Y,CHENIERE CORPUS CHRISTI PIPELINE  L.P.,,9399,Y,C007688,CC121033,TGP SINTON - R,CC221033,TGP SINTON - D,20181002 09:00
1939164,TENNESSEE GAS PIPELINE,C000020,20260928 05:18,Blanks under Up/Dn Loc and Up/Dn Loc Name indicate Third Party information is not applicable.,50469,APPLACHA/TGP RATTLESNAKE HILL SUSQU,R,SUSQUEHANNA,PA,GTH,Z4,Z4,394,Y,A,20220305,,Y,APPALACHIA MIDSTREAM SERVICES  LLC,963339499,6338,N,,,,,,20220305 09:00
1939164,TENNESSEE GAS PIPELINE,C000020,20260928 05:18,Blanks under Up/Dn Loc and Up/Dn Loc Name indicate Third Party information is not applicable.,50512,NFG/TGP CROSBY DELIVERY MC KEAN,D,MC KEAN,PA,INT,Z4,Z4,307,Y,A,20201006,,Y,NATIONAL FUEL GAS SUPPLY CORP,7912959,6313,Y,C000046,50512,CROSBY,,,20201007 09:00
1939164,TENNESSEE GAS PIPELINE,C000020,20260928 05:18,Blanks under Up/Dn Loc and Up/Dn Loc Name indicate Third Party information is not applicable.,50543,TGP/TGP ARGUELLES MEXICO,B,JACKSON,TX,VIR,Z0,Z0,109,Y,A,20180701,,N,,,,,,,,,,20180701 09:00
1939164,TENNESSEE GAS PIPELINE,C000020,20260928 05:18,Blanks under Up/Dn Loc and Up/Dn Loc Name indicate Third Party information is not applicable.,50561,UGIAPP/TGP MARTIN RECEIPT NEW CASTL,R,LAWRENCE,PA,WHD,Z4,Z4,217,Y,A,20241011,,Y,UGI APPALACHIA  LLC,117246237,8615,N,,,,,,20241011 12:00
1939164,TENNESSEE GAS PIPELINE,C000020,20260928 05:18,Blanks under Up/Dn Loc and Up/Dn Loc Name indicate Third Party information is not applicable.,50643,TGP/TGP LOGICAL KMTEJAS GANADO,B,JACKSON,TX,VIR,Z0,Z0,109,Y,A,20180701,,N,,,,,,,,,,20180701 09:00
1939164,TENNESSEE GAS PIPELINE,C000020,20260928 05:18,Blanks under Up/Dn Loc and Up/Dn Loc Name indicate Third Party information is not applicable.,50679,POOLING PT-200 LEG EAST- ZN 5,B,COLUMBIA,NY,PPT,Z5,Z5,249,Y,A,20181001,,N,,,,,,,,,,20181001 09:00
1939164,TENNESSEE GAS PIPELINE,C000020,20260928 05:18,Blanks under Up/Dn Loc and Up/Dn Loc Name indicate Third Party information is not applicable.,50680,POOLING PT-200 LEG NORTH- ZN 6,B,MIDDLESEX,MA,PPT,Z6,Z6,267,Y,A,20181001,,N,,,,,,,,,,20181001 09:00
1939164,TENNESSEE GAS PIPELINE,C000020,20260928 05:18,Blanks under Up/Dn Loc and Up/Dn Loc Name indicate Third Party information is not applicable.,50708,EGTS/TGP PORT WASHINGTON TUSCARAWAS,R,TUSCARAWAS,OH,INT,Z4,Z4,209,Y,A,20200826,,Y,EASTERN GAS TRANSMISSION AND STORAGE  INC.,116025180,3531,Y,C000160,40126,PORT WASHINGTON,,,20210301 09:00
1939164,TENNESSEE GAS PIPELINE,C000020,20260928 05:18,Blanks under Up/Dn Loc and Up/Dn Loc Name indicate Third Party information is not applicable.,50763,POOLING PT- 200 LEG WEST- ZN 5,B,ONTARIO,NY,PPT,Z5,Z5,237,Y,A,20181001,,N,,,,,,,,,,20181001 09:00
1939164,TENNESSEE GAS PIPELINE,C000020,20260928 05:18,Blanks under Up/Dn Loc and Up/Dn Loc Name indicate Third Party information is not applicable.,50764,POOLING PT- 200 LEG SOUTH-ZN 6,B,HAMPDEN,MA,PPT,Z6,Z6,261,Y,A,20181001,,N,,,,,,,,,,20181001 09:00
1939164,TENNESSEE GAS PIPELINE,C000020,20260928 05:18,Blanks under Up/Dn Loc and Up/Dn Loc Name indicate Third Party information is not applicable.,50765,APPLACHA/TGP LATINI STAGECOACH BRAD,R,BRADFORD,PA,GTH,Z4,Z4,318,Y,A,20190101,,Y,APPALACHIA MIDSTREAM SERVICES  LLC,963339499,6338,N,,,,,,20190110 12:00
1939164,TENNESSEE GAS PIPELINE,C000020,20260928 05:18,Blanks under Up/Dn Loc and Up/Dn Loc Name indicate Third Party information is not applicable.,50789,HICKORYR/TGP MOHAWK ROAD POWER PLT,D,LAWRENCE,PA,EGN,Z4,Z4,217,Y,A,20220425,,Y,HICKORY RUN ENERGY  LLC,80619607,10041,N,,,,,,20220425 12:00
1939164,TENNESSEE GAS PIPELINE,C000020,20260928 05:18,Blanks under Up/Dn Loc and Up/Dn Loc Name indicate Third Party information is not applicable.,53483,AIRLIQAT/TGP TIMBERLANE BIOGAS REC,R,EVANGELINE,LA,RNG,ZL,ZL,823,Y,A,20191002,,Y,AIR LIQUIDE ADVANCED TECHNOLOGIES US LLC,,9992,N,,,,,,20211214 12:00
1939164,TENNESSEE GAS PIPELINE,C000020,20260928 05:18,Blanks under Up/Dn Loc and Up/Dn Loc Name indicate Third Party information is not applicable.,53486,AIRLIQAT/TGP TIMBERLANE BIOGAS BUYB,D,EVANGELINE,LA,OTH,ZL,ZL,823,Y,A,20191002,,Y,AIR LIQUIDE ADVANCED TECHNOLOGIES US LLC,,9992,N,,,,,,20191008 12:00
1939164,TENNESSEE GAS PIPELINE,C000020,20260928 05:18,Blanks under Up/Dn Loc and Up/Dn Loc Name indicate Third Party information is not applicable.,53608,VCP/TGP VALLEY CROSSING ALLOCATION,B,NUECES,TX,INT,Z0,Z0,101,Y,A,20191220,,Y,VALLEY CROSSING PIPELINE LLC,80429578,10003,Y,C008927,45805,TENNESSEE,,,20231213 09:00
1939164,TENNESSEE GAS PIPELINE,C000020,20260928 05:18,Blanks under Up/Dn Loc and Up/Dn Loc Name indicate Third Party information is not applicable.,53654,TRESPORT/TGP OLD BLOOMINGTON POWER,D,VICTORIA,TX,EGN,Z0,Z0,101,Y,A,20210406,,Y,TRES PORT POWER LLC,118613597,11009,N,,,,,,20250604 12:00
1939164,TENNESSEE GAS PIPELINE,C000020,20260928 05:18,Blanks under Up/Dn Loc and Up/Dn Loc Name indicate Third Party information is not applicable.,53655,VPP II/TGP OLD BLOOMINGTON POWER 2,D,VICTORIA,TX,EGN,Z0,Z0,101,Y,A,20260408,,Y,VICTORIA PORT POWER II LLC,116757755,10787,N,,,,,,20260409 15:00
1939164,TENNESSEE GAS PIPELINE,C000020,20260928 05:18,Blanks under Up/Dn Loc and Up/Dn Loc Name indicate Third Party information is not applicable.,53950,UGIAPP/TGP FARMER BROTHERS COLUMBIA,R,COLUMBIANA,OH,WHD,Z4,Z4,216,Y,A,20231017,,Y,UGI APPALACHIA  LLC,117246237,8615,N,,,,,,20231017 09:00
1939164,TENNESSEE GAS PIPELINE,C000020,20260928 05:18,Blanks under Up/Dn Loc and Up/Dn Loc Name indicate Third Party information is not applicable.,53956,NEWALBNY/TGP CITY OF NEW ALBANY MAR,D,MARSHALL,MS,LDC,Z1,Z1,163,Y,A,20200101,,Y,NEW ALBANY  CITY OF,73508350,6531,N,,,,,,20200116 12:00
1939164,TENNESSEE GAS PIPELINE,C000020,20260928 05:18,Blanks under Up/Dn Loc and Up/Dn Loc Name indicate Third Party information is not applicable.,53981,COLUMBIA/TGP CAREY DELIVERY COLUMBI,D,COLUMBIANA,OH,INT,Z4,Z4,216,Y,A,20210406,,Y,COLUMBIA GAS OF OHIO INC.,4773586,18061,Y,C003905,53981,TGP CAREY,,,20210408 09:00
1939164,TENNESSEE GAS PIPELINE,C000020,20260928 05:18,Blanks under Up/Dn Loc and Up/Dn Loc Name indicate Third Party information is not applicable.,54003,BP ENERG/TGP US METHANOL KANAWHA,D,KANAWHA,WV,LDC,Z3,Z3,114,Y,A,20230303,,Y,BP ENERGY COMPANY,625275755,17997,N,,,,,,20230309 15:00
1939164,TENNESSEE GAS PIPELINE,C000020,20260928 05:18,Blanks under Up/Dn Loc and Up/Dn Loc Name indicate Third Party information is not applicable.,54043,NEGATRAN/TGP MCKAIG ROAD COLUMBIANA,D,COLUMBIANA,OH,INT,Z4,Z4,214,Y,A,20230418,,Y,NEXUS GAS TRANSMISSION  LLC,80151107,10542,Y,C008926,N2001,NEXUS / TGP,,,20230418 15:00
1939164,TENNESSEE GAS PIPELINE,C000020,20260928 05:18,Blanks under Up/Dn Loc and Up/Dn Loc Name indicate Third Party information is not applicable.,54086,TGP/PHP SHERIDAN COLORADO,R,COLORADO,TX,INT,Z0,Z0,109,Y,A,20260408,,Y,TENNESSEE GAS PIPELINE COMPANY  L.L.C.,1939164,4052,Y,C000020,54086,,,,20260409 15:00
1939164,TENNESSEE GAS PIPELINE,C000020,20260928 05:18,Blanks under Up/Dn Loc and Up/Dn Loc Name indicate Third Party information is not applicable.,54106,RH ET/TGP HARVEY ROAD CRAWFORD,D,CRAWFORD,PA,INT,Z4,Z4,219,Y,A,20210406,,Y,RH ENERGYTRANS  LLC,81244697,10554,Y,C010305,54106,MEADVILLE COMP STA,,,20210408 09:00
1939164,TENNESSEE GAS PIPELINE,C000020,20260928 05:18,Blanks under Up/Dn Loc and Up/Dn Loc Name indicate Third Party information is not applicable.,54301,POOLING PT. MARCELLUS - ZN.4,B,BRADFORD,PA,PPT,Z4,Z4,318,Y,A,20191001,,N,,,,,,,,,,20191001 09:00
1939164,TENNESSEE GAS PIPELINE,C000020,20260928 05:18,Blanks under Up/Dn Loc and Up/Dn Loc Name indicate Third Party information is not applicable.,54302,POOLING PT-100 LEG-BORDER-ZN 0,B,HIDALGO,TX,PPT,Z0,Z0,490,Y,A,20191001,,N,,,,,,,,,,20191001 09:00
1939164,TENNESSEE GAS PIPELINE,C000020,20260928 05:18,Blanks under Up/Dn Loc and Up/Dn Loc Name indicate Third Party information is not applicable.,54378,CAMBRIAA/TGP SHELBY CRUSHED STONE N,D,NIAGARA,NY,END,Z5,Z5,295,Y,A,20200701,,Y,CAMBRIA ASPHALT PRODUCTS  INC.,27472973,10631,N,,,,,,20200722 12:00
1939164,TENNESSEE GAS PIPELINE,C000020,20260928 05:18,Blanks under Up/Dn Loc and Up/Dn Loc Name indicate Third Party information is not applicable.,54379,KY FRESH/TGP KENTUCKY FRESH LINCOLN,D,LINCOLN,KY,LDC,Z2,Z2,187,Y,A,20251009,,Y,KENTUCKY FRESH HARVEST  LLC,,10857,N,,,,,,20251014 09:00
1939164,TENNESSEE GAS PIPELINE,C000020,20260928 05:18,Blanks under Up/Dn Loc and Up/Dn Loc Name indicate Third Party information is not applicable.,54402,NEXERGAS/TGP ADOLPH ROAD IBERIA,D,IBERIA,LA,LDC,ZL,ZL,515,Y,A,20230418,,Y,NEXTERA ENERGY SERVICES GAS  LLC,838611739,2835,N,,,,,,20260909 12:00
1939164,TENNESSEE GAS PIPELINE,C000020,20260928 05:18,Blanks under Up/Dn Loc and Up/Dn Loc Name indicate Third Party information is not applicable.,54628,STORAGE - PINE PRAIRIE,B,RAPIDES,LA,STR,ZL,ZL,823,Y,A,20200601,,N,,,,,,,,,,20200601 09:00
1939164,TENNESSEE GAS PIPELINE,C000020,20260928 05:18,Blanks under Up/Dn Loc and Up/Dn Loc Name indicate Third Party information is not applicable.,54641,E OH GAS/TGP BULLSEYE TUSCARAWAS,R,TUSCARAWAS,OH,INT,Z4,Z4,212,Y,A,20260408,,Y,THE EAST OHIO GAS COMPANY:  D/B/A/ DOMINION ENERGY OHIO,7900475,6032,Y,C001002,,TGP BULLSEYE,,,20260409 15:00
1939164,TENNESSEE GAS PIPELINE,C000020,20260928 05:18,Blanks under Up/Dn Loc and Up/Dn Loc Name indicate Third Party information is not applicable.,54847,WHISTLEP/TGP WHISTLE RECEIPT NUECES,R,NUECES,TX,INT,Z0,Z0,101,Y,A,20230501,,Y,WHISTLER PIPELINE LLC,117129302,10633,Y,C011042,54847,WHISTLER RECIPT NUECES,,,20230531 12:00
1939164,TENNESSEE GAS PIPELINE,C000020,20260928 05:18,Blanks under Up/Dn Loc and Up/Dn Loc Name indicate Third Party information is not applicable.,55152,TGP/KMTEJAS KING RANCH EXCH #2 ROLL,B,KLEBERG,TX,INT,Z0,Z0,406,Y,A,20201201,,Y,TENNESSEE GAS PIPELINE COMPANY  L.L.C.,1939164,4052,Y,C000020,55152,KING RANCH EXCH#2 ROLLUP,,,20201214 15:00
1939164,TENNESSEE GAS PIPELINE,C000020,20260928 05:18,Blanks under Up/Dn Loc and Up/Dn Loc Name indicate Third Party information is not applicable.,55258,NSTAR/TGP SUTTON DELIVERY WORCHESTE,D,WORCHESTER,MA,LDC,Z6,Z6,281,Y,A,20231017,,Y,NSTAR GAS COMPANY  DBA EVERSOURCE ENERGY,75345678,6072,N,,,,,,20231017 09:00
1939164,TENNESSEE GAS PIPELINE,C000020,20260928 05:18,Blanks under Up/Dn Loc and Up/Dn Loc Name indicate Third Party information is not applicable.,55540,HOOKSGAS/TGP PINEWOOD DELIVERY MONT,D,MONTGOMERY,TX,LDC,Z0,Z0,117,Y,A,20260201,,Y,HOOKS GAS PIPELINE  LLC,79856354,8547,Y,C002788,55540,PINEWOOD,,,20260305 09:00
1939164,TENNESSEE GAS PIPELINE,C000020,20260928 05:18,Blanks under Up/Dn Loc and Up/Dn Loc Name indicate Third Party information is not applicable.,55543,ENER FS/TGP BOSS HOWARD RECEIPT ALL,R,ALLEN,LA,INT,ZL,ZL,501,Y,A,20221007,,Y,ENERFIN FIELD SERVICES  LLC,790711514,9261,N,,,,,,20221007 15:00
1939164,TENNESSEE GAS PIPELINE,C000020,20260928 05:18,Blanks under Up/Dn Loc and Up/Dn Loc Name indicate Third Party information is not applicable.,55544,BBT ALTN/TGP BARTON TVA DELIVERY CO,D,COLBERT,AL,INT,Z1,Z1,548,Y,A,20260408,,Y,BBT ALATENN  LLC,6900773,6511,Y,C001023,55544,TGP TO ALATENN - BARTON,,,20260409 15:00
1939164,TENNESSEE GAS PIPELINE,C000020,20260928 05:18,Blanks under Up/Dn Loc and Up/Dn Loc Name indicate Third Party information is not applicable.,55578,PCG POOL -100 LEG -ZN 0 NORTH,B,NATCHITOCHES,LA,PPT,Z0,Z0,139,Y,A,20220701,,N,,,,,,,,,,20220711 10:09
1939164,TENNESSEE GAS PIPELINE,C000020,20260928 05:18,Blanks under Up/Dn Loc and Up/Dn Loc Name indicate Third Party information is not applicable.,55579,PCG POOL - STA. 87 - ZONE 1,B,NATCHITOCHES,LA,PPT,Z1,Z1,860,Y,A,20220701,,N,,,,,,,,,,20220711 10:09
1939164,TENNESSEE GAS PIPELINE,C000020,20260928 05:18,Blanks under Up/Dn Loc and Up/Dn Loc Name indicate Third Party information is not applicable.,55581,PCG POOL MARCELLUS - ZONE 4,B,BRADFORD,PA,PPT,Z4,Z4,318,Y,A,20220701,,N,,,,,,,,,,20220711 10:09
1939164,TENNESSEE GAS PIPELINE,C000020,20260928 05:18,Blanks under Up/Dn Loc and Up/Dn Loc Name indicate Third Party information is not applicable.,55600,PCG POOL -  ZN 4 200 LEG,B,MERCER,PA,PPT,Z4,Z4,217,Y,A,20220701,,N,,,,,,,,,,20220711 10:09
1939164,TENNESSEE GAS PIPELINE,C000020,20260928 05:18,Blanks under Up/Dn Loc and Up/Dn Loc Name indicate Third Party information is not applicable.,55601,PCG POOL - ZN 4 300 LEG,B,POTTER,PA,PPT,Z4,Z4,313,Y,A,20220701,,N,,,,,,,,,,20220711 10:09
1939164,TENNESSEE GAS PIPELINE,C000020,20260928 05:18,Blanks under Up/Dn Loc and Up/Dn Loc Name indicate Third Party information is not applicable.,55635,EGTS/TGP PETERSBURG II RECEIPT MAHO,R,MAHONING,OH,INT,Z4,Z4,216,Y,A,20220701,,Y,EASTERN GAS TRANSMISSION AND STORAGE  INC.,116025180,3531,Y,C000160,40127,TGP - PETERSBURG 2,,,20220711 10:09
1939164,TENNESSEE GAS PIPELINE,C000020,20260928 05:18,Blanks under Up/Dn Loc and Up/Dn Loc Name indicate Third Party information is not applicable.,55639,PCG POOL - ZN 0 100 LEG BORDER,B,HIDALGO,TX,PPT,Z0,Z0,490,Y,A,20220701,,N,,,,,,,,,,20220711 10:09
1939164,TENNESSEE GAS PIPELINE,C000020,20260928 05:18,Blanks under Up/Dn Loc and Up/Dn Loc Name indicate Third Party information is not applicable.,55640,PCG POOL - ZN 0 100 LEG SOUTH,B,WHARTON,TX,PPT,Z0,Z0,109,Y,A,20220701,,N,,,,,,,,,,20220711 10:09
1939164,TENNESSEE GAS PIPELINE,C000020,20260928 05:18,Blanks under Up/Dn Loc and Up/Dn Loc Name indicate Third Party information is not applicable.,55642,PCG POOL - ZN 1 100 LEG,B,OUACHITA,LA,PPT,Z1,Z1,143,Y,A,20220701,,N,,,,,,,,,,20220711 10:09
1939164,TENNESSEE GAS PIPELINE,C000020,20260928 05:18,Blanks under Up/Dn Loc and Up/Dn Loc Name indicate Third Party information is not applicable.,55643,PCG POOL - ZN 1 800 LEG,B,MADISON,LA,PPT,Z1,Z1,834,Y,A,20220701,,N,,,,,,,,,,20220711 10:09
1939164,TENNESSEE GAS PIPELINE,C000020,20260928 05:18,Blanks under Up/Dn Loc and Up/Dn Loc Name indicate Third Party information is not applicable.,55644,PCG POOL - ZN L 800 LEG,B,FRANKLIN,LA,PPT,ZL,ZL,823,Y,A,20220701,,N,,,,,,,,,,20220712 09:00
1939164,TENNESSEE GAS PIPELINE,C000020,20260928 05:18,Blanks under Up/Dn Loc and Up/Dn Loc Name indicate Third Party information is not applicable.,55645,PCG POOL - ZN L 500 LEG,B,FORREST,MS,PPT,ZL,ZL,530,Y,A,20220701,,N,,,,,,,,,,20241101 09:00
1939164,TENNESSEE GAS PIPELINE,C000020,20260928 05:18,Blanks under Up/Dn Loc and Up/Dn Loc Name indicate Third Party information is not applicable.,55646,PCG POOL - ZN 2 100 LEG,B,GREENUP,KY,PPT,Z2,Z2,110,Y,A,20220701,,N,,,,,,,,,,20220711 10:09
1939164,TENNESSEE GAS PIPELINE,C000020,20260928 05:18,Blanks under Up/Dn Loc and Up/Dn Loc Name indicate Third Party information is not applicable.,55647,PCG POOL - ZN 3,B,CLAY,WV,PPT,Z3,Z3,114,Y,A,20220701,,N,,,,,,,,,,20220711 10:09
1939164,TENNESSEE GAS PIPELINE,C000020,20260928 05:18,Blanks under Up/Dn Loc and Up/Dn Loc Name indicate Third Party information is not applicable.,55648,PCG POOL - ZN 5 NIAGARA,B,ERIE,NY,PPT,Z5,Z5,295,Y,A,20220701,,N,,,,,,,,,,20220711 10:09
1939164,TENNESSEE GAS PIPELINE,C000020,20260928 05:18,Blanks under Up/Dn Loc and Up/Dn Loc Name indicate Third Party information is not applicable.,55649,PCG POOL - ZN 5 200 LEG WEST,B,ONTARIO,NY,PPT,Z5,Z5,237,Y,A,20220701,,N,,,,,,,,,,20220711 10:09
1939164,TENNESSEE GAS PIPELINE,C000020,20260928 05:18,Blanks under Up/Dn Loc and Up/Dn Loc Name indicate Third Party information is not applicable.,55650,PCG POOL - ZN 5 200 LEG EAST,B,COLUMBIA,NY,PPT,Z5,Z5,249,Y,A,20220701,,N,,,,,,,,,,20220711 10:09
1939164,TENNESSEE GAS PIPELINE,C000020,20260928 05:18,Blanks under Up/Dn Loc and Up/Dn Loc Name indicate Third Party information is not applicable.,55651,PCG POOL - ZN 5 300 LEG,B,SUFFOLK,NY,PPT,Z5,Z5,324,Y,A,20220701,,N,,,,,,,,,,20220711 10:09
1939164,TENNESSEE GAS PIPELINE,C000020,20260928 05:18,Blanks under Up/Dn Loc and Up/Dn Loc Name indicate Third Party information is not applicable.,55652,PCG POOL - ZN 6 200 LEG SOUTH,B,HAMPDEN,MA,PPT,Z6,Z6,261,Y,A,20220701,,N,,,,,,,,,,20220711 10:09
1939164,TENNESSEE GAS PIPELINE,C000020,20260928 05:18,Blanks under Up/Dn Loc and Up/Dn Loc Name indicate Third Party information is not applicable.,55653,PCG POOL - ZN 6 200 LEG NORTH,B,MIDDLESEX,MA,PPT,Z6,Z6,267,Y,A,20220701,,N,,,,,,,,,,20220711 10:09
1939164,TENNESSEE GAS PIPELINE,C000020,20260928 05:18,Blanks under Up/Dn Loc and Up/Dn Loc Name indicate Third Party information is not applicable.,55654,PCG POOL - ZN 6 300 LEG,B,FAIRFIELD,CT,PPT,Z6,Z6,355,Y,A,20220701,,N,,,,,,,,,,20220711 10:09
1939164,TENNESSEE GAS PIPELINE,C000020,20260928 05:18,Blanks under Up/Dn Loc and Up/Dn Loc Name indicate Third Party information is not applicable.,55661,KHFS/TGP SOUTH COUCHATTA RECEIPT DE,R,DE SOTO,LA,GTH,Z0,Z0,700,Y,A,20231017,,Y,KINDERHAWK FIELD SERVICES LLC,962699067,561,N,,,,,,20231017 09:00
1939164,TENNESSEE GAS PIPELINE,C000020,20260928 05:18,Blanks under Up/Dn Loc and Up/Dn Loc Name indicate Third Party information is not applicable.,55669,NEENERGY/TGP CADY BROOK STATION WOR,D,WORCHESTER,MA,LNG,Z6,Z6,261,Y,A,20250407,,Y,NORTHEAST ENERGY CENTER LLC,118538146,10979,N,,,,,,20250408 09:00
1939164,TENNESSEE GAS PIPELINE,C000020,20260928 05:18,Blanks under Up/Dn Loc and Up/Dn Loc Name indicate Third Party information is not applicable.,55784,RHOBIO/TGP SCITUATE RNG REC PROVIDE,R,PROVIDENCE,RI,RNG,Z6,Z6,281,Y,A,20240101,,Y,RHODE ISLAND BIOENERGY FACILITY  LLC,118793276,10997,N,,,,,,20260903 15:00
1939164,TENNESSEE GAS PIPELINE,C000020,20260928 05:18,Blanks under Up/Dn Loc and Up/Dn Loc Name indicate Third Party information is not applicable.,55785,RHOBIO/TGP SCITUATE RNG BUY BACK PR,D,PROVIDENCE,RI,OTH,Z6,Z6,281,Y,A,20240101,,Y,RHODE ISLAND BIOENERGY FACILITY  LLC,118793276,10997,N,,,,,,20260903 15:00
1939164,TENNESSEE GAS PIPELINE,C000020,20260928 05:18,Blanks under Up/Dn Loc and Up/Dn Loc Name indicate Third Party information is not applicable.,55833,VG GATOR/TGP EVANGELINE PASS DELIVE,D,PLAQUEMINES,LA,INT,ZL,ZL,524,Y,A,20240701,,Y,VENTURE GLOBAL GATOR EXPRESS  LLC,119107110,11010,Y,CO11982,55833,TGP/GXP GATOR EXPRESS,,,20241126 09:00
1939164,TENNESSEE GAS PIPELINE,C000020,20260928 05:18,Blanks under Up/Dn Loc and Up/Dn Loc Name indicate Third Party information is not applicable.,55963,AHMLFG/TGP RUMPKE BIOGAS RECEIPT MO,R,MONTGOMERY,KY,RNG,Z2,Z2,187,Y,A,20240201,,Y,AHMLFG  LLC,,11054,N,,,,,,20240229 09:00
1939164,TENNESSEE GAS PIPELINE,C000020,20260928 05:18,Blanks under Up/Dn Loc and Up/Dn Loc Name indicate Third Party information is not applicable.,55964,AHMLFG/TGP RUMPKE BIOGAS BUYBACK DE,D,MONTGOMERY,KY,OTH,Z2,Z2,187,Y,A,20230601,,Y,AHMLFG  LLC,,11054,N,,,,,,20240229 09:00
1939164,TENNESSEE GAS PIPELINE,C000020,20260928 05:18,Blanks under Up/Dn Loc and Up/Dn Loc Name indicate Third Party information is not applicable.,56009,MATTEXPR/TGP BERNARD CREEK RECEIPT,R,WHARTON,TX,INT,Z0,Z0,109,Y,A,20241114,,Y,MATTERHORN EXPRESS PIPELINE  LLC,,11070,Y,C012377,56009,TGP BERNARD CREEK INTERCONNECT,,,20241114 09:00
1939164,TENNESSEE GAS PIPELINE,C000020,20260928 05:18,Blanks under Up/Dn Loc and Up/Dn Loc Name indicate Third Party information is not applicable.,56076,STORAGE - CLEVELAND,B,SAN JACINTO,TX,STR,Z0,Z0,125,Y,A,20231101,,N,,,,,,,,,,20231101 09:00
1939164,TENNESSEE GAS PIPELINE,C000020,20260928 05:18,Blanks under Up/Dn Loc and Up/Dn Loc Name indicate Third Party information is not applicable.,56391,LESRENEW/TGP BEECH HOLLOW BIOGAS RE,R,JACKSON,OH,RNG,Z4,Z4,200,Y,A,20250407,,Y,LES RENEWABLE NG  LLC,79347307,10742,N,,,,,,20250408 09:00
1939164,TENNESSEE GAS PIPELINE,C000020,20260928 05:18,Blanks under Up/Dn Loc and Up/Dn Loc Name indicate Third Party information is not applicable.,56392,LESRENEW/TGP BEECH HOLLOW BIOGAS BU,D,JACKSON,OH,OTH,Z4,Z4,200,Y,A,20250407,,Y,LES RENEWABLE NG  LLC,79347307,10742,N,,,,,,20250408 09:00
1939164,TENNESSEE GAS PIPELINE,C000020,20260928 05:18,Blanks under Up/Dn Loc and Up/Dn Loc Name indicate Third Party information is not applicable.,56405,GREYLOCK/TGP HERTENBERGER RD WEASLE,R,POTTER,PA,WHD,Z4,Z4,313,Y,A,20250522,,Y,GREYLOCK PRODUCTION  LLC,118632584,11188,N,,,,,,20250522 09:00
1939164,TENNESSEE GAS PIPELINE,C000020,20260928 05:18,Blanks under Up/Dn Loc and Up/Dn Loc Name indicate Third Party information is not applicable.,56495,ATMOS TL/TGP YSCLOSKEY DEL ST BERNA,D,ST BERNARD,LA,INT,ZL,ZL,527,Y,A,20251001,,Y,ATMOS  ENERGY  CORPORATION,613205723,6624,N,,,,,,20260504 09:00
1939164,TENNESSEE GAS PIPELINE,C000020,20260928 05:18,Blanks under Up/Dn Loc and Up/Dn Loc Name indicate Third Party information is not applicable.,56571,TGP/SNG TOCA #2 - SNG TO TGP ST BER,R,ST BERNARD,LA,INT,ZL,ZL,529,Y,A,20250101,,Y,TENNESSEE GAS PIPELINE COMPANY  L.L.C.,1939164,4052,Y,C000020,56571,TGP/SNG TOCA #2-SNG TO TGP ST BER,,,20250203 09:00
1939164,TENNESSEE GAS PIPELINE,C000020,20260928 05:18,Blanks under Up/Dn Loc and Up/Dn Loc Name indicate Third Party information is not applicable.,56573,TGP/SNG TGP-ROSE HILL #2 TO SNG CLA,D,CLARKE,MS,INT,Z1,Z1,539,Y,A,20250101,,Y,TENNESSEE GAS PIPELINE COMPANY  L.L.C.,1939164,4052,Y,C000020,56573,TGP/SNG TGP-ROSE HILL #2 TO SNG CLA,,,20250203 09:00
1939164,TENNESSEE GAS PIPELINE,C000020,20260928 05:18,Blanks under Up/Dn Loc and Up/Dn Loc Name indicate Third Party information is not applicable.,56689,KMTEJAS/TGP EGYPT PHPE RB WHARTON,R,WHARTON,TX,INT,Z0,Z0,109,Y,A,20231116,,Y,KINDER MORGAN TEJAS PIPELINE LLC,879826576,26089,Y,C000434,56393,TGP/KMTEJAS EGYPT PHPE WHARTON,,,20231117 09:00
1939164,TENNESSEE GAS PIPELINE,C000020,20260928 05:18,Blanks under Up/Dn Loc and Up/Dn Loc Name indicate Third Party information is not applicable.,56830,INVNYLON/TGP GREENFIELD DELIVERY VI,D,VICTORIA,TX,END,Z0,Z0,101,Y,A,20260408,,Y,INV NYLON CHEMICALS AMERICAS  LLC,117580875,11267,N,,,,,,20260409 15:00
1939164,TENNESSEE GAS PIPELINE,C000020,20260928 05:18,Blanks under Up/Dn Loc and Up/Dn Loc Name indicate Third Party information is not applicable.,56972,COKENRG/TGP SANDIES CRK FARM DEL WH,D,WHARTON,TX,END,Z0,Z0,109,Y,A,20241105,,Y,COKINOS ENERGY CORPORATION,6801588,2092,N,,,,,,20241105 09:00
1939164,TENNESSEE GAS PIPELINE,C000020,20260928 05:18,Blanks under Up/Dn Loc and Up/Dn Loc Name indicate Third Party information is not applicable.,57162,BLCKHILL/TGP PORT ROYAL REC BRADFOR,R,BRADFORD,PA,WHD,Z4,Z4,317,Y,A,20251101,,Y,BLACKHILL ENERGY LLC,117703092,10800,N,,,,,,20260423 12:00
1939164,TENNESSEE GAS PIPELINE,C000020,20260928 05:18,Blanks under Up/Dn Loc and Up/Dn Loc Name indicate Third Party information is not applicable.,57221,MAINESBG/TGP MONARCH HEMLOCK RD REC,R,TIOGA,PA,GTH,Z4,Z4,316,Y,A,20250605,,Y,MAINESBURG GS  LP,963474205,6713,N,,,,,,20250610 09:00
1939164,TENNESSEE GAS PIPELINE,C000020,20260928 05:18,Blanks under Up/Dn Loc and Up/Dn Loc Name indicate Third Party information is not applicable.,57619,TVA/TGP CUMBERLAND DELIVERY STEWART,D,STEWART,TN,EGN,Z1,Z1,163,Y,A,20260201,,Y,TENNESSEE VALLEY AUTHORITY,1883032,6046,N,,,,,,20260526 15:00
1939164,TENNESSEE GAS PIPELINE,C000020,20260928 05:18,Blanks under Up/Dn Loc and Up/Dn Loc Name indicate Third Party information is not applicable.,57687,GCX/TGP AGUA DULCE GCXE RECEIPT NUE,R,NUECES,TX,INT,Z0,Z0,101,Y,A,20260708,,Y,GULF COAST EXPRESS PIPELINE LLC,81252229,959,Y,C010084,57687,GCX/TGP AGUA DULCE GCXE RECEIPT NUE,,,20260708 09:00
1939164,TENNESSEE GAS PIPELINE,C000020,20260928 05:18,Blanks under Up/Dn Loc and Up/Dn Loc Name indicate Third Party information is not applicable.,58181,TGP/TGP CUMBERLAND LATERAL,B,DICKSON,TN,INT,Z1,Z1,163,Y,A,20260212,,N,,,,,,,,,,20260716 12:00
1939164,TENNESSEE GAS PIPELINE,C000020,20260928 05:18,Blanks under Up/Dn Loc and Up/Dn Loc Name indicate Third Party information is not applicable.,400448,CICO/TGP MERCY GU  1 LIBERTY,R,LIBERTY,TX,WHD,Z0,Z0,125,N,I,,20200401,Y,CICO OIL & GAS COMPANY,46305587,6018,N,,,,,,20200401 09:00
1939164,TENNESSEE GAS PIPELINE,C000020,20260928 05:18,Blanks under Up/Dn Loc and Up/Dn Loc Name indicate Third Party information is not applicable.,400454,KEM ENER/TGP EGYPT NORTH WEST DEHY,R,WHARTON,TX,WHD,Z0,Z0,109,Y,A,20140619,,Y,KEM ENERGY  INC.,48795159,11060,N,,,,,,20221012 15:00
1939164,TENNESSEE GAS PIPELINE,C000020,20260928 05:18,Blanks under Up/Dn Loc and Up/Dn Loc Name indicate Third Party information is not applicable.,400455,GIBRALTR/TGP S. MAPLE BRANCH LOWNDE,R,LOWNDES,MS,WHD,Z1,Z1,542,N,I,,20101203,Y,GIBRALTAR ENERGY COMPANY,787726041,6610,N,,,,,,20160708 15:00
1939164,TENNESSEE GAS PIPELINE,C000020,20260928 05:18,Blanks under Up/Dn Loc and Up/Dn Loc Name indicate Third Party information is not applicable.,400459,COL GAS/TGP BROAD RUN COBB WV KANAW,B,KANAWHA,WV,INT,Z3,Z3,114,Y,A,20190215,,Y,COLUMBIA GAS TRANSMISSION  LLC,54748041,15039,Y,C000306,B9,BROADRUN,,,20190215 12:00
1939164,TENNESSEE GAS PIPELINE,C000020,20260928 05:18,Blanks under Up/Dn Loc and Up/Dn Loc Name indicate Third Party information is not applicable.,400460,TEX GAS/TGP MITCHELLVILLE TN SUMNER,D,SUMNER,TN,INT,Z1,Z1,860,Y,A,20260408,,Y,TEXAS GAS TRANSMISSION  LLC,115972101,4076,Y,C000592,2764,MITCHELLVILLE (PORTLAND),,,20260409 15:00
1939164,TENNESSEE GAS PIPELINE,C000020,20260928 05:18,Blanks under Up/Dn Loc and Up/Dn Loc Name indicate Third Party information is not applicable.,400462,ATMOS KY/TGP DANVILLE KY BOYLE,D,BOYLE,KY,LDC,Z2,Z2,187,Y,A,20260408,,Y,ATMOS ENERGY (KY)  A DIVISION OF ATMOS ENERGY CORPORATION,,6456,N,,,,,,20260409 15:00
1939164,TENNESSEE GAS PIPELINE,C000020,20260928 05:18,Blanks under Up/Dn Loc and Up/Dn Loc Name indicate Third Party information is not applicable.,400463,SCOTTVIL/TGP SCOTTSVILLE KY ALLEN,D,ALLEN,KY,LDC,Z2,Z2,187,Y,A,20100101,,Y,CITY OF SCOTTSVILLE,26709980,6047,N,,,,,,20240806 12:00
1939164,TENNESSEE GAS PIPELINE,C000020,20260928 05:18,Blanks under Up/Dn Loc and Up/Dn Loc Name indicate Third Party information is not applicable.,400467,CLARKSVL/TGP CLARKSVILLE TN CHEATHA,D,CHEATHAM,TN,LDC,Z1,Z1,163,Y,A,20260408,,Y,CITY OF CLARKSVILLE TENN GAS AND WATER DEPARTMENT,364402685,6475,N,,,,,,20260409 15:00
1939164,TENNESSEE GAS PIPELINE,C000020,20260928 05:18,Blanks under Up/Dn Loc and Up/Dn Loc Name indicate Third Party information is not applicable.,400480,COL GAS/TGP BRINKER OH COLUMBIANA,D,COLUMBIANA,OH,INT,Z4,Z4,214,Y,A,20211006,,Y,COLUMBIA GAS TRANSMISSION  LLC,54748041,15039,Y,C000306,B12,BRINKER,,,20211007 12:00
1939164,TENNESSEE GAS PIPELINE,C000020,20260928 05:18,Blanks under Up/Dn Loc and Up/Dn Loc Name indicate Third Party information is not applicable.,400483,NFG/TGP PETTIS PA CRAWFORD,D,CRAWFORD,PA,INT,Z4,Z4,219,Y,A,20241011,,Y,NATIONAL FUEL GAS SUPPLY CORP,7912959,6313,Y,C000046,400483,PETTIS,,,20241011 12:00
1939164,TENNESSEE GAS PIPELINE,C000020,20260928 05:18,Blanks under Up/Dn Loc and Up/Dn Loc Name indicate Third Party information is not applicable.,400484,EVRSRC/TGP AGAWAM MASS HAMPDEN,D,HAMPDEN,MA,LDC,Z6,Z6,261,Y,A,20140301,,Y,EVERSOURCE GAS COMPANY OF MASSACHUSETTS DBA EVERSOURCE ENERG,117584378,19154,N,,,,,,20211101 09:00
1939164,TENNESSEE GAS PIPELINE,C000020,20260928 05:18,Blanks under Up/Dn Loc and Up/Dn Loc Name indicate Third Party information is not applicable.,400485,HEBRON STORAGE INJECTION POTTER,D,POTTER,PA,OTH,Z4,Z4,398,Y,A,20250407,,N,,,,,,,,,,20250408 09:00
1939164,TENNESSEE GAS PIPELINE,C000020,20260928 05:18,Blanks under Up/Dn Loc and Up/Dn Loc Name indicate Third Party information is not applicable.,400580,FGT/TGP SABINE EXCH CALCASIEU,D,CALCASIEU,LA,INT,ZL,ZL,820,Y,A,20131101,,Y,FLORIDA GAS TRANSMISSION COMPANY  LLC,6924518,1445,Y,C000255,7246,VARIBUS CALCASIEU,,,20160401 10:05
1939164,TENNESSEE GAS PIPELINE,C000020,20260928 05:18,Blanks under Up/Dn Loc and Up/Dn Loc Name indicate Third Party information is not applicable.,401366,TRNSCO/TGP UTOS EXCH,R,CAMERON,LA,VIR,ZL,ZL,820,Y,A,20100101,,N,,,,,,,,,,20160401 10:05
1939164,TENNESSEE GAS PIPELINE,C000020,20260928 05:18,Blanks under Up/Dn Loc and Up/Dn Loc Name indicate Third Party information is not applicable.,401464,CPTENTEX/TGP BALLARD LAWRENCE,D,LAWRENCE,MS,LDC,Z1,Z1,534,N,I,,20210201,Y,CENTERPOINT ENERGY ENTEX,46700779,6543,N,,,,,,20210201 09:00
1939164,TENNESSEE GAS PIPELINE,C000020,20260928 05:18,Blanks under Up/Dn Loc and Up/Dn Loc Name indicate Third Party information is not applicable.,401482,CPTENTEX/TGP HUDSON CHICKEN FARM LA,D,LAWRENCE,MS,LDC,Z1,Z1,534,N,I,,20210201,Y,CENTERPOINT ENERGY ENTEX,46700779,6543,N,,,,,,20210201 09:00
1939164,TENNESSEE GAS PIPELINE,C000020,20260928 05:18,Blanks under Up/Dn Loc and Up/Dn Loc Name indicate Third Party information is not applicable.,405212,GULFSTH/TGP BALLARD HUDSON CHICKEN,R,LAWRENCE,MS,INT,Z1,Z1,534,N,I,,20210201,Y,GULF SOUTH PIPELINE COMPANY  LLC,78444247,26373,Y,C000591,011586,BALLARD-HUDSON POULTRY (TO TENNGPL),,,20210201 09:00
1939164,TENNESSEE GAS PIPELINE,C000020,20260928 05:18,Blanks under Up/Dn Loc and Up/Dn Loc Name indicate Third Party information is not applicable.,405276,TGP/TGP TEWKSBURY-ANDOVER LATERAL M,B,MIDDLESEX,MA,INT,Z6,Z6,267,Y,A,20100101,,N,,,,,,,,,,20160401 10:05
1939164,TENNESSEE GAS PIPELINE,C000020,20260928 05:18,Blanks under Up/Dn Loc and Up/Dn Loc Name indicate Third Party information is not applicable.,405345,POOLING PT-100 LEG-ZN 0-SOUTH,B,WHARTON,TX,PPT,Z0,Z0,109,Y,A,19940101,,N,,,,,,,,,,20160401 10:05
1939164,TENNESSEE GAS PIPELINE,C000020,20260928 05:18,Blanks under Up/Dn Loc and Up/Dn Loc Name indicate Third Party information is not applicable.,405367,TGP/SNG BEAR CREEK INJECTION BIENVI,B,BIENVILLE,LA,INT,Z1,Z1,141,Y,A,20100101,,Y,TENNESSEE GAS PIPELINE COMPANY  L.L.C.,1939164,4052,Y,C000020,405367,SNG/TGP BIENVILLE INTERCONNECT DISP,,,20160610 12:00
1939164,TENNESSEE GAS PIPELINE,C000020,20260928 05:18,Blanks under Up/Dn Loc and Up/Dn Loc Name indicate Third Party information is not applicable.,405413,TGP/TGP CANANDAIGUA LOGICAL,B,ONTARIO,NY,VIR,Z5,Z5,233,Y,A,20100101,,N,,,,,,,,,,20160401 10:05
1939164,TENNESSEE GAS PIPELINE,C000020,20260928 05:18,Blanks under Up/Dn Loc and Up/Dn Loc Name indicate Third Party information is not applicable.,410004,MILAGRO/TGP LOS INDIOS DEHY HIDALGO,R,HIDALGO,TX,WHD,Z0,Z0,409,N,I,,20220201,Y,MILAGRO EXPLORATION  LLC,609129981,4862,N,,,,,,20220201 12:00
1939164,TENNESSEE GAS PIPELINE,C000020,20260928 05:18,Blanks under Up/Dn Loc and Up/Dn Loc Name indicate Third Party information is not applicable.,410031,EASTRANS/TGP EAST TX PLANT DEHY PAN,R,PANOLA,TX,WHD,Z0,Z0,700,Y,A,20161012,,Y,EASTRANS  LLC,610437142,20556,Y,C000105,04603001,KINDER MORGAN TENNESSEE,,,20250313 09:00
1939164,TENNESSEE GAS PIPELINE,C000020,20260928 05:18,Blanks under Up/Dn Loc and Up/Dn Loc Name indicate Third Party information is not applicable.,410063,GCENGY/TGP UDP ROCHE DEHY REFUGIO,R,REFUGIO,TX,WHD,Z0,Z0,101,N,I,,20200801,Y,GULF COAST ENERGY  INC.,137553954,13703,N,,,,,,20200801 09:00
1939164,TENNESSEE GAS PIPELINE,C000020,20260928 05:18,Blanks under Up/Dn Loc and Up/Dn Loc Name indicate Third Party information is not applicable.,410065,WAGNER/TGP UDP DONNA DEHY HIDALGO,R,HIDALGO,TX,WHD,Z0,Z0,490,Y,A,20100101,,Y,WAGNER OIL COMPANY,,5862,N,,,,,,20160708 15:00
1939164,TENNESSEE GAS PIPELINE,C000020,20260928 05:18,Blanks under Up/Dn Loc and Up/Dn Loc Name indicate Third Party information is not applicable.,410144,CPROC/TGP HCP COLORADO,R,COLORADO,TX,PLT,Z0,Z0,109,Y,A,20171011,,Y,COPANO PROCESSING LLC,,3324,N,,,,,,20220802 09:00
1939164,TENNESSEE GAS PIPELINE,C000020,20260928 05:18,Blanks under Up/Dn Loc and Up/Dn Loc Name indicate Third Party information is not applicable.,410147,ROCKLAND/TGP ALTA MESA DEHYDRATION,R,BROOKS,TX,INT,Z0,Z0,406,N,I,,20100101,Y,ROCKLAND PIPELINE COMPANY,151071941,6239,N,,,,,,20171201 09:00
1939164,TENNESSEE GAS PIPELINE,C000020,20260928 05:18,Blanks under Up/Dn Loc and Up/Dn Loc Name indicate Third Party information is not applicable.,410158,STINGER/TGP DUFFY WELL WHARTON,R,WHARTON,TX,WHD,Z0,Z0,109,N,I,,20230401,Y,STINGER OIL & GAS  INC.,796501542,1161,N,,,,,,20230401 09:00
1939164,TENNESSEE GAS PIPELINE,C000020,20260928 05:18,Blanks under Up/Dn Loc and Up/Dn Loc Name indicate Third Party information is not applicable.,410173,ETP/TGP SUN PLANT DEHYDRATION STARR,R,STARR,TX,INT,Z0,Z0,409,N,A,20221001,,Y,ENTERPRISE TEXAS PIPELINE LLC,615855160,3260,Y,C000924,101929,TENNESSEE DELMITA,,,20221108 09:00
1939164,TENNESSEE GAS PIPELINE,C000020,20260928 05:18,Blanks under Up/Dn Loc and Up/Dn Loc Name indicate Third Party information is not applicable.,410199,BNP PAR/TGP NORTH LOUISE DEHY WHART,R,WHARTON,TX,WHD,Z0,Z0,109,N,I,,20100101,Y,BNP PARIBAS ENERGY TRADING GP,785072450,1243,N,,,,,,20160627 15:00
1939164,TENNESSEE GAS PIPELINE,C000020,20260928 05:18,Blanks under Up/Dn Loc and Up/Dn Loc Name indicate Third Party information is not applicable.,410306,TEXLA/TGP UDP TOMBALL DEHY HARRIS,R,HARRIS,TX,WHD,Z0,Z0,117,Y,A,20140619,,Y,TEXLA ENERGY MANAGEMENT  INC.,884961244,21027,N,,,,,,20160708 15:00
1939164,TENNESSEE GAS PIPELINE,C000020,20260928 05:18,Blanks under Up/Dn Loc and Up/Dn Loc Name indicate Third Party information is not applicable.,410408,HEC/TGP UDP FOUR ISLE BAY DEHY TERR,R,TERREBONNE,LA,WHD,ZL,ZL,516,N,I,,20220901,Y,HILCORP ENERGY COMPANY,606410538,1074,N,,,,,,20220902 09:00
1939164,TENNESSEE GAS PIPELINE,C000020,20260928 05:18,Blanks under Up/Dn Loc and Up/Dn Loc Name indicate Third Party information is not applicable.,410454,INTRCONN/TGP UDP NORTH KEERAN WELL,R,VICTORIA,TX,WHD,Z0,Z0,109,N,I,,20150301,Y,INTERCONN RESOURCES  LLC,129926408,3417,N,,,,,,20160616 12:00
1939164,TENNESSEE GAS PIPELINE,C000020,20260928 05:18,Blanks under Up/Dn Loc and Up/Dn Loc Name indicate Third Party information is not applicable.,410539,GCENGY/TGP UDP LYLE WILSON DEHY JIM,R,JIM WELLS,TX,WHD,Z0,Z0,406,Y,A,20100101,,Y,GULF COAST ENERGY  INC.,137553954,13703,N,,,,,,20171201 09:00
1939164,TENNESSEE GAS PIPELINE,C000020,20260928 05:18,Blanks under Up/Dn Loc and Up/Dn Loc Name indicate Third Party information is not applicable.,410551,INTRCONN/TGP UDP NORTH WESLACO DEHY,R,HIDALGO,TX,WHD,Z0,Z0,490,Y,A,20100101,,Y,INTERCONN RESOURCES  LLC,129926408,3417,N,,,,,,20160616 12:00
1939164,TENNESSEE GAS PIPELINE,C000020,20260928 05:18,Blanks under Up/Dn Loc and Up/Dn Loc Name indicate Third Party information is not applicable.,410612,FAMCORO/TGP COLD SPRING DEHY SAN JA,R,SAN JACINTO,TX,OTH,Z0,Z0,125,N,I,,20150401,Y,FAMCOR OIL INC,54156112,19409,N,,,,,,20250501 12:00
1939164,TENNESSEE GAS PIPELINE,C000020,20260928 05:18,Blanks under Up/Dn Loc and Up/Dn Loc Name indicate Third Party information is not applicable.,410633,GCENGY/TGP EL EBANITO DEHY STARR,R,STARR,TX,WHD,Z0,Z0,409,Y,A,20100101,,Y,GULF COAST ENERGY  INC.,137553954,13703,N,,,,,,20190102 15:00
1939164,TENNESSEE GAS PIPELINE,C000020,20260928 05:18,Blanks under Up/Dn Loc and Up/Dn Loc Name indicate Third Party information is not applicable.,410671,TARGA/TGP UDP LOWRY PLANT DEHY CAME,R,CAMERON,LA,PLT,ZL,ZL,905,Y,I,,20250902,Y,TARGA MIDSTREAM SERVICES LLC,801475463,2893,N,,,,,,20250902 15:00
1939164,TENNESSEE GAS PIPELINE,C000020,20260928 05:18,Blanks under Up/Dn Loc and Up/Dn Loc Name indicate Third Party information is not applicable.,410729,KMTEJAS/TGP ZIM DEHYDRATION STARR,R,STARR,TX,INT,Z0,Z0,409,Y,A,20220901,,Y,KINDER MORGAN TEJAS PIPELINE LLC,879826576,26089,Y,C000434,410729,KMTEJAS/TGP ZIM DEHYDRATION STARR,,,20220901 12:00
1939164,TENNESSEE GAS PIPELINE,C000020,20260928 05:18,Blanks under Up/Dn Loc and Up/Dn Loc Name indicate Third Party information is not applicable.,410809,GCENGY/TGP LOS INDIOS DEHY HIDALGO,R,HIDALGO,TX,WHD,Z0,Z0,409,N,I,,20110314,Y,GULF COAST ENERGY  INC.,137553954,13703,N,,,,,,20160616 12:00
1939164,TENNESSEE GAS PIPELINE,C000020,20260928 05:18,Blanks under Up/Dn Loc and Up/Dn Loc Name indicate Third Party information is not applicable.,410902,TRANSCAN/TGP UDP NIAGARA RIVER NIAG,B,NIAGARA,NY,INT,Z5,Z5,296,Y,A,20100101,,Y,TRANSCANADA PIPELINES LIMITED,201772480,19949,N,,,,,,20160401 10:05
1939164,TENNESSEE GAS PIPELINE,C000020,20260928 05:18,Blanks under Up/Dn Loc and Up/Dn Loc Name indicate Third Party information is not applicable.,410907,TRUNKLNE/TGP CENTERVILLE DEHY TRANS,R,ST MARY,LA,INT,ZL,ZL,515,N,I,,20190801,Y,TRUNKLINE GAS COMPANY  LLC,7933062,4186,Y,C000251,80256,TENNESSEE @ CENTERVILLE,,,20190813 15:00
1939164,TENNESSEE GAS PIPELINE,C000020,20260928 05:18,Blanks under Up/Dn Loc and Up/Dn Loc Name indicate Third Party information is not applicable.,411023,NSTAR/TGP HOPKINTON DEHY MIDDLESEX,R,MIDDLESEX,MA,LDC,Z6,Z6,266,Y,A,20161012,,Y,NSTAR GAS COMPANY  DBA EVERSOURCE ENERGY,75345678,6072,N,,,,,,20181004 15:00
1939164,TENNESSEE GAS PIPELINE,C000020,20260928 05:18,Blanks under Up/Dn Loc and Up/Dn Loc Name indicate Third Party information is not applicable.,411034,KINETICA/TGP EGAN DEHYDRATION EXCH,R,ACADIA,LA,INT,ZL,ZL,509,N,I,,20200701,Y,KINETICA ENERGY EXPRESS L.L.C.,263938488,8566,Y,C003552,024002,EGAN B,,,20200729 09:00
1939164,TENNESSEE GAS PIPELINE,C000020,20260928 05:18,Blanks under Up/Dn Loc and Up/Dn Loc Name indicate Third Party information is not applicable.,411043,SAMSON/TGP RINCON DEHY STARR,R,STARR,TX,WHD,Z0,Z0,409,N,I,,20100101,Y,SAMSON LONE STAR  LIMITED PARTNERSHIP,15263429,2960,N,,,,,,20160708 15:00
1939164,TENNESSEE GAS PIPELINE,C000020,20260928 05:18,Blanks under Up/Dn Loc and Up/Dn Loc Name indicate Third Party information is not applicable.,411096,CODY/TGP UDP SAN SALVADOR DEHY HIDA,R,HIDALGO,TX,WHD,Z0,Z0,490,N,I,,20170501,Y,CODY ENERGY LLC,799170154,5946,N,,,,,,20170510 09:00
1939164,TENNESSEE GAS PIPELINE,C000020,20260928 05:18,Blanks under Up/Dn Loc and Up/Dn Loc Name indicate Third Party information is not applicable.,411125,GCENGY/TGP UDP NORTHINGTON DEHY WHA,R,WHARTON,TX,WHD,Z0,Z0,109,N,A,20140619,,Y,GULF COAST ENERGY  INC.,137553954,13703,N,,,,,,20160819 15:00
1939164,TENNESSEE GAS PIPELINE,C000020,20260928 05:18,Blanks under Up/Dn Loc and Up/Dn Loc Name indicate Third Party information is not applicable.,411143,PG&E/TGP GROGAN DEHYN TRANSPORT NAT,R,NATCHITOCHES,LA,WHD,Z0,Z0,700,N,I,,20100101,Y,NEGT ENERGY TRADING-GAS CORPORATION,834692394,1774,N,,,,,,20160708 15:00
1939164,TENNESSEE GAS PIPELINE,C000020,20260928 05:18,Blanks under Up/Dn Loc and Up/Dn Loc Name indicate Third Party information is not applicable.,411145,OGS/TGP BAY BATISTE TRANSPORT PLAQU,R,PLAQUEMINES,LA,INT,ZL,ZL,524,N,I,,20191211,Y,OGS PIPELINE LLC,841428852,4355,N,,,,,,20200101 09:00
1939164,TENNESSEE GAS PIPELINE,C000020,20260928 05:18,Blanks under Up/Dn Loc and Up/Dn Loc Name indicate Third Party information is not applicable.,411159,ENTRPRSE/TGP KATY DEHY TRANS WALLER,B,WALLER,TX,INT,Z0,Z0,117,N,I,,20200501,Y,ENTERPRISE INTRASTATE  LLC,48053123,3325,Y,C000925,026194,KATY DUAL DEL MTR,1-1150,KATY DUAL W,20200520 15:00
1939164,TENNESSEE GAS PIPELINE,C000020,20260928 05:18,Blanks under Up/Dn Loc and Up/Dn Loc Name indicate Third Party information is not applicable.,411190,COTERRA/TGP BEAURLINE DEHY STARR,R,STARR,TX,WHD,Z0,Z0,409,N,I,,20100101,Y,COTERRA ENERGY  INC.,607925757,20124,N,,,,,,20211012 09:00
1939164,TENNESSEE GAS PIPELINE,C000020,20260928 05:18,Blanks under Up/Dn Loc and Up/Dn Loc Name indicate Third Party information is not applicable.,411194,SAMSON/TGP NORTH RINCON DEHY STARR,R,STARR,TX,WHD,Z0,Z0,409,N,I,,20100101,Y,SAMSON LONE STAR  LIMITED PARTNERSHIP,15263429,2960,N,,,,,,20160708 15:00
1939164,TENNESSEE GAS PIPELINE,C000020,20260928 05:18,Blanks under Up/Dn Loc and Up/Dn Loc Name indicate Third Party information is not applicable.,411200,TGP/TGP ENTEX PANOLA TRANSPORT PANO,R,PANOLA,TX,INT,Z0,Z0,700,N,A,20100101,,N,,,,,,,,,,20160401 10:05
1939164,TENNESSEE GAS PIPELINE,C000020,20260928 05:18,Blanks under Up/Dn Loc and Up/Dn Loc Name indicate Third Party information is not applicable.,411225,TEXLA/TGP UDP BUTTAHATCHIE DEHY MON,R,MONROE,MS,WHD,Z1,Z1,542,Y,A,20100101,,Y,TEXLA ENERGY MANAGEMENT  INC.,884961244,21027,N,,,,,,20160708 15:00
1939164,TENNESSEE GAS PIPELINE,C000020,20260928 05:18,Blanks under Up/Dn Loc and Up/Dn Loc Name indicate Third Party information is not applicable.,411246,PRUET/TGP MAPLE BRANCH DEHY MONROE,R,MONROE,MS,WHD,Z1,Z1,542,N,I,,20100101,Y,PRUET PRODUCTION COMPANY,89837066,5610,N,,,,,,20160708 15:00
1939164,TENNESSEE GAS PIPELINE,C000020,20260928 05:18,Blanks under Up/Dn Loc and Up/Dn Loc Name indicate Third Party information is not applicable.,411265,ECCO/TGP RIVERSIDE DEHY NUECES,R,NUECES,TX,WHD,Z0,Z0,101,N,I,,20110525,Y,ECCO ENERGY CORP.,807171470,6730,N,,,,,,20160708 15:00
1939164,TENNESSEE GAS PIPELINE,C000020,20260928 05:18,Blanks under Up/Dn Loc and Up/Dn Loc Name indicate Third Party information is not applicable.,411289,PRODGG/TGP UDP RIVERSIDE DEHY NUECE,R,NUECES,TX,GTH,Z0,Z0,101,Y,A,20100101,,Y,PRODUCERS GAS GATHERING COMPANY JOINT VENTURE II,30906182,3840,N,,,,,,20160708 15:00
1939164,TENNESSEE GAS PIPELINE,C000020,20260928 05:18,Blanks under Up/Dn Loc and Up/Dn Loc Name indicate Third Party information is not applicable.,411299,HAMMAN/TGP CYPRESS DEHY HARRIS,R,HARRIS,TX,WHD,Z0,Z0,117,N,I,,20100101,Y,HAMMAN OIL AND REFINING COMPANY,79412698,18306,N,,,,,,20160708 15:00
1939164,TENNESSEE GAS PIPELINE,C000020,20260928 05:18,Blanks under Up/Dn Loc and Up/Dn Loc Name indicate Third Party information is not applicable.,411306,ENTRPRSE/TGP AGUA DULCE NUECES,B,NUECES,TX,INT,Z0,Z0,101,Y,A,20100101,,Y,ENTERPRISE INTRASTATE  LLC,48053123,3325,Y,C000925,026081,AGUA DULCE,016281,AGUA DULCE,20171031 09:00
1939164,TENNESSEE GAS PIPELINE,C000020,20260928 05:18,Blanks under Up/Dn Loc and Up/Dn Loc Name indicate Third Party information is not applicable.,411330,TEXLA/TGP CHEMARD LAKE DEHY DE SOTO,R,DE SOTO,LA,WHD,Z0,Z0,700,Y,A,20140619,,Y,TEXLA ENERGY MANAGEMENT  INC.,884961244,21027,N,,,,,,20160708 15:00
1939164,TENNESSEE GAS PIPELINE,C000020,20260928 05:18,Blanks under Up/Dn Loc and Up/Dn Loc Name indicate Third Party information is not applicable.,411347,CRANBERY/TGP BEECH FORK DEHYDRATION,R,WAYNE,WV,INT,Z3,Z3,114,N,I,,20170101,Y,CRANBERRY PIPELINE CORP,53455242,6087,Y,C000941,411347,BEECH FORK,,,20170120 15:00
1939164,TENNESSEE GAS PIPELINE,C000020,20260928 05:18,Blanks under Up/Dn Loc and Up/Dn Loc Name indicate Third Party information is not applicable.,411354,KR MCGEE/TGP TATUM DEHY FORREST,R,FORREST,MS,WHD,Z1,Z1,534,N,I,,20100101,Y,KERR-MCGEE CORPORATION,7188667,17564,N,,,,,,20160708 15:00
1939164,TENNESSEE GAS PIPELINE,C000020,20260928 05:18,Blanks under Up/Dn Loc and Up/Dn Loc Name indicate Third Party information is not applicable.,411364,GCENGY/TGP EAST RIVERSIDE  DEHYDRAT,R,NUECES,TX,WHD,Z0,Z0,101,N,I,,20100101,Y,GULF COAST ENERGY  INC.,137553954,13703,N,,,,,,20160616 12:00
1939164,TENNESSEE GAS PIPELINE,C000020,20260928 05:18,Blanks under Up/Dn Loc and Up/Dn Loc Name indicate Third Party information is not applicable.,411374,EQVOPERA/TGP NEW ACE DEHY POLK,R,POLK,TX,WHD,Z0,Z0,125,Y,A,20191002,,Y,EQV OPERATING LLC,119341288,11720,N,,,,,,20260701 15:00
1939164,TENNESSEE GAS PIPELINE,C000020,20260928 05:18,Blanks under Up/Dn Loc and Up/Dn Loc Name indicate Third Party information is not applicable.,411387,MKEYGATH/TGP UNION CITY DEHY ERIE,R,ERIE,PA,GTH,Z4,Z4,219,Y,A,20171011,,Y,EMKEY GATHERING  LLC,,6431,N,,,,,,20191011 15:00
1939164,TENNESSEE GAS PIPELINE,C000020,20260928 05:18,Blanks under Up/Dn Loc and Up/Dn Loc Name indicate Third Party information is not applicable.,411388,MKEYGATH/TGP MAYVILLE DEHY CHAUTAUQ,R,CHAUTAUQUA,NY,GTH,Z5,Z5,224,Y,A,20211006,,Y,EMKEY GATHERING  LLC,,6431,N,,,,,,20211007 12:00
1939164,TENNESSEE GAS PIPELINE,C000020,20260928 05:18,Blanks under Up/Dn Loc and Up/Dn Loc Name indicate Third Party information is not applicable.,411418,HUGHES E/TGP MOLLY RICHARDS  1 DEHY,R,LAMAR,AL,WHD,Z1,Z1,542,N,I,,20110613,Y,HUGHES EASTERN CORPORATION,150763076,6526,N,,,,,,20160616 12:00
1939164,TENNESSEE GAS PIPELINE,C000020,20260928 05:18,Blanks under Up/Dn Loc and Up/Dn Loc Name indicate Third Party information is not applicable.,411442,SHOALMIR/TGP NABORTON DEHYD D N BEL,R,DE SOTO,LA,WHD,Z0,Z0,700,N,I,,20100101,Y,J. L. SHOALMIRE OPERATING COMPANY  INC.,,6570,N,,,,,,20171024 15:00
1939164,TENNESSEE GAS PIPELINE,C000020,20260928 05:18,Blanks under Up/Dn Loc and Up/Dn Loc Name indicate Third Party information is not applicable.,411462,SWEPI LP/TGP MCALLEN SAN RAMON DEHY,R,HIDALGO,TX,WHD,Z0,Z0,409,N,I,,20100101,Y,SWEPI LP,109003467,3479,Y,C003034,411462,MCALLEN SAN RAMON DEHY,,,20220217 12:00
1939164,TENNESSEE GAS PIPELINE,C000020,20260928 05:18,Blanks under Up/Dn Loc and Up/Dn Loc Name indicate Third Party information is not applicable.,411471,COKINOS/TGP BATTLE FIELD DEHYDRATIO,R,VICTORIA,TX,LDC,Z0,Z0,101,N,I,,20120411,Y,COKINOS NATURAL GAS COMPANY,102658226,16063,N,,,,,,20160708 15:00
1939164,TENNESSEE GAS PIPELINE,C000020,20260928 05:18,Blanks under Up/Dn Loc and Up/Dn Loc Name indicate Third Party information is not applicable.,411525,PETROQUE/TGP BELLE BOWER DEHY PANOL,R,PANOLA,TX,WHD,Z0,Z0,700,N,I,,20191120,Y,PETROQUEST ENERGY  LLC,36280027,4775,N,,,,,,20191201 09:00
1939164,TENNESSEE GAS PIPELINE,C000020,20260928 05:18,Blanks under Up/Dn Loc and Up/Dn Loc Name indicate Third Party information is not applicable.,411534,SPRAGUE/TGP HAMILTON EASTER DEHY CO,R,COLORADO,TX,WHD,Z0,Z0,109,N,I,,20100101,Y,SPRAGUE OPERATING RESOURCES LLC,131362733,26470,N,,,,,,20160708 15:00
1939164,TENNESSEE GAS PIPELINE,C000020,20260928 05:18,Blanks under Up/Dn Loc and Up/Dn Loc Name indicate Third Party information is not applicable.,411559,HEC/TGP UDP 1 CENTRAL COAL & COKE D,R,SAN JACINTO,TX,WHD,Z0,Z0,125,Y,A,20140619,,Y,HILCORP ENERGY COMPANY,606410538,1074,N,,,,,,20160609 15:00
1939164,TENNESSEE GAS PIPELINE,C000020,20260928 05:18,Blanks under Up/Dn Loc and Up/Dn Loc Name indicate Third Party information is not applicable.,411577,OWS ENRG/TGP BIG SANDY DEHY CRAWFOR,R,CRAWFORD,PA,GTH,Z4,Z4,219,Y,A,20160406,,Y,OWS ENERGY  LLC,,10729,N,,,,,,20200401 09:00
1939164,TENNESSEE GAS PIPELINE,C000020,20260928 05:18,Blanks under Up/Dn Loc and Up/Dn Loc Name indicate Third Party information is not applicable.,411586,TRNSCO/TGP STARKS LA TRANSPORT CALC,R,CALCASIEU,LA,INT,ZL,ZL,820,Y,A,20231017,,Y,TRANSCONTINENTAL GAS PIPELINE COMPANY  LLC,7933021,4153,Y,C000654,1006349,VINTON STARKS,,,20231017 09:00
1939164,TENNESSEE GAS PIPELINE,C000020,20260928 05:18,Blanks under Up/Dn Loc and Up/Dn Loc Name indicate Third Party information is not applicable.,411598,SHUFFLIN/TGP SAN MIGUEL CREEK FIELD,R,NATCHITOCHES,LA,WHD,Z0,Z0,700,N,I,,20100603,Y,SHUFFLIN ENERGY COMPANY,,5688,N,,,,,,20170531 12:00
1939164,TENNESSEE GAS PIPELINE,C000020,20260928 05:18,Blanks under Up/Dn Loc and Up/Dn Loc Name indicate Third Party information is not applicable.,411658,GIBRALTR/TGP S. MAPLE BRANCH HOLLIM,R,LOWNDES,MS,WHD,Z1,Z1,542,N,I,,20190801,Y,GIBRALTAR ENERGY COMPANY,787726041,6610,N,,,,,,20190815 12:00
1939164,TENNESSEE GAS PIPELINE,C000020,20260928 05:18,Blanks under Up/Dn Loc and Up/Dn Loc Name indicate Third Party information is not applicable.,411675,HUGHES E/TGP UDP GREENWOOD SPRINGS,R,LAMAR,AL,WHD,Z1,Z1,548,Y,A,20100101,,Y,HUGHES EASTERN CORPORATION,150763076,6526,N,,,,,,20160616 12:00
1939164,TENNESSEE GAS PIPELINE,C000020,20260928 05:18,Blanks under Up/Dn Loc and Up/Dn Loc Name indicate Third Party information is not applicable.,411686,BEP1992/TGP MCARTHUR FIELD ATHENS,R,ATHENS,OH,WHD,Z4,Z4,204,Y,A,20100101,,Y,B.E.P. PARTNERS 1992 #1,6461206,6398,N,,,,,,20160627 15:00
1939164,TENNESSEE GAS PIPELINE,C000020,20260928 05:18,Blanks under Up/Dn Loc and Up/Dn Loc Name indicate Third Party information is not applicable.,411725,EXPORT/TGP LOS INDIOS DEHY HIDALGO,R,HIDALGO,TX,WHD,Z0,Z0,409,N,I,,20100101,Y,EXPORT PETROLEUM,95219804,16357,N,,,,,,20160708 15:00
1939164,TENNESSEE GAS PIPELINE,C000020,20260928 05:18,Blanks under Up/Dn Loc and Up/Dn Loc Name indicate Third Party information is not applicable.,411755,IND MKTG/TGP GROGAN FIELD DE SOTO,R,DE SOTO,LA,WHD,Z0,Z0,700,N,I,,20100101,Y,INDEPENDENT ENERGY MARKETING AND TRADING  LLC,5887591,20390,N,,,,,,20160708 15:00
1939164,TENNESSEE GAS PIPELINE,C000020,20260928 05:18,Blanks under Up/Dn Loc and Up/Dn Loc Name indicate Third Party information is not applicable.,411758,RNDTREE/TGP STEENS EXCHANGE LOWNDES,R,LOWNDES,MS,WHD,Z1,Z1,542,N,I,,20100101,Y,ROUNDTREE & ASSOCIATES  INC.,618544688,5637,N,,,,,,20160708 15:00
1939164,TENNESSEE GAS PIPELINE,C000020,20260928 05:18,Blanks under Up/Dn Loc and Up/Dn Loc Name indicate Third Party information is not applicable.,411781,SOJERSEY/TGP LAKE SHORE DEHY CHAUTA,R,CHAUTAUQUA,NY,WHD,Z5,Z5,224,Y,A,20140619,,Y,SOUTH JERSEY RESOURCES GROUP LLC,36474336,1846,N,,,,,,20240621 09:00
1939164,TENNESSEE GAS PIPELINE,C000020,20260928 05:18,Blanks under Up/Dn Loc and Up/Dn Loc Name indicate Third Party information is not applicable.,411787,EXCO/TGP BLACK LAKE DEHY NATCHITOCH,R,NATCHITOCHES,LA,WHD,Z1,Z1,140,N,A,20100101,,Y,EXCO RESOURCES  INC.,78550639,3245,N,,,,,,20160708 15:00
1939164,TENNESSEE GAS PIPELINE,C000020,20260928 05:18,Blanks under Up/Dn Loc and Up/Dn Loc Name indicate Third Party information is not applicable.,411788,DCP GLP/TGP KATY TRANSPORT WALLER,R,WALLER,TX,INT,Z0,Z0,117,Y,A,20211006,,Y,DCP GUADALUPE PIPELINE  LLC,59921518,3702,Y,C000106,00492760,TENNESSEE KATY CK MTR,,,20211007 12:00
1939164,TENNESSEE GAS PIPELINE,C000020,20260928 05:18,Blanks under Up/Dn Loc and Up/Dn Loc Name indicate Third Party information is not applicable.,411800,LENAPE/TGP BEAR LAKE DEHY CHAUTAUQU,R,CHAUTAUQUA,NY,WHD,Z5,Z5,224,N,I,,20100101,Y,LENAPE RESOURCES  INC.,196332894,5788,N,,,,,,20160708 15:00
1939164,TENNESSEE GAS PIPELINE,C000020,20260928 05:18,Blanks under Up/Dn Loc and Up/Dn Loc Name indicate Third Party information is not applicable.,411815,LAGNIAP/TGP LEBLANC FIELD DEHY TRAN,R,ALLEN,LA,WHD,ZL,ZL,501,N,I,,20100101,Y,LAGNIAPPE INTERESTS  INC.,132028221,6675,N,,,,,,20160708 15:00
1939164,TENNESSEE GAS PIPELINE,C000020,20260928 05:18,Blanks under Up/Dn Loc and Up/Dn Loc Name indicate Third Party information is not applicable.,411817,ELYSIUM/TGP SOUTH HARMONY CHURCH TR,R,ALLEN,LA,WHD,ZL,ZL,501,N,I,,20100101,Y,ELYSIUM ENERGY  L.L.C.,116040163,6592,N,,,,,,20160708 15:00
1939164,TENNESSEE GAS PIPELINE,C000020,20260928 05:18,Blanks under Up/Dn Loc and Up/Dn Loc Name indicate Third Party information is not applicable.,411819,GRIFFIN/TGP BLUE GUT PILOT HILL FIE,R,MARION,AL,WHD,Z1,Z1,548,Y,A,20140618,,Y,GRIFFIN RESOURCES  INC.,104084173,5764,N,,,,,,20160708 15:00
1939164,TENNESSEE GAS PIPELINE,C000020,20260928 05:18,Blanks under Up/Dn Loc and Up/Dn Loc Name indicate Third Party information is not applicable.,411831,GCENGY/TGP WOOD - HI DEHY VICTORIA,R,VICTORIA,TX,WHD,Z0,Z0,109,N,I,,20100101,Y,GULF COAST ENERGY  INC.,137553954,13703,N,,,,,,20160616 12:00
1939164,TENNESSEE GAS PIPELINE,C000020,20260928 05:18,Blanks under Up/Dn Loc and Up/Dn Loc Name indicate Third Party information is not applicable.,411836,MSKE/TGP UDP FIDELITY DEHYDRATION T,R,VICTORIA,TX,WHD,Z0,Z0,101,Y,A,20200730,,Y,M.S. KLOTZMAN EXPLORATION CO.,37312097,4551,N,,,,,,20200730 09:00
1939164,TENNESSEE GAS PIPELINE,C000020,20260928 05:18,Blanks under Up/Dn Loc and Up/Dn Loc Name indicate Third Party information is not applicable.,411841,MUNOCO/TGP WISE GAP TENN RIVER 30 1,R,MONROE,MS,WHD,Z1,Z1,542,N,I,,20100101,Y,MUNOCO COMPANY,6902894,2826,N,,,,,,20160708 15:00
1939164,TENNESSEE GAS PIPELINE,C000020,20260928 05:18,Blanks under Up/Dn Loc and Up/Dn Loc Name indicate Third Party information is not applicable.,411842,GIBRALTR/TGP COUNTY LINE GRANT 22 1,R,LOWNDES,MS,WHD,Z1,Z1,542,N,I,,20100101,Y,GIBRALTAR ENERGY COMPANY,787726041,6610,N,,,,,,20160708 15:00
1939164,TENNESSEE GAS PIPELINE,C000020,20260928 05:18,Blanks under Up/Dn Loc and Up/Dn Loc Name indicate Third Party information is not applicable.,411870,MKEYGATH/TGP MEADVILLE DEHY CRAWFOR,R,CRAWFORD,PA,GTH,Z4,Z4,219,N,I,,20100101,Y,EMKEY GATHERING  LLC,,6431,N,,,,,,20191011 15:00
1939164,TENNESSEE GAS PIPELINE,C000020,20260928 05:18,Blanks under Up/Dn Loc and Up/Dn Loc Name indicate Third Party information is not applicable.,411876,INTRCONN/TGP UDP BONUS DEHY TRANSPO,R,WHARTON,TX,WHD,Z0,Z0,109,Y,A,20140619,,Y,INTERCONN RESOURCES  LLC,129926408,3417,N,,,,,,20160616 12:00
1939164,TENNESSEE GAS PIPELINE,C000020,20260928 05:18,Blanks under Up/Dn Loc and Up/Dn Loc Name indicate Third Party information is not applicable.,411884,ENRONCTR/TGP MAGNOLIA PLANT PTR MAK,R,NUECES,TX,INT,Z0,Z0,406,N,I,,20100101,Y,ENRON NORTH AMERICA CORP.,791182710,5866,N,,,,,,20171201 09:00
1939164,TENNESSEE GAS PIPELINE,C000020,20260928 05:18,Blanks under Up/Dn Loc and Up/Dn Loc Name indicate Third Party information is not applicable.,411892,ST  EXXON/TGP S. TIMBALIER FIELD 54,R,SOUTH TIMBALIER,LA,WHD,ZL,ZL,523,N,I,,20130901,Y,EXXONMOBIL CORPORATION,1213214,3870,N,,,,,,20191001 15:00
1939164,TENNESSEE GAS PIPELINE,C000020,20260928 05:18,Blanks under Up/Dn Loc and Up/Dn Loc Name indicate Third Party information is not applicable.,411903,ETP/TGP SANTELLANA DEHY 3 HIDALGO,R,HIDALGO,TX,INT,Z0,Z0,409,N,I,,20231001,Y,ENTERPRISE TEXAS PIPELINE LLC,615855160,3260,Y,C000924,104940,DELMITA TGPL SANTA ELENA,,,20231001 09:00
1939164,TENNESSEE GAS PIPELINE,C000020,20260928 05:18,Blanks under Up/Dn Loc and Up/Dn Loc Name indicate Third Party information is not applicable.,411911,ETP/TGP WHARTON COUNTY TRANSPORT EX,R,WHARTON,TX,INT,Z0,Z0,109,Y,A,20221007,,Y,ENTERPRISE TEXAS PIPELINE LLC,615855160,3260,Y,C000924,554158,TENNESSEE WHARTON,,,20221007 15:00
1939164,TENNESSEE GAS PIPELINE,C000020,20260928 05:18,Blanks under Up/Dn Loc and Up/Dn Loc Name indicate Third Party information is not applicable.,411927,WC  BLK ELK/TGP W. CAMERON BLK 178,R,WEST CAMERON,LA,OTH,ZL,ZL,920,N,I,,20140301,Y,BLACK ELK ENERGY OFFSHORE OPERATIONS  LLC,12051697,6405,N,,,,,,20250501 12:00
1939164,TENNESSEE GAS PIPELINE,C000020,20260928 05:18,Blanks under Up/Dn Loc and Up/Dn Loc Name indicate Third Party information is not applicable.,411928,RANGEAPP/TGP SUMMER DALE DEHY CHAUT,R,CHAUTAUQUA,NY,GTH,Z5,Z5,224,N,I,,20100101,Y,RANGE RESOURCES - APPALACHIA  LLC,114534337,6379,N,,,,,,20250216 09:00
1939164,TENNESSEE GAS PIPELINE,C000020,20260928 05:18,Blanks under Up/Dn Loc and Up/Dn Loc Name indicate Third Party information is not applicable.,411929,TRNSCO/TGP WHARTON COUNTY TIE  IN W,R,WHARTON,TX,INT,Z0,Z0,109,N,A,20110925,,Y,TRANSCONTINENTAL GAS PIPELINE COMPANY  LLC,7933021,4153,Y,C000654,1007177,WHARTON-TGT,,,20160401 10:05
1939164,TENNESSEE GAS PIPELINE,C000020,20260928 05:18,Blanks under Up/Dn Loc and Up/Dn Loc Name indicate Third Party information is not applicable.,411938,LASERGTH/TGP UDP NORTH LOUISE DEHY,R,WHARTON,TX,WHD,Z0,Z0,109,Y,A,20140619,,Y,LIG GATHERING COMPANY II  LLC,809584308,6296,N,,,,,,20160708 15:00
1939164,TENNESSEE GAS PIPELINE,C000020,20260928 05:18,Blanks under Up/Dn Loc and Up/Dn Loc Name indicate Third Party information is not applicable.,411941,INTRCONN/TGP WATTS CREEK DEHY MARIO,R,MARION,AL,WHD,Z1,Z1,548,Y,A,20140618,,Y,INTERCONN RESOURCES  LLC,129926408,3417,N,,,,,,20160708 15:00
1939164,TENNESSEE GAS PIPELINE,C000020,20260928 05:18,Blanks under Up/Dn Loc and Up/Dn Loc Name indicate Third Party information is not applicable.,411950,MOBIL NG/TGP MONTE CHRISTO DEHYDRAT,R,HIDALGO,TX,WHD,Z0,Z0,409,N,I,,20100101,Y,MOBIL NATURAL GAS INC.,185084001,11919,N,,,,,,20160708 15:00
1939164,TENNESSEE GAS PIPELINE,C000020,20260928 05:18,Blanks under Up/Dn Loc and Up/Dn Loc Name indicate Third Party information is not applicable.,411975,MARWELL/TGP UDP RASMUSSEN  4 DEHY W,R,WHARTON,TX,WHD,Z0,Z0,109,N,A,20140619,,Y,MARWELL PETROLEUM  INC.,806288312,6023,N,,,,,,20160823 09:00
1939164,TENNESSEE GAS PIPELINE,C000020,20260928 05:18,Blanks under Up/Dn Loc and Up/Dn Loc Name indicate Third Party information is not applicable.,411976,BURLGTON/TGP FOSTERVILLE DEHY CAYUG,R,CAYUGA,NY,WHD,Z5,Z5,237,N,I,,20100101,Y,BURLINGTON RESOURCES TRADING INC.,175671007,6196,N,,,,,,20160627 15:00
1939164,TENNESSEE GAS PIPELINE,C000020,20260928 05:18,Blanks under Up/Dn Loc and Up/Dn Loc Name indicate Third Party information is not applicable.,411990,MSGM/TGP FROST FIELD DEHY STARR,R,STARR,TX,WHD,Z0,Z0,409,N,I,,20101221,Y,MILLER & SMITH GAS MARKETING  INC.,139959568,4318,N,,,,,,20160708 15:00
1939164,TENNESSEE GAS PIPELINE,C000020,20260928 05:18,Blanks under Up/Dn Loc and Up/Dn Loc Name indicate Third Party information is not applicable.,411993,GRIFFIN/TGP WATTS CREEK DEHY MARION,R,MARION,AL,WHD,Z1,Z1,548,N,I,,20100726,Y,GRIFFIN RESOURCES  INC.,104084173,5764,N,,,,,,20160708 15:00
1939164,TENNESSEE GAS PIPELINE,C000020,20260928 05:18,Blanks under Up/Dn Loc and Up/Dn Loc Name indicate Third Party information is not applicable.,411995,HEC/TGP BAY BATISTE DEHYDRATION PLA,R,PLAQUEMINES,LA,WHD,ZL,ZL,524,N,I,,20100101,Y,HILCORP ENERGY COMPANY,606410538,1074,N,,,,,,20160609 15:00
1939164,TENNESSEE GAS PIPELINE,C000020,20260928 05:18,Blanks under Up/Dn Loc and Up/Dn Loc Name indicate Third Party information is not applicable.,412001,UES/TGP EL CAMPO DEHY WHARTON,R,WHARTON,TX,WHD,Z0,Z0,109,N,I,,20111027,Y,UPSTREAM ENERGY SERVICES LLC,945765386,1319,N,,,,,,20160708 15:00
1939164,TENNESSEE GAS PIPELINE,C000020,20260928 05:18,Blanks under Up/Dn Loc and Up/Dn Loc Name indicate Third Party information is not applicable.,412002,ANR/TGP CHALKLEY TRANSPORT JEFFERSO,B,JEFFERSON DAVIS,LA,INT,ZL,ZL,905,N,I,,20190701,Y,ANR PIPELINE COMPANY,6958581,2686,Y,C000623,7703,CHALKEY/TENN,,,20190801 09:00
1939164,TENNESSEE GAS PIPELINE,C000020,20260928 05:18,Blanks under Up/Dn Loc and Up/Dn Loc Name indicate Third Party information is not applicable.,412013,ENTRPRSE/TGP SABINE RIVER TRANS NEW,B,NEWTON,TX,INT,ZL,ZL,820,Y,A,20100101,,Y,ENTERPRISE INTRASTATE  LLC,48053123,3325,Y,C000925,026156,SABINE RIVER,016179,SABINE RIVER,20171031 09:00
1939164,TENNESSEE GAS PIPELINE,C000020,20260928 05:18,Blanks under Up/Dn Loc and Up/Dn Loc Name indicate Third Party information is not applicable.,412015,HEC/TGP STARKS HANKAMER  1 CALCASIE,R,CALCASIEU,LA,WHD,ZL,ZL,820,N,I,,20190101,Y,HILCORP ENERGY COMPANY,606410538,1074,N,,,,,,20190101 09:00
1939164,TENNESSEE GAS PIPELINE,C000020,20260928 05:18,Blanks under Up/Dn Loc and Up/Dn Loc Name indicate Third Party information is not applicable.,412020,TRNSCO/TGP FALFURRIAS TRANSPORT JIM,R,JIM WELLS,TX,OTH,Z0,Z0,406,N,I,,20100101,Y,TRANSCONTINENTAL GAS PIPELINE COMPANY  LLC,7933021,4153,Y,C000654,412020,TRANSCO / TGP FALFURRIAS TRANSPORT JIM,,,20250502 09:00
1939164,TENNESSEE GAS PIPELINE,C000020,20260928 05:18,Blanks under Up/Dn Loc and Up/Dn Loc Name indicate Third Party information is not applicable.,412023,HGI/TGP UDP ENGLEHARDT COLORADO,R,COLORADO,TX,WHD,Z0,Z0,109,Y,A,20140619,,Y,HGI CORPORATION,62106505,17624,N,,,,,,20160708 15:00
1939164,TENNESSEE GAS PIPELINE,C000020,20260928 05:18,Blanks under Up/Dn Loc and Up/Dn Loc Name indicate Third Party information is not applicable.,412026,BEUSA/TGP GRAND CANE DE SOTO,R,DE SOTO,LA,WHD,Z0,Z0,700,N,I,,20131001,Y,BEUSA ENERGY  INC.,133587258,6677,N,,,,,,20160708 15:00
1939164,TENNESSEE GAS PIPELINE,C000020,20260928 05:18,Blanks under Up/Dn Loc and Up/Dn Loc Name indicate Third Party information is not applicable.,412033,MARLIN/TGP CARTHAGE TRANSPORT PANOL,R,PANOLA,TX,GTH,Z0,Z0,700,Y,A,20150817,,Y,MARLIN MIDSTREAM. LLC,623626954,4777,N,,,,,,20160708 15:00
1939164,TENNESSEE GAS PIPELINE,C000020,20260928 05:18,Blanks under Up/Dn Loc and Up/Dn Loc Name indicate Third Party information is not applicable.,412035,PELICO/TGP LIBERTY HILL BIENVILLE,R,BIENVILLE,LA,GTH,Z1,Z1,141,N,A,20171221,,Y,PELICO PIPELINE  LLC,,7157,Y,C000109,TP-012035,PELICO/TENN-LIBERTY HILL 1/2,,,20180424 09:00
1939164,TENNESSEE GAS PIPELINE,C000020,20260928 05:18,Blanks under Up/Dn Loc and Up/Dn Loc Name indicate Third Party information is not applicable.,412036,REGENCY/TGP BEAR CREEK TRANSPORT BI,B,BIENVILLE,LA,INT,Z1,Z1,141,Y,A,20100101,,Y,REGENCY INTRASTATE GAS LP,133237508,5226,Y,C000370,1468601,BEAR CREEK TRANS,,,20160401 10:05
1939164,TENNESSEE GAS PIPELINE,C000020,20260928 05:18,Blanks under Up/Dn Loc and Up/Dn Loc Name indicate Third Party information is not applicable.,412037,MERDIANX/TGP SENECA COUNTY DEHY SEN,R,SENECA,NY,WHD,Z5,Z5,237,N,I,,20100101,Y,MERIDIAN EXPLORATION CORPORATION,52196284,5972,N,,,,,,20160708 15:00
1939164,TENNESSEE GAS PIPELINE,C000020,20260928 05:18,Blanks under Up/Dn Loc and Up/Dn Loc Name indicate Third Party information is not applicable.,412046,BURLGTON/TGP MCFARLAND DEHY WHARTON,R,WHARTON,TX,WHD,Z0,Z0,109,N,I,,20100101,Y,BURLINGTON RESOURCES TRADING INC.,175671007,6196,N,,,,,,20160627 15:00
1939164,TENNESSEE GAS PIPELINE,C000020,20260928 05:18,Blanks under Up/Dn Loc and Up/Dn Loc Name indicate Third Party information is not applicable.,412051,MAGNUS/TGP SCOTT & HOPPER DEHY BROO,R,BROOKS,TX,WHD,Z0,Z0,406,N,I,,20100101,Y,SHORELINE GAS  LLC,783595630,4252,N,,,,,,20171201 09:00
1939164,TENNESSEE GAS PIPELINE,C000020,20260928 05:18,Blanks under Up/Dn Loc and Up/Dn Loc Name indicate Third Party information is not applicable.,412052,GULFCST/TGP LOOKOUT CREEK DEHY WHAR,R,WHARTON,TX,INT,Z0,Z0,109,N,I,,20100101,Y,GULF COAST PIPELINE COMPANY,879075398,20457,N,,,,,,20160401 10:05
1939164,TENNESSEE GAS PIPELINE,C000020,20260928 05:18,Blanks under Up/Dn Loc and Up/Dn Loc Name indicate Third Party information is not applicable.,412060,/TGP HEIDELBURG TRANSPORT JASPER,R,JASPER,MS,INT,Z1,Z1,534,Y,A,20201006,,Y,PETROLEUM FUELS COMPANY,,3579,N,,,,,,20201007 09:00
1939164,TENNESSEE GAS PIPELINE,C000020,20260928 05:18,Blanks under Up/Dn Loc and Up/Dn Loc Name indicate Third Party information is not applicable.,412062,BANHUB/TGP BANQUETE TRANSPORT NUECE,B,NUECES,TX,INT,Z0,Z0,101,Y,A,20161012,,Y,BANQUETE HUB LLC,81502662,549,Y,C010083,50645,TGP/BANQUETTE HUB,,,20190411 15:00
1939164,TENNESSEE GAS PIPELINE,C000020,20260928 05:18,Blanks under Up/Dn Loc and Up/Dn Loc Name indicate Third Party information is not applicable.,412065,EGTS/TGP MORRISVILLE TRANSPORT MADI,R,MADISON,NY,INT,Z5,Z5,241,Y,A,20161012,,Y,EASTERN GAS TRANSMISSION AND STORAGE  INC.,116025180,3531,Y,C000160,40114,TGP - MORRISVILLE,,,20210301 09:00
1939164,TENNESSEE GAS PIPELINE,C000020,20260928 05:18,Blanks under Up/Dn Loc and Up/Dn Loc Name indicate Third Party information is not applicable.,412066,DCP OPER/TGP INEZ INTERCONNECT DEHY,R,VICTORIA,TX,GTH,Z0,Z0,109,N,I,,20100101,Y,DCP OPERATING COMPANY  LP,3048753,3368,Y,C011323,412066,DCP OPER / TGP INEZ,,,20220711 10:09
1939164,TENNESSEE GAS PIPELINE,C000020,20260928 05:18,Blanks under Up/Dn Loc and Up/Dn Loc Name indicate Third Party information is not applicable.,412071,UES/TGP GREINER SLICK A WELL RINCON,R,STARR,TX,WHD,Z0,Z0,409,N,I,,20110929,Y,UPSTREAM ENERGY SERVICES LLC,945765386,1319,N,,,,,,20160708 15:00
1939164,TENNESSEE GAS PIPELINE,C000020,20260928 05:18,Blanks under Up/Dn Loc and Up/Dn Loc Name indicate Third Party information is not applicable.,412075,CUATRO/TGP TIGRE LAGOON VERMILION,R,VERMILION,LA,WHD,ZL,ZL,515,N,I,,20110310,Y,CUATRO PETRO CORP.,884674110,6631,N,,,,,,20160629 09:00
1939164,TENNESSEE GAS PIPELINE,C000020,20260928 05:18,Blanks under Up/Dn Loc and Up/Dn Loc Name indicate Third Party information is not applicable.,412081,EPE/TGP UDP BETHANY LONGSTREET FIEL,R,DE SOTO,LA,WHD,Z0,Z0,700,N,I,,20170803,Y,EP ENERGY E&P COMPANY  LLC,615371312,3300,N,,,,,,20220801 09:00
1939164,TENNESSEE GAS PIPELINE,C000020,20260928 05:18,Blanks under Up/Dn Loc and Up/Dn Loc Name indicate Third Party information is not applicable.,412088,ETP/TGP MONTE CHRISTO EXCH HIDALGO,R,HIDALGO,TX,INT,Z0,Z0,409,Y,A,20220823,,Y,ENTERPRISE TEXAS PIPELINE LLC,615855160,3260,Y,C000924,834158,TENNESSEE GILMORE,,,20240322 09:00
1939164,TENNESSEE GAS PIPELINE,C000020,20260928 05:18,Blanks under Up/Dn Loc and Up/Dn Loc Name indicate Third Party information is not applicable.,412089,UES/TGP NORTH LOUISE   STOCKTON  1,R,WHARTON,TX,WHD,Z0,Z0,109,N,A,20100101,,Y,UPSTREAM ENERGY SERVICES LLC,945765386,1319,N,,,,,,20160708 15:00
1939164,TENNESSEE GAS PIPELINE,C000020,20260928 05:18,Blanks under Up/Dn Loc and Up/Dn Loc Name indicate Third Party information is not applicable.,412091,WAGNER/TGP GARWOOD TRANSPORT COLORA,R,COLORADO,TX,WHD,Z0,Z0,109,N,I,,20130116,Y,WAGNER OIL COMPANY,,5862,N,,,,,,20160708 15:00
1939164,TENNESSEE GAS PIPELINE,C000020,20260928 05:18,Blanks under Up/Dn Loc and Up/Dn Loc Name indicate Third Party information is not applicable.,412099,LASERGTH/TGP UDP JONES CREEK OTELL,R,WHARTON,TX,WHD,Z0,Z0,109,N,A,20140619,,Y,LIG GATHERING COMPANY II  LLC,809584308,6296,N,,,,,,20210201 09:00
1939164,TENNESSEE GAS PIPELINE,C000020,20260928 05:18,Blanks under Up/Dn Loc and Up/Dn Loc Name indicate Third Party information is not applicable.,412100,ATMOS-TX/TGP KATY EXCH WALLER,R,WALLER,TX,INT,Z0,Z0,117,Y,A,20211006,,Y,ATMOS PIPELINE-TEXAS  A DIVISION OF ATMOS ENERGY CORPORATION,7927130,4329,Y,C001019,20610501,TENNESSEE KATY,,,20211007 12:00
1939164,TENNESSEE GAS PIPELINE,C000020,20260928 05:18,Blanks under Up/Dn Loc and Up/Dn Loc Name indicate Third Party information is not applicable.,412104,CUMMINS/TGP EDWARDS RANCH DEHY VICT,R,VICTORIA,TX,WHD,Z0,Z0,101,N,A,20100101,,Y,CUMMINS & WALKER OIL CO. INC.,55129258,18272,N,,,,,,20160629 09:00
1939164,TENNESSEE GAS PIPELINE,C000020,20260928 05:18,Blanks under Up/Dn Loc and Up/Dn Loc Name indicate Third Party information is not applicable.,412105,COMSTRES/TGP UDP CADEVILLE   LA OUA,R,OUACHITA,LA,WHD,Z1,Z1,143,Y,A,20140514,,Y,COMSTOCK RESOURCES  INC.,54814132,19553,N,,,,,,20160628 09:00
1939164,TENNESSEE GAS PIPELINE,C000020,20260928 05:18,Blanks under Up/Dn Loc and Up/Dn Loc Name indicate Third Party information is not applicable.,412111,INTRCONN/TGP UDP EAST PLACIDO DEHY,R,VICTORIA,TX,WHD,Z0,Z0,109,N,I,,20150301,Y,INTERCONN RESOURCES  LLC,129926408,3417,N,,,,,,20160616 12:00
1939164,TENNESSEE GAS PIPELINE,C000020,20260928 05:18,Blanks under Up/Dn Loc and Up/Dn Loc Name indicate Third Party information is not applicable.,412123,SOUTHXEN/TGP JACK STARR FIELD JACKS,R,JACKSON,TX,INT,Z0,Z0,109,N,I,,20100107,Y,SOUTHCROSS ENERGY GP LLC,844863139,5721,N,,,,,,20160401 10:05
1939164,TENNESSEE GAS PIPELINE,C000020,20260928 05:18,Blanks under Up/Dn Loc and Up/Dn Loc Name indicate Third Party information is not applicable.,412124,LASERGTH/TGP RIVERSIDE WILSON  1 NU,R,NUECES,TX,WHD,Z0,Z0,101,Y,A,20200327,,Y,LIG GATHERING COMPANY II  LLC,809584308,6296,N,,,,,,20200327 09:00
1939164,TENNESSEE GAS PIPELINE,C000020,20260928 05:18,Blanks under Up/Dn Loc and Up/Dn Loc Name indicate Third Party information is not applicable.,412128,ST  CHEVRON/TGP S. TIMBALIER 38,R,SOUTH TIMBALIER,LA,WHD,ZL,ZL,523,N,I,,20130901,Y,CHEVRON U.S.A. INC.,9140559,15034,N,,,,,,20160628 09:00
1939164,TENNESSEE GAS PIPELINE,C000020,20260928 05:18,Blanks under Up/Dn Loc and Up/Dn Loc Name indicate Third Party information is not applicable.,412132,SOUTHXEN/TGP STAR TRANSPORT LAMAR,R,LAMAR,AL,INT,Z1,Z1,542,N,I,,20110901,Y,SOUTHCROSS ENERGY GP LLC,844863139,5721,N,,,,,,20160401 10:05
1939164,TENNESSEE GAS PIPELINE,C000020,20260928 05:18,Blanks under Up/Dn Loc and Up/Dn Loc Name indicate Third Party information is not applicable.,412133,SOUTHXEN/TGP MILLPORT MCGEE TRANSPO,R,LAMAR,AL,INT,Z1,Z1,542,N,I,,20110128,Y,SOUTHCROSS ENERGY GP LLC,844863139,5721,N,,,,,,20160401 10:05
1939164,TENNESSEE GAS PIPELINE,C000020,20260928 05:18,Blanks under Up/Dn Loc and Up/Dn Loc Name indicate Third Party information is not applicable.,412138,ENLINK/TGP TEXAS GARDENS DEHY HIDAL,R,HIDALGO,TX,GTH,Z0,Z0,409,N,I,,20100101,Y,ENLINK MIDSTREAM OPERATING  LP,878636729,1634,N,,,,,,20160708 15:00
1939164,TENNESSEE GAS PIPELINE,C000020,20260928 05:18,Blanks under Up/Dn Loc and Up/Dn Loc Name indicate Third Party information is not applicable.,412150,ENLINK/TGP WEST JAVALINA FIELD DEHY,R,STARR,TX,GTH,Z0,Z0,409,N,I,,20100101,Y,ENLINK MIDSTREAM OPERATING  LP,878636729,1634,N,,,,,,20160708 15:00
1939164,TENNESSEE GAS PIPELINE,C000020,20260928 05:18,Blanks under Up/Dn Loc and Up/Dn Loc Name indicate Third Party information is not applicable.,412156,KAISER/TGP FRIENDSWOOD  1 DEHY MONT,R,MONTGOMERY,TX,WHD,Z0,Z0,117,N,I,,20100101,Y,KAISER-FRANCIS OIL COMPANY,72417900,17607,N,,,,,,20160708 15:00
1939164,TENNESSEE GAS PIPELINE,C000020,20260928 05:18,Blanks under Up/Dn Loc and Up/Dn Loc Name indicate Third Party information is not applicable.,412166,ENLINK/TGP WILSON  1 WHARTON,R,WHARTON,TX,GTH,Z0,Z0,109,N,I,,20100727,Y,ENLINK MIDSTREAM OPERATING  LP,878636729,1634,N,,,,,,20160708 15:00
1939164,TENNESSEE GAS PIPELINE,C000020,20260928 05:18,Blanks under Up/Dn Loc and Up/Dn Loc Name indicate Third Party information is not applicable.,412171,TXINDPT/TGP GYP HILL DEHY BROOKS,R,BROOKS,TX,WHD,Z0,Z0,406,N,I,,20100101,Y,TEXAS INDEPENDENT EXPLORATION LIMITED,150412799,18508,N,,,,,,20171201 09:00
1939164,TENNESSEE GAS PIPELINE,C000020,20260928 05:18,Blanks under Up/Dn Loc and Up/Dn Loc Name indicate Third Party information is not applicable.,412174,PINOAK/TGP MERCER COUNTY DEHYDRATIO,R,MERCER,PA,WHD,Z4,Z4,219,N,I,,20100101,Y,PIN OAK ENERGY PARTNERS LLC,53358661,10236,N,,,,,,20200930 09:00
1939164,TENNESSEE GAS PIPELINE,C000020,20260928 05:18,Blanks under Up/Dn Loc and Up/Dn Loc Name indicate Third Party information is not applicable.,412180,IROQUOIS/TGP SHELTON INTERCONNECT F,R,FAIRFIELD,CT,INT,Z6,Z6,345,Y,A,20161012,,Y,IROQUOIS GAS TRANSMISSION SYSTEM  L.P.,603955949,26216,Y,C000438,68099,SHELTON A,,,20161101 09:00
1939164,TENNESSEE GAS PIPELINE,C000020,20260928 05:18,Blanks under Up/Dn Loc and Up/Dn Loc Name indicate Third Party information is not applicable.,412181,IROQUOIS/TGP WRIGHT SMS SCHOHARIE,R,SCHOHARIE,NY,INT,Z5,Z5,249,Y,A,19940101,,Y,IROQUOIS GAS TRANSMISSION SYSTEM  L.P.,603955949,26216,Y,C000438,16409,WRIGHT,,,20160401 10:05
1939164,TENNESSEE GAS PIPELINE,C000020,20260928 05:18,Blanks under Up/Dn Loc and Up/Dn Loc Name indicate Third Party information is not applicable.,412186,STXOPER/TGP EL STAGGS DEHY HIDALGO,R,HIDALGO,TX,WHD,Z0,Z0,409,N,I,,20100101,Y,SOUTH TEXAS OPERATING COMPANY,609205091,5273,N,,,,,,20160708 15:00
1939164,TENNESSEE GAS PIPELINE,C000020,20260928 05:18,Blanks under Up/Dn Loc and Up/Dn Loc Name indicate Third Party information is not applicable.,412188,OWS ENRG/TGP VENANGO CNTY DEHY VENA,R,VENANGO,PA,GTH,Z4,Z4,300,Y,A,20220406,,Y,OWS ENERGY  LLC,,10729,N,,,,,,20220407 12:00
1939164,TENNESSEE GAS PIPELINE,C000020,20260928 05:18,Blanks under Up/Dn Loc and Up/Dn Loc Name indicate Third Party information is not applicable.,412192,HEC/TGP UDP CHALKLEY  GARRISON  1 C,R,CAMERON,LA,WHD,ZL,ZL,905,N,I,,20190701,Y,HILCORP ENERGY COMPANY,606410538,1074,N,,,,,,20190801 09:00
1939164,TENNESSEE GAS PIPELINE,C000020,20260928 05:18,Blanks under Up/Dn Loc and Up/Dn Loc Name indicate Third Party information is not applicable.,412196,ENLINK/TGP NORTH BRAYTON DEHY NUECE,R,NUECES,TX,GTH,Z0,Z0,101,N,I,,20100101,Y,ENLINK MIDSTREAM OPERATING  LP,878636729,1634,N,,,,,,20160708 15:00
1939164,TENNESSEE GAS PIPELINE,C000020,20260928 05:18,Blanks under Up/Dn Loc and Up/Dn Loc Name indicate Third Party information is not applicable.,412197,KMTEJAS/TGP KING RANCH KLEBERG,R,KLEBERG,TX,INT,Z0,Z0,406,N,A,20100101,,Y,KINDER MORGAN TEJAS PIPELINE LLC,879826576,26089,Y,C000434,412197,KMTEJAS/TGP KING RANCH KLEBERG,,,20171201 09:00
1939164,TENNESSEE GAS PIPELINE,C000020,20260928 05:18,Blanks under Up/Dn Loc and Up/Dn Loc Name indicate Third Party information is not applicable.,412210,INTRCONN/TGP UDP STATE TRACT 72  1,R,REFUGIO,TX,WHD,Z0,Z0,101,N,I,,20150301,Y,INTERCONN RESOURCES  LLC,129926408,3417,N,,,,,,20160616 12:00
1939164,TENNESSEE GAS PIPELINE,C000020,20260928 05:18,Blanks under Up/Dn Loc and Up/Dn Loc Name indicate Third Party information is not applicable.,412211,UNIVRES/TGP STUEBEN COUNTY DEHY STE,R,STEUBEN,NY,WHD,Z5,Z5,299,N,I,,20100101,Y,UNIVERSAL RESOURCES HOLDINGS INC,42465575,6317,N,,,,,,20160708 15:00
1939164,TENNESSEE GAS PIPELINE,C000020,20260928 05:18,Blanks under Up/Dn Loc and Up/Dn Loc Name indicate Third Party information is not applicable.,412220,TXINDPT/TGP SAN SALVADOR DEHY HIDAL,R,HIDALGO,TX,WHD,Z0,Z0,490,N,I,,20100101,Y,TEXAS INDEPENDENT EXPLORATION LIMITED,150412799,18508,N,,,,,,20160708 15:00
1939164,TENNESSEE GAS PIPELINE,C000020,20260928 05:18,Blanks under Up/Dn Loc and Up/Dn Loc Name indicate Third Party information is not applicable.,412221,84ENERGY/TGP ODEM DEHYDRATION SAN P,R,SAN PATRICIO,TX,WHD,Z0,Z0,101,Y,A,20100101,,Y,84 ENERGY  LLC,,10954,N,,,,,,20250206 12:00
1939164,TENNESSEE GAS PIPELINE,C000020,20260928 05:18,Blanks under Up/Dn Loc and Up/Dn Loc Name indicate Third Party information is not applicable.,412223,MU  BURLGTON/TGP MUSTANG ISLAND BLO,R,MUSTANG ISLAND - LARGE BLOCK,TX,OTH,Z0,Z0,101,N,I,,20150401,Y,BURLINGTON RESOURCES TRADING INC.,175671007,6196,N,,,,,,20250501 12:00
1939164,TENNESSEE GAS PIPELINE,C000020,20260928 05:18,Blanks under Up/Dn Loc and Up/Dn Loc Name indicate Third Party information is not applicable.,412229,SIERRA/TGP LA REFORMA DEHY HIDALGO,R,HIDALGO,TX,WHD,Z0,Z0,409,N,I,,20100101,Y,SIERRA RESOURCES  LLC,,6077,N,,,,,,20160708 15:00
1939164,TENNESSEE GAS PIPELINE,C000020,20260928 05:18,Blanks under Up/Dn Loc and Up/Dn Loc Name indicate Third Party information is not applicable.,412232,IND MKTG/TGP LOVETT  1 GAS UNIT SAN,R,SAN PATRICIO,TX,WHD,Z0,Z0,101,N,I,,20100101,Y,INDEPENDENT ENERGY MARKETING AND TRADING  LLC,5887591,20390,N,,,,,,20160708 15:00
1939164,TENNESSEE GAS PIPELINE,C000020,20260928 05:18,Blanks under Up/Dn Loc and Up/Dn Loc Name indicate Third Party information is not applicable.,412233,WHTOKOG/TGP UDP BAYOU PENCHANT DEHY,R,TERREBONNE,LA,WHD,ZL,ZL,516,Y,A,20100101,,Y,WHITE OAK OIL & GAS PARTNERS  LP,827013124,6280,N,,,,,,20160708 15:00
1939164,TENNESSEE GAS PIPELINE,C000020,20260928 05:18,Blanks under Up/Dn Loc and Up/Dn Loc Name indicate Third Party information is not applicable.,412242,INTRCONN/TGP UDP LAMBERT DEHY REFUG,R,REFUGIO,TX,WHD,Z0,Z0,101,N,I,,20150301,Y,INTERCONN RESOURCES  LLC,129926408,3417,N,,,,,,20160616 12:00
1939164,TENNESSEE GAS PIPELINE,C000020,20260928 05:18,Blanks under Up/Dn Loc and Up/Dn Loc Name indicate Third Party information is not applicable.,412259,VISTARES/TGP CLARKS MILLS DEHY MERC,R,MERCER,PA,WHD,Z4,Z4,219,Y,A,20150817,,Y,VISTA RESOURCES INC,195486204,6012,N,,,,,,20160708 15:00
1939164,TENNESSEE GAS PIPELINE,C000020,20260928 05:18,Blanks under Up/Dn Loc and Up/Dn Loc Name indicate Third Party information is not applicable.,412261,CRIMEXPL/TGP RASMUSSEN  1 DEHY WHAR,R,WHARTON,TX,WHD,Z0,Z0,109,N,I,,20100101,Y,CRIMSON EXPLORATION  INC.,794356626,4850,N,,,,,,20160629 09:00
1939164,TENNESSEE GAS PIPELINE,C000020,20260928 05:18,Blanks under Up/Dn Loc and Up/Dn Loc Name indicate Third Party information is not applicable.,412270,LOBO/TGP UDP TRANSAMERICAN INTERCON,R,NUECES,TX,INT,Z0,Z0,101,N,I,,20191201,Y,LOBO PIPELINE COMPANY LLC,90974577,1809,Y,C001263,196-12-027,TENN METER AT AD,,,20191202 15:00
1939164,TENNESSEE GAS PIPELINE,C000020,20260928 05:18,Blanks under Up/Dn Loc and Up/Dn Loc Name indicate Third Party information is not applicable.,412271,KTY STTR/TGP KATY INTERCONNECT WALL,B,WALLER,TX,INT,Z0,Z0,117,Y,A,20100101,,Y,KATY STORAGE AND TRANSPORTATION  LP,126440895,6078,N,,,,,,20160401 10:05
1939164,TENNESSEE GAS PIPELINE,C000020,20260928 05:18,Blanks under Up/Dn Loc and Up/Dn Loc Name indicate Third Party information is not applicable.,412277,ET G&P/TGP BROOKELAND FIELD DEHY SA,R,SABINE,TX,WHD,Z0,Z0,132,Y,A,20210621,,Y,ET GATHERING & PROCESSING LLC,32377308,3862,Y,C012199,412277,ETC TX / TGP BROOKELAND,,,20240430 15:00
1939164,TENNESSEE GAS PIPELINE,C000020,20260928 05:18,Blanks under Up/Dn Loc and Up/Dn Loc Name indicate Third Party information is not applicable.,412297,XTO OFSH/TGP BUNCHY DEHYDRATION ALL,R,ALLEN,LA,WHD,ZL,ZL,501,N,I,,20100101,Y,XTO OFFSHORE INC.,51889079,6604,N,,,,,,20160708 15:00
1939164,TENNESSEE GAS PIPELINE,C000020,20260928 05:18,Blanks under Up/Dn Loc and Up/Dn Loc Name indicate Third Party information is not applicable.,412322,TEXLA/TGP UDP MCKINLEY CREEK TRANSP,R,MONROE,MS,WHD,Z1,Z1,542,N,I,,20191211,Y,TEXLA ENERGY MANAGEMENT  INC.,884961244,21027,N,,,,,,20191211 12:00
1939164,TENNESSEE GAS PIPELINE,C000020,20260928 05:18,Blanks under Up/Dn Loc and Up/Dn Loc Name indicate Third Party information is not applicable.,412327,FAMCORO/TGP SABINE WELL  5 DEHY MON,R,MONTGOMERY,TX,WHD,Z0,Z0,117,N,I,,20100101,Y,FAMCOR OIL INC,54156112,19409,N,,,,,,20160708 15:00
1939164,TENNESSEE GAS PIPELINE,C000020,20260928 05:18,Blanks under Up/Dn Loc and Up/Dn Loc Name indicate Third Party information is not applicable.,412329,HESCO CO/TGP NAISER DEHYDRATION   R,R,WHARTON,TX,GTH,Z0,Z0,109,N,I,,20100101,Y,HESCO GATHERING COMPANY  L.L.C.,17128898,2141,N,,,,,,20160609 15:00
1939164,TENNESSEE GAS PIPELINE,C000020,20260928 05:18,Blanks under Up/Dn Loc and Up/Dn Loc Name indicate Third Party information is not applicable.,412352,EGT/TGP GUTHRIE EXCHANGE OUACHITA,B,OUACHITA,LA,INT,Z1,Z1,143,Y,A,20100101,,Y,ENABLE GAS TRANSMISSION  LLC,872670161,3019,Y,C000544,3087,TENN 100 CORE DEL,12059,TENN 100 REC,20160401 10:05
1939164,TENNESSEE GAS PIPELINE,C000020,20260928 05:18,Blanks under Up/Dn Loc and Up/Dn Loc Name indicate Third Party information is not applicable.,412355,TRANS-TX/TGP BACA  1 DEHYD WHARTON,R,WHARTON,TX,WHD,Z0,Z0,109,N,I,,20100101,Y,TRANSTEXAS GAS CORPORATION,154064513,5854,N,,,,,,20160708 15:00
1939164,TENNESSEE GAS PIPELINE,C000020,20260928 05:18,Blanks under Up/Dn Loc and Up/Dn Loc Name indicate Third Party information is not applicable.,412356,DCP OPER/TGP TIJERINA DEHY JIM WELL,R,JIM WELLS,TX,PLT,Z0,Z0,406,N,I,,20161101,Y,DCP OPERATING COMPANY  LP,3048753,3368,Y,C011323,412356,DCP OPER / TGP TIJERINA,,,20220711 10:09
1939164,TENNESSEE GAS PIPELINE,C000020,20260928 05:18,Blanks under Up/Dn Loc and Up/Dn Loc Name indicate Third Party information is not applicable.,412357,EAGLEDEV/TGP NORTH LOUISE DEHY WHAR,R,WHARTON,TX,WHD,Z0,Z0,109,N,I,,20100101,Y,EAGLE ENERGY DEVELOPMENT COMPANY,194669636,3532,N,,,,,,20160708 15:00
1939164,TENNESSEE GAS PIPELINE,C000020,20260928 05:18,Blanks under Up/Dn Loc and Up/Dn Loc Name indicate Third Party information is not applicable.,412358,SP  VAR/TGP S. PASS BLK 55 DEHY DUA,R,SOUTH PASS,LA,OTH,ZL,ZL,980,N,I,,20130901,Y,VARIOUS,,16115,N,,,,,,20250501 12:00
1939164,TENNESSEE GAS PIPELINE,C000020,20260928 05:18,Blanks under Up/Dn Loc and Up/Dn Loc Name indicate Third Party information is not applicable.,412361,LOCIN/TGP FAULCONER TAP MONTGOMERY,R,MONTGOMERY,TX,WHD,Z0,Z0,117,N,I,,20100101,Y,LOCIN OIL CORPORATION,175664853,6660,N,,,,,,20160708 15:00
1939164,TENNESSEE GAS PIPELINE,C000020,20260928 05:18,Blanks under Up/Dn Loc and Up/Dn Loc Name indicate Third Party information is not applicable.,412364,GULFPORT/TGP DEER ISLAND DEHYD TERR,R,TERREBONNE,LA,WHD,ZL,ZL,516,N,I,,20100101,Y,GULFPORT ENERGY OPERATING CORPORATION,4850660,6566,N,,,,,,20210819 12:00
1939164,TENNESSEE GAS PIPELINE,C000020,20260928 05:18,Blanks under Up/Dn Loc and Up/Dn Loc Name indicate Third Party information is not applicable.,412367,WHTOKOG/TGP TOMBALL DEHY HARRIS,R,HARRIS,TX,WHD,Z0,Z0,117,N,I,,20100201,Y,WHITE OAK OIL & GAS PARTNERS  LP,827013124,6280,N,,,,,,20160708 15:00
1939164,TENNESSEE GAS PIPELINE,C000020,20260928 05:18,Blanks under Up/Dn Loc and Up/Dn Loc Name indicate Third Party information is not applicable.,412390,ATASCA R/TGP FLACK GAS UNIT  1 BROO,R,BROOKS,TX,WHD,Z0,Z0,406,N,I,,20110223,Y,ATASCA RESOURCES  INC.,807094305,4511,N,,,,,,20171201 09:00
1939164,TENNESSEE GAS PIPELINE,C000020,20260928 05:18,Blanks under Up/Dn Loc and Up/Dn Loc Name indicate Third Party information is not applicable.,412392,BEXCO/TGP BROOKELAND FIELD DEHYDRAT,R,SABINE,TX,WHD,Z0,Z0,132,N,I,,20100101,Y,BEXCO OPERATING  INC.,148565419,6717,N,,,,,,20160627 15:00
1939164,TENNESSEE GAS PIPELINE,C000020,20260928 05:18,Blanks under Up/Dn Loc and Up/Dn Loc Name indicate Third Party information is not applicable.,412393,MARKWEST/TGP HICKMAN  1 EVANGELINE,R,EVANGELINE,LA,WHD,ZL,ZL,823,N,I,,20100101,Y,MARKWEST PINNACLE  L.L.C.,191536424,8891,N,,,,,,20160811 12:00
1939164,TENNESSEE GAS PIPELINE,C000020,20260928 05:18,Blanks under Up/Dn Loc and Up/Dn Loc Name indicate Third Party information is not applicable.,412398,JEFFSTOR/TGP JEFFERSON ISLAND IBERI,B,IBERIA,LA,INT,ZL,ZL,515,Y,A,20100101,,Y,JEFFERSON ISLAND STORAGE & HUB L.L.C.,804457104,26473,Y,C001773,M6004,TENNESSEE GAS,M6004,TENNESSEE GAS,20160401 10:05
1939164,TENNESSEE GAS PIPELINE,C000020,20260928 05:18,Blanks under Up/Dn Loc and Up/Dn Loc Name indicate Third Party information is not applicable.,412399,MILAGRO/TGP UDP LANGHAM CREEK JOSEY,R,HARRIS,TX,WHD,Z0,Z0,117,N,I,,20150514,Y,MILAGRO EXPLORATION  LLC,609129981,4862,N,,,,,,20160708 15:00
1939164,TENNESSEE GAS PIPELINE,C000020,20260928 05:18,Blanks under Up/Dn Loc and Up/Dn Loc Name indicate Third Party information is not applicable.,412400,LOBO/TGP KING RANCH JIM WELLS,R,JIM WELLS,TX,INT,Z0,Z0,406,Y,A,20190612,,Y,LOBO PIPELINE COMPANY LLC,90974577,1809,Y,C001263,0890511C,TENNECO #1 TAILGATE,,,20190613 09:00
1939164,TENNESSEE GAS PIPELINE,C000020,20260928 05:18,Blanks under Up/Dn Loc and Up/Dn Loc Name indicate Third Party information is not applicable.,412416,TX PETR/TGP ALLAR CO  1 FORREST,R,FORREST,MS,WHD,Z1,Z1,534,N,I,,20221001,Y,TEXAS PETROLEUM INVESTMENT COMPANY,619010770,1700,N,,,,,,20221001 09:00
1939164,TENNESSEE GAS PIPELINE,C000020,20260928 05:18,Blanks under Up/Dn Loc and Up/Dn Loc Name indicate Third Party information is not applicable.,412425,ONYXMKTG/TGP RIVERSIDE DEHYD SAN PA,R,SAN PATRICIO,TX,WHD,Z0,Z0,101,N,I,,20201101,Y,ONYX GAS MARKETING COMPANY  L.C.,826404907,21043,N,,,,,,20201101 09:00
1939164,TENNESSEE GAS PIPELINE,C000020,20260928 05:18,Blanks under Up/Dn Loc and Up/Dn Loc Name indicate Third Party information is not applicable.,412427,PETSEC/TGP BAYOU PETIT CAILLU TERRE,R,TERREBONNE,LA,WHD,ZL,ZL,523,N,I,,20130901,Y,PETSEC ENERGY INC.,137718099,26467,N,,,,,,20160708 15:00
1939164,TENNESSEE GAS PIPELINE,C000020,20260928 05:18,Blanks under Up/Dn Loc and Up/Dn Loc Name indicate Third Party information is not applicable.,412431,TGP/SNG BEAR CREEK INJECTION BIENVI,B,BIENVILLE,LA,INT,Z1,Z1,141,Y,A,20100101,,Y,TENNESSEE GAS PIPELINE COMPANY  L.L.C.,1939164,4052,Y,C000020,412431,SNG/TGP BEAR CREEK INJECTION BIENVI,,,20160401 10:05
1939164,TENNESSEE GAS PIPELINE,C000020,20260928 05:18,Blanks under Up/Dn Loc and Up/Dn Loc Name indicate Third Party information is not applicable.,412433,COKINOS/TGP STOVALL  1   BRAVENEC P,R,WHARTON,TX,LDC,Z0,Z0,109,N,I,,20110505,Y,COKINOS NATURAL GAS COMPANY,102658226,16063,N,,,,,,20160708 15:00
1939164,TENNESSEE GAS PIPELINE,C000020,20260928 05:18,Blanks under Up/Dn Loc and Up/Dn Loc Name indicate Third Party information is not applicable.,412453,GEOPETRA/TGP WEST LUMBER #2 POLK,R,POLK,TX,WHD,Z0,Z0,125,Y,A,20140619,,Y,GEOPETRA PARTNERS  LLC,968460795,8591,N,,,,,,20170404 15:00
1939164,TENNESSEE GAS PIPELINE,C000020,20260928 05:18,Blanks under Up/Dn Loc and Up/Dn Loc Name indicate Third Party information is not applicable.,412456,MAGNUS/TGP LA BRISA STARR,R,STARR,TX,WHD,Z0,Z0,409,N,I,,20100101,Y,SHORELINE GAS  LLC,783595630,4252,N,,,,,,20160708 15:00
1939164,TENNESSEE GAS PIPELINE,C000020,20260928 05:18,Blanks under Up/Dn Loc and Up/Dn Loc Name indicate Third Party information is not applicable.,412457,TTL GAS/TGP DONNA  3 HIDALGO,R,HIDALGO,TX,WHD,Z0,Z0,490,N,I,,20100101,Y,TOTALENERGIES GAS & POWER NORTH AMERICA  INC.,620059980,5771,N,,,,,,20210812 12:00
1939164,TENNESSEE GAS PIPELINE,C000020,20260928 05:18,Blanks under Up/Dn Loc and Up/Dn Loc Name indicate Third Party information is not applicable.,412458,ETP/TGP GILMORE PLANT RESIDUE HIDAL,R,HIDALGO,TX,INT,Z0,Z0,410,Y,A,19940101,,Y,ENTERPRISE TEXAS PIPELINE LLC,615855160,3260,Y,C000924,834750,TENNESSEE SAN SALVADOR,,,20160401 10:05
1939164,TENNESSEE GAS PIPELINE,C000020,20260928 05:18,Blanks under Up/Dn Loc and Up/Dn Loc Name indicate Third Party information is not applicable.,412460,VNTUREOG/TGP UDP A   FOOTE ESTATE,R,JONES,MS,WHD,Z1,Z1,534,Y,A,20230418,,Y,VENTURE OIL AND GAS  INC.,601208069,5022,N,,,,,,20230418 15:00
1939164,TENNESSEE GAS PIPELINE,C000020,20260928 05:18,Blanks under Up/Dn Loc and Up/Dn Loc Name indicate Third Party information is not applicable.,412461,OLIPDPII/TGP DEHYDRATION CALCASIEU,R,CALCASIEU,LA,WHD,ZL,ZL,820,Y,A,20241011,,Y,OLIPDP II  LLC,,11065,N,,,,,,20241011 12:00
1939164,TENNESSEE GAS PIPELINE,C000020,20260928 05:18,Blanks under Up/Dn Loc and Up/Dn Loc Name indicate Third Party information is not applicable.,412463,ELPOGCO/TGP MONTE CHRISTO DEHYD HID,R,HIDALGO,TX,WHD,Z0,Z0,409,N,I,,20100101,Y,EL PASO PRODUCTION OIL & GAS COMPANY,74203266,3759,N,,,,,,20160708 15:00
1939164,TENNESSEE GAS PIPELINE,C000020,20260928 05:18,Blanks under Up/Dn Loc and Up/Dn Loc Name indicate Third Party information is not applicable.,412464,PINOAK/TGP JACKSON CENTER DEHY MERC,R,MERCER,PA,WHD,Z4,Z4,219,Y,A,20251009,,Y,PIN OAK ENERGY PARTNERS LLC,53358661,10236,N,,,,,,20251015 09:00
1939164,TENNESSEE GAS PIPELINE,C000020,20260928 05:18,Blanks under Up/Dn Loc and Up/Dn Loc Name indicate Third Party information is not applicable.,412465,WESTPORT/TGP LA BRISA RANCH  1WELL,R,STARR,TX,WHD,Z0,Z0,409,N,I,,20100101,Y,WESTPORT OIL AND GAS COMPANY  L.P.,,6720,N,,,,,,20171024 15:00
1939164,TENNESSEE GAS PIPELINE,C000020,20260928 05:18,Blanks under Up/Dn Loc and Up/Dn Loc Name indicate Third Party information is not applicable.,412473,HEC/TGP SOUTH PHIL TOWER REFUGIO,R,REFUGIO,TX,WHD,Z0,Z0,101,N,I,,20191211,Y,HILCORP ENERGY COMPANY,606410538,1074,N,,,,,,20200101 09:00
1939164,TENNESSEE GAS PIPELINE,C000020,20260928 05:18,Blanks under Up/Dn Loc and Up/Dn Loc Name indicate Third Party information is not applicable.,412474,HGI/TGP N W  GARWOOD  JOHNSON COLOR,R,COLORADO,TX,WHD,Z0,Z0,109,N,I,,20100101,Y,HGI CORPORATION,62106505,17624,N,,,,,,20160708 15:00
1939164,TENNESSEE GAS PIPELINE,C000020,20260928 05:18,Blanks under Up/Dn Loc and Up/Dn Loc Name indicate Third Party information is not applicable.,412479,CEM/TGP COOK SCHOOL ROAD REC STA ST,R,STEUBEN,NY,WHD,Z5,Z5,299,Y,A,20140619,,Y,CHESAPEAKE ENERGY MARKETING  L.L.C.,809849326,26372,N,,,,,,20160628 09:00
1939164,TENNESSEE GAS PIPELINE,C000020,20260928 05:18,Blanks under Up/Dn Loc and Up/Dn Loc Name indicate Third Party information is not applicable.,412483,OXY EMKT/TGP N. GAFFNEY JOHNSTONE G,R,VICTORIA,TX,WHD,Z0,Z0,101,N,I,,20100101,Y,OCCIDENTAL ENERGY MARKETING  INC.,52298721,2203,N,,,,,,20160708 15:00
1939164,TENNESSEE GAS PIPELINE,C000020,20260928 05:18,Blanks under Up/Dn Loc and Up/Dn Loc Name indicate Third Party information is not applicable.,412485,GALLO LS/TGP TOMBALL   MARSHALL A &,R,HARRIS,TX,WHD,Z0,Z0,117,Y,A,20140619,,Y,GALLOWAY LONE STAR  LLC,801997094,10470,N,,,,,,20181101 12:00
1939164,TENNESSEE GAS PIPELINE,C000020,20260928 05:18,Blanks under Up/Dn Loc and Up/Dn Loc Name indicate Third Party information is not applicable.,412490,UES/TGP RENEWAL CENTER DEHY VICTORI,R,VICTORIA,TX,WHD,Z0,Z0,101,N,I,,20200301,Y,UPSTREAM ENERGY SERVICES LLC,945765386,1319,N,,,,,,20200301 09:00
1939164,TENNESSEE GAS PIPELINE,C000020,20260928 05:18,Blanks under Up/Dn Loc and Up/Dn Loc Name indicate Third Party information is not applicable.,412494,DCP OPER/TGP WARDER COASTAL PLANT D,R,NUECES,TX,PLT,Z0,Z0,406,N,I,,20190701,Y,DCP OPERATING COMPANY  LP,3048753,3368,Y,C011323,412494,DCP OPER / TGP WANDER COASTAL PLANT,,,20220711 10:09
1939164,TENNESSEE GAS PIPELINE,C000020,20260928 05:18,Blanks under Up/Dn Loc and Up/Dn Loc Name indicate Third Party information is not applicable.,412497,HEC/TGP UDP GARDEN CITY W C  KEMPER,R,ST MARY,LA,WHD,ZL,ZL,515,N,I,,20190701,Y,HILCORP ENERGY COMPANY,606410538,1074,N,,,,,,20190710 15:00
1939164,TENNESSEE GAS PIPELINE,C000020,20260928 05:18,Blanks under Up/Dn Loc and Up/Dn Loc Name indicate Third Party information is not applicable.,412498,ONYXX/TGP HOGAN   GLENMORA RAPIDES,R,RAPIDES,LA,WHD,ZL,ZL,823,N,I,,20100513,Y,ONYXX ENERGY LLC,868593906,5802,N,,,,,,20160708 15:00
1939164,TENNESSEE GAS PIPELINE,C000020,20260928 05:18,Blanks under Up/Dn Loc and Up/Dn Loc Name indicate Third Party information is not applicable.,412500,SANDHAWK/TGP DREW S LANDING SAN JAC,R,SAN JACINTO,TX,WHD,Z0,Z0,125,N,I,,20100101,Y,SANDHAWK ENERGY  LLC,166021878,6246,N,,,,,,20160708 15:00
1939164,TENNESSEE GAS PIPELINE,C000020,20260928 05:18,Blanks under Up/Dn Loc and Up/Dn Loc Name indicate Third Party information is not applicable.,412502,GCENGY/TGP TWIN BASIN WHARTON,R,WHARTON,TX,WHD,Z0,Z0,109,N,I,,20100101,Y,GULF COAST ENERGY  INC.,137553954,13703,N,,,,,,20160616 12:00
1939164,TENNESSEE GAS PIPELINE,C000020,20260928 05:18,Blanks under Up/Dn Loc and Up/Dn Loc Name indicate Third Party information is not applicable.,412510,MARITIME/TGP HAVERHILL PORTLAND ESS,R,ESSEX,MA,INT,Z6,Z6,284,Y,A,20181102,,Y,MARITIMES & NORTHEAST PIPELINE  LLC,81787256,5793,Y,C000088,30002,TENNESSEE - HAVERILL ESSEX CO.MA,,,20181103 09:00
1939164,TENNESSEE GAS PIPELINE,C000020,20260928 05:18,Blanks under Up/Dn Loc and Up/Dn Loc Name indicate Third Party information is not applicable.,412513,CONSTGEN/TGP DISTRIGAS RECEIPT MIDD,R,MIDDLESEX,MA,LNG,Z6,Z6,268,Y,A,20161012,,Y,CONSTELLATION ENERGY GENERATION  LLC,196748938,3254,N,,,,,,20220323 14:19
1939164,TENNESSEE GAS PIPELINE,C000020,20260928 05:18,Blanks under Up/Dn Loc and Up/Dn Loc Name indicate Third Party information is not applicable.,412514,MARKWEST/TGP SOUTH GLENMORA   ROY O,R,EVANGELINE,LA,WHD,ZL,ZL,823,N,I,,20100101,Y,MARKWEST PINNACLE  L.L.C.,191536424,8891,N,,,,,,20160811 12:00
1939164,TENNESSEE GAS PIPELINE,C000020,20260928 05:18,Blanks under Up/Dn Loc and Up/Dn Loc Name indicate Third Party information is not applicable.,412520,DESTIN/TGP ROSE HILL INTERCONNECT C,R,CLARKE,MS,INT,Z1,Z1,539,Y,A,20260408,,Y,DESTIN PIPELINE COMPANY  LLC,809423697,3605,Y,C000055,TENNGASRH,TENNESSEE GAS-ROSE HILL,,,20260409 15:00
1939164,TENNESSEE GAS PIPELINE,C000020,20260928 05:18,Blanks under Up/Dn Loc and Up/Dn Loc Name indicate Third Party information is not applicable.,412521,ATAPCO/TGP UDP EAST RIVERSIDE NUECE,R,NUECES,TX,WHD,Z0,Z0,101,N,I,,20170221,Y,AMERICAN TRADING AND PRODUCTION CORPORATION,59339689,15068,N,,,,,,20170221 15:00
1939164,TENNESSEE GAS PIPELINE,C000020,20260928 05:18,Blanks under Up/Dn Loc and Up/Dn Loc Name indicate Third Party information is not applicable.,412522,BRIGHAM/TGP ALFREDO PEREZ 347 1 BRO,R,BROOKS,TX,WHD,Z0,Z0,406,N,I,,20100101,Y,BRIGHAM OIL & GAS COMPANY,791789126,2461,N,,,,,,20171201 09:00
1939164,TENNESSEE GAS PIPELINE,C000020,20260928 05:18,Blanks under Up/Dn Loc and Up/Dn Loc Name indicate Third Party information is not applicable.,412523,UES/TGP WILDCAT   RASMUSSEN   1  R,R,WHARTON,TX,WHD,Z0,Z0,109,Y,A,20140619,,Y,UPSTREAM ENERGY SERVICES LLC,945765386,1319,N,,,,,,20160708 15:00
1939164,TENNESSEE GAS PIPELINE,C000020,20260928 05:18,Blanks under Up/Dn Loc and Up/Dn Loc Name indicate Third Party information is not applicable.,412527,HUGHES E/TGP YELLOW CREEK   WATERS,R,LAMAR,AL,WHD,Z1,Z1,542,N,I,,20150404,Y,HUGHES EASTERN CORPORATION,150763076,6526,N,,,,,,20160616 12:00
1939164,TENNESSEE GAS PIPELINE,C000020,20260928 05:18,Blanks under Up/Dn Loc and Up/Dn Loc Name indicate Third Party information is not applicable.,412528,LASERGTH/TGP WILLBECK NO 1 JACKSON,R,JACKSON,TX,WHD,Z0,Z0,109,N,I,,20110608,Y,LIG GATHERING COMPANY II  LLC,809584308,6296,N,,,,,,20160708 15:00
1939164,TENNESSEE GAS PIPELINE,C000020,20260928 05:18,Blanks under Up/Dn Loc and Up/Dn Loc Name indicate Third Party information is not applicable.,412530,FIVEJAB/TGP WISER DEHYD REFUGIO,R,REFUGIO,TX,WHD,Z0,Z0,101,N,I,,20200301,Y,FIVE - JAB  INC.,150346823,9482,N,,,,,,20200310 15:00
1939164,TENNESSEE GAS PIPELINE,C000020,20260928 05:18,Blanks under Up/Dn Loc and Up/Dn Loc Name indicate Third Party information is not applicable.,412533,CRIMEXPL/TGP RAUN NO  1 WHARTON,R,WHARTON,TX,WHD,Z0,Z0,109,N,I,,20100101,Y,CRIMSON EXPLORATION  INC.,794356626,4850,N,,,,,,20160629 09:00
1939164,TENNESSEE GAS PIPELINE,C000020,20260928 05:18,Blanks under Up/Dn Loc and Up/Dn Loc Name indicate Third Party information is not applicable.,412538,MARITIME/TGP DRACUT MIDDLESEX,B,MIDDLESEX,MA,INT,Z6,Z6,284,Y,A,19940101,,Y,MARITIMES & NORTHEAST PIPELINE  LLC,81787256,5793,Y,C000088,30001,DRACUT INTERCONNECT - ESSEX CO. MA,,,20160401 10:05
1939164,TENNESSEE GAS PIPELINE,C000020,20260928 05:18,Blanks under Up/Dn Loc and Up/Dn Loc Name indicate Third Party information is not applicable.,412539,JOY RES/TGP JOSEY RANCH HARRIS,R,HARRIS,TX,WHD,Z0,Z0,117,N,I,,20100423,Y,JOY RESOURCES   INC,42647615,5784,N,,,,,,20160616 12:00
1939164,TENNESSEE GAS PIPELINE,C000020,20260928 05:18,Blanks under Up/Dn Loc and Up/Dn Loc Name indicate Third Party information is not applicable.,412545,CONOCOPH/TGP SPRAIN #1 AUSTIN,R,AUSTIN,TX,INT,Z0,Z0,117,N,I,,20100101,Y,CONOCOPHILLIPS COMPANY,1368265,15041,N,,,,,,20160401 10:05
1939164,TENNESSEE GAS PIPELINE,C000020,20260928 05:18,Blanks under Up/Dn Loc and Up/Dn Loc Name indicate Third Party information is not applicable.,412546,GCENGY/TGP BARTA #1 WHARTON,R,WHARTON,TX,WHD,Z0,Z0,109,N,I,,20190601,Y,GULF COAST ENERGY  INC.,137553954,13703,N,,,,,,20190618 15:00
1939164,TENNESSEE GAS PIPELINE,C000020,20260928 05:18,Blanks under Up/Dn Loc and Up/Dn Loc Name indicate Third Party information is not applicable.,412551,EPFS/TGP STAT 17 INTERCONNECT WHART,R,WHARTON,TX,INT,Z0,Z0,109,N,I,,20100101,Y,EL PASO FIELD SERVICES  L.P.,837495894,1151,N,,,,,,20160401 10:05
1939164,TENNESSEE GAS PIPELINE,C000020,20260928 05:18,Blanks under Up/Dn Loc and Up/Dn Loc Name indicate Third Party information is not applicable.,412554,VISTARES/TGP DEER CREEK RECEIPT MER,R,MERCER,PA,WHD,Z4,Z4,219,Y,A,20100101,,Y,VISTA RESOURCES  INC.,195486204,6012,N,,,,,,20210219 09:00
1939164,TENNESSEE GAS PIPELINE,C000020,20260928 05:18,Blanks under Up/Dn Loc and Up/Dn Loc Name indicate Third Party information is not applicable.,412555,TRANS-TX/TGP MONAHAN WHARTON,R,WHARTON,TX,WHD,Z0,Z0,109,N,I,,20100101,Y,TRANSTEXAS GAS CORPORATION,154064513,5854,N,,,,,,20160708 15:00
1939164,TENNESSEE GAS PIPELINE,C000020,20260928 05:18,Blanks under Up/Dn Loc and Up/Dn Loc Name indicate Third Party information is not applicable.,412556,COKINOS/TGP WILDCAT - CELESTE BROWN,R,VICTORIA,TX,LDC,Z0,Z0,109,N,I,,20100101,Y,COKINOS NATURAL GAS COMPANY,102658226,16063,N,,,,,,20160708 15:00
1939164,TENNESSEE GAS PIPELINE,C000020,20260928 05:18,Blanks under Up/Dn Loc and Up/Dn Loc Name indicate Third Party information is not applicable.,412561,EAGLROCK/TGP WOODVILLE TYLER,R,TYLER,TX,WHD,Z0,Z0,125,N,I,,20100101,Y,EAGLE ROCK OPERATING  L.P.,128182727,6236,N,,,,,,20160708 15:00
1939164,TENNESSEE GAS PIPELINE,C000020,20260928 05:18,Blanks under Up/Dn Loc and Up/Dn Loc Name indicate Third Party information is not applicable.,412565,SMITH OP/TGP SOUTH HARMONY ALLEN,R,ALLEN,LA,WHD,ZL,ZL,501,N,I,,20100101,Y,SMITH OPERATING AND MANAGEMENT CO.,108927930,4820,N,,,,,,20160708 15:00
1939164,TENNESSEE GAS PIPELINE,C000020,20260928 05:18,Blanks under Up/Dn Loc and Up/Dn Loc Name indicate Third Party information is not applicable.,412567,C&E OPER/TGP WOODSBORO ROOKE RANCH,R,REFUGIO,TX,WHD,Z0,Z0,101,N,I,,20100101,Y,C & E OPERATING INC.,809843717,20878,N,,,,,,20160627 15:00
1939164,TENNESSEE GAS PIPELINE,C000020,20260928 05:18,Blanks under Up/Dn Loc and Up/Dn Loc Name indicate Third Party information is not applicable.,412573,HARVSTOG/TGP DELACROIX PLAQUEMINES,R,PLAQUEMINES,LA,WHD,ZL,ZL,527,N,I,,20100101,Y,HARVEST OIL & GAS LLC,504802967,6241,N,,,,,,20160708 15:00
1939164,TENNESSEE GAS PIPELINE,C000020,20260928 05:18,Blanks under Up/Dn Loc and Up/Dn Loc Name indicate Third Party information is not applicable.,412574,H-M RES/TGP WILDCAT VICTORIA,R,VICTORIA,TX,WHD,Z0,Z0,109,N,A,20100101,,Y,H-M RESOURCE MANAGEMENT  INC.,49078041,6120,N,,,,,,20160708 15:00
1939164,TENNESSEE GAS PIPELINE,C000020,20260928 05:18,Blanks under Up/Dn Loc and Up/Dn Loc Name indicate Third Party information is not applicable.,412575,CONCHO/TGP KING MAR #1 HIDALGO,R,HIDALGO,TX,WHD,Z0,Z0,490,N,I,,20100101,Y,CONCHO EXPLORATION INC.,,6593,N,,,,,,20171024 15:00
1939164,TENNESSEE GAS PIPELINE,C000020,20260928 05:18,Blanks under Up/Dn Loc and Up/Dn Loc Name indicate Third Party information is not applicable.,412576,HESCO CO/TGP EDINGBURG LINE HIDALGO,R,HIDALGO,TX,GTH,Z0,Z0,490,N,A,20100101,,Y,HESCO GATHERING COMPANY  L.L.C.,17128898,2141,N,,,,,,20160609 15:00
1939164,TENNESSEE GAS PIPELINE,C000020,20260928 05:18,Blanks under Up/Dn Loc and Up/Dn Loc Name indicate Third Party information is not applicable.,412579,TGP/TGP SANTA FE WILDCAT BROOKS,R,BROOKS,TX,INT,Z0,Z0,409,N,A,20100101,,N,,,,,,,,,,20160401 10:05
1939164,TENNESSEE GAS PIPELINE,C000020,20260928 05:18,Blanks under Up/Dn Loc and Up/Dn Loc Name indicate Third Party information is not applicable.,412580,BISH PET/TGP OCONNOR F 1 REFUGIO,R,REFUGIO,TX,WHD,Z0,Z0,101,N,I,,20100101,Y,BISHOP PETROLEUM  INC.,98881634,15524,N,,,,,,20160627 15:00
1939164,TENNESSEE GAS PIPELINE,C000020,20260928 05:18,Blanks under Up/Dn Loc and Up/Dn Loc Name indicate Third Party information is not applicable.,412583,GCENGY/TGP BENSON AND CONVERSE DE S,R,DE SOTO,LA,WHD,Z0,Z0,700,N,I,,20120703,Y,GULF COAST ENERGY  INC.,137553954,13703,N,,,,,,20160616 12:00
1939164,TENNESSEE GAS PIPELINE,C000020,20260928 05:18,Blanks under Up/Dn Loc and Up/Dn Loc Name indicate Third Party information is not applicable.,412588,CSVHOLDG/TGP STARKS CALCASIEU,R,CALCASIEU,LA,WHD,ZL,ZL,820,N,I,,20100101,Y,CSV HOLDINGS  INC.,,6723,N,,,,,,20171024 15:00
1939164,TENNESSEE GAS PIPELINE,C000020,20260928 05:18,Blanks under Up/Dn Loc and Up/Dn Loc Name indicate Third Party information is not applicable.,412589,C.W.ENER/TGP UDP LAKE BORGNE ST BER,R,ST BERNARD,LA,WHD,ZL,ZL,530,N,A,20100101,,Y,CLAYTON WILLIAMS ENERGY  INC.,58870445,3190,N,,,,,,20241101 09:00
1939164,TENNESSEE GAS PIPELINE,C000020,20260928 05:18,Blanks under Up/Dn Loc and Up/Dn Loc Name indicate Third Party information is not applicable.,412594,NAUTILUS/TGP GARDEN CITY ST MARY,R,ST MARY,LA,INT,ZL,ZL,515,Y,A,20171011,,Y,NAUTILUS PIPELINE COMPANY  L.L.C.,176824738,6674,Y,C000512,992213,TENN 800 LEG,,,20171011 15:01
1939164,TENNESSEE GAS PIPELINE,C000020,20260928 05:18,Blanks under Up/Dn Loc and Up/Dn Loc Name indicate Third Party information is not applicable.,412603,MAGNUS/TGP WILDCAT WELDER HEIRS 5 S,R,SAN PATRICIO,TX,WHD,Z0,Z0,101,N,I,,20120504,Y,SHORELINE GAS  LLC,783595630,4252,N,,,,,,20160708 15:00
1939164,TENNESSEE GAS PIPELINE,C000020,20260928 05:18,Blanks under Up/Dn Loc and Up/Dn Loc Name indicate Third Party information is not applicable.,412604,MAGNUS/TGP UDP EAST JAMBALAYA ST BE,R,ST BERNARD,LA,WHD,ZL,ZL,530,Y,I,,20251017,Y,SHORELINE GAS  LLC,783595630,4252,N,,,,,,20251017 15:00
1939164,TENNESSEE GAS PIPELINE,C000020,20260928 05:18,Blanks under Up/Dn Loc and Up/Dn Loc Name indicate Third Party information is not applicable.,412607,COVEY/TGP HOLLY FIELD DE SOTO,R,DE SOTO,LA,WHD,Z0,Z0,700,N,I,,20170221,Y,COVEY PARK GAS LLC,,9626,N,,,,,,20170221 15:00
1939164,TENNESSEE GAS PIPELINE,C000020,20260928 05:18,Blanks under Up/Dn Loc and Up/Dn Loc Name indicate Third Party information is not applicable.,412609,DIV PROD/TGP LAKE WILHELM MERCER,R,MERCER,PA,GTH,Z4,Z4,219,Y,A,20140301,,Y,DIVERSIFIED PRODUCTION  LLC,601293178,10138,N,,,,,,20210318 15:00
1939164,TENNESSEE GAS PIPELINE,C000020,20260928 05:18,Blanks under Up/Dn Loc and Up/Dn Loc Name indicate Third Party information is not applicable.,412610,MAGNUMPL/TGP WEST MANSFIELD DE SOTO,R,DE SOTO,LA,WHD,Z0,Z0,700,Y,A,20140619,,Y,MAGNUM GAS PIPELINE  INC.,,6572,N,,,,,,20160708 15:00
1939164,TENNESSEE GAS PIPELINE,C000020,20260928 05:18,Blanks under Up/Dn Loc and Up/Dn Loc Name indicate Third Party information is not applicable.,412612,VNTUREOG/TGP BEI WALKER 1-8 JONES,R,JONES,MS,WHD,Z1,Z1,534,Y,A,20100101,,Y,VENTURE OIL AND GAS  INC.,601208069,5022,N,,,,,,20180327 09:00
1939164,TENNESSEE GAS PIPELINE,C000020,20260928 05:18,Blanks under Up/Dn Loc and Up/Dn Loc Name indicate Third Party information is not applicable.,412614,INTEGREP/TGP BILOXI MARSH ST BERNAR,R,ST BERNARD,LA,WHD,ZL,ZL,530,N,I,,20170127,Y,INTEGRATED EXPLORATION & PRODUCTION  LLC,,8649,N,,,,,,20241101 09:00
1939164,TENNESSEE GAS PIPELINE,C000020,20260928 05:18,Blanks under Up/Dn Loc and Up/Dn Loc Name indicate Third Party information is not applicable.,412617,CYPRSS-O/TGP E JEFFERS 1 WELL ACADI,R,ACADIA,LA,WHD,ZL,ZL,515,N,I,,20100101,Y,CYPRESS OIL COMPANY  INC,102392623,5743,N,,,,,,20160629 09:00
1939164,TENNESSEE GAS PIPELINE,C000020,20260928 05:18,Blanks under Up/Dn Loc and Up/Dn Loc Name indicate Third Party information is not applicable.,412621,EXCOPTNR/TGP CHATHAM RECEIPT JACKSO,R,JACKSON,LA,WHD,Z1,Z1,143,N,A,20100101,,Y,EXCO PARTNERS OPERATING PARTNERSHIP  LP,797003402,6197,N,,,,,,20160708 15:00
1939164,TENNESSEE GAS PIPELINE,C000020,20260928 05:18,Blanks under Up/Dn Loc and Up/Dn Loc Name indicate Third Party information is not applicable.,412622,BRAYTON/TGP SWANSON WHARTON,R,WHARTON,TX,WHD,Z0,Z0,109,N,I,,20100923,Y,BRAYTON OPERATING CORP.,9763389,4283,N,,,,,,20160627 15:00
1939164,TENNESSEE GAS PIPELINE,C000020,20260928 05:18,Blanks under Up/Dn Loc and Up/Dn Loc Name indicate Third Party information is not applicable.,412626,38OIL/TGP REFUGIO RECEIPT REFUGIO,R,REFUGIO,TX,WHD,Z0,Z0,101,N,I,,20110512,Y,38 OIL & GAS  L.L.C.,,6619,N,,,,,,20160624 15:00
1939164,TENNESSEE GAS PIPELINE,C000020,20260928 05:18,Blanks under Up/Dn Loc and Up/Dn Loc Name indicate Third Party information is not applicable.,412628,SAMSON/TGP LOS INDIOS 3 HIDALGO,R,HIDALGO,TX,WHD,Z0,Z0,409,N,I,,20100101,Y,SAMSON LONE STAR  LIMITED PARTNERSHIP,15263429,2960,N,,,,,,20160708 15:00
1939164,TENNESSEE GAS PIPELINE,C000020,20260928 05:18,Blanks under Up/Dn Loc and Up/Dn Loc Name indicate Third Party information is not applicable.,412629,MERDIAN/TGP UDP BAYOU BILOXI ST BER,R,ST BERNARD,LA,WHD,ZL,ZL,530,N,A,20151101,,Y,MERIDIAN RESOURCE & EXPLORATION L.L.C.  THE,861188027,3512,N,,,,,,20241101 09:00
1939164,TENNESSEE GAS PIPELINE,C000020,20260928 05:18,Blanks under Up/Dn Loc and Up/Dn Loc Name indicate Third Party information is not applicable.,412632,ANADARKO/TGP WOODVILLE DEHYD TYLER,R,TYLER,TX,WHD,Z0,Z0,125,N,I,,20201101,Y,ANADARKO PETROLEUM CORPORATION,26409797,17753,N,,,,,,20201101 09:00
1939164,TENNESSEE GAS PIPELINE,C000020,20260928 05:18,Blanks under Up/Dn Loc and Up/Dn Loc Name indicate Third Party information is not applicable.,412634,UNIT PET/TGP UDP NORTH OBERLINE REC,R,ALLEN,LA,WHD,ZL,ZL,823,N,A,20100101,,Y,UNIT PETROLEUM COMPANY,189003973,15494,N,,,,,,20160708 15:00
1939164,TENNESSEE GAS PIPELINE,C000020,20260928 05:18,Blanks under Up/Dn Loc and Up/Dn Loc Name indicate Third Party information is not applicable.,412637,UES/TGP RAISIN DEHY VICTORIA,R,VICTORIA,TX,WHD,Z0,Z0,101,N,I,,20110408,Y,UPSTREAM ENERGY SERVICES LLC,945765386,1319,N,,,,,,20160708 15:00
1939164,TENNESSEE GAS PIPELINE,C000020,20260928 05:18,Blanks under Up/Dn Loc and Up/Dn Loc Name indicate Third Party information is not applicable.,412646,MERDIAN/TGP BML EROS 12 ST BERNARD,R,ST BERNARD,LA,WHD,ZL,ZL,530,N,I,,20100101,Y,MERIDIAN RESOURCE & EXPLORATION L.L.C.  THE,861188027,3512,N,,,,,,20241101 09:00
1939164,TENNESSEE GAS PIPELINE,C000020,20260928 05:18,Blanks under Up/Dn Loc and Up/Dn Loc Name indicate Third Party information is not applicable.,412647,F-W OIL/TGP KULHANEK AUSTIN,R,AUSTIN,TX,WHD,Z0,Z0,117,N,I,,20100101,Y,F-W OIL EXPLORATION L.L.C.,868293874,6705,N,,,,,,20160708 15:00
1939164,TENNESSEE GAS PIPELINE,C000020,20260928 05:18,Blanks under Up/Dn Loc and Up/Dn Loc Name indicate Third Party information is not applicable.,412652,ASPECT/TGP 2302 NEWMAN 1 ALLEN,R,ALLEN,LA,WHD,ZL,ZL,501,N,I,,20111231,Y,ASPECT ENERGY  LLC,867733735,4002,N,,,,,,20160627 15:00
1939164,TENNESSEE GAS PIPELINE,C000020,20260928 05:18,Blanks under Up/Dn Loc and Up/Dn Loc Name indicate Third Party information is not applicable.,412653,PAR MINL/TGP INDIAN VILLAGE JEFFERS,R,JEFFERSON DAVIS,LA,WHD,ZL,ZL,822,N,I,,20100101,Y,PAR MINERALS CORP,117450791,6558,N,,,,,,20180226 12:00
1939164,TENNESSEE GAS PIPELINE,C000020,20260928 05:18,Blanks under Up/Dn Loc and Up/Dn Loc Name indicate Third Party information is not applicable.,412654,ELYSIUM/TGP POTASH PLAQUEMINES,R,PLAQUEMINES,LA,WHD,ZL,ZL,527,Y,A,20100101,,Y,ELYSIUM ENERGY  L.L.C.,116040163,6592,N,,,,,,20200603 12:00
1939164,TENNESSEE GAS PIPELINE,C000020,20260928 05:18,Blanks under Up/Dn Loc and Up/Dn Loc Name indicate Third Party information is not applicable.,412655,GCENGY/TGP MUELLER WHARTON,R,WHARTON,TX,WHD,Z0,Z0,109,Y,A,20140619,,Y,GULF COAST ENERGY  INC.,137553954,13703,N,,,,,,20160616 12:00
1939164,TENNESSEE GAS PIPELINE,C000020,20260928 05:18,Blanks under Up/Dn Loc and Up/Dn Loc Name indicate Third Party information is not applicable.,412656,FIDELITY/TGP TABASCO WEST HIDALGO,R,HIDALGO,TX,WHD,Z0,Z0,409,N,I,,20110310,Y,FIDELITY EXPLORATION & PRODUCTION COMPANY,39582481,5258,N,,,,,,20160708 15:00
1939164,TENNESSEE GAS PIPELINE,C000020,20260928 05:18,Blanks under Up/Dn Loc and Up/Dn Loc Name indicate Third Party information is not applicable.,412658,EXTEX/TGP FLEUR PLAQUEMINES,R,PLAQUEMINES,LA,WHD,ZL,ZL,524,Y,A,20260408,,Y,EXTEX OPERATING COMPANY,869334628,11396,N,,,,,,20260409 15:00
1939164,TENNESSEE GAS PIPELINE,C000020,20260928 05:18,Blanks under Up/Dn Loc and Up/Dn Loc Name indicate Third Party information is not applicable.,412659,DEWBRE/TGP CIMMARRON HIDALGO,R,HIDALGO,TX,WHD,Z0,Z0,491,Y,A,20100101,,Y,DEWBRE PETROLEUM CORP.,186067286,20504,N,,,,,,20161007 12:00
1939164,TENNESSEE GAS PIPELINE,C000020,20260928 05:18,Blanks under Up/Dn Loc and Up/Dn Loc Name indicate Third Party information is not applicable.,412664,MUSTNGMK/TGP WHATLEY SAN PATRICIO,R,SAN PATRICIO,TX,WHD,Z0,Z0,101,N,I,,20100101,Y,MUSTANG FUEL MARKETING COMPANY,556962975,19335,N,,,,,,20160708 15:00
1939164,TENNESSEE GAS PIPELINE,C000020,20260928 05:18,Blanks under Up/Dn Loc and Up/Dn Loc Name indicate Third Party information is not applicable.,412666,CHESAPEA/TGP ARROWHEAD RANCH HIDALG,R,HIDALGO,TX,WHD,Z0,Z0,409,N,I,,20100101,Y,CHESAPEAKE OPERATING  INC.,601285422,2846,N,,,,,,20160628 09:00
1939164,TENNESSEE GAS PIPELINE,C000020,20260928 05:18,Blanks under Up/Dn Loc and Up/Dn Loc Name indicate Third Party information is not applicable.,412669,ETP/TGP SHOUP NUECES,R,NUECES,TX,INT,Z0,Z0,101,Y,A,20100101,,Y,ENTERPRISE TEXAS PIPELINE LLC,615855160,3260,Y,C000924,441095,TENNESSEE AGUA DULCE DELIVERY,,,20160401 10:05
1939164,TENNESSEE GAS PIPELINE,C000020,20260928 05:18,Blanks under Up/Dn Loc and Up/Dn Loc Name indicate Third Party information is not applicable.,412670,MM ROYAL/TGP MCKEAN MC KEAN,R,MC KEAN,PA,WHD,Z4,Z4,307,N,I,,20110829,Y,M&M ROYALTY  LTD,,5792,N,,,,,,20160708 15:00
1939164,TENNESSEE GAS PIPELINE,C000020,20260928 05:18,Blanks under Up/Dn Loc and Up/Dn Loc Name indicate Third Party information is not applicable.,412671,CIMA/TGP DROMGOOLE COLORADO,R,COLORADO,TX,WHD,Z0,Z0,109,N,I,,20100101,Y,CIMA ENERGY  LP,945601599,1464,N,,,,,,20180215 15:00
1939164,TENNESSEE GAS PIPELINE,C000020,20260928 05:18,Blanks under Up/Dn Loc and Up/Dn Loc Name indicate Third Party information is not applicable.,412672,TGP/TGP QUEEN BESS JEFFERSON,R,JEFFERSON,LA,INT,ZL,ZL,524,N,A,20130201,,N,,,,,,,,,,20160401 10:05
1939164,TENNESSEE GAS PIPELINE,C000020,20260928 05:18,Blanks under Up/Dn Loc and Up/Dn Loc Name indicate Third Party information is not applicable.,412675,LASERGTH/TGP WILSON WHARTON,R,WHARTON,TX,WHD,Z0,Z0,109,N,I,,20120111,Y,LIG GATHERING COMPANY II  LLC,809584308,6296,N,,,,,,20160708 15:00
1939164,TENNESSEE GAS PIPELINE,C000020,20260928 05:18,Blanks under Up/Dn Loc and Up/Dn Loc Name indicate Third Party information is not applicable.,412680,TRUNKLNE/TGP LACASSINE JEFFERSON DA,R,JEFFERSON DAVIS,LA,INT,ZL,ZL,910,N,I,,20170701,Y,TRUNKLINE GAS COMPANY  LLC,7933062,4186,Y,C000251,80711,TENNESSEE @ KAPLAN - TENNESSEE GAS,,,20170712 15:00
1939164,TENNESSEE GAS PIPELINE,C000020,20260928 05:18,Blanks under Up/Dn Loc and Up/Dn Loc Name indicate Third Party information is not applicable.,412683,HESCO CO/TGP RAYMONDVILLE HIDALGO,R,HIDALGO,TX,GTH,Z0,Z0,409,Y,I,,20230706,Y,HESCO GATHERING COMPANY  L.L.C.,17128898,2141,N,,,,,,20230808 09:00
1939164,TENNESSEE GAS PIPELINE,C000020,20260928 05:18,Blanks under Up/Dn Loc and Up/Dn Loc Name indicate Third Party information is not applicable.,412684,ANR/TGP SHADYSIDE ST MARY,B,ST MARY,LA,INT,ZL,ZL,516,Y,A,20100101,,Y,ANR PIPELINE COMPANY,6958581,2686,Y,C000623,467240,SHADYSIDE/TGP (DEL),467239,SHADYSIDE/TGP (REC),20160401 10:05
1939164,TENNESSEE GAS PIPELINE,C000020,20260928 05:18,Blanks under Up/Dn Loc and Up/Dn Loc Name indicate Third Party information is not applicable.,412688,MIDCOAST/TGP PANOLA TRANSPORT 2 PAN,R,PANOLA,TX,INT,Z0,Z0,700,N,A,20120426,,Y,MIDCOAST PIPELINES (EAST TEXAS) L.P.,150213390,3367,Y,C001125,1021615A,TGP CARTHAGE,,,20181026 09:00
1939164,TENNESSEE GAS PIPELINE,C000020,20260928 05:18,Blanks under Up/Dn Loc and Up/Dn Loc Name indicate Third Party information is not applicable.,412689,MM ROYAL/TGP MANTZ MC KEAN,R,MC KEAN,PA,WHD,Z4,Z4,307,N,I,,20110920,Y,M&M ROYALTY  LTD,,5792,N,,,,,,20160708 15:00
1939164,TENNESSEE GAS PIPELINE,C000020,20260928 05:18,Blanks under Up/Dn Loc and Up/Dn Loc Name indicate Third Party information is not applicable.,412690,HPL/TGP SABINE NEWTON,R,NEWTON,TX,INT,ZL,ZL,820,Y,A,20220406,,Y,HOUSTON PIPE LINE COMPANY LP,4788188,1947,Y,C001003,980484,HPL - TENN / SABINE,,,20220407 12:00
1939164,TENNESSEE GAS PIPELINE,C000020,20260928 05:18,Blanks under Up/Dn Loc and Up/Dn Loc Name indicate Third Party information is not applicable.,412691,REGENCY/TGP PEOPLES ROAD FRANKLIN,R,FRANKLIN,LA,INT,Z1,Z1,834,Y,A,20200210,,Y,REGENCY INTRASTATE GAS LP,133237508,5226,Y,C000370,1467601,PEOPLES ROAD,,,20200211 15:00
1939164,TENNESSEE GAS PIPELINE,C000020,20260928 05:18,Blanks under Up/Dn Loc and Up/Dn Loc Name indicate Third Party information is not applicable.,412692,PINOAK/TGP MAPLEWOOD DEHYD CRAWFORD,R,CRAWFORD,PA,WHD,Z4,Z4,219,Y,A,20150817,,Y,PIN OAK ENERGY PARTNERS LLC,53358661,10236,N,,,,,,20200930 09:00
1939164,TENNESSEE GAS PIPELINE,C000020,20260928 05:18,Blanks under Up/Dn Loc and Up/Dn Loc Name indicate Third Party information is not applicable.,412693,GCENGY/TGP MORGAN SAN PATRICIO,R,SAN PATRICIO,TX,WHD,Z0,Z0,101,Y,A,20100101,,Y,GULF COAST ENERGY  INC.,137553954,13703,N,,,,,,20160616 12:00
1939164,TENNESSEE GAS PIPELINE,C000020,20260928 05:18,Blanks under Up/Dn Loc and Up/Dn Loc Name indicate Third Party information is not applicable.,412702,ONYXMKTG/TGP MENDOCINO HIDALGO,R,HIDALGO,TX,WHD,Z0,Z0,409,N,I,,20100101,Y,ONYX GAS MARKETING COMPANY  L.C.,826404907,21043,N,,,,,,20160708 15:00
1939164,TENNESSEE GAS PIPELINE,C000020,20260928 05:18,Blanks under Up/Dn Loc and Up/Dn Loc Name indicate Third Party information is not applicable.,412703,MAGNUS/TGP HEBERT ACADIA,R,ACADIA,LA,WHD,ZL,ZL,515,N,I,,20100101,Y,SHORELINE GAS  LLC,783595630,4252,N,,,,,,20160708 15:00
1939164,TENNESSEE GAS PIPELINE,C000020,20260928 05:18,Blanks under Up/Dn Loc and Up/Dn Loc Name indicate Third Party information is not applicable.,412705,MTBB/TGP MARTIN WELL 1 ST MARY,R,ST MARY,LA,WHD,ZL,ZL,516,N,I,,20260810,Y,M T B B ACQUISITION COMPANY  LLC,61521063,5791,N,,,,,,20260810 12:00
1939164,TENNESSEE GAS PIPELINE,C000020,20260928 05:18,Blanks under Up/Dn Loc and Up/Dn Loc Name indicate Third Party information is not applicable.,412706,ETC FS/TGP LOGANSPORT DE SOTO,R,DE SOTO,LA,WHD,Z0,Z0,700,N,I,,20200301,Y,ETC FIELD SERVICES LLC,143622871,5556,N,,,,,,20200327 15:00
1939164,TENNESSEE GAS PIPELINE,C000020,20260928 05:18,Blanks under Up/Dn Loc and Up/Dn Loc Name indicate Third Party information is not applicable.,412709,FREEBIRD/TGP FREEBIRD STORAGE LAMAR,B,LAMAR,AL,STR,Z1,Z1,548,Y,A,20100101,,Y,FREEBIRD GAS STORAGE LLC,602708344,6244,Y,C001758,012709,TENNESSEE_PL_WITH,021039,TENNESSEE_PL_INJ,20180319 12:00
1939164,TENNESSEE GAS PIPELINE,C000020,20260928 05:18,Blanks under Up/Dn Loc and Up/Dn Loc Name indicate Third Party information is not applicable.,412713,HUGHES E/TGP BLACK STONE13 EVANGELI,R,EVANGELINE,LA,WHD,ZL,ZL,823,Y,A,20140619,,Y,HUGHES EASTERN CORPORATION,150763076,6526,N,,,,,,20241216 15:00
1939164,TENNESSEE GAS PIPELINE,C000020,20260928 05:18,Blanks under Up/Dn Loc and Up/Dn Loc Name indicate Third Party information is not applicable.,412714,CRESOP/TGP LAKE WASHINGTON SL 212 P,R,PLAQUEMINES,LA,WHD,ZL,ZL,526,N,I,,20130901,Y,CRESCENT ENERGY OPERATING  LLC,119445325,16757,N,,,,,,20250610 15:00
1939164,TENNESSEE GAS PIPELINE,C000020,20260928 05:18,Blanks under Up/Dn Loc and Up/Dn Loc Name indicate Third Party information is not applicable.,412717,MAYNE/TGP BURLINGTON CALCASIEU,R,CALCASIEU,LA,WHD,ZL,ZL,820,N,I,,20100101,Y,MAYNE & MERTZ  INC.,43725951,5795,N,,,,,,20160708 15:00
1939164,TENNESSEE GAS PIPELINE,C000020,20260928 05:18,Blanks under Up/Dn Loc and Up/Dn Loc Name indicate Third Party information is not applicable.,412722,JOY RES/TGP UDP MERI JOSEY HARRIS,R,HARRIS,TX,WHD,Z0,Z0,117,N,I,,20200801,Y,JOY RESOURCES   INC,42647615,5784,N,,,,,,20200801 09:00
1939164,TENNESSEE GAS PIPELINE,C000020,20260928 05:18,Blanks under Up/Dn Loc and Up/Dn Loc Name indicate Third Party information is not applicable.,412723,PATTERSN/TGP HILL WHARTON,R,WHARTON,TX,WHD,Z0,Z0,109,N,I,,20190701,Y,PATTERSON PETROLEUM LP  A LIMITED PARTNERSHIP,826271389,3061,N,,,,,,20190801 09:00
1939164,TENNESSEE GAS PIPELINE,C000020,20260928 05:18,Blanks under Up/Dn Loc and Up/Dn Loc Name indicate Third Party information is not applicable.,412725,ET G&P/TGP DE SO,R,DE SOTO,LA,WHD,Z0,Z0,700,Y,A,20161012,,Y,ET GATHERING & PROCESSING LLC,32377308,3862,Y,C012199,412725,ETC TX / TGP DE SOTO,,,20241216 15:00
1939164,TENNESSEE GAS PIPELINE,C000020,20260928 05:18,Blanks under Up/Dn Loc and Up/Dn Loc Name indicate Third Party information is not applicable.,412726,VISTARES/TGP FAIRVIEW DEHY MERCER,R,MERCER,PA,WHD,Z4,Z4,219,Y,A,20100101,,Y,VISTA RESOURCES  INC.,195486204,6012,N,,,,,,20210219 09:00
1939164,TENNESSEE GAS PIPELINE,C000020,20260928 05:18,Blanks under Up/Dn Loc and Up/Dn Loc Name indicate Third Party information is not applicable.,412733,LOGAS/TGP MYRICK BROOKS,R,BROOKS,TX,WHD,Z0,Z0,406,Y,A,20200501,,Y,LOGAS ENERGY LLC,,11446,N,,,,,,20250226 12:00
1939164,TENNESSEE GAS PIPELINE,C000020,20260928 05:18,Blanks under Up/Dn Loc and Up/Dn Loc Name indicate Third Party information is not applicable.,412734,CALDONIA/TGP CALEDONIA STORAGE LOWN,B,LOWNDES,MS,INT,Z1,Z1,542,Y,A,20100101,,Y,CALEDONIA ENERGY PARTNERS  LLC,161904565,6637,Y,C001759,542519,TGPL012734,542524,TGPL021047,20160401 10:05
1939164,TENNESSEE GAS PIPELINE,C000020,20260928 05:18,Blanks under Up/Dn Loc and Up/Dn Loc Name indicate Third Party information is not applicable.,412735,KELLYOIL/TGP RHODA BROWN 1 CATAHOUL,R,HANCOCK,MS,WHD,ZL,ZL,530,N,A,20100101,,Y,KELLY OIL COMPANY,795083096,5986,N,,,,,,20241101 09:00
1939164,TENNESSEE GAS PIPELINE,C000020,20260928 05:18,Blanks under Up/Dn Loc and Up/Dn Loc Name indicate Third Party information is not applicable.,412737,CAM IPL/TGP DE QUINCY GAS STORAGE C,B,CALCASIEU,LA,INT,ZL,ZL,820,Y,A,20170401,,Y,CAMERON INTERSTATE PIPELINE  LLC,790555689,9722,Y,C001157,624727,TENNESSEE,,,20170703 15:02
1939164,TENNESSEE GAS PIPELINE,C000020,20260928 05:18,Blanks under Up/Dn Loc and Up/Dn Loc Name indicate Third Party information is not applicable.,412738,TECOGATH/TGP TECO INDIAN SPRINGS PO,R,POLK,TX,GTH,Z0,Z0,125,Y,A,20220406,,Y,TECO GAS GATHERING  LLC,801374740,6616,N,,,,,,20220407 12:00
1939164,TENNESSEE GAS PIPELINE,C000020,20260928 05:18,Blanks under Up/Dn Loc and Up/Dn Loc Name indicate Third Party information is not applicable.,412742,BIGSANDY/TGP GLANCY CARTER,R,CARTER,KY,INT,Z2,Z2,111,Y,A,20200210,,Y,BIG SANDY PIPELINE  LLC,968195714,5720,Y,C002443,95001,TGP GLANCY FORK,,,20200211 15:00
1939164,TENNESSEE GAS PIPELINE,C000020,20260928 05:18,Blanks under Up/Dn Loc and Up/Dn Loc Name indicate Third Party information is not applicable.,412746,VICTORY/TGP HEMLOCK HILL DEHY :RIP,R,TIOGA,PA,WHD,Z4,Z4,316,N,I,,20120622,Y,VICTORY ENERGY CORPORATION,791816580,6322,N,,,,,,20160708 15:00
1939164,TENNESSEE GAS PIPELINE,C000020,20260928 05:18,Blanks under Up/Dn Loc and Up/Dn Loc Name indicate Third Party information is not applicable.,412747,GEOPETRA/TGP DREWS LANDING NO 2: RI,R,SAN JACINTO,TX,WHD,Z0,Z0,125,Y,A,20140619,,Y,GEOPETRA PARTNERS  LLC,968460795,8591,N,,,,,,20170404 15:00
1939164,TENNESSEE GAS PIPELINE,C000020,20260928 05:18,Blanks under Up/Dn Loc and Up/Dn Loc Name indicate Third Party information is not applicable.,412750,PRP INC/TGP PISTOL RIDGE: RIP 533B-,R,FORREST,MS,WHD,ZL,ZL,530,Y,I,,20260904,Y,P.R.P.  INC.,94464615,10880,N,,,,,,20260904 12:00
1939164,TENNESSEE GAS PIPELINE,C000020,20260928 05:18,Blanks under Up/Dn Loc and Up/Dn Loc Name indicate Third Party information is not applicable.,412751,WFS/TGP UDP HOP BOTTOM DEHY: RIP 32,R,SUSQUEHANNA,PA,GTH,Z4,Z4,320,Y,A,20201006,,Y,WILLIAMS FIELD SERVICES COMPANY  LLC,879847010,1086,N,,,,,,20201007 09:00
1939164,TENNESSEE GAS PIPELINE,C000020,20260928 05:18,Blanks under Up/Dn Loc and Up/Dn Loc Name indicate Third Party information is not applicable.,412752,WILL DRI/TGP MARCANTEL FARMS: RIP 5,R,ALLEN,LA,WHD,ZL,ZL,501,N,I,,20230601,Y,WILL DRILL PRODUCTION COMPANY  INC.,96451992,4361,N,,,,,,20230707 09:00
1939164,TENNESSEE GAS PIPELINE,C000020,20260928 05:18,Blanks under Up/Dn Loc and Up/Dn Loc Name indicate Third Party information is not applicable.,412753,SKYEMS/TGP PISTOL RIDGE: RIP 533C-1,R,FORREST,MS,WHD,ZL,ZL,530,Y,A,20161012,,Y,SKYE MS  LLC,11742203,11189,Y,C012645,412753,SKYEMS/TGP PISTOL RIDGE,,,20250722 12:00
1939164,TENNESSEE GAS PIPELINE,C000020,20260928 05:18,Blanks under Up/Dn Loc and Up/Dn Loc Name indicate Third Party information is not applicable.,412754,GULFSTH/TGP HEIDELBERG GUM AVE: RIP,R,JASPER,MS,INT,Z1,Z1,534,Y,A,20161012,,Y,GULF SOUTH PIPELINE COMPANY  LLC,78444247,26373,Y,C000591,022129,TENNESSEE HEIDELBURG (EXPANSION),,,20200604 09:00
1939164,TENNESSEE GAS PIPELINE,C000020,20260928 05:18,Blanks under Up/Dn Loc and Up/Dn Loc Name indicate Third Party information is not applicable.,412755,GCENGY/TGP COLETO CREEK VICTORIA,R,VICTORIA,TX,WHD,Z0,Z0,101,Y,A,20100101,,Y,GULF COAST ENERGY  INC.,137553954,13703,N,,,,,,20160616 12:00
1939164,TENNESSEE GAS PIPELINE,C000020,20260928 05:18,Blanks under Up/Dn Loc and Up/Dn Loc Name indicate Third Party information is not applicable.,412758,PETROHRV/TGP HIGHWAY 13 : RIP 533D-,R,FORREST,MS,WHD,ZL,ZL,530,N,I,,20240701,Y,PETRO HARVESTER OPERATING COMPANY  LLC,52532419,8305,N,,,,,,20241101 09:00
1939164,TENNESSEE GAS PIPELINE,C000020,20260928 05:18,Blanks under Up/Dn Loc and Up/Dn Loc Name indicate Third Party information is not applicable.,412759,DIV PROD/TGP BURFORD GATHERING: RIP,R,DE SOTO,LA,WHD,Z0,Z0,700,Y,A,20140619,,Y,DIVERSIFIED PRODUCTION  LLC,601293178,10138,N,,,,,,20210730 09:00
1939164,TENNESSEE GAS PIPELINE,C000020,20260928 05:18,Blanks under Up/Dn Loc and Up/Dn Loc Name indicate Third Party information is not applicable.,412762,TEX GAS/TGP ISOLA ROAD RIP 843B 101,R,HUMPHREYS,MS,INT,Z1,Z1,834,Y,A,20161010,,Y,TEXAS GAS TRANSMISSION  LLC,115972101,4076,Y,C000592,9505,TENNESSEE-ISOLA,,,20161010 12:00
1939164,TENNESSEE GAS PIPELINE,C000020,20260928 05:18,Blanks under Up/Dn Loc and Up/Dn Loc Name indicate Third Party information is not applicable.,412763,TEX GAS/TGP EAST REED ROAD RIP 54E,R,WASHINGTON,MS,INT,Z1,Z1,143,Y,A,20161010,,Y,TEXAS GAS TRANSMISSION  LLC,115972101,4076,Y,C000592,9500,TENNESSEE-GREENVILLE,,,20161010 12:00
1939164,TENNESSEE GAS PIPELINE,C000020,20260928 05:18,Blanks under Up/Dn Loc and Up/Dn Loc Name indicate Third Party information is not applicable.,412764,ENT GATH/TGP UDP STATE LINE PROCESS,R,DE SOTO,LA,GTH,Z0,Z0,700,Y,A,20240419,,Y,ENTERPRISE GATHERING LLC,963628388,5165,N,,,,,,20240422 15:00
1939164,TENNESSEE GAS PIPELINE,C000020,20260928 05:18,Blanks under Up/Dn Loc and Up/Dn Loc Name indicate Third Party information is not applicable.,412765,ETGPLLC/TGP HARRIS 19.1: RIP 703G 1,R,DE SOTO,LA,INT,Z0,Z0,700,N,I,,20101202,Y,ET G,,1253,Y,C004423,412765,EMP/TGP HARRIS,,,20240301 09:09
1939164,TENNESSEE GAS PIPELINE,C000020,20260928 05:18,Blanks under Up/Dn Loc and Up/Dn Loc Name indicate Third Party information is not applicable.,412768,GLDNPASS/TGP STARKS LNG: RIP 820 10,R,CALCASIEU,LA,INT,ZL,ZL,820,Y,A,20251009,,Y,GOLDEN PASS PIPELINE LLC,809259778,4695,Y,C001447,805475,TENNESSEE GAS,,,20251014 09:00
1939164,TENNESSEE GAS PIPELINE,C000020,20260928 05:18,Blanks under Up/Dn Loc and Up/Dn Loc Name indicate Third Party information is not applicable.,412769,APPLACHA/TGP EVANCHICK DEHY: RIP 31,R,BRADFORD,PA,GTH,Z4,Z4,318,N,I,,20170401,Y,APPALACHIA MIDSTREAM SERVICES  LLC,963339499,6338,N,,,,,,20170410 15:00
1939164,TENNESSEE GAS PIPELINE,C000020,20260928 05:18,Blanks under Up/Dn Loc and Up/Dn Loc Name indicate Third Party information is not applicable.,412770,REPSOLOG/TGP SHEDDEN DEHY: RIP 316D,R,BRADFORD,PA,GTH,Z4,Z4,316,Y,A,20220812,,Y,REPSOL OIL & GAS USA  LLC,126548440,5352,N,,,,,,20220812 09:00
1939164,TENNESSEE GAS PIPELINE,C000020,20260928 05:18,Blanks under Up/Dn Loc and Up/Dn Loc Name indicate Third Party information is not applicable.,412775,COMOG-LA/TGP TRENTON SALES: RIP 703,R,DE SOTO,LA,WHD,Z0,Z0,700,N,I,,20200401,Y,COMSTOCK OIL & GAS-LOUISIANA  LLC,779978329,10234,N,,,,,,20200401 09:00
1939164,TENNESSEE GAS PIPELINE,C000020,20260928 05:18,Blanks under Up/Dn Loc and Up/Dn Loc Name indicate Third Party information is not applicable.,412776,UES/TGP FEAGIN NO 1: RIP 505F-101.1,R,ALLEN,LA,WHD,ZL,ZL,501,N,I,,20120622,Y,UPSTREAM ENERGY SERVICES LLC,945765386,1319,N,,,,,,20160708 15:00
1939164,TENNESSEE GAS PIPELINE,C000020,20260928 05:18,Blanks under Up/Dn Loc and Up/Dn Loc Name indicate Third Party information is not applicable.,412777,UES/TGP CROSBY NO 1: RIP 505E-1 3.0,R,ALLEN,LA,WHD,ZL,ZL,501,N,I,,20120504,Y,UPSTREAM ENERGY SERVICES LLC,945765386,1319,N,,,,,,20160708 15:00
1939164,TENNESSEE GAS PIPELINE,C000020,20260928 05:18,Blanks under Up/Dn Loc and Up/Dn Loc Name indicate Third Party information is not applicable.,412778,WFS/TGP UDP TEEL DEHY: RIP 320H 101,R,SUSQUEHANNA,PA,GTH,Z4,Z4,320,Y,A,20231017,,Y,WILLIAMS FIELD SERVICES COMPANY  LLC,879847010,1086,N,,,,,,20231017 09:00
1939164,TENNESSEE GAS PIPELINE,C000020,20260928 05:18,Blanks under Up/Dn Loc and Up/Dn Loc Name indicate Third Party information is not applicable.,412779,APPLACHA/TGP UDP CRON DEHY: RIP 319,R,SUSQUEHANNA,PA,GTH,Z4,Z4,394,N,A,20170726,,Y,APPALACHIA MIDSTREAM SERVICES  LLC,963339499,6338,N,,,,,,20180829 12:00
1939164,TENNESSEE GAS PIPELINE,C000020,20260928 05:18,Blanks under Up/Dn Loc and Up/Dn Loc Name indicate Third Party information is not applicable.,412781,NFG/TGP HOLLOW ROAD DEHY: RIP 315B,R,TIOGA,PA,GTH,Z4,Z4,315,N,I,,20250131,Y,NFG MIDSTREAM COVINGTON  LLC,830063926,5702,N,,,,,,20250307 09:00
1939164,TENNESSEE GAS PIPELINE,C000020,20260928 05:18,Blanks under Up/Dn Loc and Up/Dn Loc Name indicate Third Party information is not applicable.,412782,APPLACHA/TGP LOTT DEHY: RIP 320D 10,R,SUSQUEHANNA,PA,GTH,Z4,Z4,320,N,I,,20120627,Y,APPALACHIA MIDSTREAM SERVICES  LLC,963339499,6338,N,,,,,,20160624 15:00
1939164,TENNESSEE GAS PIPELINE,C000020,20260928 05:18,Blanks under Up/Dn Loc and Up/Dn Loc Name indicate Third Party information is not applicable.,412783,CATLYST/TGP FROST DEHY: RIP 306B FO,R,FOREST,PA,WHD,Z4,Z4,300,N,I,,20201001,Y,CATALYST ENERGY  INC.,794686154,5690,N,,,,,,20201001 09:00
1939164,TENNESSEE GAS PIPELINE,C000020,20260928 05:18,Blanks under Up/Dn Loc and Up/Dn Loc Name indicate Third Party information is not applicable.,412784,ETC NEPL/TGP ALLEN MEADOW DEHY:RIP,R,BRADFORD,PA,GTH,Z4,Z4,317,Y,A,20251009,,Y,ETC NORTHEAST PIPELINE  LLC,964456748,10482,N,,,,,,20251014 09:00
1939164,TENNESSEE GAS PIPELINE,C000020,20260928 05:18,Blanks under Up/Dn Loc and Up/Dn Loc Name indicate Third Party information is not applicable.,412785,BLCKHILL/TGP SWAIN ROAD DEHY: RIP 3,R,BRADFORD,PA,INT,Z4,Z4,317,Y,A,20231017,,Y,BLACKHILL ENERGY LLC,117703092,10800,N,,,,,,20231017 09:00
1939164,TENNESSEE GAS PIPELINE,C000020,20260928 05:18,Blanks under Up/Dn Loc and Up/Dn Loc Name indicate Third Party information is not applicable.,412786,ETGPLLC/TGP BLACKSTONE IVORY: RIP 7,R,DE SOTO,LA,INT,Z0,Z0,700,N,I,,20100927,Y,ET G,,1253,Y,C004423,412786,BLACKSTONE IVORY,,,20240301 09:09
1939164,TENNESSEE GAS PIPELINE,C000020,20260928 05:18,Blanks under Up/Dn Loc and Up/Dn Loc Name indicate Third Party information is not applicable.,412788,CP-UGC/TGP MOSSY OAKS: RIP 22N 101.,R,HARRIS,TX,INT,Z0,Z0,117,Y,A,20180416,,Y,COPANO PIPELINES/UPPER GULF COAST LLC,2150493,3327,Y,C001202,412788,CP-UGC/TGP MOSSY OAKS,,,20180418 15:01
1939164,TENNESSEE GAS PIPELINE,C000020,20260928 05:18,Blanks under Up/Dn Loc and Up/Dn Loc Name indicate Third Party information is not applicable.,412789,LEAF/TGP JASPER COUNTY: RIP 538 2 5,B,JASPER,MS,STR,Z1,Z1,534,Y,A,20100101,,Y,LEAF RIVER ENERGY CENTER LLC,806804410,4970,Y,C002311,412789,LEAF/TGP JASPER COUNTY,,,20160607 15:00
1939164,TENNESSEE GAS PIPELINE,C000020,20260928 05:18,Blanks under Up/Dn Loc and Up/Dn Loc Name indicate Third Party information is not applicable.,412791,REPSOLOG/TGP MOUNTAIN RIDGE DEHY: R,R,TIOGA,PA,GTH,Z4,Z4,316,Y,A,20231017,,Y,REPSOL OIL & GAS USA  LLC,126548440,5352,N,,,,,,20231017 09:00
1939164,TENNESSEE GAS PIPELINE,C000020,20260928 05:18,Blanks under Up/Dn Loc and Up/Dn Loc Name indicate Third Party information is not applicable.,412793,WFS/TGP UDP SPRINGVILLE DEHY: RIP 3,R,SUSQUEHANNA,PA,GTH,Z4,Z4,320,Y,A,20241011,,Y,WILLIAMS FIELD SERVICES COMPANY  LLC,879847010,1086,N,,,,,,20241011 12:00
1939164,TENNESSEE GAS PIPELINE,C000020,20260928 05:18,Blanks under Up/Dn Loc and Up/Dn Loc Name indicate Third Party information is not applicable.,412794,ETC NEPL/TGP KORBAN DEHY:RIP 320E S,R,SUSQUEHANNA,PA,GTH,Z4,Z4,320,Y,A,20221021,,Y,ETC NORTHEAST PIPELINE  LLC,964456748,10482,N,,,,,,20221025 12:00
1939164,TENNESSEE GAS PIPELINE,C000020,20260928 05:18,Blanks under Up/Dn Loc and Up/Dn Loc Name indicate Third Party information is not applicable.,412796,UGITX/TGP SWEENEY DEHY: RIP 316E 10,R,BRADFORD,PA,GTH,Z4,Z4,316,Y,A,20161012,,Y,UGI TEXAS CREEK  LLC,80982774,10225,N,,,,,,20220329 09:00
1939164,TENNESSEE GAS PIPELINE,C000020,20260928 05:18,Blanks under Up/Dn Loc and Up/Dn Loc Name indicate Third Party information is not applicable.,412797,NFG/TGP UDP RICHMOND DEHY:RIP 315E,R,TIOGA,PA,GTH,Z4,Z4,315,Y,A,20250407,,Y,NFG MIDSTREAM COVINGTON  LLC,830063926,5702,N,,,,,,20250408 09:00
1939164,TENNESSEE GAS PIPELINE,C000020,20260928 05:18,Blanks under Up/Dn Loc and Up/Dn Loc Name indicate Third Party information is not applicable.,412803,ARLSTOR/TGP GRAVEL RUN ARLINGTON ST,B,STEUBEN,NY,STR,Z5,Z5,299,Y,A,20100101,,Y,ARLINGTON STORAGE COMPANY  LLC,808419597,6330,Y,C001685,012803,TGP WD,021069,TGP INJ,20220120 12:00
1939164,TENNESSEE GAS PIPELINE,C000020,20260928 05:18,Blanks under Up/Dn Loc and Up/Dn Loc Name indicate Third Party information is not applicable.,412805,PA GNRL/TGP WHITE HOLLOW DEHY:RIP 3,R,MC KEAN,PA,WHD,Z4,Z4,307,Y,A,20251009,,Y,PENNSYLVANIA GENERAL ENERGY COMPANY L.L.C.,964794478,6410,N,,,,,,20251015 09:00
1939164,TENNESSEE GAS PIPELINE,C000020,20260928 05:18,Blanks under Up/Dn Loc and Up/Dn Loc Name indicate Third Party information is not applicable.,412807,ET G&P/TGP LOGANSPORT B: RIP 704H 1,R,DE SOTO,LA,WHD,Z0,Z0,700,Y,A,20200210,,Y,ET GATHERING & PROCESSING LLC,32377308,3862,Y,C012199,412807,ETC TX / TGP LOGANSPORT,,,20240430 15:00
1939164,TENNESSEE GAS PIPELINE,C000020,20260928 05:18,Blanks under Up/Dn Loc and Up/Dn Loc Name indicate Third Party information is not applicable.,412808,NFGMIDCL/TGP CLERMONT DEHY: RIP 310,R,MC KEAN,PA,GTH,Z4,Z4,307,Y,A,20240723,,Y,NFG MIDSTREAM CLERMONT  LLC,79280898,9206,N,,,,,,20240723 09:00
1939164,TENNESSEE GAS PIPELINE,C000020,20260928 05:18,Blanks under Up/Dn Loc and Up/Dn Loc Name indicate Third Party information is not applicable.,412809,CRTXLIG/TGP CLEAR LAKE NO. 1: RIP 4,R,NATCHITOCHES,LA,INT,Z1,Z1,140,Y,A,20220714,,Y,ENLINK LIG  LLC,785881392,4996,Y,C001142,1438,TENNESSEE CLEAR LAKE,,,20220714 12:00
1939164,TENNESSEE GAS PIPELINE,C000020,20260928 05:18,Blanks under Up/Dn Loc and Up/Dn Loc Name indicate Third Party information is not applicable.,412811,NFG/TGP MAINESBURG DEHY: RIP 316G T,R,TIOGA,PA,GTH,Z4,Z4,316,N,I,,20201201,Y,NFG MIDSTREAM COVINGTON  LLC,830063926,5702,N,,,,,,20201201 09:00
1939164,TENNESSEE GAS PIPELINE,C000020,20260928 05:18,Blanks under Up/Dn Loc and Up/Dn Loc Name indicate Third Party information is not applicable.,412814,ETGPLLC/TGP BLACKSTONE NO 1: RIP 70,R,DE SOTO,LA,INT,Z0,Z0,700,N,I,,20111024,Y,ET G,,1253,Y,C004423,412814,BLACKSTONE NO. 1,,,20240301 09:09
1939164,TENNESSEE GAS PIPELINE,C000020,20260928 05:18,Blanks under Up/Dn Loc and Up/Dn Loc Name indicate Third Party information is not applicable.,412818,REPSOLOG/TGP SHEDDEN II DEHY: RIP 3,R,BRADFORD,PA,GTH,Z4,Z4,316,Y,A,20260408,,Y,REPSOL OIL & GAS USA  LLC,126548440,5352,N,,,,,,20260409 15:00
1939164,TENNESSEE GAS PIPELINE,C000020,20260928 05:18,Blanks under Up/Dn Loc and Up/Dn Loc Name indicate Third Party information is not applicable.,412819,LOUISMID/TGP CONVERSE CENTRAL: RIP,R,DE SOTO,LA,WHD,Z0,Z0,700,Y,A,20241011,,Y,LOUISIANA MIDSTREAM GAS SERVICES  LLC,963339242,5047,N,,,,,,20241011 12:00
1939164,TENNESSEE GAS PIPELINE,C000020,20260928 05:18,Blanks under Up/Dn Loc and Up/Dn Loc Name indicate Third Party information is not applicable.,412821,ETC NEPL/TGP DIMOCK DEHY: RIP 320J,R,SUSQUEHANNA,PA,GTH,Z4,Z4,320,Y,A,20231201,,Y,ETC NORTHEAST PIPELINE  LLC,964456748,10482,N,,,,,,20231220 09:00
1939164,TENNESSEE GAS PIPELINE,C000020,20260928 05:18,Blanks under Up/Dn Loc and Up/Dn Loc Name indicate Third Party information is not applicable.,412822,MAINESBG/TGP UDP HEMLOCK HILL II DE,R,TIOGA,PA,GTH,Z4,Z4,316,Y,A,20251009,,Y,MAINESBURG GS  LP,963474205,6713,N,,,,,,20251015 09:00
1939164,TENNESSEE GAS PIPELINE,C000020,20260928 05:18,Blanks under Up/Dn Loc and Up/Dn Loc Name indicate Third Party information is not applicable.,412824,VENTEX/TGP GUM BRANCH: RIP 824B 101,R,ALLEN,LA,WHD,ZL,ZL,823,Y,A,20140324,,Y,VENTEX OPERATING CORP.,6714282,8515,N,,,,,,20191009 12:00
1939164,TENNESSEE GAS PIPELINE,C000020,20260928 05:18,Blanks under Up/Dn Loc and Up/Dn Loc Name indicate Third Party information is not applicable.,412826,NFG/TGP LAMONT PA: RIP 308-1 ELK,R,ELK,PA,INT,Z4,Z4,307,N,A,20241011,,Y,NATIONAL FUEL GAS SUPPLY CORP,7912959,6313,Y,C000046,420072,LAMONT,,,20241011 12:00
1939164,TENNESSEE GAS PIPELINE,C000020,20260928 05:18,Blanks under Up/Dn Loc and Up/Dn Loc Name indicate Third Party information is not applicable.,412827,REPSOLOG/TGP PUTNAM DEHYD: RIP 316H,R,BRADFORD,PA,GTH,Z4,Z4,316,Y,A,20231017,,Y,REPSOL OIL & GAS USA  LLC,126548440,5352,N,,,,,,20231017 09:00
1939164,TENNESSEE GAS PIPELINE,C000020,20260928 05:18,Blanks under Up/Dn Loc and Up/Dn Loc Name indicate Third Party information is not applicable.,412828,00  APACHE/TGP UDP POTOMAC: RIP 519,R,ST MARY,LA,WHD,ZL,ZL,516,Y,I,,20170401,Y,APACHE CORPORATION,6961551,15011,N,,,,,,20170410 15:00
1939164,TENNESSEE GAS PIPELINE,C000020,20260928 05:18,Blanks under Up/Dn Loc and Up/Dn Loc Name indicate Third Party information is not applicable.,412829,ET G&P/TGP ROBELINE: RIP 38B 101.1,R,NATCHITOCHES,LA,INT,Z0,Z0,132,Y,A,20241011,,Y,ET GATHERING & PROCESSING LLC,32377308,3862,Y,C012199,822308,TGP ROBELINE,,,20241011 12:00
1939164,TENNESSEE GAS PIPELINE,C000020,20260928 05:18,Blanks under Up/Dn Loc and Up/Dn Loc Name indicate Third Party information is not applicable.,412830,ETC TIG/TGP CHATHAM JACKSON,R,JACKSON,LA,INT,Z1,Z1,143,Y,A,20161010,,Y,ETC TIGER PIPELINE  LLC,829521983,5231,Y,C001013,78538,TENNESSEE GAS PIPELINE,,,20161010 12:00
1939164,TENNESSEE GAS PIPELINE,C000020,20260928 05:18,Blanks under Up/Dn Loc and Up/Dn Loc Name indicate Third Party information is not applicable.,412831,DTM LAGA/TGP SABINE MANY: RIP 37F 1,R,SABINE,LA,GTH,Z0,Z0,132,Y,A,20200210,,Y,DTM LOUISIANA GATHERING  LLC,80780297,10315,N,,,,,,20230320 09:00
1939164,TENNESSEE GAS PIPELINE,C000020,20260928 05:18,Blanks under Up/Dn Loc and Up/Dn Loc Name indicate Third Party information is not applicable.,412832,APPLACHA/TGP LATINI DEHY: RIP 319C,R,BRADFORD,PA,GTH,Z4,Z4,318,Y,A,20190111,,Y,APPALACHIA MIDSTREAM SERVICES  LLC,963339499,6338,N,,,,,,20190206 09:00
1939164,TENNESSEE GAS PIPELINE,C000020,20260928 05:18,Blanks under Up/Dn Loc and Up/Dn Loc Name indicate Third Party information is not applicable.,412833,REPSOLOG/TGP SILVARA DEHY: RIP 319F,R,BRADFORD,PA,GTH,Z4,Z4,394,Y,A,20161012,,Y,REPSOL OIL & GAS USA  LLC,126548440,5352,N,,,,,,20170401 09:00
1939164,TENNESSEE GAS PIPELINE,C000020,20260928 05:18,Blanks under Up/Dn Loc and Up/Dn Loc Name indicate Third Party information is not applicable.,412834,APPLACHA/TGP UDP CALKINS DEHY: RIP,R,BRADFORD,PA,GTH,Z4,Z4,317,Y,A,20161012,,Y,APPALACHIA MIDSTREAM SERVICES  LLC,963339499,6338,N,,,,,,20161012 15:00
1939164,TENNESSEE GAS PIPELINE,C000020,20260928 05:18,Blanks under Up/Dn Loc and Up/Dn Loc Name indicate Third Party information is not applicable.,412835,SEPCO/TGP KATIE DEHY: RIP 319G 101.,R,SUSQUEHANNA,PA,GTH,Z4,Z4,394,Y,A,20260408,,Y,SOUTHWESTERN ENERGY PRODUCTION COMPANY,62264759,7567,N,,,,,,20260409 15:00
1939164,TENNESSEE GAS PIPELINE,C000020,20260928 05:18,Blanks under Up/Dn Loc and Up/Dn Loc Name indicate Third Party information is not applicable.,412836,PA GNRL/TGP UDP FISK HOLLOW: RIP 31,R,POTTER,PA,WHD,Z4,Z4,307,Y,A,20260408,,Y,PENNSYLVANIA GENERAL ENERGY COMPANY L.L.C.,964794478,6410,N,,,,,,20260409 15:00
1939164,TENNESSEE GAS PIPELINE,C000020,20260928 05:18,Blanks under Up/Dn Loc and Up/Dn Loc Name indicate Third Party information is not applicable.,412839,DUNCAN/TGP LABOKAY NO. 1: RIP 820P,R,CALCASIEU,LA,WHD,ZL,ZL,820,N,A,20140619,,Y,DUNCAN OIL  INC.,781757760,2346,N,,,,,,20190416 12:00
1939164,TENNESSEE GAS PIPELINE,C000020,20260928 05:18,Blanks under Up/Dn Loc and Up/Dn Loc Name indicate Third Party information is not applicable.,412840,SMERSET/TGP UDP IRONS HOLLOW DEHY:,R,MC KEAN,PA,GTH,Z4,Z4,307,N,I,,20201201,Y,SOMERSET GAS GATHERING OF PENNSYLVANIA  LLC,966682796,6341,N,,,,,,20201201 09:00
1939164,TENNESSEE GAS PIPELINE,C000020,20260928 05:18,Blanks under Up/Dn Loc and Up/Dn Loc Name indicate Third Party information is not applicable.,412841,UGI/TGP UDP AUBURN DEHY: RIP 320 1,R,SUSQUEHANNA,PA,INT,Z4,Z4,320,Y,A,20220406,,Y,UGI ENERGY SERVICES  LLC,883504581,4936,N,,,,,,20220407 12:00
1939164,TENNESSEE GAS PIPELINE,C000020,20260928 05:18,Blanks under Up/Dn Loc and Up/Dn Loc Name indicate Third Party information is not applicable.,412843,CAB OIL/TGP PENCHANT CLF 34 1: RIP,R,TERREBONNE,LA,WHD,ZL,ZL,516,Y,I,,20170401,Y,CABOT OIL & GAS MARKETING CORPORATION,879251437,17749,N,,,,,,20170410 15:00
1939164,TENNESSEE GAS PIPELINE,C000020,20260928 05:18,Blanks under Up/Dn Loc and Up/Dn Loc Name indicate Third Party information is not applicable.,412844,TEXLA/TGP ROY MARTIN GATHERING: RIP,R,ALLEN,LA,WHD,ZL,ZL,823,Y,A,20140619,,Y,TEXLA ENERGY MANAGEMENT  INC.,884961244,21027,N,,,,,,20160708 15:00
1939164,TENNESSEE GAS PIPELINE,C000020,20260928 05:18,Blanks under Up/Dn Loc and Up/Dn Loc Name indicate Third Party information is not applicable.,412845,ETC NEPL/TGP ELK LAKE SUSQUEHANNA,R,SUSQUEHANNA,PA,GTH,Z4,Z4,320,Y,A,20161012,,Y,ETC NORTHEAST PIPELINE  LLC,964456748,10482,N,,,,,,20190228 09:00
1939164,TENNESSEE GAS PIPELINE,C000020,20260928 05:18,Blanks under Up/Dn Loc and Up/Dn Loc Name indicate Third Party information is not applicable.,412846,APPLACHA/TGP UDP SHOEMAKER DEHY: RI,R,SUSQUEHANNA,PA,GTH,Z4,Z4,394,Y,A,20210603,,Y,APPALACHIA MIDSTREAM SERVICES  LLC,963339499,6338,N,,,,,,20210604 12:00
1939164,TENNESSEE GAS PIPELINE,C000020,20260928 05:18,Blanks under Up/Dn Loc and Up/Dn Loc Name indicate Third Party information is not applicable.,412847,ACADIAN/TGP CHENEYVILLE RAPIDES,R,RAPIDES,LA,INT,ZL,ZL,823,Y,A,20230418,,Y,ACADIAN GAS PIPELINE SYSTEM,135481971,17883,Y,C000932,H32404,TENNESSEE GAS - CHENEYVILLE,,,20230418 15:00
1939164,TENNESSEE GAS PIPELINE,C000020,20260928 05:18,Blanks under Up/Dn Loc and Up/Dn Loc Name indicate Third Party information is not applicable.,412850,APPLACHA/TGP UDP LIBERTY DEHY: RIP,R,BRADFORD,PA,GTH,Z4,Z4,317,Y,A,20161012,,Y,APPALACHIA MIDSTREAM SERVICES  LLC,963339499,6338,N,,,,,,20161012 15:00
1939164,TENNESSEE GAS PIPELINE,C000020,20260928 05:18,Blanks under Up/Dn Loc and Up/Dn Loc Name indicate Third Party information is not applicable.,412854,BRDWLK/TGP VALENTINE DEHY: RIP 320P,R,SUSQUEHANNA,PA,GTH,Z4,Z4,320,Y,A,20200210,,Y,BOARDWALK FIELD SERVICES  LLC,967311072,5583,N,,,,,,20200211 15:00
1939164,TENNESSEE GAS PIPELINE,C000020,20260928 05:18,Blanks under Up/Dn Loc and Up/Dn Loc Name indicate Third Party information is not applicable.,412855,WFS/TGP UDP ZICK DEHY: RIP 320L 101,R,SUSQUEHANNA,PA,GTH,Z4,Z4,320,Y,A,20251009,,Y,WILLIAMS FIELD SERVICES COMPANY  LLC,879847010,1086,N,,,,,,20251014 09:00
1939164,TENNESSEE GAS PIPELINE,C000020,20260928 05:18,Blanks under Up/Dn Loc and Up/Dn Loc Name indicate Third Party information is not applicable.,412856,EMPIREPL/TGP CANANDAIGUA ONTARIO,R,ONTARIO,NY,INT,Z5,Z5,233,Y,A,20200210,,Y,EMPIRE PIPELINE CORP.,609775049,18291,Y,C000047,412856,HOPEWELL,,,20200211 15:00
1939164,TENNESSEE GAS PIPELINE,C000020,20260928 05:18,Blanks under Up/Dn Loc and Up/Dn Loc Name indicate Third Party information is not applicable.,412857,LYMAC/TGP MITTIE: RIP 504B 101.1 AL,R,ALLEN,LA,WHD,ZL,ZL,501,N,A,20140619,,Y,LYMAC EXPLORATION AND PRODUCTION  LLC,962113143,6640,N,,,,,,20160726 09:00
1939164,TENNESSEE GAS PIPELINE,C000020,20260928 05:18,Blanks under Up/Dn Loc and Up/Dn Loc Name indicate Third Party information is not applicable.,412858,DIV PROD/TGP MASON DEHY: RIP 315F 1,R,TIOGA,PA,GTH,Z4,Z4,315,Y,A,20161012,,Y,DIVERSIFIED PRODUCTION  LLC,601293178,10138,N,,,,,,20200701 09:00
1939164,TENNESSEE GAS PIPELINE,C000020,20260928 05:18,Blanks under Up/Dn Loc and Up/Dn Loc Name indicate Third Party information is not applicable.,412860,ET G&P/TGP GANADO PLANT JACKSON,R,JACKSON,TX,INT,Z0,Z0,109,Y,A,20200210,,Y,ET GATHERING & PROCESSING LLC,32377308,3862,Y,C012199,412860,ETC TX / TGP GANADO PLANT JACKSON,,,20240430 15:00
1939164,TENNESSEE GAS PIPELINE,C000020,20260928 05:18,Blanks under Up/Dn Loc and Up/Dn Loc Name indicate Third Party information is not applicable.,412861,KMTEJAS/TGP ROCHE LA ROSA: RIP 5A 1,R,REFUGIO,TX,INT,Z0,Z0,101,Y,A,20220701,,Y,KINDER MORGAN TEJAS PIPELINE LLC,879826576,26089,Y,C000434,33-0001-24,KMTEJAS 5A LINE TO TGP,33-0002-24,KMTEJAS 5A LINE TO TGP,20220711 10:09
1939164,TENNESSEE GAS PIPELINE,C000020,20260928 05:18,Blanks under Up/Dn Loc and Up/Dn Loc Name indicate Third Party information is not applicable.,412862,BULLOPER/TGP COLDSPRING LATERAL: RI,R,SAN JACINTO,TX,WHD,Z0,Z0,125,Y,A,20240201,,Y,BULL OPERATING LLC,,11080,N,,,,,,20250516 09:00
1939164,TENNESSEE GAS PIPELINE,C000020,20260928 05:18,Blanks under Up/Dn Loc and Up/Dn Loc Name indicate Third Party information is not applicable.,412863,GEOPETRO/TGP LITTLE BEAVER: RIP 217,R,LAWRENCE,PA,WHD,Z4,Z4,290,Y,A,20211006,,Y,GEOPETRO LLC,607297058,10565,N,,,,,,20211007 12:00
1939164,TENNESSEE GAS PIPELINE,C000020,20260928 05:18,Blanks under Up/Dn Loc and Up/Dn Loc Name indicate Third Party information is not applicable.,412864,BLU/TGP LAKE LOOMIS DEHY: RIP 320T,B,SUSQUEHANNA,PA,GTH,Z4,Z4,320,Y,A,20231017,,Y,BLUESTONE PIPELINE COMPANY OF PENNSYLVANIA  LLC,78377824,8325,N,,,,,,20260224 15:00
1939164,TENNESSEE GAS PIPELINE,C000020,20260928 05:18,Blanks under Up/Dn Loc and Up/Dn Loc Name indicate Third Party information is not applicable.,412865,NFG/TGP EAST AURORA NEW YORK ERIE,B,ERIE,NY,INT,Z5,Z5,295,Y,A,20121101,,Y,NATIONAL FUEL GAS SUPPLY CORP,7912959,6313,Y,C000046,420077,EAST AURORA,,,20160401 10:05
1939164,TENNESSEE GAS PIPELINE,C000020,20260928 05:18,Blanks under Up/Dn Loc and Up/Dn Loc Name indicate Third Party information is not applicable.,412866,WFS/TGP SHIELDS: RIP 320 1 4.79 SUS,R,SUSQUEHANNA,PA,GTH,Z4,Z4,320,Y,A,20161012,,Y,WILLIAMS FIELD SERVICES COMPANY  LLC,879847010,1086,N,,,,,,20161012 15:00
1939164,TENNESSEE GAS PIPELINE,C000020,20260928 05:18,Blanks under Up/Dn Loc and Up/Dn Loc Name indicate Third Party information is not applicable.,412867,INTRCONN/TGP GANADO GATHERING: RIP,R,JACKSON,TX,WHD,Z0,Z0,109,N,I,,20191114,Y,INTERCONN RESOURCES  LLC,129926408,3417,N,,,,,,20191201 09:00
1939164,TENNESSEE GAS PIPELINE,C000020,20260928 05:18,Blanks under Up/Dn Loc and Up/Dn Loc Name indicate Third Party information is not applicable.,412868,UTICA EO/TGP KENSINGTON DEHY: RIP 2,R,COLUMBIANA,OH,PLT,Z4,Z4,214,Y,A,20230418,,Y,UTICA EAST OHIO MIDSTREAM LLC,78435517,8492,N,,,,,,20230418 15:00
1939164,TENNESSEE GAS PIPELINE,C000020,20260928 05:18,Blanks under Up/Dn Loc and Up/Dn Loc Name indicate Third Party information is not applicable.,412869,T2 GAS/TGP UDP KELLEY ROAD: RIP 5R,R,REFUGIO,TX,WHD,Z0,Z0,101,Y,A,20230418,,Y,T2 GAS UTILITY LLC,961998171,5486,N,,,,,,20230418 15:00
1939164,TENNESSEE GAS PIPELINE,C000020,20260928 05:18,Blanks under Up/Dn Loc and Up/Dn Loc Name indicate Third Party information is not applicable.,412870,EGTS/TGP CRAIGS: RIP 232G 101.1 LIV,R,LIVINGSTON,NY,INT,Z5,Z5,230,Y,A,20161010,,Y,EASTERN GAS TRANSMISSION AND STORAGE  INC.,116025180,3531,Y,C000160,,CRAIGS,,,20210301 09:00
1939164,TENNESSEE GAS PIPELINE,C000020,20260928 05:18,Blanks under Up/Dn Loc and Up/Dn Loc Name indicate Third Party information is not applicable.,412871,PINOAK/TGP TIONESTA: RIP 304E 101.2,R,FOREST,PA,GTH,Z4,Z4,300,Y,A,20150817,,Y,PIN OAK ENERGY PARTNERS LLC,53358661,10236,N,,,,,,20180226 12:00
1939164,TENNESSEE GAS PIPELINE,C000020,20260928 05:18,Blanks under Up/Dn Loc and Up/Dn Loc Name indicate Third Party information is not applicable.,412872,PINOAK/TGP MT. JEWETT: RIP 308C 101,R,ELK,PA,GTH,Z4,Z4,307,Y,A,20211006,,Y,PIN OAK ENERGY PARTNERS LLC,53358661,10236,N,,,,,,20211007 12:00
1939164,TENNESSEE GAS PIPELINE,C000020,20260928 05:18,Blanks under Up/Dn Loc and Up/Dn Loc Name indicate Third Party information is not applicable.,412873,HEC/TGP PULASKI: RIP 217C 101.3 LAW,R,LAWRENCE,PA,WHD,Z4,Z4,217,Y,A,20140430,,Y,HILCORP ENERGY COMPANY,606410538,1074,N,,,,,,20160609 15:00
1939164,TENNESSEE GAS PIPELINE,C000020,20260928 05:18,Blanks under Up/Dn Loc and Up/Dn Loc Name indicate Third Party information is not applicable.,412874,TET/TGP WHEELERSBURG: RIP 201 101.1,R,SCIOTO,OH,INT,Z4,Z4,200,Y,A,20161012,,Y,TEXAS EASTERN TRANSMISSION. LP,7932908,4074,Y,C000094,73730,WHEELERSBURG,,,20161012 15:00
1939164,TENNESSEE GAS PIPELINE,C000020,20260928 05:18,Blanks under Up/Dn Loc and Up/Dn Loc Name indicate Third Party information is not applicable.,412876,TGP/TGP LACKAWANNOCK: RIP 218D 101.,R,MERCER,PA,INT,Z4,Z4,217,N,I,,20200722,N,,,,,,,,,,20200729 09:00
1939164,TENNESSEE GAS PIPELINE,C000020,20260928 05:18,Blanks under Up/Dn Loc and Up/Dn Loc Name indicate Third Party information is not applicable.,412877,EFMIDS/TGP BANQUETE PLANT: RIP 1T 1,R,NUECES,TX,INT,Z0,Z0,101,Y,A,20221001,,Y,EAGLE FORD MIDSTREAM LLC,967782322,8352,Y,C002792,412877,TGP  BANQUETTE PLANT,,,20250321 12:00
1939164,TENNESSEE GAS PIPELINE,C000020,20260928 05:18,Blanks under Up/Dn Loc and Up/Dn Loc Name indicate Third Party information is not applicable.,412878,BWALKTX/TGP FLAG CITY: RIP 11J 101.,R,JACKSON,TX,GTH,Z0,Z0,109,Y,I,,20220801,Y,BOARDWALK TEXAS INTRASTATE  LLC,,10150,Y,C007718,23147,TGP FLAG CITY DELIVERY,,,20220805 15:00
1939164,TENNESSEE GAS PIPELINE,C000020,20260928 05:18,Blanks under Up/Dn Loc and Up/Dn Loc Name indicate Third Party information is not applicable.,412879,UGIAPP/TGP HICKORY BEND MAHONING,R,MAHONING,OH,GTH,Z4,Z4,216,Y,A,20220801,,Y,UGI APPALACHIA  LLC,117246237,8615,N,,,,,,20230330 09:00
1939164,TENNESSEE GAS PIPELINE,C000020,20260928 05:18,Blanks under Up/Dn Loc and Up/Dn Loc Name indicate Third Party information is not applicable.,412882,KINETICA/TGP PORT SULPHUR PLAQUEMIN,B,PLAQUEMINES,LA,INT,ZL,ZL,526,Y,A,20181102,,Y,KINETICA ENERGY EXPRESS L.L.C.,263938488,8566,Y,C003552,024000,PORT SULPHUR,,,20240814 09:00
1939164,TENNESSEE GAS PIPELINE,C000020,20260928 05:18,Blanks under Up/Dn Loc and Up/Dn Loc Name indicate Third Party information is not applicable.,412883,KINETICA/TGP COCODRIE 523 BLUEWATER,R,TERREBONNE,LA,INT,ZL,ZL,959,Y,A,20161012,,Y,KINETICA ENERGY EXPRESS L.L.C.,263938488,8566,Y,C003552,024001,COCODRIE,,,20161012 15:00
1939164,TENNESSEE GAS PIPELINE,C000020,20260928 05:18,Blanks under Up/Dn Loc and Up/Dn Loc Name indicate Third Party information is not applicable.,412884,KINETICA/TGP GRAND CHENIER PLANT I,R,CAMERON,LA,INT,ZL,ZL,905,N,I,,20190801,Y,KINETICA ENERGY EXPRESS L.L.C.,263938488,8566,Y,C003552,024003,CHENIER PLANT,,,20191001 09:00
1939164,TENNESSEE GAS PIPELINE,C000020,20260928 05:18,Blanks under Up/Dn Loc and Up/Dn Loc Name indicate Third Party information is not applicable.,412888,NFG/TGP MERCER RECEIPT MERCER,R,MERCER,PA,INT,Z4,Z4,217,Y,A,20180420,,Y,NATIONAL FUEL GAS SUPPLY CORP,7912959,6313,Y,C000046,412888,MERCER,,,20180424 15:00
1939164,TENNESSEE GAS PIPELINE,C000020,20260928 05:18,Blanks under Up/Dn Loc and Up/Dn Loc Name indicate Third Party information is not applicable.,412889,CONTLRES/TGP LOPEZ ROAD VERMILION,R,VERMILION,LA,WHD,ZL,ZL,515,Y,I,,20171109,Y,CONTINENTAL RESOURCES  INC.,74292095,20724,N,,,,,,20200903 12:00
1939164,TENNESSEE GAS PIPELINE,C000020,20260928 05:18,Blanks under Up/Dn Loc and Up/Dn Loc Name indicate Third Party information is not applicable.,418048,VR  BURLGTON/TGP VERMILION 237B,R,VERMILLION,LA,OTH,ZL,ZL,949,N,I,,20100101,Y,BURLINGTON RESOURCES TRADING INC.,175671007,6196,N,,,,,,20250501 12:00
1939164,TENNESSEE GAS PIPELINE,C000020,20260928 05:18,Blanks under Up/Dn Loc and Up/Dn Loc Name indicate Third Party information is not applicable.,419009,ST  BLK ELK/TGP S. TIMBALIER BLK 53,R,SOUTH TIMBALIER,LA,WHD,ZL,ZL,523,N,I,,20140301,Y,BLACK ELK ENERGY OFFSHORE OPERATIONS  LLC,12051697,6405,N,,,,,,20160627 15:00
1939164,TENNESSEE GAS PIPELINE,C000020,20260928 05:18,Blanks under Up/Dn Loc and Up/Dn Loc Name indicate Third Party information is not applicable.,420007,SPIR TEN/TGP NASHVILLE TENNESSEE CH,D,CHEATHAM,TN,LDC,Z1,Z1,163,N,I,,20100101,Y,SPIRE TENNESSEE INC.,144918717,11667,N,,,,,,20260401 12:00
1939164,TENNESSEE GAS PIPELINE,C000020,20260928 05:18,Blanks under Up/Dn Loc and Up/Dn Loc Name indicate Third Party information is not applicable.,420009,ATMOS KY/TGP GREENSBURG KY GREEN,D,GREEN,KY,LDC,Z2,Z2,187,Y,A,20100101,,Y,ATMOS ENERGY (KY)  A DIVISION OF ATMOS ENERGY CORPORATION,,6456,N,,,,,,20221117 15:00
1939164,TENNESSEE GAS PIPELINE,C000020,20260928 05:18,Blanks under Up/Dn Loc and Up/Dn Loc Name indicate Third Party information is not applicable.,420010,ATMOS KY/TGP CAMPBELLSVILLE KY TAYL,D,TAYLOR,KY,LDC,Z2,Z2,187,Y,A,20260408,,Y,ATMOS ENERGY (KY)  A DIVISION OF ATMOS ENERGY CORPORATION,,6456,N,,,,,,20260409 15:00
1939164,TENNESSEE GAS PIPELINE,C000020,20260928 05:18,Blanks under Up/Dn Loc and Up/Dn Loc Name indicate Third Party information is not applicable.,420019,TEX GAS/TGP GLASGOW KY BARREN,D,BARREN,KY,INT,Z2,Z2,187,Y,A,20251009,,Y,TEXAS GAS TRANSMISSION  LLC,115972101,4076,Y,C000592,2766,GOODNIGHT,,,20251014 09:00
1939164,TENNESSEE GAS PIPELINE,C000020,20260928 05:18,Blanks under Up/Dn Loc and Up/Dn Loc Name indicate Third Party information is not applicable.,420021,DELTAMS/TGP SUMNER MS TALLAHATCHIE,D,LAFAYETTE,MS,LDC,Z1,Z1,143,Y,A,20130905,,Y,DELTA MISSISSIPPI GAS COMPANY  LLC,119371580,11417,N,,,,,,20250609 12:00
1939164,TENNESSEE GAS PIPELINE,C000020,20260928 05:18,Blanks under Up/Dn Loc and Up/Dn Loc Name indicate Third Party information is not applicable.,420022,DELTAMS/TGP LAMBERT MS QUITMAN,D,QUITMAN,MS,LDC,Z1,Z1,143,Y,A,20100510,,Y,DELTA MISSISSIPPI GAS COMPANY  LLC,119371580,11417,N,,,,,,20250605 12:00
1939164,TENNESSEE GAS PIPELINE,C000020,20260928 05:18,Blanks under Up/Dn Loc and Up/Dn Loc Name indicate Third Party information is not applicable.,420023,DELTAMS/TGP CROWDER MS QUITMAN,D,QUITMAN,MS,LDC,Z1,Z1,143,Y,A,20100101,,Y,DELTA MISSISSIPPI GAS COMPANY  LLC,119371580,11417,N,,,,,,20250605 12:00
1939164,TENNESSEE GAS PIPELINE,C000020,20260928 05:18,Blanks under Up/Dn Loc and Up/Dn Loc Name indicate Third Party information is not applicable.,420024,UTILMGMT/TGP SENATOBIA MS PANOLA,D,PANOLA,MS,LDC,Z1,Z1,163,Y,A,20100712,,Y,UTILITY MANAGEMENT CORPORATION,787237718,6529,N,,,,,,20160708 15:00
1939164,TENNESSEE GAS PIPELINE,C000020,20260928 05:18,Blanks under Up/Dn Loc and Up/Dn Loc Name indicate Third Party information is not applicable.,420025,DELTAMS/TGP OXFORD MS LAFAYETTE,D,LAFAYETTE,MS,LDC,Z1,Z1,163,Y,A,20251009,,Y,DELTA MISSISSIPPI GAS COMPANY  LLC,119371580,11417,N,,,,,,20251014 09:00
1939164,TENNESSEE GAS PIPELINE,C000020,20260928 05:18,Blanks under Up/Dn Loc and Up/Dn Loc Name indicate Third Party information is not applicable.,420026,HOLYSPRG/TGP HOLLY SPRINGS MS MARSH,D,MARSHALL,MS,LDC,Z1,Z1,163,Y,A,20100101,,Y,HOLLY SPRINGS  CITY OF,170326441,6102,N,,,,,,20160708 15:00
1939164,TENNESSEE GAS PIPELINE,C000020,20260928 05:18,Blanks under Up/Dn Loc and Up/Dn Loc Name indicate Third Party information is not applicable.,420028,ATMOS KY/TGP HARRODSBURG KY BOYLE,D,BOYLE,KY,LDC,Z2,Z2,187,Y,A,20160407,,Y,ATMOS ENERGY (KY)  A DIVISION OF ATMOS ENERGY CORPORATION,,6456,N,,,,,,20221117 15:00
1939164,TENNESSEE GAS PIPELINE,C000020,20260928 05:18,Blanks under Up/Dn Loc and Up/Dn Loc Name indicate Third Party information is not applicable.,420029,ATMOS KY/TGP LANCASTER KY GARRARD,D,GARRARD,KY,LDC,Z2,Z2,187,Y,A,20151101,,Y,ATMOS ENERGY (KY)  A DIVISION OF ATMOS ENERGY CORPORATION,,6456,N,,,,,,20221117 15:00
1939164,TENNESSEE GAS PIPELINE,C000020,20260928 05:18,Blanks under Up/Dn Loc and Up/Dn Loc Name indicate Third Party information is not applicable.,420030,ATMOS KY/TGP LEBANON KY MARION,D,MARION,KY,LDC,Z2,Z2,187,Y,A,20260408,,Y,ATMOS ENERGY (KY)  A DIVISION OF ATMOS ENERGY CORPORATION,,6456,N,,,,,,20260409 15:00
1939164,TENNESSEE GAS PIPELINE,C000020,20260928 05:18,Blanks under Up/Dn Loc and Up/Dn Loc Name indicate Third Party information is not applicable.,420033,PORTLAND/TGP PORTLAND TN SUMNER,D,SUMNER,TN,LDC,Z1,Z1,860,Y,A,20260408,,Y,PORTLAND  TENNESSEE  CITY OF,95676524,6542,N,,,,,,20260409 15:00
1939164,TENNESSEE GAS PIPELINE,C000020,20260928 05:18,Blanks under Up/Dn Loc and Up/Dn Loc Name indicate Third Party information is not applicable.,420035,DICKSON/TGP DICKSON TN DICKSON,D,DICKSON,TN,LDC,Z1,Z1,163,Y,A,20171011,,Y,DICKSON GAS AUTHORITY,606638435,6479,N,,,,,,20171011 15:01
1939164,TENNESSEE GAS PIPELINE,C000020,20260928 05:18,Blanks under Up/Dn Loc and Up/Dn Loc Name indicate Third Party information is not applicable.,420036,SPRNGFLD/TGP SPRINGFIELD TN ROBERTS,D,ROBERTSON,TN,LDC,Z1,Z1,163,Y,A,20260408,,Y,SPRINGFIELD  CITY OF,93149573,6493,N,,,,,,20260409 15:00
1939164,TENNESSEE GAS PIPELINE,C000020,20260928 05:18,Blanks under Up/Dn Loc and Up/Dn Loc Name indicate Third Party information is not applicable.,420037,CRANBERY/TGP LANE BRANCH WV KANAWHA,D,KANAWHA,WV,INT,Z3,Z3,114,Y,A,20251009,,Y,CRANBERRY PIPELINE CORP,53455242,6087,Y,C000941,420037,LANE BRANCH,,,20251017 12:00
1939164,TENNESSEE GAS PIPELINE,C000020,20260928 05:18,Blanks under Up/Dn Loc and Up/Dn Loc Name indicate Third Party information is not applicable.,420038,MOREHEAD/TGP MOREHEAD KY ROWAN,D,ROWAN,KY,LDC,Z2,Z2,187,Y,A,20140114,,Y,MOREHEAD UTILITY PLANT BOARD,38905923,6457,N,,,,,,20160708 15:00
1939164,TENNESSEE GAS PIPELINE,C000020,20260928 05:18,Blanks under Up/Dn Loc and Up/Dn Loc Name indicate Third Party information is not applicable.,420042,ETNG/TGP EAST LOBELVILLE TN PERRY,D,PERRY,TN,INT,Z1,Z1,163,Y,A,20100101,,Y,EAST TENNESSEE NATURAL GAS COMPANY,7921323,26164,Y,C000085,53201,EL PASO-LOBELVILLE RECEIVING,,,20160401 10:05
1939164,TENNESSEE GAS PIPELINE,C000020,20260928 05:18,Blanks under Up/Dn Loc and Up/Dn Loc Name indicate Third Party information is not applicable.,420044,EGTS/TGP BROAD RUN CORNWELL KANAWHA,B,KANAWHA,WV,INT,Z3,Z3,114,Y,A,20100101,,Y,EASTERN GAS TRANSMISSION AND STORAGE  INC.,116025180,3531,Y,C000160,40105,TGP  CORNWELL/ BROAD RUN,,,20210301 09:00
1939164,TENNESSEE GAS PIPELINE,C000020,20260928 05:18,Blanks under Up/Dn Loc and Up/Dn Loc Name indicate Third Party information is not applicable.,420045,COL GAS/TGP MAVITY KY BOYD,D,BOYD,KY,INT,Z2,Z2,112,Y,A,20200210,,Y,COLUMBIA GAS TRANSMISSION  LLC,54748041,15039,Y,C000306,B23,MAVITY,,,20200211 15:00
1939164,TENNESSEE GAS PIPELINE,C000020,20260928 05:18,Blanks under Up/Dn Loc and Up/Dn Loc Name indicate Third Party information is not applicable.,420046,NEXERGAS/TGP RIPLEY MS TIPPAH,D,TIPPAH,MS,LDC,Z1,Z1,847,Y,A,20251009,,Y,NEXTERA ENERGY SERVICES GAS  LLC,838611739,2835,N,,,,,,20260909 12:00
1939164,TENNESSEE GAS PIPELINE,C000020,20260928 05:18,Blanks under Up/Dn Loc and Up/Dn Loc Name indicate Third Party information is not applicable.,420047,NEWALBNY/TGP NEW ALBANY MS UNION,D,UNION,MS,LDC,Z1,Z1,847,Y,A,20240419,,Y,NEW ALBANY  CITY OF,73508350,6531,N,,,,,,20240422 15:00
1939164,TENNESSEE GAS PIPELINE,C000020,20260928 05:18,Blanks under Up/Dn Loc and Up/Dn Loc Name indicate Third Party information is not applicable.,420049,COL GAS/TGP NORTH MEANS KY MONTGOME,D,MONTGOMERY,KY,INT,Z2,Z2,187,Y,A,20200210,,Y,COLUMBIA GAS TRANSMISSION  LLC,54748041,15039,Y,C000306,B2,NORTH MEANS,,,20200211 15:00
1939164,TENNESSEE GAS PIPELINE,C000020,20260928 05:18,Blanks under Up/Dn Loc and Up/Dn Loc Name indicate Third Party information is not applicable.,420054,BOLIVAR/TGP BOLIVAR TN HARDEMAN,D,HARDEMAN,TN,LDC,Z1,Z1,163,Y,A,20100101,,Y,CITY OF BOLIVAR,30418982,6483,N,,,,,,20240805 09:00
1939164,TENNESSEE GAS PIPELINE,C000020,20260928 05:18,Blanks under Up/Dn Loc and Up/Dn Loc Name indicate Third Party information is not applicable.,420055,PARSONS/TGP PARSONS TN DECATUR,D,DECATUR,TN,LDC,Z1,Z1,163,Y,A,20100101,,Y,CITY OF PARSONS,166182048,6498,N,,,,,,20231101 12:00
1939164,TENNESSEE GAS PIPELINE,C000020,20260928 05:18,Blanks under Up/Dn Loc and Up/Dn Loc Name indicate Third Party information is not applicable.,420056,LEXINGTN/TGP LEXINGTON TN DECATUR,D,DECATUR,TN,LDC,Z1,Z1,163,Y,A,20260408,,Y,LEXINGTON GAS SYSTEM,126822733,6500,N,,,,,,20260409 15:00
1939164,TENNESSEE GAS PIPELINE,C000020,20260928 05:18,Blanks under Up/Dn Loc and Up/Dn Loc Name indicate Third Party information is not applicable.,420058,BBT ALTN/TGP CORINTH MS ALCORN,D,ALCORN,MS,INT,Z1,Z1,847,Y,A,20210406,,Y,BBT ALATENN  LLC,6900773,6511,Y,C001023,010137,TGP TO ALATENN - CORINTH,,,20210408 09:00
1939164,TENNESSEE GAS PIPELINE,C000020,20260928 05:18,Blanks under Up/Dn Loc and Up/Dn Loc Name indicate Third Party information is not applicable.,420060,COL GAS/TGP DUNGANNON OH COLUMBIANA,D,COLUMBIANA,OH,INT,Z4,Z4,214,Y,A,20260408,,Y,COLUMBIA GAS TRANSMISSION  LLC,54748041,15039,Y,C000306,B11,DUNGANNON,,,20260409 15:00
1939164,TENNESSEE GAS PIPELINE,C000020,20260928 05:18,Blanks under Up/Dn Loc and Up/Dn Loc Name indicate Third Party information is not applicable.,420062,COL GAS/TGP NEWCASTLE PA LAWRENCE,D,LAWRENCE,PA,INT,Z4,Z4,217,Y,A,20260408,,Y,COLUMBIA GAS TRANSMISSION  LLC,54748041,15039,Y,C000306,B13,NEW CASTLE,,,20260409 15:00
1939164,TENNESSEE GAS PIPELINE,C000020,20260928 05:18,Blanks under Up/Dn Loc and Up/Dn Loc Name indicate Third Party information is not applicable.,420063,COL GAS/TGP UNIONVILLE PA BEAVER,D,BEAVER,PA,INT,Z4,Z4,290,Y,A,20241011,,Y,COLUMBIA GAS TRANSMISSION  LLC,54748041,15039,Y,C000306,B15,UNIONVILLE,,,20241011 12:00
1939164,TENNESSEE GAS PIPELINE,C000020,20260928 05:18,Blanks under Up/Dn Loc and Up/Dn Loc Name indicate Third Party information is not applicable.,420064,COL GAS/TGP CAMBRIDGE SALES GUERNSE,D,GUERNSEY,OH,INT,Z4,Z4,209,Y,A,20260408,,Y,COLUMBIA GAS TRANSMISSION  LLC,54748041,15039,Y,C000306,B10,CAMBRIDGE,,,20260409 15:00
1939164,TENNESSEE GAS PIPELINE,C000020,20260928 05:18,Blanks under Up/Dn Loc and Up/Dn Loc Name indicate Third Party information is not applicable.,420065,EGTS/TGP LEESVILLE OHIO CARROLL,D,CARROLL,OH,OTH,Z4,Z4,212,N,I,,20100101,N,,,,,,,,,,20210301 09:00
1939164,TENNESSEE GAS PIPELINE,C000020,20260928 05:18,Blanks under Up/Dn Loc and Up/Dn Loc Name indicate Third Party information is not applicable.,420066,EGTS/TGP AUGUSTA OH CARROLL,D,CARROLL,OH,INT,Z4,Z4,214,N,I,,20200901,Y,EASTERN GAS TRANSMISSION AND STORAGE  INC.,116025180,3531,Y,C000160,40102,TGP - AUGUSTA,,,20210301 09:00
1939164,TENNESSEE GAS PIPELINE,C000020,20260928 05:18,Blanks under Up/Dn Loc and Up/Dn Loc Name indicate Third Party information is not applicable.,420067,EGTS/TGP PETERSBURG OH MAHONING,D,MAHONING,OH,INT,Z4,Z4,216,Y,A,20170608,,Y,EASTERN GAS TRANSMISSION AND STORAGE  INC.,116025180,3531,Y,C000160,40116,TGP - PETERSBURG,,,20210301 09:00
1939164,TENNESSEE GAS PIPELINE,C000020,20260928 05:18,Blanks under Up/Dn Loc and Up/Dn Loc Name indicate Third Party information is not applicable.,420069,NFG/TGP MERCER PA MERCER,D,MERCER,PA,INT,Z4,Z4,219,Y,A,20140301,,Y,NATIONAL FUEL GAS SUPPLY CORP,7912959,6313,Y,C000046,420069,MERCER ( FROM TGP),,,20160401 10:05
1939164,TENNESSEE GAS PIPELINE,C000020,20260928 05:18,Blanks under Up/Dn Loc and Up/Dn Loc Name indicate Third Party information is not applicable.,420072,NFG/TGP LAMONT PA ELK,D,ELK,PA,INT,Z4,Z4,307,Y,A,20200210,,Y,NATIONAL FUEL GAS SUPPLY CORP,7912959,6313,Y,C000046,420072,LAMONT,,,20200211 15:00
1939164,TENNESSEE GAS PIPELINE,C000020,20260928 05:18,Blanks under Up/Dn Loc and Up/Dn Loc Name indicate Third Party information is not applicable.,420075,NFG/TGP WATTSBURG PA ERIE,D,ERIE,PA,INT,Z4,Z4,219,Y,A,20190401,,Y,NATIONAL FUEL GAS SUPPLY CORP,7912959,6313,Y,C000046,420075,WATTSBURG,,,20190404 12:00
1939164,TENNESSEE GAS PIPELINE,C000020,20260928 05:18,Blanks under Up/Dn Loc and Up/Dn Loc Name indicate Third Party information is not applicable.,420076,NFG/TGP HAMBURG NY ERIE,B,ERIE,NY,INT,Z5,Z5,224,Y,A,20140301,,Y,NATIONAL FUEL GAS SUPPLY CORP,7912959,6313,Y,C000046,420076,HAMBURG E. EDEN,,,20160401 10:05
1939164,TENNESSEE GAS PIPELINE,C000020,20260928 05:18,Blanks under Up/Dn Loc and Up/Dn Loc Name indicate Third Party information is not applicable.,420078,EQUITRNS/TGP PITTSBURGH TERMINAL PA,D,ALLEGHENY,PA,INT,Z4,Z4,290,Y,A,20200403,,Y,EQUITRANS  L.P,189569585,5621,Y,C000095,11221,BRADFORD WOODS,,,20200407 12:00
1939164,TENNESSEE GAS PIPELINE,C000020,20260928 05:18,Blanks under Up/Dn Loc and Up/Dn Loc Name indicate Third Party information is not applicable.,420079,COL GAS/TGP GREENUP KY GREENUP,D,GREENUP,KY,INT,Z2,Z2,110,Y,A,20200210,,Y,COLUMBIA GAS TRANSMISSION  LLC,54748041,15039,Y,C000306,B3,GREENUP,,,20200211 15:00
1939164,TENNESSEE GAS PIPELINE,C000020,20260928 05:18,Blanks under Up/Dn Loc and Up/Dn Loc Name indicate Third Party information is not applicable.,420086,EGTS/TGP PHELPS NY ONTARIO,D,ONTARIO,NY,INT,Z5,Z5,237,Y,A,20260408,,Y,EASTERN GAS TRANSMISSION AND STORAGE  INC.,116025180,3531,Y,C000160,40117,TGP - PHELPS,,,20260409 15:00
1939164,TENNESSEE GAS PIPELINE,C000020,20260928 05:18,Blanks under Up/Dn Loc and Up/Dn Loc Name indicate Third Party information is not applicable.,420087,EGTS/TGP COCHRANTON PA CRAWFORD,D,CRAWFORD,PA,INT,Z4,Z4,219,Y,A,20140301,,Y,EASTERN GAS TRANSMISSION AND STORAGE  INC.,116025180,3531,Y,C000160,40104,TGP - COCHRANTON,,,20210301 09:00
1939164,TENNESSEE GAS PIPELINE,C000020,20260928 05:18,Blanks under Up/Dn Loc and Up/Dn Loc Name indicate Third Party information is not applicable.,420088,NFG/TGP MAYVILLE NEW YORK CHAUTAUQU,D,CHAUTAUQUA,NY,INT,Z5,Z5,224,Y,A,20170406,,Y,NATIONAL FUEL GAS SUPPLY CORP,7912959,6313,Y,C000046,420088,MAYVILLE,,,20170406 09:00
1939164,TENNESSEE GAS PIPELINE,C000020,20260928 05:18,Blanks under Up/Dn Loc and Up/Dn Loc Name indicate Third Party information is not applicable.,420089,UGI UT/TGP WEST BINGHAM PA POTTER,D,POTTER,PA,LDC,Z4,Z4,307,Y,A,20100101,,Y,UGI UTILITIES INC.,799376595,6448,Y,C008951,420089,UGI UT/TGP WEST BINGHAM PA,,,20191127 15:00
1939164,TENNESSEE GAS PIPELINE,C000020,20260928 05:18,Blanks under Up/Dn Loc and Up/Dn Loc Name indicate Third Party information is not applicable.,420091,NE OH NG/TGP LEESVILLE OH CARROLL,D,CARROLL,OH,LDC,Z4,Z4,212,Y,A,20131018,,Y,NORTHEAST OHIO NATURAL GAS CORP.,147206353,5454,N,,,,,,20160708 15:00
1939164,TENNESSEE GAS PIPELINE,C000020,20260928 05:18,Blanks under Up/Dn Loc and Up/Dn Loc Name indicate Third Party information is not applicable.,420092,NFG/TGP LEWISTON NY NIAGARA,D,NIAGARA,NY,INT,Z5,Z5,296,Y,A,20260408,,Y,NATIONAL FUEL GAS SUPPLY CORP,7912959,6313,Y,C000046,420092,LEWISTON,,,20260409 15:00
1939164,TENNESSEE GAS PIPELINE,C000020,20260928 05:18,Blanks under Up/Dn Loc and Up/Dn Loc Name indicate Third Party information is not applicable.,420093,CON ED/TGP WHITE PLAINS NY WESTCHES,D,WESTCHESTER,NY,LDC,Z5,Z5,324,Y,A,20100401,,Y,CONSOLIDATED EDISON CO OF NEW YORK INC,6982359,5642,N,,,,,,20160629 09:00
1939164,TENNESSEE GAS PIPELINE,C000020,20260928 05:18,Blanks under Up/Dn Loc and Up/Dn Loc Name indicate Third Party information is not applicable.,420101,TRNSCO/TGP RIVERVALE NEW JERSEY BER,B,BERGEN,NJ,INT,Z5,Z5,324,Y,A,20100101,,Y,TRANSCONTINENTAL GAS PIPELINE COMPANY  LLC,7933021,4153,Y,C000654,1006224,RIVERVALE,,,20160401 10:05
1939164,TENNESSEE GAS PIPELINE,C000020,20260928 05:18,Blanks under Up/Dn Loc and Up/Dn Loc Name indicate Third Party information is not applicable.,420102,BERKSHR/TGP PITTSFIELD MA BERKSHIRE,D,BERKSHIRE,MA,LDC,Z6,Z6,256,Y,A,20201006,,Y,THE BERKSHIRE GAS COMPANY,6955587,5111,N,,,,,,20201007 09:00
1939164,TENNESSEE GAS PIPELINE,C000020,20260928 05:18,Blanks under Up/Dn Loc and Up/Dn Loc Name indicate Third Party information is not applicable.,420103,BERKSHR/TGP NORTH ADAMS MA BERKSHIR,D,BERKSHIRE,MA,LDC,Z6,Z6,256,Y,A,20201006,,Y,THE BERKSHIRE GAS COMPANY,6955587,5111,N,,,,,,20201007 09:00
1939164,TENNESSEE GAS PIPELINE,C000020,20260928 05:18,Blanks under Up/Dn Loc and Up/Dn Loc Name indicate Third Party information is not applicable.,420104,WESTFLD/TGP WESTFIELD MA HAMPDEN,D,HAMPDEN,MA,LDC,Z6,Z6,280,Y,A,20140301,,Y,WESTFIELD  CITY OF  GAS & ELECTRIC LIGHT,127575165,6100,N,,,,,,20160708 15:00
1939164,TENNESSEE GAS PIPELINE,C000020,20260928 05:18,Blanks under Up/Dn Loc and Up/Dn Loc Name indicate Third Party information is not applicable.,420106,EVRSRC/TGP GRANITE NORTHAMPTON MA H,D,HAMPSHIRE,MA,LDC,Z6,Z6,280,Y,A,20181102,,Y,EVERSOURCE GAS COMPANY OF MASSACHUSETTS DBA EVERSOURCE ENERG,117584378,19154,N,,,,,,20210826 09:00
1939164,TENNESSEE GAS PIPELINE,C000020,20260928 05:18,Blanks under Up/Dn Loc and Up/Dn Loc Name indicate Third Party information is not applicable.,420108,BOSTN/TGP SOUTHBRIDGE MA WORCHESTER,D,WORCHESTER,MA,LDC,Z6,Z6,261,N,A,20140301,,Y,BOSTON GAS COMPANY D/B/A NATIONAL GRID,6951586,26177,Y,C001659,,20108 SOUTHBRIDGE,,,20231114 09:00
1939164,TENNESSEE GAS PIPELINE,C000020,20260928 05:18,Blanks under Up/Dn Loc and Up/Dn Loc Name indicate Third Party information is not applicable.,420109,NSTAR/TGP WORCESTER MA WORCHESTER,D,WORCHESTER,MA,LDC,Z6,Z6,261,Y,A,20140301,,Y,NSTAR GAS COMPANY  DBA EVERSOURCE ENERGY,75345678,6072,N,,,,,,20181004 15:00
1939164,TENNESSEE GAS PIPELINE,C000020,20260928 05:18,Blanks under Up/Dn Loc and Up/Dn Loc Name indicate Third Party information is not applicable.,420110,BOSTN/TGP CLINTON MA WORCHESTER,D,WORCHESTER,MA,LDC,Z6,Z6,283,N,A,20100101,,Y,BOSTON GAS COMPANY D/B/A NATIONAL GRID,6951586,26177,Y,C001659,,20110 CLINTON,,,20231114 09:00
1939164,TENNESSEE GAS PIPELINE,C000020,20260928 05:18,Blanks under Up/Dn Loc and Up/Dn Loc Name indicate Third Party information is not applicable.,420111,BOSTN/TGP LEOMINSTER MA WORCHESTER,D,WORCHESTER,MA,LDC,Z6,Z6,283,N,A,20100101,,Y,BOSTON GAS COMPANY D/B/A NATIONAL GRID,6951586,26177,Y,C001659,,20111 LEOMINSTER,,,20231114 09:00
1939164,TENNESSEE GAS PIPELINE,C000020,20260928 05:18,Blanks under Up/Dn Loc and Up/Dn Loc Name indicate Third Party information is not applicable.,420112,FITCHBRG/TGP FITCHBURG MA WORCHESTE,D,WORCHESTER,MA,LDC,Z6,Z6,283,Y,A,20100101,,Y,FITCHBURG GAS AND ELECTRIC LIGHT CO,6954317,6079,N,,,,,,20160708 15:00
1939164,TENNESSEE GAS PIPELINE,C000020,20260928 05:18,Blanks under Up/Dn Loc and Up/Dn Loc Name indicate Third Party information is not applicable.,420115,BOSTN/TGP ARLINGTON MA MIDDLESEX,D,MIDDLESEX,MA,LDC,Z6,Z6,268,N,A,20100101,,Y,BOSTON GAS COMPANY D/B/A NATIONAL GRID,6951586,26177,Y,C001659,,20115 ARLINGTON,,,20231114 09:00
1939164,TENNESSEE GAS PIPELINE,C000020,20260928 05:18,Blanks under Up/Dn Loc and Up/Dn Loc Name indicate Third Party information is not applicable.,420116,BOSTN/TGP REVERE MA MIDDLESEX,D,MIDDLESEX,MA,LDC,Z6,Z6,268,N,A,20140301,,Y,BOSTON GAS COMPANY D/B/A NATIONAL GRID,6951586,26177,Y,C001659,,20116 REVERE,,,20231114 09:00
1939164,TENNESSEE GAS PIPELINE,C000020,20260928 05:18,Blanks under Up/Dn Loc and Up/Dn Loc Name indicate Third Party information is not applicable.,420117,BOSTN/TGP LYNN MA ESSEX,D,ESSEX,MA,LDC,Z6,Z6,268,N,A,20140301,,Y,BOSTON GAS COMPANY D/B/A NATIONAL GRID,6951586,26177,Y,C001659,,20117 LYNN,,,20231114 09:00
1939164,TENNESSEE GAS PIPELINE,C000020,20260928 05:18,Blanks under Up/Dn Loc and Up/Dn Loc Name indicate Third Party information is not applicable.,420118,BOSTN/TGP BEVERLY SALEM MA ESSEX,D,ESSEX,MA,LDC,Z6,Z6,268,N,A,20100101,,Y,BOSTON GAS COMPANY D/B/A NATIONAL GRID,6951586,26177,Y,C001659,,20118 BEVERLY-SALEM,,,20231114 09:00
1939164,TENNESSEE GAS PIPELINE,C000020,20260928 05:18,Blanks under Up/Dn Loc and Up/Dn Loc Name indicate Third Party information is not applicable.,420119,BOSTN/TGP GLOUCESTER MA ESSEX,D,ESSEX,MA,LDC,Z6,Z6,268,N,A,20140301,,Y,BOSTON GAS COMPANY D/B/A NATIONAL GRID,6951586,26177,Y,C001659,,20119 GLOUCESTER,,,20231114 09:00
1939164,TENNESSEE GAS PIPELINE,C000020,20260928 05:18,Blanks under Up/Dn Loc and Up/Dn Loc Name indicate Third Party information is not applicable.,420121,EVRSRC/TGP LAWRENCE MA ESSEX,D,ESSEX,MA,LDC,Z6,Z6,284,Y,A,20251009,,Y,EVERSOURCE GAS COMPANY OF MASSACHUSETTS DBA EVERSOURCE ENERG,117584378,19154,N,,,,,,20251014 09:00
1939164,TENNESSEE GAS PIPELINE,C000020,20260928 05:18,Blanks under Up/Dn Loc and Up/Dn Loc Name indicate Third Party information is not applicable.,420122,BOSTN/TGP HAVERHILL MA ESSEX,D,ESSEX,MA,LDC,Z6,Z6,284,N,A,20100101,,Y,BOSTON GAS COMPANY D/B/A NATIONAL GRID,6951586,26177,Y,C001659,,20122 HAVERHILL,,,20231114 09:00
1939164,TENNESSEE GAS PIPELINE,C000020,20260928 05:18,Blanks under Up/Dn Loc and Up/Dn Loc Name indicate Third Party information is not applicable.,420123,CONN NG/TGP GREENWICH CT FAIRFIELD,D,FAIRFIELD,CT,LDC,Z6,Z6,336,Y,A,20251009,,Y,CONNECTICUT NATURAL GAS CORP.,1139294,19203,N,,,,,,20251014 09:00
1939164,TENNESSEE GAS PIPELINE,C000020,20260928 05:18,Blanks under Up/Dn Loc and Up/Dn Loc Name indicate Third Party information is not applicable.,420124,YANK GAS/TGP STAMFORD CT FAIRFIELD,D,FAIRFIELD,CT,LDC,Z6,Z6,336,Y,A,20171011,,Y,YANKEE GAS SERVICES COMPANY  DBA EVERSOURCE ENERGY,361667371,5619,Y,C001021,420124,STAMFORD CT,,,20210701 09:00
1939164,TENNESSEE GAS PIPELINE,C000020,20260928 05:18,Blanks under Up/Dn Loc and Up/Dn Loc Name indicate Third Party information is not applicable.,420125,YANK GAS/TGP NORWALK CT FAIRFIELD,D,FAIRFIELD,CT,LDC,Z6,Z6,336,Y,A,20161012,,Y,YANKEE GAS SERVICES COMPANY  DBA EVERSOURCE ENERGY,361667371,5619,Y,C001021,420125,NORWALK CT,,,20181101 12:00
1939164,TENNESSEE GAS PIPELINE,C000020,20260928 05:18,Blanks under Up/Dn Loc and Up/Dn Loc Name indicate Third Party information is not applicable.,420126,CONN NG/TGP BRIDGEPORT CT FAIRFIELD,D,FAIRFIELD,CT,LDC,Z6,Z6,336,Y,A,20100101,,Y,CONNECTICUT NATURAL GAS CORP.,1139294,19203,N,,,,,,20160628 09:00
1939164,TENNESSEE GAS PIPELINE,C000020,20260928 05:18,Blanks under Up/Dn Loc and Up/Dn Loc Name indicate Third Party information is not applicable.,420127,YANK GAS/TGP DERBY CT FAIRFIELD,D,FAIRFIELD,CT,LDC,Z6,Z6,345,Y,A,20100101,,Y,YANKEE GAS SERVICES COMPANY  DBA EVERSOURCE ENERGY,361667371,5619,Y,C001021,420127,SHELTON / DERBY,,,20181101 12:00
1939164,TENNESSEE GAS PIPELINE,C000020,20260928 05:18,Blanks under Up/Dn Loc and Up/Dn Loc Name indicate Third Party information is not applicable.,420128,YANK GAS/TGP WALLINGFORD CT NEW HAV,D,NEW HAVEN,CT,LDC,Z6,Z6,355,Y,A,20140904,,Y,YANKEE GAS SERVICES COMPANY  DBA EVERSOURCE ENERGY,361667371,5619,Y,C001021,420128,WALLINGFORD CT,,,20181101 12:00
1939164,TENNESSEE GAS PIPELINE,C000020,20260928 05:18,Blanks under Up/Dn Loc and Up/Dn Loc Name indicate Third Party information is not applicable.,420129,CONN NG/TGP NEW BRITAIN CT HARTFORD,D,HARTFORD,CT,LDC,Z6,Z6,355,Y,A,20140301,,Y,CONNECTICUT NATURAL GAS CORP.,1139294,19203,N,,,,,,20161101 09:00
1939164,TENNESSEE GAS PIPELINE,C000020,20260928 05:18,Blanks under Up/Dn Loc and Up/Dn Loc Name indicate Third Party information is not applicable.,420130,YANK GAS/TGP WINSTED CT LITCHFIELD,D,LITCHFIELD,CT,LDC,Z6,Z6,256,Y,A,20240507,,Y,YANKEE GAS SERVICES COMPANY  DBA EVERSOURCE ENERGY,361667371,5619,Y,C001021,420130,WINSTED CT,,,20240507 12:00
1939164,TENNESSEE GAS PIPELINE,C000020,20260928 05:18,Blanks under Up/Dn Loc and Up/Dn Loc Name indicate Third Party information is not applicable.,420131,YANK GAS/TGP TORRINGTON CT LITCHFIE,D,LITCHFIELD,CT,LDC,Z6,Z6,256,Y,A,20140619,,Y,YANKEE GAS SERVICES COMPANY  DBA EVERSOURCE ENERGY,361667371,5619,Y,C001021,420131,TORRINGTON CT,,,20181101 12:00
1939164,TENNESSEE GAS PIPELINE,C000020,20260928 05:18,Blanks under Up/Dn Loc and Up/Dn Loc Name indicate Third Party information is not applicable.,420132,LIBERTYU/TGP NASHUA NH HILLSBOROUGH,D,HILLSBOROUGH,NH,LDC,Z6,Z6,284,Y,A,20140422,,Y,LIBERTY UTILITIES (ENERGYNORTH NATURAL GAS) CORP.,830408873,5250,N,,,,,,20200619 09:00
1939164,TENNESSEE GAS PIPELINE,C000020,20260928 05:18,Blanks under Up/Dn Loc and Up/Dn Loc Name indicate Third Party information is not applicable.,420133,LIBERTYU/TGP MANCHESTER NH HILLSBOR,D,HILLSBOROUGH,NH,LDC,Z6,Z6,284,Y,A,20100101,,Y,LIBERTY UTILITIES (ENERGYNORTH NATURAL GAS) CORP.,830408873,5250,N,,,,,,20200619 09:00
1939164,TENNESSEE GAS PIPELINE,C000020,20260928 05:18,Blanks under Up/Dn Loc and Up/Dn Loc Name indicate Third Party information is not applicable.,420135,NARNGST/TGP PAWTUCKET RI PROVIDENCE,D,PROVIDENCE,RI,LDC,Z6,Z6,282,Y,A,20100101,,Y,THE NARRAGANSETT ELECTRIC COMPANY D/B/A RHODE ISLAND ENERGY,1193655,5112,Y,C001660,,20135 PAWTUCKET,,,20220711 10:09
1939164,TENNESSEE GAS PIPELINE,C000020,20260928 05:18,Blanks under Up/Dn Loc and Up/Dn Loc Name indicate Third Party information is not applicable.,420136,BOSTN/TGP READING MA MIDDLESEX,D,MIDDLESEX,MA,LDC,Z6,Z6,268,N,A,20100101,,Y,BOSTON GAS COMPANY D/B/A NATIONAL GRID,6951586,26177,Y,C001659,,20136 READING,,,20231114 09:00
1939164,TENNESSEE GAS PIPELINE,C000020,20260928 05:18,Blanks under Up/Dn Loc and Up/Dn Loc Name indicate Third Party information is not applicable.,420138,BOSTN/TGP WENHAM MA ESSEX,D,ESSEX,MA,LDC,Z6,Z6,268,N,A,20140320,,Y,BOSTON GAS COMPANY D/B/A NATIONAL GRID,6951586,26177,Y,C001659,,20138 WENHAM,,,20231114 09:00
1939164,TENNESSEE GAS PIPELINE,C000020,20260928 05:18,Blanks under Up/Dn Loc and Up/Dn Loc Name indicate Third Party information is not applicable.,420139,BOSTN/TGP TEWKSBURY MA MIDDLESEX,D,MIDDLESEX,MA,LDC,Z6,Z6,286,N,A,20100101,,Y,BOSTON GAS COMPANY D/B/A NATIONAL GRID,6951586,26177,Y,C001659,,20139 TEWKSBURY,,,20231114 09:00
1939164,TENNESSEE GAS PIPELINE,C000020,20260928 05:18,Blanks under Up/Dn Loc and Up/Dn Loc Name indicate Third Party information is not applicable.,420140,UTILMGMT/TGP LOBELVILLE TN PERRY,D,PERRY,TN,LDC,Z1,Z1,163,Y,A,20260916,,Y,UTILITY MANAGEMENT CORPORATION,787237718,6529,N,,,,,,20260916 09:00
1939164,TENNESSEE GAS PIPELINE,C000020,20260928 05:18,Blanks under Up/Dn Loc and Up/Dn Loc Name indicate Third Party information is not applicable.,420141,DELTAMS/TGP SHAW MS SUNFLOWER,D,SUNFLOWER,MS,LDC,Z1,Z1,143,Y,A,20100101,,Y,DELTA MISSISSIPPI GAS COMPANY  LLC,119371580,11417,N,,,,,,20250605 12:00
1939164,TENNESSEE GAS PIPELINE,C000020,20260928 05:18,Blanks under Up/Dn Loc and Up/Dn Loc Name indicate Third Party information is not applicable.,420142,DELTAMS/TGP RULEVILLE MS SUNFLOWER,D,SUNFLOWER,MS,LDC,Z1,Z1,143,Y,A,20100101,,Y,DELTA MISSISSIPPI GAS COMPANY  LLC,119371580,11417,N,,,,,,20250605 12:00
1939164,TENNESSEE GAS PIPELINE,C000020,20260928 05:18,Blanks under Up/Dn Loc and Up/Dn Loc Name indicate Third Party information is not applicable.,420143,DELTAMS/TGP DREW MS SUNFLOWER,D,SUNFLOWER,MS,LDC,Z1,Z1,143,Y,A,20100101,,Y,DELTA MISSISSIPPI GAS COMPANY  LLC,119371580,11417,N,,,,,,20250605 12:00
1939164,TENNESSEE GAS PIPELINE,C000020,20260928 05:18,Blanks under Up/Dn Loc and Up/Dn Loc Name indicate Third Party information is not applicable.,420145,UTILMGMT/TGP BATESVILLE MS PANOLA,D,PANOLA,MS,LDC,Z1,Z1,163,Y,A,20100101,,Y,UTILITY MANAGEMENT CORPORATION,787237718,6529,N,,,,,,20160708 15:00
1939164,TENNESSEE GAS PIPELINE,C000020,20260928 05:18,Blanks under Up/Dn Loc and Up/Dn Loc Name indicate Third Party information is not applicable.,420146,FOURSQGS/TGP HEMPHILL TX SABINE,D,SABINE,TX,LDC,Z0,Z0,132,Y,A,20140619,,Y,FOUR SQUARE GAS COMPANY  INC.,154750657,15561,N,,,,,,20160708 15:00
1939164,TENNESSEE GAS PIPELINE,C000020,20260928 05:18,Blanks under Up/Dn Loc and Up/Dn Loc Name indicate Third Party information is not applicable.,420147,NEXERGAS/TGP WOODVILLE TX TYLER,D,TYLER,TX,LDC,Z0,Z0,125,Y,A,20140619,,Y,NEXTERA ENERGY SERVICES GAS  LLC,838611739,2835,N,,,,,,20260909 12:00
1939164,TENNESSEE GAS PIPELINE,C000020,20260928 05:18,Blanks under Up/Dn Loc and Up/Dn Loc Name indicate Third Party information is not applicable.,420149,COKINOS/TGP BECK FARM TEXAS WHARTON,D,WHARTON,TX,LDC,Z0,Z0,109,N,I,,20111102,Y,COKINOS NATURAL GAS COMPANY,102658226,16063,N,,,,,,20160708 15:00
1939164,TENNESSEE GAS PIPELINE,C000020,20260928 05:18,Blanks under Up/Dn Loc and Up/Dn Loc Name indicate Third Party information is not applicable.,420150,ATMOS TL/TGP ROBLINE LA NATCHITOCHE,D,NATCHITOCHES,LA,LDC,Z0,Z0,132,Y,A,20250401,,Y,ATMOS  ENERGY  CORPORATION,613205723,6624,N,,,,,,20250414 15:00
1939164,TENNESSEE GAS PIPELINE,C000020,20260928 05:18,Blanks under Up/Dn Loc and Up/Dn Loc Name indicate Third Party information is not applicable.,420152,ASHLNDMS/TGP ASHLAND MS BENTON,D,BENTON,MS,LDC,Z1,Z1,163,Y,A,20100101,,Y,TOWN OF ASHLAND  MISSISSIPPI,42417030,6537,N,,,,,,20240624 09:00
1939164,TENNESSEE GAS PIPELINE,C000020,20260928 05:18,Blanks under Up/Dn Loc and Up/Dn Loc Name indicate Third Party information is not applicable.,420154,COKINOS/TGP SWANSON FARM TEXAS WHAR,D,WHARTON,TX,LDC,Z0,Z0,109,N,I,,20120228,Y,COKINOS NATURAL GAS COMPANY,102658226,16063,N,,,,,,20160708 15:00
1939164,TENNESSEE GAS PIPELINE,C000020,20260928 05:18,Blanks under Up/Dn Loc and Up/Dn Loc Name indicate Third Party information is not applicable.,420158,COKINOS/TGP RAUN FARM TX WHARTON,D,WHARTON,TX,LDC,Z0,Z0,109,Y,A,20240909,,Y,COKINOS NATURAL GAS COMPANY,102658226,16063,N,,,,,,20240909 12:00
1939164,TENNESSEE GAS PIPELINE,C000020,20260928 05:18,Blanks under Up/Dn Loc and Up/Dn Loc Name indicate Third Party information is not applicable.,420159,COKINOS/TGP MCCOLLOCH SPENCER FARM,D,JACKSON,TX,LDC,Z0,Z0,109,Y,A,20161201,,Y,COKINOS NATURAL GAS COMPANY,102658226,16063,N,,,,,,20161201 09:00
1939164,TENNESSEE GAS PIPELINE,C000020,20260928 05:18,Blanks under Up/Dn Loc and Up/Dn Loc Name indicate Third Party information is not applicable.,420160,COKINOS/TGP CARRIERE FARM TEXAS WHA,D,WHARTON,TX,LDC,Z0,Z0,109,N,I,,20100101,Y,COKINOS NATURAL GAS COMPANY,102658226,16063,N,,,,,,20160708 15:00
1939164,TENNESSEE GAS PIPELINE,C000020,20260928 05:18,Blanks under Up/Dn Loc and Up/Dn Loc Name indicate Third Party information is not applicable.,420162,COKINOS/TGP RAUN FARM  2 TX COLORAD,D,COLORADO,TX,LDC,Z0,Z0,109,Y,A,20161201,,Y,COKINOS NATURAL GAS COMPANY,102658226,16063,N,,,,,,20161201 09:00
1939164,TENNESSEE GAS PIPELINE,C000020,20260928 05:18,Blanks under Up/Dn Loc and Up/Dn Loc Name indicate Third Party information is not applicable.,420167,COKINOS/TGP WOODS FARM TX FORT BEND,D,FORT BEND,TX,LDC,Z0,Z0,117,Y,I,,20260410,Y,COKINOS NATURAL GAS COMPANY,102658226,16063,N,,,,,,20260410 12:00
1939164,TENNESSEE GAS PIPELINE,C000020,20260928 05:18,Blanks under Up/Dn Loc and Up/Dn Loc Name indicate Third Party information is not applicable.,420172,COKINOS/TGP HUNT FARM TEXAS COLORAD,D,COLORADO,TX,LDC,Z0,Z0,109,N,I,,20100101,Y,COKINOS NATURAL GAS COMPANY,102658226,16063,N,,,,,,20160708 15:00
1939164,TENNESSEE GAS PIPELINE,C000020,20260928 05:18,Blanks under Up/Dn Loc and Up/Dn Loc Name indicate Third Party information is not applicable.,420173,UGI UT/TGP MARIENVILLE PA FOREST,D,FOREST,PA,LDC,Z4,Z4,300,Y,A,20100101,,Y,UGI UTILITIES INC.,799376595,6448,Y,C008951,420173,UGI UT/TGP MARIENVILLE PA,,,20191127 15:00
1939164,TENNESSEE GAS PIPELINE,C000020,20260928 05:18,Blanks under Up/Dn Loc and Up/Dn Loc Name indicate Third Party information is not applicable.,420183,COKENRG/TGP KRENEK FARM TX WHARTON,D,WHARTON,TX,LDC,Z0,Z0,109,Y,A,20161201,,Y,COKINOS ENERGY CORPORATION,6801588,2092,N,,,,,,20230228 15:00
1939164,TENNESSEE GAS PIPELINE,C000020,20260928 05:18,Blanks under Up/Dn Loc and Up/Dn Loc Name indicate Third Party information is not applicable.,420185,COKINOS/TGP OTTIS FARM TX JACKSON,D,JACKSON,TX,LDC,Z0,Z0,109,Y,A,20161201,,Y,COKINOS NATURAL GAS COMPANY,102658226,16063,N,,,,,,20161201 09:00
1939164,TENNESSEE GAS PIPELINE,C000020,20260928 05:18,Blanks under Up/Dn Loc and Up/Dn Loc Name indicate Third Party information is not applicable.,420190,COKINOS/TGP SULAK FARM TX WHARTON,D,WHARTON,TX,LDC,Z0,Z0,109,Y,A,20161201,,Y,COKINOS NATURAL GAS COMPANY,102658226,16063,N,,,,,,20161201 09:00
1939164,TENNESSEE GAS PIPELINE,C000020,20260928 05:18,Blanks under Up/Dn Loc and Up/Dn Loc Name indicate Third Party information is not applicable.,420191,BOSTN/TGP SPENCER MA WORCHESTER,D,WORCHESTER,MA,LDC,Z6,Z6,261,N,A,20140301,,Y,BOSTON GAS COMPANY D/B/A NATIONAL GRID,6951586,26177,Y,C001659,,20191 SPENCER,,,20231114 09:00
1939164,TENNESSEE GAS PIPELINE,C000020,20260928 05:18,Blanks under Up/Dn Loc and Up/Dn Loc Name indicate Third Party information is not applicable.,420192,BOSTN/TGP LEXINGTON MA MIDDLESEX,D,MIDDLESEX,MA,LDC,Z6,Z6,268,N,A,20140505,,Y,BOSTON GAS COMPANY D/B/A NATIONAL GRID,6951586,26177,Y,C001659,,20192 LEXINGTON,,,20231114 09:00
1939164,TENNESSEE GAS PIPELINE,C000020,20260928 05:18,Blanks under Up/Dn Loc and Up/Dn Loc Name indicate Third Party information is not applicable.,420193,EVRSRC/TGP EAST LONGMEADOW MA HAMPD,D,HAMPDEN,MA,LDC,Z6,Z6,261,Y,A,20230418,,Y,EVERSOURCE GAS COMPANY OF MASSACHUSETTS DBA EVERSOURCE ENERG,117584378,19154,N,,,,,,20230418 15:00
1939164,TENNESSEE GAS PIPELINE,C000020,20260928 05:18,Blanks under Up/Dn Loc and Up/Dn Loc Name indicate Third Party information is not applicable.,420199,PEOPLES/TGP PITTSBURGH TERMINAL PA,D,ALLEGHENY,PA,LDC,Z4,Z4,290,Y,A,20260408,,Y,PEOPLES NATURAL GAS COMPANY,7916208,1216,Y,C002105,420199,PEOPLES / TGP PITTSBURGH TERMINAL,,,20260409 15:00
1939164,TENNESSEE GAS PIPELINE,C000020,20260928 05:18,Blanks under Up/Dn Loc and Up/Dn Loc Name indicate Third Party information is not applicable.,420200,NFG/TGP UNION CITY PA ERIE,D,ERIE,PA,INT,Z4,Z4,219,Y,A,20100101,,Y,NATIONAL FUEL GAS SUPPLY CORP,7912959,6313,Y,C000046,420200,UNION CITY,,,20160401 10:05
1939164,TENNESSEE GAS PIPELINE,C000020,20260928 05:18,Blanks under Up/Dn Loc and Up/Dn Loc Name indicate Third Party information is not applicable.,420201,CON ED/TGP TAPPAN NY ROCKLAND,D,ROCKLAND,NY,LDC,Z5,Z5,324,Y,A,20241011,,Y,CONSOLIDATED EDISON CO OF NEW YORK INC,6982359,5642,N,,,,,,20241011 12:00
1939164,TENNESSEE GAS PIPELINE,C000020,20260928 05:18,Blanks under Up/Dn Loc and Up/Dn Loc Name indicate Third Party information is not applicable.,420202,WEST TN/TGP SARDIS TN HENDERSON,D,HENDERSON,TN,LDC,Z1,Z1,163,Y,A,20181102,,Y,WEST TENNESSEE PUBLIC UTILITY DISTRICT,73525644,6501,N,,,,,,20181103 09:00
1939164,TENNESSEE GAS PIPELINE,C000020,20260928 05:18,Blanks under Up/Dn Loc and Up/Dn Loc Name indicate Third Party information is not applicable.,420203,UGI UT/TGP UNIONDALE PA SUSQUEHANNA,D,SUSQUEHANNA,PA,LDC,Z4,Z4,321,Y,A,20200226,,Y,UGI UTILITIES INC.,799376595,6448,Y,C008951,420203,UGI UT/TGP UNIONDALE PA,,,20200226 09:00
1939164,TENNESSEE GAS PIPELINE,C000020,20260928 05:18,Blanks under Up/Dn Loc and Up/Dn Loc Name indicate Third Party information is not applicable.,420204,NSTAR/TGP HUDSON MA MIDDLESEX,D,MIDDLESEX,MA,LDC,Z6,Z6,283,Y,A,20140301,,Y,NSTAR GAS COMPANY  DBA EVERSOURCE ENERGY,75345678,6072,N,,,,,,20181004 15:00
1939164,TENNESSEE GAS PIPELINE,C000020,20260928 05:18,Blanks under Up/Dn Loc and Up/Dn Loc Name indicate Third Party information is not applicable.,420205,CONN NG/TGP BLOOMFIELD CT HARTFORD,D,HARTFORD,CT,LDC,Z6,Z6,355,Y,A,20181102,,Y,CONNECTICUT NATURAL GAS CORP.,1139294,19203,N,,,,,,20181103 09:00
1939164,TENNESSEE GAS PIPELINE,C000020,20260928 05:18,Blanks under Up/Dn Loc and Up/Dn Loc Name indicate Third Party information is not applicable.,420206,GRANSTGT/TGP GRANITE MA ESSEX,D,ESSEX,MA,INT,Z6,Z6,284,Y,A,20100101,,Y,GRANITE STATE GAS TRANSMISSION INC,874252380,6073,Y,C001244,,PLEASANT STREET GATE,,,20190221 12:00
1939164,TENNESSEE GAS PIPELINE,C000020,20260928 05:18,Blanks under Up/Dn Loc and Up/Dn Loc Name indicate Third Party information is not applicable.,420207,AGT/TGP MAHWAH NEW JERSEY BERGEN,B,BERGEN,NJ,INT,Z5,Z5,324,Y,A,20100101,,Y,ALGONQUIN GAS TRANSMISSION  LLC,6951446,19865,Y,C000084,00201,MAHWAH (BERGEN  NJ),,,20160401 10:05
1939164,TENNESSEE GAS PIPELINE,C000020,20260928 05:18,Blanks under Up/Dn Loc and Up/Dn Loc Name indicate Third Party information is not applicable.,420208,DELTA NG/TGP BEREA KY MADISON,D,MADISON,KY,LDC,Z2,Z2,187,Y,A,20140301,,Y,DELTA NATURAL GAS COMPANY INC,7779408,6458,N,,,,,,20160616 12:00
1939164,TENNESSEE GAS PIPELINE,C000020,20260928 05:18,Blanks under Up/Dn Loc and Up/Dn Loc Name indicate Third Party information is not applicable.,420209,NATL GAS/TGP SPRATT OH MUSKINGUM,D,MUSKINGUM,OH,LDC,Z4,Z4,204,Y,A,20100101,,Y,NATIONAL GAS & OIL COOPERATIVE,1053560,5236,N,,,,,,20160708 15:00
1939164,TENNESSEE GAS PIPELINE,C000020,20260928 05:18,Blanks under Up/Dn Loc and Up/Dn Loc Name indicate Third Party information is not applicable.,420211,ATMOS-MS/TGP GREENWOOD MS LEFLORE,D,LEFLORE,MS,LDC,Z1,Z1,834,Y,A,20100101,,Y,ATMOS ENERGY CORPORATION - MISS DIVISION,6964415,6522,N,,,,,,20160708 15:00
1939164,TENNESSEE GAS PIPELINE,C000020,20260928 05:18,Blanks under Up/Dn Loc and Up/Dn Loc Name indicate Third Party information is not applicable.,420212,DELTA NG/TGP SALT LICK KY BATH,D,BATH,KY,LDC,Z2,Z2,187,Y,A,20100101,,Y,DELTA NATURAL GAS COMPANY INC,7779408,6458,N,,,,,,20160616 12:00
1939164,TENNESSEE GAS PIPELINE,C000020,20260928 05:18,Blanks under Up/Dn Loc and Up/Dn Loc Name indicate Third Party information is not applicable.,420213,UGI/TGP MANSFIELD PA TIOGA,D,TIOGA,PA,LDC,Z4,Z4,315,Y,A,20250407,,Y,UGI STORAGE COMPANY,967391181,9672,Y,C002298,420213,WELLSBORO,,,20250408 09:00
1939164,TENNESSEE GAS PIPELINE,C000020,20260928 05:18,Blanks under Up/Dn Loc and Up/Dn Loc Name indicate Third Party information is not applicable.,420214,EGTS/TGP BROOKVIEW NY RENSSELAER,D,RENSSELAER,NY,INT,Z5,Z5,249,Y,A,20171011,,Y,EASTERN GAS TRANSMISSION AND STORAGE  INC.,116025180,3531,Y,C000160,40103,TGP - BROOKVIEW,,,20210301 09:00
1939164,TENNESSEE GAS PIPELINE,C000020,20260928 05:18,Blanks under Up/Dn Loc and Up/Dn Loc Name indicate Third Party information is not applicable.,420215,DELTAMS/TGP COFFEEVILLE MS YALOBUSH,D,YALOBUSHA,MS,LDC,Z1,Z1,847,Y,A,20140612,,Y,DELTA MISSISSIPPI GAS COMPANY  LLC,119371580,11417,N,,,,,,20250605 12:00
1939164,TENNESSEE GAS PIPELINE,C000020,20260928 05:18,Blanks under Up/Dn Loc and Up/Dn Loc Name indicate Third Party information is not applicable.,420216,VALLEY/TGP TOWANDA PA BRADFORD,D,BRADFORD,PA,LDC,Z4,Z4,317,Y,A,20190401,,Y,VALLEY ENERGY  INC,54086520,6306,N,,,,,,20190404 12:00
1939164,TENNESSEE GAS PIPELINE,C000020,20260928 05:18,Blanks under Up/Dn Loc and Up/Dn Loc Name indicate Third Party information is not applicable.,420217,CONN NG/TGP PUTNAM LAKE CT FAIRFIEL,D,FAIRFIELD,CT,LDC,Z6,Z6,336,Y,A,20100101,,Y,CONNECTICUT NATURAL GAS CORP.,1139294,19203,N,,,,,,20160628 09:00
1939164,TENNESSEE GAS PIPELINE,C000020,20260928 05:18,Blanks under Up/Dn Loc and Up/Dn Loc Name indicate Third Party information is not applicable.,420218,GRAYSON/TGP GRAYSON KY CARTER,D,CARTER,KY,LDC,Z2,Z2,111,N,I,,20100101,Y,CITY OF GRAYSON  KY,72669898,6469,N,,,,,,20250807 15:00
1939164,TENNESSEE GAS PIPELINE,C000020,20260928 05:18,Blanks under Up/Dn Loc and Up/Dn Loc Name indicate Third Party information is not applicable.,420219,WALNUT/TGP WALNUT MS HARDEMAN,D,HARDEMAN,TN,LDC,Z1,Z1,163,Y,A,20100101,,Y,TOWN OF WALNUT,,6523,N,,,,,,20240731 09:00
1939164,TENNESSEE GAS PIPELINE,C000020,20260928 05:18,Blanks under Up/Dn Loc and Up/Dn Loc Name indicate Third Party information is not applicable.,420221,NYSEG/TGP LOCKPORT NY NIAGARA,D,NIAGARA,NY,LDC,Z5,Z5,295,Y,A,20260408,,Y,NEW YORK STATE ELECTRIC AND GAS CORPORATION,41866497,25550,Y,C000621,,LOCKPORT ROBINSON ROAD,,,20260409 15:00
1939164,TENNESSEE GAS PIPELINE,C000020,20260928 05:18,Blanks under Up/Dn Loc and Up/Dn Loc Name indicate Third Party information is not applicable.,420222,CENTRVIL/TGP CENTERVILLE TN HICKMAN,D,HICKMAN,TN,LDC,Z1,Z1,860,Y,A,20100101,,Y,CENTERVILLE  TOWN OF,77643716,6484,N,,,,,,20160609 15:00
1939164,TENNESSEE GAS PIPELINE,C000020,20260928 05:18,Blanks under Up/Dn Loc and Up/Dn Loc Name indicate Third Party information is not applicable.,420223,SAVANNAH/TGP SAVANNAH TN HARDIN,D,HARDIN,TN,LDC,Z1,Z1,847,Y,A,20160407,,Y,SAVANNAH  CITY OF,78236056,6502,N,,,,,,20160708 15:00
1939164,TENNESSEE GAS PIPELINE,C000020,20260928 05:18,Blanks under Up/Dn Loc and Up/Dn Loc Name indicate Third Party information is not applicable.,420226,PSEG/TGP RAMSEY NJ BERGEN,D,BERGEN,NJ,LDC,Z5,Z5,324,Y,A,20200210,,Y,PUBLIC SERVICE ELECTRIC & GAS COMPANY,6973812,6089,N,,,,,,20200211 15:00
1939164,TENNESSEE GAS PIPELINE,C000020,20260928 05:18,Blanks under Up/Dn Loc and Up/Dn Loc Name indicate Third Party information is not applicable.,420227,COKINOS/TGP KING FARM LA JEFFERSON,D,JEFFERSON DAVIS,LA,LDC,ZL,ZL,822,Y,A,20231017,,Y,COKINOS NATURAL GAS COMPANY,102658226,16063,N,,,,,,20231017 09:00
1939164,TENNESSEE GAS PIPELINE,C000020,20260928 05:18,Blanks under Up/Dn Loc and Up/Dn Loc Name indicate Third Party information is not applicable.,420236,PIKE/TGP OAK HILL OH JACKSON,D,JACKSON,OH,LDC,Z4,Z4,200,Y,A,20260408,,Y,PIKE NATURAL GAS CO,8930703,6374,N,,,,,,20260409 15:00
1939164,TENNESSEE GAS PIPELINE,C000020,20260928 05:18,Blanks under Up/Dn Loc and Up/Dn Loc Name indicate Third Party information is not applicable.,420241,HOHENWLD/TGP HOHENWALD TN LEWIS,D,LEWIS,TN,LDC,Z1,Z1,548,Y,A,20100101,,Y,HOHENWALD  CITY OF,170502835,6487,N,,,,,,20160708 15:00
1939164,TENNESSEE GAS PIPELINE,C000020,20260928 05:18,Blanks under Up/Dn Loc and Up/Dn Loc Name indicate Third Party information is not applicable.,420243,NFG/TGP NASHVILLE STORAGE NEW YORK,D,CHAUTAUQUA,NY,INT,Z5,Z5,224,Y,A,20260408,,Y,NATIONAL FUEL GAS SUPPLY CORP,7912959,6313,Y,C000046,420243,NASHVILLE STORAGE,,,20260409 15:00
1939164,TENNESSEE GAS PIPELINE,C000020,20260928 05:18,Blanks under Up/Dn Loc and Up/Dn Loc Name indicate Third Party information is not applicable.,420245,COL GAS/TGP MILFORD PA BIG PIKE,D,PIKE,PA,INT,Z4,Z4,321,Y,A,20200210,,Y,COLUMBIA GAS TRANSMISSION  LLC,54748041,15039,Y,C000306,B18,MILFORD,,,20200211 15:00
1939164,TENNESSEE GAS PIPELINE,C000020,20260928 05:18,Blanks under Up/Dn Loc and Up/Dn Loc Name indicate Third Party information is not applicable.,420248,DELTA NG/TGP NICHOLASVILLE KY GARRA,D,GARRARD,KY,LDC,Z2,Z2,187,Y,A,20181102,,Y,DELTA NATURAL GAS COMPANY INC,7779408,6458,N,,,,,,20181103 09:00
1939164,TENNESSEE GAS PIPELINE,C000020,20260928 05:18,Blanks under Up/Dn Loc and Up/Dn Loc Name indicate Third Party information is not applicable.,420253,UGI/TGP WELLSBORO PA TIOGA,D,TIOGA,PA,LDC,Z4,Z4,314,Y,A,20260408,,Y,UGI STORAGE COMPANY,967391181,9672,Y,C002298,420253,WELLSBORO,,,20260409 15:00
1939164,TENNESSEE GAS PIPELINE,C000020,20260928 05:18,Blanks under Up/Dn Loc and Up/Dn Loc Name indicate Third Party information is not applicable.,420254,LIBERTYU/TGP HOOKSETT NH MERRIMACK,D,MERRIMACK,NH,LDC,Z6,Z6,284,Y,A,20100101,,Y,LIBERTY UTILITIES (ENERGYNORTH NATURAL GAS) CORP.,830408873,5250,N,,,,,,20200619 09:00
1939164,TENNESSEE GAS PIPELINE,C000020,20260928 05:18,Blanks under Up/Dn Loc and Up/Dn Loc Name indicate Third Party information is not applicable.,420259,NSTAR/TGP FARNUMSVILLE MA WORCHESTE,D,WORCHESTER,MA,LDC,Z6,Z6,265,Y,A,20191002,,Y,NSTAR GAS COMPANY  DBA EVERSOURCE ENERGY,75345678,6072,N,,,,,,20191008 12:00
1939164,TENNESSEE GAS PIPELINE,C000020,20260928 05:18,Blanks under Up/Dn Loc and Up/Dn Loc Name indicate Third Party information is not applicable.,420275,HUDSON/TGP CEDAR HILL NY ALBANY,D,ALBANY,NY,LDC,Z5,Z5,249,Y,A,20100101,,Y,CENTRAL HUDSON GAS & ELECTRIC CORPORATION,6993695,26153,N,,,,,,20251125 12:00
1939164,TENNESSEE GAS PIPELINE,C000020,20260928 05:18,Blanks under Up/Dn Loc and Up/Dn Loc Name indicate Third Party information is not applicable.,420276,BLDWYN/TGP BALDWYN MS TIPPAH,D,TIPPAH,MS,LDC,Z1,Z1,847,Y,A,20100712,,Y,BALDWYN  CITY OF,137022034,6536,N,,,,,,20160627 15:00
1939164,TENNESSEE GAS PIPELINE,C000020,20260928 05:18,Blanks under Up/Dn Loc and Up/Dn Loc Name indicate Third Party information is not applicable.,420277,UGI UT/TGP HONESDALE PA SALES WAYNE,D,WAYNE,PA,LDC,Z4,Z4,321,Y,A,20100101,,Y,UGI UTILITIES INC.,799376595,6448,Y,C008951,420277,UGI UT/TGP HONESDALE PA,,,20191127 15:00
1939164,TENNESSEE GAS PIPELINE,C000020,20260928 05:18,Blanks under Up/Dn Loc and Up/Dn Loc Name indicate Third Party information is not applicable.,420278,BERKSHR/TGP STOCKBRIDGE SALES BERKS,D,BERKSHIRE,MA,LDC,Z6,Z6,256,Y,A,20230418,,Y,THE BERKSHIRE GAS COMPANY,6955587,5111,N,,,,,,20230418 15:00
1939164,TENNESSEE GAS PIPELINE,C000020,20260928 05:18,Blanks under Up/Dn Loc and Up/Dn Loc Name indicate Third Party information is not applicable.,420279,ATMOS TL/TGP CROWVILLE LA FRANKLIN,D,FRANKLIN,LA,LDC,Z1,Z1,834,Y,A,20221206,,Y,ATMOS  ENERGY  CORPORATION,613205723,6624,N,,,,,,20221206 15:00
1939164,TENNESSEE GAS PIPELINE,C000020,20260928 05:18,Blanks under Up/Dn Loc and Up/Dn Loc Name indicate Third Party information is not applicable.,420280,SPIR TEN/TGP GREENBRIER SALES ROBER,D,ROBERTSON,TN,LDC,Z1,Z1,163,Y,A,20100101,,Y,SPIRE TENNESSEE INC.,144918717,11667,N,,,,,,20260325 12:00
1939164,TENNESSEE GAS PIPELINE,C000020,20260928 05:18,Blanks under Up/Dn Loc and Up/Dn Loc Name indicate Third Party information is not applicable.,420281,CONOCOPH/TGP MCEWEN TN DICKSON,D,DICKSON,TN,LDC,Z1,Z1,163,Y,A,20100101,,Y,CONOCOPHILLIPS COMPANY,1368265,15041,N,,,,,,20160629 09:00
1939164,TENNESSEE GAS PIPELINE,C000020,20260928 05:18,Blanks under Up/Dn Loc and Up/Dn Loc Name indicate Third Party information is not applicable.,420282,NEWALBNY/TGP COTTON PLANT MS UNION,D,UNION,MS,LDC,Z1,Z1,847,Y,A,20100101,,Y,NEW ALBANY  CITY OF,73508350,6531,N,,,,,,20160708 15:00
1939164,TENNESSEE GAS PIPELINE,C000020,20260928 05:18,Blanks under Up/Dn Loc and Up/Dn Loc Name indicate Third Party information is not applicable.,420285,AGT/TGP MENDON MASS TIE OVER WORCHE,D,WORCHESTER,MA,INT,Z6,Z6,282,Y,A,20100101,,Y,ALGONQUIN GAS TRANSMISSION  LLC,6951446,19865,Y,C000084,00205,MENDON,,,20160401 10:05
1939164,TENNESSEE GAS PIPELINE,C000020,20260928 05:18,Blanks under Up/Dn Loc and Up/Dn Loc Name indicate Third Party information is not applicable.,420286,YANK GAS/TGP DANBURY CT FAIRFIELD,D,FAIRFIELD,CT,LDC,Z6,Z6,336,Y,A,20130201,,Y,YANKEE GAS SERVICES COMPANY  DBA EVERSOURCE ENERGY,361667371,5619,Y,C001021,420286,DANBURY CT,,,20181101 12:00
1939164,TENNESSEE GAS PIPELINE,C000020,20260928 05:18,Blanks under Up/Dn Loc and Up/Dn Loc Name indicate Third Party information is not applicable.,420289,ETNG/TGP GREENBRIER TN 2 (DUAL ROBE,D,ROBERTSON,TN,INT,Z1,Z1,860,Y,A,20170918,,Y,EAST TENNESSEE NATURAL GAS COMPANY,7921323,26164,Y,C000085,53101,EL PASO-RIDGETOP RECEIVING,,,20170918 09:00
1939164,TENNESSEE GAS PIPELINE,C000020,20260928 05:18,Blanks under Up/Dn Loc and Up/Dn Loc Name indicate Third Party information is not applicable.,420290,OLIVHILL/TGP OLIVE KY CARTER,D,CARTER,KY,LDC,Z2,Z2,111,Y,A,20100101,,Y,OLIVE HILL  CITY OF,132086729,5663,N,,,,,,20161101 09:00
1939164,TENNESSEE GAS PIPELINE,C000020,20260928 05:18,Blanks under Up/Dn Loc and Up/Dn Loc Name indicate Third Party information is not applicable.,420291,TRNSCO/TGP HEIDELBERG MISSISIPPI JA,B,JASPER,MS,INT,Z1,Z1,534,Y,A,20100101,,Y,TRANSCONTINENTAL GAS PIPELINE COMPANY  LLC,7933021,4153,Y,C000654,1006120,HEIDELBERG,,,20160401 10:05
1939164,TENNESSEE GAS PIPELINE,C000020,20260928 05:18,Blanks under Up/Dn Loc and Up/Dn Loc Name indicate Third Party information is not applicable.,420292,BERKSHR/TGP GREENFIELD MA HAMPSHIRE,D,HAMPSHIRE,MA,LDC,Z6,Z6,280,Y,A,20100101,,Y,THE BERKSHIRE GAS COMPANY,6955587,5111,N,,,,,,20160708 15:00
1939164,TENNESSEE GAS PIPELINE,C000020,20260928 05:18,Blanks under Up/Dn Loc and Up/Dn Loc Name indicate Third Party information is not applicable.,420293,CON ED/TGP PEARL RIVER NY ROCKLAND,D,ROCKLAND,NY,LDC,Z5,Z5,324,Y,A,20241011,,Y,CONSOLIDATED EDISON CO OF NEW YORK INC,6982359,5642,N,,,,,,20241011 12:00
1939164,TENNESSEE GAS PIPELINE,C000020,20260928 05:18,Blanks under Up/Dn Loc and Up/Dn Loc Name indicate Third Party information is not applicable.,420294,TGP/SNG PUGH MISSISSIPPI EXCH LOWND,B,LOWNDES,MS,INT,Z1,Z1,542,Y,A,20100101,,Y,TENNESSEE GAS PIPELINE COMPANY  L.L.C.,1939164,4052,Y,C000020,420294,SNG/TGP PUGH MISSISSIPPI EXCH LOWND,,,20160401 10:05
1939164,TENNESSEE GAS PIPELINE,C000020,20260928 05:18,Blanks under Up/Dn Loc and Up/Dn Loc Name indicate Third Party information is not applicable.,420295,SUMUTI/TGP MONTROSE AR CHICOT,D,CHICOT,AR,LDC,Z1,Z1,143,Y,A,20131122,,Y,SUMMIT UTILITIES ARKANSAS  INC.,,10926,N,,,,,,20220202 15:00
1939164,TENNESSEE GAS PIPELINE,C000020,20260928 05:18,Blanks under Up/Dn Loc and Up/Dn Loc Name indicate Third Party information is not applicable.,420296,FORSTHIL/TGP FOREST HILL LA RAPIDES,D,RAPIDES,LA,LDC,ZL,ZL,823,Y,A,20140619,,Y,FOREST HILL  VILLAGE OF,176729796,6553,N,,,,,,20160708 15:00
1939164,TENNESSEE GAS PIPELINE,C000020,20260928 05:18,Blanks under Up/Dn Loc and Up/Dn Loc Name indicate Third Party information is not applicable.,420306,COL GAS/TGP PITTSBURGH TERMINAL PA,D,ALLEGHENY,PA,INT,Z4,Z4,290,Y,A,20260408,,Y,COLUMBIA GAS TRANSMISSION  LLC,54748041,15039,Y,C000306,B16,BRADFORD,,,20260409 15:00
1939164,TENNESSEE GAS PIPELINE,C000020,20260928 05:18,Blanks under Up/Dn Loc and Up/Dn Loc Name indicate Third Party information is not applicable.,420307,BBT ALTN/TGP BARTON AL COLBERT,D,COLBERT,AL,INT,Z1,Z1,548,Y,A,20260408,,Y,BBT ALATENN  LLC,6900773,6511,Y,C001023,010138,TGP TO ALATENN - BARTON,,,20260409 15:00
1939164,TENNESSEE GAS PIPELINE,C000020,20260928 05:18,Blanks under Up/Dn Loc and Up/Dn Loc Name indicate Third Party information is not applicable.,420309,SPIR TEN/TGP ASHLAND TN CHEATHAM,D,CHEATHAM,TN,LDC,Z1,Z1,163,Y,A,20100101,,Y,SPIRE TENNESSEE INC.,144918717,11667,N,,,,,,20260401 12:00
1939164,TENNESSEE GAS PIPELINE,C000020,20260928 05:18,Blanks under Up/Dn Loc and Up/Dn Loc Name indicate Third Party information is not applicable.,420312,SPIR TEN/TGP NASHVILLE TN  2 ROBERT,D,ROBERTSON,TN,LDC,Z1,Z1,860,Y,A,20201208,,Y,SPIRE TENNESSEE INC.,144918717,11667,N,,,,,,20260401 12:00
1939164,TENNESSEE GAS PIPELINE,C000020,20260928 05:18,Blanks under Up/Dn Loc and Up/Dn Loc Name indicate Third Party information is not applicable.,420313,CONN NG/TGP TRUMBULL CT FAIRFIELD,D,FAIRFIELD,CT,LDC,Z6,Z6,336,Y,A,20100101,,Y,CONNECTICUT NATURAL GAS CORP.,1139294,19203,N,,,,,,20160628 09:00
1939164,TENNESSEE GAS PIPELINE,C000020,20260928 05:18,Blanks under Up/Dn Loc and Up/Dn Loc Name indicate Third Party information is not applicable.,420314,NFG/TGP COCHRANTON PA CRAWFORD,D,CRAWFORD,PA,INT,Z4,Z4,219,Y,A,20260408,,Y,NATIONAL FUEL GAS SUPPLY CORP,7912959,6313,Y,C000046,420314,COCHRANTON,,,20260409 15:00
1939164,TENNESSEE GAS PIPELINE,C000020,20260928 05:18,Blanks under Up/Dn Loc and Up/Dn Loc Name indicate Third Party information is not applicable.,420315,UGI UT/TGP PORT ALLEGANY PA MC KEAN,D,MC KEAN,PA,LDC,Z4,Z4,307,Y,A,20110620,,Y,UGI UTILITIES INC.,799376595,6448,Y,C008951,420315,UGI UT/TGP PORT ALLEGANY PA,,,20191127 15:00
1939164,TENNESSEE GAS PIPELINE,C000020,20260928 05:18,Blanks under Up/Dn Loc and Up/Dn Loc Name indicate Third Party information is not applicable.,420317,WAYNEBOR/TGP WAYNESBORO TN WAYNE,D,WAYNE,TN,LDC,Z1,Z1,548,Y,A,20100101,,Y,WAYNESBORO  TN (CITY OF),19382449,6508,N,,,,,,20160708 15:00
1939164,TENNESSEE GAS PIPELINE,C000020,20260928 05:18,Blanks under Up/Dn Loc and Up/Dn Loc Name indicate Third Party information is not applicable.,420318,YANK GAS/TGP THOMPSONVILLE CT EXCH,D,HARTFORD,CT,LDC,Z6,Z6,261,Y,A,20150916,,Y,YANKEE GAS SERVICES COMPANY  DBA EVERSOURCE ENERGY,361667371,5619,Y,C001021,420318,THOMPSONVILLE CT,,,20181101 12:00
1939164,TENNESSEE GAS PIPELINE,C000020,20260928 05:18,Blanks under Up/Dn Loc and Up/Dn Loc Name indicate Third Party information is not applicable.,420319,UGI UT/TGP MILFORD PA PIKE,D,PIKE,PA,LDC,Z4,Z4,321,Y,A,20100101,,Y,UGI UTILITIES INC.,799376595,6448,Y,C008951,420319,UGI UT/TGP MILFORD PA,,,20191127 15:00
1939164,TENNESSEE GAS PIPELINE,C000020,20260928 05:18,Blanks under Up/Dn Loc and Up/Dn Loc Name indicate Third Party information is not applicable.,420320,ATMOS-MS/TGP SHUQUALAK MS NOXUBEE,D,NOXUBEE,MS,LDC,Z1,Z1,542,Y,A,20220202,,Y,ATMOS ENERGY CORPORATION - MISS DIVISION,6964415,6522,N,,,,,,20220202 09:00
1939164,TENNESSEE GAS PIPELINE,C000020,20260928 05:18,Blanks under Up/Dn Loc and Up/Dn Loc Name indicate Third Party information is not applicable.,420323,BOSTN/TGP ESSEX MA ESSEX,D,ESSEX,MA,LDC,Z6,Z6,268,N,A,20130402,,Y,BOSTON GAS COMPANY D/B/A NATIONAL GRID,6951586,26177,Y,C001659,,20323 ESSEX,,,20231114 09:00
1939164,TENNESSEE GAS PIPELINE,C000020,20260928 05:18,Blanks under Up/Dn Loc and Up/Dn Loc Name indicate Third Party information is not applicable.,420325,COL GAS/TGP KOPPEL PENNSYLVANIA BEA,D,BEAVER,PA,OTH,Z4,Z4,290,N,A,20100101,,N,,,,,,,,,,20160401 10:05
1939164,TENNESSEE GAS PIPELINE,C000020,20260928 05:18,Blanks under Up/Dn Loc and Up/Dn Loc Name indicate Third Party information is not applicable.,420326,NFG/TGP PEKIN NEW YORK NIAGARA,D,NIAGARA,NY,INT,Z5,Z5,296,Y,A,20260408,,Y,NATIONAL FUEL GAS SUPPLY CORP,7912959,6313,Y,C000046,420326,PEKIN,,,20260409 15:00
1939164,TENNESSEE GAS PIPELINE,C000020,20260928 05:18,Blanks under Up/Dn Loc and Up/Dn Loc Name indicate Third Party information is not applicable.,420328,ATMOS-MS/TGP HARDY STA MS GRENADA,D,GRENADA,MS,LDC,Z1,Z1,834,Y,A,20240419,,Y,ATMOS ENERGY CORPORATION - MISS DIVISION,6964415,6522,N,,,,,,20240422 15:00
1939164,TENNESSEE GAS PIPELINE,C000020,20260928 05:18,Blanks under Up/Dn Loc and Up/Dn Loc Name indicate Third Party information is not applicable.,420329,COKINOS/TGP HOLLINS FARM LA JEFFERS,D,JEFFERSON DAVIS,LA,LDC,ZL,ZL,509,Y,A,20160101,,Y,COKINOS NATURAL GAS COMPANY,102658226,16063,N,,,,,,20160708 15:00
1939164,TENNESSEE GAS PIPELINE,C000020,20260928 05:18,Blanks under Up/Dn Loc and Up/Dn Loc Name indicate Third Party information is not applicable.,420332,COKINOS/TGP NITSCH FARM TX WHARTON,D,WHARTON,TX,LDC,Z0,Z0,109,Y,A,20161201,,Y,COKINOS NATURAL GAS COMPANY,102658226,16063,N,,,,,,20161201 09:00
1939164,TENNESSEE GAS PIPELINE,C000020,20260928 05:18,Blanks under Up/Dn Loc and Up/Dn Loc Name indicate Third Party information is not applicable.,420334,COKINOS/TGP MILLER FARM TEXAS WHART,D,WHARTON,TX,LDC,Z0,Z0,109,N,I,,20100101,Y,COKINOS NATURAL GAS COMPANY,102658226,16063,N,,,,,,20160708 15:00
1939164,TENNESSEE GAS PIPELINE,C000020,20260928 05:18,Blanks under Up/Dn Loc and Up/Dn Loc Name indicate Third Party information is not applicable.,420335,UGI UT/TGP COAL HILL PA VENANGO,D,VENANGO,PA,LDC,Z4,Z4,300,Y,A,20260408,,Y,UGI UTILITIES INC.,799376595,6448,Y,C008951,420335,UGI UT/TGP COAL HILL PA,,,20260409 15:00
1939164,TENNESSEE GAS PIPELINE,C000020,20260928 05:18,Blanks under Up/Dn Loc and Up/Dn Loc Name indicate Third Party information is not applicable.,420338,ATMOS KY/TGP PERRYVILLE KY BOYLE,D,BOYLE,KY,LDC,Z2,Z2,187,Y,A,20100101,,Y,ATMOS ENERGY (KY)  A DIVISION OF ATMOS ENERGY CORPORATION,,6456,N,,,,,,20221117 15:00
1939164,TENNESSEE GAS PIPELINE,C000020,20260928 05:18,Blanks under Up/Dn Loc and Up/Dn Loc Name indicate Third Party information is not applicable.,420339,PSEG/TGP WEST MILFORD NJ PASSAIC,D,PASSAIC,NJ,LDC,Z5,Z5,324,Y,A,20140301,,Y,PUBLIC SERVICE ELECTRIC & GAS COMPANY,6973812,6089,N,,,,,,20160616 12:00
1939164,TENNESSEE GAS PIPELINE,C000020,20260928 05:18,Blanks under Up/Dn Loc and Up/Dn Loc Name indicate Third Party information is not applicable.,420341,BOSTN/TGP BURLINGTON MA MIDDLESEX,D,MIDDLESEX,MA,LDC,Z6,Z6,268,N,A,20100101,,Y,BOSTON GAS COMPANY D/B/A NATIONAL GRID,6951586,26177,Y,C001659,,20341 BURLINGTON,,,20231114 09:00
1939164,TENNESSEE GAS PIPELINE,C000020,20260928 05:18,Blanks under Up/Dn Loc and Up/Dn Loc Name indicate Third Party information is not applicable.,420343,BOSTN/TGP LYNN FIELD MA ESSEX,D,ESSEX,MA,LDC,Z6,Z6,268,N,A,20100101,,Y,BOSTON GAS COMPANY D/B/A NATIONAL GRID,6951586,26177,Y,C001659,,20343 LYNNFIELD,,,20231114 09:00
1939164,TENNESSEE GAS PIPELINE,C000020,20260928 05:18,Blanks under Up/Dn Loc and Up/Dn Loc Name indicate Third Party information is not applicable.,420344,CON ED/TGP RYE NY WESTCHESTER,D,WESTCHESTER,NY,LDC,Z5,Z5,324,Y,A,20201006,,Y,CONSOLIDATED EDISON CO OF NEW YORK INC,6982359,5642,N,,,,,,20201007 09:00
1939164,TENNESSEE GAS PIPELINE,C000020,20260928 05:18,Blanks under Up/Dn Loc and Up/Dn Loc Name indicate Third Party information is not applicable.,420345,EGTS/TGP GILMORE OH TUSCARAWAS,D,TUSCARAWAS,OH,INT,Z4,Z4,209,N,A,20100101,,Y,EASTERN GAS TRANSMISSION AND STORAGE  INC.,116025180,3531,Y,C000160,40108,TGP - GILMORE,,,20210301 09:00
1939164,TENNESSEE GAS PIPELINE,C000020,20260928 05:18,Blanks under Up/Dn Loc and Up/Dn Loc Name indicate Third Party information is not applicable.,420346,COKINOS/TGP HEBERT FARM LA JEFFERSO,D,JEFFERSON DAVIS,LA,LDC,ZL,ZL,509,Y,A,20231017,,Y,COKINOS NATURAL GAS COMPANY,102658226,16063,N,,,,,,20231017 09:00
1939164,TENNESSEE GAS PIPELINE,C000020,20260928 05:18,Blanks under Up/Dn Loc and Up/Dn Loc Name indicate Third Party information is not applicable.,420350,AGT/TGP LINCOLN MA TIE OVER WORCHES,D,WORCHESTER,MA,INT,Z6,Z6,268,Y,A,20200403,,Y,ALGONQUIN GAS TRANSMISSION  LLC,6951446,19865,Y,C000084,00206,LINCOLN (MIDDLESEX MA),,,20200407 12:00
1939164,TENNESSEE GAS PIPELINE,C000020,20260928 05:18,Blanks under Up/Dn Loc and Up/Dn Loc Name indicate Third Party information is not applicable.,420361,PELICAN/TGP YSCLOSKEY LA ST BERNARD,D,ST BERNARD,LA,INT,ZL,ZL,530,Y,A,20250407,,Y,PELICAN MIDSTREAM CORP,141778982,11655,N,,010091,YSCLOSKEY,,,20260106 12:00
1939164,TENNESSEE GAS PIPELINE,C000020,20260928 05:18,Blanks under Up/Dn Loc and Up/Dn Loc Name indicate Third Party information is not applicable.,420362,UTILMGMT/TGP PONTOTOC MS UNION,D,UNION,MS,LDC,Z1,Z1,847,Y,A,20100101,,Y,UTILITY MANAGEMENT CORPORATION,787237718,6529,N,,,,,,20160708 15:00
1939164,TENNESSEE GAS PIPELINE,C000020,20260928 05:18,Blanks under Up/Dn Loc and Up/Dn Loc Name indicate Third Party information is not applicable.,420364,D2ENERGY/TGP MILLEDGEVILLE TN CHEST,D,CHESTER,TN,LDC,Z1,Z1,163,Y,A,20100101,,Y,D2 ENERGY  LLC,10220802,5714,N,,,,,,20160629 09:00
1939164,TENNESSEE GAS PIPELINE,C000020,20260928 05:18,Blanks under Up/Dn Loc and Up/Dn Loc Name indicate Third Party information is not applicable.,420366,FGT/TGP CARNES MISSISSIPPI STONE,B,STONE,MS,INT,ZL,ZL,530,Y,A,20100101,,Y,FLORIDA GAS TRANSMISSION COMPANY  LLC,6924518,1445,Y,C000255,109651,TENN CARNES (DEL),12740,TENN CARNES (REC),20241101 09:00
1939164,TENNESSEE GAS PIPELINE,C000020,20260928 05:18,Blanks under Up/Dn Loc and Up/Dn Loc Name indicate Third Party information is not applicable.,420369,COKINOS/TGP WIGGINTON FARM TX WHART,D,WHARTON,TX,LDC,Z0,Z0,109,Y,A,20161201,,Y,COKINOS NATURAL GAS COMPANY,102658226,16063,N,,,,,,20161201 09:00
1939164,TENNESSEE GAS PIPELINE,C000020,20260928 05:18,Blanks under Up/Dn Loc and Up/Dn Loc Name indicate Third Party information is not applicable.,420373,TRNSCO/TGP KINDER LA  EXCH  (BI  1,D,ALLEN,LA,INT,ZL,ZL,501,Y,A,20211006,,Y,TRANSCONTINENTAL GAS PIPELINE COMPANY  LLC,7933021,4153,Y,C000654,1006149,KINDER,,,20211007 12:00
1939164,TENNESSEE GAS PIPELINE,C000020,20260928 05:18,Blanks under Up/Dn Loc and Up/Dn Loc Name indicate Third Party information is not applicable.,420378,HRDFAYET/TGP MOSCOW TN HARDEMAN,D,HARDEMAN,TN,LDC,Z1,Z1,163,Y,A,20100101,,Y,HARDEMAN FAYETTE UTILITY DISTRICT,26357020,6474,N,,,,,,20160708 15:00
1939164,TENNESSEE GAS PIPELINE,C000020,20260928 05:18,Blanks under Up/Dn Loc and Up/Dn Loc Name indicate Third Party information is not applicable.,420379,DICKSON/TGP BURNS TN DICKSON,D,DICKSON,TN,LDC,Z1,Z1,163,Y,A,20260408,,Y,DICKSON GAS AUTHORITY,606638435,6479,N,,,,,,20260409 15:00
1939164,TENNESSEE GAS PIPELINE,C000020,20260928 05:18,Blanks under Up/Dn Loc and Up/Dn Loc Name indicate Third Party information is not applicable.,420383,GULFSTH/TGP KILN MISS EXCHANGE HANC,B,HANCOCK,MS,INT,ZL,ZL,530,Y,A,20100101,,Y,GULF SOUTH PIPELINE COMPANY  LLC,78444247,26373,Y,C000591,002687,KILN (TO TENN GAS),002921,KILN (FROM TENN GAS),20241101 09:00
1939164,TENNESSEE GAS PIPELINE,C000020,20260928 05:18,Blanks under Up/Dn Loc and Up/Dn Loc Name indicate Third Party information is not applicable.,420385,PEOPLES/TGP PITTSBURG TERMINAL PA A,D,ALLEGHENY,PA,LDC,Z4,Z4,290,Y,A,20140301,,Y,PEOPLES NATURAL GAS COMPANY,7916208,1216,Y,C002105,TWP CG,CITYGATE TWP,,,20250204 12:00
1939164,TENNESSEE GAS PIPELINE,C000020,20260928 05:18,Blanks under Up/Dn Loc and Up/Dn Loc Name indicate Third Party information is not applicable.,420388,PROVNCAL/TGP PROVENCAL LA NATCHITOC,D,NATCHITOCHES,LA,LDC,ZL,ZL,501,Y,A,20250401,,Y,PROVENCAL  VILLAGE OF,52030111,6556,N,,,,,,20250414 15:00
1939164,TENNESSEE GAS PIPELINE,C000020,20260928 05:18,Blanks under Up/Dn Loc and Up/Dn Loc Name indicate Third Party information is not applicable.,420389,BOSTN/TGP WEST PEABODY MA ESSEX,D,ESSEX,MA,LDC,Z6,Z6,268,N,A,20140603,,Y,BOSTON GAS COMPANY D/B/A NATIONAL GRID,6951586,26177,Y,C001659,,20389 PEABODY,,,20231114 09:00
1939164,TENNESSEE GAS PIPELINE,C000020,20260928 05:18,Blanks under Up/Dn Loc and Up/Dn Loc Name indicate Third Party information is not applicable.,420390,NFG/TGP TOWNVILLE PA CRAWFORD,D,CRAWFORD,PA,INT,Z4,Z4,219,Y,A,20161012,,Y,NATIONAL FUEL GAS SUPPLY CORP,7912959,6313,Y,C000046,420390,TOWNVILLE,,,20161012 15:00
1939164,TENNESSEE GAS PIPELINE,C000020,20260928 05:18,Blanks under Up/Dn Loc and Up/Dn Loc Name indicate Third Party information is not applicable.,420396,COKINOS/TGP KLUMPP FARM LA ACADIA,D,ACADIA,LA,LDC,ZL,ZL,509,N,I,,20180216,Y,COKINOS NATURAL GAS COMPANY,102658226,16063,N,,,,,,20190919 15:00
1939164,TENNESSEE GAS PIPELINE,C000020,20260928 05:18,Blanks under Up/Dn Loc and Up/Dn Loc Name indicate Third Party information is not applicable.,420401,HOLYOKE/TGP HOLYOKE MA  2 HAMPDEN,D,HAMPDEN,MA,LDC,Z6,Z6,280,Y,A,20161012,,Y,HOLYOKE GAS & ELEC DEPT  CITY OF,84650050,6101,N,,,,,,20161012 15:00
1939164,TENNESSEE GAS PIPELINE,C000020,20260928 05:18,Blanks under Up/Dn Loc and Up/Dn Loc Name indicate Third Party information is not applicable.,420406,ELIZ NG/TGP ELIZABETH LA EMERGENCY,D,ALLEN,LA,LDC,ZL,ZL,823,Y,A,20150710,,Y,ELIZABETH NATURAL GAS  INC.,5608732,6119,N,,,,,,20160616 12:00
1939164,TENNESSEE GAS PIPELINE,C000020,20260928 05:18,Blanks under Up/Dn Loc and Up/Dn Loc Name indicate Third Party information is not applicable.,420409,CRANBERY/TGP INSTITUTE WV KANAWHA,D,KANAWHA,WV,INT,Z3,Z3,114,Y,A,20251009,,Y,CRANBERRY PIPELINE CORP,53455242,6087,Y,C000941,420409,INSTITUTE,,,20251017 12:00
1939164,TENNESSEE GAS PIPELINE,C000020,20260928 05:18,Blanks under Up/Dn Loc and Up/Dn Loc Name indicate Third Party information is not applicable.,420410,ELIZTOWN/TGP SUSSEX NJ SUSSEX,D,SUSSEX,NJ,LDC,Z5,Z5,324,Y,A,20100101,,Y,ELIZABETHTOWN GAS COMPANY,6972236,10319,N,,,,,,20201020 09:00
1939164,TENNESSEE GAS PIPELINE,C000020,20260928 05:18,Blanks under Up/Dn Loc and Up/Dn Loc Name indicate Third Party information is not applicable.,420411,ATMOS-MS/TGP HAMILTON MS LOWNDES,D,LOWNDES,MS,LDC,Z1,Z1,542,Y,A,20100101,,Y,ATMOS ENERGY CORPORATION - MISS DIVISION,6964415,6522,N,,,,,,20160708 15:00
1939164,TENNESSEE GAS PIPELINE,C000020,20260928 05:18,Blanks under Up/Dn Loc and Up/Dn Loc Name indicate Third Party information is not applicable.,420419,ELIZ NG/TGP HEBERT FARM LA JEFFERSO,D,JEFFERSON DAVIS,LA,LDC,ZL,ZL,509,Y,A,20160101,,Y,ELIZABETH NATURAL GAS  INC.,5608732,6119,N,,,,,,20160616 12:00
1939164,TENNESSEE GAS PIPELINE,C000020,20260928 05:18,Blanks under Up/Dn Loc and Up/Dn Loc Name indicate Third Party information is not applicable.,420424,HESS/TGP BELLINGHAM MA NORFOLK,D,NORFOLK,MA,INT,Z6,Z6,282,Y,A,20151101,,Y,HESS CORPORATION,6979785,15004,N,,,,,,20160401 10:05
1939164,TENNESSEE GAS PIPELINE,C000020,20260928 05:18,Blanks under Up/Dn Loc and Up/Dn Loc Name indicate Third Party information is not applicable.,420425,CONN NG/TGP MILFORD CT NEW HAVEN,D,NEW HAVEN,CT,LDC,Z6,Z6,355,Y,A,20231017,,Y,CONNECTICUT NATURAL GAS CORP.,1139294,19203,N,,,,,,20231017 09:00
1939164,TENNESSEE GAS PIPELINE,C000020,20260928 05:18,Blanks under Up/Dn Loc and Up/Dn Loc Name indicate Third Party information is not applicable.,420426,LIBERTYU/TGP LACONIA NH MERRIMACK,D,MERRIMACK,NH,LDC,Z6,Z6,284,Y,A,20100101,,Y,LIBERTY UTILITIES (ENERGYNORTH NATURAL GAS) CORP.,830408873,5250,N,,,,,,20200619 09:00
1939164,TENNESSEE GAS PIPELINE,C000020,20260928 05:18,Blanks under Up/Dn Loc and Up/Dn Loc Name indicate Third Party information is not applicable.,420428,NFG/TGP SHERMAN NEW YORK CHAUTAUQUA,D,CHAUTAUQUA,NY,INT,Z5,Z5,224,Y,A,20100101,,Y,NATIONAL FUEL GAS SUPPLY CORP,7912959,6313,Y,C000046,420428,SHERMAN,,,20160401 10:05
1939164,TENNESSEE GAS PIPELINE,C000020,20260928 05:18,Blanks under Up/Dn Loc and Up/Dn Loc Name indicate Third Party information is not applicable.,420429,BOONEVIL/TGP BOONEVILLE MS TIPPAH,D,TIPPAH,MS,LDC,Z1,Z1,847,Y,A,20260408,,Y,BOONEVILLE MUNICIPAL GAS SYSTEM,605952183,5675,N,,,,,,20260409 15:00
1939164,TENNESSEE GAS PIPELINE,C000020,20260928 05:18,Blanks under Up/Dn Loc and Up/Dn Loc Name indicate Third Party information is not applicable.,420430,DELTA NG/TGP JEFFERSONVILLE KY MONT,D,MONTGOMERY,KY,LDC,Z2,Z2,187,Y,A,20100101,,Y,DELTA NATURAL GAS COMPANY INC,7779408,6458,N,,,,,,20160616 12:00
1939164,TENNESSEE GAS PIPELINE,C000020,20260928 05:18,Blanks under Up/Dn Loc and Up/Dn Loc Name indicate Third Party information is not applicable.,420431,NEXERGAS/TGP FLORENCE AL LAUDERDALE,D,LAUDERDALE,AL,LDC,Z1,Z1,548,Y,A,20100101,,Y,NEXTERA ENERGY SERVICES GAS  LLC,838611739,2835,N,,,,,,20260909 12:00
1939164,TENNESSEE GAS PIPELINE,C000020,20260928 05:18,Blanks under Up/Dn Loc and Up/Dn Loc Name indicate Third Party information is not applicable.,420434,YANK GAS/TGP LONG RIDGE CT FAIRFIEL,D,FAIRFIELD,CT,LDC,Z6,Z6,336,Y,A,20130902,,Y,YANKEE GAS SERVICES COMPANY  DBA EVERSOURCE ENERGY,361667371,5619,Y,C001021,420434,LONGRIDGE CT,,,20260901 15:00
1939164,TENNESSEE GAS PIPELINE,C000020,20260928 05:18,Blanks under Up/Dn Loc and Up/Dn Loc Name indicate Third Party information is not applicable.,420436,VERNON/TGP PITKIN LA VERNON,D,VERNON,LA,LDC,ZL,ZL,501,Y,A,20250401,,Y,VERNON PARISH  GAS UTILITY,164529901,6048,N,,,,,,20250414 12:00
1939164,TENNESSEE GAS PIPELINE,C000020,20260928 05:18,Blanks under Up/Dn Loc and Up/Dn Loc Name indicate Third Party information is not applicable.,420437,COKINOS/TGP HERMANN TEXAS FARM WHAR,D,WHARTON,TX,LDC,Z0,Z0,109,N,I,,20100101,Y,COKINOS NATURAL GAS COMPANY,102658226,16063,N,,,,,,20160708 15:00
1939164,TENNESSEE GAS PIPELINE,C000020,20260928 05:18,Blanks under Up/Dn Loc and Up/Dn Loc Name indicate Third Party information is not applicable.,420441,ATMOS TL/TGP TRANSYLVANIA LA EAST C,D,EAST CARROLL,LA,LDC,Z1,Z1,834,Y,A,20230201,,Y,ATMOS  ENERGY  CORPORATION,613205723,6624,N,,,,,,20230206 09:00
1939164,TENNESSEE GAS PIPELINE,C000020,20260928 05:18,Blanks under Up/Dn Loc and Up/Dn Loc Name indicate Third Party information is not applicable.,420442,COKINOS/TGP RASMUSSEN FARM TX WHART,D,WHARTON,TX,LDC,Z0,Z0,109,Y,A,20161201,,Y,COKINOS NATURAL GAS COMPANY,102658226,16063,N,,,,,,20161201 09:00
1939164,TENNESSEE GAS PIPELINE,C000020,20260928 05:18,Blanks under Up/Dn Loc and Up/Dn Loc Name indicate Third Party information is not applicable.,420443,UGI UT/TGP AUBURN PA SUSQUEHANNA,D,SUSQUEHANNA,PA,LDC,Z4,Z4,394,Y,A,20250901,,Y,UGI UTILITIES INC.,799376595,6448,Y,C008951,420443,UGI UT/TGP AUBURN PA,,,20250903 09:00
1939164,TENNESSEE GAS PIPELINE,C000020,20260928 05:18,Blanks under Up/Dn Loc and Up/Dn Loc Name indicate Third Party information is not applicable.,420444,UGI UT/TGP TROY PA BRADFORD,D,BRADFORD,PA,LDC,Z4,Z4,316,Y,A,20231017,,Y,UGI UTILITIES INC.,799376595,6448,Y,C008951,420444,UGI UT/TGP TROY PA,,,20231017 09:00
1939164,TENNESSEE GAS PIPELINE,C000020,20260928 05:18,Blanks under Up/Dn Loc and Up/Dn Loc Name indicate Third Party information is not applicable.,420445,ATMOS KY/TGP HUSTONVILLE KY LINCOLN,D,LINCOLN,KY,LDC,Z2,Z2,187,Y,A,20100101,,Y,ATMOS ENERGY (KY)  A DIVISION OF ATMOS ENERGY CORPORATION,,6456,N,,,,,,20221117 15:00
1939164,TENNESSEE GAS PIPELINE,C000020,20260928 05:18,Blanks under Up/Dn Loc and Up/Dn Loc Name indicate Third Party information is not applicable.,420447,PELICANG/TGP HARRISONBURG LA CATAHO,D,CATAHOULA,LA,LDC,ZL,ZL,823,Y,A,20220111,,Y,PELICAN GAS MANAGEMENT  INC.,5725049,6571,N,,,,,,20220111 09:00
1939164,TENNESSEE GAS PIPELINE,C000020,20260928 05:18,Blanks under Up/Dn Loc and Up/Dn Loc Name indicate Third Party information is not applicable.,420448,RIDGETOP/TGP RIDGETOP TN ROBERTSON,D,ROBERTSON,TN,LDC,Z1,Z1,860,Y,A,20100101,,Y,RIDGETOP NATURAL GAS  CITY OF,16667289,5664,N,,,,,,20160708 15:00
1939164,TENNESSEE GAS PIPELINE,C000020,20260928 05:18,Blanks under Up/Dn Loc and Up/Dn Loc Name indicate Third Party information is not applicable.,420449,COL GAS/TGP HIGHLAND PA ELK,D,ELK,PA,INT,Z4,Z4,307,Y,A,20251009,,Y,COLUMBIA GAS TRANSMISSION  LLC,54748041,15039,Y,C000306,B17,HIGHLAND,,,20251014 09:00
1939164,TENNESSEE GAS PIPELINE,C000020,20260928 05:18,Blanks under Up/Dn Loc and Up/Dn Loc Name indicate Third Party information is not applicable.,420450,ELIZTOWN/TGP VERNON NJ SUSSEX,D,SUSSEX,NJ,LDC,Z5,Z5,324,Y,A,20241011,,Y,ELIZABETHTOWN GAS COMPANY,6972236,10319,N,,,,,,20241011 12:00
1939164,TENNESSEE GAS PIPELINE,C000020,20260928 05:18,Blanks under Up/Dn Loc and Up/Dn Loc Name indicate Third Party information is not applicable.,420451,LIBERTYU/TGP SUNCOOK NH MERRIMACK,D,MERRIMACK,NH,LDC,Z6,Z6,284,Y,A,20100101,,Y,LIBERTY UTILITIES (ENERGYNORTH NATURAL GAS) CORP.,830408873,5250,N,,,,,,20200619 09:00
1939164,TENNESSEE GAS PIPELINE,C000020,20260928 05:18,Blanks under Up/Dn Loc and Up/Dn Loc Name indicate Third Party information is not applicable.,420453,CONN NG/TGP NORTH BLOOMFIELD CT HAR,D,HARTFORD,CT,LDC,Z6,Z6,355,Y,A,20181102,,Y,CONNECTICUT NATURAL GAS CORP.,1139294,19203,N,,,,,,20181103 09:00
1939164,TENNESSEE GAS PIPELINE,C000020,20260928 05:18,Blanks under Up/Dn Loc and Up/Dn Loc Name indicate Third Party information is not applicable.,420454,/TGP WAVERLEY TN PERRY,D,PERRY,TN,LDC,Z1,Z1,163,Y,A,20100101,,Y,HUMPHREYS COUNTY UTILITY DISTRICT,42937029,6505,N,,,,,,20190226 12:00
1939164,TENNESSEE GAS PIPELINE,C000020,20260928 05:18,Blanks under Up/Dn Loc and Up/Dn Loc Name indicate Third Party information is not applicable.,420462,DELTA NG/TGP DELTA FARMERS KY ROWAN,D,ROWAN,KY,LDC,Z2,Z2,187,Y,A,20211006,,Y,DELTA NATURAL GAS COMPANY INC,7779408,6458,N,,,,,,20211007 12:00
1939164,TENNESSEE GAS PIPELINE,C000020,20260928 05:18,Blanks under Up/Dn Loc and Up/Dn Loc Name indicate Third Party information is not applicable.,420464,COKINOS/TGP POWELL FARM LA FARM TAP,D,ALLEN,LA,LDC,ZL,ZL,501,N,I,,20100101,Y,COKINOS NATURAL GAS COMPANY,102658226,16063,N,,,,,,20160708 15:00
1939164,TENNESSEE GAS PIPELINE,C000020,20260928 05:18,Blanks under Up/Dn Loc and Up/Dn Loc Name indicate Third Party information is not applicable.,420466,COKINOS/TGP HOLT FARM TX WHARTON,D,WHARTON,TX,LDC,Z0,Z0,109,Y,A,20161201,,Y,COKINOS NATURAL GAS COMPANY,102658226,16063,N,,,,,,20161201 09:00
1939164,TENNESSEE GAS PIPELINE,C000020,20260928 05:18,Blanks under Up/Dn Loc and Up/Dn Loc Name indicate Third Party information is not applicable.,420467,COKINOS/TGP HOLUB FARM TEXAS WHARTO,D,WHARTON,TX,LDC,Z0,Z0,109,N,I,,20100101,Y,COKINOS NATURAL GAS COMPANY,102658226,16063,N,,,,,,20160708 15:00
1939164,TENNESSEE GAS PIPELINE,C000020,20260928 05:18,Blanks under Up/Dn Loc and Up/Dn Loc Name indicate Third Party information is not applicable.,420470,COKINOS/TGP RAS FARM TEXAS WHARTON,D,WHARTON,TX,LDC,Z0,Z0,109,N,I,,20100101,Y,COKINOS NATURAL GAS COMPANY,102658226,16063,N,,,,,,20160708 15:00
1939164,TENNESSEE GAS PIPELINE,C000020,20260928 05:18,Blanks under Up/Dn Loc and Up/Dn Loc Name indicate Third Party information is not applicable.,420473,TRUNKLNE/TGP KINDER LA EXCH JEFFERS,D,JEFFERSON DAVIS,LA,INT,ZL,ZL,822,Y,A,20251009,,Y,TRUNKLINE GAS COMPANY  LLC,7933062,4186,Y,C000251,81701,KINDER TOTAL MEASURED,,,20251014 09:00
1939164,TENNESSEE GAS PIPELINE,C000020,20260928 05:18,Blanks under Up/Dn Loc and Up/Dn Loc Name indicate Third Party information is not applicable.,420475,VINA/TGP VINA AL FRANKLIN,D,FRANKLIN,AL,LDC,Z1,Z1,548,Y,A,20100101,,Y,VINA GAS BOARD OF  THE TOWN OF,624154787,5666,N,,,,,,20160708 15:00
1939164,TENNESSEE GAS PIPELINE,C000020,20260928 05:18,Blanks under Up/Dn Loc and Up/Dn Loc Name indicate Third Party information is not applicable.,420477,CON ED/TGP KNOLLWOOD NY WESTCHESTER,D,WESTCHESTER,NY,LDC,Z5,Z5,324,Y,A,20221007,,Y,CONSOLIDATED EDISON CO OF NEW YORK INC,6982359,5642,N,,,,,,20221007 15:00
1939164,TENNESSEE GAS PIPELINE,C000020,20260928 05:18,Blanks under Up/Dn Loc and Up/Dn Loc Name indicate Third Party information is not applicable.,420479,COKINOS/TGP CATTLE TX FARM WHARTON,D,WHARTON,TX,LDC,Z0,Z0,109,Y,A,20161201,,Y,COKINOS NATURAL GAS COMPANY,102658226,16063,N,,,,,,20161201 09:00
1939164,TENNESSEE GAS PIPELINE,C000020,20260928 05:18,Blanks under Up/Dn Loc and Up/Dn Loc Name indicate Third Party information is not applicable.,420483,CORINTH/TGP CORINTH MS  2 ALCORN,D,ALCORN,MS,LDC,Z1,Z1,847,Y,A,20260408,,Y,CORINTH PUBLIC UTILITIES COMMISSION,150489151,5676,N,,,,,,20260409 15:00
1939164,TENNESSEE GAS PIPELINE,C000020,20260928 05:18,Blanks under Up/Dn Loc and Up/Dn Loc Name indicate Third Party information is not applicable.,420485,COLLINWD/TGP COLLINWOOD TN WAYNE,D,WAYNE,TN,LDC,Z1,Z1,548,Y,A,20100101,,Y,COLLINWOOD  CITY OF,19373992,5657,N,,,,,,20160708 15:00
1939164,TENNESSEE GAS PIPELINE,C000020,20260928 05:18,Blanks under Up/Dn Loc and Up/Dn Loc Name indicate Third Party information is not applicable.,420486,CENTRVIL/TGP CENTERVILLE ONLY TN SA,D,HICKMAN,TN,LDC,Z1,Z1,163,Y,A,20100101,,Y,CENTERVILLE  TOWN OF,77643716,6484,N,,,,,,20160609 15:00
1939164,TENNESSEE GAS PIPELINE,C000020,20260928 05:18,Blanks under Up/Dn Loc and Up/Dn Loc Name indicate Third Party information is not applicable.,420487,CONN NG/TGP FARMINGTON CT HARTFORD,D,HARTFORD,CT,LDC,Z6,Z6,355,Y,A,20200201,,Y,CONNECTICUT NATURAL GAS CORP.,1139294,19203,N,,,,,,20200203 12:00
1939164,TENNESSEE GAS PIPELINE,C000020,20260928 05:18,Blanks under Up/Dn Loc and Up/Dn Loc Name indicate Third Party information is not applicable.,420490,CONN NG/TGP WEST PORT CT FAIRFIELD,D,FAIRFIELD,CT,LDC,Z6,Z6,336,Y,A,20230418,,Y,CONNECTICUT NATURAL GAS CORP.,1139294,19203,N,,,,,,20230418 15:00
1939164,TENNESSEE GAS PIPELINE,C000020,20260928 05:18,Blanks under Up/Dn Loc and Up/Dn Loc Name indicate Third Party information is not applicable.,420493,COKINOS/TGP MALLETT FARM LA JEFFERS,D,JEFFERSON DAVIS,LA,LDC,ZL,ZL,910,Y,I,,20260410,Y,COKINOS NATURAL GAS COMPANY,102658226,16063,N,,,,,,20260410 12:00
1939164,TENNESSEE GAS PIPELINE,C000020,20260928 05:18,Blanks under Up/Dn Loc and Up/Dn Loc Name indicate Third Party information is not applicable.,420496,NFG/TGP SHARON PA MERCER,D,MERCER,PA,INT,Z4,Z4,217,Y,A,20260408,,Y,NATIONAL FUEL GAS SUPPLY CORP,7912959,6313,Y,C000046,420496,SHARON,,,20260409 15:00
1939164,TENNESSEE GAS PIPELINE,C000020,20260928 05:18,Blanks under Up/Dn Loc and Up/Dn Loc Name indicate Third Party information is not applicable.,420497,NFG/TGP CLARENCE NY ERIE,D,ERIE,NY,INT,Z5,Z5,295,Y,A,20140301,,Y,NATIONAL FUEL GAS SUPPLY CORP,7912959,6313,Y,C000046,420497,CLARENCE,,,20160401 10:05
1939164,TENNESSEE GAS PIPELINE,C000020,20260928 05:18,Blanks under Up/Dn Loc and Up/Dn Loc Name indicate Third Party information is not applicable.,420502,EGTS/TGP MARILLA NY ERIE,D,ERIE,NY,INT,Z5,Z5,295,Y,A,20130911,,Y,EASTERN GAS TRANSMISSION AND STORAGE  INC.,116025180,3531,Y,C000160,40113,TGP - MARILLA,,,20210301 09:00
1939164,TENNESSEE GAS PIPELINE,C000020,20260928 05:18,Blanks under Up/Dn Loc and Up/Dn Loc Name indicate Third Party information is not applicable.,420506,ATMOS-MS/TGP HOLCOMB MS GRENADA,D,GRENADA,MS,LDC,Z1,Z1,834,Y,A,20100101,,Y,ATMOS ENERGY CORPORATION - MISS DIVISION,6964415,6522,N,,,,,,20160708 15:00
1939164,TENNESSEE GAS PIPELINE,C000020,20260928 05:18,Blanks under Up/Dn Loc and Up/Dn Loc Name indicate Third Party information is not applicable.,420509,NSTAR/TGP HOPKINTON MIDDLESEX,D,MIDDLESEX,MA,LDC,Z6,Z6,266,Y,A,20250407,,Y,NSTAR GAS COMPANY  DBA EVERSOURCE ENERGY,75345678,6072,N,,,,,,20250408 09:00
1939164,TENNESSEE GAS PIPELINE,C000020,20260928 05:18,Blanks under Up/Dn Loc and Up/Dn Loc Name indicate Third Party information is not applicable.,420513,COASTENG/TGP BENDER TEXAS GAS LIFT,D,MONTGOMERY,TX,OTH,Z0,Z0,117,N,I,,20110317,Y,COAST ENERGY GROUP,363703141,15533,N,,,,,,20160628 09:00
1939164,TENNESSEE GAS PIPELINE,C000020,20260928 05:18,Blanks under Up/Dn Loc and Up/Dn Loc Name indicate Third Party information is not applicable.,420516,PSEG/TGP RINGWOOD NJ PASSAIC,D,PASSAIC,NJ,LDC,Z5,Z5,324,Y,A,20100101,,Y,PUBLIC SERVICE ELECTRIC & GAS COMPANY,6973812,6089,N,,,,,,20160616 12:00
1939164,TENNESSEE GAS PIPELINE,C000020,20260928 05:18,Blanks under Up/Dn Loc and Up/Dn Loc Name indicate Third Party information is not applicable.,420526,HONEOYE/TGP UDP HONEOYE NEW YORK ON,B,ONTARIO,NY,STR,Z5,Z5,233,Y,A,20100101,,Y,HONEOYE STORAGE CORPORATION,69342004,6086,Y,C001932,420526,HONEOYE/TGP UDP HONEOYE NEW YORK ON,,,20160607 09:00
1939164,TENNESSEE GAS PIPELINE,C000020,20260928 05:18,Blanks under Up/Dn Loc and Up/Dn Loc Name indicate Third Party information is not applicable.,420527,NFG/TGP ROSE LAKE POTTER,B,POTTER,PA,INT,Z4,Z4,397,Y,A,20100101,,Y,NATIONAL FUEL GAS SUPPLY CORP,7912959,6313,Y,C000046,420527,ROSE LAKE,,,20160401 10:05
1939164,TENNESSEE GAS PIPELINE,C000020,20260928 05:18,Blanks under Up/Dn Loc and Up/Dn Loc Name indicate Third Party information is not applicable.,420530,DELTA LA/TGP GLENMORA LA EXCH RAPID,D,RAPIDES,LA,LDC,ZL,ZL,823,Y,A,20161012,,Y,DELTA SOUTH LOUISIANA GAS COMPANY  LLC,119375212,11483,N,,,,,,20250605 12:00
1939164,TENNESSEE GAS PIPELINE,C000020,20260928 05:18,Blanks under Up/Dn Loc and Up/Dn Loc Name indicate Third Party information is not applicable.,420532,BOSTN/TGP WILMINGTON MA MIDDLESEX,D,MIDDLESEX,MA,LDC,Z6,Z6,268,N,A,20100101,,Y,BOSTON GAS COMPANY D/B/A NATIONAL GRID,6951586,26177,Y,C001659,,20532 WILMINGTON,,,20231114 09:00
1939164,TENNESSEE GAS PIPELINE,C000020,20260928 05:18,Blanks under Up/Dn Loc and Up/Dn Loc Name indicate Third Party information is not applicable.,420542,PEOPLES/TGP PULASKI SALES MERCER,D,MERCER,PA,LDC,Z4,Z4,217,Y,A,20100101,,Y,PEOPLES NATURAL GAS COMPANY,7916208,1216,Y,C002105,420542,PEOPLES/TGP PULASKI SALES,,,20160607 15:00
1939164,TENNESSEE GAS PIPELINE,C000020,20260928 05:18,Blanks under Up/Dn Loc and Up/Dn Loc Name indicate Third Party information is not applicable.,420546,TGP/SNG ROSE HILL MISS CLARKE,B,CLARKE,MS,INT,Z1,Z1,539,Y,A,20100101,,Y,TENNESSEE GAS PIPELINE COMPANY  L.L.C.,1939164,4052,Y,C000020,420546,SNG/TGP ROSE HILL MISS CLARKE,,,20241101 09:00
1939164,TENNESSEE GAS PIPELINE,C000020,20260928 05:18,Blanks under Up/Dn Loc and Up/Dn Loc Name indicate Third Party information is not applicable.,420556,TGP/SNG TOCA EXCHANGE ST BERNARD,B,ST BERNARD,LA,INT,ZL,ZL,529,Y,A,20100101,,Y,TENNESSEE GAS PIPELINE COMPANY  L.L.C.,1939164,4052,Y,C000020,420556,SNG/TGP TOCA EXCHANGE ST BERNARD,,,20241101 09:00
1939164,TENNESSEE GAS PIPELINE,C000020,20260928 05:18,Blanks under Up/Dn Loc and Up/Dn Loc Name indicate Third Party information is not applicable.,420572,BOSTN/TGP DRACUT MA MIDDLESEX,D,MIDDLESEX,MA,LDC,Z6,Z6,284,N,A,20100101,,Y,BOSTON GAS COMPANY D/B/A NATIONAL GRID,6951586,26177,Y,C001659,,20572 DRACUT,,,20231114 09:00
1939164,TENNESSEE GAS PIPELINE,C000020,20260928 05:18,Blanks under Up/Dn Loc and Up/Dn Loc Name indicate Third Party information is not applicable.,420577,FLORENC/TGP FLORENCE AL SALES LAUDE,D,LAUDERDALE,AL,LDC,Z1,Z1,548,N,A,20100101,,Y,CITY OF FLORENCE GAS DEPARTMENT,616925293,6039,N,,,,,,20230802 09:00
1939164,TENNESSEE GAS PIPELINE,C000020,20260928 05:18,Blanks under Up/Dn Loc and Up/Dn Loc Name indicate Third Party information is not applicable.,420581,BDWKLAGT/TGP BECKWITH CREEK CALCASI,D,CALCASIEU,LA,INT,ZL,ZL,820,Y,A,20241011,,Y,BOARDWALK LOUISIANA GAS TRANSMISSION LLC,118287835,10919,N,,,,,,20241011 12:00
1939164,TENNESSEE GAS PIPELINE,C000020,20260928 05:18,Blanks under Up/Dn Loc and Up/Dn Loc Name indicate Third Party information is not applicable.,420600,SPIR TEN/TGP WHITE HOUSE TN SALES R,D,ROBERTSON,TN,LDC,Z1,Z1,860,Y,A,20131106,,Y,SPIRE TENNESSEE INC.,144918717,11667,N,,,,,,20260401 12:00
1939164,TENNESSEE GAS PIPELINE,C000020,20260928 05:18,Blanks under Up/Dn Loc and Up/Dn Loc Name indicate Third Party information is not applicable.,420608,NJ NATGS/TGP NEW CLINTON ROAD NJ BE,D,BERGEN,NJ,LDC,Z5,Z5,324,Y,A,20200210,,Y,NEW JERSEY NATURAL GAS COMPANY,61843553,17226,N,,,,,,20200211 15:00
1939164,TENNESSEE GAS PIPELINE,C000020,20260928 05:18,Blanks under Up/Dn Loc and Up/Dn Loc Name indicate Third Party information is not applicable.,420610,SPIR TEN/TGP FAIRVIEW TN DICKSON,D,DICKSON,TN,LDC,Z1,Z1,860,Y,A,20100101,,Y,SPIRE TENNESSEE INC.,144918717,11667,N,,,,,,20260401 12:00
1939164,TENNESSEE GAS PIPELINE,C000020,20260928 05:18,Blanks under Up/Dn Loc and Up/Dn Loc Name indicate Third Party information is not applicable.,420611,BOSTN/TGP ACTON SALES MIDDLESEX,D,MIDDLESEX,MA,LDC,Z6,Z6,267,N,A,20251009,,Y,BOSTON GAS COMPANY D/B/A NATIONAL GRID,6951586,26177,Y,C001659,,20611 ACTON,,,20251014 09:00
1939164,TENNESSEE GAS PIPELINE,C000020,20260928 05:18,Blanks under Up/Dn Loc and Up/Dn Loc Name indicate Third Party information is not applicable.,420615,MTNEER/TGP ST  ALBAN SALES KANAWHA,D,KANAWHA,WV,LDC,Z3,Z3,114,Y,A,20140301,,Y,MOUNTAINEER GAS COMPANY,112746458,19227,N,,,,,,20160708 15:00
1939164,TENNESSEE GAS PIPELINE,C000020,20260928 05:18,Blanks under Up/Dn Loc and Up/Dn Loc Name indicate Third Party information is not applicable.,420616,ENTGY-NO/TGP LAKE BORGNE TRANSPORT,D,ST BERNARD,LA,INT,ZL,ZL,530,N,I,,20100101,Y,ENTERGY NEW ORLEANS  INC.,6947824,6545,N,,,,,,20241101 09:00
1939164,TENNESSEE GAS PIPELINE,C000020,20260928 05:18,Blanks under Up/Dn Loc and Up/Dn Loc Name indicate Third Party information is not applicable.,420617,EGTS/TGP HOPEWELL SALES ONTARIO,D,ONTARIO,NY,INT,Z5,Z5,233,Y,A,20260408,,Y,EASTERN GAS TRANSMISSION AND STORAGE  INC.,116025180,3531,Y,C000160,40110,TGP - HOPEWELL,,,20260409 15:00
1939164,TENNESSEE GAS PIPELINE,C000020,20260928 05:18,Blanks under Up/Dn Loc and Up/Dn Loc Name indicate Third Party information is not applicable.,420627,MTNEER/TGP CABELL TRANSPORT CABELL,D,CABELL,WV,LDC,Z3,Z3,114,Y,A,20200225,,Y,MOUNTAINEER GAS COMPANY,112746458,19227,N,,,,,,20200225 12:00
1939164,TENNESSEE GAS PIPELINE,C000020,20260928 05:18,Blanks under Up/Dn Loc and Up/Dn Loc Name indicate Third Party information is not applicable.,420629,ELIZ NG/TGP OAKDALE DETENTION SALES,D,ALLEN,LA,LDC,ZL,ZL,823,Y,A,20150710,,Y,ELIZABETH NATURAL GAS  INC.,5608732,6119,N,,,,,,20160616 12:00
1939164,TENNESSEE GAS PIPELINE,C000020,20260928 05:18,Blanks under Up/Dn Loc and Up/Dn Loc Name indicate Third Party information is not applicable.,420631,EVRSRC/TGP BROCKTON SALES WORCHESTE,D,WORCHESTER,MA,LDC,Z6,Z6,282,Y,A,20181102,,Y,EVERSOURCE GAS COMPANY OF MASSACHUSETTS DBA EVERSOURCE ENERG,117584378,19154,N,,,,,,20210826 09:00
1939164,TENNESSEE GAS PIPELINE,C000020,20260928 05:18,Blanks under Up/Dn Loc and Up/Dn Loc Name indicate Third Party information is not applicable.,420632,LIBERTYU/TGP LONDONDERRY SALES ROCK,D,ROCKINGHAM,NH,LDC,Z6,Z6,284,Y,A,20191002,,Y,LIBERTY UTILITIES (ENERGYNORTH NATURAL GAS) CORP.,830408873,5250,N,,,,,,20200619 09:00
1939164,TENNESSEE GAS PIPELINE,C000020,20260928 05:18,Blanks under Up/Dn Loc and Up/Dn Loc Name indicate Third Party information is not applicable.,420636,HESS/TGP BELDEN AND BLAKE SALES CAR,D,CARROLL,OH,INT,Z4,Z4,214,Y,A,20100101,,Y,HESS CORPORATION,6979785,15004,N,,,,,,20160401 10:05
1939164,TENNESSEE GAS PIPELINE,C000020,20260928 05:18,Blanks under Up/Dn Loc and Up/Dn Loc Name indicate Third Party information is not applicable.,420637,YANK GAS/TGP EAST GRANBY SALES HART,D,HARTFORD,CT,LDC,Z6,Z6,355,Y,A,20100101,,Y,YANKEE GAS SERVICES COMPANY  DBA EVERSOURCE ENERGY,361667371,5619,Y,C001021,420637,EAST GRANBY CT,,,20181101 12:00
1939164,TENNESSEE GAS PIPELINE,C000020,20260928 05:18,Blanks under Up/Dn Loc and Up/Dn Loc Name indicate Third Party information is not applicable.,420638,BERKSHR/TGP WEST PITTSFIELD SALES B,D,BERKSHIRE,MA,LDC,Z6,Z6,256,Y,A,20171011,,Y,THE BERKSHIRE GAS COMPANY,6955587,5111,N,,,,,,20171011 15:01
1939164,TENNESSEE GAS PIPELINE,C000020,20260928 05:18,Blanks under Up/Dn Loc and Up/Dn Loc Name indicate Third Party information is not applicable.,420641,BBTMISS/TGP ENDEVCO SUNRISE SALES F,D,FORREST,MS,INT,Z1,Z1,534,Y,A,20160407,,Y,BBT MISSISSIPPI  LLC,117360182,10710,N,,,,,,20210129 12:00
1939164,TENNESSEE GAS PIPELINE,C000020,20260928 05:18,Blanks under Up/Dn Loc and Up/Dn Loc Name indicate Third Party information is not applicable.,420642,NYSEG/TGP RUSHVILLE SALES YATES,D,YATES,NY,LDC,Z5,Z5,299,Y,A,20130902,,Y,NEW YORK STATE ELECTRIC AND GAS CORPORATION,41866497,25550,Y,C000621,,RUSHVILLE,,,20260610 15:00
1939164,TENNESSEE GAS PIPELINE,C000020,20260928 05:18,Blanks under Up/Dn Loc and Up/Dn Loc Name indicate Third Party information is not applicable.,420643,CENTRVIL/TGP BATES CROSSING HICKMAN,D,HICKMAN,TN,LDC,Z1,Z1,860,Y,A,20100101,,Y,CENTERVILLE  TOWN OF,77643716,6484,N,,,,,,20160609 15:00
1939164,TENNESSEE GAS PIPELINE,C000020,20260928 05:18,Blanks under Up/Dn Loc and Up/Dn Loc Name indicate Third Party information is not applicable.,420644,NYSEG/TGP PRATTSBURG SALES STEUBEN,D,STEUBEN,NY,LDC,Z5,Z5,299,Y,A,20100101,,Y,NEW YORK STATE ELECTRIC AND GAS CORPORATION,41866497,25550,Y,C000621,,PRATTSBURG DILLENBECK,,,20160607 09:00
1939164,TENNESSEE GAS PIPELINE,C000020,20260928 05:18,Blanks under Up/Dn Loc and Up/Dn Loc Name indicate Third Party information is not applicable.,420646,N ALAGAS/TGP CHEROKEE AL SALES  2 C,D,COLBERT,AL,LDC,Z1,Z1,548,Y,A,20200210,,Y,NORTH ALABAMA GAS DISTRICT,61141453,5671,N,,,,,,20200211 15:00
1939164,TENNESSEE GAS PIPELINE,C000020,20260928 05:18,Blanks under Up/Dn Loc and Up/Dn Loc Name indicate Third Party information is not applicable.,420652,LSTOCKNG/TGP WYALUSING SALES BRADFO,D,BRADFORD,PA,LDC,Z4,Z4,318,Y,A,20250911,,Y,LEATHERSTOCKING GAS COMPANY  LLC,79782474,9456,N,,,,,,20250911 09:00
1939164,TENNESSEE GAS PIPELINE,C000020,20260928 05:18,Blanks under Up/Dn Loc and Up/Dn Loc Name indicate Third Party information is not applicable.,420653,SPRNGFLD/TGP ROCK SPRINGS SALES ROB,D,ROBERTSON,TN,LDC,Z1,Z1,163,Y,A,20100101,,Y,SPRINGFIELD  CITY OF,93149573,6493,N,,,,,,20160708 15:00
1939164,TENNESSEE GAS PIPELINE,C000020,20260928 05:18,Blanks under Up/Dn Loc and Up/Dn Loc Name indicate Third Party information is not applicable.,420654,SPRNGFLD/TGP CROSS PLAINS SALES ROB,D,ROBERTSON,TN,LDC,Z1,Z1,163,Y,A,20100101,,Y,SPRINGFIELD  CITY OF,93149573,6493,N,,,,,,20160708 15:00
1939164,TENNESSEE GAS PIPELINE,C000020,20260928 05:18,Blanks under Up/Dn Loc and Up/Dn Loc Name indicate Third Party information is not applicable.,420658,MMWEC/TGP PEABODY SALES ESSEX,D,ESSEX,MA,LDC,Z6,Z6,268,Y,A,20100101,,Y,MASSACHUSETTS MUNICIPAL WHOLESALE ELECTRIC COMPANY,71724900,6085,N,,,20658 PEABODY SALES,,,20240401 09:00
1939164,TENNESSEE GAS PIPELINE,C000020,20260928 05:18,Blanks under Up/Dn Loc and Up/Dn Loc Name indicate Third Party information is not applicable.,420661,LINDEN/TGP LICK CREEK SALES PERRY,D,PERRY,TN,LDC,Z1,Z1,163,Y,A,20100101,,Y,LINDEN  CITY OF,15093065,6503,N,,,,,,20160708 15:00
1939164,TENNESSEE GAS PIPELINE,C000020,20260928 05:18,Blanks under Up/Dn Loc and Up/Dn Loc Name indicate Third Party information is not applicable.,420662,UTILMGMT/TGP PONTOTOC MS SALES  2 L,D,LAFAYETTE,MS,LDC,Z1,Z1,847,Y,A,20100101,,Y,UTILITY MANAGEMENT CORPORATION,787237718,6529,N,,,,,,20160708 15:00
1939164,TENNESSEE GAS PIPELINE,C000020,20260928 05:18,Blanks under Up/Dn Loc and Up/Dn Loc Name indicate Third Party information is not applicable.,420663,PORTLAND/TGP PORTLAND SALES  2 ROBE,D,ROBERTSON,TN,LDC,Z1,Z1,860,Y,A,20100101,,Y,PORTLAND  TENNESSEE  CITY OF,95676524,6542,N,,,,,,20160708 15:00
1939164,TENNESSEE GAS PIPELINE,C000020,20260928 05:18,Blanks under Up/Dn Loc and Up/Dn Loc Name indicate Third Party information is not applicable.,420666,SE NGAS/TGP BROWN S RUN MORGAN,D,MORGAN,OH,LDC,Z4,Z4,204,Y,A,20100101,,Y,SOUTHEASTERN NATURAL GAS COMPANY,616911889,5979,N,,,,,,20160708 15:00
1939164,TENNESSEE GAS PIPELINE,C000020,20260928 05:18,Blanks under Up/Dn Loc and Up/Dn Loc Name indicate Third Party information is not applicable.,420687,ELIZ NG/TGP ALLEN PARISH PRISON SAL,D,ALLEN,LA,LDC,ZL,ZL,823,Y,A,20100101,,Y,ELIZABETH NATURAL GAS  INC.,5608732,6119,N,,,,,,20160616 12:00
1939164,TENNESSEE GAS PIPELINE,C000020,20260928 05:18,Blanks under Up/Dn Loc and Up/Dn Loc Name indicate Third Party information is not applicable.,420688,EGTS/TGP LAKEVILLE SALES LIVINGSTON,D,LIVINGSTON,NY,INT,Z5,Z5,233,Y,A,20260408,,Y,EASTERN GAS TRANSMISSION AND STORAGE  INC.,116025180,3531,Y,C000160,40106,TGP  EAST AVON / LAKEVILLE,,,20260409 15:00
1939164,TENNESSEE GAS PIPELINE,C000020,20260928 05:18,Blanks under Up/Dn Loc and Up/Dn Loc Name indicate Third Party information is not applicable.,420689,SIPCO/TGP WHARTON REDELIVERY WHARTO,D,WHARTON,TX,INT,Z0,Z0,109,N,I,,20100101,Y,SIPCO GAS TRANSMISSION CORPORATION,791408198,17819,Y,C002816,420689,WHARTON REDELIVERY,,,20220216 12:00
1939164,TENNESSEE GAS PIPELINE,C000020,20260928 05:18,Blanks under Up/Dn Loc and Up/Dn Loc Name indicate Third Party information is not applicable.,420690,EGTS/TGP NORTH SHELDON SALES WYOMIN,D,WYOMING,NY,INT,Z5,Z5,230,Y,A,20140301,,Y,EASTERN GAS TRANSMISSION AND STORAGE  INC.,116025180,3531,Y,C000160,40115,TGP  NORTH SHELDON,,,20210301 09:00
1939164,TENNESSEE GAS PIPELINE,C000020,20260928 05:18,Blanks under Up/Dn Loc and Up/Dn Loc Name indicate Third Party information is not applicable.,420693,SPIREMS/TGP HATTIESBURG SALES FORRE,D,FORREST,MS,LDC,Z1,Z1,534,Y,A,20140619,,Y,SPIRE MISSISSIPPI INC.,6964175,5846,N,,,,,,20171013 12:00
1939164,TENNESSEE GAS PIPELINE,C000020,20260928 05:18,Blanks under Up/Dn Loc and Up/Dn Loc Name indicate Third Party information is not applicable.,420694,WESTL CE/TGP MISSISSIPPI TRANSPORT,D,MONROE,MS,END,Z1,Z1,542,Y,A,20100101,,Y,WESTLAKE CHEMICAL ENERGY LLC,81260799,10377,N,,,,,,20180731 15:00
1939164,TENNESSEE GAS PIPELINE,C000020,20260928 05:18,Blanks under Up/Dn Loc and Up/Dn Loc Name indicate Third Party information is not applicable.,420696,AMMID TN/TGP BARTON TRANSPORT COLBE,D,COLBERT,AL,INT,Z1,Z1,548,N,I,,20170401,Y,AMERICAN MIDSTREAM (TENNESSEE RIVER)  LLC,621916535,6513,N,,,,,,20170420 12:00
1939164,TENNESSEE GAS PIPELINE,C000020,20260928 05:18,Blanks under Up/Dn Loc and Up/Dn Loc Name indicate Third Party information is not applicable.,420702,HATBG GS/TGP PETAL MISS STG TRANS F,B,FORREST,MS,STR,Z1,Z1,534,N,I,,20200501,Y,HATTIESBURG GAS STORAGE COMPANY,614956803,6626,N,,,,,,20200504 15:00
1939164,TENNESSEE GAS PIPELINE,C000020,20260928 05:18,Blanks under Up/Dn Loc and Up/Dn Loc Name indicate Third Party information is not applicable.,420703,LEXINGTN/TGP SOUTH LEXINGTON TENNES,D,HENDERSON,TN,LDC,Z1,Z1,163,N,A,20100101,,Y,LEXINGTON GAS SYSTEM,126822733,6500,N,,,,,,20160616 12:00
1939164,TENNESSEE GAS PIPELINE,C000020,20260928 05:18,Blanks under Up/Dn Loc and Up/Dn Loc Name indicate Third Party information is not applicable.,420704,CLDNIA N/TGP CALEDONIA MS LOWNDES,D,LOWNDES,MS,LDC,Z1,Z1,542,Y,A,20231006,,Y,CALEDONIA NATURAL GAS DISTRICT,782861884,6428,N,,,,,,20231006 15:00
1939164,TENNESSEE GAS PIPELINE,C000020,20260928 05:18,Blanks under Up/Dn Loc and Up/Dn Loc Name indicate Third Party information is not applicable.,420705,CORINTH/TGP NORTH CORINTH MS ALCORN,D,ALCORN,MS,LDC,Z1,Z1,847,Y,A,20260408,,Y,CORINTH PUBLIC UTILITIES COMMISSION,150489151,5676,N,,,,,,20260409 15:00
1939164,TENNESSEE GAS PIPELINE,C000020,20260928 05:18,Blanks under Up/Dn Loc and Up/Dn Loc Name indicate Third Party information is not applicable.,420706,TEAC/TGP CLIFTON SALES WAYNE,D,WAYNE,TN,LDC,Z1,Z1,847,Y,A,20100101,,Y,TENNESSEE ENERGY ACQUISITION CORPORATION,968138156,6482,N,,,,,,20170329 15:00
1939164,TENNESSEE GAS PIPELINE,C000020,20260928 05:18,Blanks under Up/Dn Loc and Up/Dn Loc Name indicate Third Party information is not applicable.,420707,OCEAN ST/TGP PRO,D,PROVIDENCE,RI,EGN,Z6,Z6,281,Y,A,20160406,,Y,OCEAN STATE POWER,931391239,5617,N,,,,,,20241216 15:00
1939164,TENNESSEE GAS PIPELINE,C000020,20260928 05:18,Blanks under Up/Dn Loc and Up/Dn Loc Name indicate Third Party information is not applicable.,420708,ELIZ NG/TGP GRANT LA SALES ALLEN,D,ALLEN,LA,LDC,ZL,ZL,501,Y,A,20100101,,Y,ELIZABETH NATURAL GAS  INC.,5608732,6119,N,,,,,,20160616 12:00
1939164,TENNESSEE GAS PIPELINE,C000020,20260928 05:18,Blanks under Up/Dn Loc and Up/Dn Loc Name indicate Third Party information is not applicable.,420712,ENT MS/TGP POWER RIVERS SALES WASHI,D,WASHINGTON,MS,EGN,Z1,Z1,143,Y,A,20190401,,Y,ENTERGY MISSISSIPPI  INC.,6964381,6521,N,,,,,,20211214 15:00
1939164,TENNESSEE GAS PIPELINE,C000020,20260928 05:18,Blanks under Up/Dn Loc and Up/Dn Loc Name indicate Third Party information is not applicable.,420713,DELTAMS/TGP STENNIS SALES HANCOCK,D,HANCOCK,MS,LDC,ZL,ZL,530,Y,A,20100101,,Y,DELTA MISSISSIPPI GAS COMPANY  LLC,119371580,11417,N,,,,,,20250605 12:00
1939164,TENNESSEE GAS PIPELINE,C000020,20260928 05:18,Blanks under Up/Dn Loc and Up/Dn Loc Name indicate Third Party information is not applicable.,420714,DELTAMS/TGP LAUREL SALES JONES,D,JONES,MS,LDC,Z1,Z1,534,Y,A,20100101,,Y,DELTA MISSISSIPPI GAS COMPANY  LLC,119371580,11417,N,,,,,,20250625 12:00
1939164,TENNESSEE GAS PIPELINE,C000020,20260928 05:18,Blanks under Up/Dn Loc and Up/Dn Loc Name indicate Third Party information is not applicable.,420717,PITTCORN/TGP PITTSBURGH CORNING SAL,D,MC KEAN,PA,END,Z4,Z4,307,N,I,,20170701,Y,PITTSBURGH CORNING  LLC,4337325,4882,N,,,,,,20190405 15:00
1939164,TENNESSEE GAS PIPELINE,C000020,20260928 05:18,Blanks under Up/Dn Loc and Up/Dn Loc Name indicate Third Party information is not applicable.,420719,SPIREMS/TGP CAMP SHELBY FORREST,D,FORREST,MS,LDC,Z1,Z1,534,Y,A,20100101,,Y,SPIRE MISSISSIPPI INC.,6964175,5846,N,,,,,,20171013 12:00
1939164,TENNESSEE GAS PIPELINE,C000020,20260928 05:18,Blanks under Up/Dn Loc and Up/Dn Loc Name indicate Third Party information is not applicable.,420722,GRANSTGT/TGP SALEM SALES ROCKINGHAM,D,ROCKINGHAM,NH,INT,Z6,Z6,284,Y,A,20100101,,Y,GRANITE STATE GAS TRANSMISSION INC,874252380,6073,Y,C001244,,SALEM GATE,,,20190221 12:00
1939164,TENNESSEE GAS PIPELINE,C000020,20260928 05:18,Blanks under Up/Dn Loc and Up/Dn Loc Name indicate Third Party information is not applicable.,420723,ETP/TGP CARTHAGE GAS UNIT 13 PANOLA,B,PANOLA,TX,INT,Z0,Z0,700,Y,A,20100101,,Y,ENTERPRISE TEXAS PIPELINE LLC,615855160,3260,Y,C000924,321700,ENTERPRISE DEL TO TGP,323700,ENTERPRISE REC FROM TGP,20200825 09:00
1939164,TENNESSEE GAS PIPELINE,C000020,20260928 05:18,Blanks under Up/Dn Loc and Up/Dn Loc Name indicate Third Party information is not applicable.,420726,DELTAMS/TGP LAUREL SALES  2 JONES,D,JONES,MS,LDC,Z1,Z1,534,Y,A,20100101,,Y,DELTA MISSISSIPPI GAS COMPANY  LLC,119371580,11417,N,,,,,,20250605 12:00
1939164,TENNESSEE GAS PIPELINE,C000020,20260928 05:18,Blanks under Up/Dn Loc and Up/Dn Loc Name indicate Third Party information is not applicable.,420728,E OH GAS/TGP AUGUSTA SALES CARROLL,B,CARROLL,OH,LDC,Z4,Z4,214,Y,A,20140301,,Y,THE EAST OHIO GAS COMPANY:  D/B/A/ DOMINION ENERGY OHIO,7900475,6032,Y,C001002,ML002,TENNESSEE GAS PIPELINE - CARROLL COUNTY,,,20170713 12:00
1939164,TENNESSEE GAS PIPELINE,C000020,20260928 05:18,Blanks under Up/Dn Loc and Up/Dn Loc Name indicate Third Party information is not applicable.,420730,NFG/TGP CRANBERRY SMS VENANGO,D,VENANGO,PA,INT,Z4,Z4,300,Y,A,20140301,,Y,NATIONAL FUEL GAS SUPPLY CORP,7912959,6313,Y,C000046,420730,CRANBERRY SALES,,,20160401 10:05
1939164,TENNESSEE GAS PIPELINE,C000020,20260928 05:18,Blanks under Up/Dn Loc and Up/Dn Loc Name indicate Third Party information is not applicable.,420731,SELKIRK/TGP SELKIRK SMS ALBANY,D,ALBANY,NY,EGN,Z5,Z5,249,Y,A,20170406,,Y,SELKIRK COGEN PARTNERS  L. P.,787327881,6418,N,,,,,,20211214 15:00
1939164,TENNESSEE GAS PIPELINE,C000020,20260928 05:18,Blanks under Up/Dn Loc and Up/Dn Loc Name indicate Third Party information is not applicable.,420732,POA/TGP SYRACUSE COGEN SALES ONONDA,D,ONONDAGA,NY,END,Z5,Z5,241,Y,A,20260408,,Y,PROJECT ORANGE ASSOCIATES LLC,826388647,6141,N,,,,,,20260409 15:00
1939164,TENNESSEE GAS PIPELINE,C000020,20260928 05:18,Blanks under Up/Dn Loc and Up/Dn Loc Name indicate Third Party information is not applicable.,420733,DELTA NG/TGP DELTA KINDER HILDA SAL,D,ROWAN,KY,LDC,Z2,Z2,187,Y,A,20100101,,Y,DELTA NATURAL GAS COMPANY INC,7779408,6458,N,,,,,,20160616 12:00
1939164,TENNESSEE GAS PIPELINE,C000020,20260928 05:18,Blanks under Up/Dn Loc and Up/Dn Loc Name indicate Third Party information is not applicable.,420736,CALGON/TGP PEARL RIVER PLANT HANCOC,D,HANCOCK,MS,END,ZL,ZL,530,Y,A,20100101,,Y,CALGON CARBON CORP,4319810,6310,N,,,,,,20241101 09:00
1939164,TENNESSEE GAS PIPELINE,C000020,20260928 05:18,Blanks under Up/Dn Loc and Up/Dn Loc Name indicate Third Party information is not applicable.,420739,SHELL/TGP HARRISON CO GEN SALES NIA,D,NIAGARA,NY,EGN,Z5,Z5,295,Y,A,20251009,,Y,SHELL ENERGY NORTH AMERICA (US)  L.P.,837565548,1073,N,,,,,,20251014 09:00
1939164,TENNESSEE GAS PIPELINE,C000020,20260928 05:18,Blanks under Up/Dn Loc and Up/Dn Loc Name indicate Third Party information is not applicable.,420746,NYSEG/TGP WALLACE SALES STEUBEN,D,STEUBEN,NY,LDC,Z5,Z5,299,Y,A,20260624,,Y,NEW YORK STATE ELECTRIC AND GAS CORPORATION,41866497,25550,Y,C000621,,WALLACE,,,20260624 12:00
1939164,TENNESSEE GAS PIPELINE,C000020,20260928 05:18,Blanks under Up/Dn Loc and Up/Dn Loc Name indicate Third Party information is not applicable.,420747,BERKSHR/TGP BOUSQUET SMS BERKSHIRE,D,BERKSHIRE,MA,EGN,Z6,Z6,256,Y,A,20160406,,Y,THE BERKSHIRE GAS COMPANY,6955587,5111,N,,,,,,20211214 15:00
1939164,TENNESSEE GAS PIPELINE,C000020,20260928 05:18,Blanks under Up/Dn Loc and Up/Dn Loc Name indicate Third Party information is not applicable.,420749,CRANBERY/TGP CRANBERRY SALES KANAWH,D,KANAWHA,WV,INT,Z3,Z3,114,Y,A,20180420,,Y,CRANBERRY PIPELINE CORP,53455242,6087,Y,C000941,420749,MARTINS BRANCH,,,20180424 15:00
1939164,TENNESSEE GAS PIPELINE,C000020,20260928 05:18,Blanks under Up/Dn Loc and Up/Dn Loc Name indicate Third Party information is not applicable.,420750,NARNGST/TGP CRANSTON SALES PROVIDEN,D,PROVIDENCE,RI,LDC,Z6,Z6,281,Y,A,20140301,,Y,THE NARRAGANSETT ELECTRIC COMPANY D/B/A RHODE ISLAND ENERGY,1193655,5112,Y,C001660,,20750 CRANSTON,,,20220711 10:09
1939164,TENNESSEE GAS PIPELINE,C000020,20260928 05:18,Blanks under Up/Dn Loc and Up/Dn Loc Name indicate Third Party information is not applicable.,420751,EVRSRC/TGP MONSON SALES HAMPDEN,D,HAMPDEN,MA,EGN,Z6,Z6,261,Y,A,20181102,,Y,EVERSOURCE GAS COMPANY OF MASSACHUSETTS DBA EVERSOURCE ENERG,117584378,19154,N,,,,,,20211214 15:00
1939164,TENNESSEE GAS PIPELINE,C000020,20260928 05:18,Blanks under Up/Dn Loc and Up/Dn Loc Name indicate Third Party information is not applicable.,420753,SPIR TEN/TGP GREEN LUMBER CO. STATI,D,ROBERTSON,TN,LDC,Z1,Z1,860,Y,A,20100101,,Y,SPIRE TENNESSEE INC.,144918717,11667,N,,,,,,20260401 12:00
1939164,TENNESSEE GAS PIPELINE,C000020,20260928 05:18,Blanks under Up/Dn Loc and Up/Dn Loc Name indicate Third Party information is not applicable.,420755,ATMOS TL/TGP LASALLE PARISH NEBO SA,D,LA SALLE,LA,LDC,ZL,ZL,823,Y,A,20140121,,Y,ATMOS  ENERGY  CORPORATION,613205723,6624,N,,,,,,20160708 15:00
1939164,TENNESSEE GAS PIPELINE,C000020,20260928 05:18,Blanks under Up/Dn Loc and Up/Dn Loc Name indicate Third Party information is not applicable.,420758,NARNGST/TGP LINCOLN SMS PROVIDENCE,D,PROVIDENCE,RI,LDC,Z6,Z6,281,Y,A,19940101,,Y,THE NARRAGANSETT ELECTRIC COMPANY D/B/A RHODE ISLAND ENERGY,1193655,5112,Y,C001660,,20758 LINCOLN,,,20220711 10:09
1939164,TENNESSEE GAS PIPELINE,C000020,20260928 05:18,Blanks under Up/Dn Loc and Up/Dn Loc Name indicate Third Party information is not applicable.,420760,NATGASKY/TGP BARREN CNTY SMS BARREN,D,BARREN,KY,LDC,Z2,Z2,187,Y,A,20100101,,Y,NATURAL GAS OF KENTUCKY,2766137,5988,N,,,,,,20160616 12:00
1939164,TENNESSEE GAS PIPELINE,C000020,20260928 05:18,Blanks under Up/Dn Loc and Up/Dn Loc Name indicate Third Party information is not applicable.,420761,D2ENERGY/TGP ADAMSVILLE TN MC NAIRY,D,MC NAIRY,TN,LDC,Z1,Z1,163,Y,A,20100101,,Y,D2 ENERGY  LLC,10220802,5714,N,,,,,,20160629 09:00
1939164,TENNESSEE GAS PIPELINE,C000020,20260928 05:18,Blanks under Up/Dn Loc and Up/Dn Loc Name indicate Third Party information is not applicable.,420762,MPC/TGP UDP NAPLES SALES GREENUP,D,GREENUP,KY,END,Z2,Z2,112,Y,A,20100101,,Y,MARATHON PETROLEUM COMPANY LP,962993101,5318,N,,,,,,20161101 09:00
1939164,TENNESSEE GAS PIPELINE,C000020,20260928 05:18,Blanks under Up/Dn Loc and Up/Dn Loc Name indicate Third Party information is not applicable.,420765,ATMOS-MS/TGP ABERDEEN SALES MONROE,D,MONROE,MS,LDC,Z1,Z1,542,Y,A,20190401,,Y,ATMOS ENERGY CORPORATION - MISS DIVISION,6964415,6522,N,,,,,,20190404 12:00
1939164,TENNESSEE GAS PIPELINE,C000020,20260928 05:18,Blanks under Up/Dn Loc and Up/Dn Loc Name indicate Third Party information is not applicable.,420766,ATMOS-MS/TGP NEW HOPE SALES LOWNDES,D,LOWNDES,MS,LDC,Z1,Z1,542,Y,A,20241011,,Y,ATMOS ENERGY CORPORATION - MISS DIVISION,6964415,6522,N,,,,,,20241011 12:00
1939164,TENNESSEE GAS PIPELINE,C000020,20260928 05:18,Blanks under Up/Dn Loc and Up/Dn Loc Name indicate Third Party information is not applicable.,420767,NFG/TGP CAMP PERRY SALES MERCER,D,MERCER,PA,INT,Z4,Z4,219,Y,A,20190401,,Y,NATIONAL FUEL GAS SUPPLY CORP,7912959,6313,Y,C000046,420767,CAMP PERY,,,20190404 12:00
1939164,TENNESSEE GAS PIPELINE,C000020,20260928 05:18,Blanks under Up/Dn Loc and Up/Dn Loc Name indicate Third Party information is not applicable.,420770,TGP/TGP POTTER CNTY TRANSPORT POTTE,B,POTTER,PA,INT,Z4,Z4,313,Y,A,20100101,,N,,,,,,,,,,20160401 10:05
1939164,TENNESSEE GAS PIPELINE,C000020,20260928 05:18,Blanks under Up/Dn Loc and Up/Dn Loc Name indicate Third Party information is not applicable.,420771,SOMERSET/TGP SOMERSET SALES CASEY,D,CASEY,KY,INT,Z2,Z2,187,Y,A,20200403,,Y,SOMERSET GAS SERVICE,151673746,6468,N,,,,,,20200407 12:00
1939164,TENNESSEE GAS PIPELINE,C000020,20260928 05:18,Blanks under Up/Dn Loc and Up/Dn Loc Name indicate Third Party information is not applicable.,420772,TGP/TGP NIAGARA CNTY TRANSPORT NIAG,B,NIAGARA,NY,INT,Z5,Z5,296,Y,A,20100101,,N,,,,,,,,,,20160401 10:05
1939164,TENNESSEE GAS PIPELINE,C000020,20260928 05:18,Blanks under Up/Dn Loc and Up/Dn Loc Name indicate Third Party information is not applicable.,420788,DICKSON/TGP KINGSTON SPRINGS SALES,D,CHEATHAM,TN,LDC,Z1,Z1,860,Y,A,20100101,,Y,DICKSON GAS AUTHORITY,606638435,6479,N,,,,,,20160616 12:00
1939164,TENNESSEE GAS PIPELINE,C000020,20260928 05:18,Blanks under Up/Dn Loc and Up/Dn Loc Name indicate Third Party information is not applicable.,420790,HEC/TGP FRANKLIN GAS LIFT ST MARY,D,ST MARY,LA,WHD,ZL,ZL,515,N,I,,20190627,Y,HILCORP ENERGY COMPANY,606410538,1074,N,,,,,,20190710 15:00
1939164,TENNESSEE GAS PIPELINE,C000020,20260928 05:18,Blanks under Up/Dn Loc and Up/Dn Loc Name indicate Third Party information is not applicable.,420792,UNION OG/TGP HURRICANE SALES PUTNAM,D,PUTNAM,WV,LDC,Z3,Z3,114,Y,A,20260408,,Y,UNION OIL & GAS  INC.,5807219,5834,N,,,,,,20260409 15:00
1939164,TENNESSEE GAS PIPELINE,C000020,20260928 05:18,Blanks under Up/Dn Loc and Up/Dn Loc Name indicate Third Party information is not applicable.,420793,ELIZ NG/TGP J R FRANKS 1 VERNON,D,VERNON,LA,LDC,ZL,ZL,501,Y,A,20250401,,Y,ELIZABETH NATURAL GAS  INC.,5608732,6119,N,,,,,,20250414 15:00
1939164,TENNESSEE GAS PIPELINE,C000020,20260928 05:18,Blanks under Up/Dn Loc and Up/Dn Loc Name indicate Third Party information is not applicable.,420794,KY UTIL/TGP E W BROWN GARRARD,D,GARRARD,KY,EGN,Z2,Z2,187,Y,A,20251009,,Y,KENTUCKY UTILITIES COMPANY,6944938,5577,N,,,,,,20251014 09:00
1939164,TENNESSEE GAS PIPELINE,C000020,20260928 05:18,Blanks under Up/Dn Loc and Up/Dn Loc Name indicate Third Party information is not applicable.,420796,KINDER/TGP LEBLANC DEHYD ALLEN,D,ALLEN,LA,INT,ZL,ZL,501,N,I,,20100101,Y,KINDER GAS PROCESSING CORPORATION,,21259,N,,,,,,20170531 12:00
1939164,TENNESSEE GAS PIPELINE,C000020,20260928 05:18,Blanks under Up/Dn Loc and Up/Dn Loc Name indicate Third Party information is not applicable.,420797,GULFSTH/TGP PETAL STORAGE FIELD FOR,B,FORREST,MS,INT,Z1,Z1,534,Y,A,20100101,,Y,GULF SOUTH PIPELINE COMPANY  LLC,78444247,26373,Y,C000591,109009,TENNESSEE PETAL RECEIPT,108009,TENNESSEE PETAL DELIVERY,20200604 09:00
1939164,TENNESSEE GAS PIPELINE,C000020,20260928 05:18,Blanks under Up/Dn Loc and Up/Dn Loc Name indicate Third Party information is not applicable.,420801,MILL PL/TGP GREENWOOD STEUBEN,B,STEUBEN,NY,INT,Z5,Z5,299,Y,A,20100101,,Y,MILLENNIUM PIPELINE COMPANY  L.L.C.,607821050,6439,Y,C000311,634145,NORTH GREENWOOD,,,20160401 10:05
1939164,TENNESSEE GAS PIPELINE,C000020,20260928 05:18,Blanks under Up/Dn Loc and Up/Dn Loc Name indicate Third Party information is not applicable.,420802,KIMBERLY/TGP KIMBERLY CLARK SMS ALC,D,ALCORN,MS,END,Z1,Z1,847,Y,A,20100101,,Y,KIMBERLY CLARKE CORP,877748434,5600,N,,,,,,20160616 12:00
1939164,TENNESSEE GAS PIPELINE,C000020,20260928 05:18,Blanks under Up/Dn Loc and Up/Dn Loc Name indicate Third Party information is not applicable.,420803,E KY PWR/TGP J K  SMITH SALES CLARK,D,CLARK,KY,EGN,Z2,Z2,187,Y,A,20260425,,Y,EAST KENTUCKY POWER COOPERATIVE INC.,7779416,6459,N,,,,,,20260425 09:00
1939164,TENNESSEE GAS PIPELINE,C000020,20260928 05:18,Blanks under Up/Dn Loc and Up/Dn Loc Name indicate Third Party information is not applicable.,420807,ATMOS-MS/TGP PINE SPRINGS ROAD LEAK,D,LEAKE,MS,LDC,Z1,Z1,539,Y,A,20171003,,Y,ATMOS ENERGY CORPORATION - MISS DIVISION,6964415,6522,N,,,,,,20241101 09:00
1939164,TENNESSEE GAS PIPELINE,C000020,20260928 05:18,Blanks under Up/Dn Loc and Up/Dn Loc Name indicate Third Party information is not applicable.,420808,BOSTN/TGP CAMP CURTIS ESSEX,D,ESSEX,MA,LDC,Z6,Z6,268,N,A,20100101,,Y,BOSTON GAS COMPANY D/B/A NATIONAL GRID,6951586,26177,Y,C001659,,20808 CAMP CURTIS,,,20231114 09:00
1939164,TENNESSEE GAS PIPELINE,C000020,20260928 05:18,Blanks under Up/Dn Loc and Up/Dn Loc Name indicate Third Party information is not applicable.,420809,ALERIS/TGP NEWPORT SALES TUSCARAWAS,D,TUSCARAWAS,OH,END,Z4,Z4,209,Y,A,20100101,,Y,ALERIS ROLLED PRODUCTS  INC.,824963214,6121,N,,,,,,20191010 09:00
1939164,TENNESSEE GAS PIPELINE,C000020,20260928 05:18,Blanks under Up/Dn Loc and Up/Dn Loc Name indicate Third Party information is not applicable.,420810,NATGASKY/TGP UDP METCALFE SALES MET,D,METCALFE,KY,LDC,Z2,Z2,187,Y,A,20100101,,Y,NATURAL GAS OF KENTUCKY,2766137,5988,N,,,,,,20160616 12:00
1939164,TENNESSEE GAS PIPELINE,C000020,20260928 05:18,Blanks under Up/Dn Loc and Up/Dn Loc Name indicate Third Party information is not applicable.,420811,VISTARES/TGP DEER CREEK SALES MERCE,D,MERCER,PA,LDC,Z4,Z4,219,Y,A,20100101,,Y,VISTA RESOURCES  INC.,195486204,6012,N,,,,,,20210219 09:00
1939164,TENNESSEE GAS PIPELINE,C000020,20260928 05:18,Blanks under Up/Dn Loc and Up/Dn Loc Name indicate Third Party information is not applicable.,420813,DELTA NG/TGP WEST BEND POWELL,D,POWELL,KY,LDC,Z2,Z2,187,Y,A,20151101,,Y,DELTA NATURAL GAS COMPANY INC,7779408,6458,N,,,,,,20160616 12:00
1939164,TENNESSEE GAS PIPELINE,C000020,20260928 05:18,Blanks under Up/Dn Loc and Up/Dn Loc Name indicate Third Party information is not applicable.,420814,NYSEG/TGP CANAAN SALES COLUMBIA,D,COLUMBIA,NY,LDC,Z5,Z5,249,Y,A,20131023,,Y,NEW YORK STATE ELECTRIC AND GAS CORPORATION,41866497,25550,Y,C000621,,CANAAN BERKSHIRE FARMS,,,20160607 09:00
1939164,TENNESSEE GAS PIPELINE,C000020,20260928 05:18,Blanks under Up/Dn Loc and Up/Dn Loc Name indicate Third Party information is not applicable.,420816,NRGBM/TGP BETHLEHEM SALES ALBANY,D,ALBANY,NY,LDC,Z5,Z5,249,Y,A,20100101,,Y,NRG BUSINESS MARKETING LLC,78790103,8588,N,,,,,,20230919 12:00
1939164,TENNESSEE GAS PIPELINE,C000020,20260928 05:18,Blanks under Up/Dn Loc and Up/Dn Loc Name indicate Third Party information is not applicable.,420817,ATMOS TL/TGP SABINE SALES SABINE,D,SABINE,LA,LDC,Z0,Z0,132,Y,A,20140619,,Y,ATMOS  ENERGY  CORPORATION,613205723,6624,N,,,,,,20160708 15:00
1939164,TENNESSEE GAS PIPELINE,C000020,20260928 05:18,Blanks under Up/Dn Loc and Up/Dn Loc Name indicate Third Party information is not applicable.,420820,ATMOS-MS/TGP COLUMBUS AFB EXCH LOWN,D,LOWNDES,MS,LDC,Z1,Z1,542,Y,A,20220303,,Y,ATMOS ENERGY CORPORATION - MISS DIVISION,6964415,6522,N,,,,,,20220303 09:00
1939164,TENNESSEE GAS PIPELINE,C000020,20260928 05:18,Blanks under Up/Dn Loc and Up/Dn Loc Name indicate Third Party information is not applicable.,420821,CPTENTEX/TGP BANQUETTE SALES NUECES,D,NUECES,TX,LDC,Z0,Z0,101,N,I,,20100101,Y,CENTERPOINT ENERGY ENTEX,46700779,6543,N,,,,,,20160609 15:00
1939164,TENNESSEE GAS PIPELINE,C000020,20260928 05:18,Blanks under Up/Dn Loc and Up/Dn Loc Name indicate Third Party information is not applicable.,420822,EGAN HUB/TGP EGAN GAS STORAGE ACADI,B,ACADIA,LA,STR,ZL,ZL,509,Y,A,20100101,,Y,EGAN HUB STORAGE  LLC,835460478,4790,Y,C000086,45105,TENN. GAS STORAGE  LA,,,20160523 15:00
1939164,TENNESSEE GAS PIPELINE,C000020,20260928 05:18,Blanks under Up/Dn Loc and Up/Dn Loc Name indicate Third Party information is not applicable.,420826,POOLING PT-100 LEG-ZN 0-NORTH,B,NATCHITOCHES,LA,PPT,Z0,Z0,139,Y,A,19940101,,N,,,,,,,,,,20160401 10:05
1939164,TENNESSEE GAS PIPELINE,C000020,20260928 05:18,Blanks under Up/Dn Loc and Up/Dn Loc Name indicate Third Party information is not applicable.,420827,POOLING PT - 100 LEG - ZN 1,B,OUACHITA,LA,PPT,Z1,Z1,143,Y,A,19940101,,N,,,,,,,,,,20160401 10:05
1939164,TENNESSEE GAS PIPELINE,C000020,20260928 05:18,Blanks under Up/Dn Loc and Up/Dn Loc Name indicate Third Party information is not applicable.,420828,POOLING PT - STA. 87 - ZONE 1,B,SUMNER,TN,PPT,Z1,Z1,860,Y,A,20100101,,N,,,,,,,,,,20160401 10:05
1939164,TENNESSEE GAS PIPELINE,C000020,20260928 05:18,Blanks under Up/Dn Loc and Up/Dn Loc Name indicate Third Party information is not applicable.,420829,POOLING PT - 800 LEG - ZONE 1,B,MADISON,LA,PPT,Z1,Z1,834,Y,A,20100101,,N,,,,,,,,,,20160401 10:05
1939164,TENNESSEE GAS PIPELINE,C000020,20260928 05:18,Blanks under Up/Dn Loc and Up/Dn Loc Name indicate Third Party information is not applicable.,420830,BOLIVAR/TGP BOLIVAR TN  2 MC NAIRY,D,MC NAIRY,TN,LDC,Z1,Z1,163,Y,A,20100101,,Y,CITY OF BOLIVAR,30418982,6483,N,,,,,,20240805 09:00
1939164,TENNESSEE GAS PIPELINE,C000020,20260928 05:18,Blanks under Up/Dn Loc and Up/Dn Loc Name indicate Third Party information is not applicable.,420831,ARDAGHGR/TGP BALL GLASS SALES MC KE,D,MC KEAN,PA,END,Z4,Z4,307,Y,A,20191002,,Y,ARDAGH GLASS  INC.,927756882,10415,N,,,,,,20191008 12:00
1939164,TENNESSEE GAS PIPELINE,C000020,20260928 05:18,Blanks under Up/Dn Loc and Up/Dn Loc Name indicate Third Party information is not applicable.,420832,MONCHEMK/TGP DOE RUN PIPELINE GREEN,D,GREEN,KY,INT,Z2,Z2,187,Y,A,20161012,,Y,MONUMENT CHEMICAL KENTUCKY  LLC,9664247,9395,N,,,,,,20180222 09:00
1939164,TENNESSEE GAS PIPELINE,C000020,20260928 05:18,Blanks under Up/Dn Loc and Up/Dn Loc Name indicate Third Party information is not applicable.,420836,HENDERSN/TGP HENDERSON   2 MC NAIRY,D,MC NAIRY,TN,LDC,Z1,Z1,163,Y,A,20100101,,Y,HENDERSON   CITY OF,89547673,6486,N,,,,,,20160708 15:00
1939164,TENNESSEE GAS PIPELINE,C000020,20260928 05:18,Blanks under Up/Dn Loc and Up/Dn Loc Name indicate Third Party information is not applicable.,420840,LEXINGTN/TGP WEST LEXINGTON SALES C,D,CHESTER,TN,LDC,Z1,Z1,163,Y,A,20260408,,Y,LEXINGTON GAS SYSTEM,126822733,6500,N,,,,,,20260409 15:00
1939164,TENNESSEE GAS PIPELINE,C000020,20260928 05:18,Blanks under Up/Dn Loc and Up/Dn Loc Name indicate Third Party information is not applicable.,420843,LGE/TGP MONROE SMS HART,D,HART,KY,LDC,Z2,Z2,187,Y,A,20160406,,Y,LOUISVILLE GAS AND ELECTRIC COMPANY,6945505,1650,Y,C000554,420843,MONROE,,,20170802 12:00
1939164,TENNESSEE GAS PIPELINE,C000020,20260928 05:18,Blanks under Up/Dn Loc and Up/Dn Loc Name indicate Third Party information is not applicable.,420844,LGE/TGP CALVARY MARION,D,MARION,KY,LDC,Z2,Z2,187,Y,A,20100101,,Y,LOUISVILLE GAS AND ELECTRIC COMPANY,6945505,1650,Y,C000554,420844,CALVARY,,,20170802 12:00
1939164,TENNESSEE GAS PIPELINE,C000020,20260928 05:18,Blanks under Up/Dn Loc and Up/Dn Loc Name indicate Third Party information is not applicable.,420846,SPIR TEN/TGP ASHLAND CITY SALES  2,D,CHEATHAM,TN,LDC,Z1,Z1,860,Y,A,20100101,,Y,SPIRE TENNESSEE INC.,144918717,11667,N,,,,,,20260401 12:00
1939164,TENNESSEE GAS PIPELINE,C000020,20260928 05:18,Blanks under Up/Dn Loc and Up/Dn Loc Name indicate Third Party information is not applicable.,420848,WAKEFLD/TGP WAKEFIELD SALES ESSEX,D,ESSEX,MA,LDC,Z6,Z6,268,Y,A,20171011,,Y,WAKEFIELD MUNICIPAL GAS & LIGHT DEPT.,154157622,6035,N,,,,,,20171011 15:01
1939164,TENNESSEE GAS PIPELINE,C000020,20260928 05:18,Blanks under Up/Dn Loc and Up/Dn Loc Name indicate Third Party information is not applicable.,420849,SELMER/TGP SELMER TN SALES MC NAIRY,D,MC NAIRY,TN,LDC,Z1,Z1,163,Y,A,20100101,,Y,SELMER UTILITY DIVISION,792546996,6060,N,,,,,,20160708 15:00
1939164,TENNESSEE GAS PIPELINE,C000020,20260928 05:18,Blanks under Up/Dn Loc and Up/Dn Loc Name indicate Third Party information is not applicable.,420851,NATGASKY/TGP UDP GLASS SALES BARREN,D,BARREN,KY,LDC,Z2,Z2,187,Y,A,20100101,,Y,NATURAL GAS OF KENTUCKY,2766137,5988,N,,,,,,20160616 12:00
1939164,TENNESSEE GAS PIPELINE,C000020,20260928 05:18,Blanks under Up/Dn Loc and Up/Dn Loc Name indicate Third Party information is not applicable.,420852,MIDWSTRN/TGP MGT SMS SUMNER,B,SUMNER,TN,INT,Z1,Z1,860,Y,A,20100101,,Y,MIDWESTERN GAS TRANSMISSION COMPANY,6792451,15462,Y,C000582,217671,PORTLAND,,,20160401 10:05
1939164,TENNESSEE GAS PIPELINE,C000020,20260928 05:18,Blanks under Up/Dn Loc and Up/Dn Loc Name indicate Third Party information is not applicable.,420853,CONN NG/TGP EASTON SMS FAIRFIELD,D,FAIRFIELD,CT,LDC,Z6,Z6,336,Y,A,20161012,,Y,CONNECTICUT NATURAL GAS CORP.,1139294,19203,N,,,,,,20161012 15:00
1939164,TENNESSEE GAS PIPELINE,C000020,20260928 05:18,Blanks under Up/Dn Loc and Up/Dn Loc Name indicate Third Party information is not applicable.,420854,TGP/TGP EAST AURORA NY LOGICAL,B,ERIE,NY,VIR,Z5,Z5,230,Y,A,20100101,,N,,,,,,,,,,20160401 10:05
1939164,TENNESSEE GAS PIPELINE,C000020,20260928 05:18,Blanks under Up/Dn Loc and Up/Dn Loc Name indicate Third Party information is not applicable.,420855,CORINTH/TGP CORINTH  3 ALCORN,D,ALCORN,MS,LDC,Z1,Z1,847,Y,A,20100101,,Y,CORINTH PUBLIC UTILITIES COMMISSION,150489151,5676,N,,,,,,20160616 12:00
1939164,TENNESSEE GAS PIPELINE,C000020,20260928 05:18,Blanks under Up/Dn Loc and Up/Dn Loc Name indicate Third Party information is not applicable.,420857,NYSEG/TGP CARLISLE SALES SCHOHARIE,D,SCHOHARIE,NY,LDC,Z5,Z5,245,Y,A,20230605,,Y,NEW YORK STATE ELECTRIC AND GAS CORPORATION,41866497,25550,Y,C000621,,CARLISLE,,,20230605 09:00
1939164,TENNESSEE GAS PIPELINE,C000020,20260928 05:18,Blanks under Up/Dn Loc and Up/Dn Loc Name indicate Third Party information is not applicable.,420860,RUSSLVIL/TGP RUSSELLVILLE AL SALES,D,FRANKLIN,AL,LDC,Z1,Z1,548,Y,A,20181102,,Y,THE GAS BOARD OF THE CITY OF RUSSELLVILLE,964447924,6044,N,,,,,,20240801 15:00
1939164,TENNESSEE GAS PIPELINE,C000020,20260928 05:18,Blanks under Up/Dn Loc and Up/Dn Loc Name indicate Third Party information is not applicable.,420861,COKINOS/TGP PEARSON  METHANOL  PLAN,D,MONROE,MS,LDC,Z1,Z1,542,N,I,,20100101,Y,COKINOS NATURAL GAS COMPANY,102658226,16063,N,,,,,,20160708 15:00
1939164,TENNESSEE GAS PIPELINE,C000020,20260928 05:18,Blanks under Up/Dn Loc and Up/Dn Loc Name indicate Third Party information is not applicable.,420862,CENTRVIL/TGP SHIPPS BEND SALES HICK,D,HICKMAN,TN,LDC,Z1,Z1,548,Y,A,20100101,,Y,CENTERVILLE  TOWN OF,77643716,6484,N,,,,,,20160609 15:00
1939164,TENNESSEE GAS PIPELINE,C000020,20260928 05:18,Blanks under Up/Dn Loc and Up/Dn Loc Name indicate Third Party information is not applicable.,420865,POOLING PT - 100 LEG - ZONE 2,B,GREENUP,KY,PPT,Z2,Z2,110,Y,A,20100101,,N,,,,,,,,,,20161101 09:00
1939164,TENNESSEE GAS PIPELINE,C000020,20260928 05:18,Blanks under Up/Dn Loc and Up/Dn Loc Name indicate Third Party information is not applicable.,420866,POOLING PT - BROAD RUN SPUR -,B,CLAY,WV,PPT,Z3,Z3,114,Y,A,20100101,,N,,,,,,,,,,20160401 10:05
1939164,TENNESSEE GAS PIPELINE,C000020,20260928 05:18,Blanks under Up/Dn Loc and Up/Dn Loc Name indicate Third Party information is not applicable.,420867,POOLING PT - 200 LEG - ZONE 4,B,MERCER,PA,PPT,Z4,Z4,217,Y,A,19940101,,N,,,,,,,,,,20160401 10:05
1939164,TENNESSEE GAS PIPELINE,C000020,20260928 05:18,Blanks under Up/Dn Loc and Up/Dn Loc Name indicate Third Party information is not applicable.,420868,POOLING PT - 200 LEG - ZONE 5,B,COLUMBIA,NY,PPT,Z5,Z5,249,Y,A,20100101,,N,,,,,,,,,,20160401 10:05
1939164,TENNESSEE GAS PIPELINE,C000020,20260928 05:18,Blanks under Up/Dn Loc and Up/Dn Loc Name indicate Third Party information is not applicable.,420869,POOLING PT - 300 LEG - ZONE 5,B,SUFFOLK,NY,PPT,Z5,Z5,324,Y,A,20100101,,N,,,,,,,,,,20160401 10:05
1939164,TENNESSEE GAS PIPELINE,C000020,20260928 05:18,Blanks under Up/Dn Loc and Up/Dn Loc Name indicate Third Party information is not applicable.,420870,POOLING PT - NIAGARA SPUR - ZO,B,ERIE,NY,PPT,Z5,Z5,295,Y,A,20100101,,N,,,,,,,,,,20160401 10:05
1939164,TENNESSEE GAS PIPELINE,C000020,20260928 05:18,Blanks under Up/Dn Loc and Up/Dn Loc Name indicate Third Party information is not applicable.,420871,POOLING PT - 200 LINE - ZONE 6,B,BERKSHIRE,MA,PPT,Z6,Z6,268,Y,A,20100101,,N,,,,,,,,,,20160401 10:05
1939164,TENNESSEE GAS PIPELINE,C000020,20260928 05:18,Blanks under Up/Dn Loc and Up/Dn Loc Name indicate Third Party information is not applicable.,420872,POOLING PT - 300 LINE - ZONE 6,B,FAIRFIELD,CT,PPT,Z6,Z6,355,Y,A,20100101,,N,,,,,,,,,,20161101 09:00
1939164,TENNESSEE GAS PIPELINE,C000020,20260928 05:18,Blanks under Up/Dn Loc and Up/Dn Loc Name indicate Third Party information is not applicable.,420878,GGUC/TGP RINCON DEHYD STARR,D,STARR,TX,GTH,Z0,Z0,409,Y,A,20160205,,Y,GULF GAS UTILITIES COMPANY,183132216,2351,N,,,,,,20230425 12:00
1939164,TENNESSEE GAS PIPELINE,C000020,20260928 05:18,Blanks under Up/Dn Loc and Up/Dn Loc Name indicate Third Party information is not applicable.,420879,BBTBAMA/TGP MOUNT ZION LAMAR,D,LAMAR,AL,INT,Z1,Z1,542,Y,A,20171011,,Y,BBT ALABAMA  LLC,118941696,10709,N,,,,,,20230314 15:00
1939164,TENNESSEE GAS PIPELINE,C000020,20260928 05:18,Blanks under Up/Dn Loc and Up/Dn Loc Name indicate Third Party information is not applicable.,420882,FLORENC/TGP FLORENCE SALES LAUDERDA,D,LAUDERDALE,AL,LDC,Z1,Z1,548,Y,A,20221007,,Y,CITY OF FLORENCE GAS DEPARTMENT,616925293,6039,N,,,,,,20230802 09:00
1939164,TENNESSEE GAS PIPELINE,C000020,20260928 05:18,Blanks under Up/Dn Loc and Up/Dn Loc Name indicate Third Party information is not applicable.,420883,DELTAMS/TGP PORT BIENVILLE HANCOCK,D,HANCOCK,MS,LDC,ZL,ZL,530,Y,A,20230727,,Y,DELTA MISSISSIPPI GAS COMPANY  LLC,119371580,11417,N,,,,,,20250605 12:00
1939164,TENNESSEE GAS PIPELINE,C000020,20260928 05:18,Blanks under Up/Dn Loc and Up/Dn Loc Name indicate Third Party information is not applicable.,420884,MILL POW/TGP MILLENNIUM POWER COGEN,D,WORCHESTER,MA,EGN,Z6,Z6,261,Y,A,20240419,,Y,MILLENNIUM POWER COMPANY  LLC,969544865,6429,N,,,,,,20240422 15:00
1939164,TENNESSEE GAS PIPELINE,C000020,20260928 05:18,Blanks under Up/Dn Loc and Up/Dn Loc Name indicate Third Party information is not applicable.,420885,NATGASKY/TGP UDP ALLEN CNTY SALES A,D,ALLEN,KY,LDC,Z2,Z2,187,Y,A,20100101,,Y,NATURAL GAS OF KENTUCKY,2766137,5988,N,,,,,,20160616 12:00
1939164,TENNESSEE GAS PIPELINE,C000020,20260928 05:18,Blanks under Up/Dn Loc and Up/Dn Loc Name indicate Third Party information is not applicable.,420886,TET/TGP DRY CREEK SALES CASEY,D,CASEY,KY,INT,Z2,Z2,187,Y,A,20180420,,Y,TEXAS EASTERN TRANSMISSION. LP,7932908,4074,Y,C000094,73198,DRY CREEK,,,20180424 15:00
1939164,TENNESSEE GAS PIPELINE,C000020,20260928 05:18,Blanks under Up/Dn Loc and Up/Dn Loc Name indicate Third Party information is not applicable.,420891,POOLING PT - 300 LEG - ZONE 4,B,POTTER,PA,PPT,Z4,Z4,313,Y,A,19940101,,N,,,,,,,,,,20160401 10:05
1939164,TENNESSEE GAS PIPELINE,C000020,20260928 05:18,Blanks under Up/Dn Loc and Up/Dn Loc Name indicate Third Party information is not applicable.,420892,DICKSON/TGP DICKSON CNTY DICKSON,D,DICKSON,TN,LDC,Z1,Z1,163,Y,A,20260408,,Y,DICKSON GAS AUTHORITY,606638435,6479,N,,,,,,20260409 15:00
1939164,TENNESSEE GAS PIPELINE,C000020,20260928 05:18,Blanks under Up/Dn Loc and Up/Dn Loc Name indicate Third Party information is not applicable.,420894,DYNEGY/TGP BLACKSTONE WORCHESTER,D,WORCHESTER,MA,EGN,Z6,Z6,282,Y,A,20250407,,Y,DYNEGY MARKETING AND TRADE  LLC,137619136,5926,N,,,,,,20250408 09:00
1939164,TENNESSEE GAS PIPELINE,C000020,20260928 05:18,Blanks under Up/Dn Loc and Up/Dn Loc Name indicate Third Party information is not applicable.,420895,DELTA NG/TGP MADISON CNTY MADISON,D,MADISON,KY,LDC,Z2,Z2,187,Y,A,20100101,,Y,DELTA NATURAL GAS COMPANY INC,7779408,6458,N,,,,,,20160616 12:00
1939164,TENNESSEE GAS PIPELINE,C000020,20260928 05:18,Blanks under Up/Dn Loc and Up/Dn Loc Name indicate Third Party information is not applicable.,420896,TVA/TGP TVN   JOHNSONVILLE LOW FLOW,D,HICKMAN,TN,END,Z1,Z1,163,N,I,,20100101,Y,TENNESSEE VALLEY AUTHORITY,1883032,6046,N,,,,,,20160708 15:00
1939164,TENNESSEE GAS PIPELINE,C000020,20260928 05:18,Blanks under Up/Dn Loc and Up/Dn Loc Name indicate Third Party information is not applicable.,420897,NYSEG/TGP RICHFIELD SPRINGS HERKIME,D,HERKIMER,NY,LDC,Z5,Z5,245,Y,A,20100101,,Y,NEW YORK STATE ELECTRIC AND GAS CORPORATION,41866497,25550,Y,C000621,,RICHFIELD SPRINGS,,,20160607 09:00
1939164,TENNESSEE GAS PIPELINE,C000020,20260928 05:18,Blanks under Up/Dn Loc and Up/Dn Loc Name indicate Third Party information is not applicable.,420898,NEXERGAS/TGP TOMBALL SALES NORTH MO,D,MONTGOMERY,TX,INT,Z0,Z0,117,Y,A,20241009,,Y,NEXTERA ENERGY SERVICES GAS  LLC,838611739,2835,N,,,,,,20260909 12:00
1939164,TENNESSEE GAS PIPELINE,C000020,20260928 05:18,Blanks under Up/Dn Loc and Up/Dn Loc Name indicate Third Party information is not applicable.,420900,COOPERAT/TGP BATESVILLE PANOLA,D,PANOLA,MS,EGN,Z1,Z1,163,Y,A,20100101,,Y,COOPERATIVE ENERGY  A MISSISSIPPI ELECTRIC COOPERATIVE,77893378,8425,N,,,,,,20211214 15:00
1939164,TENNESSEE GAS PIPELINE,C000020,20260928 05:18,Blanks under Up/Dn Loc and Up/Dn Loc Name indicate Third Party information is not applicable.,420901,BERKPWR/TGP BERKSHIRE POWER SALES H,D,HAMPDEN,MA,EGN,Z6,Z6,261,Y,A,20250407,,Y,BERKSHIRE POWER COMPANY LLC,807560094,10350,N,,,,,,20250408 09:00
1939164,TENNESSEE GAS PIPELINE,C000020,20260928 05:18,Blanks under Up/Dn Loc and Up/Dn Loc Name indicate Third Party information is not applicable.,420902,RANGEAPP/TGP CRAWFORD SALES CRAWFOR,D,CRAWFORD,PA,LDC,Z4,Z4,219,Y,A,20120411,,Y,RANGE RESOURCES - APPALACHIA  LLC,114534337,6379,N,,,,,,20160708 15:00
1939164,TENNESSEE GAS PIPELINE,C000020,20260928 05:18,Blanks under Up/Dn Loc and Up/Dn Loc Name indicate Third Party information is not applicable.,420904,DCP HIN/TGP EDINBURG HIDALGO,D,HIDALGO,TX,EGN,Z0,Z0,490,N,A,20160406,,Y,DCP HINSHAW PIPELINE  LLC,125638648,6118,N,,,,,,20211214 15:00
1939164,TENNESSEE GAS PIPELINE,C000020,20260928 05:18,Blanks under Up/Dn Loc and Up/Dn Loc Name indicate Third Party information is not applicable.,420907,TVA/TGP JOHNSONVILLE HICKMAN,D,HICKMAN,TN,EGN,Z1,Z1,163,Y,A,20260408,,Y,TENNESSEE VALLEY AUTHORITY,1883032,6046,N,,,,,,20260409 15:00
1939164,TENNESSEE GAS PIPELINE,C000020,20260928 05:18,Blanks under Up/Dn Loc and Up/Dn Loc Name indicate Third Party information is not applicable.,420910,NARNGST/TGP SMITHFIELD DELIVERY PRO,D,PROVIDENCE,RI,LDC,Z6,Z6,281,Y,A,20100101,,Y,THE NARRAGANSETT ELECTRIC COMPANY D/B/A RHODE ISLAND ENERGY,1193655,5112,Y,C001660,,20910 SMITHFIELD,,,20220711 10:09
1939164,TENNESSEE GAS PIPELINE,C000020,20260928 05:18,Blanks under Up/Dn Loc and Up/Dn Loc Name indicate Third Party information is not applicable.,420911,ATMOS-MS/TGP GREENVILLE DELIVERY WA,D,WASHINGTON,MS,LDC,Z1,Z1,143,Y,A,20100101,,Y,ATMOS ENERGY CORPORATION - MISS DIVISION,6964415,6522,N,,,,,,20160708 15:00
1939164,TENNESSEE GAS PIPELINE,C000020,20260928 05:18,Blanks under Up/Dn Loc and Up/Dn Loc Name indicate Third Party information is not applicable.,420914,EGTS/TGP SABINSVILLE DELIVERY TIOGA,D,TIOGA,PA,INT,Z4,Z4,314,Y,A,20161012,,Y,EASTERN GAS TRANSMISSION AND STORAGE  INC.,116025180,3531,Y,C000160,40120,TGP - SABINSVILLE,,,20210301 09:00
1939164,TENNESSEE GAS PIPELINE,C000020,20260928 05:18,Blanks under Up/Dn Loc and Up/Dn Loc Name indicate Third Party information is not applicable.,420915,NEXERGAS/TGP PORT IBERIA SALES IBER,D,IBERIA,LA,LDC,ZL,ZL,515,Y,A,20260407,,Y,NEXTERA ENERGY SERVICES GAS  LLC,838611739,2835,N,,,,,,20260909 12:00
1939164,TENNESSEE GAS PIPELINE,C000020,20260928 05:18,Blanks under Up/Dn Loc and Up/Dn Loc Name indicate Third Party information is not applicable.,420917,REGENCY/TGP PANDA POWER BIENVILLE,D,BIENVILLE,LA,EGN,Z1,Z1,141,Y,A,20200210,,Y,REGENCY INTRASTATE GAS LP,133237508,5226,Y,C000370,1489002,PANDA POWER,,,20211215 09:00
1939164,TENNESSEE GAS PIPELINE,C000020,20260928 05:18,Blanks under Up/Dn Loc and Up/Dn Loc Name indicate Third Party information is not applicable.,420918,NIAGMOH/TGP SOUTH ALBANY ALBANY,D,ALBANY,NY,LDC,Z5,Z5,249,Y,A,20260408,,Y,NIAGARA MOHAWK POWER CORPORATION D/B/A/ NATIONAL GRID,6994735,17738,N,,,,,,20260409 15:00
1939164,TENNESSEE GAS PIPELINE,C000020,20260928 05:18,Blanks under Up/Dn Loc and Up/Dn Loc Name indicate Third Party information is not applicable.,420920,XH/TGP NEBO HEMPHILL GAS PLANT LA S,D,LA SALLE,LA,PLT,ZL,ZL,823,Y,A,20100101,,Y,XH  LLC,7926827,12719,N,,,,,,20160708 15:00
1939164,TENNESSEE GAS PIPELINE,C000020,20260928 05:18,Blanks under Up/Dn Loc and Up/Dn Loc Name indicate Third Party information is not applicable.,420921,ST  CHEVRON/TGP S. TIMBALIER BLK 38,D,SOUTH TIMBALIER,LA,OTH,ZL,ZL,523,N,I,,20130901,Y,CHEVRON U.S.A. INC.,9140559,15034,N,,,,,,20160708 12:00
1939164,TENNESSEE GAS PIPELINE,C000020,20260928 05:18,Blanks under Up/Dn Loc and Up/Dn Loc Name indicate Third Party information is not applicable.,420924,RIVERSID/TGP LAWERENCE BOYD,D,BOYD,KY,EGN,Z2,Z2,111,Y,A,20200210,,Y,RIVERSIDE GENERATING COMPANY  LLC,130034536,6349,N,,,,,,20211214 15:00
1939164,TENNESSEE GAS PIPELINE,C000020,20260928 05:18,Blanks under Up/Dn Loc and Up/Dn Loc Name indicate Third Party information is not applicable.,420926,RISEC/TGP FPLE RISE PROVIDENCE,D,PROVIDENCE,RI,EGN,Z6,Z6,281,Y,A,20200210,,Y,RHODE ISLAND STATE ENERGY CENTER  LP,8146220,5672,N,,,,,,20211214 15:00
1939164,TENNESSEE GAS PIPELINE,C000020,20260928 05:18,Blanks under Up/Dn Loc and Up/Dn Loc Name indicate Third Party information is not applicable.,420930,FGT/TGP CARNES COMPRESSOR STONE,D,STONE,MS,INT,ZL,ZL,530,Y,I,,20250815,Y,FLORIDA GAS TRANSMISSION COMPANY  LLC,6924518,1445,Y,C000255,300750,TENN CARNES FUEL,,,20250815 12:00
1939164,TENNESSEE GAS PIPELINE,C000020,20260928 05:18,Blanks under Up/Dn Loc and Up/Dn Loc Name indicate Third Party information is not applicable.,420931,LIBERTYU/TGP GRANITE RIDGE ROCKINGH,D,ROCKINGHAM,NH,EGN,Z6,Z6,284,Y,A,20250331,,Y,LIBERTY UTILITIES (ENERGYNORTH NATURAL GAS) CORP.,830408873,5250,N,,,,,,20250401 09:00
1939164,TENNESSEE GAS PIPELINE,C000020,20260928 05:18,Blanks under Up/Dn Loc and Up/Dn Loc Name indicate Third Party information is not applicable.,420932,E OH GAS/TGP PETERSBURG MAHONING,D,MAHONING,OH,LDC,Z4,Z4,216,Y,A,20260314,,Y,THE EAST OHIO GAS COMPANY:  D/B/A/ DOMINION ENERGY OHIO,7900475,6032,Y,C001002,ML020,TENNESSEE GAS PIPELINE - PETERSBURG,,,20260314 09:00
1939164,TENNESSEE GAS PIPELINE,C000020,20260928 05:18,Blanks under Up/Dn Loc and Up/Dn Loc Name indicate Third Party information is not applicable.,420934,E OH GAS/TGP GILMORE SALES TUSCARAW,D,TUSCARAWAS,OH,LDC,Z4,Z4,209,Y,A,20200210,,Y,THE EAST OHIO GAS COMPANY:  D/B/A/ DOMINION ENERGY OHIO,7900475,6032,Y,C001002,ML019,TENNESSEE GAS PIPELINE - GILMORE,,,20200211 15:00
1939164,TENNESSEE GAS PIPELINE,C000020,20260928 05:18,Blanks under Up/Dn Loc and Up/Dn Loc Name indicate Third Party information is not applicable.,420935,BOSTN/TGP DANVERS ESSEX,D,ESSEX,MA,LDC,Z6,Z6,268,N,A,20140301,,Y,BOSTON GAS COMPANY D/B/A NATIONAL GRID,6951586,26177,Y,C001659,,20935 DANVERS,,,20231114 09:00
1939164,TENNESSEE GAS PIPELINE,C000020,20260928 05:18,Blanks under Up/Dn Loc and Up/Dn Loc Name indicate Third Party information is not applicable.,420937,TVA/TGP KEMPER,D,KEMPER,MS,EGN,Z1,Z1,542,Y,A,20200226,,Y,TENNESSEE VALLEY AUTHORITY,1883032,6046,N,,,,,,20241216 15:00
1939164,TENNESSEE GAS PIPELINE,C000020,20260928 05:18,Blanks under Up/Dn Loc and Up/Dn Loc Name indicate Third Party information is not applicable.,420941,ANR/TGP TGP ANR GREENVILLE INTERCON,B,WASHINGTON,MS,INT,Z1,Z1,143,Y,A,20100101,,Y,ANR PIPELINE COMPANY,6958581,2686,Y,C000623,307790,GREENVILLE TGP/ANR-DEL,305431,GREENVILLE TGP/ANR-REC,20160401 10:05
1939164,TENNESSEE GAS PIPELINE,C000020,20260928 05:18,Blanks under Up/Dn Loc and Up/Dn Loc Name indicate Third Party information is not applicable.,420942,BBT BAMA/TGP BAMAGAS COLBERT,D,COLBERT,AL,EGN,Z1,Z1,548,Y,A,20200210,,Y,BBT BAMAGAS INTRASTATE  LLC,832197169,5606,Y,C006560,010125,TGP TO BAMAGAS,,,20211214 15:00
1939164,TENNESSEE GAS PIPELINE,C000020,20260928 05:18,Blanks under Up/Dn Loc and Up/Dn Loc Name indicate Third Party information is not applicable.,420943,JAMESTWN/TGP NORNEW ENERGY SUPPLY C,D,CHAUTAUQUA,NY,LDC,Z5,Z5,224,Y,A,20260408,,Y,JAMESTOWN BOARD OF PUBLIC UTILITIES,3863329,10485,N,,,,,,20260409 15:00
1939164,TENNESSEE GAS PIPELINE,C000020,20260928 05:18,Blanks under Up/Dn Loc and Up/Dn Loc Name indicate Third Party information is not applicable.,420946,MOREHEAD/TGP CITY OF MOREHEAD ROWAN,D,ROWAN,KY,LDC,Z2,Z2,187,Y,A,20100101,,Y,MOREHEAD UTILITY PLANT BOARD,38905923,6457,N,,,,,,20160708 15:00
1939164,TENNESSEE GAS PIPELINE,C000020,20260928 05:18,Blanks under Up/Dn Loc and Up/Dn Loc Name indicate Third Party information is not applicable.,420948,TVA/TGP MAGNOLIA BENTON,D,BENTON,MS,EGN,Z1,Z1,163,Y,A,20200226,,Y,TENNESSEE VALLEY AUTHORITY,1883032,6046,N,,,,,,20211214 15:00
1939164,TENNESSEE GAS PIPELINE,C000020,20260928 05:18,Blanks under Up/Dn Loc and Up/Dn Loc Name indicate Third Party information is not applicable.,420949,BOSTN/TGP LUNENBERG WORCHESTER,D,WORCHESTER,MA,LDC,Z6,Z6,283,N,A,20200210,,Y,BOSTON GAS COMPANY D/B/A NATIONAL GRID,6951586,26177,Y,C001659,,20949 LUNENBURG,,,20231114 09:00
1939164,TENNESSEE GAS PIPELINE,C000020,20260928 05:18,Blanks under Up/Dn Loc and Up/Dn Loc Name indicate Third Party information is not applicable.,420961,TARGA/TGP YSCLOSKEY  STRANGERS  GAS,D,ST BERNARD,LA,INT,ZL,ZL,527,Y,A,20100101,,Y,TARGA MIDSTREAM SERVICES LLC,801475463,2893,N,,,,,,20160401 10:05
1939164,TENNESSEE GAS PIPELINE,C000020,20260928 05:18,Blanks under Up/Dn Loc and Up/Dn Loc Name indicate Third Party information is not applicable.,420979,TGP/TGP YSCLOSKY OWNERS GAS ST BERN,D,ST BERNARD,LA,INT,ZL,ZL,527,Y,A,20100101,,N,,,,,,,,,,20160401 10:05
1939164,TENNESSEE GAS PIPELINE,C000020,20260928 05:18,Blanks under Up/Dn Loc and Up/Dn Loc Name indicate Third Party information is not applicable.,420983,PLAINSGS/TGP GRAND CHENIER PTR CAME,R,CAMERON,LA,VIR,ZL,ZL,905,N,A,20131001,,Y,PLAINS GAS SOLUTIONS  LLC,790527878,5423,N,,,,,,20220810 15:00
1939164,TENNESSEE GAS PIPELINE,C000020,20260928 05:18,Blanks under Up/Dn Loc and Up/Dn Loc Name indicate Third Party information is not applicable.,420988,TGP/TGP SABINE PASS PLANT STRANGERS,D,CAMERON,LA,INT,ZL,ZL,820,N,I,,20130901,N,,,,,,,,,,20160401 10:05
1939164,TENNESSEE GAS PIPELINE,C000020,20260928 05:18,Blanks under Up/Dn Loc and Up/Dn Loc Name indicate Third Party information is not applicable.,420998,POOLING PT - 800 LEG - ZONE L,B,FRANKLIN,LA,PPT,ZL,ZL,823,Y,A,19940101,,N,,,,,,,,,,20160401 10:05
1939164,TENNESSEE GAS PIPELINE,C000020,20260928 05:18,Blanks under Up/Dn Loc and Up/Dn Loc Name indicate Third Party information is not applicable.,420999,POOLING PT - 500 LEG - ZONE L,B,FORREST,MS,PPT,ZL,ZL,530,Y,A,19940101,,N,,,,,,,,,,20241101 09:00
1939164,TENNESSEE GAS PIPELINE,C000020,20260928 05:18,Blanks under Up/Dn Loc and Up/Dn Loc Name indicate Third Party information is not applicable.,421000,ATMOS KY/TGP SIMPSON SIMPSON,D,SIMPSON,KY,LDC,Z2,Z2,187,Y,A,20100101,,Y,ATMOS ENERGY (KY)  A DIVISION OF ATMOS ENERGY CORPORATION,,6456,N,,,,,,20221117 15:00
1939164,TENNESSEE GAS PIPELINE,C000020,20260928 05:18,Blanks under Up/Dn Loc and Up/Dn Loc Name indicate Third Party information is not applicable.,421003,CAL GEN/TGP LOWN,D,LOWNDES,MS,EGN,Z1,Z1,542,Y,A,20200210,,Y,CALEDONIA GENERATING  LLC,,6432,N,,,,,,20241216 15:00
1939164,TENNESSEE GAS PIPELINE,C000020,20260928 05:18,Blanks under Up/Dn Loc and Up/Dn Loc Name indicate Third Party information is not applicable.,421004,DUKE ENT/TGP CLARK ENTERPRISE POWER,D,CLARKE,MS,LDC,Z1,Z1,534,N,I,,20100101,Y,DUKE ENERGY ENTERPRISE  LLC,,5748,N,,,,,,20170531 12:00
1939164,TENNESSEE GAS PIPELINE,C000020,20260928 05:18,Blanks under Up/Dn Loc and Up/Dn Loc Name indicate Third Party information is not applicable.,421007,NSTAR/TGP MARLBOROUGH MIDDLESEX,D,MIDDLESEX,MA,LDC,Z6,Z6,283,Y,A,20100101,,Y,NSTAR GAS COMPANY  DBA EVERSOURCE ENERGY,75345678,6072,N,,,,,,20181004 15:00
1939164,TENNESSEE GAS PIPELINE,C000020,20260928 05:18,Blanks under Up/Dn Loc and Up/Dn Loc Name indicate Third Party information is not applicable.,421008,EGTS/TGP CAN EAST TRANSFER POTTER,D,POTTER,PA,INT,Z4,Z4,396,Y,A,20161012,,Y,EASTERN GAS TRANSMISSION AND STORAGE  INC.,116025180,3531,Y,C000160,,CAN EAST TRANSFER,,,20210301 09:00
1939164,TENNESSEE GAS PIPELINE,C000020,20260928 05:18,Blanks under Up/Dn Loc and Up/Dn Loc Name indicate Third Party information is not applicable.,421010,LVILBRIK/TGP GRAHN BRICKYARD CARTER,D,CARTER,KY,END,Z2,Z2,111,Y,A,20100401,,Y,LOUISVILLE FIRE BRICK WORKS INC.,6376248,6455,N,,,,,,20161101 09:00
1939164,TENNESSEE GAS PIPELINE,C000020,20260928 05:18,Blanks under Up/Dn Loc and Up/Dn Loc Name indicate Third Party information is not applicable.,421011,CNTRPT/TGP IMPERIAL OAKS MONTGOMERY,D,MONTGOMERY,TX,LDC,Z0,Z0,117,Y,A,20260425,,Y,CENTERPOINT ENERGY RESOURCES CORP.,6948210,5569,N,,,,,,20260425 09:00
1939164,TENNESSEE GAS PIPELINE,C000020,20260928 05:18,Blanks under Up/Dn Loc and Up/Dn Loc Name indicate Third Party information is not applicable.,421012,ANR/TGP GREENVILLE SOUTH RECEIPT WA,B,WASHINGTON,MS,INT,Z1,Z1,143,Y,A,20100101,,Y,ANR PIPELINE COMPANY,6958581,2686,Y,C000623,336369,GREENVILLE SOUTH (DEL),336367,GREENVILLE SOUTH (REC),20160401 10:05
1939164,TENNESSEE GAS PIPELINE,C000020,20260928 05:18,Blanks under Up/Dn Loc and Up/Dn Loc Name indicate Third Party information is not applicable.,421013,BBTMIDLA/TGP FAIRBANKS OUACHITA,D,OUACHITA,LA,EGN,Z1,Z1,143,Y,A,20200210,,Y,BBT MIDLA  LLC,57111270,20371,Y,C001024,010152,TGP TO MIDLA - FAIRBANKS,,,20211214 15:00
1939164,TENNESSEE GAS PIPELINE,C000020,20260928 05:18,Blanks under Up/Dn Loc and Up/Dn Loc Name indicate Third Party information is not applicable.,421014,UGI/TGP WAYMART WAYNE,D,WAYNE,PA,LDC,Z4,Z4,321,Y,A,20100101,,Y,UGI ENERGY SERVICES  LLC,883504581,4936,N,,,,,,20160708 15:00
1939164,TENNESSEE GAS PIPELINE,C000020,20260928 05:18,Blanks under Up/Dn Loc and Up/Dn Loc Name indicate Third Party information is not applicable.,421015,ST  ENGYXXI/TGP S. TIMBALIER BLK 22,D,SOUTH TIMBALIER,LA,OTH,ZL,ZL,523,N,I,,20130901,Y,ENERGY XXI GOM  LLC,135905656,6399,N,,,,,,20160708 15:00
1939164,TENNESSEE GAS PIPELINE,C000020,20260928 05:18,Blanks under Up/Dn Loc and Up/Dn Loc Name indicate Third Party information is not applicable.,421016,CENTRVIL/TGP TURNEY PRISON HICKMAN,D,HICKMAN,TN,LDC,Z1,Z1,163,Y,A,20100101,,Y,CENTERVILLE  TOWN OF,77643716,6484,N,,,,,,20160609 15:00
1939164,TENNESSEE GAS PIPELINE,C000020,20260928 05:18,Blanks under Up/Dn Loc and Up/Dn Loc Name indicate Third Party information is not applicable.,421017,GDR/TGP RIO BRAVO HIDALGO,D,HIDALGO,TX,INT,Z0,Z0,491,Y,A,20221001,,Y,GASODUCTO DEL RIO  S.A. DE C.V.,812655665,5896,N,,,,,,20221001 09:00
1939164,TENNESSEE GAS PIPELINE,C000020,20260928 05:18,Blanks under Up/Dn Loc and Up/Dn Loc Name indicate Third Party information is not applicable.,421018,TET/TGP HANGING ROCK SCIOTO,D,SCIOTO,OH,EGN,Z4,Z4,200,Y,A,20211116,,Y,TEXAS EASTERN TRANSMISSION. LP,7932908,4074,Y,C000094,73413,TENNESSEE GAS P/L - HANGING ROCK LATERAL,,,20211214 15:00
1939164,TENNESSEE GAS PIPELINE,C000020,20260928 05:18,Blanks under Up/Dn Loc and Up/Dn Loc Name indicate Third Party information is not applicable.,421022,GB II NY/TGP GLENMONT SALES ALBANY,D,ALBANY,NY,EGN,Z5,Z5,249,Y,A,20260408,,Y,GB II NEW YORK LLC,41467874,11007,N,,,,,,20260409 15:00
1939164,TENNESSEE GAS PIPELINE,C000020,20260928 05:18,Blanks under Up/Dn Loc and Up/Dn Loc Name indicate Third Party information is not applicable.,421023,BOSTN/TGP OXFORD SALES WORCHESTER,D,WORCHESTER,MA,LDC,Z6,Z6,261,N,A,20241011,,Y,BOSTON GAS COMPANY D/B/A NATIONAL GRID,6951586,26177,Y,C001659,,21023 OXFORD,,,20241011 12:00
1939164,TENNESSEE GAS PIPELINE,C000020,20260928 05:18,Blanks under Up/Dn Loc and Up/Dn Loc Name indicate Third Party information is not applicable.,421025,EVRSRC/TGP WYETH GII ESSEX,D,ESSEX,MA,LDC,Z6,Z6,285,Y,A,20200210,,Y,EVERSOURCE GAS COMPANY OF MASSACHUSETTS DBA EVERSOURCE ENERG,117584378,19154,N,,,,,,20210826 09:00
1939164,TENNESSEE GAS PIPELINE,C000020,20260928 05:18,Blanks under Up/Dn Loc and Up/Dn Loc Name indicate Third Party information is not applicable.,421026,OAKLAND/TGP YALOBUSHA SALES YALOBUS,D,YALOBUSHA,MS,LDC,Z1,Z1,847,Y,A,20100101,,Y,OAKLAND YALOBUSHA NATURAL GAS DISTRICT,149651304,6068,N,,,,,,20160708 15:00
1939164,TENNESSEE GAS PIPELINE,C000020,20260928 05:18,Blanks under Up/Dn Loc and Up/Dn Loc Name indicate Third Party information is not applicable.,421028,CNTRPT/TGP DOWDELL ROAD HARRIS,D,HARRIS,TX,LDC,Z0,Z0,117,Y,A,20251009,,Y,CENTERPOINT ENERGY RESOURCES CORP.,6948210,5569,N,,,,,,20251014 09:00
1939164,TENNESSEE GAS PIPELINE,C000020,20260928 05:18,Blanks under Up/Dn Loc and Up/Dn Loc Name indicate Third Party information is not applicable.,421031,NEXERGAS/TGP COLBERT COLBERT,D,COLBERT,AL,LDC,Z1,Z1,548,Y,A,20200210,,Y,NEXTERA ENERGY SERVICES GAS  LLC,838611739,2835,N,,,,,,20260909 12:00
1939164,TENNESSEE GAS PIPELINE,C000020,20260928 05:18,Blanks under Up/Dn Loc and Up/Dn Loc Name indicate Third Party information is not applicable.,421034,ANR/TGP RAPIDES RAPIDES,B,RAPIDES,LA,INT,ZL,ZL,823,N,I,,20140130,Y,ANR PIPELINE COMPANY,6958581,2686,Y,C000623,467216,RAPIDES TGP/ANR-DEL,467215,RAPIDES TGP/ANR-REC,20160401 10:05
1939164,TENNESSEE GAS PIPELINE,C000020,20260928 05:18,Blanks under Up/Dn Loc and Up/Dn Loc Name indicate Third Party information is not applicable.,421035,NSTAR/TGP ROUTE 9 FRAMINGHAM MIDDLE,D,MIDDLESEX,MA,LDC,Z6,Z6,268,Y,A,20100101,,Y,NSTAR GAS COMPANY  DBA EVERSOURCE ENERGY,75345678,6072,N,,,,,,20181004 15:00
1939164,TENNESSEE GAS PIPELINE,C000020,20260928 05:18,Blanks under Up/Dn Loc and Up/Dn Loc Name indicate Third Party information is not applicable.,421041,KINETICA/TGP ACADIAN BLUEWATER INTE,D,ACADIA,LA,INT,ZL,ZL,509,N,I,,20200701,Y,KINETICA ENERGY EXPRESS L.L.C.,263938488,8566,Y,C003552,014000,ACADIAN TGP,,,20200729 09:00
1939164,TENNESSEE GAS PIPELINE,C000020,20260928 05:18,Blanks under Up/Dn Loc and Up/Dn Loc Name indicate Third Party information is not applicable.,421042,ELIZ NG/TGP EVANGELINE SALES EVANGE,D,EVANGELINE,LA,LDC,ZL,ZL,823,Y,A,20150710,,Y,ELIZABETH NATURAL GAS  INC.,5608732,6119,N,,,,,,20160616 12:00
1939164,TENNESSEE GAS PIPELINE,C000020,20260928 05:18,Blanks under Up/Dn Loc and Up/Dn Loc Name indicate Third Party information is not applicable.,421043,PINE PRA/TGP PINE PRAIRIE NORTH RAP,B,RAPIDES,LA,STR,ZL,ZL,823,Y,A,20100101,,Y,PINE PRAIRIE ENERGY CENTER  LLC,187408526,4773,Y,C001058,TENNESSEE 800L,TENNESSEE 800L,,,20160607 15:00
1939164,TENNESSEE GAS PIPELINE,C000020,20260928 05:18,Blanks under Up/Dn Loc and Up/Dn Loc Name indicate Third Party information is not applicable.,421046,STAGEPS/TGP STA 319 OWEGO BRADFORD,B,BRADFORD,PA,INT,Z4,Z4,319,Y,A,20100101,,Y,STAGECOACH PIPELINE & STORAGE COMPANY LLC,32573971,6678,Y,C001683,,TENNESSEE,,,20220322 09:00
1939164,TENNESSEE GAS PIPELINE,C000020,20260928 05:18,Blanks under Up/Dn Loc and Up/Dn Loc Name indicate Third Party information is not applicable.,421049,TGP/TGP GRAND CHENIER PLANT CAMERON,D,CAMERON,LA,INT,ZL,ZL,905,Y,I,,20190901,N,,,,,,,,,,20190911 15:00
1939164,TENNESSEE GAS PIPELINE,C000020,20260928 05:18,Blanks under Up/Dn Loc and Up/Dn Loc Name indicate Third Party information is not applicable.,421051,TGP/TGP PORT SULPHUR LIQUIDS: DIP 5,D,PLAQUEMINES,LA,INT,ZL,ZL,527,Y,A,20100101,,N,,,,,,,,,,20160401 10:05
1939164,TENNESSEE GAS PIPELINE,C000020,20260928 05:18,Blanks under Up/Dn Loc and Up/Dn Loc Name indicate Third Party information is not applicable.,421052,CNTRPT/TGP SKINNER: DIP 20M-141 HAR,D,HARRIS,TX,LDC,Z0,Z0,117,Y,A,20251009,,Y,CENTERPOINT ENERGY RESOURCES CORP.,6948210,5569,N,,,,,,20251014 09:00
1939164,TENNESSEE GAS PIPELINE,C000020,20260928 05:18,Blanks under Up/Dn Loc and Up/Dn Loc Name indicate Third Party information is not applicable.,421053,GRAYSON/TGP GRAYSON KY 2 : DIP GRAY,D,CARTER,KY,LDC,Z2,Z2,111,Y,A,20100101,,Y,CITY OF GRAYSON  KY,72669898,6469,N,,,,,,20250807 15:00
1939164,TENNESSEE GAS PIPELINE,C000020,20260928 05:18,Blanks under Up/Dn Loc and Up/Dn Loc Name indicate Third Party information is not applicable.,421054,CPTENTEX/TGP BRIDGELAND: DIP 20N-10,D,HARRIS,TX,LDC,Z0,Z0,117,Y,A,20251009,,Y,CENTERPOINT ENERGY ENTEX,46700779,6543,N,,,,,,20251014 09:00
1939164,TENNESSEE GAS PIPELINE,C000020,20260928 05:18,Blanks under Up/Dn Loc and Up/Dn Loc Name indicate Third Party information is not applicable.,421055,TRES PAL/TGP TRES PALACIOS STORAGE:,B,WHARTON,TX,STR,Z0,Z0,109,Y,A,20100101,,Y,TRES PALACIOS GAS STORAGE LLC,791204600,4776,Y,C001337,421055,TGP,,,20160523 15:00
1939164,TENNESSEE GAS PIPELINE,C000020,20260928 05:18,Blanks under Up/Dn Loc and Up/Dn Loc Name indicate Third Party information is not applicable.,421056,ACADIAN/TGP INDIAN BAYOU: DIP 510B-,D,VERMILION,LA,INT,ZL,ZL,515,Y,A,20220406,,Y,ACADIAN GAS PIPELINE SYSTEM,135481971,17883,Y,C000932,021056,TENN INDIAN BAYOU,,,20220407 12:00
1939164,TENNESSEE GAS PIPELINE,C000020,20260928 05:18,Blanks under Up/Dn Loc and Up/Dn Loc Name indicate Third Party information is not applicable.,421058,WESTFLD/TGP SOUTHWICK :  DIP 259C H,D,HAMPDEN,MA,LDC,Z6,Z6,256,Y,A,20260408,,Y,WESTFIELD  CITY OF  GAS & ELECTRIC LIGHT,127575165,6100,N,,,,,,20260409 15:00
1939164,TENNESSEE GAS PIPELINE,C000020,20260928 05:18,Blanks under Up/Dn Loc and Up/Dn Loc Name indicate Third Party information is not applicable.,421059,SESH/TGP PETAL INTERCONNECT: RIP 53,B,FORREST,MS,INT,Z1,Z1,534,Y,A,20100101,,Y,SOUTHEAST SUPPLY HEADER  L.L.C.,808264746,4894,Y,C001203,83008,TGP,83108,TGP,20160401 10:05
1939164,TENNESSEE GAS PIPELINE,C000020,20260928 05:18,Blanks under Up/Dn Loc and Up/Dn Loc Name indicate Third Party information is not applicable.,421061,MNROE GS/TGP MONROE GAS STORAGE REC,B,LAMAR,AL,STR,Z1,Z1,548,Y,A,20100101,,Y,MONROE GAS STORAGE COMPANY  LLC,790550920,6291,Y,C001591,1302357,TENNESSEE GAS PIPELINE,,,20160607 15:00
1939164,TENNESSEE GAS PIPELINE,C000020,20260928 05:18,Blanks under Up/Dn Loc and Up/Dn Loc Name indicate Third Party information is not applicable.,421062,ENTRGYLA/TGP PERRYVILLE POWER OUACH,D,OUACHITA,LA,EGN,Z1,Z1,143,Y,A,20200210,,Y,ENTERGY LOUISIANA  LLC,80021872,6544,N,,,,,,20211214 15:00
1939164,TENNESSEE GAS PIPELINE,C000020,20260928 05:18,Blanks under Up/Dn Loc and Up/Dn Loc Name indicate Third Party information is not applicable.,421064,E TX ELE/TGP  SAN JACINTO,D,SAN JACINTO,TX,EGN,Z0,Z0,125,Y,A,20100101,,Y,EAST TEXAS ELECTRIC COOPERATIVE  INC.,948535265,4895,N,,,,,,20211214 15:00
1939164,TENNESSEE GAS PIPELINE,C000020,20260928 05:18,Blanks under Up/Dn Loc and Up/Dn Loc Name indicate Third Party information is not applicable.,421067,CALPINE/TGP HIDA,D,HIDALGO,TX,EGN,Z0,Z0,490,Y,A,20210406,,Y,CALPINE ENERGY SERVICES  L.P.,169668212,3084,N,,,,,,20241216 15:00
1939164,TENNESSEE GAS PIPELINE,C000020,20260928 05:18,Blanks under Up/Dn Loc and Up/Dn Loc Name indicate Third Party information is not applicable.,421068,KAISER/TGP WYCKOFF STORAGE STEUBEN,B,STEUBEN,NY,STR,Z5,Z5,299,Y,A,20100101,,Y,KAISER-FRANCIS OIL COMPANY,72417900,17607,N,,,,,,20160708 15:00
1939164,TENNESSEE GAS PIPELINE,C000020,20260928 05:18,Blanks under Up/Dn Loc and Up/Dn Loc Name indicate Third Party information is not applicable.,421070,EMPIREGN/TGP SCHODACK RENSSELAER,D,RENSSELAER,NY,EGN,Z5,Z5,249,Y,A,20260408,,Y,EMPIRE GENERATING CO  LLC,829226377,5696,N,,,,,,20260409 15:00
1939164,TENNESSEE GAS PIPELINE,C000020,20260928 05:18,Blanks under Up/Dn Loc and Up/Dn Loc Name indicate Third Party information is not applicable.,421075,LINDYPAV/TGP BIG BEAVER: DIP 217A 1,D,BEAVER,PA,END,Z4,Z4,290,Y,A,20110823,,Y,LINDY PAVING   INC.,99523201,6320,N,,,,,,20160708 15:00
1939164,TENNESSEE GAS PIPELINE,C000020,20260928 05:18,Blanks under Up/Dn Loc and Up/Dn Loc Name indicate Third Party information is not applicable.,421076,YANK GAS/TGP THOMPSONVILLE NO. 2 BO,D,HARTFORD,CT,LDC,Z6,Z6,261,Y,I,,20180101,Y,YANKEE GAS SERVICES COMPANY  DBA EVERSOURCE ENERGY,361667371,5619,Y,C001021,421076,THOMPSONVILLE #2 CT,,,20181101 12:00
1939164,TENNESSEE GAS PIPELINE,C000020,20260928 05:18,Blanks under Up/Dn Loc and Up/Dn Loc Name indicate Third Party information is not applicable.,421077,ELYSIUM/TGP POTASH: DIP 528 2 PLAQU,D,PLAQUEMINES,LA,INT,ZL,ZL,527,Y,A,20220111,,Y,ELYSIUM ENERGY  L.L.C.,116040163,6592,N,,,,,,20220111 09:00
1939164,TENNESSEE GAS PIPELINE,C000020,20260928 05:18,Blanks under Up/Dn Loc and Up/Dn Loc Name indicate Third Party information is not applicable.,421078,HESS/TGP RATCLIFFE: DIP 542B 101.1,D,KEMPER,MS,EGN,Z1,Z1,542,Y,A,20200210,,Y,HESS CORPORATION,6979785,15004,N,,,,,,20211214 15:00
1939164,TENNESSEE GAS PIPELINE,C000020,20260928 05:18,Blanks under Up/Dn Loc and Up/Dn Loc Name indicate Third Party information is not applicable.,421079,TRANSCAN/TGP UDP NIAGARA RIVER DELI,D,NIAGARA,NY,INT,Z5,Z5,296,Y,A,20161012,,Y,TRANSCANADA PIPELINES LIMITED,201772480,19949,N,,,,,,20161012 15:00
1939164,TENNESSEE GAS PIPELINE,C000020,20260928 05:18,Blanks under Up/Dn Loc and Up/Dn Loc Name indicate Third Party information is not applicable.,421080,CABOT/TGP ST MARY CARBON BLACK: DIP,D,ST MARY,LA,END,ZL,ZL,515,Y,A,20140619,,Y,CABOT CORP,,6082,N,,,,,,20170531 12:00
1939164,TENNESSEE GAS PIPELINE,C000020,20260928 05:18,Blanks under Up/Dn Loc and Up/Dn Loc Name indicate Third Party information is not applicable.,421081,MIDDLETN/TGP MIDDLETON TN: DIP 71 0,D,HARDEMAN,TN,LDC,Z1,Z1,163,Y,A,20170803,,Y,CITY OF MIDDLETON GAS SYSTEM,96073820,8449,N,,,,,,20170804 09:00
1939164,TENNESSEE GAS PIPELINE,C000020,20260928 05:18,Blanks under Up/Dn Loc and Up/Dn Loc Name indicate Third Party information is not applicable.,421082,CEIP/TGP MOORHEAD ROAD: DIP 23B 101,D,MONTGOMERY,TX,LDC,Z0,Z0,117,Y,A,20260407,,Y,CENTERPOINT ENERGY INTRASTATE PIPELINES  LLC,,21330,N,,,,,,20260407 09:00
1939164,TENNESSEE GAS PIPELINE,C000020,20260928 05:18,Blanks under Up/Dn Loc and Up/Dn Loc Name indicate Third Party information is not applicable.,421083,ENLINK/TGP PORT OF VICTORIA: DIP 8H,D,VICTORIA,TX,LDC,Z0,Z0,101,Y,A,20151101,,Y,ENLINK MIDSTREAM OPERATING  LP,878636729,1634,N,,,,,,20180122 12:00
1939164,TENNESSEE GAS PIPELINE,C000020,20260928 05:18,Blanks under Up/Dn Loc and Up/Dn Loc Name indicate Third Party information is not applicable.,421085,NEXERGAS/TGP PEDERSON ROAD WALLER,D,WALLER,TX,LDC,Z0,Z0,117,Y,A,20190701,,Y,NEXTERA ENERGY SERVICES GAS  LLC,838611739,2835,N,,,,,,20260909 12:00
1939164,TENNESSEE GAS PIPELINE,C000020,20260928 05:18,Blanks under Up/Dn Loc and Up/Dn Loc Name indicate Third Party information is not applicable.,421086,E OH GAS/TGP PLEASANT VALLEY TUSCAR,D,TUSCARAWAS,OH,INT,Z4,Z4,212,Y,A,20210406,,Y,THE EAST OHIO GAS COMPANY:  D/B/A/ DOMINION ENERGY OHIO,7900475,6032,Y,C001002,ML044,TGP PLEASANT VALLEY,,,20210408 09:00
1939164,TENNESSEE GAS PIPELINE,C000020,20260928 05:18,Blanks under Up/Dn Loc and Up/Dn Loc Name indicate Third Party information is not applicable.,440259,TGP/TGP CARNES COMPRESSOR FUEL STON,D,STONE,MS,INT,ZL,ZL,530,N,I,,20100101,N,,,,,,,,,,20241101 09:00
1939164,TENNESSEE GAS PIPELINE,C000020,20260928 05:18,Blanks under Up/Dn Loc and Up/Dn Loc Name indicate Third Party information is not applicable.,450105,AMMID SC/TGP QUIVIRA ST MARY,R,ST MARY,LA,GTH,ZL,ZL,515,N,I,,20190801,Y,AMERICAN MIDSTREAM OFFSHORE (SEACREST) L.P.,18641089,6684,N,,,,,,20190813 15:00
1939164,TENNESSEE GAS PIPELINE,C000020,20260928 05:18,Blanks under Up/Dn Loc and Up/Dn Loc Name indicate Third Party information is not applicable.,450257,KINETICA/TGP STA 527 FLASH GAS & V.,R,PLAQUEMINES,LA,INT,ZL,ZL,527,N,A,20140301,,Y,KINETICA ENERGY EXPRESS L.L.C.,263938488,8566,Y,C003552,024000,PORT SULPHUR,,,20191007 09:00
1939164,TENNESSEE GAS PIPELINE,C000020,20260928 05:18,Blanks under Up/Dn Loc and Up/Dn Loc Name indicate Third Party information is not applicable.,450261,CENAGAS/TGP PEMEX CHECK DELIV SOUTH,D,HIDALGO,TX,INT,Z0,Z0,492,Y,A,20200210,,Y,CENTRO NACIONAL DE CONTROL DEL GAS NATURAL,812819334,10053,N,,,,,,20200211 15:00
1939164,TENNESSEE GAS PIPELINE,C000020,20260928 05:18,Blanks under Up/Dn Loc and Up/Dn Loc Name indicate Third Party information is not applicable.,450262,CENAGAS/TGP REC NORTH HIDALGO,R,HIDALGO,TX,INT,Z0,Z0,492,Y,A,20140301,,Y,CENTRO NACIONAL DE CONTROL DEL GAS NATURAL,812819334,10053,N,,,,,,20180626 09:00
1939164,TENNESSEE GAS PIPELINE,C000020,20260928 05:18,Blanks under Up/Dn Loc and Up/Dn Loc Name indicate Third Party information is not applicable.,450303,TGP/TGP GRAND CHENIER STRADDLE PLAN,R,CAMERON,LA,INT,ZL,ZL,905,N,I,,20190901,N,,,,,,,,,,20190911 15:00
1939164,TENNESSEE GAS PIPELINE,C000020,20260928 05:18,Blanks under Up/Dn Loc and Up/Dn Loc Name indicate Third Party information is not applicable.,460003,NFG/TGP HAMBURG COLDEN INJECTION ER,B,ERIE,NY,INT,Z5,Z5,224,Y,A,20100101,,Y,NATIONAL FUEL GAS SUPPLY CORP,7912959,6313,Y,C000046,460003,COLDEN STORAGE,,,20160401 10:05
1939164,TENNESSEE GAS PIPELINE,C000020,20260928 05:18,Blanks under Up/Dn Loc and Up/Dn Loc Name indicate Third Party information is not applicable.,460004,EGTS/TGP HARRISON INJECTION POTTER,B,POTTER,PA,INT,Z4,Z4,399,Y,A,20100101,,Y,EASTERN GAS TRANSMISSION AND STORAGE  INC.,116025180,3531,Y,C000160,40109,TGP - HARRISON,,,20210301 09:00
1939164,TENNESSEE GAS PIPELINE,C000020,20260928 05:18,Blanks under Up/Dn Loc and Up/Dn Loc Name indicate Third Party information is not applicable.,460008,TGP/TGP ELLISBURG INJECTION POTTER,B,POTTER,PA,INT,Z4,Z4,395,N,A,20131001,,N,,,,,,,,,,20160401 10:05
1939164,TENNESSEE GAS PIPELINE,C000020,20260928 05:18,Blanks under Up/Dn Loc and Up/Dn Loc Name indicate Third Party information is not applicable.,460012,EGTS/TGP ELLISBURG INJECTION POTTER,B,POTTER,PA,INT,Z4,Z4,395,Y,A,20100101,,Y,EASTERN GAS TRANSMISSION AND STORAGE  INC.,116025180,3531,Y,C000160,40107,TGP - ELLISBURG,,,20210301 09:00
1939164,TENNESSEE GAS PIPELINE,C000020,20260928 05:18,Blanks under Up/Dn Loc and Up/Dn Loc Name indicate Third Party information is not applicable.,460014,SNG/TGP BEAR CREEK 12 STORAGE INJEC,B,BIENVILLE,LA,INT,Z1,Z1,141,N,A,20100101,,Y,SOUTHERN NATURAL GAS COMPANY  L.L.C.,6900518,3705,Y,C000021,460014,SNG/TGP BEAR CREEK 12 STORAGE INJEC,,,20221001 09:00
1939164,TENNESSEE GAS PIPELINE,C000020,20260928 05:18,Blanks under Up/Dn Loc and Up/Dn Loc Name indicate Third Party information is not applicable.,460015,SNG/TGP BEAR CREEK 12 STORAGE INJEC,B,BIENVILLE,LA,INT,Z1,Z1,141,N,A,20100101,,Y,SOUTHERN NATURAL GAS COMPANY  L.L.C.,6900518,3705,Y,C000021,460015,SNG/TGP BEAR CREEK 12 STORAGE INJEC,,,20221001 09:00
1939164,TENNESSEE GAS PIPELINE,C000020,20260928 05:18,Blanks under Up/Dn Loc and Up/Dn Loc Name indicate Third Party information is not applicable.,460016,SNG/TGP BEAR CREEK STORAGE INJ 3 BI,B,BIENVILLE,LA,INT,Z1,Z1,141,N,A,20100101,,Y,SOUTHERN NATURAL GAS COMPANY  L.L.C.,6900518,3705,Y,C000021,460016,SNG/TGP BEAR CREEK STORAGE INJ 3 BI,,,20221001 09:00
1939164,TENNESSEE GAS PIPELINE,C000020,20260928 05:18,Blanks under Up/Dn Loc and Up/Dn Loc Name indicate Third Party information is not applicable.,460017,STORAGE - BEAR CREEK,B,NATCHITOCHES,LA,STR,Z1,Z1,141,Y,A,19940101,,Y,BEAR CREEK STORAGE COMPANY  L.L.C.,108329079,157,Y,C003234,460017,STORAGE - BEAR CREEK,,,20160401 10:05
1939164,TENNESSEE GAS PIPELINE,C000020,20260928 05:18,Blanks under Up/Dn Loc and Up/Dn Loc Name indicate Third Party information is not applicable.,460018,STORAGE - NORTHERN,B,POTTER,PA,STR,Z4,Z4,313,Y,A,19940101,,N,,,,,,,,,,20160401 10:05
1939164,TENNESSEE GAS PIPELINE,C000020,20260928 05:18,Blanks under Up/Dn Loc and Up/Dn Loc Name indicate Third Party information is not applicable.,460020,STORAGE - PORTLAND - PA,B,SUMNER,TN,STR,Z1,Z1,163,Y,A,20100101,,N,,,,,,,,,,20160401 10:05
1939164,TENNESSEE GAS PIPELINE,C000020,20260928 05:18,Blanks under Up/Dn Loc and Up/Dn Loc Name indicate Third Party information is not applicable.,460025,STORAGE - PORTLAND - MA,B,SUMNER,TN,STR,Z1,Z1,163,Y,A,20100101,,N,,,,,,,,,,20160401 10:05
1939164,TENNESSEE GAS PIPELINE,C000020,20260928 05:18,Blanks under Up/Dn Loc and Up/Dn Loc Name indicate Third Party information is not applicable.,470001,HEBRON STORAGE WITHDRAWAL POTTER,R,POTTER,PA,OTH,Z4,Z4,398,Y,A,20241011,,N,,,,,,,,,,20241011 12:00
1939164,TENNESSEE GAS PIPELINE,C000020,20260928 05:18,Blanks under Up/Dn Loc and Up/Dn Loc Name indicate Third Party information is not applicable.,601000,FGT/SNG FRANKLINTON WASHINGTON,D,WASHINGTON,LA,INT,ZL,ZL,5330,Y,A,20200403,,Y,FLORIDA GAS TRANSMISSION COMPANY  LLC,6924518,1445,Y,C000255,11224,SNG FRANKLINTON (REC),,,20250201 09:00
1939164,TENNESSEE GAS PIPELINE,C000020,20260928 05:18,Blanks under Up/Dn Loc and Up/Dn Loc Name indicate Third Party information is not applicable.,605150,BBTMISS/SNG SILVER CREEK JEFFERSON,D,JEFFERSON DAVIS,MS,INT,Z1,Z1,5370,Y,A,20250113,,Y,BBT MISSISSIPPI  LLC,117360182,10710,N,,,,,,20250201 09:00
1939164,TENNESSEE GAS PIPELINE,C000020,20260928 05:18,Blanks under Up/Dn Loc and Up/Dn Loc Name indicate Third Party information is not applicable.,606610,SESH/SNG JEFFERS,B,JEFFERSON DAVIS,MS,INT,Z1,Z1,5390,Y,A,20130101,,Y,SOUTHEAST SUPPLY HEADER  L.L.C.,808264746,4894,Y,C001203,83106,SONAT GWINVILLE,,,20250201 09:00
1939164,TENNESSEE GAS PIPELINE,C000020,20260928 05:18,Blanks under Up/Dn Loc and Up/Dn Loc Name indicate Third Party information is not applicable.,608100,GULFSTH/SNG SMIT,R,SMITH,MS,INT,Z1,Z1,5410,Y,A,20161012,,Y,GULF SOUTH PIPELINE COMPANY  LLC,78444247,26373,Y,C000591,022723,BAY SPRINGS (TO SNG) EXPANSION,,,20250201 09:00
1939164,TENNESSEE GAS PIPELINE,C000020,20260928 05:18,Blanks under Up/Dn Loc and Up/Dn Loc Name indicate Third Party information is not applicable.,608500,LEAF/SNG JASPER,B,JASPER,MS,STR,Z1,Z1,5420,Y,A,20130101,,Y,LEAF RIVER ENERGY CENTER LLC,806804410,4970,Y,C002311,006900518,SONAT,,,20250201 09:00
1939164,TENNESSEE GAS PIPELINE,C000020,20260928 05:18,Blanks under Up/Dn Loc and Up/Dn Loc Name indicate Third Party information is not applicable.,609400,MSHUB/SNG SIMPSO,B,SIMPSON,MS,STR,Z1,Z1,5410,Y,A,20130101,,Y,MISSISSIPPI HUB  LLC,827022182,6954,Y,C001199,1112164,SOUTHERN NATURAL GAS,1112164,SOUTHERN NATURAL GAS,20250103 15:00
1939164,TENNESSEE GAS PIPELINE,C000020,20260928 05:18,Blanks under Up/Dn Loc and Up/Dn Loc Name indicate Third Party information is not applicable.,640000,HIGH PT/SNG TOCA ST BERNARD,R,ST BERNARD,LA,INT,ZL,ZL,5320,Y,A,20210406,,Y,HIGH POINT GAS TRANSMISSION  LLC,78497536,8345,Y,C003189,020001,SNG INTERCONNECT,,,20250103 12:00
1939164,TENNESSEE GAS PIPELINE,C000020,20260928 05:18,Blanks under Up/Dn Loc and Up/Dn Loc Name indicate Third Party information is not applicable.,647800,PUNDS JR/SNG UDP KNOXO FIELD WALTHA,R,WALTHALL,MS,GTH,Z1,Z1,5370,Y,I,,20250801,Y,POUNDS  J R INC.,156002487,7143,N,,,,,,20250806 15:00
1939164,TENNESSEE GAS PIPELINE,C000020,20260928 05:18,Blanks under Up/Dn Loc and Up/Dn Loc Name indicate Third Party information is not applicable.,648500,CHISOS/SNG UDP DEXTER FIELD WALTHAL,R,WALTHALL,MS,GTH,Z1,Z1,5370,Y,A,20130101,,Y,CHISOS PIPELINE COMPANY LLC,363557047,9513,N,,,,,,20250102 15:01
1939164,TENNESSEE GAS PIPELINE,C000020,20260928 05:18,Blanks under Up/Dn Loc and Up/Dn Loc Name indicate Third Party information is not applicable.,900553,TGP/NGPL CHALKLEY CAMERON,R,CAMERON,LA,INT,ZL,ZL,905,Y,I,,20190301,Y,TENNESSEE GAS PIPELINE COMPANY  L.L.C.,1939164,4052,Y,C000020,900553,TGP/NGPL CHALKLEY CAMERON,,,20190307 09:00
