TSP,TSP Name,TSP FERC CID,Date/Time,Comments,Loc,Loc Name,Dir Flo,Loc Cnty,Loc St Abbrev,Loc Type Ind,Loc Zone (Rec),Loc Zone (Del),Seg Nbr,Nom Ind,Loc Stat Ind,Eff Date,Inact Date,Up/Dn Ind,Up/Dn Name,Up/Dn ID,Up/Dn ID Prop,Up/Dn FERC CID Ind,Up/Dn FERC CID,Up/Dn Loc,Up/Dn Loc Name,Up/Dn Loc 2,Up/Dn Loc Name2,Update D/T
6931794,NATURAL GAS PIPELINE CO.,C002096,20260928 05:18,Blanks under Up/Dn Loc and Up/Dn Loc Name indicate Third Party information is not applicable.,17,NICORGAS/NGPL FRANKLIN GROVE LEE,D,LEE,IL,LDC,IAIL,MRKT,29,N,A,20260611,,Y,NICOR GAS COMPANY,6927792,2948,Y,C000600,266,FRANKLIN GROVE,,,20260611 09:00
6931794,NATURAL GAS PIPELINE CO.,C002096,20260928 05:18,Blanks under Up/Dn Loc and Up/Dn Loc Name indicate Third Party information is not applicable.,20,NICORGAS/NGPL HARMON LEE,D,LEE,IL,LDC,IAIL,MRKT,29,N,A,20260611,,Y,NICOR GAS COMPANY,6927792,2948,Y,C000600,281,HARMON,,,20260611 09:00
6931794,NATURAL GAS PIPELINE CO.,C002096,20260928 05:18,Blanks under Up/Dn Loc and Up/Dn Loc Name indicate Third Party information is not applicable.,27,NICORGAS/NGPL NORWAY LA SALLE,D,LA SALLE,IL,LDC,IAIL,MRKT,14,N,A,20260611,,Y,NICOR GAS COMPANY,6927792,2948,Y,C000600,324,NORWAY,,,20260611 09:00
6931794,NATURAL GAS PIPELINE CO.,C002096,20260928 05:18,Blanks under Up/Dn Loc and Up/Dn Loc Name indicate Third Party information is not applicable.,34,AMER IL/NGPL HENNEPIN BUREAU,D,BUREAU,IL,LDC,IAIL,MRKT,14,N,A,20220312,,Y,AMEREN ILLINOIS COMPANY,6936017,5254,Y,C003986,34,DEPUE,,,20220312 09:00
6931794,NATURAL GAS PIPELINE CO.,C002096,20260928 05:18,Blanks under Up/Dn Loc and Up/Dn Loc Name indicate Third Party information is not applicable.,55,MIDAMER/NGPL ILL CITY ROCK ISLAND,D,ROCK ISLAND,IL,LDC,IAIL,MRKT,14,N,A,20260611,,Y,MIDAMERICAN ENERGY COMPANY,884718768,26481,N,,,,,,20260611 09:00
6931794,NATURAL GAS PIPELINE CO.,C002096,20260928 05:18,Blanks under Up/Dn Loc and Up/Dn Loc Name indicate Third Party information is not applicable.,56,NICORGAS/NGPL RO,D,ROCK ISLAND,IL,LDC,IAIL,MRKT,14,N,A,20260611,,Y,NICOR GAS COMPANY,6927792,2948,Y,C000600,323,ILLINOIS CITY,,,20260611 09:00
6931794,NATURAL GAS PIPELINE CO.,C002096,20260928 05:18,Blanks under Up/Dn Loc and Up/Dn Loc Name indicate Third Party information is not applicable.,58,MIDAMER/NGPL W LIBERTY MUSCATINE,D,MUSCATINE,IA,LDC,IAIL,MRKT,14,N,A,20260611,,Y,MIDAMERICAN ENERGY COMPANY,884718768,26481,N,,,,,,20260611 09:00
6931794,NATURAL GAS PIPELINE CO.,C002096,20260928 05:18,Blanks under Up/Dn Loc and Up/Dn Loc Name indicate Third Party information is not applicable.,66,MIDAMER/NGPL CEDR RAP#2 WASHINGTON,D,WASHINGTON,IA,LDC,IAIL,MRKT,14,N,A,20131201,,Y,MIDAMERICAN ENERGY COMPANY,884718768,26481,N,,,,,,20160601 15:00
6931794,NATURAL GAS PIPELINE CO.,C002096,20260928 05:18,Blanks under Up/Dn Loc and Up/Dn Loc Name indicate Third Party information is not applicable.,68,IPLC/NGPL WASHINGTON WASHINGTON,D,WASHINGTON,IA,LDC,IAIL,MRKT,14,N,A,20260611,,Y,INTERSTATE POWER AND LIGHT COMPANY,6940522,2066,Y,C004559,68,WASHINGTON,,,20260611 09:00
6931794,NATURAL GAS PIPELINE CO.,C002096,20260928 05:18,Blanks under Up/Dn Loc and Up/Dn Loc Name indicate Third Party information is not applicable.,113,MIDAMER/NGPL MALVERN MILLS,D,MILLS,IA,LDC,AMAR,MRKT,13,N,A,20250102,,Y,MIDAMERICAN ENERGY COMPANY,884718768,26481,N,,,,,,20250103 09:00
6931794,NATURAL GAS PIPELINE CO.,C002096,20260928 05:18,Blanks under Up/Dn Loc and Up/Dn Loc Name indicate Third Party information is not applicable.,115,MIDAMER/NGPL PACIFIC JCT MILLS,D,MILLS,IA,LDC,AMAR,MRKT,12,N,A,20260611,,Y,MIDAMERICAN ENERGY COMPANY,884718768,26481,N,,,,,,20260611 09:00
6931794,NATURAL GAS PIPELINE CO.,C002096,20260928 05:18,Blanks under Up/Dn Loc and Up/Dn Loc Name indicate Third Party information is not applicable.,118,NEB CITY/NGPL  OTOE,D,OTOE,NE,LDC,AMAR,MRKT,12,N,A,20260611,,Y,CITY OF NEBRASKA CITY   NEBRASKA,76983428,18024,N,,,,,,20260611 09:00
6931794,NATURAL GAS PIPELINE CO.,C002096,20260928 05:18,Blanks under Up/Dn Loc and Up/Dn Loc Name indicate Third Party information is not applicable.,148,AMER IL/NGPL DELAND PIATT,D,PIATT,IL,LDC,IAIL,MRKT,28,N,A,20260611,,Y,AMEREN ILLINOIS COMPANY,6936017,5254,Y,C003986,148,DELAND,,,20260611 09:00
6931794,NATURAL GAS PIPELINE CO.,C002096,20260928 05:18,Blanks under Up/Dn Loc and Up/Dn Loc Name indicate Third Party information is not applicable.,154,BETHANY/NGPL  MOULTRIE,D,MOULTRIE,IL,LDC,IAIL,MRKT,28,Y,A,20260611,,Y,VILLAGE OF BETHANY  ILLINOIS,79145090,15021,N,,,,,,20260611 09:00
6931794,NATURAL GAS PIPELINE CO.,C002096,20260928 05:18,Blanks under Up/Dn Loc and Up/Dn Loc Name indicate Third Party information is not applicable.,157,AMER IL/NGPL WINDSOR SHELBY,D,SHELBY,IL,LDC,IAIL,MRKT,28,N,A,20260611,,Y,AMEREN ILLINOIS COMPANY,6936017,5254,Y,C003986,157,WINDSOR,,,20260611 09:00
6931794,NATURAL GAS PIPELINE CO.,C002096,20260928 05:18,Blanks under Up/Dn Loc and Up/Dn Loc Name indicate Third Party information is not applicable.,167,SALEM/NGPL  CLINTON,D,CLINTON,IL,LDC,IAIL,MRKT,28,Y,A,20260303,,Y,CITY OF SALEM  ILLINOIS,71954374,3533,N,,,,,,20260304 09:00
6931794,NATURAL GAS PIPELINE CO.,C002096,20260928 05:18,Blanks under Up/Dn Loc and Up/Dn Loc Name indicate Third Party information is not applicable.,1753,OXY/NGPL INDIAN BASIN PLT EDDY,R,EDDY,NM,PLT,PERM,PERM,7,Y,A,20140101,,Y,OXY USA WTP  LIMITED PARTNERSHIP,133260518,4227,N,,,,,,20160601 15:00
6931794,NATURAL GAS PIPELINE CO.,C002096,20260928 05:18,Blanks under Up/Dn Loc and Up/Dn Loc Name indicate Third Party information is not applicable.,1759,TARSAGS/NGPL SHOE BAR RANCH LEA,R,LEA,NM,PLT,PERM,PERM,9,Y,A,20131201,,Y,TARGA SAN ANDRES GAS SERVICES LLC,80597481,10016,N,,,,,,20260310 09:00
6931794,NATURAL GAS PIPELINE CO.,C002096,20260928 05:18,Blanks under Up/Dn Loc and Up/Dn Loc Name indicate Third Party information is not applicable.,1790,OXY/NGPL FUEL GAS #2 EDDY,D,EDDY,NM,PLT,PERM,PERM,7,Y,A,20260611,,Y,OXY USA WTP  LIMITED PARTNERSHIP,133260518,4227,N,,,,,,20260611 09:00
6931794,NATURAL GAS PIPELINE CO.,C002096,20260928 05:18,Blanks under Up/Dn Loc and Up/Dn Loc Name indicate Third Party information is not applicable.,1791,DCP OPER/NGPL FUEL GAS EDDY,D,EDDY,NM,GTH,PERM,PERM,7,Y,A,20260611,,Y,DCP OPERATING COMPANY  LP,3048753,3368,Y,C011323,1791,DCP OPER/NGPL FUEL GAS EDDY,,,20260611 09:00
6931794,NATURAL GAS PIPELINE CO.,C002096,20260928 05:18,Blanks under Up/Dn Loc and Up/Dn Loc Name indicate Third Party information is not applicable.,2965,NICORGAS/NGPL FARMER CITY PIATT,D,PIATT,IL,LDC,IAIL,MRKT,28,N,A,20260611,,Y,NICOR GAS COMPANY,6927792,2948,Y,C000600,225,FARMER CITY,,,20260611 09:00
6931794,NATURAL GAS PIPELINE CO.,C002096,20260928 05:18,Blanks under Up/Dn Loc and Up/Dn Loc Name indicate Third Party information is not applicable.,3000,ONEOKGT/NGPL  WOODWARD,R,WOODWARD,OK,INT,MIDC,MIDC,4,Y,A,20250407,,Y,ONEOK GAS TRANSPORTATION  L.L.C.,187773346,2923,Y,C000588,187155,NGPL (WOODWARD),,,20250408 09:00
6931794,NATURAL GAS PIPELINE CO.,C002096,20260928 05:18,Blanks under Up/Dn Loc and Up/Dn Loc Name indicate Third Party information is not applicable.,3033,ET G&P/NGPL MILLS RANCH WHEELER,R,WHEELER,TX,WHD,MIDC,MIDC,6,Y,A,20171011,,Y,ET GATHERING & PROCESSING LLC,32377308,3862,Y,C012199,3033,ETC TX/NGPL MILLS RANCH WHEELER,,,20240430 15:00
6931794,NATURAL GAS PIPELINE CO.,C002096,20260928 05:18,Blanks under Up/Dn Loc and Up/Dn Loc Name indicate Third Party information is not applicable.,3063,KGS/NGPL  FORD,B,FORD,KS,INT,MIDC,MIDC,11,Y,A,20090301,,Y,KANSAS GAS SERVICE  A DIVISION OF ONE GAS  INC.,79254828,9178,Y,C002475,3063-D,NGPL FORD COUNTY DELIVERY,3063-R,NGPL FORD COUNTY RECEIPT,20210731 09:00
6931794,NATURAL GAS PIPELINE CO.,C002096,20260928 05:18,Blanks under Up/Dn Loc and Up/Dn Loc Name indicate Third Party information is not applicable.,3083,EPNG/NGPL JAL LEA,D,LEA,NM,INT,PERM,PERM,9,Y,A,20251009,,Y,EL PASO NATURAL GAS COMPANY  L.L.C.,8001703,1279,Y,C000967,301676,NGPL/EPNG (INGPLLEA) NGPL LEA LEA,,,20251014 09:00
6931794,NATURAL GAS PIPELINE CO.,C002096,20260928 05:18,Blanks under Up/Dn Loc and Up/Dn Loc Name indicate Third Party information is not applicable.,3107,KMTEJAS/NGPL #2 JIM HOGG,R,JIM HOGG,TX,INT,STX,STX,18,Y,A,20230418,,Y,KINDER MORGAN TEJAS PIPELINE LLC,879826576,26089,Y,C000434,3107,KMTEJAS/NGPL #2 JIM HOGG,,,20230418 15:00
6931794,NATURAL GAS PIPELINE CO.,C002096,20260928 05:18,Blanks under Up/Dn Loc and Up/Dn Loc Name indicate Third Party information is not applicable.,3251,EPNG/NGPL  MOORE,R,MOORE,TX,INT,MIDC,MIDC,10,Y,A,20140201,,Y,EL PASO NATURAL GAS COMPANY  L.L.C.,8001703,1279,Y,C000967,314350,NGPL/EPNG (INGPLMOR) MOORE COUNTY I,,,20171001 15:01
6931794,NATURAL GAS PIPELINE CO.,C002096,20260928 05:18,Blanks under Up/Dn Loc and Up/Dn Loc Name indicate Third Party information is not applicable.,3352,ETP/NGPL BECKVILLE PANOLA,B,PANOLA,TX,INT,TXOK,TXOK,26,Y,A,20090301,,Y,ENTERPRISE TEXAS PIPELINE LLC,615855160,3260,Y,C000924,321710,NGPL BECKVILLE DELIVERY,323710,NGPL BECKVILLE RECEIPT,20160401 09:56
6931794,NATURAL GAS PIPELINE CO.,C002096,20260928 05:18,Blanks under Up/Dn Loc and Up/Dn Loc Name indicate Third Party information is not applicable.,3414,RIVIERA/NGPL NEWCOMB CUSTER,R,CUSTER,OK,WHD,MIDC,MIDC,3,N,I,,20230101,Y,RIVIERA OPERATING  LLC,807819573,4807,N,,,,,,20230109 15:00
6931794,NATURAL GAS PIPELINE CO.,C002096,20260928 05:18,Blanks under Up/Dn Loc and Up/Dn Loc Name indicate Third Party information is not applicable.,3592,SABPL/NGPL HENRY HUB VERMILION,B,VERMILION,LA,INT,LA,LA,24,Y,A,20260611,,Y,SABINE PIPE LINE LLC,137609871,4406,Y,C000830,44949,NGPL- HH,,,20260611 09:00
6931794,NATURAL GAS PIPELINE CO.,C002096,20260928 05:18,Blanks under Up/Dn Loc and Up/Dn Loc Name indicate Third Party information is not applicable.,3618,FGT/NGPL  JEFFERSON,D,JEFFERSON,TX,INT,TXOK,TXOK,25,Y,A,20160406,,Y,FLORIDA GAS TRANSMISSION COMPANY  LLC,6924518,1445,Y,C000255,23703,NGPL-JEFFERSON,,,20160407 09:00
6931794,NATURAL GAS PIPELINE CO.,C002096,20260928 05:18,Blanks under Up/Dn Loc and Up/Dn Loc Name indicate Third Party information is not applicable.,3644,KMTEJAS/NGPL BECKVILLE PANOLA,B,PANOLA,TX,INT,TXOK,TXOK,26,N,A,20100601,,Y,KINDER MORGAN TEJAS PIPELINE LLC,879826576,26089,Y,C000434,3644,KMTEJAS/NGPL BECKVILLE PANOLA,,,20160401 09:56
6931794,NATURAL GAS PIPELINE CO.,C002096,20260928 05:18,Blanks under Up/Dn Loc and Up/Dn Loc Name indicate Third Party information is not applicable.,3646,PRODGG/NGPL  FORT BEND,R,FORT BEND,TX,WHD,STX,STX,22,N,I,,20241007,Y,PRODUCERS GAS GATHERING COMPANY JOINT VENTURE II,30906182,3840,N,,,,,,20241112 12:00
6931794,NATURAL GAS PIPELINE CO.,C002096,20260928 05:18,Blanks under Up/Dn Loc and Up/Dn Loc Name indicate Third Party information is not applicable.,3661,BOUNTYTR/NGPL  CADDO,R,CADDO,OK,GTH,MIDC,MIDC,2,N,A,20210406,,Y,BOUNTY TRANSFER LLC,,10775,N,,3661,BOUNTYTR/NGPL  CADDO,,,20220817 09:00
6931794,NATURAL GAS PIPELINE CO.,C002096,20260928 05:18,Blanks under Up/Dn Loc and Up/Dn Loc Name indicate Third Party information is not applicable.,3675,KELTON/NGPL  WHEELER,R,WHEELER,TX,WHD,MIDC,MIDC,6,Y,A,20130101,,Y,KELTON GAS SERVICES  L.P.,125973714,3865,N,,,,,,20160601 15:00
6931794,NATURAL GAS PIPELINE CO.,C002096,20260928 05:18,Blanks under Up/Dn Loc and Up/Dn Loc Name indicate Third Party information is not applicable.,3695,TEX SW/NGPL  WASHITA,R,WASHITA,OK,WHD,MIDC,MIDC,5,Y,A,20171101,,Y,TEXAS SOUTHWEST GAS L. L. C.,869506238,16645,N,,,,,,20171101 09:00
6931794,NATURAL GAS PIPELINE CO.,C002096,20260928 05:18,Blanks under Up/Dn Loc and Up/Dn Loc Name indicate Third Party information is not applicable.,3697,IPC/NGPL PINE BLUFF SALINE,D,SALINE,AR,EGN,GCST,MRKT,27,N,I,,20080611,Y,INTERNATIONAL PAPER COMPANY,1316561,8272,N,,,,,,20211214 12:00
6931794,NATURAL GAS PIPELINE CO.,C002096,20260928 05:18,Blanks under Up/Dn Loc and Up/Dn Loc Name indicate Third Party information is not applicable.,3817,MB HUB/NGPL MOSS  BLUFF LIBERTY,B,LIBERTY,TX,STR,TXOK,TXOK,25,Y,A,20010501,,Y,MOSS BLUFF HUB  LLC,31369874,2971,Y,C000089,40206,NGPL STORAGE  TX (D40206/R40205),45205,NGPL STORAGE  TX (D40206/R40205),20240122 09:00
6931794,NATURAL GAS PIPELINE CO.,C002096,20260928 05:18,Blanks under Up/Dn Loc and Up/Dn Loc Name indicate Third Party information is not applicable.,3825,TET/NGPL SWEET LAKE CAMERON,D,CAMERON,LA,INT,LA,LA,23,Y,A,20230418,,Y,TEXAS EASTERN TRANSMISSION. LP,7932908,4074,Y,C000094,72764,SWEET LAKE,,,20230418 15:00
6931794,NATURAL GAS PIPELINE CO.,C002096,20260928 05:18,Blanks under Up/Dn Loc and Up/Dn Loc Name indicate Third Party information is not applicable.,3826,TORCH/NGPL  HARRISON,R,HARRISON,TX,WHD,TXOK,TXOK,26,Y,A,20220406,,Y,TORCH ROYALTY CO.,,13502,N,,,,,,20220407 12:00
6931794,NATURAL GAS PIPELINE CO.,C002096,20260928 05:18,Blanks under Up/Dn Loc and Up/Dn Loc Name indicate Third Party information is not applicable.,3844,MIDCOAST/NGPL MAUD MILLER,B,MILLER,AR,OTH,GCST,MRKT,27,N,I,,20151001,N,,,,,,,,,,20181026 09:00
6931794,NATURAL GAS PIPELINE CO.,C002096,20260928 05:18,Blanks under Up/Dn Loc and Up/Dn Loc Name indicate Third Party information is not applicable.,3857,PGLC/NGPL MANLOVE PIATT,D,PIATT,IL,LDC,IAIL,MRKT,28,N,A,20260611,,Y,THE PEOPLES GAS LIGHT AND COKE COMPANY,6932115,3157,Y,C000256,MF10-MF16,MANLOVE FIELD NGPL METERS,,,20260611 09:00
6931794,NATURAL GAS PIPELINE CO.,C002096,20260928 05:18,Blanks under Up/Dn Loc and Up/Dn Loc Name indicate Third Party information is not applicable.,3886,BANHUB/NGPL BANQUETE   HUB    BI-DI,B,NUECES,TX,INT,STX,STX,20,Y,A,19970501,,Y,BANQUETE HUB LLC,81502662,549,Y,C010083,3886,BANHUB/NGPL  NUECES,,,20190410 12:00
6931794,NATURAL GAS PIPELINE CO.,C002096,20260928 05:18,Blanks under Up/Dn Loc and Up/Dn Loc Name indicate Third Party information is not applicable.,3950,MIDAMER/NGPL DES MOINES WARREN,D,WARREN,IA,LDC,AMAR,MRKT,13,N,A,20260611,,Y,MIDAMERICAN ENERGY COMPANY,884718768,26481,N,,,,,,20260611 09:00
6931794,NATURAL GAS PIPELINE CO.,C002096,20260928 05:18,Blanks under Up/Dn Loc and Up/Dn Loc Name indicate Third Party information is not applicable.,3952,VALMSC/NGPL  CARTER,D,CARTER,OK,EGN,TXOK,TXOK,15,Y,A,20200403,,Y,VALERO MARKETING AND SUPPLY COMPANY,96024906,1385,Y,C008759,3952,,,,20240603 15:03
6931794,NATURAL GAS PIPELINE CO.,C002096,20260928 05:18,Blanks under Up/Dn Loc and Up/Dn Loc Name indicate Third Party information is not applicable.,3988,OZARK/NGPL  LAWRENCE,R,LAWRENCE,AR,INT,GCST,MRKT,27,Y,A,20180420,,Y,OZARK GAS TRANSMISSION SYSTEM,53886727,19367,Y,C000090,21011,NGPL LAWRENCE (185503053),,,20180424 15:00
6931794,NATURAL GAS PIPELINE CO.,C002096,20260928 05:18,Blanks under Up/Dn Loc and Up/Dn Loc Name indicate Third Party information is not applicable.,4100,NICORGAS/NGPL STREAMWOOD COOK,D,COOK,IL,LDC,IAIL,MRKT,30,N,A,20260408,,Y,NICOR GAS COMPANY,6927792,2948,Y,C000600,232,STREAMWOOD,,,20260409 15:00
6931794,NATURAL GAS PIPELINE CO.,C002096,20260928 05:18,Blanks under Up/Dn Loc and Up/Dn Loc Name indicate Third Party information is not applicable.,4101,NICORGAS/NGPL HAMMES AVE WILL,D,WILL,IL,LDC,IAIL,MRKT,31,N,A,20260611,,Y,NICOR GAS COMPANY,6927792,2948,Y,C000600,247,MARYCREST,,,20260611 09:00
6931794,NATURAL GAS PIPELINE CO.,C002096,20260928 05:18,Blanks under Up/Dn Loc and Up/Dn Loc Name indicate Third Party information is not applicable.,4102,NICORGAS/NGPL MOUND ROAD WILL,D,WILL,IL,LDC,IAIL,MRKT,32,N,A,20260611,,Y,NICOR GAS COMPANY,6927792,2948,Y,C000600,343,MOUND RD.,,,20260611 09:00
6931794,NATURAL GAS PIPELINE CO.,C002096,20260928 05:18,Blanks under Up/Dn Loc and Up/Dn Loc Name indicate Third Party information is not applicable.,4103,NICORGAS/NGPL CICERO AVE COOK,D,COOK,IL,LDC,IAIL,MRKT,31,N,A,20260611,,Y,NICOR GAS COMPANY,6927792,2948,Y,C000600,138,CICERO,,,20260611 09:00
6931794,NATURAL GAS PIPELINE CO.,C002096,20260928 05:18,Blanks under Up/Dn Loc and Up/Dn Loc Name indicate Third Party information is not applicable.,4109,NICORGAS/NGPL WEBER ROAD WILL,D,WILL,IL,LDC,IAIL,MRKT,31,N,A,20260611,,Y,NICOR GAS COMPANY,6927792,2948,Y,C000600,183,WEBER RD.,,,20260611 09:00
6931794,NATURAL GAS PIPELINE CO.,C002096,20260928 05:18,Blanks under Up/Dn Loc and Up/Dn Loc Name indicate Third Party information is not applicable.,4111,NICORGAS/NGPL GOUGAR ROAD WILL,D,WILL,IL,LDC,IAIL,MRKT,32,N,A,20260611,,Y,NICOR GAS COMPANY,6927792,2948,Y,C000600,248,GOUGER RD.,,,20260611 09:00
6931794,NATURAL GAS PIPELINE CO.,C002096,20260928 05:18,Blanks under Up/Dn Loc and Up/Dn Loc Name indicate Third Party information is not applicable.,4115,NICORGAS/NGPL CENTRAL AVE COOK,D,COOK,IL,LDC,IAIL,MRKT,33,N,A,20260611,,Y,NICOR GAS COMPANY,6927792,2948,Y,C000600,147,MATTESON,,,20260611 09:00
6931794,NATURAL GAS PIPELINE CO.,C002096,20260928 05:18,Blanks under Up/Dn Loc and Up/Dn Loc Name indicate Third Party information is not applicable.,4124,NICORGAS/NGPL WEST CHICAGO DU PAGE,D,DU PAGE,IL,LDC,IAIL,MRKT,30,N,A,20260611,,Y,NICOR GAS COMPANY,6927792,2948,Y,C000600,182,WEST CHICAGO,,,20260611 09:00
6931794,NATURAL GAS PIPELINE CO.,C002096,20260928 05:18,Blanks under Up/Dn Loc and Up/Dn Loc Name indicate Third Party information is not applicable.,4130,NICORGAS/NGPL CHICAGO HEIGHTS COOK,D,COOK,IL,LDC,IAIL,MRKT,32,N,A,20260611,,Y,NICOR GAS COMPANY,6927792,2948,Y,C000600,175,CHICAO HEIGHTS,,,20260611 09:00
6931794,NATURAL GAS PIPELINE CO.,C002096,20260928 05:18,Blanks under Up/Dn Loc and Up/Dn Loc Name indicate Third Party information is not applicable.,4131,NICORGAS/NGPL PARK RIDGE COOK,D,COOK,IL,LDC,IAIL,MRKT,30,N,A,20251004,,Y,NICOR GAS COMPANY,6927792,2948,Y,C000600,252,PARK RIDGE,,,20251004 09:00
6931794,NATURAL GAS PIPELINE CO.,C002096,20260928 05:18,Blanks under Up/Dn Loc and Up/Dn Loc Name indicate Third Party information is not applicable.,4132,NICORGAS/NGPL LAWNDALE AVE COOK,D,COOK,IL,LDC,IAIL,MRKT,31,N,A,20260611,,Y,NICOR GAS COMPANY,6927792,2948,Y,C000600,152,LAWNDALE,,,20260611 09:00
6931794,NATURAL GAS PIPELINE CO.,C002096,20260928 05:18,Blanks under Up/Dn Loc and Up/Dn Loc Name indicate Third Party information is not applicable.,4134,NICORGAS/NGPL CALDWELL AVE COOK,D,COOK,IL,LDC,IAIL,MRKT,30,N,A,20260611,,Y,NICOR GAS COMPANY,6927792,2948,Y,C000600,284,NILES,,,20260611 09:00
6931794,NATURAL GAS PIPELINE CO.,C002096,20260928 05:18,Blanks under Up/Dn Loc and Up/Dn Loc Name indicate Third Party information is not applicable.,4142,NICORGAS/NGPL SKOKIE RD COOK,D,COOK,IL,LDC,IAIL,MRKT,30,N,A,20251009,,Y,NICOR GAS COMPANY,6927792,2948,Y,C000600,28,SKOKIE,,,20251014 09:00
6931794,NATURAL GAS PIPELINE CO.,C002096,20260928 05:18,Blanks under Up/Dn Loc and Up/Dn Loc Name indicate Third Party information is not applicable.,4143,NICORGAS/NGPL RIVERDALE COOK,D,COOK,IL,LDC,IAIL,MRKT,32,N,A,20260611,,Y,NICOR GAS COMPANY,6927792,2948,Y,C000600,137,RIVERDALE,,,20260611 09:00
6931794,NATURAL GAS PIPELINE CO.,C002096,20260928 05:18,Blanks under Up/Dn Loc and Up/Dn Loc Name indicate Third Party information is not applicable.,4153,PGLC/NGPL 138TH ST COOK,D,COOK,IL,LDC,IAIL,MRKT,32,N,A,20260611,,Y,THE PEOPLES GAS LIGHT AND COKE COMPANY,6932115,3157,Y,C000256,138S,138TH STREET STATION,,,20260611 09:00
6931794,NATURAL GAS PIPELINE CO.,C002096,20260928 05:18,Blanks under Up/Dn Loc and Up/Dn Loc Name indicate Third Party information is not applicable.,4156,PGLC/NGPL O'HARE #1 COOK,D,COOK,IL,LDC,IAIL,MRKT,30,N,A,20231108,,Y,THE PEOPLES GAS LIGHT AND COKE COMPANY,6932115,3157,Y,C000256,OH01,O'HARE #1 STATION,,,20231108 15:00
6931794,NATURAL GAS PIPELINE CO.,C002096,20260928 05:18,Blanks under Up/Dn Loc and Up/Dn Loc Name indicate Third Party information is not applicable.,4158,PGLC/NGPL 112TH ST COOK,D,COOK,IL,LDC,IAIL,MRKT,32,N,A,20130101,,Y,THE PEOPLES GAS LIGHT AND COKE COMPANY,6932115,3157,Y,C000256,112S,112TH STREET STATION,,,20160608 09:00
6931794,NATURAL GAS PIPELINE CO.,C002096,20260928 05:18,Blanks under Up/Dn Loc and Up/Dn Loc Name indicate Third Party information is not applicable.,4166,PGLC/NGPL O'HARE #2 COOK,D,COOK,IL,LDC,IAIL,MRKT,30,N,A,20260611,,Y,THE PEOPLES GAS LIGHT AND COKE COMPANY,6932115,3157,Y,C000256,OH02,O'HARE #2 STATION,,,20260611 09:00
6931794,NATURAL GAS PIPELINE CO.,C002096,20260928 05:18,Blanks under Up/Dn Loc and Up/Dn Loc Name indicate Third Party information is not applicable.,4186,NIPSCO/NGPL HEGEWISCH COOK,D,COOK,IL,LDC,IAIL,MRKT,32,N,A,20260611,,Y,NORTHERN INDIANA PUBLIC SERVICE COMPANY LLC,6937585,2949,N,,,,,,20260611 09:00
6931794,NATURAL GAS PIPELINE CO.,C002096,20260928 05:18,Blanks under Up/Dn Loc and Up/Dn Loc Name indicate Third Party information is not applicable.,4187,NIPSCO/NGPL LANSING COOK,D,COOK,IL,LDC,IAIL,MRKT,33,N,A,20190501,,Y,NORTHERN INDIANA PUBLIC SERVICE COMPANY LLC,6937585,2949,N,,,,,,20240131 12:00
6931794,NATURAL GAS PIPELINE CO.,C002096,20260928 05:18,Blanks under Up/Dn Loc and Up/Dn Loc Name indicate Third Party information is not applicable.,4189,NIPSCO/NGPL 134TH ST COOK,D,COOK,IL,LDC,IAIL,MRKT,32,N,A,20260408,,Y,NORTHERN INDIANA PUBLIC SERVICE COMPANY LLC,6937585,2949,N,,,,,,20260409 15:00
6931794,NATURAL GAS PIPELINE CO.,C002096,20260928 05:18,Blanks under Up/Dn Loc and Up/Dn Loc Name indicate Third Party information is not applicable.,4219,NICORGAS/NGPL COM ED #9 WILL,D,WILL,IL,LDC,IAIL,MRKT,32,N,I,,20251201,Y,NICOR GAS COMPANY,6927792,2948,Y,C000600,9,EDISON,,,20251219 15:00
6931794,NATURAL GAS PIPELINE CO.,C002096,20260928 05:18,Blanks under Up/Dn Loc and Up/Dn Loc Name indicate Third Party information is not applicable.,4226,NICORGAS/NGPL METRO SAN DIST COOK,D,COOK,IL,LDC,IAIL,MRKT,31,N,A,20130101,,Y,NICOR GAS COMPANY,6927792,2948,Y,C000600,99,METRO SAN DISTRICT COOK,,,20160608 09:00
6931794,NATURAL GAS PIPELINE CO.,C002096,20260928 05:18,Blanks under Up/Dn Loc and Up/Dn Loc Name indicate Third Party information is not applicable.,4818,WILDORAD/NGPL  RANDALL,D,RANDALL,TX,EGN,PERM,PERM,8,Y,A,20260611,,Y,WILDORADO GAS LINE ASSOCIATION,,1698,N,,,,,,20260611 09:00
6931794,NATURAL GAS PIPELINE CO.,C002096,20260928 05:18,Blanks under Up/Dn Loc and Up/Dn Loc Name indicate Third Party information is not applicable.,4879,AMER IL/NGPL MATTOON DOUGLAS,D,DOUGLAS,IL,LDC,IAIL,MRKT,28,N,A,20260611,,Y,AMEREN ILLINOIS COMPANY,6936017,5254,Y,C003986,4879,COOKS MILL,,,20260611 09:00
6931794,NATURAL GAS PIPELINE CO.,C002096,20260928 05:18,Blanks under Up/Dn Loc and Up/Dn Loc Name indicate Third Party information is not applicable.,5003,OASIS/NGPL  WARD,D,WARD,TX,INT,PERM,PERM,9,N,I,,20181127,Y,OASIS PIPE LINE COMPANY,185845240,2978,N,,6481,NGPL PYOTE,,,20181204 15:00
6931794,NATURAL GAS PIPELINE CO.,C002096,20260928 05:18,Blanks under Up/Dn Loc and Up/Dn Loc Name indicate Third Party information is not applicable.,5332,PALOTX/NGPL #1 WASHITA,R,WASHITA,OK,INT,MIDC,MIDC,5,Y,A,20170406,,Y,PALO DURO PIPELINES (TEXAS GATHERING) L.P.,,3709,N,,,,,,20220301 09:00
6931794,NATURAL GAS PIPELINE CO.,C002096,20260928 05:18,Blanks under Up/Dn Loc and Up/Dn Loc Name indicate Third Party information is not applicable.,5381,PHILLIPS/NGPL HERRING HUTCHINSON,D,HUTCHINSON,TX,INT,MIDC,MIDC,6,Y,A,20260611,,Y,PHILLIPS PETROLEUM COMPANY,,3196,N,,,,,,20260611 09:00
6931794,NATURAL GAS PIPELINE CO.,C002096,20260928 05:18,Blanks under Up/Dn Loc and Up/Dn Loc Name indicate Third Party information is not applicable.,5382,WTG/NGPL  HUTCHINSON,D,HUTCHINSON,TX,INT,MIDC,MIDC,6,Y,A,19970501,,Y,WEST TEXAS GAS INC.,60150745,5357,Y,C000652,5382,WTG/NGPL PRINGLE,,,20160401 09:56
6931794,NATURAL GAS PIPELINE CO.,C002096,20260928 05:18,Blanks under Up/Dn Loc and Up/Dn Loc Name indicate Third Party information is not applicable.,5383,EMP-EOIT/NGPL CORN WASHITA,R,WASHITA,OK,INT,MIDC,MIDC,3,Y,A,20170406,,Y,ENABLE OKLAHOMA INTRASTATE TRANSMISSION  LLC,7205412,5963,Y,C000960,34441,CORN DELIVERY TO NGPL,,,20170406 09:00
6931794,NATURAL GAS PIPELINE CO.,C002096,20260928 05:18,Blanks under Up/Dn Loc and Up/Dn Loc Name indicate Third Party information is not applicable.,5388,ONEOKFS/NGPL  CUSTER,R,CUSTER,OK,INT,MIDC,MIDC,3,Y,A,20170406,,Y,ONEOK FIELD SERVICES COMPANY,807558072,3031,Y,C001674,DU50026,CUSTER,,,20170406 09:00
6931794,NATURAL GAS PIPELINE CO.,C002096,20260928 05:18,Blanks under Up/Dn Loc and Up/Dn Loc Name indicate Third Party information is not applicable.,5418,SSC GPL/NGPL  FORD,B,FORD,KS,INT,MIDC,MIDC,11,Y,A,20180420,,Y,SOUTHERN STAR CENTRAL GAS PIPELINE  INC.,7906233,2276,Y,C000374,121515,FORD,,,20210929 15:00
6931794,NATURAL GAS PIPELINE CO.,C002096,20260928 05:18,Blanks under Up/Dn Loc and Up/Dn Loc Name indicate Third Party information is not applicable.,5423,SSC GPL/NGPL  BARTON,R,BARTON,KS,INT,MIDC,MIDC,11,Y,A,19970501,,Y,SOUTHERN STAR CENTRAL GAS PIPELINE  INC.,7906233,2276,Y,C000374,121415,BARTON,,,20160401 09:56
6931794,NATURAL GAS PIPELINE CO.,C002096,20260928 05:18,Blanks under Up/Dn Loc and Up/Dn Loc Name indicate Third Party information is not applicable.,5433,STINGRAY/NGPL  CAMERON,R,CAMERON,LA,INT,LA,LA,23,Y,A,20130715,,Y,STINGRAY  PIPELINE COMPANY  L.L.C.,74202938,43,Y,C000412,100004,NGPL INTERCONNECT,,,20160401 09:56
6931794,NATURAL GAS PIPELINE CO.,C002096,20260928 05:18,Blanks under Up/Dn Loc and Up/Dn Loc Name indicate Third Party information is not applicable.,5556,EMP-EOIT/NGPL  BECKHAM,R,BECKHAM,OK,INT,MIDC,MIDC,6,Y,A,20260408,,Y,ENABLE OKLAHOMA INTRASTATE TRANSMISSION  LLC,7205412,5963,Y,C000960,31799,NGPL BECKHAM,,,20260409 15:00
6931794,NATURAL GAS PIPELINE CO.,C002096,20260928 05:18,Blanks under Up/Dn Loc and Up/Dn Loc Name indicate Third Party information is not applicable.,5579,KMTP/NGPL GOODRICH POLK,B,POLK,TX,INT,TXOK,TXOK,26,Y,A,19980820,,Y,KINDER MORGAN TEXAS PIPELINE LLC,131905205,36,Y,C000433,5579,KMTP/NGPL GOODRICH POLK,,,20160401 09:56
6931794,NATURAL GAS PIPELINE CO.,C002096,20260928 05:18,Blanks under Up/Dn Loc and Up/Dn Loc Name indicate Third Party information is not applicable.,5593,BHSC/NGPL LINCOLN OTOE,D,OTOE,NE,LDC,AMAR,MRKT,12,N,A,20140101,,Y,BLACK HILLS SERVICE COMPANY  LLC,79534838,10500,N,,,,,,20220927 12:00
6931794,NATURAL GAS PIPELINE CO.,C002096,20260928 05:18,Blanks under Up/Dn Loc and Up/Dn Loc Name indicate Third Party information is not applicable.,6010,ANR/NGPL LAKE ARTHUR R/U CAMERON,B,CAMERON,LA,INT,LA,LA,23,Y,A,19970501,,Y,ANR PIPELINE COMPANY,6958581,2686,Y,C000623,174629,LAKE ARTHUR (DEL TO NGPL),7694,LAKE ARTHUR (REC FR NGPL),20160401 09:56
6931794,NATURAL GAS PIPELINE CO.,C002096,20260928 05:18,Blanks under Up/Dn Loc and Up/Dn Loc Name indicate Third Party information is not applicable.,6100,ANR/NGPL SOUTH WOODSTOCK MC HENRY,B,MC HENRY,IL,INT,IAIL,MRKT,37,N,A,19970501,,Y,ANR PIPELINE COMPANY,6958581,2686,Y,C000623,3908,S. WOODSTOCK/NGPL (DEL),120740,S. WOODSTOCK/NGPL (REC),20220523 09:00
6931794,NATURAL GAS PIPELINE CO.,C002096,20260928 05:18,Blanks under Up/Dn Loc and Up/Dn Loc Name indicate Third Party information is not applicable.,6216,KMTP/NGPL HAGIST RANCH DUVAL,B,DUVAL,TX,INT,STX,STX,21,Y,A,20220101,,Y,KINDER MORGAN TEXAS PIPELINE LLC,131905205,36,Y,C000433,6216,KMTP/NGPL HAGIST RANCH DUVAL,,,20230712 09:00
6931794,NATURAL GAS PIPELINE CO.,C002096,20260928 05:18,Blanks under Up/Dn Loc and Up/Dn Loc Name indicate Third Party information is not applicable.,6231,KMTEJAS/NGPL EDNA JACKSON,D,JACKSON,TX,INT,STX,STX,22,Y,A,20250926,,Y,KINDER MORGAN TEJAS PIPELINE LLC,879826576,26089,Y,C000434,6231,KMTEJAS/NGPL EDNA JACKSON,,,20250926 09:00
6931794,NATURAL GAS PIPELINE CO.,C002096,20260928 05:18,Blanks under Up/Dn Loc and Up/Dn Loc Name indicate Third Party information is not applicable.,6295,CNTRPT/NGPL WESTON LAKES FORT BEND,D,FORT BEND,TX,LDC,STX,STX,22,Y,A,20260611,,Y,CENTERPOINT ENERGY RESOURCES CORP.,6948210,5569,N,,,,,,20260611 09:00
6931794,NATURAL GAS PIPELINE CO.,C002096,20260928 05:18,Blanks under Up/Dn Loc and Up/Dn Loc Name indicate Third Party information is not applicable.,6297,GULFSTH/NGPL GOODRICH POLK,B,POLK,TX,INT,TXOK,TXOK,26,N,I,,20160101,Y,GULF SOUTH PIPELINE COMPANY  LLC,78444247,26373,Y,C000591,000671,GOODRICH(TO NGPL) GS DELIVERY,010144,GOODRICH(FROM NGPL) GS RECEIPT,20200604 09:00
6931794,NATURAL GAS PIPELINE CO.,C002096,20260928 05:18,Blanks under Up/Dn Loc and Up/Dn Loc Name indicate Third Party information is not applicable.,6427,OZARK/NGPL  WHITE,B,WHITE,AR,INT,GCST,MRKT,27,N,I,,20151201,Y,OZARK GAS TRANSMISSION SYSTEM,53886727,19367,Y,C000090,21001,NGPL WHITE,,,20160401 09:56
6931794,NATURAL GAS PIPELINE CO.,C002096,20260928 05:18,Blanks under Up/Dn Loc and Up/Dn Loc Name indicate Third Party information is not applicable.,6506,PALTXINT/NGPL  WHEELER,R,WHEELER,TX,INT,MIDC,MIDC,6,Y,A,20090216,,Y,PALO DURO PIPELINES (TEXAS INTRASTATE) L.P.,,4051,N,,,,,,20220301 09:00
6931794,NATURAL GAS PIPELINE CO.,C002096,20260928 05:18,Blanks under Up/Dn Loc and Up/Dn Loc Name indicate Third Party information is not applicable.,7866,NO SHORE/NGPL TONNE RD COOK,D,COOK,IL,LDC,IAIL,MRKT,30,N,A,20260611,,Y,NORTH SHORE GAS COMPANY,6936306,2945,N,,,,,,20260611 09:00
6931794,NATURAL GAS PIPELINE CO.,C002096,20260928 05:18,Blanks under Up/Dn Loc and Up/Dn Loc Name indicate Third Party information is not applicable.,7936,FGT/NGPL  VERMILION,D,VERMILION,LA,INT,LA,LA,24,Y,A,20010501,,Y,FLORIDA GAS TRANSMISSION COMPANY  LLC,6924518,1445,Y,C000255,32606,NGPL VERMILLION,,,20160401 09:56
6931794,NATURAL GAS PIPELINE CO.,C002096,20260928 05:18,Blanks under Up/Dn Loc and Up/Dn Loc Name indicate Third Party information is not applicable.,8021,GPC/NGPL  MUSCATINE,D,MUSCATINE,IA,EGN,IAIL,MRKT,14,Y,A,20241011,,Y,GRAIN PROCESSING CORPORATION,198484180,5871,N,,,,,,20241011 12:00
6931794,NATURAL GAS PIPELINE CO.,C002096,20260928 05:18,Blanks under Up/Dn Loc and Up/Dn Loc Name indicate Third Party information is not applicable.,9252,NEB CITY/NGPL CDP,D,OTOE,NE,VIR,AMAR,MRKT,12,Y,A,19931201,,N,,,,,,,,,,20160401 09:56
6931794,NATURAL GAS PIPELINE CO.,C002096,20260928 05:18,Blanks under Up/Dn Loc and Up/Dn Loc Name indicate Third Party information is not applicable.,9254,NO SHORE/NGPL CDP,D,UNKNOWN,IL,VIR,IAIL,MRKT,30,Y,A,19940127,,N,,,,,,,,,,20160401 09:56
6931794,NATURAL GAS PIPELINE CO.,C002096,20260928 05:18,Blanks under Up/Dn Loc and Up/Dn Loc Name indicate Third Party information is not applicable.,9258,NICORGAS/NGPL CDP,D,COOK,IL,VIR,IAIL,MRKT,28,Y,A,19931201,,N,,,,,,,,,,20160401 09:56
6931794,NATURAL GAS PIPELINE CO.,C002096,20260928 05:18,Blanks under Up/Dn Loc and Up/Dn Loc Name indicate Third Party information is not applicable.,10550,STORAGE - IOWA-ILL GC ZONE,B,UNKNOWN,IL,STR,IAIL,MRKT,28,Y,A,19951201,,N,,,,,,,,,,20160401 09:56
6931794,NATURAL GAS PIPELINE CO.,C002096,20260928 05:18,Blanks under Up/Dn Loc and Up/Dn Loc Name indicate Third Party information is not applicable.,10551,STORAGE - AMARILLO M/L ZONE,B,UNKNOWN,IA,STR,AMAR,MRKT,13,Y,A,19951201,,N,,,,,,,,,,20160401 09:56
6931794,NATURAL GAS PIPELINE CO.,C002096,20260928 05:18,Blanks under Up/Dn Loc and Up/Dn Loc Name indicate Third Party information is not applicable.,10558,POOLING PT - GULF CST M/L ZONE,B,UNKNOWN,AR,PPT,GCST,MRKT,27,Y,A,19951201,,N,,,,,,,,,,20160401 09:56
6931794,NATURAL GAS PIPELINE CO.,C002096,20260928 05:18,Blanks under Up/Dn Loc and Up/Dn Loc Name indicate Third Party information is not applicable.,10560,POOLING PT - TEXOK GC ZONE,B,UNKNOWN,TX,PPT,TXOK,TXOK,26,Y,A,19951201,,N,,,,,,,,,,20160401 09:56
6931794,NATURAL GAS PIPELINE CO.,C002096,20260928 05:18,Blanks under Up/Dn Loc and Up/Dn Loc Name indicate Third Party information is not applicable.,10561,POOLING PT - IOWA-ILL AMA ZONE,B,UNKNOWN,IA,PPT,IAIL,MRKT,14,Y,A,19951201,,N,,,,,,,,,,20160401 09:56
6931794,NATURAL GAS PIPELINE CO.,C002096,20260928 05:18,Blanks under Up/Dn Loc and Up/Dn Loc Name indicate Third Party information is not applicable.,10562,POOLING PT - IOWA-ILL GC ZONE,B,UNKNOWN,IL,PPT,IAIL,MRKT,28,Y,A,19951201,,N,,,,,,,,,,20160401 09:56
6931794,NATURAL GAS PIPELINE CO.,C002096,20260928 05:18,Blanks under Up/Dn Loc and Up/Dn Loc Name indicate Third Party information is not applicable.,10566,POOLING PT - AMARILLO M/L ZONE,B,UNKNOWN,IA,PPT,AMAR,MRKT,13,Y,A,19951201,,N,,,,,,,,,,20160401 09:56
6931794,NATURAL GAS PIPELINE CO.,C002096,20260928 05:18,Blanks under Up/Dn Loc and Up/Dn Loc Name indicate Third Party information is not applicable.,10568,MIDAMER/NGPL CDP,D,UNKNOWN,IA,VIR,AMAR,MRKT,13,Y,A,19951124,,N,,,,,,,,,,20160401 09:56
6931794,NATURAL GAS PIPELINE CO.,C002096,20260928 05:18,Blanks under Up/Dn Loc and Up/Dn Loc Name indicate Third Party information is not applicable.,10587,ET G&P/NGPL FH LATIMER,R,LATIMER,OK,INT,TXOK,TXOK,16,Y,A,20241016,,Y,ET GATHERING & PROCESSING LLC,32377308,3862,Y,C012199,10587,EMP FH LATIMER,,,20250502 12:00
6931794,NATURAL GAS PIPELINE CO.,C002096,20260928 05:18,Blanks under Up/Dn Loc and Up/Dn Loc Name indicate Third Party information is not applicable.,10603,SUMUTI/NGPL #1 LONOKE,D,LONOKE,AR,LDC,GCST,MRKT,27,Y,A,20260611,,Y,SUMMIT UTILITIES ARKANSAS  INC.,,10926,N,,,,,,20260611 09:00
6931794,NATURAL GAS PIPELINE CO.,C002096,20260928 05:18,Blanks under Up/Dn Loc and Up/Dn Loc Name indicate Third Party information is not applicable.,10635,MIDCOAST/NGPL  CASS,R,CASS,TX,INT,GCST,MRKT,27,Y,A,20220406,,Y,MIDCOAST PIPELINES (EAST TEXAS) L.P.,150213390,3367,Y,C001125,1015477,NGPL CASS,,,20220407 12:00
6931794,NATURAL GAS PIPELINE CO.,C002096,20260928 05:18,Blanks under Up/Dn Loc and Up/Dn Loc Name indicate Third Party information is not applicable.,10653,CENTANA/NGPL #3 JEFFERSON,B,JEFFERSON,TX,INT,TXOK,TXOK,25,Y,A,20100101,,Y,CENTANA INTRASTATE PIPELINE  LLC,26440073,21205,Y,C000113,93952-12,JEFFERSON DELIVERY (CHK 7744101),23952-12,JEFFERSON RECEIPT (CHK 7744401),20160401 09:56
6931794,NATURAL GAS PIPELINE CO.,C002096,20260928 05:18,Blanks under Up/Dn Loc and Up/Dn Loc Name indicate Third Party information is not applicable.,10654,NICORGAS/NGPL NALCO DU PAGE,D,DU PAGE,IL,LDC,IAIL,MRKT,30,N,A,20240419,,Y,NICOR GAS COMPANY,6927792,2948,Y,C000600,239-NALCO,EOLA RD,,,20240422 15:00
6931794,NATURAL GAS PIPELINE CO.,C002096,20260928 05:18,Blanks under Up/Dn Loc and Up/Dn Loc Name indicate Third Party information is not applicable.,10655,BCE-MACH/NGPL ROCKY #1 WASHITA,R,WASHITA,OK,WHD,MIDC,MIDC,5,Y,A,20110926,,Y,BCE-MACH III LLC,117518184,10898,N,,,,,,20210817 15:00
6931794,NATURAL GAS PIPELINE CO.,C002096,20260928 05:18,Blanks under Up/Dn Loc and Up/Dn Loc Name indicate Third Party information is not applicable.,10701,ACME/NGPL  HOT SPRING,D,HOT SPRING,AR,EGN,GCST,MRKT,27,Y,I,,20260801,Y,ACME BRICK COMPANY,832157283,1343,N,,,,,,20260827 12:00
6931794,NATURAL GAS PIPELINE CO.,C002096,20260928 05:18,Blanks under Up/Dn Loc and Up/Dn Loc Name indicate Third Party information is not applicable.,10704,MCLEOD/NGPL IRRIGATION HUTCHINSON,D,HUTCHINSON,TX,EGN,MIDC,MIDC,6,Y,A,20260611,,Y,MCLEOD FARMS INC.,127098861,1338,N,,,,,,20260611 09:00
6931794,NATURAL GAS PIPELINE CO.,C002096,20260928 05:18,Blanks under Up/Dn Loc and Up/Dn Loc Name indicate Third Party information is not applicable.,10751,CROSROAD/NGPL  LAKE,D,LAKE,IN,INT,IAIL,MRKT,36,Y,A,20160406,,Y,CROSSROADS PIPELINE COMPANY LLC,808593164,1452,Y,C000309,736902,SCHEREVILLE - NGPL,,,20241016 12:00
6931794,NATURAL GAS PIPELINE CO.,C002096,20260928 05:18,Blanks under Up/Dn Loc and Up/Dn Loc Name indicate Third Party information is not applicable.,10762,LUCIDART/NGPL SAN SIMON LEA,R,LEA,NM,PLT,PERM,PERM,9,N,I,,20200301,Y,LUCID ARTESIA COMPANY,938237294,1467,N,,,,,,20200408 09:00
6931794,NATURAL GAS PIPELINE CO.,C002096,20260928 05:18,Blanks under Up/Dn Loc and Up/Dn Loc Name indicate Third Party information is not applicable.,10769,ATMOS-TX/NGPL  LAMAR,D,LAMAR,TX,INT,TXOK,TXOK,17,N,I,,20180212,Y,ATMOS PIPELINE-TEXAS  A DIVISION OF ATMOS ENERGY CORPORATION,7927130,4329,Y,C001019,03007600,NGPL LAMAR CO,,,20180301 09:00
6931794,NATURAL GAS PIPELINE CO.,C002096,20260928 05:18,Blanks under Up/Dn Loc and Up/Dn Loc Name indicate Third Party information is not applicable.,10789,ATMOS-TX/NGPL KATY FORT BEND,R,FORT BEND,TX,INT,STX,STX,22,Y,A,20130101,,Y,ATMOS PIPELINE-TEXAS  A DIVISION OF ATMOS ENERGY CORPORATION,7927130,4329,Y,C001019,18003800,NGPL KATY,,,20160401 09:56
6931794,NATURAL GAS PIPELINE CO.,C002096,20260928 05:18,Blanks under Up/Dn Loc and Up/Dn Loc Name indicate Third Party information is not applicable.,10849,BCE-MACH/NGPL OAKDALE #1 KIOWA,R,KIOWA,OK,WHD,MIDC,MIDC,5,Y,A,20231204,,Y,BCE-MACH III LLC,117518184,10898,N,,,,,,20231204 09:00
6931794,NATURAL GAS PIPELINE CO.,C002096,20260928 05:18,Blanks under Up/Dn Loc and Up/Dn Loc Name indicate Third Party information is not applicable.,10863,KMTEJAS/NGPL  HARRISON,B,HARRISON,TX,INT,TXOK,TXOK,26,Y,A,20090301,,Y,KINDER MORGAN TEJAS PIPELINE LLC,879826576,26089,Y,C000434,10863,KMTEJAS/NGPL  HARRISON,,,20160401 09:56
6931794,NATURAL GAS PIPELINE CO.,C002096,20260928 05:18,Blanks under Up/Dn Loc and Up/Dn Loc Name indicate Third Party information is not applicable.,11050,TECOGATH/NGPL INDIAN SPRINGS POLK,R,POLK,TX,INT,TXOK,TXOK,26,Y,A,20031010,,Y,TECO GAS GATHERING  LLC,801374740,6616,N,,250892,ETP/NGPL INDIAN SPRING POLK CO.,,,20200810 12:00
6931794,NATURAL GAS PIPELINE CO.,C002096,20260928 05:18,Blanks under Up/Dn Loc and Up/Dn Loc Name indicate Third Party information is not applicable.,11054,INT PWER/NGPL CLINTON HENRY,D,HENRY,IL,LDC,IAIL,MRKT,29,N,A,20260611,,Y,INTERSTATE POWER COMPANY,6941553,2053,N,,,,,,20260611 09:00
6931794,NATURAL GAS PIPELINE CO.,C002096,20260928 05:18,Blanks under Up/Dn Loc and Up/Dn Loc Name indicate Third Party information is not applicable.,11087,MONTEZUM/NGPL CDP,D,UNKNOWN,IA,VIR,AMAR,MRKT,13,Y,A,19970201,,N,,,,,,,,,,20160401 09:56
6931794,NATURAL GAS PIPELINE CO.,C002096,20260928 05:18,Blanks under Up/Dn Loc and Up/Dn Loc Name indicate Third Party information is not applicable.,11096,NICORGAS/NGPL REC TROY GROVE LA SAL,R,LA SALLE,IL,LDC,IAIL,MRKT,14,N,A,20171011,,Y,NICOR GAS COMPANY,6927792,2948,Y,C000600,49- FEEDBACK,TROY GROVE,,,20171011 15:01
6931794,NATURAL GAS PIPELINE CO.,C002096,20260928 05:18,Blanks under Up/Dn Loc and Up/Dn Loc Name indicate Third Party information is not applicable.,11097,NICORGAS/NGPL DEL TROY GROVE LA SAL,D,LA SALLE,IL,LDC,IAIL,MRKT,14,N,A,20150609,,Y,NICOR GAS COMPANY,6927792,2948,Y,C000600,49,TROY GROVE,,,20160608 09:00
6931794,NATURAL GAS PIPELINE CO.,C002096,20260928 05:18,Blanks under Up/Dn Loc and Up/Dn Loc Name indicate Third Party information is not applicable.,11186,GATEWAY/NGPL TYSON MILLER,D,MILLER,AR,EGN,GCST,MRKT,27,Y,A,20260611,,Y,GATEWAY RED OAK LLC,79858210,9993,N,,,,,,20260611 09:00
6931794,NATURAL GAS PIPELINE CO.,C002096,20260928 05:18,Blanks under Up/Dn Loc and Up/Dn Loc Name indicate Third Party information is not applicable.,11272,LD OLAKE/NGPL DEKALB SWINE BEAVER,D,BEAVER,OK,EGN,MIDC,MIDC,10,Y,A,20150609,,Y,LAND O'LAKES  INC.,6253835,1833,N,,,,,,20231113 15:00
6931794,NATURAL GAS PIPELINE CO.,C002096,20260928 05:18,Blanks under Up/Dn Loc and Up/Dn Loc Name indicate Third Party information is not applicable.,11285,BCE-MACH/NGPL OAKDALE #2 KIOWA,R,KIOWA,OK,WHD,MIDC,MIDC,5,Y,A,20171101,,Y,BCE-MACH III LLC,117518184,10898,N,,,,,,20210817 15:00
6931794,NATURAL GAS PIPELINE CO.,C002096,20260928 05:18,Blanks under Up/Dn Loc and Up/Dn Loc Name indicate Third Party information is not applicable.,11295,COL GULF/NGPL CHALKLEY CAMERON,D,CAMERON,LA,INT,LA,LA,23,Y,A,20231017,,Y,COLUMBIA GULF TRANSMISSION CO.,7854581,15040,Y,C000307,4146,NGPL - CHALKLEY,,,20231017 09:00
6931794,NATURAL GAS PIPELINE CO.,C002096,20260928 05:18,Blanks under Up/Dn Loc and Up/Dn Loc Name indicate Third Party information is not applicable.,11303,SUMUTI/NGPL #2 LONOKE,D,LONOKE,AR,LDC,GCST,MRKT,27,Y,A,20260611,,Y,SUMMIT UTILITIES ARKANSAS  INC.,,10926,N,,,,,,20260611 09:00
6931794,NATURAL GAS PIPELINE CO.,C002096,20260928 05:18,Blanks under Up/Dn Loc and Up/Dn Loc Name indicate Third Party information is not applicable.,11313,PGLC/PGLC HUB,B,COOK,IL,VIR,IAIL,MRKT,33,Y,A,19971101,,N,,,,,,,,,,20160401 09:56
6931794,NATURAL GAS PIPELINE CO.,C002096,20260928 05:18,Blanks under Up/Dn Loc and Up/Dn Loc Name indicate Third Party information is not applicable.,11328,POOLING PT - TEXOK A/G ZONE,B,UNKNOWN,OK,PPT,TXOK,TXOK,15,Y,A,19971201,,N,,,,,,,,,,20160401 09:56
6931794,NATURAL GAS PIPELINE CO.,C002096,20260928 05:18,Blanks under Up/Dn Loc and Up/Dn Loc Name indicate Third Party information is not applicable.,11366,KAISER/NGPL  LEA,R,LEA,NM,WHD,PERM,PERM,9,Y,I,,20240112,Y,KAISER-FRANCIS OIL COMPANY,72417900,17607,N,,,,,,20251006 12:00
6931794,NATURAL GAS PIPELINE CO.,C002096,20260928 05:18,Blanks under Up/Dn Loc and Up/Dn Loc Name indicate Third Party information is not applicable.,11433,ATMOSEN/NGPL MULESHOE BAILEY,D,BAILEY,TX,INT,PERM,PERM,8,Y,A,20260611,,Y,ATMOS ENERGY (CORPORATION),159717263,3991,N,,,,,,20260611 09:00
6931794,NATURAL GAS PIPELINE CO.,C002096,20260928 05:18,Blanks under Up/Dn Loc and Up/Dn Loc Name indicate Third Party information is not applicable.,11435,P&G/NGPL  CAPE GIRARDEAU,D,CAPE GIRARDEAU,MO,EGN,GCST,MRKT,27,Y,A,20260611,,Y,THE PROCTER & GAMBLE PAPER PRODUCTS COMPANY,150573889,2184,N,,,,,,20260611 09:00
6931794,NATURAL GAS PIPELINE CO.,C002096,20260928 05:18,Blanks under Up/Dn Loc and Up/Dn Loc Name indicate Third Party information is not applicable.,11442,ONEOKWES/NGPL  POTTER,D,POTTER,TX,INT,PERM,PERM,8,Y,A,20260611,,Y,ONEOK WESTEX TRANSMISSION  L.L.C.,611855602,69,Y,C000586,11442,NGPL POTTER,,,20260611 09:00
6931794,NATURAL GAS PIPELINE CO.,C002096,20260928 05:18,Blanks under Up/Dn Loc and Up/Dn Loc Name indicate Third Party information is not applicable.,24001,ETP/NGPL THOMPSONVILLE JIM HOGG,R,JIM HOGG,TX,INT,STX,STX,18,Y,A,20010501,,Y,ENTERPRISE TEXAS PIPELINE LLC,615855160,3260,Y,C000924,834104,NGPL THOMPSONVILLE,,,20160401 09:56
6931794,NATURAL GAS PIPELINE CO.,C002096,20260928 05:18,Blanks under Up/Dn Loc and Up/Dn Loc Name indicate Third Party information is not applicable.,24004,U OF ILL/NGPL  PIATT,D,PIATT,IL,LDC,IAIL,MRKT,28,Y,A,20260611,,Y,THE BOARD OF TRUSTEES OF UNIVERSITY OF ILLINOIS,611355355,12093,N,,,,,,20260611 09:00
6931794,NATURAL GAS PIPELINE CO.,C002096,20260928 05:18,Blanks under Up/Dn Loc and Up/Dn Loc Name indicate Third Party information is not applicable.,25016,OXY/NGPL FUEL GAS #1 EDDY,D,EDDY,NM,PLT,PERM,PERM,7,Y,A,20260611,,Y,OXY USA WTP  LIMITED PARTNERSHIP,133260518,4227,N,,,,,,20260611 09:00
6931794,NATURAL GAS PIPELINE CO.,C002096,20260928 05:18,Blanks under Up/Dn Loc and Up/Dn Loc Name indicate Third Party information is not applicable.,25026,ATMOSEN/NGPL  DEAF SMITH,D,DEAF SMITH,TX,INT,PERM,PERM,8,N,I,,20151201,Y,ATMOS ENERGY (CORPORATION),159717263,3991,N,,,,,,20190103 12:00
6931794,NATURAL GAS PIPELINE CO.,C002096,20260928 05:18,Blanks under Up/Dn Loc and Up/Dn Loc Name indicate Third Party information is not applicable.,25077,POOLING PT - PERMIAN ZONE,B,UNKNOWN,TX,PPT,PERM,PERM,8,Y,A,19931201,,N,,,,,,,,,,20160401 09:56
6931794,NATURAL GAS PIPELINE CO.,C002096,20260928 05:18,Blanks under Up/Dn Loc and Up/Dn Loc Name indicate Third Party information is not applicable.,25078,POOLING PT - MIDCONTINENT ZONE,B,UNKNOWN,TX,PPT,MIDC,MIDC,10,Y,A,19931201,,N,,,,,,,,,,20160401 09:56
6931794,NATURAL GAS PIPELINE CO.,C002096,20260928 05:18,Blanks under Up/Dn Loc and Up/Dn Loc Name indicate Third Party information is not applicable.,25079,POOLING PT - SOUTH TEXAS ZONE,B,UNKNOWN,TX,PPT,STX,STX,20,Y,A,19931201,,N,,,,,,,,,,20160401 09:56
6931794,NATURAL GAS PIPELINE CO.,C002096,20260928 05:18,Blanks under Up/Dn Loc and Up/Dn Loc Name indicate Third Party information is not applicable.,25080,POOLING PT - LOUISIANA ZONE,B,UNKNOWN,LA,PPT,LA,LA,23,Y,A,19941001,,N,,,,,,,,,,20160401 09:56
6931794,NATURAL GAS PIPELINE CO.,C002096,20260928 05:18,Blanks under Up/Dn Loc and Up/Dn Loc Name indicate Third Party information is not applicable.,25082,STORAGE - PERMIAN ZONE,B,UNKNOWN,TX,STR,PERM,PERM,8,Y,A,19931201,,N,,,,,,,,,,20160401 09:56
6931794,NATURAL GAS PIPELINE CO.,C002096,20260928 05:18,Blanks under Up/Dn Loc and Up/Dn Loc Name indicate Third Party information is not applicable.,25083,STORAGE - MIDCONTINENT ZONE,B,UNKNOWN,OK,STR,MIDC,MIDC,10,Y,A,19931201,,N,,,,,,,,,,20160401 09:56
6931794,NATURAL GAS PIPELINE CO.,C002096,20260928 05:18,Blanks under Up/Dn Loc and Up/Dn Loc Name indicate Third Party information is not applicable.,25084,STORAGE - SOUTH TEXAS ZONE,B,UNKNOWN,TX,STR,STX,STX,22,Y,A,19931201,,N,,,,,,,,,,20160401 09:56
6931794,NATURAL GAS PIPELINE CO.,C002096,20260928 05:18,Blanks under Up/Dn Loc and Up/Dn Loc Name indicate Third Party information is not applicable.,25085,STORAGE - LOUISIANA ZONE,B,UNKNOWN,LA,STR,LA,LA,23,Y,A,19931201,,N,,,,,,,,,,20160401 09:56
6931794,NATURAL GAS PIPELINE CO.,C002096,20260928 05:18,Blanks under Up/Dn Loc and Up/Dn Loc Name indicate Third Party information is not applicable.,25104,MAPL/NGPL  OCHILTREE,D,OCHILTREE,TX,EGN,MIDC,MIDC,10,Y,A,20260611,,Y,MID-AMERICA PIPELINE COMPANY,131817983,2652,N,,,,,,20260611 09:00
6931794,NATURAL GAS PIPELINE CO.,C002096,20260928 05:18,Blanks under Up/Dn Loc and Up/Dn Loc Name indicate Third Party information is not applicable.,25165,AMER IL/NGPL HILLSBORO MOULTRIE,D,MOULTRIE,IL,LDC,IAIL,MRKT,28,N,A,20180420,,Y,AMEREN ILLINOIS COMPANY,6936017,5254,Y,C003986,25165,LOVINGTON IP,,,20180424 15:00
6931794,NATURAL GAS PIPELINE CO.,C002096,20260928 05:18,Blanks under Up/Dn Loc and Up/Dn Loc Name indicate Third Party information is not applicable.,25250,IPLC/NGPL CDP,D,UNKNOWN,IA,VIR,AMAR,MRKT,13,Y,A,19940101,,N,,,,,,,,,,20160401 09:56
6931794,NATURAL GAS PIPELINE CO.,C002096,20260928 05:18,Blanks under Up/Dn Loc and Up/Dn Loc Name indicate Third Party information is not applicable.,25259,LOBO/NGPL KING RANCH KLEBERG,R,KLEBERG,TX,INT,STX,STX,20,Y,A,20260408,,Y,LOBO PIPELINE COMPANY LLC,90974577,1809,Y,C001263,0890509C,KINDER MORGAN #1 TAILGATE,,,20260409 15:00
6931794,NATURAL GAS PIPELINE CO.,C002096,20260928 05:18,Blanks under Up/Dn Loc and Up/Dn Loc Name indicate Third Party information is not applicable.,25319,ENERGYWO/NGPL  PITTSBURG,R,PITTSBURG,OK,WHD,TXOK,TXOK,16,Y,A,20171101,,Y,EW OPERATING (OK)  LLC,143040453,11705,N,,,,,,20260501 09:00
6931794,NATURAL GAS PIPELINE CO.,C002096,20260928 05:18,Blanks under Up/Dn Loc and Up/Dn Loc Name indicate Third Party information is not applicable.,25400,MIDWSTRN/NGPL HERSCHER KANKAKEE,D,KANKAKEE,IL,INT,IAIL,MRKT,34,Y,A,19970501,,Y,MIDWESTERN GAS TRANSMISSION COMPANY,6792451,15462,Y,C000582,193263,HERSCHER,,,20160401 09:56
6931794,NATURAL GAS PIPELINE CO.,C002096,20260928 05:18,Blanks under Up/Dn Loc and Up/Dn Loc Name indicate Third Party information is not applicable.,25596,NICORGAS/NICORGAS HUB,B,DU PAGE,IL,VIR,IAIL,MRKT,30,Y,A,19950106,,N,,,,,,,,,,20160401 09:56
6931794,NATURAL GAS PIPELINE CO.,C002096,20260928 05:18,Blanks under Up/Dn Loc and Up/Dn Loc Name indicate Third Party information is not applicable.,25656,STORAGE - IOWA-ILL AMA ZONE,B,UNKNOWN,IL,STR,IAIL,MRKT,14,Y,A,19951201,,N,,,,,,,,,,20160401 09:56
6931794,NATURAL GAS PIPELINE CO.,C002096,20260928 05:18,Blanks under Up/Dn Loc and Up/Dn Loc Name indicate Third Party information is not applicable.,25657,STORAGE - GULF COAST M/L ZONE,B,UNKNOWN,AR,STR,GCST,MRKT,27,Y,A,19951201,,N,,,,,,,,,,20160401 09:56
6931794,NATURAL GAS PIPELINE CO.,C002096,20260928 05:18,Blanks under Up/Dn Loc and Up/Dn Loc Name indicate Third Party information is not applicable.,25658,STORAGE - TEXOK ZONE,B,UNKNOWN,TX,STR,TXOK,TXOK,26,Y,A,19951201,,N,,,,,,,,,,20160401 09:56
6931794,NATURAL GAS PIPELINE CO.,C002096,20260928 05:18,Blanks under Up/Dn Loc and Up/Dn Loc Name indicate Third Party information is not applicable.,25686,EMP-EOIT/NGPL LIMESTONE LATIMER,R,LATIMER,OK,INT,TXOK,TXOK,16,Y,A,20190221,,Y,ENABLE OKLAHOMA INTRASTATE TRANSMISSION  LLC,7205412,5963,Y,C000960,NGPL-EAST,NGPL EAST GROUPED DEL,,,20190221 09:00
6931794,NATURAL GAS PIPELINE CO.,C002096,20260928 05:18,Blanks under Up/Dn Loc and Up/Dn Loc Name indicate Third Party information is not applicable.,25717,NORBORD/NGPL  MARION,D,MARION,TX,EGN,TXOK,TXOK,26,Y,A,20190601,,Y,NORBORD TEXAS LP,201719598,3837,N,,,,,,20211214 12:00
6931794,NATURAL GAS PIPELINE CO.,C002096,20260928 05:18,Blanks under Up/Dn Loc and Up/Dn Loc Name indicate Third Party information is not applicable.,25731,JEFFSTOR/NGPL  VERMILION,B,VERMILION,LA,INT,LA,LA,24,Y,A,19960215,,Y,JEFFERSON ISLAND STORAGE & HUB L.L.C.,804457104,26473,Y,C001773,M6002,NGPL,,,20160401 09:56
6931794,NATURAL GAS PIPELINE CO.,C002096,20260928 05:18,Blanks under Up/Dn Loc and Up/Dn Loc Name indicate Third Party information is not applicable.,25751,3M/NGPL  PULASKI,D,PULASKI,AR,EGN,GCST,MRKT,27,Y,A,20260611,,Y,3M COMPANY,89233027,3286,N,,,,,,20260611 09:00
6931794,NATURAL GAS PIPELINE CO.,C002096,20260928 05:18,Blanks under Up/Dn Loc and Up/Dn Loc Name indicate Third Party information is not applicable.,25776,DCP OPER/NGPL BIG EDDY,R,EDDY,NM,GTH,PERM,PERM,7,N,A,20200801,,Y,DCP OPERATING COMPANY  LP,3048753,3368,Y,C011323,25776,DCP OPER/NGPL BIG EDDY,,,20220523 12:00
6931794,NATURAL GAS PIPELINE CO.,C002096,20260928 05:18,Blanks under Up/Dn Loc and Up/Dn Loc Name indicate Third Party information is not applicable.,36120,ET G&P/NGPL  HEMPHILL,R,HEMPHILL,TX,WHD,MIDC,MIDC,6,Y,A,20200408,,Y,ET GATHERING & PROCESSING LLC,32377308,3862,Y,C012199,36120,ETC TX/NGPL  HEMPHILL,,,20240430 15:00
6931794,NATURAL GAS PIPELINE CO.,C002096,20260928 05:18,Blanks under Up/Dn Loc and Up/Dn Loc Name indicate Third Party information is not applicable.,36129,ONG/NGPL MADILL #1 MARSHALL,D,MARSHALL,OK,LDC,TXOK,TXOK,15,Y,A,20250407,,Y,OKLAHOMA NATURAL GAS COMPANY  A DIVISION OF ONE GAS  INC.,77349132,9179,N,,,,,,20250408 09:00
6931794,NATURAL GAS PIPELINE CO.,C002096,20260928 05:18,Blanks under Up/Dn Loc and Up/Dn Loc Name indicate Third Party information is not applicable.,36381,WILL MLP/NGPL EDWARDS #2-19 KIOWA,R,KIOWA,OK,WHD,MIDC,MIDC,2,Y,A,20171101,,Y,WILLIAMS MLP OPERATING  LLC,967633087,8611,N,,,,,,20191029 12:00
6931794,NATURAL GAS PIPELINE CO.,C002096,20260928 05:18,Blanks under Up/Dn Loc and Up/Dn Loc Name indicate Third Party information is not applicable.,36778,GIBSCTY/NGPL UEDC GIBSON CITY PLANT,D,MC LEAN,IL,EGN,IAIL,MRKT,28,Y,A,20130101,,Y,GIBSON CITY ENERGY CENTER  LLC,34347265,10942,N,,,,,,20220101 09:00
6931794,NATURAL GAS PIPELINE CO.,C002096,20260928 05:18,Blanks under Up/Dn Loc and Up/Dn Loc Name indicate Third Party information is not applicable.,36779,AMUE/NGPL KINMUNDY PLANT FAYETTE,D,FAYETTE,IL,EGN,IAIL,MRKT,28,N,A,20150609,,Y,UNION ELECTRIC COMPANY  D/B/A/ AMEREN MISSOURI,6968655,2742,N,,,,,,20211214 12:00
6931794,NATURAL GAS PIPELINE CO.,C002096,20260928 05:18,Blanks under Up/Dn Loc and Up/Dn Loc Name indicate Third Party information is not applicable.,36863,MAINLINE/NGPL CDP,D,UNKNOWN,IL,VIR,IAIL,MRKT,28,Y,A,20000501,,N,,,,,,,,,,20160401 09:56
6931794,NATURAL GAS PIPELINE CO.,C002096,20260928 05:18,Blanks under Up/Dn Loc and Up/Dn Loc Name indicate Third Party information is not applicable.,36879,MAINLINE/NGPL GRAND TOWER JACKSON,D,JACKSON,IL,EGN,IAIL,MRKT,28,N,A,20200403,,Y,MAIN LINE GENERATION  LLC,79169955,9129,N,,,,,,20211214 12:00
6931794,NATURAL GAS PIPELINE CO.,C002096,20260928 05:18,Blanks under Up/Dn Loc and Up/Dn Loc Name indicate Third Party information is not applicable.,36880,AMUE/NGPL PICKNEYVILLE PERRY,D,PERRY,IL,EGN,IAIL,MRKT,28,N,A,20200210,,Y,UNION ELECTRIC COMPANY  D/B/A/ AMEREN MISSOURI,6968655,2742,N,,,,,,20211214 12:00
6931794,NATURAL GAS PIPELINE CO.,C002096,20260928 05:18,Blanks under Up/Dn Loc and Up/Dn Loc Name indicate Third Party information is not applicable.,37026,AECC/NGPL WRIGHTSVILLE PLT PULASKI,D,PULASKI,AR,EGN,GCST,MRKT,27,N,A,20260611,,Y,ARKANSAS ELECTRIC COOPERATIVE CORPORATION,43559699,1044,N,,,,,,20260611 09:00
6931794,NATURAL GAS PIPELINE CO.,C002096,20260928 05:18,Blanks under Up/Dn Loc and Up/Dn Loc Name indicate Third Party information is not applicable.,37036,SWECI/NGPL PEAKER POWER  PLANT FAYE,D,FAYETTE,IL,EGN,IAIL,MRKT,28,Y,I,,20240819,Y,SOUTHWESTERN ELECTRIC COOPERATIVE  INC.,6934236,21479,N,,,,,,20240820 12:00
6931794,NATURAL GAS PIPELINE CO.,C002096,20260928 05:18,Blanks under Up/Dn Loc and Up/Dn Loc Name indicate Third Party information is not applicable.,37207,ALLNCEPL/NGPL JOLIET #1 GRUNDY,R,GRUNDY,IL,INT,IAIL,MRKT,28,Y,A,20200210,,Y,ALLIANCE PIPELINE  L.P.,809787513,3096,Y,C000118,IL02,NATURAL GAS PIPELINE COMPANY OF AMERICA,,,20260504 12:00
6931794,NATURAL GAS PIPELINE CO.,C002096,20260928 05:18,Blanks under Up/Dn Loc and Up/Dn Loc Name indicate Third Party information is not applicable.,37208,ALLNCEPL/NGPL JOLIET #2 GRUNDY,B,GRUNDY,IL,INT,IAIL,MRKT,28,Y,A,20000501,,Y,ALLIANCE PIPELINE  L.P.,253844662,3096,Y,C000118,IL02,NATURAL GAS PIPELINE COMPANY OF AMERICA,,,20160401 09:56
6931794,NATURAL GAS PIPELINE CO.,C002096,20260928 05:18,Blanks under Up/Dn Loc and Up/Dn Loc Name indicate Third Party information is not applicable.,37281,PGLC/NGPL MANLOVE CHAMPAIGN,B,CHAMPAIGN,IL,LDC,IAIL,MRKT,28,Y,A,20010501,,Y,THE PEOPLES GAS LIGHT AND COKE COMPANY,6932115,3157,Y,C000256,MFNA,MANLOVE FIELD NGPL (ULTRASONIC),,,20160608 09:00
6931794,NATURAL GAS PIPELINE CO.,C002096,20260928 05:18,Blanks under Up/Dn Loc and Up/Dn Loc Name indicate Third Party information is not applicable.,37329,LEE CTY/NGPL POWER PLANT LEE,D,LEE,IL,EGN,IAIL,MRKT,29,Y,A,20151103,,Y,LEE COUNTY GENERATING STATION  LLC,80922234,10185,N,,,,,,20211214 12:00
6931794,NATURAL GAS PIPELINE CO.,C002096,20260928 05:18,Blanks under Up/Dn Loc and Up/Dn Loc Name indicate Third Party information is not applicable.,37435,AURORA/NGPL LSP DU PAGE,D,DU PAGE,IL,EGN,IAIL,MRKT,40,Y,A,20230418,,Y,AURORA GENERATION  LLC,,9647,N,,,,,,20230418 15:00
6931794,NATURAL GAS PIPELINE CO.,C002096,20260928 05:18,Blanks under Up/Dn Loc and Up/Dn Loc Name indicate Third Party information is not applicable.,37585,AECC/NGPL FULTON POWER PLANT HEMPST,D,HEMPSTEAD,AR,EGN,GCST,MRKT,27,N,A,20260526,,Y,ARKANSAS ELECTRIC COOPERATIVE CORPORATION,43559699,1044,N,,,,,,20260526 15:00
6931794,NATURAL GAS PIPELINE CO.,C002096,20260928 05:18,Blanks under Up/Dn Loc and Up/Dn Loc Name indicate Third Party information is not applicable.,37613,FASKEN/NGPL N. INDIAN HILLS EDDY,R,EDDY,NM,WHD,PERM,PERM,7,Y,A,20180507,,Y,FASKEN OIL AND RANCH  LTD.,68858778,5840,N,,,,,,20180507 12:00
6931794,NATURAL GAS PIPELINE CO.,C002096,20260928 05:18,Blanks under Up/Dn Loc and Up/Dn Loc Name indicate Third Party information is not applicable.,39529,INVENERG/NGPL NELSON ENERGY CENTER,D,LEE,IL,EGN,IAIL,MRKT,29,N,A,20200210,,Y,INVENERGY NELSON LLC,184027378,9191,N,,,,,,20230401 09:00
6931794,NATURAL GAS PIPELINE CO.,C002096,20260928 05:18,Blanks under Up/Dn Loc and Up/Dn Loc Name indicate Third Party information is not applicable.,39548,CIPCO/NGPL CENTRAL IOWA POWER CO-OP,D,ADAIR,IA,EGN,AMAR,MRKT,13,Y,A,20260611,,Y,CENTRAL IOWA POWER COOPERATIVE,5826110,3279,N,,,,,,20260611 09:00
6931794,NATURAL GAS PIPELINE CO.,C002096,20260928 05:18,Blanks under Up/Dn Loc and Up/Dn Loc Name indicate Third Party information is not applicable.,39648,WPP NAC/NGPL LISA B #1 NACOGDOCHES,R,NACOGDOCHES,TX,WHD,TXOK,TXOK,26,Y,A,20171101,,Y,WPP NACOGDOCHES  L.L.C.,,11223,N,,,,,,20231011 12:00
6931794,NATURAL GAS PIPELINE CO.,C002096,20260928 05:18,Blanks under Up/Dn Loc and Up/Dn Loc Name indicate Third Party information is not applicable.,39755,HORIZON/NGPL NORTH MC HENRY,B,MC HENRY,IL,INT,IAIL,MRKT,37,Y,A,20020501,,Y,HORIZON PIPELINE COMPANY LLC,51706161,1030,Y,C000226,39755,HORIZON/NGPL NORTH MC HENRY,,,20160401 09:56
6931794,NATURAL GAS PIPELINE CO.,C002096,20260928 05:18,Blanks under Up/Dn Loc and Up/Dn Loc Name indicate Third Party information is not applicable.,39763,ONG/NGPL ARDMORE CARTER,D,CARTER,OK,LDC,TXOK,TXOK,15,Y,A,20230831,,Y,OKLAHOMA NATURAL GAS COMPANY  A DIVISION OF ONE GAS  INC.,77349132,9179,N,,,,,,20230831 15:00
6931794,NATURAL GAS PIPELINE CO.,C002096,20260928 05:18,Blanks under Up/Dn Loc and Up/Dn Loc Name indicate Third Party information is not applicable.,39772,KMNTP/NGPL DELIVERY LAMAR,D,LAMAR,TX,INT,TXOK,TXOK,17,Y,A,20200210,,Y,KINDER MORGAN NORTH TEXAS PIPELINE  LLC,126918247,539,Y,C000436,39772,KMNTP/NGPL DELIVERY LAMAR,,,20200211 15:00
6931794,NATURAL GAS PIPELINE CO.,C002096,20260928 05:18,Blanks under Up/Dn Loc and Up/Dn Loc Name indicate Third Party information is not applicable.,39845,HOLLAND/NGPL HOLLAND ENERGY PLANT S,D,SHELBY,IL,EGN,IAIL,MRKT,28,Y,A,20260611,,Y,HOLLAND ENERGY  L.L.C.,,4589,N,,,,,,20260611 09:00
6931794,NATURAL GAS PIPELINE CO.,C002096,20260928 05:18,Blanks under Up/Dn Loc and Up/Dn Loc Name indicate Third Party information is not applicable.,39855,HORIZON/NGPL SOUTH GRUNDY,B,GRUNDY,IL,INT,IAIL,MRKT,28,Y,A,20090301,,Y,HORIZON PIPELINE COMPANY LLC,51706161,1030,Y,C000226,39855,HORIZON/NGPL SOUTH GRUNDY,,,20160401 09:56
6931794,NATURAL GAS PIPELINE CO.,C002096,20260928 05:18,Blanks under Up/Dn Loc and Up/Dn Loc Name indicate Third Party information is not applicable.,39865,OPPD/NGPL CASS CO. NEBRASKA CASS,D,CASS,NE,EGN,AMAR,MRKT,12,Y,A,20210406,,Y,OMAHA PUBLIC POWER DISTRICT CORPORATION,6970453,20455,N,,,,,,20211214 12:00
6931794,NATURAL GAS PIPELINE CO.,C002096,20260928 05:18,Blanks under Up/Dn Loc and Up/Dn Loc Name indicate Third Party information is not applicable.,39875,NICORGAS/NGPL STA 210 GRUNDY,R,GRUNDY,IL,LDC,IAIL,MRKT,28,Y,A,20130101,,Y,NICOR GAS COMPANY,6927792,2948,Y,C000600,210,AUX SABLE,,,20160608 09:00
6931794,NATURAL GAS PIPELINE CO.,C002096,20260928 05:18,Blanks under Up/Dn Loc and Up/Dn Loc Name indicate Third Party information is not applicable.,39927,CALPINE/NGPL ZION LAKE,D,LAKE,IL,EGN,IAIL,MRKT,39,N,A,20230418,,Y,CALPINE ENERGY SERVICES  L.P.,169668212,3084,N,,,,,,20230418 15:00
6931794,NATURAL GAS PIPELINE CO.,C002096,20260928 05:18,Blanks under Up/Dn Loc and Up/Dn Loc Name indicate Third Party information is not applicable.,40057,DYNEGY/NGPL NRG LSP-KENDALL KENDALL,D,KENDALL,IL,EGN,IAIL,MRKT,14,Y,A,20020410,,Y,DYNEGY MARKETING AND TRADE  LLC,137619136,5926,N,,,,,,20211214 12:00
6931794,NATURAL GAS PIPELINE CO.,C002096,20260928 05:18,Blanks under Up/Dn Loc and Up/Dn Loc Name indicate Third Party information is not applicable.,40058,TMI/NGPL NRG LSP-KENDALL PWR PLT KE,D,KENDALL,IL,EGN,IAIL,MRKT,14,Y,A,20020401,,Y,TENASKA MARKETING  INC.,782714018,2153,N,,,,,,20211214 12:00
6931794,NATURAL GAS PIPELINE CO.,C002096,20260928 05:18,Blanks under Up/Dn Loc and Up/Dn Loc Name indicate Third Party information is not applicable.,40059,NRG  PM/NGPL LSP-KENDALL PWR PLT KE,D,KENDALL,IL,EGN,IAIL,MRKT,14,Y,A,20020401,,Y,NRG POWER MARKETING LLC,28255979,1838,N,,,,,,20211214 12:00
6931794,NATURAL GAS PIPELINE CO.,C002096,20260928 05:18,Blanks under Up/Dn Loc and Up/Dn Loc Name indicate Third Party information is not applicable.,40106,AMUE/NGPL RACCOON POWER PLT CLAY,D,CLAY,IL,EGN,IAIL,MRKT,28,Y,A,20020401,,Y,UNION ELECTRIC COMPANY  D/B/A/ AMEREN MISSOURI,6968655,2742,N,,,,,,20211214 12:00
6931794,NATURAL GAS PIPELINE CO.,C002096,20260928 05:18,Blanks under Up/Dn Loc and Up/Dn Loc Name indicate Third Party information is not applicable.,40250,AMUE/NGPL GOOSE CREEK POWER PLT PIA,D,PIATT,IL,EGN,IAIL,MRKT,28,N,A,20190401,,Y,UNION ELECTRIC COMPANY  D/B/A/ AMEREN MISSOURI,6968655,2742,N,,,,,,20211214 12:00
6931794,NATURAL GAS PIPELINE CO.,C002096,20260928 05:18,Blanks under Up/Dn Loc and Up/Dn Loc Name indicate Third Party information is not applicable.,40257,CALPINE/NGPL ZION ENERGY LAKE,D,LAKE,IL,EGN,IAIL,MRKT,39,Y,A,20020606,,Y,CALPINE ENERGY SERVICES  L.P.,169668212,3084,N,,,,,,20211214 12:00
6931794,NATURAL GAS PIPELINE CO.,C002096,20260928 05:18,Blanks under Up/Dn Loc and Up/Dn Loc Name indicate Third Party information is not applicable.,40300,HILCORP/NGPL  CAMERON,D,CAMERON,LA,EGN,LA,LA,23,Y,A,20260611,,Y,HILCORP ENERGY I  L.P.,809639664,1478,N,,,,,,20260611 09:00
6931794,NATURAL GAS PIPELINE CO.,C002096,20260928 05:18,Blanks under Up/Dn Loc and Up/Dn Loc Name indicate Third Party information is not applicable.,40330,AMER IL/NGPL METROEAST MADISON,D,MADISON,IL,LDC,IAIL,MRKT,28,N,A,20240301,,Y,AMEREN ILLINOIS COMPANY,6936017,5254,Y,C003986,40330,METRO EAST,,,20240301 15:10
6931794,NATURAL GAS PIPELINE CO.,C002096,20260928 05:18,Blanks under Up/Dn Loc and Up/Dn Loc Name indicate Third Party information is not applicable.,40375,E TX ELE/NGPL POWER PLANT HARRISON,D,HARRISON,TX,EGN,TXOK,TXOK,26,Y,A,20251009,,Y,EAST TEXAS ELECTRIC COOPERATIVE  INC.,948535265,4895,N,,,,,,20251014 09:00
6931794,NATURAL GAS PIPELINE CO.,C002096,20260928 05:18,Blanks under Up/Dn Loc and Up/Dn Loc Name indicate Third Party information is not applicable.,40387,MIDCOAST/NGPL  MARION,R,MARION,TX,INT,TXOK,TXOK,26,Y,A,20030301,,Y,MIDCOAST PIPELINES (EAST TEXAS) L.P.,150213390,3367,Y,C001125,1021391,NGPL MARION,,,20181026 09:00
6931794,NATURAL GAS PIPELINE CO.,C002096,20260928 05:18,Blanks under Up/Dn Loc and Up/Dn Loc Name indicate Third Party information is not applicable.,40400,GUARD/NGPL  WILL,D,WILL,IL,INT,IAIL,MRKT,33,N,I,,20190416,Y,GUARDIAN PIPELINE  L.L.C.,31752897,3749,Y,C000583,359489,JOLIET NGPL,,,20190416 15:00
6931794,NATURAL GAS PIPELINE CO.,C002096,20260928 05:18,Blanks under Up/Dn Loc and Up/Dn Loc Name indicate Third Party information is not applicable.,40475,PALOOK/NGPL SWEETWATER BECKHAM,R,BECKHAM,OK,INT,MIDC,MIDC,6,N,I,,20190201,Y,PALO DURO G&P (OKLAHOMA) L.P.,122717866,3855,N,,,,,,20220301 09:00
6931794,NATURAL GAS PIPELINE CO.,C002096,20260928 05:18,Blanks under Up/Dn Loc and Up/Dn Loc Name indicate Third Party information is not applicable.,40484,TARSAGS/NGPL SOMBRERO GRANDE LEA,R,LEA,NM,PLT,PERM,PERM,8,Y,A,20181001,,Y,TARGA SAN ANDRES GAS SERVICES LLC,80597481,10016,N,,,,,,20260310 09:00
6931794,NATURAL GAS PIPELINE CO.,C002096,20260928 05:18,Blanks under Up/Dn Loc and Up/Dn Loc Name indicate Third Party information is not applicable.,40802,VAR/VAR DIME DESIGN PT - SEG. 1 - B,B,NOT KNOWN EITHER,,OTH,MIDC,MIDC,1,N,A,20160601,,N,,,,,,,,,,20250522 09:00
6931794,NATURAL GAS PIPELINE CO.,C002096,20260928 05:18,Blanks under Up/Dn Loc and Up/Dn Loc Name indicate Third Party information is not applicable.,40803,VAR/VAR DIME DESIGN PT - SEG. 1 - E,B,NOT KNOWN EITHER,,OTH,MIDC,MIDC,1,N,A,20160601,,N,,,,,,,,,,20250522 09:00
6931794,NATURAL GAS PIPELINE CO.,C002096,20260928 05:18,Blanks under Up/Dn Loc and Up/Dn Loc Name indicate Third Party information is not applicable.,40804,VAR/VAR DIME DESIGN PT - SEG. 2 - B,B,NOT KNOWN EITHER,,OTH,MIDC,MIDC,2,N,A,20160601,,N,,,,,,,,,,20250522 09:00
6931794,NATURAL GAS PIPELINE CO.,C002096,20260928 05:18,Blanks under Up/Dn Loc and Up/Dn Loc Name indicate Third Party information is not applicable.,40805,VAR/VAR DIME DESIGN PT - SEG. 2 - E,B,NOT KNOWN EITHER,,OTH,MIDC,MIDC,2,N,A,20160601,,N,,,,,,,,,,20250522 09:00
6931794,NATURAL GAS PIPELINE CO.,C002096,20260928 05:18,Blanks under Up/Dn Loc and Up/Dn Loc Name indicate Third Party information is not applicable.,40806,VAR/VAR DIME DESIGN PT - SEG. 3 - B,B,NOT KNOWN EITHER,,OTH,MIDC,MIDC,3,N,A,20160601,,N,,,,,,,,,,20250522 09:00
6931794,NATURAL GAS PIPELINE CO.,C002096,20260928 05:18,Blanks under Up/Dn Loc and Up/Dn Loc Name indicate Third Party information is not applicable.,40807,VAR/VAR DIME DESIGN PT - SEG. 3 - E,B,NOT KNOWN EITHER,,OTH,MIDC,MIDC,3,N,A,20160601,,N,,,,,,,,,,20250522 09:00
6931794,NATURAL GAS PIPELINE CO.,C002096,20260928 05:18,Blanks under Up/Dn Loc and Up/Dn Loc Name indicate Third Party information is not applicable.,40808,VAR/VAR DIME DESIGN PT - SEG. 4 - B,B,NOT KNOWN EITHER,,OTH,MIDC,MIDC,4,N,A,20160601,,N,,,,,,,,,,20250522 09:00
6931794,NATURAL GAS PIPELINE CO.,C002096,20260928 05:18,Blanks under Up/Dn Loc and Up/Dn Loc Name indicate Third Party information is not applicable.,40809,VAR/VAR DIME DESIGN PT - SEG. 4 - E,B,NOT KNOWN EITHER,,OTH,MIDC,MIDC,4,N,A,20160601,,N,,,,,,,,,,20250522 09:00
6931794,NATURAL GAS PIPELINE CO.,C002096,20260928 05:18,Blanks under Up/Dn Loc and Up/Dn Loc Name indicate Third Party information is not applicable.,40810,VAR/VAR DIME DESIGN PT - SEG. 5 - B,B,NOT KNOWN EITHER,,OTH,MIDC,MIDC,5,N,A,20160601,,N,,,,,,,,,,20250522 09:00
6931794,NATURAL GAS PIPELINE CO.,C002096,20260928 05:18,Blanks under Up/Dn Loc and Up/Dn Loc Name indicate Third Party information is not applicable.,40811,VAR/VAR DIME DESIGN PT - SEG. 5 - E,B,NOT KNOWN EITHER,,OTH,MIDC,MIDC,5,N,A,20160601,,N,,,,,,,,,,20250522 09:00
6931794,NATURAL GAS PIPELINE CO.,C002096,20260928 05:18,Blanks under Up/Dn Loc and Up/Dn Loc Name indicate Third Party information is not applicable.,40812,VAR/VAR DIME DESIGN PT - SEG. 6 - B,B,NOT KNOWN EITHER,,OTH,MIDC,MIDC,6,N,A,20160601,,N,,,,,,,,,,20250522 09:00
6931794,NATURAL GAS PIPELINE CO.,C002096,20260928 05:18,Blanks under Up/Dn Loc and Up/Dn Loc Name indicate Third Party information is not applicable.,40813,VAR/VAR DIME DESIGN PT - SEG. 6 - E,B,NOT KNOWN EITHER,,OTH,MIDC,MIDC,6,N,A,20160601,,N,,,,,,,,,,20250522 09:00
6931794,NATURAL GAS PIPELINE CO.,C002096,20260928 05:18,Blanks under Up/Dn Loc and Up/Dn Loc Name indicate Third Party information is not applicable.,40814,VAR/VAR DIME DESIGN PT - SEG. 7 - B,B,NOT KNOWN EITHER,,OTH,PERM,PERM,7,N,A,20160601,,N,,,,,,,,,,20250522 09:00
6931794,NATURAL GAS PIPELINE CO.,C002096,20260928 05:18,Blanks under Up/Dn Loc and Up/Dn Loc Name indicate Third Party information is not applicable.,40815,VAR/VAR DIME DESIGN PT - SEG. 7 - E,B,NOT KNOWN EITHER,,OTH,PERM,PERM,7,N,A,20160601,,N,,,,,,,,,,20250522 09:00
6931794,NATURAL GAS PIPELINE CO.,C002096,20260928 05:18,Blanks under Up/Dn Loc and Up/Dn Loc Name indicate Third Party information is not applicable.,40816,VAR/VAR DIME DESIGN PT - SEG. 8 - B,B,NOT KNOWN EITHER,,OTH,PERM,PERM,8,N,A,20160601,,N,,,,,,,,,,20250522 09:00
6931794,NATURAL GAS PIPELINE CO.,C002096,20260928 05:18,Blanks under Up/Dn Loc and Up/Dn Loc Name indicate Third Party information is not applicable.,40817,VAR/VAR DIME DESIGN PT - SEG. 8 - E,B,NOT KNOWN EITHER,,OTH,PERM,PERM,8,N,A,20160601,,N,,,,,,,,,,20250522 09:00
6931794,NATURAL GAS PIPELINE CO.,C002096,20260928 05:18,Blanks under Up/Dn Loc and Up/Dn Loc Name indicate Third Party information is not applicable.,40818,VAR/VAR DIME DESIGN PT - SEG. 9 - B,B,NOT KNOWN EITHER,,OTH,PERM,PERM,9,N,A,20160601,,N,,,,,,,,,,20250522 09:00
6931794,NATURAL GAS PIPELINE CO.,C002096,20260928 05:18,Blanks under Up/Dn Loc and Up/Dn Loc Name indicate Third Party information is not applicable.,40819,VAR/VAR DIME DESIGN PT - SEG. 9 - E,B,NOT KNOWN EITHER,,OTH,PERM,PERM,9,N,A,20160601,,N,,,,,,,,,,20250522 09:00
6931794,NATURAL GAS PIPELINE CO.,C002096,20260928 05:18,Blanks under Up/Dn Loc and Up/Dn Loc Name indicate Third Party information is not applicable.,40820,VAR/VAR DIME DESIGN PT - SEG. 10 -,B,NOT KNOWN EITHER,,OTH,MIDC,MIDC,10,N,A,20160601,,N,,,,,,,,,,20250522 09:00
6931794,NATURAL GAS PIPELINE CO.,C002096,20260928 05:18,Blanks under Up/Dn Loc and Up/Dn Loc Name indicate Third Party information is not applicable.,40821,VAR/VAR DIME DESIGN PT - SEG. 10 -,B,NOT KNOWN EITHER,,OTH,MIDC,MIDC,10,N,A,20160601,,N,,,,,,,,,,20250522 09:00
6931794,NATURAL GAS PIPELINE CO.,C002096,20260928 05:18,Blanks under Up/Dn Loc and Up/Dn Loc Name indicate Third Party information is not applicable.,40822,VAR/VAR DIME DESIGN PT - SEG. 11 -,B,NOT KNOWN EITHER,,OTH,MIDC,MIDC,11,N,A,20160601,,N,,,,,,,,,,20250522 09:00
6931794,NATURAL GAS PIPELINE CO.,C002096,20260928 05:18,Blanks under Up/Dn Loc and Up/Dn Loc Name indicate Third Party information is not applicable.,40823,VAR/VAR DIME DESIGN PT - SEG. 11 -,B,NOT KNOWN EITHER,,OTH,MIDC,MIDC,11,N,A,20160601,,N,,,,,,,,,,20250522 09:00
6931794,NATURAL GAS PIPELINE CO.,C002096,20260928 05:18,Blanks under Up/Dn Loc and Up/Dn Loc Name indicate Third Party information is not applicable.,40824,VAR/VAR DIME DESIGN PT - SEG. 12 -,B,NOT KNOWN EITHER,,OTH,AMAR,MRKT,12,N,A,20160601,,N,,,,,,,,,,20250522 09:00
6931794,NATURAL GAS PIPELINE CO.,C002096,20260928 05:18,Blanks under Up/Dn Loc and Up/Dn Loc Name indicate Third Party information is not applicable.,40825,VAR/VAR DIME DESIGN PT - SEG. 12 -,B,NOT KNOWN EITHER,,OTH,AMAR,MRKT,12,N,A,20160601,,N,,,,,,,,,,20250522 09:00
6931794,NATURAL GAS PIPELINE CO.,C002096,20260928 05:18,Blanks under Up/Dn Loc and Up/Dn Loc Name indicate Third Party information is not applicable.,40826,VAR/VAR DIME DESIGN PT - SEG. 13 -,B,NOT KNOWN EITHER,,OTH,AMAR,MRKT,13,N,A,20160601,,N,,,,,,,,,,20250522 09:00
6931794,NATURAL GAS PIPELINE CO.,C002096,20260928 05:18,Blanks under Up/Dn Loc and Up/Dn Loc Name indicate Third Party information is not applicable.,40827,VAR/VAR DIME DESIGN PT - SEG. 13 -,B,NOT KNOWN EITHER,,OTH,AMAR,MRKT,13,N,A,20160601,,N,,,,,,,,,,20250522 09:00
6931794,NATURAL GAS PIPELINE CO.,C002096,20260928 05:18,Blanks under Up/Dn Loc and Up/Dn Loc Name indicate Third Party information is not applicable.,40828,VAR/VAR DIME DESIGN PT - SEG. 14 -,B,NOT KNOWN EITHER,,OTH,IAIL,MRKT,14,N,A,20160601,,N,,,,,,,,,,20250522 09:00
6931794,NATURAL GAS PIPELINE CO.,C002096,20260928 05:18,Blanks under Up/Dn Loc and Up/Dn Loc Name indicate Third Party information is not applicable.,40829,VAR/VAR DIME DESIGN PT - SEG. 14 -,B,NOT KNOWN EITHER,,OTH,IAIL,MRKT,14,N,A,20160601,,N,,,,,,,,,,20250522 09:00
6931794,NATURAL GAS PIPELINE CO.,C002096,20260928 05:18,Blanks under Up/Dn Loc and Up/Dn Loc Name indicate Third Party information is not applicable.,40830,VAR/VAR DIME DESIGN PT - SEG. 15 -,B,NOT KNOWN EITHER,,OTH,TXOK,TXOK,15,N,A,20160601,,N,,,,,,,,,,20250522 09:00
6931794,NATURAL GAS PIPELINE CO.,C002096,20260928 05:18,Blanks under Up/Dn Loc and Up/Dn Loc Name indicate Third Party information is not applicable.,40831,VAR/VAR DIME DESIGN PT - SEG. 15 -,B,NOT KNOWN EITHER,,OTH,TXOK,TXOK,15,N,A,20160601,,N,,,,,,,,,,20250522 09:00
6931794,NATURAL GAS PIPELINE CO.,C002096,20260928 05:18,Blanks under Up/Dn Loc and Up/Dn Loc Name indicate Third Party information is not applicable.,40832,VAR/VAR DIME DESIGN PT - SEG. 16 -,B,NOT KNOWN EITHER,,OTH,TXOK,TXOK,16,N,A,20160601,,N,,,,,,,,,,20250522 09:00
6931794,NATURAL GAS PIPELINE CO.,C002096,20260928 05:18,Blanks under Up/Dn Loc and Up/Dn Loc Name indicate Third Party information is not applicable.,40833,VAR/VAR DIME DESIGN PT - SEG. 16 -,B,NOT KNOWN EITHER,,OTH,TXOK,TXOK,16,N,A,20160601,,N,,,,,,,,,,20250522 09:00
6931794,NATURAL GAS PIPELINE CO.,C002096,20260928 05:18,Blanks under Up/Dn Loc and Up/Dn Loc Name indicate Third Party information is not applicable.,40834,VAR/VAR DIME DESIGN PT - SEG. 17 -,B,NOT KNOWN EITHER,,OTH,TXOK,TXOK,17,N,A,20160601,,N,,,,,,,,,,20250522 09:00
6931794,NATURAL GAS PIPELINE CO.,C002096,20260928 05:18,Blanks under Up/Dn Loc and Up/Dn Loc Name indicate Third Party information is not applicable.,40835,VAR/VAR DIME DESIGN PT - SEG. 17 -,B,NOT KNOWN EITHER,,OTH,TXOK,TXOK,17,N,A,20160601,,N,,,,,,,,,,20250522 09:00
6931794,NATURAL GAS PIPELINE CO.,C002096,20260928 05:18,Blanks under Up/Dn Loc and Up/Dn Loc Name indicate Third Party information is not applicable.,40836,VAR/VAR DIME DESIGN PT - SEG. 18 -,B,NOT KNOWN EITHER,,OTH,STX,STX,18,N,A,20160601,,N,,,,,,,,,,20250522 09:00
6931794,NATURAL GAS PIPELINE CO.,C002096,20260928 05:18,Blanks under Up/Dn Loc and Up/Dn Loc Name indicate Third Party information is not applicable.,40837,VAR/VAR DIME DESIGN PT - SEG. 18 -,B,NOT KNOWN EITHER,,OTH,STX,STX,18,N,A,20160601,,N,,,,,,,,,,20250522 09:00
6931794,NATURAL GAS PIPELINE CO.,C002096,20260928 05:18,Blanks under Up/Dn Loc and Up/Dn Loc Name indicate Third Party information is not applicable.,40838,VAR/VAR DIME DESIGN PT - SEG. 19 -,B,NOT KNOWN EITHER,,OTH,STX,STX,19,N,A,20160601,,N,,,,,,,,,,20250522 09:00
6931794,NATURAL GAS PIPELINE CO.,C002096,20260928 05:18,Blanks under Up/Dn Loc and Up/Dn Loc Name indicate Third Party information is not applicable.,40839,VAR/VAR DIME DESIGN PT - SEG. 19 -,B,NOT KNOWN EITHER,,OTH,STX,STX,19,N,A,20160601,,N,,,,,,,,,,20250522 09:00
6931794,NATURAL GAS PIPELINE CO.,C002096,20260928 05:18,Blanks under Up/Dn Loc and Up/Dn Loc Name indicate Third Party information is not applicable.,40840,VAR/VAR DIME DESIGN PT - SEG. 20 -,B,NOT KNOWN EITHER,,OTH,STX,STX,20,N,A,20160601,,N,,,,,,,,,,20250522 09:00
6931794,NATURAL GAS PIPELINE CO.,C002096,20260928 05:18,Blanks under Up/Dn Loc and Up/Dn Loc Name indicate Third Party information is not applicable.,40841,VAR/VAR DIME DESIGN PT - SEG. 20 -,B,NOT KNOWN EITHER,,OTH,STX,STX,20,N,A,20160601,,N,,,,,,,,,,20250522 09:00
6931794,NATURAL GAS PIPELINE CO.,C002096,20260928 05:18,Blanks under Up/Dn Loc and Up/Dn Loc Name indicate Third Party information is not applicable.,40842,VAR/VAR DIME DESIGN PT - SEG. 21 -,B,NOT KNOWN EITHER,,OTH,STX,STX,21,N,A,20160601,,N,,,,,,,,,,20250522 09:00
6931794,NATURAL GAS PIPELINE CO.,C002096,20260928 05:18,Blanks under Up/Dn Loc and Up/Dn Loc Name indicate Third Party information is not applicable.,40843,VAR/VAR DIME DESIGN PT - SEG. 21 -,B,NOT KNOWN EITHER,,OTH,STX,STX,21,N,A,20160601,,N,,,,,,,,,,20250522 09:00
6931794,NATURAL GAS PIPELINE CO.,C002096,20260928 05:18,Blanks under Up/Dn Loc and Up/Dn Loc Name indicate Third Party information is not applicable.,40844,VAR/VAR DIME DESIGN PT - SEG. 22 -,B,NOT KNOWN EITHER,,OTH,STX,STX,22,N,A,20160601,,N,,,,,,,,,,20250522 09:00
6931794,NATURAL GAS PIPELINE CO.,C002096,20260928 05:18,Blanks under Up/Dn Loc and Up/Dn Loc Name indicate Third Party information is not applicable.,40845,VAR/VAR DIME DESIGN PT - SEG. 22 -,B,NOT KNOWN EITHER,,OTH,STX,STX,22,N,A,20160601,,N,,,,,,,,,,20250520 15:00
6931794,NATURAL GAS PIPELINE CO.,C002096,20260928 05:18,Blanks under Up/Dn Loc and Up/Dn Loc Name indicate Third Party information is not applicable.,40846,VAR/VAR DIME DESIGN PT - SEG. 23 -,B,NOT KNOWN EITHER,,OTH,LA,LA,23,N,A,20160601,,N,,,,,,,,,,20250520 15:00
6931794,NATURAL GAS PIPELINE CO.,C002096,20260928 05:18,Blanks under Up/Dn Loc and Up/Dn Loc Name indicate Third Party information is not applicable.,40847,VAR/VAR DIME DESIGN PT - SEG. 23 -,B,NOT KNOWN EITHER,,OTH,LA,LA,23,N,A,20160601,,N,,,,,,,,,,20250522 09:00
6931794,NATURAL GAS PIPELINE CO.,C002096,20260928 05:18,Blanks under Up/Dn Loc and Up/Dn Loc Name indicate Third Party information is not applicable.,40848,VAR/VAR DIME DESIGN PT - SEG. 24 -,B,NOT KNOWN EITHER,,OTH,LA,LA,24,N,A,20160601,,N,,,,,,,,,,20250522 09:00
6931794,NATURAL GAS PIPELINE CO.,C002096,20260928 05:18,Blanks under Up/Dn Loc and Up/Dn Loc Name indicate Third Party information is not applicable.,40849,VAR/VAR DIME DESIGN PT - SEG. 24 -,B,NOT KNOWN EITHER,,OTH,LA,LA,24,N,A,20160601,,N,,,,,,,,,,20250522 09:00
6931794,NATURAL GAS PIPELINE CO.,C002096,20260928 05:18,Blanks under Up/Dn Loc and Up/Dn Loc Name indicate Third Party information is not applicable.,40850,VAR/VAR DIME DESIGN PT - SEG. 25 -,B,NOT KNOWN EITHER,,OTH,TXOK,TXOK,25,N,A,20160601,,N,,,,,,,,,,20250520 15:00
6931794,NATURAL GAS PIPELINE CO.,C002096,20260928 05:18,Blanks under Up/Dn Loc and Up/Dn Loc Name indicate Third Party information is not applicable.,40851,VAR/VAR DIME DESIGN PT - SEG. 25 -,B,NOT KNOWN EITHER,,OTH,TXOK,TXOK,25,N,A,20160601,,N,,,,,,,,,,20250520 15:00
6931794,NATURAL GAS PIPELINE CO.,C002096,20260928 05:18,Blanks under Up/Dn Loc and Up/Dn Loc Name indicate Third Party information is not applicable.,40852,VAR/VAR DIME DESIGN PT - SEG. 26 -,B,NOT KNOWN EITHER,,OTH,TXOK,TXOK,26,N,A,20160601,,N,,,,,,,,,,20250520 15:00
6931794,NATURAL GAS PIPELINE CO.,C002096,20260928 05:18,Blanks under Up/Dn Loc and Up/Dn Loc Name indicate Third Party information is not applicable.,40853,VAR/VAR DIME DESIGN PT - SEG. 26 -,B,NOT KNOWN EITHER,,OTH,TXOK,TXOK,26,N,A,20160601,,N,,,,,,,,,,20250522 09:00
6931794,NATURAL GAS PIPELINE CO.,C002096,20260928 05:18,Blanks under Up/Dn Loc and Up/Dn Loc Name indicate Third Party information is not applicable.,40854,VAR/VAR DIME DESIGN PT - SEG. 27 -,B,NOT KNOWN EITHER,,OTH,GCST,GCST,27,N,A,20160601,,N,,,,,,,,,,20250522 09:00
6931794,NATURAL GAS PIPELINE CO.,C002096,20260928 05:18,Blanks under Up/Dn Loc and Up/Dn Loc Name indicate Third Party information is not applicable.,40855,VAR/VAR DIME DESIGN PT - SEG. 27 -,B,NOT KNOWN EITHER,,OTH,GCST,GCST,27,N,A,20160601,,N,,,,,,,,,,20250522 09:00
6931794,NATURAL GAS PIPELINE CO.,C002096,20260928 05:18,Blanks under Up/Dn Loc and Up/Dn Loc Name indicate Third Party information is not applicable.,40856,VAR/VAR DIME DESIGN PT - SEG. 28 -,B,NOT KNOWN EITHER,,OTH,IAIL,MRKT,28,N,A,20160601,,N,,,,,,,,,,20250522 09:00
6931794,NATURAL GAS PIPELINE CO.,C002096,20260928 05:18,Blanks under Up/Dn Loc and Up/Dn Loc Name indicate Third Party information is not applicable.,40857,VAR/VAR DIME DESIGN PT - SEG. 28 -,B,NOT KNOWN EITHER,,OTH,IAIL,MRKT,28,N,A,20160601,,N,,,,,,,,,,20250522 09:00
6931794,NATURAL GAS PIPELINE CO.,C002096,20260928 05:18,Blanks under Up/Dn Loc and Up/Dn Loc Name indicate Third Party information is not applicable.,40858,VAR/VAR DIME DESIGN PT - SEG. 29 -,B,NOT KNOWN EITHER,,OTH,IAIL,MRKT,29,N,A,20160601,,N,,,,,,,,,,20250522 09:00
6931794,NATURAL GAS PIPELINE CO.,C002096,20260928 05:18,Blanks under Up/Dn Loc and Up/Dn Loc Name indicate Third Party information is not applicable.,40859,VAR/VAR DIME DESIGN PT - SEG. 29 -,B,NOT KNOWN EITHER,,OTH,IAIL,MRKT,29,N,A,20160601,,N,,,,,,,,,,20250522 09:00
6931794,NATURAL GAS PIPELINE CO.,C002096,20260928 05:18,Blanks under Up/Dn Loc and Up/Dn Loc Name indicate Third Party information is not applicable.,40860,VAR/VAR DIME DESIGN PT - SEG. 30 -,B,NOT KNOWN EITHER,,OTH,IAIL,MRKT,30,N,A,20160601,,N,,,,,,,,,,20250522 09:00
6931794,NATURAL GAS PIPELINE CO.,C002096,20260928 05:18,Blanks under Up/Dn Loc and Up/Dn Loc Name indicate Third Party information is not applicable.,40861,VAR/VAR DIME DESIGN PT - SEG. 30 -,B,NOT KNOWN EITHER,,OTH,IAIL,MRKT,30,N,A,20160601,,N,,,,,,,,,,20250522 09:00
6931794,NATURAL GAS PIPELINE CO.,C002096,20260928 05:18,Blanks under Up/Dn Loc and Up/Dn Loc Name indicate Third Party information is not applicable.,40862,VAR/VAR DIME DESIGN PT - SEG. 31 -,B,NOT KNOWN EITHER,,OTH,IAIL,MRKT,31,N,A,20160601,,N,,,,,,,,,,20250522 09:00
6931794,NATURAL GAS PIPELINE CO.,C002096,20260928 05:18,Blanks under Up/Dn Loc and Up/Dn Loc Name indicate Third Party information is not applicable.,40863,VAR/VAR DIME DESIGN PT - SEG. 31 -,B,NOT KNOWN EITHER,,OTH,IAIL,MRKT,31,N,A,20160601,,N,,,,,,,,,,20250522 09:00
6931794,NATURAL GAS PIPELINE CO.,C002096,20260928 05:18,Blanks under Up/Dn Loc and Up/Dn Loc Name indicate Third Party information is not applicable.,40864,VAR/VAR DIME DESIGN PT - SEG. 32 -,B,NOT KNOWN EITHER,,OTH,IAIL,MRKT,32,N,A,20160601,,N,,,,,,,,,,20250522 09:00
6931794,NATURAL GAS PIPELINE CO.,C002096,20260928 05:18,Blanks under Up/Dn Loc and Up/Dn Loc Name indicate Third Party information is not applicable.,40865,VAR/VAR DIME DESIGN PT - SEG. 32 -,B,NOT KNOWN EITHER,,OTH,IAIL,MRKT,32,N,A,20160601,,N,,,,,,,,,,20250522 09:00
6931794,NATURAL GAS PIPELINE CO.,C002096,20260928 05:18,Blanks under Up/Dn Loc and Up/Dn Loc Name indicate Third Party information is not applicable.,40866,VAR/VAR DIME DESIGN PT - SEG. 33 -,B,NOT KNOWN EITHER,,OTH,IAIL,MRKT,33,N,A,20160601,,N,,,,,,,,,,20250522 09:00
6931794,NATURAL GAS PIPELINE CO.,C002096,20260928 05:18,Blanks under Up/Dn Loc and Up/Dn Loc Name indicate Third Party information is not applicable.,40867,VAR/VAR DIME DESIGN PT - SEG. 33 -,B,NOT KNOWN EITHER,,OTH,IAIL,MRKT,33,N,A,20160601,,N,,,,,,,,,,20250522 09:00
6931794,NATURAL GAS PIPELINE CO.,C002096,20260928 05:18,Blanks under Up/Dn Loc and Up/Dn Loc Name indicate Third Party information is not applicable.,40868,VAR/VAR DIME DESIGN PT - SEG. 34 -,B,NOT KNOWN EITHER,,OTH,IAIL,MRKT,34,N,A,20160601,,N,,,,,,,,,,20250522 09:00
6931794,NATURAL GAS PIPELINE CO.,C002096,20260928 05:18,Blanks under Up/Dn Loc and Up/Dn Loc Name indicate Third Party information is not applicable.,40869,VAR/VAR DIME DESIGN PT - SEG. 34 -,B,NOT KNOWN EITHER,,OTH,IAIL,MRKT,34,N,A,20160601,,N,,,,,,,,,,20250522 09:00
6931794,NATURAL GAS PIPELINE CO.,C002096,20260928 05:18,Blanks under Up/Dn Loc and Up/Dn Loc Name indicate Third Party information is not applicable.,40870,VAR/VAR DIME DESIGN PT - SEG. 35 -,B,NOT KNOWN EITHER,,OTH,IAIL,MRKT,35,N,A,20160601,,N,,,,,,,,,,20250522 09:00
6931794,NATURAL GAS PIPELINE CO.,C002096,20260928 05:18,Blanks under Up/Dn Loc and Up/Dn Loc Name indicate Third Party information is not applicable.,40871,VAR/VAR DIME DESIGN PT - SEG. 35 -,B,NOT KNOWN EITHER,,OTH,IAIL,MRKT,35,N,A,20160601,,N,,,,,,,,,,20250522 09:00
6931794,NATURAL GAS PIPELINE CO.,C002096,20260928 05:18,Blanks under Up/Dn Loc and Up/Dn Loc Name indicate Third Party information is not applicable.,40872,VAR/VAR DIME DESIGN PT - SEG. 36 -,B,NOT KNOWN EITHER,,OTH,IAIL,MRKT,36,N,A,20160601,,N,,,,,,,,,,20250522 09:00
6931794,NATURAL GAS PIPELINE CO.,C002096,20260928 05:18,Blanks under Up/Dn Loc and Up/Dn Loc Name indicate Third Party information is not applicable.,40873,VAR/VAR DIME DESIGN PT - SEG. 36 -,B,NOT KNOWN EITHER,,OTH,IAIL,MRKT,36,N,A,20160601,,N,,,,,,,,,,20250522 09:00
6931794,NATURAL GAS PIPELINE CO.,C002096,20260928 05:18,Blanks under Up/Dn Loc and Up/Dn Loc Name indicate Third Party information is not applicable.,40874,VAR/VAR DIME DESIGN PT - SEG. 37 -,B,NOT KNOWN EITHER,,OTH,IAIL,MRKT,37,N,A,20160601,,N,,,,,,,,,,20250522 09:00
6931794,NATURAL GAS PIPELINE CO.,C002096,20260928 05:18,Blanks under Up/Dn Loc and Up/Dn Loc Name indicate Third Party information is not applicable.,40875,VAR/VAR DIME DESIGN PT - SEG. 37 -,B,NOT KNOWN EITHER,,OTH,IAIL,MRKT,37,N,A,20160601,,N,,,,,,,,,,20250522 09:00
6931794,NATURAL GAS PIPELINE CO.,C002096,20260928 05:18,Blanks under Up/Dn Loc and Up/Dn Loc Name indicate Third Party information is not applicable.,40876,VAR/VAR DIME DESIGN PT - SEG. 38 -,B,NOT KNOWN EITHER,,OTH,IAIL,MRKT,38,N,A,20160601,,N,,,,,,,,,,20250522 09:00
6931794,NATURAL GAS PIPELINE CO.,C002096,20260928 05:18,Blanks under Up/Dn Loc and Up/Dn Loc Name indicate Third Party information is not applicable.,40877,VAR/VAR DIME DESIGN PT - SEG. 38 -,B,NOT KNOWN EITHER,,OTH,IAIL,MRKT,38,N,A,20160601,,N,,,,,,,,,,20250522 09:00
6931794,NATURAL GAS PIPELINE CO.,C002096,20260928 05:18,Blanks under Up/Dn Loc and Up/Dn Loc Name indicate Third Party information is not applicable.,40878,VAR/VAR DIME DESIGN PT - SEG. 39 -,B,NOT KNOWN EITHER,,OTH,IAIL,MRKT,39,N,A,20160601,,N,,,,,,,,,,20250522 09:00
6931794,NATURAL GAS PIPELINE CO.,C002096,20260928 05:18,Blanks under Up/Dn Loc and Up/Dn Loc Name indicate Third Party information is not applicable.,40879,VAR/VAR DIME DESIGN PT - SEG. 39 -,B,NOT KNOWN EITHER,,OTH,IAIL,MRKT,39,N,A,20160601,,N,,,,,,,,,,20250522 09:00
6931794,NATURAL GAS PIPELINE CO.,C002096,20260928 05:18,Blanks under Up/Dn Loc and Up/Dn Loc Name indicate Third Party information is not applicable.,40880,VAR/VAR DIME DESIGN PT - SEG. 40 -,B,NOT KNOWN EITHER,,OTH,IAIL,MRKT,40,N,A,20160601,,N,,,,,,,,,,20250522 09:00
6931794,NATURAL GAS PIPELINE CO.,C002096,20260928 05:18,Blanks under Up/Dn Loc and Up/Dn Loc Name indicate Third Party information is not applicable.,40881,VAR/VAR DIME DESIGN PT - SEG. 40 -,B,NOT KNOWN EITHER,,OTH,IAIL,MRKT,40,N,A,20160601,,N,,,,,,,,,,20250522 09:00
6931794,NATURAL GAS PIPELINE CO.,C002096,20260928 05:18,Blanks under Up/Dn Loc and Up/Dn Loc Name indicate Third Party information is not applicable.,40882,VAR/VAR DIME DESIGN PT - SEG. 10 -,B,NOT KNOWN EITHER,,OTH,MIDC,MIDC,10,N,A,20160601,,N,,,,,,,,,,20250522 09:00
6931794,NATURAL GAS PIPELINE CO.,C002096,20260928 05:18,Blanks under Up/Dn Loc and Up/Dn Loc Name indicate Third Party information is not applicable.,40883,VAR/VAR DIME DESIGN PT - SEG. 17 -,B,NOT KNOWN EITHER,,OTH,TXOK,TXOK,17,N,A,20160601,,N,,,,,,,,,,20250522 09:00
6931794,NATURAL GAS PIPELINE CO.,C002096,20260928 05:18,Blanks under Up/Dn Loc and Up/Dn Loc Name indicate Third Party information is not applicable.,40884,VAR/VAR DIME DESIGN PT - SEG. 14 -,B,NOT KNOWN EITHER,,OTH,IAIL,MRKT,14,N,A,20160601,,N,,,,,,,,,,20250522 09:00
6931794,NATURAL GAS PIPELINE CO.,C002096,20260928 05:18,Blanks under Up/Dn Loc and Up/Dn Loc Name indicate Third Party information is not applicable.,40885,VAR/VAR DIME DESIGN PT - SEG. 28 -,B,NOT KNOWN EITHER,,OTH,IAIL,MRKT,28,N,A,20160601,,N,,,,,,,,,,20250522 09:00
6931794,NATURAL GAS PIPELINE CO.,C002096,20260928 05:18,Blanks under Up/Dn Loc and Up/Dn Loc Name indicate Third Party information is not applicable.,40886,VAR/VAR DIME DESIGN PT - SEG. 33 -,B,NOT KNOWN EITHER,,OTH,IAIL,MRKT,33,N,A,20160601,,N,,,,,,,,,,20250522 09:00
6931794,NATURAL GAS PIPELINE CO.,C002096,20260928 05:18,Blanks under Up/Dn Loc and Up/Dn Loc Name indicate Third Party information is not applicable.,40887,VAR/VAR DIME DESIGN PT - SEG. 31 -,B,NOT KNOWN EITHER,,OTH,IAIL,MRKT,31,N,A,20160601,,N,,,,,,,,,,20250522 09:00
6931794,NATURAL GAS PIPELINE CO.,C002096,20260928 05:18,Blanks under Up/Dn Loc and Up/Dn Loc Name indicate Third Party information is not applicable.,40888,VAR/VAR DIME DESIGN PT - SEG. 29 -,B,NOT KNOWN EITHER,,OTH,IAIL,MRKT,29,N,A,20160601,,N,,,,,,,,,,20250522 09:00
6931794,NATURAL GAS PIPELINE CO.,C002096,20260928 05:18,Blanks under Up/Dn Loc and Up/Dn Loc Name indicate Third Party information is not applicable.,40900,ONG/NGPL LITTLE CITY MARSHALL,D,MARSHALL,OK,LDC,TXOK,TXOK,15,Y,A,20161205,,Y,OKLAHOMA NATURAL GAS COMPANY  A DIVISION OF ONE GAS  INC.,77349132,9179,N,,,,,,20161205 12:00
6931794,NATURAL GAS PIPELINE CO.,C002096,20260928 05:18,Blanks under Up/Dn Loc and Up/Dn Loc Name indicate Third Party information is not applicable.,40964,BOUNTYTR/NGPL TALOGA DEWEY,R,DEWEY,OK,INT,MIDC,MIDC,4,Y,A,20260408,,Y,BOUNTY TRANSFER LLC,,10775,N,,,,,,20260409 15:00
6931794,NATURAL GAS PIPELINE CO.,C002096,20260928 05:18,Blanks under Up/Dn Loc and Up/Dn Loc Name indicate Third Party information is not applicable.,41025,BHSC/NGPL BEATRICE GAGE,D,GAGE,NE,LDC,MIDC,MIDC,11,N,A,20161010,,Y,BLACK HILLS SERVICE COMPANY  LLC,79534838,10500,N,,,,,,20220927 15:00
6931794,NATURAL GAS PIPELINE CO.,C002096,20260928 05:18,Blanks under Up/Dn Loc and Up/Dn Loc Name indicate Third Party information is not applicable.,41027,BHSC/NGPL GLENWOOD MILLS,D,MILLS,IA,LDC,AMAR,MRKT,12,N,A,20260611,,Y,BLACK HILLS SERVICE COMPANY  LLC,79534838,10500,N,,,,,,20260611 09:00
6931794,NATURAL GAS PIPELINE CO.,C002096,20260928 05:18,Blanks under Up/Dn Loc and Up/Dn Loc Name indicate Third Party information is not applicable.,41074,BHSC/NGPL CDP,D,UNKNOWN,NE,VIR,AMAR,MRKT,12,Y,A,20031001,,N,,,,,,,,,,20190319 12:00
6931794,NATURAL GAS PIPELINE CO.,C002096,20260928 05:18,Blanks under Up/Dn Loc and Up/Dn Loc Name indicate Third Party information is not applicable.,41359,ARCADIA/NGPL DAVIS OGLETREE #1 SAN,R,SAN JACINTO,TX,WHD,TXOK,TXOK,26,Y,A,20260428,,Y,ARCADIA OPERATING  LLC,,9645,N,,,,,,20260428 09:00
6931794,NATURAL GAS PIPELINE CO.,C002096,20260928 05:18,Blanks under Up/Dn Loc and Up/Dn Loc Name indicate Third Party information is not applicable.,41537,MARKWEST/NGPL  PANOLA,R,PANOLA,TX,INT,TXOK,TXOK,26,Y,A,20051201,,Y,MARKWEST ENERGY EAST TEXAS GAS COMPANY  L.L.C.,79750719,4401,N,,,,,,20221128 12:00
6931794,NATURAL GAS PIPELINE CO.,C002096,20260928 05:18,Blanks under Up/Dn Loc and Up/Dn Loc Name indicate Third Party information is not applicable.,41543,CPG/NGPL  FORD,R,FORD,KS,INT,MIDC,MIDC,11,Y,A,20150501,,Y,CHEYENNE PLAINS GAS PIPELINE COMPANY  L.L.C.,143363542,4121,Y,C000995,892158,NGPL/CPG (FMS) FORD FORD,,,20160404 15:00
6931794,NATURAL GAS PIPELINE CO.,C002096,20260928 05:18,Blanks under Up/Dn Loc and Up/Dn Loc Name indicate Third Party information is not applicable.,41589,MIDCOAST/NGPL #2 PANOLA,R,PANOLA,TX,INT,TXOK,TXOK,26,Y,A,20241011,,Y,MIDCOAST PIPELINES (EAST TEXAS) L.P.,150213390,3367,Y,C001125,1021540,NGPL PANOLA,,,20241011 12:00
6931794,NATURAL GAS PIPELINE CO.,C002096,20260928 05:18,Blanks under Up/Dn Loc and Up/Dn Loc Name indicate Third Party information is not applicable.,41590,TXGASSRV/NGPL SABINE JEFFERSON,D,JEFFERSON,TX,LDC,TXOK,TXOK,25,Y,A,20260611,,Y,TEXAS GAS SERVICE COMPANY  A DIVISION OF ONE GAS  INC.,47030002,9180,N,,,,,,20260611 09:00
6931794,NATURAL GAS PIPELINE CO.,C002096,20260928 05:18,Blanks under Up/Dn Loc and Up/Dn Loc Name indicate Third Party information is not applicable.,41770,GHK/NGPL NORTH FORK BECKHAM,R,BECKHAM,OK,WHD,MIDC,MIDC,6,Y,I,,20181101,Y,GHK COMPANY,50892660,4626,N,,,,,,20181106 12:00
6931794,NATURAL GAS PIPELINE CO.,C002096,20260928 05:18,Blanks under Up/Dn Loc and Up/Dn Loc Name indicate Third Party information is not applicable.,41771,BCE-MACH/NGPL GOTEBO #1 WASHITA,R,WASHITA,OK,WHD,MIDC,MIDC,5,Y,A,20171101,,Y,BCE-MACH III LLC,117518184,10898,N,,,,,,20210817 15:00
6931794,NATURAL GAS PIPELINE CO.,C002096,20260928 05:18,Blanks under Up/Dn Loc and Up/Dn Loc Name indicate Third Party information is not applicable.,41796,ATMOS-TX/NGPL AT PARIS LAMAR,B,LAMAR,TX,INT,TXOK,TXOK,17,Y,A,20171011,,Y,ATMOS PIPELINE-TEXAS  A DIVISION OF ATMOS ENERGY CORPORATION,7927130,4329,Y,C001019,70001124,NGPL - PARIS,,,20180403 09:00
6931794,NATURAL GAS PIPELINE CO.,C002096,20260928 05:18,Blanks under Up/Dn Loc and Up/Dn Loc Name indicate Third Party information is not applicable.,41912,AMUE/NGPL AMEREN CDP,D,UNKNOWN,IL,VIR,IAIL,MRKT,28,Y,A,20040411,,N,,,,,,,,,,20160401 09:56
6931794,NATURAL GAS PIPELINE CO.,C002096,20260928 05:18,Blanks under Up/Dn Loc and Up/Dn Loc Name indicate Third Party information is not applicable.,41939,CH4MID/NGPL  LATIMER,R,LATIMER,OK,INT,TXOK,TXOK,16,Y,A,20250407,,Y,CH4 MIDSTREAM  LLC,132551927,11371,N,,,,,,20250408 09:00
6931794,NATURAL GAS PIPELINE CO.,C002096,20260928 05:18,Blanks under Up/Dn Loc and Up/Dn Loc Name indicate Third Party information is not applicable.,41940,PALOTX/NGPL KELTON WHEELER,R,WHEELER,TX,INT,MIDC,MIDC,6,Y,A,20050801,,Y,PALO DURO PIPELINES (TEXAS GATHERING) L.P.,,3709,N,,,,,,20220301 09:00
6931794,NATURAL GAS PIPELINE CO.,C002096,20260928 05:18,Blanks under Up/Dn Loc and Up/Dn Loc Name indicate Third Party information is not applicable.,41941,TERR RES/NGPL GRACEMONT CADDO,R,CADDO,OK,WHD,MIDC,MIDC,2,Y,A,20171101,,Y,TERRITORY RESOURCES LLC,805893828,9319,Y,C008966,41941,TERR RES GRACEMONT CADDO,,,20220217 09:00
6931794,NATURAL GAS PIPELINE CO.,C002096,20260928 05:18,Blanks under Up/Dn Loc and Up/Dn Loc Name indicate Third Party information is not applicable.,42181,SGE/NGPL SADLER CADDO,R,CADDO,OK,WHD,MIDC,MIDC,2,N,A,20250228,,Y,SANGUINE GAS EXPLORATION  LLC,70032610,4412,N,,,,,,20250502 12:00
6931794,NATURAL GAS PIPELINE CO.,C002096,20260928 05:18,Blanks under Up/Dn Loc and Up/Dn Loc Name indicate Third Party information is not applicable.,42369,KMNTP/NGPL RECEIPT LAMAR,R,LAMAR,TX,INT,TXOK,TXOK,17,Y,A,20191002,,Y,KINDER MORGAN NORTH TEXAS PIPELINE  LLC,126918247,539,Y,C000436,42369,KMNTP/NGPL RECEIPT LAMAR,,,20191008 12:00
6931794,NATURAL GAS PIPELINE CO.,C002096,20260928 05:18,Blanks under Up/Dn Loc and Up/Dn Loc Name indicate Third Party information is not applicable.,42386,ORION/NGPL  RUSK,R,RUSK,TX,GTH,TXOK,TXOK,26,Y,A,20190401,,Y,ORION PIPELINE  LLC,8802402,3330,N,,,,,,20190401 09:00
6931794,NATURAL GAS PIPELINE CO.,C002096,20260928 05:18,Blanks under Up/Dn Loc and Up/Dn Loc Name indicate Third Party information is not applicable.,42390,AECC/NGPL WRIGHTSVILLE - FULTON CDP,D,HEMPSTEAD,AR,VIR,GCST,MRKT,27,Y,A,20060401,,N,,,,,,,,,,20160401 09:56
6931794,NATURAL GAS PIPELINE CO.,C002096,20260928 05:18,Blanks under Up/Dn Loc and Up/Dn Loc Name indicate Third Party information is not applicable.,42429,ENERFIN/NGPL RAMERINA JIM WELLS,R,JIM WELLS,TX,INT,STX,STX,21,Y,A,20190601,,Y,ENERFIN RESOURCES I LIMITED PARTNERSHIP,625804620,4853,N,,,,,,20190601 09:00
6931794,NATURAL GAS PIPELINE CO.,C002096,20260928 05:18,Blanks under Up/Dn Loc and Up/Dn Loc Name indicate Third Party information is not applicable.,42436,SILBROOK/NGPL MCCANN #3 VICTORIA,R,VICTORIA,TX,WHD,STX,STX,22,N,I,,20251201,Y,SILVERBROOK ENERGY LLC,113489612,11412,N,,,,,,20251201 09:00
6931794,NATURAL GAS PIPELINE CO.,C002096,20260928 05:18,Blanks under Up/Dn Loc and Up/Dn Loc Name indicate Third Party information is not applicable.,42499,REX/NGPL  JEFFERSON,R,JEFFERSON,NE,INT,MIDC,MIDC,11,Y,A,20140801,,Y,ROCKIES EXPRESS PIPELINE LLC,784256161,955,Y,C000594,42499,NGPL/REX  JEFFERSON,,,20160401 09:56
6931794,NATURAL GAS PIPELINE CO.,C002096,20260928 05:18,Blanks under Up/Dn Loc and Up/Dn Loc Name indicate Third Party information is not applicable.,42511,HPL/NGPL PANOLA,R,PANOLA,TX,INT,TXOK,TXOK,26,Y,A,20241011,,Y,HOUSTON PIPE LINE COMPANY LP,4788188,1947,Y,C001003,980488,HPL/NGPL - CARTHAGE,,,20241011 12:00
6931794,NATURAL GAS PIPELINE CO.,C002096,20260928 05:18,Blanks under Up/Dn Loc and Up/Dn Loc Name indicate Third Party information is not applicable.,42609,HERETHNL/NGPL  DEAF SMITH,D,DEAF SMITH,TX,EGN,PERM,PERM,8,Y,A,20260611,,Y,HEREFORD ETHANOL PARTNERS  L.P.,,10827,N,,,,,,20260611 09:00
6931794,NATURAL GAS PIPELINE CO.,C002096,20260928 05:18,Blanks under Up/Dn Loc and Up/Dn Loc Name indicate Third Party information is not applicable.,42719,BP ENERG/NGPL CRISTEL WASHITA,R,WASHITA,OK,INT,MIDC,MIDC,3,Y,A,20171101,,Y,BP ENERGY COMPANY,625275755,17997,N,,,,,,20171101 09:00
6931794,NATURAL GAS PIPELINE CO.,C002096,20260928 05:18,Blanks under Up/Dn Loc and Up/Dn Loc Name indicate Third Party information is not applicable.,42720,ADPARO/NGPL ROCKY WASHITA,R,WASHITA,OK,WHD,MIDC,MIDC,5,Y,A,20120426,,Y,ADPARO  LLC,,10154,N,,,,,,20171027 09:00
6931794,NATURAL GAS PIPELINE CO.,C002096,20260928 05:18,Blanks under Up/Dn Loc and Up/Dn Loc Name indicate Third Party information is not applicable.,42741,ET G&P/NGPL ETML NACOGDOCHES,R,NACOGDOCHES,TX,INT,TXOK,TXOK,26,Y,A,20231017,,Y,ET GATHERING & PROCESSING LLC,32377308,3862,Y,C012199,42741,ETC TX/NGPL ETML NACOGDOCHES,,,20240430 15:00
6931794,NATURAL GAS PIPELINE CO.,C002096,20260928 05:18,Blanks under Up/Dn Loc and Up/Dn Loc Name indicate Third Party information is not applicable.,43043,JO CE/NGPL SAVANNA HENRY,D,HENRY,IL,LDC,IAIL,MRKT,29,Y,A,20260611,,Y,JO-CARROLL ENERGY  INC.,3805454,4570,N,,,,,,20260611 09:00
6931794,NATURAL GAS PIPELINE CO.,C002096,20260928 05:18,Blanks under Up/Dn Loc and Up/Dn Loc Name indicate Third Party information is not applicable.,43169,E ENERGY/NGPL ADAMS GAGE,D,GAGE,NE,EGN,AMAR,MRKT,12,Y,A,20260611,,Y,E ENERGY ADAMS  LLC,361961456,4535,N,,,,,,20260611 09:00
6931794,NATURAL GAS PIPELINE CO.,C002096,20260928 05:18,Blanks under Up/Dn Loc and Up/Dn Loc Name indicate Third Party information is not applicable.,43389,ANR/NGPL  WILL,R,WILL,IL,INT,IAIL,MRKT,36,Y,A,20110309,,Y,ANR PIPELINE COMPANY,6958581,2686,Y,C000623,218311,NGPL JOLIET HUB,,,20160401 09:56
6931794,NATURAL GAS PIPELINE CO.,C002096,20260928 05:18,Blanks under Up/Dn Loc and Up/Dn Loc Name indicate Third Party information is not applicable.,43391,N BORDER/NGPL,R,KANKAKEE,IL,VIR,IAIL,MRKT,36,Y,A,20180420,,N,,,,,,,,,,20180424 15:00
6931794,NATURAL GAS PIPELINE CO.,C002096,20260928 05:18,Blanks under Up/Dn Loc and Up/Dn Loc Name indicate Third Party information is not applicable.,43392,NGPL/KMIP  COOK,D,COOK,IL,INT,IAIL,MRKT,36,Y,A,20140116,,Y,NATURAL GAS PIPELINE COMPANY OF AMERICA LLC,6931794,1,Y,C002096,43392,NGPL/KMIP  COOK,,,20160401 09:56
6931794,NATURAL GAS PIPELINE CO.,C002096,20260928 05:18,Blanks under Up/Dn Loc and Up/Dn Loc Name indicate Third Party information is not applicable.,43393,PGLC/KMIP,D,COOK,IL,VIR,IAIL,MRKT,33,N,A,20260408,,N,,,,,,,,,,20260409 15:00
6931794,NATURAL GAS PIPELINE CO.,C002096,20260928 05:18,Blanks under Up/Dn Loc and Up/Dn Loc Name indicate Third Party information is not applicable.,43491,KMTEJAS/NGPL  NACOGDOCHES,B,NACOGDOCHES,TX,INT,TXOK,TXOK,26,Y,A,20070701,,Y,KINDER MORGAN TEJAS PIPELINE LLC,879826576,26089,Y,C000434,43491,KMTEJAS/NGPL  NACOGDOCHES,,,20160401 09:56
6931794,NATURAL GAS PIPELINE CO.,C002096,20260928 05:18,Blanks under Up/Dn Loc and Up/Dn Loc Name indicate Third Party information is not applicable.,43508,TERR RES/NGPL LUCILLE #3-34 CADDO,R,CADDO,OK,WHD,MIDC,MIDC,2,Y,A,20221219,,Y,TERRITORY RESOURCES LLC,805893828,9319,Y,C008966,43508,TERR RES/NGPL LUCILLE #3-34 CADDO,,,20230104 15:00
6931794,NATURAL GAS PIPELINE CO.,C002096,20260928 05:18,Blanks under Up/Dn Loc and Up/Dn Loc Name indicate Third Party information is not applicable.,43518,SGE/NGPL JANET #1 GRADY,R,GRADY,OK,WHD,MIDC,MIDC,2,Y,A,20171101,,Y,SANGUINE GAS EXPLORATION  LLC,70032610,4412,N,,,,,,20171101 09:00
6931794,NATURAL GAS PIPELINE CO.,C002096,20260928 05:18,Blanks under Up/Dn Loc and Up/Dn Loc Name indicate Third Party information is not applicable.,43885,RESACA/NGPL KARANKAWA #1 LIBERTY,R,LIBERTY,TX,WHD,TXOK,TXOK,26,N,I,,20190301,Y,RESACA RESOURCES  LLC,621228993,4615,N,,,,,,20190501 09:00
6931794,NATURAL GAS PIPELINE CO.,C002096,20260928 05:18,Blanks under Up/Dn Loc and Up/Dn Loc Name indicate Third Party information is not applicable.,43978,SPLNG/NGPL  CAMERON,D,CAMERON,LA,LNG,LA,LA,23,Y,A,20171218,,Y,SABINE PASS LNG  L.P.,800864527,4643,N,,,,,,20171218 12:00
6931794,NATURAL GAS PIPELINE CO.,C002096,20260928 05:18,Blanks under Up/Dn Loc and Up/Dn Loc Name indicate Third Party information is not applicable.,44094,BRIDGHOL/NGPL JOHNSONS BAYOU CAMERO,D,CAMERON,LA,INT,LA,LA,23,Y,A,20260408,,Y,BRIDGELINE HOLDINGS  L.P.,125805478,17905,Y,C000826,846211,NGPL JOHNSONS BAYOU,,,20260409 15:00
6931794,NATURAL GAS PIPELINE CO.,C002096,20260928 05:18,Blanks under Up/Dn Loc and Up/Dn Loc Name indicate Third Party information is not applicable.,44143,ROVER/NGPL LITTLE CREEK WHITE,R,WHITE,AR,WHD,GCST,MRKT,27,Y,A,20181102,,Y,ROVER ACQUISITION COMPANY  LLC,119445375,11408,N,,,,,,20251111 09:00
6931794,NATURAL GAS PIPELINE CO.,C002096,20260928 05:18,Blanks under Up/Dn Loc and Up/Dn Loc Name indicate Third Party information is not applicable.,44150,TERR RES/NGPL FINNEY CADDO,R,CADDO,OK,WHD,MIDC,MIDC,2,Y,A,20171101,,Y,TERRITORY RESOURCES LLC,805893828,9319,Y,C008966,44150,TERR RES FINNEY CADDO,,,20220217 09:00
6931794,NATURAL GAS PIPELINE CO.,C002096,20260928 05:18,Blanks under Up/Dn Loc and Up/Dn Loc Name indicate Third Party information is not applicable.,44375,TERR RES/NGPL VERNA KIOWA,R,KIOWA,OK,WHD,MIDC,MIDC,2,Y,A,20171101,,Y,TERRITORY RESOURCES LLC,805893828,9319,Y,C008966,44375,TERR RES VERNA KIOWA,,,20220217 09:00
6931794,NATURAL GAS PIPELINE CO.,C002096,20260928 05:18,Blanks under Up/Dn Loc and Up/Dn Loc Name indicate Third Party information is not applicable.,44405,NGPL/KMLP,B,CAMERON,LA,VIR,LA,LA,23,Y,A,20090417,,N,,,,,,,,,,20160401 09:56
6931794,NATURAL GAS PIPELINE CO.,C002096,20260928 05:18,Blanks under Up/Dn Loc and Up/Dn Loc Name indicate Third Party information is not applicable.,44408,TRNSCO/NGPL JOHNSONS BAYOU SW CAMER,D,CAMERON,LA,INT,LA,LA,23,Y,A,20180420,,Y,TRANSCONTINENTAL GAS PIPELINE COMPANY  LLC,7933021,4153,Y,C000654,9005302,JOHNSON BYO SW,,,20180424 15:00
6931794,NATURAL GAS PIPELINE CO.,C002096,20260928 05:18,Blanks under Up/Dn Loc and Up/Dn Loc Name indicate Third Party information is not applicable.,44413,REX/NGPL  MOULTRIE,R,MOULTRIE,IL,INT,IAIL,MRKT,28,Y,A,20140201,,Y,ROCKIES EXPRESS PIPELINE LLC,784256161,955,Y,C000594,44413,NGPL/REX  MOULTRIE,,,20160401 09:56
6931794,NATURAL GAS PIPELINE CO.,C002096,20260928 05:18,Blanks under Up/Dn Loc and Up/Dn Loc Name indicate Third Party information is not applicable.,44439,MEP/NGPL  LAMAR,D,LAMAR,TX,INT,TXOK,TXOK,17,Y,A,20200323,,Y,MIDCONTINENT EXPRESS PIPELINE LLC,808150895,4706,Y,C000235,44439,MEP/NGPL  LAMAR,,,20200323 15:00
6931794,NATURAL GAS PIPELINE CO.,C002096,20260928 05:18,Blanks under Up/Dn Loc and Up/Dn Loc Name indicate Third Party information is not applicable.,44452,PATRIOT/NGPL ETHANOL HENRY,D,HENRY,IL,EGN,IAIL,MRKT,14,Y,A,20260611,,Y,PATRIOT RENEWABLE FUELS  LLC,189371326,4638,N,,,,,,20260611 09:00
6931794,NATURAL GAS PIPELINE CO.,C002096,20260928 05:18,Blanks under Up/Dn Loc and Up/Dn Loc Name indicate Third Party information is not applicable.,44505,HRRII/NGPL RESIDUE CARSON,R,CARSON,TX,INT,MIDC,MIDC,6,Y,A,20230418,,Y,HRR II ACQUISITIONCO  LLC,,11407,N,,,,,,20250108 12:00
6931794,NATURAL GAS PIPELINE CO.,C002096,20260928 05:18,Blanks under Up/Dn Loc and Up/Dn Loc Name indicate Third Party information is not applicable.,44506,HRRII/NGPL EMERGENCY FUEL D CARSON,D,CARSON,TX,INT,MIDC,MIDC,6,Y,A,20260611,,Y,HRR II ACQUISITIONCO  LLC,,11407,N,,,,,,20260611 09:00
6931794,NATURAL GAS PIPELINE CO.,C002096,20260928 05:18,Blanks under Up/Dn Loc and Up/Dn Loc Name indicate Third Party information is not applicable.,44516,MOTEX/NGPL  WHEELER,R,WHEELER,TX,INT,MIDC,MIDC,6,Y,A,20231201,,Y,MO-TEX FIELD GAS GATHERING  LLC,,11231,N,,,,,,20231227 15:00
6931794,NATURAL GAS PIPELINE CO.,C002096,20260928 05:18,Blanks under Up/Dn Loc and Up/Dn Loc Name indicate Third Party information is not applicable.,44528,GLDNPASS/NGPL  JEFFERSON,B,JEFFERSON,TX,INT,TXOK,TXOK,25,Y,A,20140128,,Y,GOLDEN PASS PIPELINE LLC,809259778,4695,Y,C001447,805464,NATURAL GAS PIPELINE CO. (NGPL),,,20250905 12:00
6931794,NATURAL GAS PIPELINE CO.,C002096,20260928 05:18,Blanks under Up/Dn Loc and Up/Dn Loc Name indicate Third Party information is not applicable.,44537,ADPARO/NGPL ELSTON STATE WASHITA,R,WASHITA,OK,WHD,MIDC,MIDC,5,Y,A,20171101,,Y,ADPARO  LLC,,10154,N,,,,,,20171101 09:00
6931794,NATURAL GAS PIPELINE CO.,C002096,20260928 05:18,Blanks under Up/Dn Loc and Up/Dn Loc Name indicate Third Party information is not applicable.,44592,TEX GAS/NGPL BALD KNOB WHITE,R,WHITE,AR,INT,GCST,MRKT,27,Y,A,20161010,,Y,TEXAS GAS TRANSMISSION  LLC,115972101,4076,Y,C000592,9163,NGPL-BALD KNOB,,,20161010 12:00
6931794,NATURAL GAS PIPELINE CO.,C002096,20260928 05:18,Blanks under Up/Dn Loc and Up/Dn Loc Name indicate Third Party information is not applicable.,44602,NGPL/MEP ATLANTA CASS,R,CASS,TX,INT,TXOK,TXOK,26,Y,A,20090401,,Y,NATURAL GAS PIPELINE COMPANY OF AMERICA LLC,6931794,1,Y,C002096,44602,NGPL/MEP ATLANTA CASS,,,20210601 09:00
6931794,NATURAL GAS PIPELINE CO.,C002096,20260928 05:18,Blanks under Up/Dn Loc and Up/Dn Loc Name indicate Third Party information is not applicable.,44620,TERR RES/NGPL KUYKENDALL KIOWA,R,KIOWA,OK,WHD,MIDC,MIDC,2,Y,A,20170406,,Y,TERRITORY RESOURCES LLC,805893828,9319,Y,C008966,44620,TERR RES KUYKENDALL KIOWA,,,20220217 09:00
6931794,NATURAL GAS PIPELINE CO.,C002096,20260928 05:18,Blanks under Up/Dn Loc and Up/Dn Loc Name indicate Third Party information is not applicable.,44621,SKYCAP E/NGPL HAWKINS #1-20 CADDO,R,CADDO,OK,WHD,MIDC,MIDC,2,Y,A,20171101,,Y,SKYCAP ENERGY  LLC,81225128,11713,N,,,,,,20260501 09:00
6931794,NATURAL GAS PIPELINE CO.,C002096,20260928 05:18,Blanks under Up/Dn Loc and Up/Dn Loc Name indicate Third Party information is not applicable.,44622,MORROW/NGPL  WOODWARD,R,WOODWARD,OK,WHD,MIDC,MIDC,4,Y,A,20180506,,Y,MORROW MIDSTREAM  LLC,9900462,9694,N,,,,,,20180507 12:00
6931794,NATURAL GAS PIPELINE CO.,C002096,20260928 05:18,Blanks under Up/Dn Loc and Up/Dn Loc Name indicate Third Party information is not applicable.,44627,MARKWEST/NGPL  CUSTER,R,CUSTER,OK,INT,MIDC,MIDC,3,Y,A,20090617,,Y,MARKWEST OKLAHOMA GAS COMPANY  L.L.C.,143268097,4873,N,,,,,,20160401 09:56
6931794,NATURAL GAS PIPELINE CO.,C002096,20260928 05:18,Blanks under Up/Dn Loc and Up/Dn Loc Name indicate Third Party information is not applicable.,44633,PECAN/NGPL FUEL GAS PROJECT MONTAGU,D,MONTAGUE,TX,END,MIDC,MIDC,1,Y,I,,20160818,Y,PECAN PIPELINE,807745190,4880,N,,,,,,20160819 09:00
6931794,NATURAL GAS PIPELINE CO.,C002096,20260928 05:18,Blanks under Up/Dn Loc and Up/Dn Loc Name indicate Third Party information is not applicable.,44652,TARGA MC/NGPL  STEPHENS,R,STEPHENS,OK,INT,MIDC,MIDC,2,Y,A,20250407,,Y,TARGA PIPELINE MID-CONTINENT LLC,124278057,4690,N,,,,,,20250408 09:00
6931794,NATURAL GAS PIPELINE CO.,C002096,20260928 05:18,Blanks under Up/Dn Loc and Up/Dn Loc Name indicate Third Party information is not applicable.,44656,TERR RES/NGPL STATE PARK #A-1 LOVE,R,LOVE,OK,WHD,TXOK,TXOK,15,Y,A,20171101,,Y,TERRITORY RESOURCES LLC,805893828,9319,Y,C008966,44656,TERR RES/NGPL STATE PARK #A-1 LOVE,,,20220217 09:00
6931794,NATURAL GAS PIPELINE CO.,C002096,20260928 05:18,Blanks under Up/Dn Loc and Up/Dn Loc Name indicate Third Party information is not applicable.,44657,TRES PAL/NGPL TRES PALACIOS STORAGE,B,WHARTON,TX,STR,STX,STX,22,Y,A,20090201,,Y,TRES PALACIOS GAS STORAGE LLC,791204600,4776,Y,C001337,44657,NGPL,,,20160608 09:00
6931794,NATURAL GAS PIPELINE CO.,C002096,20260928 05:18,Blanks under Up/Dn Loc and Up/Dn Loc Name indicate Third Party information is not applicable.,44776,ONE EART/NGPL ETHANOL PLANT MC LEAN,D,MC LEAN,IL,EGN,IAIL,MRKT,28,Y,A,20090601,,Y,ONE EARTH ENERGY  LLC,618942556,4900,N,,,,,,20211214 12:00
6931794,NATURAL GAS PIPELINE CO.,C002096,20260928 05:18,Blanks under Up/Dn Loc and Up/Dn Loc Name indicate Third Party information is not applicable.,44836,HOLLY EP/NGPL CUST TRANS EDDY,D,EDDY,NM,EGN,PERM,PERM,7,Y,I,,20201001,Y,HOLLY ENERGY PARTNERS OPERATING  L.P.,144818395,4924,N,,,,,,20211214 12:00
6931794,NATURAL GAS PIPELINE CO.,C002096,20260928 05:18,Blanks under Up/Dn Loc and Up/Dn Loc Name indicate Third Party information is not applicable.,44941,ENABLEMR/NGPL METROEAST MADISON,D,MADISON,IL,INT,IAIL,MRKT,28,Y,A,20240301,,Y,ENABLE MISSISSIPPI RIVER TRANSMISSION  LLC,6968077,2739,Y,C000545,92136,NGPL GLENDALE,,,20260728 15:00
6931794,NATURAL GAS PIPELINE CO.,C002096,20260928 05:18,Blanks under Up/Dn Loc and Up/Dn Loc Name indicate Third Party information is not applicable.,44993,DESOTO/NGPL  WHITE,R,WHITE,AR,GTH,GCST,MRKT,27,Y,A,20161010,,Y,DE SOTO GATHERING COMPANY LLC,616732884,4974,N,,,,,,20161010 12:00
6931794,NATURAL GAS PIPELINE CO.,C002096,20260928 05:18,Blanks under Up/Dn Loc and Up/Dn Loc Name indicate Third Party information is not applicable.,45247,FEP/NGPL  WHITE,R,WHITE,AR,INT,GCST,MRKT,27,Y,A,20161010,,Y,FAYETTEVILLE EXPRESS PIPELINE LLC,829416002,153,Y,C001012,78522,NGPL RUSSELL,,,20161010 12:00
6931794,NATURAL GAS PIPELINE CO.,C002096,20260928 05:18,Blanks under Up/Dn Loc and Up/Dn Loc Name indicate Third Party information is not applicable.,45310,BTA ETG/NGPL EAST TEXAS GATHERING N,R,NACOGDOCHES,TX,INT,TXOK,TXOK,26,Y,A,20241011,,Y,BTA ETG GATHERING LLC,117268921,5107,N,,,,,,20241011 12:00
6931794,NATURAL GAS PIPELINE CO.,C002096,20260928 05:18,Blanks under Up/Dn Loc and Up/Dn Loc Name indicate Third Party information is not applicable.,45373,ENSTOR/NGPL GRAMA RIDGE LEA,B,LEA,NM,STR,PERM,PERM,9,Y,A,20101201,,Y,ENSTOR GRAMA RIDGE STORAGE & TRANSPORTATION LLC,616010554,5140,Y,C001617,GRAMA,NGPL,,,20160608 09:00
6931794,NATURAL GAS PIPELINE CO.,C002096,20260928 05:18,Blanks under Up/Dn Loc and Up/Dn Loc Name indicate Third Party information is not applicable.,45397,ET G&P/NGPL  NACOGDOCHES,R,NACOGDOCHES,TX,INT,TXOK,TXOK,26,Y,A,20220406,,Y,ET GATHERING & PROCESSING LLC,32377308,3862,Y,C012199,45397,ETC TX/NGPL  NACOGDOCHES,,,20240430 15:00
6931794,NATURAL GAS PIPELINE CO.,C002096,20260928 05:18,Blanks under Up/Dn Loc and Up/Dn Loc Name indicate Third Party information is not applicable.,45402,EMP-EOIT/NGPL DEL BRYAN,D,BRYAN,OK,INT,TXOK,TXOK,17,N,A,20251009,,Y,ENABLE OKLAHOMA INTRASTATE TRANSMISSION  LLC,7205412,5963,Y,C000960,34173,NGPL BRYAN REC,,,20251014 09:00
6931794,NATURAL GAS PIPELINE CO.,C002096,20260928 05:18,Blanks under Up/Dn Loc and Up/Dn Loc Name indicate Third Party information is not applicable.,46124,MIDCOAST/NGPL  NACOGDOCHES,R,NACOGDOCHES,TX,INT,TXOK,TXOK,26,Y,A,20221201,,Y,MIDCOAST PIPELINES (EAST TEXAS) L.P.,150213390,3367,Y,C001125,46124,NGPL NACOGDOCHES,,,20221202 09:00
6931794,NATURAL GAS PIPELINE CO.,C002096,20260928 05:18,Blanks under Up/Dn Loc and Up/Dn Loc Name indicate Third Party information is not applicable.,46273,NAVITAS/NGPL LATERAL DELIVERY LOVE,D,LOVE,OK,LDC,TXOK,TXOK,15,Y,A,20230425,,Y,NAVITAS UTILITY CORPORATION,801010385,5319,N,,,,,,20230425 12:00
6931794,NATURAL GAS PIPELINE CO.,C002096,20260928 05:18,Blanks under Up/Dn Loc and Up/Dn Loc Name indicate Third Party information is not applicable.,46285,SWEPCO/NGPL TURK HEMPSTEAD,D,HEMPSTEAD,AR,EGN,GCST,MRKT,27,Y,A,20260611,,Y,SOUTHWESTERN ELECTRIC POWER COMPANY,648764,19016,N,,,,,,20260611 09:00
6931794,NATURAL GAS PIPELINE CO.,C002096,20260928 05:18,Blanks under Up/Dn Loc and Up/Dn Loc Name indicate Third Party information is not applicable.,46388,AMER IL/NGPL AMEREN BUREAU,D,BUREAU,IL,LDC,IAIL,MRKT,14,N,A,20231003,,Y,AMEREN ILLINOIS COMPANY,6936017,5254,Y,C003986,46388,PRINCETON NGPL,,,20231003 09:00
6931794,NATURAL GAS PIPELINE CO.,C002096,20260928 05:18,Blanks under Up/Dn Loc and Up/Dn Loc Name indicate Third Party information is not applicable.,46389,TGG/NGPL  NACOGDOCHES,R,NACOGDOCHES,TX,WHD,TXOK,TXOK,26,Y,A,20251009,,Y,TGG PIPELINE  LTD.,603043787,13630,N,,,,,,20251014 09:00
6931794,NATURAL GAS PIPELINE CO.,C002096,20260928 05:18,Blanks under Up/Dn Loc and Up/Dn Loc Name indicate Third Party information is not applicable.,46430,ET G&P/NGPL  JACKSON,R,JACKSON,TX,INT,STX,STX,22,Y,A,20200210,,Y,ET GATHERING & PROCESSING LLC,32377308,3862,Y,C012199,46430,ETC TX/NGPL  JACKSON,,,20240430 15:00
6931794,NATURAL GAS PIPELINE CO.,C002096,20260928 05:18,Blanks under Up/Dn Loc and Up/Dn Loc Name indicate Third Party information is not applicable.,46433,CUMBERLA/NGPL  JOHNSTON,R,JOHNSTON,OK,INT,TXOK,TXOK,15,Y,A,20150609,,Y,CUMBERLAND PIPELINE COMPANY  L.L.C.,968937594,5417,N,,,,,,20160401 09:56
6931794,NATURAL GAS PIPELINE CO.,C002096,20260928 05:18,Blanks under Up/Dn Loc and Up/Dn Loc Name indicate Third Party information is not applicable.,46480,PSI MIDS/NGPL PROCESSING PLANT CAME,D,CAMERON,LA,PLT,LA,LA,23,Y,A,20120101,,Y,PSI MIDSTREAM PARTNERS  L.P.,781229930,5428,N,,,,,,20160603 12:00
6931794,NATURAL GAS PIPELINE CO.,C002096,20260928 05:18,Blanks under Up/Dn Loc and Up/Dn Loc Name indicate Third Party information is not applicable.,46594,AMER IL/NGPL AM CDP,D,UNKNOWN,IL,VIR,IAIL,MRKT,14,Y,A,20120401,,N,,,,,,,,,,20160401 09:56
6931794,NATURAL GAS PIPELINE CO.,C002096,20260928 05:18,Blanks under Up/Dn Loc and Up/Dn Loc Name indicate Third Party information is not applicable.,46595,AMER IL/NGPL GC CDP,D,UNKNOWN,IL,VIR,IAIL,MRKT,28,Y,A,20120401,,N,,,,,,,,,,20160401 09:56
6931794,NATURAL GAS PIPELINE CO.,C002096,20260928 05:18,Blanks under Up/Dn Loc and Up/Dn Loc Name indicate Third Party information is not applicable.,46597,MARKWEST/NGPL  BRYAN,R,BRYAN,OK,INT,TXOK,TXOK,17,Y,A,20260611,,Y,MARKWEST PIONEER  L.L.C.,830730599,4861,Y,C001461,126-07-49,BENNINGTON/NGPL,021-0052,BENNINGTON NGPL 2,20260611 09:00
6931794,NATURAL GAS PIPELINE CO.,C002096,20260928 05:18,Blanks under Up/Dn Loc and Up/Dn Loc Name indicate Third Party information is not applicable.,46622,SPLIQ/NGPL SABINE PASS LIQUEFACTION,D,CAMERON,LA,LNG,LA,LA,23,Y,A,20200403,,Y,SABINE PASS LIQUEFACTION  LLC,78731670,5571,N,,,,,,20200407 12:00
6931794,NATURAL GAS PIPELINE CO.,C002096,20260928 05:18,Blanks under Up/Dn Loc and Up/Dn Loc Name indicate Third Party information is not applicable.,46724,ETP/NGPL #2 WHARTON,R,WHARTON,TX,INT,STX,STX,22,Y,A,20200210,,Y,ENTERPRISE TEXAS PIPELINE LLC,615855160,3260,Y,C000924,554260,NGPL WHARTON,,,20200211 15:00
6931794,NATURAL GAS PIPELINE CO.,C002096,20260928 05:18,Blanks under Up/Dn Loc and Up/Dn Loc Name indicate Third Party information is not applicable.,46725,T2 GAS/NGPL  REFUGIO,R,REFUGIO,TX,INT,STX,STX,22,Y,A,20200210,,Y,T2 GAS UTILITY LLC,961998171,5486,N,,,,,,20200211 15:00
6931794,NATURAL GAS PIPELINE CO.,C002096,20260928 05:18,Blanks under Up/Dn Loc and Up/Dn Loc Name indicate Third Party information is not applicable.,46779,BRDWLK/NGPL FLAG CITY PLT JACKSON,R,JACKSON,TX,PLT,STX,STX,22,N,I,,20191025,Y,BOARDWALK FIELD SERVICES  LLC,967311072,5583,N,,,,,,20191026 09:00
6931794,NATURAL GAS PIPELINE CO.,C002096,20260928 05:18,Blanks under Up/Dn Loc and Up/Dn Loc Name indicate Third Party information is not applicable.,46795,ET G&P/NGPL  WHEELER,R,WHEELER,TX,GTH,MIDC,MIDC,6,Y,A,20130107,,Y,ET GATHERING & PROCESSING LLC,32377308,3862,Y,C012199,46795,WHEELER,,,20240430 15:00
6931794,NATURAL GAS PIPELINE CO.,C002096,20260928 05:18,Blanks under Up/Dn Loc and Up/Dn Loc Name indicate Third Party information is not applicable.,46832,EFMIDS/NGPL AGUA DULCE NUECES,R,NUECES,TX,INT,STX,STX,20,Y,A,20200210,,Y,EAGLE FORD MIDSTREAM LLC,967782322,8352,Y,C002792,46832,EFMID/NGPL AGUA DULCE NUECES,,,20250321 12:00
6931794,NATURAL GAS PIPELINE CO.,C002096,20260928 05:18,Blanks under Up/Dn Loc and Up/Dn Loc Name indicate Third Party information is not applicable.,46856,SSC GPL/NGPL  BEAVER,R,BEAVER,OK,INT,MIDC,MIDC,10,Y,A,20140201,,Y,SOUTHERN STAR CENTRAL GAS PIPELINE  INC.,7906233,2276,Y,C000374,17004,BEAVER,,,20160401 09:56
6931794,NATURAL GAS PIPELINE CO.,C002096,20260928 05:18,Blanks under Up/Dn Loc and Up/Dn Loc Name indicate Third Party information is not applicable.,46896,XTO ENER/NGPL FUEL CARTER,D,CARTER,OK,GTH,TXOK,TXOK,15,Y,A,20171230,,Y,XTO ENERGY INC.,804712347,3546,N,,,,,,20190912 15:00
6931794,NATURAL GAS PIPELINE CO.,C002096,20260928 05:18,Blanks under Up/Dn Loc and Up/Dn Loc Name indicate Third Party information is not applicable.,47097,MARKWEST/NGPL BUFFALO CREEK PROCESS,R,BECKHAM,OK,INT,MIDC,MIDC,6,Y,A,20200210,,Y,MARKWEST BUFFALO CREEK GAS COMPANY L.L.C,79127400,9132,N,,,,,,20200211 15:00
6931794,NATURAL GAS PIPELINE CO.,C002096,20260928 05:18,Blanks under Up/Dn Loc and Up/Dn Loc Name indicate Third Party information is not applicable.,47140,CNTRPT/NGPL KATY MILLS HARRIS,D,HARRIS,TX,LDC,STX,STX,22,Y,A,20230425,,Y,CENTERPOINT ENERGY RESOURCES CORP.,6948210,5569,N,,,,,,20230425 12:00
6931794,NATURAL GAS PIPELINE CO.,C002096,20260928 05:18,Blanks under Up/Dn Loc and Up/Dn Loc Name indicate Third Party information is not applicable.,47225,TALLGRAS/NGPL PONY EXPRESS LINCOLN,D,LINCOLN,KS,INT,MIDC,MIDC,11,Y,A,20200403,,Y,TALLGRASS INTERSTATE GAS TRANSMISSION  LLC,828257431,18,Y,C000597,999728,NGPL/TIGT LINCOLN,,,20200407 12:00
6931794,NATURAL GAS PIPELINE CO.,C002096,20260928 05:18,Blanks under Up/Dn Loc and Up/Dn Loc Name indicate Third Party information is not applicable.,47226,NMP/NGPL  NUECES,B,NUECES,TX,INT,STX,STX,20,Y,A,20150101,,Y,NET MEXICO PIPELINE PARTNERS  LLC,78533458,8630,Y,C004698,201400,NGPL-NUECES,,,20240430 15:00
6931794,NATURAL GAS PIPELINE CO.,C002096,20260928 05:18,Blanks under Up/Dn Loc and Up/Dn Loc Name indicate Third Party information is not applicable.,47575,SILVER T/NGPL GC #3 MARION,R,MARION,TX,WHD,TXOK,TXOK,26,Y,A,20190601,,Y,SILVER TUSK OPERATING CO.  LLC,,9239,N,,47575,SILVER T/NGPL GC #3 MARION,,,20220907 12:00
6931794,NATURAL GAS PIPELINE CO.,C002096,20260928 05:18,Blanks under Up/Dn Loc and Up/Dn Loc Name indicate Third Party information is not applicable.,47662,ATMOS-TX/NGPL PYOTE WARD,B,WARD,TX,INT,PERM,PERM,9,Y,A,20151001,,Y,ATMOS PIPELINE-TEXAS  A DIVISION OF ATMOS ENERGY CORPORATION,7927130,4329,Y,C001019,17636450,NGPL WARD - PYOTE,,,20160401 09:56
6931794,NATURAL GAS PIPELINE CO.,C002096,20260928 05:18,Blanks under Up/Dn Loc and Up/Dn Loc Name indicate Third Party information is not applicable.,47686,PAMPA/NGPL  GRAY,D,GRAY,TX,EGN,MIDC,MIDC,6,Y,A,20260611,,Y,PAMPA FUELS  LLC,79262787,9214,N,,,,,,20260611 09:00
6931794,NATURAL GAS PIPELINE CO.,C002096,20260928 05:18,Blanks under Up/Dn Loc and Up/Dn Loc Name indicate Third Party information is not applicable.,47760,SIENERGY/NGPL TAMARRON FORT BEND,D,FORT BEND,TX,EGN,STX,STX,22,Y,A,20160901,,Y,SIENERGY L.P.,626248947,3364,N,,,,,,20211214 12:00
6931794,NATURAL GAS PIPELINE CO.,C002096,20260928 05:18,Blanks under Up/Dn Loc and Up/Dn Loc Name indicate Third Party information is not applicable.,47965,EMP-EOIT/NGPL COX CITY GRADY,R,GRADY,OK,INT,MIDC,MIDC,2,Y,A,20160201,,Y,ENABLE OKLAHOMA INTRASTATE TRANSMISSION  LLC,7205412,5963,Y,C000960,37659,NGPL EOIT GRADY INTERCONNECT,,,20160401 09:56
6931794,NATURAL GAS PIPELINE CO.,C002096,20260928 05:18,Blanks under Up/Dn Loc and Up/Dn Loc Name indicate Third Party information is not applicable.,48273,BHSC/NGPL BEATRICE GAGE,D,GAGE,NE,LDC,MIDC,MIDC,11,Y,A,20150301,,Y,BLACK HILLS SERVICE COMPANY  LLC,79534838,10500,N,,,,,,20190319 12:00
6931794,NATURAL GAS PIPELINE CO.,C002096,20260928 05:18,Blanks under Up/Dn Loc and Up/Dn Loc Name indicate Third Party information is not applicable.,48365,ONEOKGT/NGPL SAYRE ONG BECKHAM,R,BECKHAM,OK,INT,MIDC,MIDC,6,Y,A,20150401,,Y,ONEOK GAS TRANSPORTATION  L.L.C.,187773346,2923,Y,C000588,2030015,SAYRE STORAGE OUTPUT,2030016,SAYRE STORAGE INPUT,20250729 09:00
6931794,NATURAL GAS PIPELINE CO.,C002096,20260928 05:18,Blanks under Up/Dn Loc and Up/Dn Loc Name indicate Third Party information is not applicable.,48381,E TX ELE/NGPL ETEC UNIT#1 SAN JACIN,D,SAN JACINTO,TX,EGN,TXOK,TXOK,26,Y,A,20150401,,Y,EAST TEXAS ELECTRIC COOPERATIVE  INC.,948535265,4895,N,,,,,,20211214 12:00
6931794,NATURAL GAS PIPELINE CO.,C002096,20260928 05:18,Blanks under Up/Dn Loc and Up/Dn Loc Name indicate Third Party information is not applicable.,48382,E TX ELE/NGPL ENTERGY UNIT#2 SAN JA,D,SAN JACINTO,TX,EGN,TXOK,TXOK,26,Y,A,20150401,,Y,EAST TEXAS ELECTRIC COOPERATIVE  INC.,948535265,4895,N,,,,,,20211214 12:00
6931794,NATURAL GAS PIPELINE CO.,C002096,20260928 05:18,Blanks under Up/Dn Loc and Up/Dn Loc Name indicate Third Party information is not applicable.,48530,GULFSTH/NGPL COASTAL BEND WHARTON,B,WHARTON,TX,INT,STX,STX,22,Y,A,20180301,,Y,GULF SOUTH PIPELINE COMPANY  LLC,78444247,26373,Y,C000591,24327,COASTAL BEND NGPL RECEIPT,24328,COASTAL BEND NGPL DELIVERY,20200604 09:00
6931794,NATURAL GAS PIPELINE CO.,C002096,20260928 05:18,Blanks under Up/Dn Loc and Up/Dn Loc Name indicate Third Party information is not applicable.,48566,MIDGEN/NGPL NRG CAL#1 #2 WILL,D,WILL,IL,EGN,IAIL,MRKT,32,Y,A,20200210,,Y,MIDWEST GENERATION LLC,114466571,9449,N,,,,,,20211214 12:00
6931794,NATURAL GAS PIPELINE CO.,C002096,20260928 05:18,Blanks under Up/Dn Loc and Up/Dn Loc Name indicate Third Party information is not applicable.,48931,ET G&P/NGPL COX CITY GRADY,R,GRADY,OK,PLT,MIDC,MIDC,2,Y,A,20200210,,Y,ET GATHERING & PROCESSING LLC,32377308,3862,Y,C012199,48931,COX CITY,,,20240430 15:00
6931794,NATURAL GAS PIPELINE CO.,C002096,20260928 05:18,Blanks under Up/Dn Loc and Up/Dn Loc Name indicate Third Party information is not applicable.,48934,CCCPL/NGPL SINTON SAN PATRICIO,D,SAN PATRICIO,TX,INT,STX,STX,22,Y,A,20200210,,Y,CHENIERE CORPUS CHRISTI PIPELINE  L.P.,,9399,Y,C007688,CC121053,NGPL SINTON,,,20200211 15:00
6931794,NATURAL GAS PIPELINE CO.,C002096,20260928 05:18,Blanks under Up/Dn Loc and Up/Dn Loc Name indicate Third Party information is not applicable.,49222,CFS-STX/NGPL MESTENA GRANDE 8" JIM,D,JIM HOGG,TX,INT,STX,STX,18,N,I,,20171101,Y,COPANO FIELD SERVICES/SOUTH TEXAS LLC,,2140,N,,,,,,20230501 09:00
6931794,NATURAL GAS PIPELINE CO.,C002096,20260928 05:18,Blanks under Up/Dn Loc and Up/Dn Loc Name indicate Third Party information is not applicable.,49223,ETC TX/NGPL MME LUFKIN TEMP ANGELIN,D,ANGELINA,TX,INT,GCST,MRKT,27,Y,I,,20170306,Y,ETC TEXAS PIPELINE  LTD,148978856,3862,N,,,,,,20170501 09:00
6931794,NATURAL GAS PIPELINE CO.,C002096,20260928 05:18,Blanks under Up/Dn Loc and Up/Dn Loc Name indicate Third Party information is not applicable.,49479,KIOWA PP/NGPL KIAMICHI POWER PLANT,D,PITTSBURG,OK,EGN,TXOK,TXOK,16,Y,A,20200210,,Y,KIOWA POWER PARTNERS  LLC,112752865,9984,N,,,,,,20211214 12:00
6931794,NATURAL GAS PIPELINE CO.,C002096,20260928 05:18,Blanks under Up/Dn Loc and Up/Dn Loc Name indicate Third Party information is not applicable.,49574,WHITEWTR/NGPL WAHA CONNECTOR WARD,B,WARD,TX,INT,PERM,PERM,9,Y,A,20180701,,Y,WHITEWATER MIDSTREAM  LLC,80317342,9658,N,,49574,WWM WAHA/NGPL WAHA CONNECTOR WARD,,,20180702 12:00
6931794,NATURAL GAS PIPELINE CO.,C002096,20260928 05:18,Blanks under Up/Dn Loc and Up/Dn Loc Name indicate Third Party information is not applicable.,49618,SCOOPEX/NGPL RATLIFF CITY CARTER,R,CARTER,OK,INT,TXOK,TXOK,15,Y,A,20200210,,Y,SCOOP EXPRESS  LLC,,10224,Y,C008839,49618,SCOOPEX RATLIFF CITY CARTER,,,20220216 12:00
6931794,NATURAL GAS PIPELINE CO.,C002096,20260928 05:18,Blanks under Up/Dn Loc and Up/Dn Loc Name indicate Third Party information is not applicable.,49828,ALIGN/NGPL  ANGELINA,R,ANGELINA,TX,INT,TXOK,TXOK,26,Y,A,20220406,,Y,ALIGN MIDSTREAM PARTNERS II  LLC,81008964,10113,N,,49828,AMP ANGELINA,,,20220407 12:00
6931794,NATURAL GAS PIPELINE CO.,C002096,20260928 05:18,Blanks under Up/Dn Loc and Up/Dn Loc Name indicate Third Party information is not applicable.,49871,SSC GPL/NGPL SOUTH EDMOND CARTER,R,CARTER,OK,INT,TXOK,TXOK,15,Y,A,20180316,,Y,SOUTHERN STAR CENTRAL GAS PIPELINE  INC.,7906233,2276,Y,C000374,17069,NGPL - CARTER COUNTY,,,20180404 12:00
6931794,NATURAL GAS PIPELINE CO.,C002096,20260928 05:18,Blanks under Up/Dn Loc and Up/Dn Loc Name indicate Third Party information is not applicable.,50146,MIDSHIP/NGPL LONE GROVE CARTER,R,CARTER,OK,INT,TXOK,TXOK,15,Y,A,20201006,,Y,MIDSHIP PIPELINE COMPANY  LLC,73394164,10239,Y,C008884,50146,MIDSHIP/NGPL LONE GROVE CARTER,,,20201007 09:00
6931794,NATURAL GAS PIPELINE CO.,C002096,20260928 05:18,Blanks under Up/Dn Loc and Up/Dn Loc Name indicate Third Party information is not applicable.,50164,MIDSHIP/NGPL BENNINGTON BRYAN,R,BRYAN,OK,INT,TXOK,TXOK,15,Y,A,20201006,,Y,MIDSHIP PIPELINE COMPANY  LLC,73394164,10239,Y,C008884,50164,MIDSHIP/NGPL BENNINGTON BRYAN,,,20201007 09:00
6931794,NATURAL GAS PIPELINE CO.,C002096,20260928 05:18,Blanks under Up/Dn Loc and Up/Dn Loc Name indicate Third Party information is not applicable.,50169,TARGAND/NGPL ROJO TORO LEA,R,LEA,NM,INT,PERM,PERM,9,Y,A,20200210,,Y,TARGA NORTHERN DELAWARE LLC,32759495,10056,N,,50169,NGPL ROJO TORO,,,20220818 09:00
6931794,NATURAL GAS PIPELINE CO.,C002096,20260928 05:18,Blanks under Up/Dn Loc and Up/Dn Loc Name indicate Third Party information is not applicable.,50653,NGPL/NGPL CS 302 MONTGOMERY,B,MONTGOMERY,TX,PPT,TXOK,TXOK,26,Y,A,20230101,,N,,,,,,,,,,20230101 09:00
6931794,NATURAL GAS PIPELINE CO.,C002096,20260928 05:18,Blanks under Up/Dn Loc and Up/Dn Loc Name indicate Third Party information is not applicable.,50706,N BORDER/NGPL MCGOWAN GRUNDY,R,GRUNDY,IL,INT,IAIL,MRKT,28,Y,A,20180901,,Y,NORTHERN BORDER PIPELINE CO.,21632583,4657,Y,C000626,22617,MCGOWAN,,,20181030 09:00
6931794,NATURAL GAS PIPELINE CO.,C002096,20260928 05:18,Blanks under Up/Dn Loc and Up/Dn Loc Name indicate Third Party information is not applicable.,50776,VERSADO/NGPL FUEL GAS LEA,D,LEA,NM,INT,PERM,PERM,9,Y,A,20200403,,Y,VERSADO GAS PROCESSORS  L.L.C.,24740917,7715,N,,,,,,20200407 12:00
6931794,NATURAL GAS PIPELINE CO.,C002096,20260928 05:18,Blanks under Up/Dn Loc and Up/Dn Loc Name indicate Third Party information is not applicable.,53583,WSGPGAS/NGPL ARKOMA LATERAL LATIMER,R,LATIMER,OK,WHD,TXOK,TXOK,16,Y,A,20200210,,Y,WSGP GAS PRODUCING  LLC,59006937,10127,N,,,,,,20200211 15:00
6931794,NATURAL GAS PIPELINE CO.,C002096,20260928 05:18,Blanks under Up/Dn Loc and Up/Dn Loc Name indicate Third Party information is not applicable.,53667,3 BEAR/NGPL TRES OSOS LEA,R,LEA,NM,INT,PERM,PERM,9,Y,A,20240419,,Y,3 BEAR DELAWARE OPERATING - NM  LLC,78762941,10449,N,,,,,,20240422 15:00
6931794,NATURAL GAS PIPELINE CO.,C002096,20260928 05:18,Blanks under Up/Dn Loc and Up/Dn Loc Name indicate Third Party information is not applicable.,53774,NIPSCO/NGPL STATELINE 16 COOK,D,COOK,IL,LDC,IAIL,MRKT,33,N,A,20190201,,Y,NORTHERN INDIANA PUBLIC SERVICE COMPANY LLC,6937585,2949,N,,,,,,20190411 15:00
6931794,NATURAL GAS PIPELINE CO.,C002096,20260928 05:18,Blanks under Up/Dn Loc and Up/Dn Loc Name indicate Third Party information is not applicable.,53775,NIPSCO/NGPL STATELINE 20 COOK,D,COOK,IL,LDC,IAIL,MRKT,33,N,A,20190201,,Y,NORTHERN INDIANA PUBLIC SERVICE COMPANY LLC,6937585,2949,N,,,,,,20190411 15:00
6931794,NATURAL GAS PIPELINE CO.,C002096,20260928 05:18,Blanks under Up/Dn Loc and Up/Dn Loc Name indicate Third Party information is not applicable.,53776,VCP/NGPL MUSTANG M/L 1 NUECES,B,NUECES,TX,INT,STX,STX,20,Y,A,20181101,,Y,VALLEY CROSSING PIPELINE LLC,80429578,10003,Y,C008927,53776,VCP MUSTANG M/L 1 NUECES,,,20231213 09:00
6931794,NATURAL GAS PIPELINE CO.,C002096,20260928 05:18,Blanks under Up/Dn Loc and Up/Dn Loc Name indicate Third Party information is not applicable.,53785,OASIS/NGPL SAGEBRUSH WARD,B,WARD,TX,INT,PERM,PERM,9,N,I,,20210901,Y,OASIS PIPELINE  LP,61286563,4054,Y,C001006,6481A,NGPL OASIS INTERCONNECT,,,20211001 09:00
6931794,NATURAL GAS PIPELINE CO.,C002096,20260928 05:18,Blanks under Up/Dn Loc and Up/Dn Loc Name indicate Third Party information is not applicable.,53830,TARGAND/NGPL SAN SIMON LEA,D,LEA,NM,INT,PERM,PERM,9,Y,A,20260611,,Y,TARGA NORTHERN DELAWARE LLC,32759495,10056,N,,,,,,20260611 09:00
6931794,NATURAL GAS PIPELINE CO.,C002096,20260928 05:18,Blanks under Up/Dn Loc and Up/Dn Loc Name indicate Third Party information is not applicable.,53937,SSC GPL/NGPL MINNEOLA LINE WOODWARD,R,WOODWARD,OK,INT,MIDC,MIDC,4,N,A,20250407,,Y,SOUTHERN STAR CENTRAL GAS PIPELINE  INC.,7906233,2276,Y,C000374,53937,SSC GPL/NGPL MINEOLA LINE WOODWARD,,,20250408 09:00
6931794,NATURAL GAS PIPELINE CO.,C002096,20260928 05:18,Blanks under Up/Dn Loc and Up/Dn Loc Name indicate Third Party information is not applicable.,53967,TARGAND/NGPL CRITTENDON WINKLER,D,WINKLER,TX,INT,PERM,PERM,9,Y,A,20230201,,Y,TARGA NORTHERN DELAWARE LLC,32759495,10056,N,,,,,,20230201 15:00
6931794,NATURAL GAS PIPELINE CO.,C002096,20260928 05:18,Blanks under Up/Dn Loc and Up/Dn Loc Name indicate Third Party information is not applicable.,54640,MIDSHIP/NGPL TEMP LONE GROVE DEL CA,D,CARTER,OK,INT,TXOK,TXOK,15,Y,A,20200301,,Y,MIDSHIP PIPELINE COMPANY  LLC,73394164,10239,N,,,,,,20200320 09:00
6931794,NATURAL GAS PIPELINE CO.,C002096,20260928 05:18,Blanks under Up/Dn Loc and Up/Dn Loc Name indicate Third Party information is not applicable.,54683,GULFSTH/NGPL DIST. GOODRICH POLK,D,POLK,TX,INT,TXOK,TXOK,26,Y,A,20200501,,Y,GULF SOUTH PIPELINE COMPANY  LLC,78444247,26373,Y,C000591,010144,GOODRICH (FROM  NGPL),000671,GOODRICH (TO NGPL),20200815 09:00
6931794,NATURAL GAS PIPELINE CO.,C002096,20260928 05:18,Blanks under Up/Dn Loc and Up/Dn Loc Name indicate Third Party information is not applicable.,54796,AGUABLAN/NGPL LOCKRIDGE WAHA PECOS,B,PECOS,TX,INT,PERM,PERM,9,Y,A,20210701,,Y,AGUA BLANCA  LLC,68464001,10424,Y,C009030,54796,AGUA/NGPL LOCKRIDGE WAHA,,,20210729 15:00
6931794,NATURAL GAS PIPELINE CO.,C002096,20260928 05:18,Blanks under Up/Dn Loc and Up/Dn Loc Name indicate Third Party information is not applicable.,54805,ENENBLLC/NGPL HARRINGTON TRAILS CG,D,MONTGOMERY,TX,INT,TXOK,TXOK,26,Y,A,20230703,,Y,ENERTEX NB  LLC AFFILIATE OF CENTRIC GAS SERVICES  LLC,,10557,N,,,,,,20230703 15:00
6931794,NATURAL GAS PIPELINE CO.,C002096,20260928 05:18,Blanks under Up/Dn Loc and Up/Dn Loc Name indicate Third Party information is not applicable.,54824,TRNSPEC/NGPL LOCKRIDGE PECOS,B,PECOS,TX,INT,PERM,PERM,9,Y,A,20200901,,Y,TRANS-PECOS PIPELINE  LLC,80505591,10037,Y,C007715,54824,TRNSPEC LOCKRIDGE PECOS,,,20220217 09:00
6931794,NATURAL GAS PIPELINE CO.,C002096,20260928 05:18,Blanks under Up/Dn Loc and Up/Dn Loc Name indicate Third Party information is not applicable.,54849,WHISTLEP/NGPL WHISTLE REC NUECES,R,NUECES,TX,INT,STX,STX,20,Y,A,20210203,,Y,WHISTLER PIPELINE LLC,117129302,10633,Y,C011042,54849,WHISTLEP WHISTLE REC NEUCES,,,20220217 09:00
6931794,NATURAL GAS PIPELINE CO.,C002096,20260928 05:18,Blanks under Up/Dn Loc and Up/Dn Loc Name indicate Third Party information is not applicable.,54920,THREE/NGPL THREE RIVERS GRUNDY,D,GRUNDY,IL,EGN,IAIL,MRKT,35,Y,A,20260408,,Y,CPV THREE RIVERS  LLC,117304503,10791,N,,,,,,20260428 09:00
6931794,NATURAL GAS PIPELINE CO.,C002096,20260928 05:18,Blanks under Up/Dn Loc and Up/Dn Loc Name indicate Third Party information is not applicable.,55254,LAFRONT/NGPL BLACK MARLIN LAMAR PP,D,LAMAR,TX,INT,TXOK,TXOK,17,Y,A,20241011,,Y,LA FRONTERA HOLDINGS  LLC,78826200,3316,N,,,,,,20241011 12:00
6931794,NATURAL GAS PIPELINE CO.,C002096,20260928 05:18,Blanks under Up/Dn Loc and Up/Dn Loc Name indicate Third Party information is not applicable.,55376,TARGAND/NGPL VANDELAY DELIVERY LEA,D,LEA,NM,INT,PERM,PERM,9,Y,A,20260611,,Y,TARGA NORTHERN DELAWARE LLC,32759495,10056,N,,,,,,20260611 09:00
6931794,NATURAL GAS PIPELINE CO.,C002096,20260928 05:18,Blanks under Up/Dn Loc and Up/Dn Loc Name indicate Third Party information is not applicable.,55704,MARKWEST/NGPL BLOCKER RECEIPT HARRI,R,HARRISON,TX,INT,TXOK,TXOK,26,Y,A,20241011,,Y,MARKWEST ENERGY EAST TEXAS GAS COMPANY  L.L.C.,79750719,4401,N,,,,,,20241011 12:00
6931794,NATURAL GAS PIPELINE CO.,C002096,20260928 05:18,Blanks under Up/Dn Loc and Up/Dn Loc Name indicate Third Party information is not applicable.,55705,GATEWAY/NGPL BANTAM HEMPSTEAD,D,HEMPSTEAD,AR,INT,GCST,MRKT,27,Y,A,20260611,,Y,GATEWAY RED OAK LLC,79858210,9993,N,,,,,,20260611 09:00
6931794,NATURAL GAS PIPELINE CO.,C002096,20260928 05:18,Blanks under Up/Dn Loc and Up/Dn Loc Name indicate Third Party information is not applicable.,55877,IOWAWAST/NGPL LOESS HILLS BIOGAS RE,R,MILLS,IA,RNG,AMAR,MRKT,13,Y,A,20240602,,Y,IOWA WASTE SERVICES  LLC,,11029,N,,55877,IOWA WASTE LOESS HILLS,,,20240610 15:16
6931794,NATURAL GAS PIPELINE CO.,C002096,20260928 05:18,Blanks under Up/Dn Loc and Up/Dn Loc Name indicate Third Party information is not applicable.,55878,IOWAWAST/NGPL LOESS HILLS BIOGAS BU,D,MILLS,IA,RNG,AMAR,MRKT,13,Y,A,20240501,,Y,IOWA WASTE SERVICES  LLC,,11029,N,,55878,IOWA WASTE LOESS HILLS DEL,,,20240611 09:00
6931794,NATURAL GAS PIPELINE CO.,C002096,20260928 05:18,Blanks under Up/Dn Loc and Up/Dn Loc Name indicate Third Party information is not applicable.,55899,OZARK/NGPL NOARK 2 LAWRENCE,D,LAWRENCE,AR,INT,GCST,MRKT,27,Y,A,20240301,,Y,OZARK GAS TRANSMISSION SYSTEM,53886727,19367,Y,C000090,55899,NOARK 2,,,20240409 15:00
6931794,NATURAL GAS PIPELINE CO.,C002096,20260928 05:18,Blanks under Up/Dn Loc and Up/Dn Loc Name indicate Third Party information is not applicable.,55990,TERCOUNT/NGPL FAIRGROUNDS RNG REC L,R,LAKE,IL,RNG,IAIL,MRKT,39,Y,A,20230301,,Y,TERREVA COUNTRYSIDE RNG  LLC,,10940,N,,55990,TERCOUNT/NGPL FAIRGROUNDS RNG REC,,,20230729 09:00
6931794,NATURAL GAS PIPELINE CO.,C002096,20260928 05:18,Blanks under Up/Dn Loc and Up/Dn Loc Name indicate Third Party information is not applicable.,55991,TERCOUNT/NGPL FAIRGROUNDS RNG BUYBA,D,LAKE,IL,RNG,IAIL,MRKT,39,Y,A,20230301,,Y,TERREVA COUNTRYSIDE RNG  LLC,,10940,N,,55991,TERCOUNT/NGPL FAIRGROUNDS BUYBACK,,,20230729 09:00
6931794,NATURAL GAS PIPELINE CO.,C002096,20260928 05:18,Blanks under Up/Dn Loc and Up/Dn Loc Name indicate Third Party information is not applicable.,56007,MATTEXPR/NGPL BERNARD CREEK RECEIPT,R,WHARTON,TX,INT,STX,STX,22,Y,A,20250302,,Y,MATTERHORN EXPRESS PIPELINE  LLC,,11070,Y,C012377,56007,BERNARD CREEK,,,20250313 09:00
6931794,NATURAL GAS PIPELINE CO.,C002096,20260928 05:18,Blanks under Up/Dn Loc and Up/Dn Loc Name indicate Third Party information is not applicable.,56034,MARKWEST/NGPL PANOLA #2 RECEIPT PAN,R,PANOLA,TX,INT,TXOK,TXOK,26,Y,A,20241011,,Y,MARKWEST ENERGY EAST TEXAS GAS COMPANY  L.L.C.,79750719,4401,N,,,,,,20241011 12:00
6931794,NATURAL GAS PIPELINE CO.,C002096,20260928 05:18,Blanks under Up/Dn Loc and Up/Dn Loc Name indicate Third Party information is not applicable.,56232,SPONTE/NGPL HWY 149 RECEIPT PANOLA,R,PANOLA,TX,INT,TXOK,TXOK,26,Y,A,20241011,,Y,SPONTE OPERATING INC.,,11120,N,,56232,SPONTE HWY 149,,,20241011 12:00
6931794,NATURAL GAS PIPELINE CO.,C002096,20260928 05:18,Blanks under Up/Dn Loc and Up/Dn Loc Name indicate Third Party information is not applicable.,56331,INVENERG/NGPL INVENERGY NELSON LEE,D,LEE,IL,EGN,IAIL,MRKT,29,Y,A,20230301,,Y,INVENERGY NELSON LLC,184027378,9191,N,,,,,,20230401 09:00
6931794,NATURAL GAS PIPELINE CO.,C002096,20260928 05:18,Blanks under Up/Dn Loc and Up/Dn Loc Name indicate Third Party information is not applicable.,56332,INVENERG/NGPL INVENERGY NELSON EXPA,D,LEE,IL,EGN,IAIL,MRKT,29,Y,A,20230301,,Y,INVENERGY NELSON EXPANSION LLC,808553346,9693,N,,,,,,20230401 09:00
6931794,NATURAL GAS PIPELINE CO.,C002096,20260928 05:18,Blanks under Up/Dn Loc and Up/Dn Loc Name indicate Third Party information is not applicable.,56339,BTOHLLC/NGPL UPS CNG HODGKINS COOK,D,COOK,IL,INT,IAIL,MRKT,31,Y,A,20241031,,Y,BT-OH  LLC,,11130,N,,56339,UPS CNG HODGKINS,,,20241104 09:00
6931794,NATURAL GAS PIPELINE CO.,C002096,20260928 05:18,Blanks under Up/Dn Loc and Up/Dn Loc Name indicate Third Party information is not applicable.,56385,QCLRNGLL/NGPL PINE CREEK BIOGAS REC,R,ROCK ISLAND,IL,RNG,IAIL,MRKT,14,Y,A,20250601,,Y,QCL RNG  LLC,118988585,11161,N,,56385,QCLRNGLL/NGPL PINE CREEK BIOGAS REC,,,20260416 15:00
6931794,NATURAL GAS PIPELINE CO.,C002096,20260928 05:18,Blanks under Up/Dn Loc and Up/Dn Loc Name indicate Third Party information is not applicable.,56386,QCLRNGLL/NGPL PINE CREEK BIOGAS BUY,D,ROCK ISLAND,IL,RNG,IAIL,MRKT,14,Y,A,20250601,,Y,QCL RNG  LLC,118988585,11161,N,,56386,QCLRNGLL/NGPL PINE CREEK BIOGAS BUYBACK,,,20251218 09:00
6931794,NATURAL GAS PIPELINE CO.,C002096,20260928 05:18,Blanks under Up/Dn Loc and Up/Dn Loc Name indicate Third Party information is not applicable.,56387,HOOKSGAS/NGPL PRESSWOOD FM 2090 DEL,D,MONTGOMERY,TX,END,TXOK,TXOK,26,Y,A,20231026,,Y,HOOKS GAS PIPELINE  LLC,79856354,8547,Y,C002788,56387,HOOKSGAS/NGPL PRESSWOOD FM 2090 DEL,,,20231107 12:00
6931794,NATURAL GAS PIPELINE CO.,C002096,20260928 05:18,Blanks under Up/Dn Loc and Up/Dn Loc Name indicate Third Party information is not applicable.,56394,NGPL/KMTEJAS FM 1161 PHPE WHARTON,R,WHARTON,TX,INT,STX,STX,22,Y,A,20260408,,Y,NATURAL GAS PIPELINE COMPANY OF AMERICA LLC,6931794,1,Y,C002096,56394,NGPL/KMTEJAS FM 1161 PHPE WHARTON,,,20260409 15:00
6931794,NATURAL GAS PIPELINE CO.,C002096,20260928 05:18,Blanks under Up/Dn Loc and Up/Dn Loc Name indicate Third Party information is not applicable.,56481,NORTHMID/NGPL TITAN BECKHAM RD DEL,D,LEA,NM,INT,PERM,PERM,9,Y,A,20260408,,Y,NORTHWIND MIDSTREAM PARTNERS LLC,112566721,11172,N,,56481,TITAN,,,20260409 15:00
6931794,NATURAL GAS PIPELINE CO.,C002096,20260928 05:18,Blanks under Up/Dn Loc and Up/Dn Loc Name indicate Third Party information is not applicable.,56494,SPS/NGPL BRICKPLANT RD HARRINGTON D,D,POTTER,TX,EGN,PERM,PERM,8,Y,A,20240601,,Y,SOUTHWESTERN PUBLIC SERVICE COMPANY,7369713,19150,N,,56494,BRICKPLANT RD HARRINGTON,,,20241218 12:00
6931794,NATURAL GAS PIPELINE CO.,C002096,20260928 05:18,Blanks under Up/Dn Loc and Up/Dn Loc Name indicate Third Party information is not applicable.,56602,LIGHTNG/NGPL SOUTHERN ILLINOIS BIOG,R,JACKSON,IL,INT,IAIL,MRKT,28,Y,A,20250201,,Y,LIGHTNING RENEWABLES  LLC,,11195,N,,56602,LIGHTNG/NGPL SOUTHERN ILLINOIS BIOG,,,20250523 09:00
6931794,NATURAL GAS PIPELINE CO.,C002096,20260928 05:18,Blanks under Up/Dn Loc and Up/Dn Loc Name indicate Third Party information is not applicable.,56793,NORTHMID/NGPL PELICAN NM-128 DEL LE,D,LEA,NM,INT,PERM,PERM,9,Y,A,20260408,,Y,NORTHWIND MIDSTREAM PARTNERS LLC,112566721,11172,N,,56793,PELICAN,,,20260409 15:00
6931794,NATURAL GAS PIPELINE CO.,C002096,20260928 05:18,Blanks under Up/Dn Loc and Up/Dn Loc Name indicate Third Party information is not applicable.,56794,NORTHMID/NGPL SIEGE DELAWARE BSN RD,D,LEA,NM,INT,PERM,PERM,9,Y,A,20260408,,Y,NORTHWIND MIDSTREAM PARTNERS LLC,112566721,11172,N,,56794,SIEGE DELAWARE,,,20260409 15:00
6931794,NATURAL GAS PIPELINE CO.,C002096,20260928 05:18,Blanks under Up/Dn Loc and Up/Dn Loc Name indicate Third Party information is not applicable.,56860,NORTHMID/NGPL FLIGHT BARRIO RD DEL,D,LEA,NM,INT,PERM,PERM,9,Y,A,20260408,,Y,NORTHWIND MIDSTREAM PARTNERS LLC,112566721,11172,N,,56860,FLIGHT BARRIO,,,20260409 15:00
6931794,NATURAL GAS PIPELINE CO.,C002096,20260928 05:18,Blanks under Up/Dn Loc and Up/Dn Loc Name indicate Third Party information is not applicable.,56884,CHEVRON/NGPL FLOWNATION SHELL RD DE,D,LEA,NM,INT,PERM,PERM,9,Y,A,20260408,,Y,CHEVRON U.S.A. INC.,9140559,15034,N,,56884,FLOWNATION SHELL RD,,,20260409 15:00
6931794,NATURAL GAS PIPELINE CO.,C002096,20260928 05:18,Blanks under Up/Dn Loc and Up/Dn Loc Name indicate Third Party information is not applicable.,56984,NORTHMID/NGPL ELI MARATHON RD DEL L,D,LEA,NM,INT,PERM,PERM,9,Y,A,20250702,,Y,NORTHWIND MIDSTREAM PARTNERS LLC,112566721,11172,N,,56984,ELI MARATHON,,,20250703 09:00
6931794,NATURAL GAS PIPELINE CO.,C002096,20260928 05:18,Blanks under Up/Dn Loc and Up/Dn Loc Name indicate Third Party information is not applicable.,56987,DPNMLLC/NGPL ANTHONY ROAD DEL LEA,D,LEA,NM,OTH,PERM,PERM,9,Y,A,20260408,,Y,DEVON POWER NEW MEXICO  L.L.C.,,11320,N,,56987,ANTHONY ROAD DEL LEA,,,20260409 15:00
6931794,NATURAL GAS PIPELINE CO.,C002096,20260928 05:18,Blanks under Up/Dn Loc and Up/Dn Loc Name indicate Third Party information is not applicable.,56988,AMERESCO/NGPL DUTCH RNG REC 3100 EA,R,LEE,IL,INT,IAIL,MRKT,14,Y,A,20250227,,Y,AMERESCO LEE COUNTY RNG LLC,118466792,11321,N,,56988,AMERESCO/NGPL DUTCH RNG 3100 EAST S,,,20250625 09:00
6931794,NATURAL GAS PIPELINE CO.,C002096,20260928 05:18,Blanks under Up/Dn Loc and Up/Dn Loc Name indicate Third Party information is not applicable.,56989,AMERESCO/NGPL DUTCH RNG BUYBACK 310,D,LEE,IL,INT,IAIL,MRKT,14,Y,A,20250301,,Y,AMERESCO LEE COUNTY RNG LLC,118466792,11321,N,,56989,AMERESCO/NGPL DUTCH RNG 3100 EAST S,,,20250625 09:00
6931794,NATURAL GAS PIPELINE CO.,C002096,20260928 05:18,Blanks under Up/Dn Loc and Up/Dn Loc Name indicate Third Party information is not applicable.,57349,LEAMID/NGPL COUNTY ROAD 55 RECEIPT,R,LEA,NM,INT,PERM,PERM,9,Y,A,20250807,,Y,LEA MIDSTREAM  LLC,119360163,11494,N,,57439,PRODMIN/NGPL COUNTY ROAD 55,,,20250807 15:00
6931794,NATURAL GAS PIPELINE CO.,C002096,20260928 05:18,Blanks under Up/Dn Loc and Up/Dn Loc Name indicate Third Party information is not applicable.,57669,GCX/NGPL AGUA DULCE GCXE RECEIPT NU,R,NUECES,TX,INT,STX,STX,20,Y,A,20260708,,Y,GULF COAST EXPRESS PIPELINE LLC,81252229,959,Y,C010084,57669,AGUA DULCE GCXE RECEIPT,,,20260708 12:00
6931794,NATURAL GAS PIPELINE CO.,C002096,20260928 05:18,Blanks under Up/Dn Loc and Up/Dn Loc Name indicate Third Party information is not applicable.,900001,NO SHORE/NGPL GRAYSLAKE LAKE,D,LAKE,IL,LDC,IAIL,MRKT,39,N,A,20230418,,Y,NORTH SHORE GAS COMPANY,6936306,2945,N,,,,,,20230418 15:00
6931794,NATURAL GAS PIPELINE CO.,C002096,20260928 05:18,Blanks under Up/Dn Loc and Up/Dn Loc Name indicate Third Party information is not applicable.,900002,NICORGAS/NGPL VOLO LAKE,D,LAKE,IL,LDC,IAIL,MRKT,39,N,A,20221013,,Y,NICOR GAS COMPANY,6927792,2948,Y,C000600,143,VOLO,,,20221013 12:00
6931794,NATURAL GAS PIPELINE CO.,C002096,20260928 05:18,Blanks under Up/Dn Loc and Up/Dn Loc Name indicate Third Party information is not applicable.,900003,NICORGAS/NGPL BARRINGTON LAKE,D,LAKE,IL,LDC,IAIL,MRKT,40,N,A,20260611,,Y,NICOR GAS COMPANY,6927792,2948,Y,C000600,317,BARRINGTON,,,20260611 09:00
6931794,NATURAL GAS PIPELINE CO.,C002096,20260928 05:18,Blanks under Up/Dn Loc and Up/Dn Loc Name indicate Third Party information is not applicable.,900004,NICORGAS/NGPL MC HENRY MC HENRY,D,MC HENRY,IL,LDC,IAIL,MRKT,38,N,A,20181115,,Y,NICOR GAS COMPANY,6927792,2948,Y,C000600,185,MCHENRY,,,20181115 15:00
6931794,NATURAL GAS PIPELINE CO.,C002096,20260928 05:18,Blanks under Up/Dn Loc and Up/Dn Loc Name indicate Third Party information is not applicable.,900005,NICORGAS/NGPL WOODSTOCK MC HENRY,D,MC HENRY,IL,LDC,IAIL,MRKT,38,N,A,20260611,,Y,NICOR GAS COMPANY,6927792,2948,Y,C000600,265,WOODSTOCK,,,20260611 09:00
6931794,NATURAL GAS PIPELINE CO.,C002096,20260928 05:18,Blanks under Up/Dn Loc and Up/Dn Loc Name indicate Third Party information is not applicable.,900006,NICORGAS/NGPL RICHMOND MC HENRY,D,MC HENRY,IL,LDC,IAIL,MRKT,29,N,A,20220207,,Y,NICOR GAS COMPANY,6927792,2948,Y,C000600,186,RICHMOND,,,20220208 09:00
6931794,NATURAL GAS PIPELINE CO.,C002096,20260928 05:18,Blanks under Up/Dn Loc and Up/Dn Loc Name indicate Third Party information is not applicable.,900007,WISC ELE/NGPL GENOA CITY #2 MC HENR,D,MC HENRY,IL,LDC,IAIL,MRKT,29,N,A,20260611,,Y,WISCONSIN ELECTRIC POWER COMPANY,7947385,5989,N,,,,,,20260611 09:00
6931794,NATURAL GAS PIPELINE CO.,C002096,20260928 05:18,Blanks under Up/Dn Loc and Up/Dn Loc Name indicate Third Party information is not applicable.,900008,WISC ELE/NGPL GENOA CITY #1 MC HENR,D,MC HENRY,IL,LDC,IAIL,MRKT,29,N,A,20260611,,Y,WISCONSIN ELECTRIC POWER COMPANY,7947385,5989,N,,,,,,20260611 09:00
6931794,NATURAL GAS PIPELINE CO.,C002096,20260928 05:18,Blanks under Up/Dn Loc and Up/Dn Loc Name indicate Third Party information is not applicable.,900009,NICORGAS/NGPL HEBRON MC HENRY,D,MC HENRY,IL,LDC,IAIL,MRKT,29,N,A,20260611,,Y,NICOR GAS COMPANY,6927792,2948,Y,C000600,160,HEBRON,,,20260611 09:00
6931794,NATURAL GAS PIPELINE CO.,C002096,20260928 05:18,Blanks under Up/Dn Loc and Up/Dn Loc Name indicate Third Party information is not applicable.,900011,NICORGAS/NGPL BELVIDERE BOONE,D,BOONE,IL,LDC,IAIL,MRKT,29,N,A,20171011,,Y,NICOR GAS COMPANY,6927792,2948,Y,C000600,197,BELVEDERE,,,20171011 15:01
6931794,NATURAL GAS PIPELINE CO.,C002096,20260928 05:18,Blanks under Up/Dn Loc and Up/Dn Loc Name indicate Third Party information is not applicable.,900012,NICORGAS/NGPL ROCKFORD WINNEBAGO,D,WINNEBAGO,IL,LDC,IAIL,MRKT,29,N,A,20260611,,Y,NICOR GAS COMPANY,6927792,2948,Y,C000600,295,ROCKFORD,,,20260611 09:00
6931794,NATURAL GAS PIPELINE CO.,C002096,20260928 05:18,Blanks under Up/Dn Loc and Up/Dn Loc Name indicate Third Party information is not applicable.,900013,NICORGAS/NGPL SYCAMORE DE KALB,D,DE KALB,IL,LDC,IAIL,MRKT,29,N,A,20260611,,Y,NICOR GAS COMPANY,6927792,2948,Y,C000600,349,SYCAMORE,,,20260611 09:00
6931794,NATURAL GAS PIPELINE CO.,C002096,20260928 05:18,Blanks under Up/Dn Loc and Up/Dn Loc Name indicate Third Party information is not applicable.,900014,NICORGAS/NGPL KINGS OGLE,D,OGLE,IL,LDC,IAIL,MRKT,29,N,A,20260611,,Y,NICOR GAS COMPANY,6927792,2948,Y,C000600,315,KINGS,,,20260611 09:00
6931794,NATURAL GAS PIPELINE CO.,C002096,20260928 05:18,Blanks under Up/Dn Loc and Up/Dn Loc Name indicate Third Party information is not applicable.,900015,NICORGAS/NGPL ROCHELLE OGLE,D,OGLE,IL,LDC,IAIL,MRKT,29,N,A,20241101,,Y,NICOR GAS COMPANY,6927792,2948,Y,C000600,332,ROCHELLE,,,20241101 09:00
6931794,NATURAL GAS PIPELINE CO.,C002096,20260928 05:18,Blanks under Up/Dn Loc and Up/Dn Loc Name indicate Third Party information is not applicable.,900016,NICORGAS/NGPL OREGON OGLE,D,OGLE,IL,LDC,IAIL,MRKT,29,N,A,20260611,,Y,NICOR GAS COMPANY,6927792,2948,Y,C000600,201,OREGON,,,20260611 09:00
6931794,NATURAL GAS PIPELINE CO.,C002096,20260928 05:18,Blanks under Up/Dn Loc and Up/Dn Loc Name indicate Third Party information is not applicable.,900018,NICORGAS/NGPL DIXON LEE,D,LEE,IL,LDC,IAIL,MRKT,29,N,A,20260611,,Y,NICOR GAS COMPANY,6927792,2948,Y,C000600,219,DIXON,,,20260611 09:00
6931794,NATURAL GAS PIPELINE CO.,C002096,20260928 05:18,Blanks under Up/Dn Loc and Up/Dn Loc Name indicate Third Party information is not applicable.,900019,NICORGAS/NGPL SOUTH DIXON LEE,D,LEE,IL,LDC,IAIL,MRKT,29,N,A,20260611,,Y,NICOR GAS COMPANY,6927792,2948,Y,C000600,350,SOUTH DIXON,,,20260611 09:00
6931794,NATURAL GAS PIPELINE CO.,C002096,20260928 05:18,Blanks under Up/Dn Loc and Up/Dn Loc Name indicate Third Party information is not applicable.,900021,NICORGAS/NGPL ROCK FALLS LEE,D,LEE,IL,LDC,IAIL,MRKT,29,N,A,20260611,,Y,NICOR GAS COMPANY,6927792,2948,Y,C000600,207,ROCK FALLS,,,20260611 09:00
6931794,NATURAL GAS PIPELINE CO.,C002096,20260928 05:18,Blanks under Up/Dn Loc and Up/Dn Loc Name indicate Third Party information is not applicable.,900022,NICORGAS/NGPL TAMPICO WHITESIDE,D,WHITESIDE,IL,LDC,IAIL,MRKT,29,N,A,20260611,,Y,NICOR GAS COMPANY,6927792,2948,Y,C000600,257,TAMPICO,,,20260611 09:00
6931794,NATURAL GAS PIPELINE CO.,C002096,20260928 05:18,Blanks under Up/Dn Loc and Up/Dn Loc Name indicate Third Party information is not applicable.,900024,NICORGAS/NGPL PROPHETSTOWN HENRY,D,HENRY,IL,LDC,IAIL,MRKT,29,N,A,20260611,,Y,NICOR GAS COMPANY,6927792,2948,Y,C000600,271,PROPHETSTOWN,,,20260611 09:00
6931794,NATURAL GAS PIPELINE CO.,C002096,20260928 05:18,Blanks under Up/Dn Loc and Up/Dn Loc Name indicate Third Party information is not applicable.,900025,NICORGAS/NGPL GENESEO HENRY,D,HENRY,IL,LDC,IAIL,MRKT,29,N,A,20191002,,Y,NICOR GAS COMPANY,6927792,2948,Y,C000600,211,GENESEO,,,20191008 12:00
6931794,NATURAL GAS PIPELINE CO.,C002096,20260928 05:18,Blanks under Up/Dn Loc and Up/Dn Loc Name indicate Third Party information is not applicable.,900026,NICORGAS/NGPL MORRIS GRUNDY,D,GRUNDY,IL,LDC,IAIL,MRKT,14,N,A,20260611,,Y,NICOR GAS COMPANY,6927792,2948,Y,C000600,216,MORRIS,,,20260611 09:00
6931794,NATURAL GAS PIPELINE CO.,C002096,20260928 05:18,Blanks under Up/Dn Loc and Up/Dn Loc Name indicate Third Party information is not applicable.,900028,NICORGAS/NGPL WEDRON LA SALLE,D,LA SALLE,IL,LDC,IAIL,MRKT,14,N,A,20181030,,Y,NICOR GAS COMPANY,6927792,2948,Y,C000600,132,WEDRON,,,20181031 09:00
6931794,NATURAL GAS PIPELINE CO.,C002096,20260928 05:18,Blanks under Up/Dn Loc and Up/Dn Loc Name indicate Third Party information is not applicable.,900029,NICORGAS/NGPL OTTAWA LA SALLE,D,LA SALLE,IL,LDC,IAIL,MRKT,14,N,A,20181030,,Y,NICOR GAS COMPANY,6927792,2948,Y,C000600,312,OTTAWA,,,20181031 09:00
6931794,NATURAL GAS PIPELINE CO.,C002096,20260928 05:18,Blanks under Up/Dn Loc and Up/Dn Loc Name indicate Third Party information is not applicable.,900030,AMER IL/NGPL LA SALLE #2 LA SALLE,D,LA SALLE,IL,LDC,IAIL,MRKT,14,N,A,20181030,,Y,AMEREN ILLINOIS COMPANY,6936017,5254,Y,C003986,900030,LASALLE #2,,,20181031 09:00
6931794,NATURAL GAS PIPELINE CO.,C002096,20260928 05:18,Blanks under Up/Dn Loc and Up/Dn Loc Name indicate Third Party information is not applicable.,900032,AMER IL/NGPL LA SALLE #4 LA SALLE,D,LA SALLE,IL,LDC,IAIL,MRKT,14,N,A,20260611,,Y,AMEREN ILLINOIS COMPANY,6936017,5254,Y,C003986,900032,LASALLE #4,,,20260611 09:00
6931794,NATURAL GAS PIPELINE CO.,C002096,20260928 05:18,Blanks under Up/Dn Loc and Up/Dn Loc Name indicate Third Party information is not applicable.,900033,AMER IL/NGPL LADD BUREAU,D,BUREAU,IL,LDC,IAIL,MRKT,14,N,A,20260611,,Y,AMEREN ILLINOIS COMPANY,6936017,5254,Y,C003986,900033,LADD,,,20260611 09:00
6931794,NATURAL GAS PIPELINE CO.,C002096,20260928 05:18,Blanks under Up/Dn Loc and Up/Dn Loc Name indicate Third Party information is not applicable.,900036,AMER IL/NGPL HOLLOWAYVILLE BUREAU,D,BUREAU,IL,LDC,IAIL,MRKT,14,N,A,20260611,,Y,AMEREN ILLINOIS COMPANY,6936017,5254,Y,C003986,900036,HOLLOWAYVILLE,,,20260611 09:00
6931794,NATURAL GAS PIPELINE CO.,C002096,20260928 05:18,Blanks under Up/Dn Loc and Up/Dn Loc Name indicate Third Party information is not applicable.,900037,AMER IL/NGPL DOVER BUREAU,D,BUREAU,IL,LDC,IAIL,MRKT,14,N,A,20260611,,Y,AMEREN ILLINOIS COMPANY,6936017,5254,Y,C003986,900037,DOVER,,,20260611 09:00
6931794,NATURAL GAS PIPELINE CO.,C002096,20260928 05:18,Blanks under Up/Dn Loc and Up/Dn Loc Name indicate Third Party information is not applicable.,900038,NICORGAS/NGPL PRINCETON BUREAU,D,BUREAU,IL,LDC,IAIL,MRKT,14,N,A,20260611,,Y,NICOR GAS COMPANY,6927792,2948,Y,C000600,325,PRINCETON,,,20260611 09:00
6931794,NATURAL GAS PIPELINE CO.,C002096,20260928 05:18,Blanks under Up/Dn Loc and Up/Dn Loc Name indicate Third Party information is not applicable.,900039,AMER IL/NGPL WYANET BUREAU,D,BUREAU,IL,LDC,IAIL,MRKT,14,N,A,20260611,,Y,AMEREN ILLINOIS COMPANY,6936017,5254,Y,C003986,900039,WYANET,,,20260611 09:00
6931794,NATURAL GAS PIPELINE CO.,C002096,20260928 05:18,Blanks under Up/Dn Loc and Up/Dn Loc Name indicate Third Party information is not applicable.,900040,AMER IL/NGPL MANLIUS BUREAU,D,BUREAU,IL,LDC,IAIL,MRKT,14,N,A,20260611,,Y,AMEREN ILLINOIS COMPANY,6936017,5254,Y,C003986,900040,MANLIUS,,,20260611 09:00
6931794,NATURAL GAS PIPELINE CO.,C002096,20260928 05:18,Blanks under Up/Dn Loc and Up/Dn Loc Name indicate Third Party information is not applicable.,900042,AMER IL/NGPL MINERAL BUREAU,D,BUREAU,IL,LDC,IAIL,MRKT,14,N,A,20260611,,Y,AMEREN ILLINOIS COMPANY,6936017,5254,Y,C003986,900042,MINERAL,,,20260611 09:00
6931794,NATURAL GAS PIPELINE CO.,C002096,20260928 05:18,Blanks under Up/Dn Loc and Up/Dn Loc Name indicate Third Party information is not applicable.,900043,AMER IL/NGPL KEWANEE HENRY,D,HENRY,IL,LDC,IAIL,MRKT,14,N,A,20260611,,Y,AMEREN ILLINOIS COMPANY,6936017,5254,Y,C003986,900043,KEWANEE,,,20260611 09:00
6931794,NATURAL GAS PIPELINE CO.,C002096,20260928 05:18,Blanks under Up/Dn Loc and Up/Dn Loc Name indicate Third Party information is not applicable.,900044,AMER IL/NGPL ATKINSON HENRY,D,HENRY,IL,LDC,IAIL,MRKT,14,N,A,20260611,,Y,AMEREN ILLINOIS COMPANY,6936017,5254,Y,C003986,900044,ATKINSON,,,20260611 09:00
6931794,NATURAL GAS PIPELINE CO.,C002096,20260928 05:18,Blanks under Up/Dn Loc and Up/Dn Loc Name indicate Third Party information is not applicable.,900045,NICORGAS/NGPL SOUTH GENESEO HENRY,D,HENRY,IL,LDC,IAIL,MRKT,14,N,A,20260611,,Y,NICOR GAS COMPANY,6927792,2948,Y,C000600,358,BELLFLOWER,,,20260611 09:00
6931794,NATURAL GAS PIPELINE CO.,C002096,20260928 05:18,Blanks under Up/Dn Loc and Up/Dn Loc Name indicate Third Party information is not applicable.,900046,MIDAMER/NGPL MOLINE #4 HENRY,D,HENRY,IL,LDC,IAIL,MRKT,14,N,A,20260611,,Y,MIDAMERICAN ENERGY COMPANY,884718768,26481,N,,,,,,20260611 09:00
6931794,NATURAL GAS PIPELINE CO.,C002096,20260928 05:18,Blanks under Up/Dn Loc and Up/Dn Loc Name indicate Third Party information is not applicable.,900047,MIDAMER/NGPL MOLINE #3 HENRY,D,HENRY,IL,LDC,IAIL,MRKT,14,N,A,20260611,,Y,MIDAMERICAN ENERGY COMPANY,884718768,26481,N,,,,,,20260611 09:00
6931794,NATURAL GAS PIPELINE CO.,C002096,20260928 05:18,Blanks under Up/Dn Loc and Up/Dn Loc Name indicate Third Party information is not applicable.,900048,MIDAMER/NGPL MOLINE #1 ROCK ISLAND,D,ROCK ISLAND,IL,LDC,IAIL,MRKT,14,N,A,20260611,,Y,MIDAMERICAN ENERGY COMPANY,884718768,26481,N,,,,,,20260611 09:00
6931794,NATURAL GAS PIPELINE CO.,C002096,20260928 05:18,Blanks under Up/Dn Loc and Up/Dn Loc Name indicate Third Party information is not applicable.,900049,MIDAMER/NGPL MOLINE #2 ROCK ISLAND,D,ROCK ISLAND,IL,LDC,IAIL,MRKT,14,N,A,20260611,,Y,MIDAMERICAN ENERGY COMPANY,884718768,26481,N,,,,,,20260611 09:00
6931794,NATURAL GAS PIPELINE CO.,C002096,20260928 05:18,Blanks under Up/Dn Loc and Up/Dn Loc Name indicate Third Party information is not applicable.,900050,AMER IL/NGPL SHERRARD ROCK ISLAND,D,ROCK ISLAND,IL,LDC,IAIL,MRKT,14,N,A,20260611,,Y,AMEREN ILLINOIS COMPANY,6936017,5254,Y,C003986,900050,REYNOLDS,,,20260611 09:00
6931794,NATURAL GAS PIPELINE CO.,C002096,20260928 05:18,Blanks under Up/Dn Loc and Up/Dn Loc Name indicate Third Party information is not applicable.,900051,MIDAMER/NGPL TYLR RDGE ROCK ISLAND,D,ROCK ISLAND,IL,LDC,IAIL,MRKT,14,N,A,20260611,,Y,MIDAMERICAN ENERGY COMPANY,884718768,26481,N,,,,,,20260611 09:00
6931794,NATURAL GAS PIPELINE CO.,C002096,20260928 05:18,Blanks under Up/Dn Loc and Up/Dn Loc Name indicate Third Party information is not applicable.,900052,MIDAMER/NGPL ANDALUSIA ROCK ISLAND,D,ROCK ISLAND,IL,LDC,IAIL,MRKT,14,N,A,20260611,,Y,MIDAMERICAN ENERGY COMPANY,884718768,26481,N,,,,,,20260611 09:00
6931794,NATURAL GAS PIPELINE CO.,C002096,20260928 05:18,Blanks under Up/Dn Loc and Up/Dn Loc Name indicate Third Party information is not applicable.,900053,MIDAMER/NGPL DAVENPORT SCOTT,D,SCOTT,IA,LDC,IAIL,MRKT,14,N,A,20260611,,Y,MIDAMERICAN ENERGY COMPANY,884718768,26481,N,,,,,,20260611 09:00
6931794,NATURAL GAS PIPELINE CO.,C002096,20260928 05:18,Blanks under Up/Dn Loc and Up/Dn Loc Name indicate Third Party information is not applicable.,900054,MIDAMER/NGPL EDGINGTON ROCK ISLAND,D,ROCK ISLAND,IL,LDC,IAIL,MRKT,14,N,A,20260611,,Y,MIDAMERICAN ENERGY COMPANY,884718768,26481,N,,,,,,20260611 09:00
6931794,NATURAL GAS PIPELINE CO.,C002096,20260928 05:18,Blanks under Up/Dn Loc and Up/Dn Loc Name indicate Third Party information is not applicable.,900057,IPLC/NGPL MUSCATINE#3 MUSCATINE,D,MUSCATINE,IA,LDC,IAIL,MRKT,14,N,A,20260611,,Y,INTERSTATE POWER AND LIGHT COMPANY,6940522,2066,Y,C004559,900057,MUSCATINE #3,,,20260611 09:00
6931794,NATURAL GAS PIPELINE CO.,C002096,20260928 05:18,Blanks under Up/Dn Loc and Up/Dn Loc Name indicate Third Party information is not applicable.,900060,IPLC/NGPL MUSCATINE#1 MUSCATINE,D,MUSCATINE,IA,LDC,IAIL,MRKT,14,N,A,20260611,,Y,INTERSTATE POWER AND LIGHT COMPANY,6940522,2066,Y,C004559,900060,MUSCATINE #1,,,20260611 09:00
6931794,NATURAL GAS PIPELINE CO.,C002096,20260928 05:18,Blanks under Up/Dn Loc and Up/Dn Loc Name indicate Third Party information is not applicable.,900061,IPLC/NGPL MUSCATINE#2 MUSCATINE,D,MUSCATINE,IA,LDC,IAIL,MRKT,14,N,A,20260611,,Y,INTERSTATE POWER AND LIGHT COMPANY,6940522,2066,Y,C004559,900061,MUSCATINE #2,,,20260611 09:00
6931794,NATURAL GAS PIPELINE CO.,C002096,20260928 05:18,Blanks under Up/Dn Loc and Up/Dn Loc Name indicate Third Party information is not applicable.,900062,IPLC/NGPL LETTS MUSCATINE,D,MUSCATINE,IA,LDC,IAIL,MRKT,14,N,A,20260611,,Y,INTERSTATE POWER AND LIGHT COMPANY,6940522,2066,Y,C004559,900062,LETTS MUSCATINE,,,20260611 09:00
6931794,NATURAL GAS PIPELINE CO.,C002096,20260928 05:18,Blanks under Up/Dn Loc and Up/Dn Loc Name indicate Third Party information is not applicable.,900063,IPLC/NGPL CONESVILLE MUSCATINE,D,MUSCATINE,IA,LDC,IAIL,MRKT,14,N,A,20260611,,Y,INTERSTATE POWER AND LIGHT COMPANY,6940522,2066,Y,C004559,900063,CONESVILLE MUSCATINE,,,20260611 09:00
6931794,NATURAL GAS PIPELINE CO.,C002096,20260928 05:18,Blanks under Up/Dn Loc and Up/Dn Loc Name indicate Third Party information is not applicable.,900064,IPLC/NGPL COLUMBUS JCT MUSCATINE,D,MUSCATINE,IA,LDC,IAIL,MRKT,14,N,A,20260611,,Y,INTERSTATE POWER AND LIGHT COMPANY,6940522,2066,Y,C004559,900064,COLMBUS JCT MUSCATINE,,,20260611 09:00
6931794,NATURAL GAS PIPELINE CO.,C002096,20260928 05:18,Blanks under Up/Dn Loc and Up/Dn Loc Name indicate Third Party information is not applicable.,900065,IPLC/NGPL AINSWORTH WASHINGTON,D,WASHINGTON,IA,LDC,IAIL,MRKT,14,N,A,20260611,,Y,INTERSTATE POWER AND LIGHT COMPANY,6940522,2066,Y,C004559,900065,AINSWORTH WASHINGTON,,,20260611 09:00
6931794,NATURAL GAS PIPELINE CO.,C002096,20260928 05:18,Blanks under Up/Dn Loc and Up/Dn Loc Name indicate Third Party information is not applicable.,900069,IPLC/NGPL KALONA WASHINGTON,D,WASHINGTON,IA,LDC,IAIL,MRKT,14,N,A,20130101,,Y,INTERSTATE POWER AND LIGHT COMPANY,6940522,2066,Y,C004559,900069,KALONA WASHINGTON,,,20160923 12:00
6931794,NATURAL GAS PIPELINE CO.,C002096,20260928 05:18,Blanks under Up/Dn Loc and Up/Dn Loc Name indicate Third Party information is not applicable.,900070,IPLC/NGPL W CHESTER WASHINGTON,D,WASHINGTON,IA,LDC,IAIL,MRKT,14,N,A,20260611,,Y,INTERSTATE POWER AND LIGHT COMPANY,6940522,2066,Y,C004559,900070,W CHESTER WASHINGTON,,,20260611 09:00
6931794,NATURAL GAS PIPELINE CO.,C002096,20260928 05:18,Blanks under Up/Dn Loc and Up/Dn Loc Name indicate Third Party information is not applicable.,900071,BRIGHTON/NGPL  WASHINGTON,D,WASHINGTON,IA,LDC,IAIL,MRKT,14,Y,A,20260611,,Y,TOWN OF BRIGHTON  IOWA,195572409,15024,N,,,,,,20260611 09:00
6931794,NATURAL GAS PIPELINE CO.,C002096,20260928 05:18,Blanks under Up/Dn Loc and Up/Dn Loc Name indicate Third Party information is not applicable.,900072,WELLMAN/NGPL  WASHINGTON,D,WASHINGTON,IA,LDC,IAIL,MRKT,14,Y,A,20260611,,Y,TOWN OF WELLMAN  IOWA,1694918,4403,N,,,,,,20260611 09:00
6931794,NATURAL GAS PIPELINE CO.,C002096,20260928 05:18,Blanks under Up/Dn Loc and Up/Dn Loc Name indicate Third Party information is not applicable.,900073,IPLC/NGPL KEOTA KEOKUK,D,KEOKUK,IA,LDC,IAIL,MRKT,14,N,A,20260611,,Y,INTERSTATE POWER AND LIGHT COMPANY,6940522,2066,Y,C004559,900073,KEOTA KEOKUK,,,20260611 09:00
6931794,NATURAL GAS PIPELINE CO.,C002096,20260928 05:18,Blanks under Up/Dn Loc and Up/Dn Loc Name indicate Third Party information is not applicable.,900074,IPLC/NGPL ENGLISH KEOKUK,D,KEOKUK,IA,LDC,IAIL,MRKT,14,N,A,20260611,,Y,INTERSTATE POWER AND LIGHT COMPANY,6940522,2066,Y,C004559,900074,ENGLISH KEOKUK,,,20260611 09:00
6931794,NATURAL GAS PIPELINE CO.,C002096,20260928 05:18,Blanks under Up/Dn Loc and Up/Dn Loc Name indicate Third Party information is not applicable.,900075,IPLC/NGPL HARPER KEOKUK,D,KEOKUK,IA,LDC,IAIL,MRKT,14,N,I,,20151001,Y,INTERSTATE POWER AND LIGHT COMPANY,6940522,2066,Y,C004559,900075,HARPER KEOKUK,,,20160923 12:00
6931794,NATURAL GAS PIPELINE CO.,C002096,20260928 05:18,Blanks under Up/Dn Loc and Up/Dn Loc Name indicate Third Party information is not applicable.,900076,IPLC/NGPL SIGOURNEY KEOKUK,D,KEOKUK,IA,LDC,AMAR,MRKT,13,N,A,20260611,,Y,INTERSTATE POWER AND LIGHT COMPANY,6940522,2066,Y,C004559,900076,SIGOURNEY KEOKUK,,,20260611 09:00
6931794,NATURAL GAS PIPELINE CO.,C002096,20260928 05:18,Blanks under Up/Dn Loc and Up/Dn Loc Name indicate Third Party information is not applicable.,900077,IPLC/NGPL WHAT CHEER KEOKUK,D,KEOKUK,IA,LDC,AMAR,MRKT,13,N,A,20260611,,Y,INTERSTATE POWER AND LIGHT COMPANY,6940522,2066,Y,C004559,900077,WHAT CHEER KEOKUK,,,20260611 09:00
6931794,NATURAL GAS PIPELINE CO.,C002096,20260928 05:18,Blanks under Up/Dn Loc and Up/Dn Loc Name indicate Third Party information is not applicable.,900078,MIDAMER/NGPL OTTUMWA #2 MAHASKA,D,MAHASKA,IA,LDC,AMAR,MRKT,13,N,A,20260611,,Y,MIDAMERICAN ENERGY COMPANY,884718768,26481,N,,,,,,20260611 09:00
6931794,NATURAL GAS PIPELINE CO.,C002096,20260928 05:18,Blanks under Up/Dn Loc and Up/Dn Loc Name indicate Third Party information is not applicable.,900079,MONTEZUM/NGPL MONTEZUMA MAHASKA,D,MAHASKA,IA,LDC,AMAR,MRKT,13,N,A,20260611,,Y,TOWN OF MONTEZUMA  IOWA,80304694,2779,N,,,,,,20260611 09:00
6931794,NATURAL GAS PIPELINE CO.,C002096,20260928 05:18,Blanks under Up/Dn Loc and Up/Dn Loc Name indicate Third Party information is not applicable.,900080,MIDAMER/NGPL NEW SHARON MAHASKA,D,MAHASKA,IA,LDC,AMAR,MRKT,13,N,A,20260611,,Y,MIDAMERICAN ENERGY COMPANY,884718768,26481,N,,,,,,20260611 09:00
6931794,NATURAL GAS PIPELINE CO.,C002096,20260928 05:18,Blanks under Up/Dn Loc and Up/Dn Loc Name indicate Third Party information is not applicable.,900081,MIDAMER/NGPL OTTUMWA #1 MAHASKA,D,MAHASKA,IA,LDC,AMAR,MRKT,13,N,A,20260611,,Y,MIDAMERICAN ENERGY COMPANY,884718768,26481,N,,,,,,20260611 09:00
6931794,NATURAL GAS PIPELINE CO.,C002096,20260928 05:18,Blanks under Up/Dn Loc and Up/Dn Loc Name indicate Third Party information is not applicable.,900082,MIDAMER/NGPL OSKALOOSA MAHASKA,D,MAHASKA,IA,LDC,AMAR,MRKT,13,N,A,20260611,,Y,MIDAMERICAN ENERGY COMPANY,884718768,26481,N,,,,,,20260611 09:00
6931794,NATURAL GAS PIPELINE CO.,C002096,20260928 05:18,Blanks under Up/Dn Loc and Up/Dn Loc Name indicate Third Party information is not applicable.,900083,MIDAMER/NGPL LEIGHTON MAHASKA,D,MAHASKA,IA,LDC,AMAR,MRKT,13,N,A,20260611,,Y,MIDAMERICAN ENERGY COMPANY,884718768,26481,N,,,,,,20260611 09:00
6931794,NATURAL GAS PIPELINE CO.,C002096,20260928 05:18,Blanks under Up/Dn Loc and Up/Dn Loc Name indicate Third Party information is not applicable.,900084,IPLC/NGPL PELLA MAHASKA,D,MAHASKA,IA,LDC,AMAR,MRKT,13,N,A,20260611,,Y,INTERSTATE POWER AND LIGHT COMPANY,6940522,2066,Y,C004559,900084,PELLA MAHASKA,,,20260611 09:00
6931794,NATURAL GAS PIPELINE CO.,C002096,20260928 05:18,Blanks under Up/Dn Loc and Up/Dn Loc Name indicate Third Party information is not applicable.,900085,MIDAMER/NGPL TRACY MARION,D,MARION,IA,LDC,AMAR,MRKT,13,N,A,20260611,,Y,MIDAMERICAN ENERGY COMPANY,884718768,26481,N,,,,,,20260611 09:00
6931794,NATURAL GAS PIPELINE CO.,C002096,20260928 05:18,Blanks under Up/Dn Loc and Up/Dn Loc Name indicate Third Party information is not applicable.,900086,MIDAMER/NGPL HARVEY MARION,D,MARION,IA,LDC,AMAR,MRKT,13,N,A,20260611,,Y,MIDAMERICAN ENERGY COMPANY,884718768,26481,N,,,,,,20260611 09:00
6931794,NATURAL GAS PIPELINE CO.,C002096,20260928 05:18,Blanks under Up/Dn Loc and Up/Dn Loc Name indicate Third Party information is not applicable.,900087,MIDAMER/NGPL ATTICA MARION,D,MARION,IA,LDC,AMAR,MRKT,13,N,A,20260611,,Y,MIDAMERICAN ENERGY COMPANY,884718768,26481,N,,,,,,20260611 09:00
6931794,NATURAL GAS PIPELINE CO.,C002096,20260928 05:18,Blanks under Up/Dn Loc and Up/Dn Loc Name indicate Third Party information is not applicable.,900088,IPLC/NGPL KNOXVILLE MARION,D,MARION,IA,LDC,AMAR,MRKT,13,N,A,20260611,,Y,INTERSTATE POWER AND LIGHT COMPANY,6940522,2066,Y,C004559,900088,KNOXVILLE MARION,,,20260611 09:00
6931794,NATURAL GAS PIPELINE CO.,C002096,20260928 05:18,Blanks under Up/Dn Loc and Up/Dn Loc Name indicate Third Party information is not applicable.,900089,MIDAMER/NGPL MELCHER MARION,D,MARION,IA,LDC,AMAR,MRKT,13,N,A,20260611,,Y,MIDAMERICAN ENERGY COMPANY,884718768,26481,N,,,,,,20260611 09:00
6931794,NATURAL GAS PIPELINE CO.,C002096,20260928 05:18,Blanks under Up/Dn Loc and Up/Dn Loc Name indicate Third Party information is not applicable.,900090,MIDAMER/NGPL PLEASANTVILLE MARION,D,MARION,IA,LDC,AMAR,MRKT,13,N,A,20260611,,Y,MIDAMERICAN ENERGY COMPANY,884718768,26481,N,,,,,,20260611 09:00
6931794,NATURAL GAS PIPELINE CO.,C002096,20260928 05:18,Blanks under Up/Dn Loc and Up/Dn Loc Name indicate Third Party information is not applicable.,900091,IPLC/NGPL CHARITON WARREN,D,WARREN,IA,LDC,AMAR,MRKT,13,N,A,20260611,,Y,INTERSTATE POWER AND LIGHT COMPANY,6940522,2066,Y,C004559,900091,CHARITON WARREN,,,20260611 09:00
6931794,NATURAL GAS PIPELINE CO.,C002096,20260928 05:18,Blanks under Up/Dn Loc and Up/Dn Loc Name indicate Third Party information is not applicable.,900092,MIDAMER/NGPL MILO WARREN,D,WARREN,IA,LDC,AMAR,MRKT,13,N,A,20260611,,Y,MIDAMERICAN ENERGY COMPANY,884718768,26481,N,,,,,,20260611 09:00
6931794,NATURAL GAS PIPELINE CO.,C002096,20260928 05:18,Blanks under Up/Dn Loc and Up/Dn Loc Name indicate Third Party information is not applicable.,900093,MIDAMER/NGPL INDIANOLA WARREN,D,WARREN,IA,LDC,AMAR,MRKT,13,N,A,20260611,,Y,MIDAMERICAN ENERGY COMPANY,884718768,26481,N,,,,,,20260611 09:00
6931794,NATURAL GAS PIPELINE CO.,C002096,20260928 05:18,Blanks under Up/Dn Loc and Up/Dn Loc Name indicate Third Party information is not applicable.,900094,MIDAMER/NGPL MARTENSDALE WARREN,D,WARREN,IA,LDC,AMAR,MRKT,13,N,A,20260611,,Y,MIDAMERICAN ENERGY COMPANY,884718768,26481,N,,,,,,20260611 09:00
6931794,NATURAL GAS PIPELINE CO.,C002096,20260928 05:18,Blanks under Up/Dn Loc and Up/Dn Loc Name indicate Third Party information is not applicable.,900095,IPLC/NGPL OSCEOLA WARREN,D,WARREN,IA,LDC,AMAR,MRKT,13,N,A,20260611,,Y,INTERSTATE POWER AND LIGHT COMPANY,6940522,2066,Y,C004559,900095,OSCEOLA WARREN,,,20260611 09:00
6931794,NATURAL GAS PIPELINE CO.,C002096,20260928 05:18,Blanks under Up/Dn Loc and Up/Dn Loc Name indicate Third Party information is not applicable.,900096,MIDAMER/NGPL ST CHARLES MADISON,D,MADISON,IA,LDC,AMAR,MRKT,13,N,A,20260611,,Y,MIDAMERICAN ENERGY COMPANY,884718768,26481,N,,,,,,20260611 09:00
6931794,NATURAL GAS PIPELINE CO.,C002096,20260928 05:18,Blanks under Up/Dn Loc and Up/Dn Loc Name indicate Third Party information is not applicable.,900097,IPLC/NGPL TRURO MADISON,D,MADISON,IA,LDC,AMAR,MRKT,13,N,A,20260611,,Y,INTERSTATE POWER AND LIGHT COMPANY,6940522,2066,Y,C004559,900097,TRURO MADISON,,,20260611 09:00
6931794,NATURAL GAS PIPELINE CO.,C002096,20260928 05:18,Blanks under Up/Dn Loc and Up/Dn Loc Name indicate Third Party information is not applicable.,900098,MIDAMER/NGPL WINTERSET MADISON,D,MADISON,IA,LDC,AMAR,MRKT,13,N,A,20260611,,Y,MIDAMERICAN ENERGY COMPANY,884718768,26481,N,,,,,,20260611 09:00
6931794,NATURAL GAS PIPELINE CO.,C002096,20260928 05:18,Blanks under Up/Dn Loc and Up/Dn Loc Name indicate Third Party information is not applicable.,900099,IPLC/NGPL  MADISON,D,MADISON,IA,LDC,AMAR,MRKT,13,N,A,20260611,,Y,INTERSTATE POWER AND LIGHT COMPANY,6940522,2066,Y,C004559,900099,MADISON,,,20260611 09:00
6931794,NATURAL GAS PIPELINE CO.,C002096,20260928 05:18,Blanks under Up/Dn Loc and Up/Dn Loc Name indicate Third Party information is not applicable.,900100,GREEN VA/NGPL  UNION,D,UNION,IA,LDC,AMAR,MRKT,13,Y,A,20260611,,Y,GREEN VALLEY CHEMICAL CORPORATION,5312616,5836,N,,,,,,20260611 09:00
6931794,NATURAL GAS PIPELINE CO.,C002096,20260928 05:18,Blanks under Up/Dn Loc and Up/Dn Loc Name indicate Third Party information is not applicable.,900102,IPLC/NGPL CRESTON UNION,D,UNION,IA,LDC,AMAR,MRKT,13,N,A,20260611,,Y,INTERSTATE POWER AND LIGHT COMPANY,6940522,2066,Y,C004559,900102,CRESTON UNION,,,20260611 09:00
6931794,NATURAL GAS PIPELINE CO.,C002096,20260928 05:18,Blanks under Up/Dn Loc and Up/Dn Loc Name indicate Third Party information is not applicable.,900103,MIDAMER/NGPL AFTON UNION,D,UNION,IA,LDC,AMAR,MRKT,13,N,A,20260611,,Y,MIDAMERICAN ENERGY COMPANY,884718768,26481,N,,,,,,20260611 09:00
6931794,NATURAL GAS PIPELINE CO.,C002096,20260928 05:18,Blanks under Up/Dn Loc and Up/Dn Loc Name indicate Third Party information is not applicable.,900104,IPLC/NGPL GREENFIELD ADAIR,D,ADAIR,IA,LDC,AMAR,MRKT,13,N,A,20260611,,Y,INTERSTATE POWER AND LIGHT COMPANY,6940522,2066,Y,C004559,900104,GREENFIELD ADAIR,,,20260611 09:00
6931794,NATURAL GAS PIPELINE CO.,C002096,20260928 05:18,Blanks under Up/Dn Loc and Up/Dn Loc Name indicate Third Party information is not applicable.,900105,LENOX/NGPL  ADAMS,D,ADAMS,IA,LDC,AMAR,MRKT,13,Y,A,20230425,,Y,TOWN OF LENOX  IOWA,56451693,2364,N,,,,,,20230425 12:00
6931794,NATURAL GAS PIPELINE CO.,C002096,20260928 05:18,Blanks under Up/Dn Loc and Up/Dn Loc Name indicate Third Party information is not applicable.,900106,BHSC/NGPL MASSENA ADAMS,D,ADAMS,IA,LDC,AMAR,MRKT,13,N,A,20260611,,Y,BLACK HILLS SERVICE COMPANY  LLC,79534838,10500,N,,,,,,20260611 09:00
6931794,NATURAL GAS PIPELINE CO.,C002096,20260928 05:18,Blanks under Up/Dn Loc and Up/Dn Loc Name indicate Third Party information is not applicable.,900107,CORNING/NGPL  ADAMS,D,ADAMS,IA,LDC,AMAR,MRKT,13,Y,A,20260611,,Y,TOWN OF CORNING   IOWA,43108521,15044,N,,,,,,20260611 09:00
6931794,NATURAL GAS PIPELINE CO.,C002096,20260928 05:18,Blanks under Up/Dn Loc and Up/Dn Loc Name indicate Third Party information is not applicable.,900109,IPLC/NGPL CLARINDA MONTGOMERY,D,MONTGOMERY,IA,LDC,AMAR,MRKT,13,N,A,20240101,,Y,INTERSTATE POWER AND LIGHT COMPANY,6940522,2066,Y,C004559,900109,CLARINDA MONTGOMERY,,,20240102 12:00
6931794,NATURAL GAS PIPELINE CO.,C002096,20260928 05:18,Blanks under Up/Dn Loc and Up/Dn Loc Name indicate Third Party information is not applicable.,900110,MIDAMER/NGPL ELLIOTT MONTGOMERY,D,MONTGOMERY,IA,LDC,AMAR,MRKT,13,N,A,20230425,,Y,MIDAMERICAN ENERGY COMPANY,884718768,26481,N,,,,,,20230425 12:00
6931794,NATURAL GAS PIPELINE CO.,C002096,20260928 05:18,Blanks under Up/Dn Loc and Up/Dn Loc Name indicate Third Party information is not applicable.,900111,MIDAMER/NGPL RED OAK MONTGOMERY,D,MONTGOMERY,IA,LDC,AMAR,MRKT,13,N,A,20250930,,Y,MIDAMERICAN ENERGY COMPANY,884718768,26481,N,,,,,,20251001 09:00
6931794,NATURAL GAS PIPELINE CO.,C002096,20260928 05:18,Blanks under Up/Dn Loc and Up/Dn Loc Name indicate Third Party information is not applicable.,900112,MIDAMER/NGPL EMERSON MILLS,D,MILLS,IA,LDC,AMAR,MRKT,13,N,A,20230425,,Y,MIDAMERICAN ENERGY COMPANY,884718768,26481,N,,,,,,20230425 12:00
6931794,NATURAL GAS PIPELINE CO.,C002096,20260928 05:18,Blanks under Up/Dn Loc and Up/Dn Loc Name indicate Third Party information is not applicable.,900116,BHSC/NGPL MURRAY CASS,D,CASS,NE,LDC,AMAR,MRKT,12,N,A,20260611,,Y,BLACK HILLS SERVICE COMPANY  LLC,79534838,10500,N,,,,,,20260611 09:00
6931794,NATURAL GAS PIPELINE CO.,C002096,20260928 05:18,Blanks under Up/Dn Loc and Up/Dn Loc Name indicate Third Party information is not applicable.,900117,BHSC/NGPL AVOCA CASS,D,CASS,NE,LDC,AMAR,MRKT,12,N,A,20260611,,Y,BLACK HILLS SERVICE COMPANY  LLC,79534838,10500,N,,,,,,20260611 09:00
6931794,NATURAL GAS PIPELINE CO.,C002096,20260928 05:18,Blanks under Up/Dn Loc and Up/Dn Loc Name indicate Third Party information is not applicable.,900119,NEB CITY/NGPL UNADILLA OTOE,D,OTOE,NE,LDC,AMAR,MRKT,12,N,A,20260611,,Y,CITY OF NEBRASKA CITY   NEBRASKA,76983428,18024,N,,,,,,20260611 09:00
6931794,NATURAL GAS PIPELINE CO.,C002096,20260928 05:18,Blanks under Up/Dn Loc and Up/Dn Loc Name indicate Third Party information is not applicable.,900121,BHSC/NGPL AGENDA REPUBLIC,D,REPUBLIC,KS,LDC,MIDC,MIDC,11,Y,A,20260611,,Y,BLACK HILLS SERVICE COMPANY  LLC,79534838,10500,N,,,,,,20260611 09:00
6931794,NATURAL GAS PIPELINE CO.,C002096,20260928 05:18,Blanks under Up/Dn Loc and Up/Dn Loc Name indicate Third Party information is not applicable.,900122,KGS/NGPL GLASCO CLOUD,D,CLOUD,KS,INT,MIDC,MIDC,11,Y,A,20260611,,Y,KANSAS GAS SERVICE  A DIVISION OF ONE GAS  INC.,79254828,9178,Y,C002475,5423,SSC GPL\NGPL BARTON,,,20260611 09:00
6931794,NATURAL GAS PIPELINE CO.,C002096,20260928 05:18,Blanks under Up/Dn Loc and Up/Dn Loc Name indicate Third Party information is not applicable.,900123,MWE/NGPL WILSON ELLSWORTH,D,ELLSWORTH,KS,LDC,MIDC,MIDC,11,Y,A,20130101,,Y,MIDWEST ENERGY  INC.,42379594,19252,N,,,,,,20160606 12:00
6931794,NATURAL GAS PIPELINE CO.,C002096,20260928 05:18,Blanks under Up/Dn Loc and Up/Dn Loc Name indicate Third Party information is not applicable.,900124,PAWNEE/NGPL MIDWEST ENERGY PAWNEE,D,PAWNEE,KS,LDC,MIDC,MIDC,11,Y,A,20260611,,Y,CITY OF PAWNEE ROCK  KANSAS,130085977,3130,N,,,,,,20260611 09:00
6931794,NATURAL GAS PIPELINE CO.,C002096,20260928 05:18,Blanks under Up/Dn Loc and Up/Dn Loc Name indicate Third Party information is not applicable.,900125,BHSC/NGPL OFFERLE EDWARDS,D,EDWARDS,KS,LDC,MIDC,MIDC,11,N,A,20260611,,Y,BLACK HILLS SERVICE COMPANY  LLC,79534838,10500,N,,,,,,20260611 09:00
6931794,NATURAL GAS PIPELINE CO.,C002096,20260928 05:18,Blanks under Up/Dn Loc and Up/Dn Loc Name indicate Third Party information is not applicable.,900126,SPEARVIL/NGPL  FORD,D,FORD,KS,LDC,MIDC,MIDC,11,Y,A,20260611,,Y,CITY OF SPEARVILLE KANSAS,8980968,4942,N,,,,,,20260611 09:00
6931794,NATURAL GAS PIPELINE CO.,C002096,20260928 05:18,Blanks under Up/Dn Loc and Up/Dn Loc Name indicate Third Party information is not applicable.,900127,CORN/NGPL  WASHITA,D,WASHITA,OK,LDC,MIDC,MIDC,3,Y,A,20171101,,Y,TOWN OF CORN  OKLAHOMA,51867984,15043,N,,,,,,20171101 09:00
6931794,NATURAL GAS PIPELINE CO.,C002096,20260928 05:18,Blanks under Up/Dn Loc and Up/Dn Loc Name indicate Third Party information is not applicable.,900130,NIPSCO/NGPL NORTH HAYDEN KANKAKEE,D,KANKAKEE,IL,LDC,IAIL,MRKT,36,N,A,20150609,,Y,NORTHERN INDIANA PUBLIC SERVICE COMPANY LLC,6937585,2949,N,,,,,,20240131 12:00
6931794,NATURAL GAS PIPELINE CO.,C002096,20260928 05:18,Blanks under Up/Dn Loc and Up/Dn Loc Name indicate Third Party information is not applicable.,900131,NICORGAS/NGPL MANTENO KANKAKEE,D,KANKAKEE,IL,LDC,IAIL,MRKT,36,N,A,20130101,,Y,NICOR GAS COMPANY,6927792,2948,Y,C000600,337,MANTENO,,,20160608 09:00
6931794,NATURAL GAS PIPELINE CO.,C002096,20260928 05:18,Blanks under Up/Dn Loc and Up/Dn Loc Name indicate Third Party information is not applicable.,900132,NICORGAS/NGPL CABERY KANKAKEE,D,KANKAKEE,IL,LDC,IAIL,MRKT,34,N,A,20240201,,Y,NICOR GAS COMPANY,6927792,2948,Y,C000600,305,CABERY,,,20240202 12:00
6931794,NATURAL GAS PIPELINE CO.,C002096,20260928 05:18,Blanks under Up/Dn Loc and Up/Dn Loc Name indicate Third Party information is not applicable.,900133,NICORGAS/NGPL MINOOKA WILL,D,WILL,IL,LDC,IAIL,MRKT,28,N,A,20260611,,Y,NICOR GAS COMPANY,6927792,2948,Y,C000600,263,MINOOKA,,,20260611 09:00
6931794,NATURAL GAS PIPELINE CO.,C002096,20260928 05:18,Blanks under Up/Dn Loc and Up/Dn Loc Name indicate Third Party information is not applicable.,900134,NICORGAS/NGPL DES PLAINES CHEM GRUN,D,GRUNDY,IL,LDC,IAIL,MRKT,28,N,A,20010501,,Y,NICOR GAS COMPANY,6927792,2948,Y,C000600,269,DES PLAINS CHEMICAL,,,20160608 09:00
6931794,NATURAL GAS PIPELINE CO.,C002096,20260928 05:18,Blanks under Up/Dn Loc and Up/Dn Loc Name indicate Third Party information is not applicable.,900135,NICORGAS/NGPL GOOSE LAKE GRUNDY,D,GRUNDY,IL,LDC,IAIL,MRKT,35,N,A,20260611,,Y,NICOR GAS COMPANY,6927792,2948,Y,C000600,245,GOOSE LAKE,,,20260611 09:00
6931794,NATURAL GAS PIPELINE CO.,C002096,20260928 05:18,Blanks under Up/Dn Loc and Up/Dn Loc Name indicate Third Party information is not applicable.,900136,NICORGAS/NGPL SOUTH MORRIS GRUNDY,D,GRUNDY,IL,LDC,IAIL,MRKT,28,N,A,20260611,,Y,NICOR GAS COMPANY,6927792,2948,Y,C000600,277,SOUTH MORRIS,,,20260611 09:00
6931794,NATURAL GAS PIPELINE CO.,C002096,20260928 05:18,Blanks under Up/Dn Loc and Up/Dn Loc Name indicate Third Party information is not applicable.,900137,NICORGAS/NGPL MAZON GRUNDY,D,GRUNDY,IL,LDC,IAIL,MRKT,28,N,A,20140709,,Y,NICOR GAS COMPANY,6927792,2948,Y,C000600,223,MAZON,,,20160608 09:00
6931794,NATURAL GAS PIPELINE CO.,C002096,20260928 05:18,Blanks under Up/Dn Loc and Up/Dn Loc Name indicate Third Party information is not applicable.,900138,NICORGAS/NGPL DWIGHT LIVINGSTON,D,LIVINGSTON,IL,LDC,IAIL,MRKT,28,N,A,20260611,,Y,NICOR GAS COMPANY,6927792,2948,Y,C000600,180,DWIGHT,,,20260611 09:00
6931794,NATURAL GAS PIPELINE CO.,C002096,20260928 05:18,Blanks under Up/Dn Loc and Up/Dn Loc Name indicate Third Party information is not applicable.,900139,NICORGAS/NGPL SAUNEMIN LIVINGSTON,D,LIVINGSTON,IL,LDC,IAIL,MRKT,28,N,A,20260611,,Y,NICOR GAS COMPANY,6927792,2948,Y,C000600,306,SAUNEMIN,,,20260611 09:00
6931794,NATURAL GAS PIPELINE CO.,C002096,20260928 05:18,Blanks under Up/Dn Loc and Up/Dn Loc Name indicate Third Party information is not applicable.,900140,NICORGAS/NGPL PONTIAC LIVINGSTON,D,LIVINGSTON,IL,LDC,IAIL,MRKT,28,N,A,20151223,,Y,NICOR GAS COMPANY,6927792,2948,Y,C000600,79,PONTIAC,,,20160608 09:00
6931794,NATURAL GAS PIPELINE CO.,C002096,20260928 05:18,Blanks under Up/Dn Loc and Up/Dn Loc Name indicate Third Party information is not applicable.,900141,NICORGAS/NGPL FAIRBURY LIVINGSTON,D,LIVINGSTON,IL,LDC,IAIL,MRKT,28,N,A,20260611,,Y,NICOR GAS COMPANY,6927792,2948,Y,C000600,230,FAIRBURY,,,20260611 09:00
6931794,NATURAL GAS PIPELINE CO.,C002096,20260928 05:18,Blanks under Up/Dn Loc and Up/Dn Loc Name indicate Third Party information is not applicable.,900142,NICORGAS/NGPL CROPSEY MC LEAN,D,MC LEAN,IL,LDC,IAIL,MRKT,28,N,A,20260611,,Y,NICOR GAS COMPANY,6927792,2948,Y,C000600,326,CROPSEY,,,20260611 09:00
6931794,NATURAL GAS PIPELINE CO.,C002096,20260928 05:18,Blanks under Up/Dn Loc and Up/Dn Loc Name indicate Third Party information is not applicable.,900143,NICORGAS/NGPL ANCHOR MC LEAN,D,MC LEAN,IL,LDC,IAIL,MRKT,28,N,A,20260611,,Y,NICOR GAS COMPANY,6927792,2948,Y,C000600,282,ANCHOR/COLFAX,,,20260611 09:00
6931794,NATURAL GAS PIPELINE CO.,C002096,20260928 05:18,Blanks under Up/Dn Loc and Up/Dn Loc Name indicate Third Party information is not applicable.,900144,NICORGAS/NGPL SAYBROOK MC LEAN,D,MC LEAN,IL,LDC,IAIL,MRKT,28,N,A,20260611,,Y,NICOR GAS COMPANY,6927792,2948,Y,C000600,328,SAYBROOK,,,20260611 09:00
6931794,NATURAL GAS PIPELINE CO.,C002096,20260928 05:18,Blanks under Up/Dn Loc and Up/Dn Loc Name indicate Third Party information is not applicable.,900145,NICORGAS/NGPL BELLFLOWER MC LEAN,D,MC LEAN,IL,LDC,IAIL,MRKT,28,N,A,20260611,,Y,NICOR GAS COMPANY,6927792,2948,Y,C000600,327,BELLFLOWER,,,20260611 09:00
6931794,NATURAL GAS PIPELINE CO.,C002096,20260928 05:18,Blanks under Up/Dn Loc and Up/Dn Loc Name indicate Third Party information is not applicable.,900147,AMER IL/NGPL MANSFIELD PIATT,D,PIATT,IL,LDC,IAIL,MRKT,28,N,A,20200313,,Y,AMEREN ILLINOIS COMPANY,6936017,5254,Y,C003986,900147,MANSFIELD,,,20200314 09:00
6931794,NATURAL GAS PIPELINE CO.,C002096,20260928 05:18,Blanks under Up/Dn Loc and Up/Dn Loc Name indicate Third Party information is not applicable.,900149,AMER IL/NGPL MONTICELLO PIATT,D,PIATT,IL,LDC,IAIL,MRKT,28,N,A,20260611,,Y,AMEREN ILLINOIS COMPANY,6936017,5254,Y,C003986,900149,MONTICELLO,,,20260611 09:00
6931794,NATURAL GAS PIPELINE CO.,C002096,20260928 05:18,Blanks under Up/Dn Loc and Up/Dn Loc Name indicate Third Party information is not applicable.,900150,AMER IL/NGPL BEMENT PIATT,D,PIATT,IL,LDC,IAIL,MRKT,28,N,A,20260611,,Y,AMEREN ILLINOIS COMPANY,6936017,5254,Y,C003986,900150,BEMENT,,,20260611 09:00
6931794,NATURAL GAS PIPELINE CO.,C002096,20260928 05:18,Blanks under Up/Dn Loc and Up/Dn Loc Name indicate Third Party information is not applicable.,900151,AMER IL/NGPL CERRO GORDO PIATT,D,PIATT,IL,LDC,IAIL,MRKT,28,N,A,20260611,,Y,AMEREN ILLINOIS COMPANY,6936017,5254,Y,C003986,900151,CERRO GORDO,,,20260611 09:00
6931794,NATURAL GAS PIPELINE CO.,C002096,20260928 05:18,Blanks under Up/Dn Loc and Up/Dn Loc Name indicate Third Party information is not applicable.,900152,AMER IL/NGPL HAMMOND PIATT,D,PIATT,IL,LDC,IAIL,MRKT,28,N,A,20240419,,Y,AMEREN ILLINOIS COMPANY,6936017,5254,Y,C003986,900152,HAMMOND NGPL,,,20240422 15:00
6931794,NATURAL GAS PIPELINE CO.,C002096,20260928 05:18,Blanks under Up/Dn Loc and Up/Dn Loc Name indicate Third Party information is not applicable.,900153,AMER IL/NGPL LOVINGTON MOULTRIE,D,MOULTRIE,IL,LDC,IAIL,MRKT,28,N,A,20260611,,Y,AMEREN ILLINOIS COMPANY,6936017,5254,Y,C003986,900153,LOVINGTON CILCO,,,20260611 09:00
6931794,NATURAL GAS PIPELINE CO.,C002096,20260928 05:18,Blanks under Up/Dn Loc and Up/Dn Loc Name indicate Third Party information is not applicable.,900155,SULLIVAN/NGPL  MOULTRIE,D,MOULTRIE,IL,LDC,IAIL,MRKT,28,Y,A,20260611,,Y,CITY OF SULLIVAN  ILLINOIS,79144218,3831,N,,,,,,20260611 09:00
6931794,NATURAL GAS PIPELINE CO.,C002096,20260928 05:18,Blanks under Up/Dn Loc and Up/Dn Loc Name indicate Third Party information is not applicable.,900156,FINDLAY/NGPL  MOULTRIE,D,MOULTRIE,IL,LDC,IAIL,MRKT,28,Y,A,20260611,,Y,VILLAGE OF FINDLAY  ILLINOIS,113822522,1419,N,,,,,,20260611 09:00
6931794,NATURAL GAS PIPELINE CO.,C002096,20260928 05:18,Blanks under Up/Dn Loc and Up/Dn Loc Name indicate Third Party information is not applicable.,900158,AMER IL/NGPL STRASBURG SHELBY,D,SHELBY,IL,LDC,IAIL,MRKT,28,N,A,20260611,,Y,AMEREN ILLINOIS COMPANY,6936017,5254,Y,C003986,900158,STRASBURG,,,20260611 09:00
6931794,NATURAL GAS PIPELINE CO.,C002096,20260928 05:18,Blanks under Up/Dn Loc and Up/Dn Loc Name indicate Third Party information is not applicable.,900159,LIBERTY/NGPL COWDEN SHELBY,D,SHELBY,IL,LDC,IAIL,MRKT,28,N,A,20260611,,Y,LIBERTY UTILITIES (MIDSTATES NATURAL GAS) CORP.,78314967,5467,Y,C002871,900159,LIBERTY/NGPL COWDEN SHELBY,,,20260611 09:00
6931794,NATURAL GAS PIPELINE CO.,C002096,20260928 05:18,Blanks under Up/Dn Loc and Up/Dn Loc Name indicate Third Party information is not applicable.,900160,LIBERTY/NGPL BEECHER CITY EFFINGHAM,D,EFFINGHAM,IL,LDC,IAIL,MRKT,28,N,A,20260611,,Y,LIBERTY UTILITIES (MIDSTATES NATURAL GAS) CORP.,78314967,5467,Y,C002871,900160,LIBERTY/NGPL BEECHER CITY EFFINGHAM,,,20260611 09:00
6931794,NATURAL GAS PIPELINE CO.,C002096,20260928 05:18,Blanks under Up/Dn Loc and Up/Dn Loc Name indicate Third Party information is not applicable.,900161,LIBERTY/NGPL ST ELMO EFFINGHAM,D,EFFINGHAM,IL,LDC,IAIL,MRKT,28,N,A,20260611,,Y,LIBERTY UTILITIES (MIDSTATES NATURAL GAS) CORP.,78314967,5467,Y,C002871,900161,LIBERTY/NGPL ST ELMO EFFINGHAM,,,20260611 09:00
6931794,NATURAL GAS PIPELINE CO.,C002096,20260928 05:18,Blanks under Up/Dn Loc and Up/Dn Loc Name indicate Third Party information is not applicable.,900162,LIBERTY/NGPL VANDALIA FAYETTE,D,FAYETTE,IL,LDC,IAIL,MRKT,28,N,A,20260611,,Y,LIBERTY UTILITIES (MIDSTATES NATURAL GAS) CORP.,78314967,5467,Y,C002871,900162,LIBERTY/NGPL VANDALIA FAYETTE,,,20260611 09:00
6931794,NATURAL GAS PIPELINE CO.,C002096,20260928 05:18,Blanks under Up/Dn Loc and Up/Dn Loc Name indicate Third Party information is not applicable.,900163,AMER IL/NGPL EDGEWOOD FAYETTE,D,FAYETTE,IL,LDC,IAIL,MRKT,28,N,A,20260611,,Y,AMEREN ILLINOIS COMPANY,6936017,5254,Y,C003986,900163,EDGEWOOD,,,20260611 09:00
6931794,NATURAL GAS PIPELINE CO.,C002096,20260928 05:18,Blanks under Up/Dn Loc and Up/Dn Loc Name indicate Third Party information is not applicable.,900164,LIBERTY/NGPL ST PETER FAYETTE,D,FAYETTE,IL,LDC,IAIL,MRKT,28,N,A,20260611,,Y,LIBERTY UTILITIES (MIDSTATES NATURAL GAS) CORP.,78314967,5467,Y,C002871,900164,LIBERTY/NGPL ST PETER FAYETTE,,,20260611 09:00
6931794,NATURAL GAS PIPELINE CO.,C002096,20260928 05:18,Blanks under Up/Dn Loc and Up/Dn Loc Name indicate Third Party information is not applicable.,900165,LIBERTY/NGPL KINMUNDY FAYETTE,D,FAYETTE,IL,LDC,IAIL,MRKT,28,N,A,20260611,,Y,LIBERTY UTILITIES (MIDSTATES NATURAL GAS) CORP.,78314967,5467,Y,C002871,900165,LIBERTY/NGPL KINMUNDY FAYETTE,,,20260611 09:00
6931794,NATURAL GAS PIPELINE CO.,C002096,20260928 05:18,Blanks under Up/Dn Loc and Up/Dn Loc Name indicate Third Party information is not applicable.,900166,AMER IL/NGPL PATOKA MARION,D,MARION,IL,LDC,IAIL,MRKT,28,N,A,20260611,,Y,AMEREN ILLINOIS COMPANY,6936017,5254,Y,C003986,,PATOKA,,,20260611 09:00
6931794,NATURAL GAS PIPELINE CO.,C002096,20260928 05:18,Blanks under Up/Dn Loc and Up/Dn Loc Name indicate Third Party information is not applicable.,900168,AMER IL/NGPL SHATTUC CLINTON,D,CLINTON,IL,LDC,IAIL,MRKT,28,N,A,20260611,,Y,AMEREN ILLINOIS COMPANY,6936017,5254,Y,C003986,900168,SHATTUC,,,20260611 09:00
6931794,NATURAL GAS PIPELINE CO.,C002096,20260928 05:18,Blanks under Up/Dn Loc and Up/Dn Loc Name indicate Third Party information is not applicable.,900169,ENABLEMR/NGPL  CLINTON,D,CLINTON,IL,INT,IAIL,MRKT,28,Y,A,20260611,,Y,ENABLE MISSISSIPPI RIVER TRANSMISSION  LLC,6968077,2739,Y,C000545,805588,NGPL SHATTUC/CLINTON,,,20260611 09:00
6931794,NATURAL GAS PIPELINE CO.,C002096,20260928 05:18,Blanks under Up/Dn Loc and Up/Dn Loc Name indicate Third Party information is not applicable.,900170,AMER IL/NGPL CENTRALIA CLINTON,D,CLINTON,IL,LDC,IAIL,MRKT,28,N,A,20170223,,Y,AMEREN ILLINOIS COMPANY,6936017,5254,Y,C003986,900170,HOFFMAN,,,20170224 09:00
6931794,NATURAL GAS PIPELINE CO.,C002096,20260928 05:18,Blanks under Up/Dn Loc and Up/Dn Loc Name indicate Third Party information is not applicable.,900171,AMER IL/NGPL HOYLETON WASHINGTON,D,WASHINGTON,IL,LDC,IAIL,MRKT,28,N,A,20251216,,Y,AMEREN ILLINOIS COMPANY,6936017,5254,Y,C003986,900171,HOYLETON,,,20251216 09:00
6931794,NATURAL GAS PIPELINE CO.,C002096,20260928 05:18,Blanks under Up/Dn Loc and Up/Dn Loc Name indicate Third Party information is not applicable.,900172,NASHVILL/NGPL  WASHINGTON,D,WASHINGTON,IL,LDC,IAIL,MRKT,28,Y,A,20260611,,Y,CITY OF NASHVILLE  ILLINOIS,137352332,2847,N,,,,,,20260611 09:00
6931794,NATURAL GAS PIPELINE CO.,C002096,20260928 05:18,Blanks under Up/Dn Loc and Up/Dn Loc Name indicate Third Party information is not applicable.,900173,AMER IL/NGPL DUBOIS WASHINGTON,D,WASHINGTON,IL,LDC,IAIL,MRKT,28,N,A,20260611,,Y,AMEREN ILLINOIS COMPANY,6936017,5254,Y,C003986,900173,DUBOIS,,,20260611 09:00
6931794,NATURAL GAS PIPELINE CO.,C002096,20260928 05:18,Blanks under Up/Dn Loc and Up/Dn Loc Name indicate Third Party information is not applicable.,900174,AMER IL/NGPL TAMAROA PERRY,D,PERRY,IL,LDC,IAIL,MRKT,28,N,A,20260611,,Y,AMEREN ILLINOIS COMPANY,6936017,5254,Y,C003986,900174,TAMAROA,,,20260611 09:00
6931794,NATURAL GAS PIPELINE CO.,C002096,20260928 05:18,Blanks under Up/Dn Loc and Up/Dn Loc Name indicate Third Party information is not applicable.,900175,PICKNEY/NGPL  PERRY,D,PERRY,IL,LDC,IAIL,MRKT,28,Y,A,20260611,,Y,CITY OF PINCKNEYVILLE  ILLINOIS,37350022,3211,N,,,,,,20260611 09:00
6931794,NATURAL GAS PIPELINE CO.,C002096,20260928 05:18,Blanks under Up/Dn Loc and Up/Dn Loc Name indicate Third Party information is not applicable.,900176,AMER IL/NGPL VERGENNES JACKSON,D,JACKSON,IL,LDC,IAIL,MRKT,28,N,A,20260611,,Y,AMEREN ILLINOIS COMPANY,6936017,5254,Y,C003986,900176,VERGENNES,,,20260611 09:00
6931794,NATURAL GAS PIPELINE CO.,C002096,20260928 05:18,Blanks under Up/Dn Loc and Up/Dn Loc Name indicate Third Party information is not applicable.,900177,AMER IL/NGPL STEELEVILLE JACKSON,D,JACKSON,IL,LDC,IAIL,MRKT,28,N,A,20260611,,Y,AMEREN ILLINOIS COMPANY,6936017,5254,Y,C003986,900177,ORAVILLE,,,20260611 09:00
6931794,NATURAL GAS PIPELINE CO.,C002096,20260928 05:18,Blanks under Up/Dn Loc and Up/Dn Loc Name indicate Third Party information is not applicable.,900178,AMER IL/NGPL GORHAM JACKSON,D,JACKSON,IL,LDC,IAIL,MRKT,28,N,A,20260611,,Y,AMEREN ILLINOIS COMPANY,6936017,5254,Y,C003986,900178,GORHAM,,,20260611 09:00
6931794,NATURAL GAS PIPELINE CO.,C002096,20260928 05:18,Blanks under Up/Dn Loc and Up/Dn Loc Name indicate Third Party information is not applicable.,900179,GR TOWER/NGPL  JACKSON,D,JACKSON,IL,LDC,IAIL,MRKT,28,Y,A,20260611,,Y,CITY OF GRAND TOWER  ILLINOIS,41161019,1666,N,,,,,,20260611 09:00
6931794,NATURAL GAS PIPELINE CO.,C002096,20260928 05:18,Blanks under Up/Dn Loc and Up/Dn Loc Name indicate Third Party information is not applicable.,900180,FROHNA/NGPL  PERRY,D,PERRY,MO,LDC,GCST,MRKT,27,Y,A,20260611,,Y,CITY OF FROHNA  MISSOURI,45682564,1498,N,,,,,,20260611 09:00
6931794,NATURAL GAS PIPELINE CO.,C002096,20260928 05:18,Blanks under Up/Dn Loc and Up/Dn Loc Name indicate Third Party information is not applicable.,900181,PERRYVLL/NGPL  CAPE GIRARDEAU,D,CAPE GIRARDEAU,MO,LDC,GCST,MRKT,27,Y,A,20260611,,Y,CITY OF PERRYVILLE  MISSOURI,77134328,3172,N,,,,,,20260611 09:00
6931794,NATURAL GAS PIPELINE CO.,C002096,20260928 05:18,Blanks under Up/Dn Loc and Up/Dn Loc Name indicate Third Party information is not applicable.,900182,LIBERTY/NGPL OAKRDG CAPE GIRARDEAU,D,CAPE GIRARDEAU,MO,LDC,GCST,MRKT,27,N,A,20260611,,Y,LIBERTY UTILITIES (MIDSTATES NATURAL GAS) CORP.,78314967,5467,Y,C002871,900182,LIBERTY/NGPL OAKRDG CAPE GIRARDEAU,,,20260611 09:00
6931794,NATURAL GAS PIPELINE CO.,C002096,20260928 05:18,Blanks under Up/Dn Loc and Up/Dn Loc Name indicate Third Party information is not applicable.,900183,LIBERTY/NGPL JACKSN CAPE GIRARDEAU,D,CAPE GIRARDEAU,MO,LDC,GCST,MRKT,27,N,A,20260611,,Y,LIBERTY UTILITIES (MIDSTATES NATURAL GAS) CORP.,78314967,5467,Y,C002871,900183,LIBERTY/NGPL JACKSN CAPE GIRARDEAU,,,20260611 09:00
6931794,NATURAL GAS PIPELINE CO.,C002096,20260928 05:18,Blanks under Up/Dn Loc and Up/Dn Loc Name indicate Third Party information is not applicable.,900184,AMUE/NGPL LUTESVILLE BOLLINGER,D,BOLLINGER,MO,EGN,GCST,MRKT,27,N,A,20260611,,Y,UNION ELECTRIC COMPANY  D/B/A/ AMEREN MISSOURI,6968655,2742,N,,,,,,20260611 09:00
6931794,NATURAL GAS PIPELINE CO.,C002096,20260928 05:18,Blanks under Up/Dn Loc and Up/Dn Loc Name indicate Third Party information is not applicable.,900185,LIBERTY/NGPL PUXICO STODDARD,D,STODDARD,MO,LDC,GCST,MRKT,27,N,A,20260611,,Y,LIBERTY UTILITIES (MIDSTATES NATURAL GAS) CORP.,78314967,5467,Y,C002871,900185,LIBERTY/NGPL PUXICO STODDARD,,,20260611 09:00
6931794,NATURAL GAS PIPELINE CO.,C002096,20260928 05:18,Blanks under Up/Dn Loc and Up/Dn Loc Name indicate Third Party information is not applicable.,900186,AMUE/NGPL FISK BUTLER,D,BUTLER,MO,EGN,GCST,MRKT,27,N,A,20260611,,Y,UNION ELECTRIC COMPANY  D/B/A/ AMEREN MISSOURI,6968655,2742,N,,,,,,20260611 09:00
6931794,NATURAL GAS PIPELINE CO.,C002096,20260928 05:18,Blanks under Up/Dn Loc and Up/Dn Loc Name indicate Third Party information is not applicable.,900187,LIBERTY/NGPL DONIPHAN BUTLER,D,BUTLER,MO,LDC,GCST,MRKT,27,N,A,20260611,,Y,LIBERTY UTILITIES (MIDSTATES NATURAL GAS) CORP.,78314967,5467,Y,C002871,900187,LIBERTY/NGPL DONIPHAN BUTLER,,,20260611 09:00
6931794,NATURAL GAS PIPELINE CO.,C002096,20260928 05:18,Blanks under Up/Dn Loc and Up/Dn Loc Name indicate Third Party information is not applicable.,900188,LIBERTY/NGPL NEELYVILLE BUTLER,D,BUTLER,MO,LDC,GCST,MRKT,27,N,A,20130101,,Y,LIBERTY UTILITIES (MIDSTATES NATURAL GAS) CORP.,78314967,5467,Y,C002871,900188,LIBERTY/NGPL NEELYVILLE BUTLER,,,20160524 12:36
6931794,NATURAL GAS PIPELINE CO.,C002096,20260928 05:18,Blanks under Up/Dn Loc and Up/Dn Loc Name indicate Third Party information is not applicable.,900189,MARIETTA/NGPL MARIETTA CASS,D,CASS,TX,LDC,TXOK,TXOK,26,Y,A,20130101,,Y,CITY OF MARIETTA  TEXAS,,2528,N,,,,,,20160607 15:00
6931794,NATURAL GAS PIPELINE CO.,C002096,20260928 05:18,Blanks under Up/Dn Loc and Up/Dn Loc Name indicate Third Party information is not applicable.,900190,NGT/NGPL DOUGLASSVILLE CASS,D,CASS,TX,LDC,TXOK,TXOK,26,Y,A,20251009,,Y,NORAM GAS TRANSMISSION COMPANY,783488415,5966,N,,,,,,20251014 09:00
6931794,NATURAL GAS PIPELINE CO.,C002096,20260928 05:18,Blanks under Up/Dn Loc and Up/Dn Loc Name indicate Third Party information is not applicable.,900203,NNG/NGPL  MILLS,B,MILLS,IA,INT,AMAR,MRKT,13,Y,A,20090301,,Y,NORTHERN NATURAL GAS COMPANY,784158214,2950,Y,C000060,197,NGPL/NNG GLENWOOD,,,20160401 09:56
6931794,NATURAL GAS PIPELINE CO.,C002096,20260928 05:18,Blanks under Up/Dn Loc and Up/Dn Loc Name indicate Third Party information is not applicable.,900206,NGPL/NGPL CAIRO ST PETER LOUISA,B,LOUISA,IA,INT,IAIL,MRKT,14,N,I,,20151201,N,,,,,,,,,,20160401 09:56
6931794,NATURAL GAS PIPELINE CO.,C002096,20260928 05:18,Blanks under Up/Dn Loc and Up/Dn Loc Name indicate Third Party information is not applicable.,900384,URBAN/NGPL W BERNARD PLT WHARTON,R,WHARTON,TX,WHD,STX,STX,22,Y,A,20200818,,Y,URBAN OIL & GAS GROUP LLC,964569110,9080,N,,,,,,20200819 09:00
6931794,NATURAL GAS PIPELINE CO.,C002096,20260928 05:18,Blanks under Up/Dn Loc and Up/Dn Loc Name indicate Third Party information is not applicable.,900390,FORDCNTY/NGPL  FORD,D,FORD,KS,LDC,MIDC,MIDC,11,Y,A,20260611,,Y,FORD COUNTY FEED YARD  INC.,,19886,N,,,,,,20260611 09:00
6931794,NATURAL GAS PIPELINE CO.,C002096,20260928 05:18,Blanks under Up/Dn Loc and Up/Dn Loc Name indicate Third Party information is not applicable.,900400,MCBRAYER/NGPL EAST LINDEN CASS,R,CASS,TX,WHD,TXOK,TXOK,26,N,I,,20231108,Y,MCBRAYER OIL CORPORATION,75115436,15277,N,,,,,,20231208 12:00
6931794,NATURAL GAS PIPELINE CO.,C002096,20260928 05:18,Blanks under Up/Dn Loc and Up/Dn Loc Name indicate Third Party information is not applicable.,900416,COL GULF/NGPL PECAN LAKE CAMERON,D,CAMERON,LA,INT,LA,LA,24,N,I,,20220701,Y,COLUMBIA GULF TRANSMISSION CO.,7854581,15040,Y,C000307,426,NGPL - PECAN LAKE,,,20220711 12:00
6931794,NATURAL GAS PIPELINE CO.,C002096,20260928 05:18,Blanks under Up/Dn Loc and Up/Dn Loc Name indicate Third Party information is not applicable.,900433,ETP/NGPL HAGIST SHILLING DUVAL,R,DUVAL,TX,INT,STX,STX,21,N,I,,20230201,Y,ENTERPRISE TEXAS PIPELINE LLC,615855160,3260,Y,C000924,831155,NGPL HAGIST SHILLING,,,20230401 09:00
6931794,NATURAL GAS PIPELINE CO.,C002096,20260928 05:18,Blanks under Up/Dn Loc and Up/Dn Loc Name indicate Third Party information is not applicable.,900436,TRIN GAS/NGPL SEJITA DUVAL,R,DUVAL,TX,WHD,STX,STX,20,Y,A,20170101,,Y,TRINITY GAS CORPORATION,8947665,4175,N,,,,,,20170124 15:01
6931794,NATURAL GAS PIPELINE CO.,C002096,20260928 05:18,Blanks under Up/Dn Loc and Up/Dn Loc Name indicate Third Party information is not applicable.,900439,DCP OPER/NGPL LA GLORIA JIM WELLS,R,JIM WELLS,TX,GTH,STX,STX,20,Y,A,20201006,,Y,DCP OPERATING COMPANY  LP,3048753,3368,Y,C011323,900439,DCP OPER/NGPL LA GLORIA JIM WELLS,,,20220523 12:00
6931794,NATURAL GAS PIPELINE CO.,C002096,20260928 05:18,Blanks under Up/Dn Loc and Up/Dn Loc Name indicate Third Party information is not applicable.,900469,COX OPER/NGPL WEST CAMERON CAMERON,R,CAMERON,LA,INT,LA,LA,23,N,I,,20171208,Y,COX OPERATING  LLC,784176674,10078,N,,,,,,20171208 12:00
6931794,NATURAL GAS PIPELINE CO.,C002096,20260928 05:18,Blanks under Up/Dn Loc and Up/Dn Loc Name indicate Third Party information is not applicable.,900523,MARKWEST/NGPL NORTH NACOGDOCHES,R,NACOGDOCHES,TX,INT,TXOK,TXOK,26,Y,A,20201006,,Y,MARKWEST PINNACLE  L.L.C.,191536424,8891,N,,,,,,20201007 09:00
6931794,NATURAL GAS PIPELINE CO.,C002096,20260928 05:18,Blanks under Up/Dn Loc and Up/Dn Loc Name indicate Third Party information is not applicable.,900532,HPL/NGPL  JIM HOGG,R,JIM HOGG,TX,INT,STX,STX,18,Y,A,20130101,,Y,HOUSTON PIPE LINE COMPANY LP,4788188,1947,Y,C001003,981342,HPL/NGPL - THOMPSONVILLE,,,20160401 09:56
6931794,NATURAL GAS PIPELINE CO.,C002096,20260928 05:18,Blanks under Up/Dn Loc and Up/Dn Loc Name indicate Third Party information is not applicable.,900546,ENTRPRSE/NGPL DEVERS LIBERTY,D,LIBERTY,TX,INT,TXOK,TXOK,25,Y,A,20210526,,Y,ENTERPRISE INTRASTATE  LLC,48053123,3325,Y,C000925,016168,NGPL DEVERS,,,20210526 15:00
6931794,NATURAL GAS PIPELINE CO.,C002096,20260928 05:18,Blanks under Up/Dn Loc and Up/Dn Loc Name indicate Third Party information is not applicable.,900548,TRUNKLNE/NGPL LAKESIDE CAMERON,D,CAMERON,LA,INT,LA,LA,23,Y,A,20231017,,Y,TRUNKLINE GAS COMPANY  LLC,7933062,4186,Y,C000251,81718,LAKESIDE - NGPL,,,20231017 09:00
6931794,NATURAL GAS PIPELINE CO.,C002096,20260928 05:18,Blanks under Up/Dn Loc and Up/Dn Loc Name indicate Third Party information is not applicable.,900549,TEX GAS/NGPL LOWRY CAMERON,D,CAMERON,LA,INT,LA,LA,23,Y,A,20200403,,Y,TEXAS GAS TRANSMISSION  LLC,115972101,4076,Y,C000592,9446,LOWRY,,,20200407 12:00
6931794,NATURAL GAS PIPELINE CO.,C002096,20260928 05:18,Blanks under Up/Dn Loc and Up/Dn Loc Name indicate Third Party information is not applicable.,900551,GULFSTH/NGPL DEEP LAKE CAMERON,D,CAMERON,LA,INT,LA,LA,23,Y,A,20260408,,Y,GULF SOUTH PIPELINE COMPANY  LLC,78444247,26373,Y,C000591,003263,DEEP LAKE (FROM NGPL),,,20260409 15:00
6931794,NATURAL GAS PIPELINE CO.,C002096,20260928 05:18,Blanks under Up/Dn Loc and Up/Dn Loc Name indicate Third Party information is not applicable.,900553,TGP/NGPL CHALKLEY CAMERON,D,CAMERON,LA,INT,LA,LA,23,N,I,,20190301,Y,TENNESSEE GAS PIPELINE COMPANY  L.L.C.,1939164,4052,Y,C000020,900553,TGP/NGPL CHALKLEY CAMERON,,,20190401 09:00
6931794,NATURAL GAS PIPELINE CO.,C002096,20260928 05:18,Blanks under Up/Dn Loc and Up/Dn Loc Name indicate Third Party information is not applicable.,900908,ATMOS-TX/NGPL  PANOLA,R,PANOLA,TX,INT,TXOK,TXOK,26,Y,A,19970501,,Y,ATMOS PIPELINE-TEXAS  A DIVISION OF ATMOS ENERGY CORPORATION,7927130,4329,Y,C001019,17130099,NGPL PANOLA,,,20160401 09:56
6931794,NATURAL GAS PIPELINE CO.,C002096,20260928 05:18,Blanks under Up/Dn Loc and Up/Dn Loc Name indicate Third Party information is not applicable.,900955,ENABLEMR/NGPL  HARRISON,D,HARRISON,TX,INT,TXOK,TXOK,26,N,I,,20221201,Y,ENABLE MISSISSIPPI RIVER TRANSMISSION  LLC,6968077,2739,Y,C000545,808613,NGPL HARRISON DISP.,,,20230201 09:00
6931794,NATURAL GAS PIPELINE CO.,C002096,20260928 05:18,Blanks under Up/Dn Loc and Up/Dn Loc Name indicate Third Party information is not applicable.,900964,KAISER/NGPL YOUNG #1 WOODWARD,R,WOODWARD,OK,WHD,MIDC,MIDC,4,N,I,,20250307,Y,KAISER-FRANCIS OIL COMPANY,72417900,17607,N,,,,,,20250523 09:00
6931794,NATURAL GAS PIPELINE CO.,C002096,20260928 05:18,Blanks under Up/Dn Loc and Up/Dn Loc Name indicate Third Party information is not applicable.,900975,CEM/NGPL ROGERS #1-2 WASHITA,R,WASHITA,OK,WHD,MIDC,MIDC,3,N,I,,20170110,Y,CHESAPEAKE ENERGY MARKETING  L.L.C.,809849326,26372,N,,,,,,20170111 12:00
6931794,NATURAL GAS PIPELINE CO.,C002096,20260928 05:18,Blanks under Up/Dn Loc and Up/Dn Loc Name indicate Third Party information is not applicable.,900987,KMTEJAS/NGPL  JEFFERSON,D,JEFFERSON,TX,INT,TXOK,TXOK,25,Y,A,20260611,,Y,KINDER MORGAN TEJAS PIPELINE LLC,879826576,26089,Y,C000434,900987,KMTEJAS/NGPL  JEFFERSON,,,20260611 09:00
6931794,NATURAL GAS PIPELINE CO.,C002096,20260928 05:18,Blanks under Up/Dn Loc and Up/Dn Loc Name indicate Third Party information is not applicable.,901028,IPLC/NGPL CDP CLINTON,D,HENRY,IL,VIR,IAIL,MRKT,29,Y,A,20010501,,N,,,,,,,,,,20160401 09:56
6931794,NATURAL GAS PIPELINE CO.,C002096,20260928 05:18,Blanks under Up/Dn Loc and Up/Dn Loc Name indicate Third Party information is not applicable.,901043,NICORGAS/NGPL MARENGO MC HENRY,D,MC HENRY,IL,LDC,IAIL,MRKT,29,N,A,20260611,,Y,NICOR GAS COMPANY,6927792,2948,Y,C000600,184,MARENGO,,,20260611 09:00
6931794,NATURAL GAS PIPELINE CO.,C002096,20260928 05:18,Blanks under Up/Dn Loc and Up/Dn Loc Name indicate Third Party information is not applicable.,901100,ACADIAN/NGPL #1 VERMILION,D,VERMILION,LA,INT,LA,LA,24,N,I,,20191025,Y,ACADIAN GAS PIPELINE SYSTEM,135481971,17883,Y,C000932,A3036,NGPL- KAPLAN 901100,,,20191026 09:00
6931794,NATURAL GAS PIPELINE CO.,C002096,20260928 05:18,Blanks under Up/Dn Loc and Up/Dn Loc Name indicate Third Party information is not applicable.,901151,CNTRPT/NGPL GLEN FLORA WHARTON,D,WHARTON,TX,LDC,STX,STX,22,Y,A,20260610,,Y,CENTERPOINT ENERGY RESOURCES CORP.,6948210,5569,N,,,,,,20260610 09:00
6931794,NATURAL GAS PIPELINE CO.,C002096,20260928 05:18,Blanks under Up/Dn Loc and Up/Dn Loc Name indicate Third Party information is not applicable.,901153,CNTRPT/NGPL SPRING HARRIS,D,HARRIS,TX,LDC,STX,STX,22,Y,A,20181102,,Y,CENTERPOINT ENERGY RESOURCES CORP.,6948210,5569,N,,,,,,20181103 09:00
6931794,NATURAL GAS PIPELINE CO.,C002096,20260928 05:18,Blanks under Up/Dn Loc and Up/Dn Loc Name indicate Third Party information is not applicable.,901154,CNTRPT  /NGPL     EAST BERNARD,D,WHARTON,TX,LDC,STX,STX,22,Y,A,20260610,,Y,CENTERPOINT ENERGY RESOURCES CORP.,6948210,5569,N,,,,,,20260610 09:00
6931794,NATURAL GAS PIPELINE CO.,C002096,20260928 05:18,Blanks under Up/Dn Loc and Up/Dn Loc Name indicate Third Party information is not applicable.,901217,BEREXCO/NGPL CAL-RAY #1 HARPER,R,HARPER,OK,WHD,MIDC,MIDC,4,N,I,,20250307,Y,BEREXCO  INC.,42805879,15810,N,,,,,,20250523 09:00
6931794,NATURAL GAS PIPELINE CO.,C002096,20260928 05:18,Blanks under Up/Dn Loc and Up/Dn Loc Name indicate Third Party information is not applicable.,901225,BELL KINLEY/NGPL RUTTMAN #1-12 WOOD,R,WOODWARD,OK,WHD,MIDC,MIDC,4,N,I,,20180105,Y,BELL & KINLEY COMPANY,152022190,15081,N,,,,,,20180105 12:00
6931794,NATURAL GAS PIPELINE CO.,C002096,20260928 05:18,Blanks under Up/Dn Loc and Up/Dn Loc Name indicate Third Party information is not applicable.,901429,CROWNMS/NGPL CAMRICK PLT BEAVER,R,BEAVER,OK,PLT,MIDC,MIDC,10,Y,A,20190401,,Y,CROWN MIDSTREAM  L.L.C.,81513008,10533,N,,,,,,20190403 09:00
6931794,NATURAL GAS PIPELINE CO.,C002096,20260928 05:18,Blanks under Up/Dn Loc and Up/Dn Loc Name indicate Third Party information is not applicable.,901452,PRIMEXX/NGPL N.E. ALDEN CADDO,R,CADDO,OK,WHD,MIDC,MIDC,2,N,I,,20260313,Y,PRIMEXX OPERATING CORPORATION,6770846,5941,N,,,,,,20260401 09:00
6931794,NATURAL GAS PIPELINE CO.,C002096,20260928 05:18,Blanks under Up/Dn Loc and Up/Dn Loc Name indicate Third Party information is not applicable.,901458,DCP OPER/NGPL CHITWOOD PLT GRADY,R,GRADY,OK,GTH,MIDC,MIDC,2,Y,A,20230418,,Y,DCP OPERATING COMPANY  LP,3048753,3368,Y,C011323,901458,DCP OPER/NGPL CHITWOOD PLT GRADY,,,20230418 15:00
6931794,NATURAL GAS PIPELINE CO.,C002096,20260928 05:18,Blanks under Up/Dn Loc and Up/Dn Loc Name indicate Third Party information is not applicable.,901477,CARRERA/NGPL MADILL PLT MARSHALL,R,MARSHALL,OK,PLT,TXOK,TXOK,15,Y,A,20260408,,Y,CARRERA GAS GATHERING COMPANY  L.L.C.,,3040,N,,,,,,20260409 15:00
6931794,NATURAL GAS PIPELINE CO.,C002096,20260928 05:18,Blanks under Up/Dn Loc and Up/Dn Loc Name indicate Third Party information is not applicable.,901557,VISTATEX/NGPL #2 MARSHALL,R,MARSHALL,OK,WHD,TXOK,TXOK,15,Y,A,20171101,,Y,VISTATEX ENERGY  LLC,93966919,5277,N,,901557,VISTATEX/NGPL #2 MARSHALL,,,20220907 12:00
6931794,NATURAL GAS PIPELINE CO.,C002096,20260928 05:18,Blanks under Up/Dn Loc and Up/Dn Loc Name indicate Third Party information is not applicable.,901850,DEVON GS/NGPL BRIDGEPORT PLT WISE,R,WISE,TX,WHD,MIDC,MIDC,1,Y,A,20010501,,Y,DEVON GAS SERVICES  L.P.,5088856,12316,N,,,,,,20160608 09:00
6931794,NATURAL GAS PIPELINE CO.,C002096,20260928 05:18,Blanks under Up/Dn Loc and Up/Dn Loc Name indicate Third Party information is not applicable.,902900,TPC/NGPL  GAGE,R,GAGE,NE,INT,AMAR,MRKT,12,Y,A,20141001,,Y,TRAILBLAZER PIPELINE COMPANY LLC,13665749,24,Y,C000229,902900,TPC/NGPL  GAGE,,,20160601 09:00
6931794,NATURAL GAS PIPELINE CO.,C002096,20260928 05:18,Blanks under Up/Dn Loc and Up/Dn Loc Name indicate Third Party information is not applicable.,902922,MARKWEST/NGPL SOUTH NACOGDOCHES,R,NACOGDOCHES,TX,INT,TXOK,TXOK,26,Y,I,,20171114,Y,MARKWEST PINNACLE  L.L.C.,191536424,8891,N,,,,,,20171202 09:00
6931794,NATURAL GAS PIPELINE CO.,C002096,20260928 05:18,Blanks under Up/Dn Loc and Up/Dn Loc Name indicate Third Party information is not applicable.,902923,GRAPHIC/NGPL  CASS,D,CASS,TX,EGN,GCST,MRKT,27,Y,A,20231017,,Y,GRAPHIC PACKAGING INTERNATIONAL  LLC,808839062,7011,N,,,,,,20231017 09:00
6931794,NATURAL GAS PIPELINE CO.,C002096,20260928 05:18,Blanks under Up/Dn Loc and Up/Dn Loc Name indicate Third Party information is not applicable.,902967,INTERCON/NGPL  BECKHAM,R,BECKHAM,OK,INT,MIDC,MIDC,6,N,I,,20221101,Y,INTERCON GAS INCORPORATED,137545448,5787,N,,,,,,20221101 09:00
6931794,NATURAL GAS PIPELINE CO.,C002096,20260928 05:18,Blanks under Up/Dn Loc and Up/Dn Loc Name indicate Third Party information is not applicable.,903179,IPLC/NGPL AMANA POWESHIEK,D,POWESHIEK,IA,LDC,AMAR,MRKT,96,N,A,20260611,,Y,INTERSTATE POWER AND LIGHT COMPANY,6940522,2066,Y,C004559,903179,VICTOR GATE STATION,,,20260611 09:00
6931794,NATURAL GAS PIPELINE CO.,C002096,20260928 05:18,Blanks under Up/Dn Loc and Up/Dn Loc Name indicate Third Party information is not applicable.,903180,IPLC/NGPL  TAMA,D,TAMA,IA,LDC,AMAR,MRKT,96,N,A,20260611,,Y,INTERSTATE POWER AND LIGHT COMPANY,6940522,2066,Y,C004559,903180,TAMA COUNTY HOME GATE STATION,,,20260611 09:00
6931794,NATURAL GAS PIPELINE CO.,C002096,20260928 05:18,Blanks under Up/Dn Loc and Up/Dn Loc Name indicate Third Party information is not applicable.,903366,SWT LAKE/NGPL  CAMERON,D,CAMERON,LA,EGN,LA,LA,23,Y,A,20191002,,Y,SWEET LAKE LAND & CATTLE CO.,,21394,N,,903366,SWT LAKE/NGPL CAMERON,,,20220907 12:00
6931794,NATURAL GAS PIPELINE CO.,C002096,20260928 05:18,Blanks under Up/Dn Loc and Up/Dn Loc Name indicate Third Party information is not applicable.,903411,IPLC/NGPL BEAMAN GRUNDY,D,GRUNDY,IA,LDC,AMAR,MRKT,96,N,A,20260611,,Y,INTERSTATE POWER AND LIGHT COMPANY,6940522,2066,Y,C004559,903411,BEAMAN GATE STATION,,,20260611 09:00
6931794,NATURAL GAS PIPELINE CO.,C002096,20260928 05:18,Blanks under Up/Dn Loc and Up/Dn Loc Name indicate Third Party information is not applicable.,903474,EMP-EOIT/NGPL BEAVER CREEK CUSTER,R,CUSTER,OK,INT,MIDC,MIDC,3,Y,A,20251101,,Y,ENABLE OKLAHOMA INTRASTATE TRANSMISSION  LLC,7205412,5963,Y,C000960,10090,NGPL CUSTER,,,20260606 09:00
6931794,NATURAL GAS PIPELINE CO.,C002096,20260928 05:18,Blanks under Up/Dn Loc and Up/Dn Loc Name indicate Third Party information is not applicable.,903600,AMER IL/NGPL SHEFFIELD BUREAU,D,BUREAU,IL,LDC,IAIL,MRKT,14,N,A,20260611,,Y,AMEREN ILLINOIS COMPANY,6936017,5254,Y,C003986,903600,SHEFFIELD,,,20260611 09:00
6931794,NATURAL GAS PIPELINE CO.,C002096,20260928 05:18,Blanks under Up/Dn Loc and Up/Dn Loc Name indicate Third Party information is not applicable.,903643,KMTP/NGPL #1 JEFFERSON,D,JEFFERSON,TX,INT,TXOK,TXOK,25,Y,A,20010501,,Y,KINDER MORGAN TEXAS PIPELINE LLC,131905205,36,Y,C000433,903643,KMTP/NGPL #1 JEFFERSON,,,20160401 09:56
6931794,NATURAL GAS PIPELINE CO.,C002096,20260928 05:18,Blanks under Up/Dn Loc and Up/Dn Loc Name indicate Third Party information is not applicable.,903686,WTG/NGPL STINNETT HUTCHINSON,D,HUTCHINSON,TX,INT,MIDC,MIDC,6,Y,A,20260611,,Y,WEST TEXAS GAS INC.,60150745,5357,Y,C000652,903686,WTG/NGPL STINNETT HUTCHINSON,,,20260611 09:00
6931794,NATURAL GAS PIPELINE CO.,C002096,20260928 05:18,Blanks under Up/Dn Loc and Up/Dn Loc Name indicate Third Party information is not applicable.,903690,ET G&P/NGPL  HARRISON,R,HARRISON,TX,INT,TXOK,TXOK,26,Y,A,20130101,,Y,ET GATHERING & PROCESSING LLC,32377308,3862,Y,C012199,903690,HARRISON,,,20240430 15:00
6931794,NATURAL GAS PIPELINE CO.,C002096,20260928 05:18,Blanks under Up/Dn Loc and Up/Dn Loc Name indicate Third Party information is not applicable.,903694,PALOOK/NGPL ELK CITY BECKHAM,R,BECKHAM,OK,INT,MIDC,MIDC,5,N,I,,20140901,Y,PALO DURO G&P (OKLAHOMA) L.P.,122717866,3855,N,,,,,,20220301 09:00
6931794,NATURAL GAS PIPELINE CO.,C002096,20260928 05:18,Blanks under Up/Dn Loc and Up/Dn Loc Name indicate Third Party information is not applicable.,903853,EGT/NGPL  HOT SPRING,R,HOT SPRING,AR,INT,GCST,MRKT,27,Y,A,20251009,,Y,ENABLE GAS TRANSMISSION  LLC,872670161,3019,Y,C000544,801662,NGPL @ HOT SPRINGS DEL,,,20251014 09:00
6931794,NATURAL GAS PIPELINE CO.,C002096,20260928 05:18,Blanks under Up/Dn Loc and Up/Dn Loc Name indicate Third Party information is not applicable.,903933,ENBRIDGE/NGPL BRYANS MILL FUEL CASS,D,CASS,TX,INT,TXOK,TXOK,26,Y,A,20180305,,Y,ENBRIDGE PIPELINES (NE TEXAS) L.L.C.,,3650,Y,C001124,5040836,NGPL RETURN BM,,,20180305 15:00
6931794,NATURAL GAS PIPELINE CO.,C002096,20260928 05:18,Blanks under Up/Dn Loc and Up/Dn Loc Name indicate Third Party information is not applicable.,904105,NICORGAS/NGPL ROWELL AVE WILL,D,WILL,IL,LDC,IAIL,MRKT,32,N,A,20240702,,Y,NICOR GAS COMPANY,6927792,2948,Y,C000600,218,ROWELL AVE.,,,20240702 12:00
6931794,NATURAL GAS PIPELINE CO.,C002096,20260928 05:18,Blanks under Up/Dn Loc and Up/Dn Loc Name indicate Third Party information is not applicable.,904106,NICORGAS/NGPL ROSELLE ROAD COOK,D,COOK,IL,LDC,IAIL,MRKT,30,N,A,20260611,,Y,NICOR GAS COMPANY,6927792,2948,Y,C000600,266,ROSELLE RD.,,,20260611 09:00
6931794,NATURAL GAS PIPELINE CO.,C002096,20260928 05:18,Blanks under Up/Dn Loc and Up/Dn Loc Name indicate Third Party information is not applicable.,904107,NICORGAS/NGPL AMOCO WILL,D,WILL,IL,LDC,IAIL,MRKT,33,N,A,20260611,,Y,NICOR GAS COMPANY,6927792,2948,Y,C000600,233,AMOCO,,,20260611 09:00
6931794,NATURAL GAS PIPELINE CO.,C002096,20260928 05:18,Blanks under Up/Dn Loc and Up/Dn Loc Name indicate Third Party information is not applicable.,904117,NICORGAS/NGPL EOLA ROAD DU PAGE,D,DU PAGE,IL,LDC,IAIL,MRKT,30,N,A,20260611,,Y,NICOR GAS COMPANY,6927792,2948,Y,C000600,239,EOLA RD,,,20260611 09:00
6931794,NATURAL GAS PIPELINE CO.,C002096,20260928 05:18,Blanks under Up/Dn Loc and Up/Dn Loc Name indicate Third Party information is not applicable.,904121,NICORGAS/NGPL TOUHY AVE COOK,D,COOK,IL,LDC,IAIL,MRKT,30,N,A,20260611,,Y,NICOR GAS COMPANY,6927792,2948,Y,C000600,242,TOUHY,,,20260611 09:00
6931794,NATURAL GAS PIPELINE CO.,C002096,20260928 05:18,Blanks under Up/Dn Loc and Up/Dn Loc Name indicate Third Party information is not applicable.,904122,NICORGAS/NGPL SUMMIT AVE COOK,D,COOK,IL,LDC,IAIL,MRKT,31,N,A,20230322,,Y,NICOR GAS COMPANY,6927792,2948,Y,C000600,139,SUMMIT,,,20230322 12:00
6931794,NATURAL GAS PIPELINE CO.,C002096,20260928 05:18,Blanks under Up/Dn Loc and Up/Dn Loc Name indicate Third Party information is not applicable.,904125,NICORGAS/NGPL PARK FOREST COOK,D,COOK,IL,LDC,IAIL,MRKT,33,N,A,20260611,,Y,NICOR GAS COMPANY,6927792,2948,Y,C000600,254,PARK FOREST,,,20260611 09:00
6931794,NATURAL GAS PIPELINE CO.,C002096,20260928 05:18,Blanks under Up/Dn Loc and Up/Dn Loc Name indicate Third Party information is not applicable.,904135,NICORGAS/NGPL 170TH ST COOK,D,COOK,IL,LDC,IAIL,MRKT,32,N,A,20260611,,Y,NICOR GAS COMPANY,6927792,2948,Y,C000600,222,LANSING,,,20260611 09:00
6931794,NATURAL GAS PIPELINE CO.,C002096,20260928 05:18,Blanks under Up/Dn Loc and Up/Dn Loc Name indicate Third Party information is not applicable.,904137,NICORGAS/NGPL RIDGELAND AVE COOK,D,COOK,IL,LDC,IAIL,MRKT,31,N,A,20260611,,Y,NICOR GAS COMPANY,6927792,2948,Y,C000600,150,RIDGELAND,,,20260611 09:00
6931794,NATURAL GAS PIPELINE CO.,C002096,20260928 05:18,Blanks under Up/Dn Loc and Up/Dn Loc Name indicate Third Party information is not applicable.,904147,NICORGAS/NGPL BURNHAM COOK,D,COOK,IL,LDC,IAIL,MRKT,32,N,A,20260611,,Y,NICOR GAS COMPANY,6927792,2948,Y,C000600,177,BURNHAM,,,20260611 09:00
6931794,NATURAL GAS PIPELINE CO.,C002096,20260928 05:18,Blanks under Up/Dn Loc and Up/Dn Loc Name indicate Third Party information is not applicable.,904174,PGLC/NGPL OAKTON STREET COOK,D,COOK,IL,LDC,IAIL,MRKT,30,N,A,20260611,,Y,THE PEOPLES GAS LIGHT AND COKE COMPANY,6932115,3157,Y,C000256,OANA,OAKTON NGPL STATION,,,20260611 09:00
6931794,NATURAL GAS PIPELINE CO.,C002096,20260928 05:18,Blanks under Up/Dn Loc and Up/Dn Loc Name indicate Third Party information is not applicable.,904205,NICORGAS/NGPL STEPAN CHEMICAL WILL,D,WILL,IL,LDC,IAIL,MRKT,33,N,A,20260611,,Y,NICOR GAS COMPANY,6927792,2948,Y,C000600,146,STEPAN CHEMICAL,,,20260611 09:00
6931794,NATURAL GAS PIPELINE CO.,C002096,20260928 05:18,Blanks under Up/Dn Loc and Up/Dn Loc Name indicate Third Party information is not applicable.,904209,NICORGAS/NGPL UPS COOK,D,COOK,IL,LDC,IAIL,MRKT,31,N,A,20260611,,Y,NICOR GAS COMPANY,6927792,2948,Y,C000600,UPS VALVE,UPS COOK,,,20260611 09:00
6931794,NATURAL GAS PIPELINE CO.,C002096,20260928 05:18,Blanks under Up/Dn Loc and Up/Dn Loc Name indicate Third Party information is not applicable.,904210,NICORGAS/NGPL JOLIET EDISON NO WILL,D,WILL,IL,LDC,IAIL,MRKT,32,N,I,,20231130,Y,NICOR GAS COMPANY,6927792,2948,Y,C000600,19,EDISON,,,20231205 12:00
6931794,NATURAL GAS PIPELINE CO.,C002096,20260928 05:18,Blanks under Up/Dn Loc and Up/Dn Loc Name indicate Third Party information is not applicable.,904360,PGLC/NGPL CRAWFORD COOK,D,COOK,IL,LDC,IAIL,MRKT,31,N,A,20141016,,Y,THE PEOPLES GAS LIGHT AND COKE COMPANY,6932115,3157,Y,C000256,CRNA,CRAWFORD NGPL STATION,,,20160608 12:00
6931794,NATURAL GAS PIPELINE CO.,C002096,20260928 05:18,Blanks under Up/Dn Loc and Up/Dn Loc Name indicate Third Party information is not applicable.,904567,MMGK EO/NGPL RED OAK LATIMER,R,LATIMER,OK,INT,TXOK,TXOK,16,Y,A,20241011,,Y,MMGK EAST OKLAHOMA 2020  LLC,117391864,10725,N,,,,,,20241011 12:00
6931794,NATURAL GAS PIPELINE CO.,C002096,20260928 05:18,Blanks under Up/Dn Loc and Up/Dn Loc Name indicate Third Party information is not applicable.,904570,CHOCKIE/NGPL LAFEVERS ATOKA,R,ATOKA,OK,WHD,TXOK,TXOK,16,Y,A,20241011,,Y,CHOCKIE PIPELINE  LLC,,11706,N,,,,,,20260501 09:00
6931794,NATURAL GAS PIPELINE CO.,C002096,20260928 05:18,Blanks under Up/Dn Loc and Up/Dn Loc Name indicate Third Party information is not applicable.,904758,ANR/NGPL SOUTH JOLIET #2 WILL,D,WILL,IL,INT,IAIL,MRKT,33,Y,A,20160406,,Y,ANR PIPELINE COMPANY,6958581,2686,Y,C000623,2610,JOLIET (NGPL),,,20160407 09:00
6931794,NATURAL GAS PIPELINE CO.,C002096,20260928 05:18,Blanks under Up/Dn Loc and Up/Dn Loc Name indicate Third Party information is not applicable.,904829,NICORGAS/NGPL HODGKINS COOK,D,COOK,IL,LDC,IAIL,MRKT,31,N,A,20260611,,Y,NICOR GAS COMPANY,6927792,2948,Y,C000600,VALVE112,HODGKINS,,,20260611 09:00
6931794,NATURAL GAS PIPELINE CO.,C002096,20260928 05:18,Blanks under Up/Dn Loc and Up/Dn Loc Name indicate Third Party information is not applicable.,904881,AMER IL/NGPL HARRISON JACKSON,D,JACKSON,IL,LDC,IAIL,MRKT,28,N,A,20220802,,Y,AMEREN ILLINOIS COMPANY,6936017,5254,Y,C003986,904881,HARRISON,,,20220803 09:00
6931794,NATURAL GAS PIPELINE CO.,C002096,20260928 05:18,Blanks under Up/Dn Loc and Up/Dn Loc Name indicate Third Party information is not applicable.,905207,CIG/NGPL FORGAN BEAVER,R,BEAVER,OK,INT,MIDC,MIDC,10,Y,A,20150501,,Y,COLORADO INTERSTATE GAS COMPANY  L.L.C.,6914865,15038,Y,C000981,891044,NGPL/CIG (FOR) FORGAN BEAVER,,,20160404 15:00
6931794,NATURAL GAS PIPELINE CO.,C002096,20260928 05:18,Blanks under Up/Dn Loc and Up/Dn Loc Name indicate Third Party information is not applicable.,905231,KMTP/NGPL KATY TAP HARRIS,R,HARRIS,TX,INT,STX,STX,22,Y,A,20191002,,Y,KINDER MORGAN TEXAS PIPELINE LLC,131905205,36,Y,C000433,905231,KMTP/NGPL KATY TAP HARRIS,,,20191008 12:00
6931794,NATURAL GAS PIPELINE CO.,C002096,20260928 05:18,Blanks under Up/Dn Loc and Up/Dn Loc Name indicate Third Party information is not applicable.,905317,TARGA MC/NGPL ENVILLE PLT LOVE,D,LOVE,OK,INT,TXOK,TXOK,15,Y,A,20171011,,Y,TARGA PIPELINE MID-CONTINENT LLC,124278057,4690,N,,,,,,20171011 15:01
6931794,NATURAL GAS PIPELINE CO.,C002096,20260928 05:18,Blanks under Up/Dn Loc and Up/Dn Loc Name indicate Third Party information is not applicable.,905348,ONEOKFS/NGPL #2 BECKHAM,R,BECKHAM,OK,INT,MIDC,MIDC,6,N,I,,20151201,Y,ONEOK FIELD SERVICES COMPANY,807558072,3031,Y,C001674,DU50034,BECKHAM,,,20160401 09:56
6931794,NATURAL GAS PIPELINE CO.,C002096,20260928 05:18,Blanks under Up/Dn Loc and Up/Dn Loc Name indicate Third Party information is not applicable.,905353,ANR/NGPL MILLS RANCH WHEELER,R,WHEELER,TX,INT,MIDC,MIDC,6,N,I,,19970220,Y,ANR PIPELINE COMPANY,6958581,2686,Y,C000623,905353,NGPL WHEELER,,,20181002 12:00
6931794,NATURAL GAS PIPELINE CO.,C002096,20260928 05:18,Blanks under Up/Dn Loc and Up/Dn Loc Name indicate Third Party information is not applicable.,905565,EGT/NGPL  CUSTER,R,CUSTER,OK,INT,MIDC,MIDC,3,Y,A,20171011,,Y,ENABLE GAS TRANSMISSION  LLC,872670161,3019,Y,C000544,801510,NGPL @ CUSTER CO DEL,,,20171011 15:01
6931794,NATURAL GAS PIPELINE CO.,C002096,20260928 05:18,Blanks under Up/Dn Loc and Up/Dn Loc Name indicate Third Party information is not applicable.,905567,WILL MLP/NGPL  BECKHAM,R,BECKHAM,OK,WHD,MIDC,MIDC,6,Y,A,20241011,,Y,WILLIAMS MLP OPERATING  LLC,967633087,8611,N,,,,,,20250502 12:00
6931794,NATURAL GAS PIPELINE CO.,C002096,20260928 05:18,Blanks under Up/Dn Loc and Up/Dn Loc Name indicate Third Party information is not applicable.,905570,ONEOKWES/NGPL  CARSON,D,CARSON,TX,INT,MIDC,MIDC,6,Y,A,20260611,,Y,ONEOK WESTEX TRANSMISSION  L.L.C.,611855602,69,Y,C000586,905570,NGPL CARSON,,,20260611 09:00
6931794,NATURAL GAS PIPELINE CO.,C002096,20260928 05:18,Blanks under Up/Dn Loc and Up/Dn Loc Name indicate Third Party information is not applicable.,905572,DCP INTR/NGPL THOMPSONVILLE JIM HOG,R,JIM HOGG,TX,INT,STX,STX,18,Y,A,20190601,,Y,DCP INTRASTATE NETWORK  L.L.C.,110828530,2918,Y,C000104,00492760,TENNESSEE KATY CK MTR,,,20190601 09:00
6931794,NATURAL GAS PIPELINE CO.,C002096,20260928 05:18,Blanks under Up/Dn Loc and Up/Dn Loc Name indicate Third Party information is not applicable.,905582,LONESTAR/NGPL  LAMAR,D,LAMAR,TX,EGN,TXOK,TXOK,17,Y,A,20260611,,Y,LONESTAR GENERATION LLC,79277363,9190,N,,,,,,20260611 09:00
6931794,NATURAL GAS PIPELINE CO.,C002096,20260928 05:18,Blanks under Up/Dn Loc and Up/Dn Loc Name indicate Third Party information is not applicable.,906103,PEPL/NGPL  MOULTRIE,D,MOULTRIE,IL,INT,IAIL,MRKT,28,Y,A,19970701,,Y,PANHANDLE EASTERN PIPE LINE COMPANY  LP,45256641,3086,Y,C000250,NGPLM,NGPL MOULTRIE COUNTY,,,20160401 09:56
6931794,NATURAL GAS PIPELINE CO.,C002096,20260928 05:18,Blanks under Up/Dn Loc and Up/Dn Loc Name indicate Third Party information is not applicable.,906104,ANR/NGPL SOUTH JOLIET #1 WEST WILL,R,WILL,IL,INT,IAIL,MRKT,28,Y,A,20100101,,Y,ANR PIPELINE COMPANY,6958581,2686,Y,C000623,40419,JOLIET WEST/NGPL,,,20160401 09:56
6931794,NATURAL GAS PIPELINE CO.,C002096,20260928 05:18,Blanks under Up/Dn Loc and Up/Dn Loc Name indicate Third Party information is not applicable.,906107,MIDWSTRN/NGPL CHANNAHON WILL,R,WILL,IL,INT,IAIL,MRKT,33,Y,A,19970501,,Y,MIDWESTERN GAS TRANSMISSION COMPANY,6792451,15462,Y,C000582,4201,JOLIET - NGPL,,,20160401 09:56
6931794,NATURAL GAS PIPELINE CO.,C002096,20260928 05:18,Blanks under Up/Dn Loc and Up/Dn Loc Name indicate Third Party information is not applicable.,906298,MIDCOAST/NGPL GOODRICH POLK,R,POLK,TX,INT,TXOK,TXOK,26,N,I,,20151123,Y,MIDCOAST PIPELINES (EAST TEXAS) L.P.,150213390,3367,Y,C001125,1015302,NGPL GOODRICH,,,20181026 09:00
6931794,NATURAL GAS PIPELINE CO.,C002096,20260928 05:18,Blanks under Up/Dn Loc and Up/Dn Loc Name indicate Third Party information is not applicable.,906505,COL GULF/NGPL ERATH VERMILION,D,VERMILION,LA,INT,LA,LA,24,N,I,,20171218,Y,COLUMBIA GULF TRANSMISSION CO.,7854581,15040,Y,C000307,4029,NGPL ERATH,,,20171218 09:00
6931794,NATURAL GAS PIPELINE CO.,C002096,20260928 05:18,Blanks under Up/Dn Loc and Up/Dn Loc Name indicate Third Party information is not applicable.,906507,EMP-EOIT/NGPL REC BRYAN,R,BRYAN,OK,INT,TXOK,TXOK,17,Y,A,20260611,,Y,ENABLE OKLAHOMA INTRASTATE TRANSMISSION  LLC,7205412,5963,Y,C000960,10287,NGPL BRYAN,,,20260611 09:00
6931794,NATURAL GAS PIPELINE CO.,C002096,20260928 05:18,Blanks under Up/Dn Loc and Up/Dn Loc Name indicate Third Party information is not applicable.,907081,CIG/NGPL ADAMS RANCH #2 BEAVER,D,BEAVER,OK,INT,MIDC,MIDC,10,N,I,,20260901,Y,COLORADO INTERSTATE GAS COMPANY  L.L.C.,6914865,15038,Y,C000981,907081,CIG/NGPL ADAMS RANCH #2 BEAVER,,,20260909 12:00
6931794,NATURAL GAS PIPELINE CO.,C002096,20260928 05:18,Blanks under Up/Dn Loc and Up/Dn Loc Name indicate Third Party information is not applicable.,907088,NGPL/KMTEJAS TORO GRANDE JACKSON,R,JACKSON,TX,INT,STX,STX,22,Y,A,20171011,,Y,NATURAL GAS PIPELINE COMPANY OF AMERICA LLC,6931794,1,Y,C002096,907088,KMTEJAS/NGPL TORO GRANDE JACKSON,,,20220803 09:00
6931794,NATURAL GAS PIPELINE CO.,C002096,20260928 05:18,Blanks under Up/Dn Loc and Up/Dn Loc Name indicate Third Party information is not applicable.,907112,WISC ELE/NGPL  KENOSHA,D,KENOSHA,WI,LDC,IAIL,MRKT,39,Y,A,19970501,,Y,WISCONSIN ELECTRIC POWER COMPANY,7947385,5989,N,,,,,,20160608 09:00
6931794,NATURAL GAS PIPELINE CO.,C002096,20260928 05:18,Blanks under Up/Dn Loc and Up/Dn Loc Name indicate Third Party information is not applicable.,907610,BRIDGHOL/NGPL  VERMILION,B,VERMILION,LA,INT,LA,LA,24,N,I,,20250219,Y,BRIDGELINE HOLDINGS  L.P.,125805478,17905,Y,C000826,846205,NGPL ERATH,,,20250219 15:00
6931794,NATURAL GAS PIPELINE CO.,C002096,20260928 05:18,Blanks under Up/Dn Loc and Up/Dn Loc Name indicate Third Party information is not applicable.,907830,CNTRPT/NGPL SPLENDORA MONTGOMERY,D,MONTGOMERY,TX,LDC,TXOK,TXOK,26,Y,A,19970501,,Y,CENTERPOINT ENERGY RESOURCES CORP.,6948210,5569,N,,,,,,20171213 15:00
6931794,NATURAL GAS PIPELINE CO.,C002096,20260928 05:18,Blanks under Up/Dn Loc and Up/Dn Loc Name indicate Third Party information is not applicable.,907860,LIBERTY/NGPL CDP SOUTH,D,UNKNOWN,IL,VIR,IAIL,MRKT,28,Y,A,19940127,,N,,,,,,,,,,20160401 09:56
6931794,NATURAL GAS PIPELINE CO.,C002096,20260928 05:18,Blanks under Up/Dn Loc and Up/Dn Loc Name indicate Third Party information is not applicable.,908087,ONG/NGPL MARIETTA LOVE,D,LOVE,OK,LDC,TXOK,TXOK,15,Y,A,20100101,,Y,OKLAHOMA NATURAL GAS COMPANY  A DIVISION OF ONE GAS  INC.,77349132,9179,N,,,,,,20161001 09:00
6931794,NATURAL GAS PIPELINE CO.,C002096,20260928 05:18,Blanks under Up/Dn Loc and Up/Dn Loc Name indicate Third Party information is not applicable.,908090,N BORDER/NGPL HARPER KEOKUK,R,KEOKUK,IA,INT,IAIL,MRKT,14,Y,A,20090817,,Y,NORTHERN BORDER PIPELINE CO.,21632583,4657,Y,C000626,103750,HARPER,,,20160401 09:56
6931794,NATURAL GAS PIPELINE CO.,C002096,20260928 05:18,Blanks under Up/Dn Loc and Up/Dn Loc Name indicate Third Party information is not applicable.,908135,TARGA/NGPL SAUNDERS PLT LEA,R,LEA,NM,INT,PERM,PERM,8,N,A,20191002,,Y,TARGA MIDSTREAM SERVICES LLC,801475463,2893,N,,,,,,20220628 09:00
6931794,NATURAL GAS PIPELINE CO.,C002096,20260928 05:18,Blanks under Up/Dn Loc and Up/Dn Loc Name indicate Third Party information is not applicable.,908196,DCP OPER/NGPL ADOBE PLT LEA,R,LEA,NM,GTH,PERM,PERM,9,N,I,,20151201,Y,DCP OPERATING COMPANY  LP,3048753,3368,Y,C011323,908196,DCP OPER/NGPL ADOBE PLT LEA,,,20220531 09:00
6931794,NATURAL GAS PIPELINE CO.,C002096,20260928 05:18,Blanks under Up/Dn Loc and Up/Dn Loc Name indicate Third Party information is not applicable.,908197,ENSTOR/NGPL KATY FORT BEND,B,FORT BEND,TX,STR,STX,STX,22,Y,A,19970501,,Y,ENSTOR KATY STORAGE AND TRANSPORTATION  L.P.,,3869,Y,C001615,KATY,NGPL,,,20240213 15:00
6931794,NATURAL GAS PIPELINE CO.,C002096,20260928 05:18,Blanks under Up/Dn Loc and Up/Dn Loc Name indicate Third Party information is not applicable.,909209,LIBERTY/NGPL CDP MISSOURI,D,UNKNOWN,MO,VIR,GCST,MRKT,27,Y,A,19931201,,N,,,,,,,,,,20160401 09:56
6931794,NATURAL GAS PIPELINE CO.,C002096,20260928 05:18,Blanks under Up/Dn Loc and Up/Dn Loc Name indicate Third Party information is not applicable.,909260,NIPSCO/NGPL CDP,D,UNKNOWN,IL,VIR,IAIL,MRKT,36,Y,A,19931201,,N,,,,,,,,,,20160401 09:56
6931794,NATURAL GAS PIPELINE CO.,C002096,20260928 05:18,Blanks under Up/Dn Loc and Up/Dn Loc Name indicate Third Party information is not applicable.,909285,PGLC/NGPL CDP,D,UNKNOWN,IL,VIR,IAIL,MRKT,30,Y,A,19931201,,N,,,,,,,,,,20160401 09:56
6931794,NATURAL GAS PIPELINE CO.,C002096,20260928 05:18,Blanks under Up/Dn Loc and Up/Dn Loc Name indicate Third Party information is not applicable.,909294,WISC ELE/NGPL CDP,D,UNKNOWN,IL,VIR,IAIL,MRKT,29,Y,A,19931201,,N,,,,,,,,,,20160401 09:56
6931794,NATURAL GAS PIPELINE CO.,C002096,20260928 05:18,Blanks under Up/Dn Loc and Up/Dn Loc Name indicate Third Party information is not applicable.,909406,BHSC/NGPL G CDP,D,UNKNOWN,IA,VIR,AMAR,MRKT,13,Y,A,19931201,,N,,,,,,,,,,20190320 15:00
6931794,NATURAL GAS PIPELINE CO.,C002096,20260928 05:18,Blanks under Up/Dn Loc and Up/Dn Loc Name indicate Third Party information is not applicable.,909442,AMUE/NGPL CDP,D,UNKNOWN,MO,VIR,GCST,MRKT,27,Y,A,19931201,,N,,,,,,,,,,20160401 09:56
6931794,NATURAL GAS PIPELINE CO.,C002096,20260928 05:18,Blanks under Up/Dn Loc and Up/Dn Loc Name indicate Third Party information is not applicable.,909444,LIBERTY/NGPL CDP NORTH,D,UNKNOWN,IL,VIR,IAIL,MRKT,28,Y,A,19931201,,N,,,,,,,,,,20160401 09:56
