{"type": "FeatureCollection", "features": [{"id": "36", "type": "Feature", "properties": {"admin": "Canada", "name": "Alberta", "postal": "AB"}, "geometry": {"type": "Polygon", "coordinates": [[[-109.999432, 48.993083], [-114.062517, 48.993083], [-114.057474, 49.037962], [-114.189794, 49.168062], [-114.354847, 49.210689], [-114.565224, 49.393886], [-114.577474, 49.543619], [-114.734023, 49.587201], [-114.642842, 49.730298], [-114.684931, 49.93427], [-114.651961, 50.019612], [-114.789136, 50.359145], [-114.992795, 50.545033], [-115.091189, 50.584815], [-115.205958, 50.553658], [-115.346522, 50.728945], [-115.633892, 50.855243], [-115.588002, 50.909197], [-115.618934, 50.962316], [-115.997643, 51.129539], [-116.04188, 51.229998], [-116.250313, 51.322657], [-116.309952, 51.447769], [-116.674033, 51.790685], [-116.912783, 51.713847], [-117.320145, 52.155959], [-117.587316, 52.141731], [-117.787767, 52.232523], [-117.821819, 52.272161], [-117.734642, 52.35257], [-117.757615, 52.394637], [-118.001989, 52.485889], [-118.060101, 52.41272], [-118.221024, 52.3861], [-118.225028, 52.482692], [-118.350261, 52.62346], [-118.330211, 52.708824], [-118.476923, 52.878508], [-118.630709, 52.909434], [-118.803673, 53.153397], [-118.99255, 53.235585], [-119.022108, 53.139444], [-119.261061, 53.209493], [-119.399763, 53.352502], [-119.680107, 53.37064], [-119.89384, 53.51555], [-119.91823, 53.61223], [-119.73483, 53.633653], [-119.904431, 53.723005], [-120.001018, 53.843788], [-120.0, 60.001087], [-110.000025, 60.001087], [-109.999432, 48.993083]]]}}, {"id": "37", "type": "Feature", "properties": {"admin": "Canada", "name": "British Columbia", "postal": "BC"}, "geometry": {"type": "MultiPolygon", "coordinates": [[[[-120.0, 60.001087], [-120.001018, 53.843788], [-119.904431, 53.723005], [-119.73483, 53.633653], [-119.91823, 53.61223], [-119.89384, 53.51555], [-119.680107, 53.37064], [-119.399763, 53.352502], [-119.261061, 53.209493], [-119.022108, 53.139444], [-118.99255, 53.235585], [-118.803673, 53.153397], [-118.630709, 52.909434], [-118.476923, 52.878508], [-118.330211, 52.708824], [-118.350261, 52.62346], [-118.225028, 52.482692], [-118.221024, 52.3861], [-118.060101, 52.41272], [-118.001989, 52.485889], [-117.757615, 52.394637], [-117.734642, 52.35257], [-117.821819, 52.272161], [-117.787767, 52.232523], [-117.587316, 52.141731], [-117.320145, 52.155959], [-116.912783, 51.713847], [-116.674033, 51.790685], [-116.309952, 51.447769], [-116.250313, 51.322657], [-116.04188, 51.229998], [-115.997643, 51.129539], [-115.618934, 50.962316], [-115.588002, 50.909197], [-115.633892, 50.855243], [-115.346522, 50.728945], [-115.205958, 50.553658], [-115.091189, 50.584815], [-114.992795, 50.545033], [-114.789136, 50.359145], [-114.651961, 50.019612], [-114.684931, 49.93427], [-114.642842, 49.730298], [-114.734023, 49.587201], [-114.577474, 49.543619], [-114.565224, 49.393886], [-114.354847, 49.210689], [-114.189794, 49.168062], [-114.057474, 49.037962], [-114.062517, 48.993083], [-122.788777, 48.993028], [-122.924172, 49.074678], [-123.086435, 48.993028], [-123.117647, 49.056331], [-123.079563, 49.130599], [-123.181884, 49.129511], [-123.229422, 49.260512], [-122.947633, 49.293273], [-122.879112, 49.398951], [-123.015534, 49.322156], [-123.276762, 49.343964], [-123.187487, 49.680332], [-123.324997, 49.577698], [-123.335643, 49.4592], [-123.530568, 49.397292], [-123.891837, 49.494707], [-124.0286, 49.602868], [-124.053792, 49.661722], [-123.992609, 49.736165], [-123.922769, 49.717532], [-123.81719, 49.586586], [-123.582478, 49.681255], [-123.762671, 49.658525], [-123.874396, 49.736813], [-123.904268, 49.981138], [-123.78466, 50.088002], [-123.825457, 50.14423], [-123.94589, 50.183913], [-123.865739, 50.072083], [-123.957442, 49.992762], [-123.984935, 49.87556], [-124.281269, 49.772101], [-124.483247, 49.808224], [-124.782378, 50.020096], [-124.933352, 50.297907], [-125.0436, 50.363748], [-125.056701, 50.418625], [-124.862655, 50.637297], [-124.859864, 50.872404], [-124.933582, 50.810595], [-124.942547, 50.665696], [-125.058772, 50.513865], [-125.209872, 50.476303], [-125.476313, 50.497177], [-125.525976, 50.534146], [-125.539336, 50.64903], [-125.641316, 50.466218], [-125.772422, 50.508185], [-126.094338, 50.497594], [-126.404476, 50.529883], [-126.447471, 50.58777], [-125.90412, 50.704917], [-126.514339, 50.679385], [-126.517339, 50.724451], [-126.374604, 50.837358], [-126.521755, 50.866043], [-126.484599, 50.960503], [-126.517339, 51.056832], [-126.6318, 50.915141], [-127.057586, 50.867537], [-127.356947, 50.945551], [-127.708119, 51.151193], [-127.689179, 51.343487], [-127.419657, 51.60806], [-126.691434, 51.70341], [-127.338732, 51.707387], [-127.442706, 51.678965], [-127.668689, 51.477586], [-127.850535, 51.673176], [-127.863224, 51.820821], [-127.727653, 51.993207], [-127.858808, 51.990285], [-127.795345, 52.191027], [-127.437927, 52.35613], [-127.242255, 52.395098], [-127.175744, 52.314843], [-127.007977, 52.290662], [-126.713994, 52.060696], [-126.938164, 52.308592], [-127.127069, 52.370961], [-127.193987, 52.457676], [-127.187115, 52.537668], [-126.951315, 52.721227], [-127.008235, 52.84256], [-127.013223, 52.719986], [-127.066194, 52.652706], [-127.519264, 52.359283], [-127.834308, 52.251002], [-128.102254, 51.788411], [-128.193567, 51.998272], [-128.357615, 52.158881], [-128.037478, 52.31815], [-128.051557, 52.453337], [-127.940222, 52.54516], [-128.038253, 52.531164], [-128.271542, 52.363007], [-128.132378, 52.805822], [-128.053266, 52.910676], [-128.365025, 52.825773], [-128.451971, 52.876618], [-128.524684, 53.140685], [-128.652323, 53.243825], [-129.080927, 53.367256], [-129.17157, 53.533578], [-129.114463, 53.641124], [-129.02142, 53.692144], [-128.854587, 53.704548], [-128.905613, 53.559319], [-128.542125, 53.420672], [-128.358049, 53.459816], [-128.132692, 53.417772], [-127.927846, 53.274708], [-127.950066, 53.329815], [-128.207234, 53.483195], [-128.511764, 53.476559], [-128.675553, 53.554617], [-128.763658, 53.7469], [-128.71472, 53.809994], [-128.532121, 53.858104], [-128.704799, 53.918616], [-128.890166, 53.829759], [-128.959358, 53.84147], [-129.208127, 53.641585], [-129.25784, 53.41798], [-129.4624, 53.346558], [-129.563716, 53.251483], [-129.821785, 53.412762], [-129.911883, 53.551354], [-130.074382, 53.575645], [-130.335242, 53.723906], [-130.085956, 53.975778], [-130.043296, 54.133542], [-129.626036, 54.230255], [-130.084248, 54.181398], [-130.290313, 54.270388], [-130.430251, 54.421021], [-130.350485, 54.655316], [-130.218946, 54.730253], [-129.890153, 55.164642], [-129.560667, 55.462536], [-129.70133, 55.438575], [-129.79517, 55.559556], [-129.877156, 55.250632], [-130.048466, 55.057261], [-130.091796, 55.107744], [-129.985135, 55.358847], [-130.09296, 55.631846], [-130.085127, 55.751685], [-130.020302, 55.880775], [-130.014073, 55.950538], [-130.055958, 56.065235], [-130.097866, 56.10929], [-130.214705, 56.082835], [-130.413146, 56.122518], [-130.477097, 56.230568], [-130.649072, 56.26367], [-130.741681, 56.340827], [-131.082922, 56.404822], [-131.575115, 56.598819], [-131.824274, 56.589986], [-131.866159, 56.792838], [-132.104282, 56.856789], [-132.03152, 57.02655], [-132.337989, 57.07946], [-132.232158, 57.19853], [-133.422576, 58.337065], [-133.401103, 58.410882], [-133.820742, 58.705052], [-134.296994, 58.898499], [-134.440756, 59.085333], [-134.94377, 59.288272], [-135.071311, 59.441433], [-135.05103, 59.578663], [-135.475937, 59.793281], [-136.321829, 59.604832], [-136.247133, 59.532905], [-136.347845, 59.456034], [-136.466344, 59.459088], [-136.466728, 59.279945], [-136.578739, 59.152251], [-136.81327, 59.150031], [-137.438579, 58.903125], [-137.520877, 58.915374], [-137.484161, 58.991235], [-137.593299, 59.226254], [-138.632257, 59.778285], [-138.705456, 59.901331], [-139.056519, 60.001582], [-120.0, 60.001087]]], [[[-130.21409, 55.025895], [-130.036551, 55.297917], [-130.146518, 55.654489], [-130.111977, 55.779799], [-130.025081, 55.888212], [-130.122519, 55.691019], [-130.017874, 55.284942], [-130.21409, 55.025895]]], [[[-130.21409, 55.025895], [-130.203906, 54.947036], [-130.34943, 54.814562], [-130.575331, 54.769683], [-130.21409, 55.025895]]], [[[-130.927169, 54.479051], [-130.953448, 54.541838], [-130.906811, 54.631805], [-130.758007, 54.613776], [-130.927169, 54.479051]]], [[[-132.655516, 54.127466], [-132.564049, 54.068635], [-132.303365, 54.098869], [-132.166086, 53.955212], [-132.175106, 53.846535], [-132.564873, 53.687629], [-132.534644, 53.651714], [-132.186965, 53.684838], [-132.114022, 53.86018], [-132.134412, 54.034269], [-131.940828, 54.041971], [-131.667642, 54.141342], [-131.702551, 53.986391], [-131.889153, 53.713985], [-131.928067, 53.379221], [-132.011316, 53.265171], [-132.520461, 53.194068], [-132.747526, 53.31049], [-132.692567, 53.36785], [-132.425012, 53.336956], [-132.845013, 53.507695], [-133.052238, 53.778112], [-133.097941, 54.005595], [-133.048387, 54.15892], [-132.655516, 54.127466]]], [[[-130.236282, 53.958563], [-130.38423, 53.843953], [-130.624633, 53.941413], [-130.663596, 53.847568], [-130.707261, 53.921495], [-130.448, 54.089003], [-130.315862, 54.046937], [-130.236282, 53.958563]]], [[[-129.848608, 53.167921], [-129.934389, 53.176655], [-130.51756, 53.544224], [-130.451982, 53.631148], [-130.394826, 53.620392], [-129.944749, 53.436371], [-129.754839, 53.244759], [-129.848608, 53.167921]]], [[[-129.167741, 53.1179], [-129.323884, 53.142136], [-129.238202, 53.330079], [-129.177019, 53.259151], [-129.167741, 53.1179]]], [[[-128.55243, 52.939767], [-128.509929, 52.518607], [-128.678937, 52.289651], [-128.730925, 52.356525], [-128.766449, 52.598389], [-128.746322, 52.763393], [-128.831202, 52.678798], [-128.899828, 52.673843], [-129.084701, 52.822455], [-129.184303, 52.990667], [-129.03323, 53.279948], [-128.632685, 53.112516], [-128.55243, 52.939767]]], [[[-131.753736, 53.195562], [-131.652321, 53.102958], [-131.634672, 52.922167], [-131.971782, 52.879826], [-131.727303, 52.756417], [-131.455226, 52.701694], [-131.590594, 52.578207], [-131.429958, 52.422125], [-131.259736, 52.415917], [-131.319935, 52.303066], [-131.142638, 52.291124], [-131.11615, 52.219086], [-131.221547, 52.153641], [-131.421872, 52.238005], [-131.562041, 52.399954], [-132.165108, 52.783289], [-132.258124, 52.933901], [-132.144926, 52.957488], [-132.143762, 52.999302], [-132.468677, 53.071856], [-132.54679, 53.137477], [-132.153891, 53.160472], [-131.89313, 53.231432], [-131.753736, 53.195562]]], [[[-129.313705, 52.992194], [-129.40972, 53.023736], [-129.514722, 53.17939], [-129.450749, 53.174688], [-129.313705, 52.992194]]], [[[-128.93688, 52.510026], [-128.968713, 52.464235], [-129.151025, 52.605322], [-129.263525, 52.800779], [-128.994009, 52.661692], [-128.93688, 52.510026]]], [[[-128.368777, 52.400888], [-128.445384, 52.387496], [-128.412519, 52.47287], [-128.439803, 52.696365], [-128.364871, 52.781894], [-128.247284, 52.784377], [-128.368777, 52.400888]]], [[[-131.029308, 51.961633], [-131.103439, 52.013884], [-131.098116, 52.150619], [-131.010654, 52.09527], [-131.029308, 51.961633]]], [[[-127.924643, 51.473862], [-128.091789, 51.511116], [-128.142403, 51.646589], [-127.998691, 51.703816], [-127.916371, 51.585428], [-127.924643, 51.473862]]], [[[-127.918079, 50.860539], [-126.700942, 50.515524], [-125.482075, 50.31677], [-124.934643, 49.731639], [-124.930666, 49.643177], [-124.830619, 49.530105], [-124.642851, 49.428658], [-123.995811, 49.224026], [-123.820036, 49.083511], [-123.497032, 48.582095], [-123.415459, 48.698188], [-123.283788, 48.455181], [-123.334533, 48.406479], [-123.445896, 48.427221], [-123.573151, 48.322785], [-124.11526, 48.436427], [-125.017221, 48.711492], [-125.120729, 48.760799], [-125.135687, 48.822399], [-124.849658, 49.028272], [-124.812634, 49.212655], [-124.927359, 49.01422], [-125.543131, 48.952829], [-125.82854, 49.091839], [-125.644261, 49.185783], [-125.835439, 49.276684], [-125.951636, 49.248053], [-125.983832, 49.287901], [-125.935409, 49.401477], [-126.020312, 49.367991], [-126.243609, 49.442665], [-126.304484, 49.382054], [-126.418583, 49.449026], [-126.548551, 49.418946], [-126.54191, 49.590464], [-126.134081, 49.672312], [-126.347578, 49.660843], [-126.525243, 49.719598], [-126.683117, 49.876438], [-126.90331, 49.944136], [-126.9771, 49.8828], [-127.114303, 49.879745], [-127.195876, 49.949146], [-127.179622, 50.073116], [-127.249797, 50.138001], [-127.349432, 50.051956], [-127.467151, 50.163445], [-127.863894, 50.12774], [-127.83917, 50.293205], [-127.962931, 50.345972], [-127.905884, 50.44519], [-127.641427, 50.479093], [-127.486503, 50.404628], [-127.529004, 50.536761], [-127.465937, 50.583112], [-127.751471, 50.607348], [-127.731163, 50.535728], [-128.058353, 50.498473], [-128.349886, 50.696601], [-128.241572, 50.828162], [-127.918079, 50.860539]]], [[[-125.074015, 50.220651], [-125.19509, 50.044332], [-125.358468, 50.311508], [-125.301158, 50.414076], [-125.195996, 50.389742], [-125.074015, 50.220651]]], [[[-124.977742, 50.02961], [-125.025956, 50.134101], [-124.990816, 50.217146], [-124.907462, 50.08397], [-124.977742, 50.02961]]], [[[-126.641231, 49.605812], [-126.938549, 49.718466], [-126.89685, 49.782901], [-126.925838, 49.837734], [-126.826076, 49.872352], [-126.738125, 49.843677], [-126.649911, 49.7458], [-126.641231, 49.605812]]], [[[-124.153685, 49.53116], [-124.362326, 49.58819], [-124.649855, 49.758357], [-124.421493, 49.727771], [-124.153685, 49.53116]]], [[[-126.092063, 49.353995], [-126.064032, 49.26361], [-126.229629, 49.295646], [-126.208546, 49.379779], [-126.092063, 49.353995]]], [[[-123.377918, 48.908224], [-123.541032, 48.945951], [-123.689238, 49.095091], [-123.377918, 48.908224]]], [[[-123.435382, 48.754438], [-123.517522, 48.750153], [-123.582346, 48.925802], [-123.467858, 48.86741], [-123.435382, 48.754438]]]]}}, {"id": "38", "type": "Feature", "properties": {"admin": "Canada", "name": "Manitoba", "postal": "MB"}, "geometry": {"type": "Polygon", "coordinates": [[[-88.948495, 56.851307], [-91.378451, 55.317011], [-93.620223, 53.747933], [-95.153826, 52.822357], [-95.162044, 48.991764], [-101.367271, 48.993138], [-102.001105, 55.817526], [-102.001649, 60.001087], [-94.771886, 60.001768], [-94.788267, 59.26786], [-94.870252, 59.08797], [-94.957352, 59.068853], [-94.776171, 59.020579], [-94.673388, 58.8701], [-94.579181, 58.868452], [-94.419242, 58.745515], [-94.287054, 58.716005], [-94.332219, 58.297371], [-94.208919, 58.626346], [-94.123188, 58.736704], [-93.780035, 58.772541], [-93.178753, 58.725618], [-93.100201, 58.489863], [-92.432804, 57.320324], [-92.614111, 57.03903], [-92.798154, 56.921949], [-92.456314, 57.036723], [-92.303352, 57.045875], [-92.355702, 56.970574], [-90.897448, 57.256922], [-90.592193, 57.224469], [-89.790839, 56.98133], [-88.948495, 56.851307]]]}}, {"id": "39", "type": "Feature", "properties": {"admin": "Canada", "name": "New Brunswick", "postal": "NB"}, "geometry": {"type": "MultiPolygon", "coordinates": [[[[-63.831913, 46.107161], [-64.159592, 45.964789], [-64.272839, 45.849861], [-64.482238, 45.806355], [-64.632685, 45.946651], [-64.593672, 45.813694], [-64.778517, 45.638429], [-64.897895, 45.626004], [-65.884478, 45.222904], [-66.109753, 45.316618], [-66.026586, 45.417593], [-66.182724, 45.335218], [-66.107358, 45.256929], [-66.143733, 45.227606], [-66.439837, 45.095902], [-66.510951, 45.143341], [-66.872479, 45.067272], [-66.976574, 45.157195], [-67.084064, 45.143968], [-67.249584, 45.200778], [-67.315294, 45.153833], [-67.472541, 45.275891], [-67.427947, 45.377954], [-67.493657, 45.474074], [-67.424432, 45.530401], [-67.43265, 45.603108], [-67.595742, 45.62073], [-67.802241, 45.727517], [-67.767051, 45.926985], [-67.806789, 47.082813], [-68.235497, 47.345946], [-68.828715, 47.203322], [-69.00309, 47.236446], [-69.05366, 47.294585], [-68.628467, 47.420697], [-68.429637, 47.528188], [-68.37921, 47.588986], [-68.377913, 47.929375], [-68.113516, 47.929375], [-68.113516, 47.998567], [-67.612891, 47.998567], [-67.579042, 47.939505], [-67.364853, 47.8548], [-67.057576, 47.918576], [-66.951822, 47.899449], [-66.842684, 47.997897], [-66.359615, 48.060662], [-65.849388, 47.911028], [-65.60726, 47.67001], [-65.001683, 47.846846], [-65.046386, 47.793002], [-64.873967, 47.797243], [-64.703228, 47.724843], [-64.852159, 47.569859], [-64.912177, 47.368633], [-65.318902, 47.101204], [-65.192065, 47.049579], [-65.042409, 47.0888], [-64.831417, 47.060796], [-64.905772, 46.887937], [-64.816706, 46.698698], [-64.72586, 46.671441], [-64.647857, 46.355979], [-64.556857, 46.311441], [-64.541509, 46.240326], [-63.915915, 46.165817], [-63.831913, 46.107161]]], [[[-64.476086, 47.958885], [-64.591299, 47.907205], [-64.51957, 48.005082], [-64.476086, 47.958885]]], [[[-64.508561, 47.886737], [-64.533907, 47.813777], [-64.684573, 47.753594], [-64.663282, 47.863018], [-64.508561, 47.886737]]], [[[-66.762483, 44.681773], [-66.897044, 44.628907], [-66.802166, 44.80538], [-66.745433, 44.791405], [-66.762483, 44.681773]]]]}}, {"id": "40", "type": "Feature", "properties": {"admin": "Canada", "name": "Newfoundland and Labrador", "postal": "NL"}, "geometry": {"type": "MultiPolygon", "coordinates": [[[[-57.100128, 51.443342], [-57.101029, 52.001117], [-63.756899, 52.010522], [-63.785507, 52.050776], [-63.664295, 52.060125], [-63.765589, 52.297529], [-64.059418, 52.48512], [-63.898545, 52.589249], [-63.409687, 52.688719], [-63.550246, 52.774149], [-63.554585, 52.964311], [-63.722544, 53.109188], [-63.90506, 53.076921], [-63.973373, 52.895064], [-64.178477, 52.815325], [-64.183465, 52.554158], [-64.103188, 52.378487], [-64.130676, 52.186688], [-64.270828, 52.083229], [-64.334571, 51.841904], [-64.290516, 51.728777], [-64.598012, 51.600369], [-64.702327, 51.745422], [-64.626719, 51.825314], [-65.137133, 52.154695], [-65.4521, 52.202914], [-65.589144, 52.073364], [-65.780558, 52.103895], [-65.882929, 52.054214], [-66.035782, 52.109245], [-66.096965, 52.209528], [-66.279535, 52.300814], [-66.345453, 52.154849], [-66.407438, 52.183688], [-66.462216, 52.294529], [-66.394233, 52.417829], [-66.426093, 52.660868], [-66.300212, 52.896877], [-66.428038, 53.010816], [-66.615278, 52.93155], [-66.688348, 52.726885], [-66.814778, 52.6865], [-67.068024, 52.754922], [-67.053654, 52.920025], [-66.970301, 53.072988], [-66.944439, 53.355139], [-67.076055, 53.417409], [-67.164913, 53.543038], [-67.47353, 53.613317], [-67.470992, 53.796459], [-67.76147, 54.060735], [-67.511323, 54.236176], [-67.609716, 54.45164], [-67.601421, 54.552791], [-67.285521, 54.518558], [-67.15018, 54.616666], [-67.415775, 54.983774], [-67.40815, 55.071785], [-67.301747, 55.063721], [-67.166725, 54.937477], [-66.724449, 54.747974], [-66.650785, 54.798566], [-66.747443, 55.129145], [-66.725064, 55.21319], [-66.79731, 55.29383], [-66.773986, 55.32825], [-66.156631, 54.967756], [-65.883643, 54.907188], [-65.675804, 54.744931], [-64.341053, 54.72632], [-63.698825, 54.615194], [-63.476044, 54.961867], [-63.551158, 55.086254], [-63.534019, 55.140351], [-63.111825, 55.33983], [-63.154353, 55.51359], [-63.415169, 55.596009], [-63.700572, 55.860911], [-63.698407, 55.92338], [-63.558464, 55.992495], [-63.578305, 56.025574], [-64.004146, 56.097458], [-63.899325, 56.212331], [-64.12148, 56.299409], [-64.136103, 56.394572], [-63.925572, 56.475366], [-64.115591, 56.707397], [-63.903302, 56.889342], [-63.757854, 57.227666], [-63.799899, 57.31872], [-63.7421, 57.395778], [-63.758503, 57.552927], [-63.601255, 57.723061], [-63.793494, 57.705966], [-63.96131, 57.80169], [-64.045466, 57.785255], [-64.226586, 58.01755], [-64.400379, 58.121414], [-64.09776, 58.35918], [-63.848008, 58.459738], [-63.882374, 58.55521], [-64.062494, 58.554825], [-64.070811, 58.641694], [-63.496709, 58.753447], [-63.727137, 58.861684], [-64.191781, 58.76874], [-64.294075, 58.865991], [-64.848313, 58.949223], [-64.832834, 59.020019], [-64.770256, 59.048693], [-64.324364, 59.019964], [-64.477811, 59.116182], [-64.519493, 59.225793], [-64.503134, 59.398652], [-64.37867, 59.475073], [-64.385295, 59.514766], [-64.714621, 59.466295], [-64.818024, 59.540244], [-64.790822, 59.815572], [-64.661469, 59.921513], [-64.887271, 60.035409], [-64.622303, 60.141317], [-64.846688, 60.250763], [-64.614272, 60.30598], [-64.436348, 60.228109], [-64.419572, 60.171364], [-64.52771, 60.094526], [-64.768443, 60.012096], [-64.283517, 60.064083], [-64.18285, 59.972929], [-64.168787, 59.846532], [-64.226312, 59.741184], [-64.056056, 59.822548], [-63.928835, 59.644943], [-63.750186, 59.512591], [-63.970715, 59.409056], [-63.945446, 59.380195], [-63.78086, 59.349246], [-63.775872, 59.277154], [-63.63751, 59.341446], [-63.539886, 59.332866], [-63.415147, 59.194372], [-63.506191, 59.115205], [-63.971154, 59.053813], [-63.94103, 59.027402], [-63.248407, 59.068337], [-63.309876, 59.026479], [-63.216393, 58.927976], [-63.282124, 58.867364], [-63.050302, 58.878164], [-62.92608, 58.765048], [-62.873883, 58.672445], [-63.389922, 58.452553], [-63.537051, 58.329924], [-63.209988, 58.466923], [-63.119505, 58.441754], [-63.132106, 58.410849], [-62.607882, 58.496378], [-62.674339, 58.319179], [-62.812052, 58.200406], [-63.261503, 58.014671], [-62.817535, 58.12927], [-62.486253, 58.154077], [-62.305649, 57.972275], [-62.11742, 57.964112], [-61.899056, 57.861324], [-61.994889, 57.769445], [-61.931278, 57.668569], [-61.96794, 57.611934], [-62.338564, 57.484504], [-62.495558, 57.489206], [-61.921127, 57.420783], [-61.849815, 57.370422], [-61.977454, 57.247924], [-61.628528, 57.183182], [-61.333743, 57.010576], [-61.390487, 56.852966], [-61.371624, 56.680832], [-61.531695, 56.654575], [-62.062488, 56.699069], [-62.38174, 56.787696], [-62.295827, 56.832806], [-62.497261, 56.801704], [-62.395517, 56.730029], [-61.737754, 56.526013], [-62.009677, 56.453865], [-61.94043, 56.423587], [-61.425292, 56.360646], [-61.707135, 56.288708], [-61.713079, 56.230931], [-61.364703, 56.216022], [-61.301114, 56.047174], [-61.449528, 55.995703], [-61.187889, 55.955394], [-61.089341, 55.866361], [-60.99576, 55.862351], [-60.831866, 55.957877], [-60.743239, 55.941441], [-60.736625, 55.886982], [-60.592572, 55.814835], [-60.56214, 55.726988], [-60.475843, 55.805123], [-60.341018, 55.784655], [-60.408299, 55.649578], [-60.192362, 55.480905], [-60.360959, 55.366285], [-60.450102, 55.199941], [-60.617127, 55.060206], [-60.212544, 55.236426], [-59.758798, 55.309595], [-59.695495, 55.269133], [-59.68909, 55.196326], [-59.437865, 55.175914], [-59.741725, 54.942586], [-59.83779, 54.813936], [-59.259579, 55.199941], [-58.997116, 55.149448], [-58.780158, 54.838359], [-58.39813, 54.774122], [-58.222854, 54.812673], [-58.195257, 54.865902], [-57.962456, 54.875745], [-57.9293, 54.773144], [-57.826852, 54.718674], [-57.404505, 54.590881], [-57.563224, 54.440445], [-57.699268, 54.386546], [-58.151377, 54.350434], [-58.219745, 54.28645], [-58.435187, 54.228112], [-58.633216, 54.049573], [-58.920222, 54.033083], [-59.496521, 53.834153], [-59.823035, 53.834439], [-60.056538, 53.733365], [-60.144901, 53.596135], [-60.395401, 53.653318], [-60.100308, 53.486963], [-60.290273, 53.39147], [-60.305774, 53.360104], [-60.251205, 53.34357], [-60.329461, 53.266105], [-60.14834, 53.306568], [-59.829055, 53.504542], [-59.322267, 53.643749], [-58.652024, 53.977899], [-57.928267, 54.103571], [-58.317469, 54.11447], [-58.360777, 54.154471], [-58.192104, 54.228167], [-57.416073, 54.162766], [-57.134977, 53.791856], [-57.52408, 53.611406], [-57.386157, 53.56055], [-57.331764, 53.469089], [-56.840862, 53.739429], [-56.524291, 53.766434], [-56.464998, 53.765038], [-56.354025, 53.624479], [-56.110161, 53.587587], [-55.966087, 53.471132], [-55.79793, 53.211943], [-55.892346, 53.000434], [-55.829867, 52.878431], [-55.872527, 52.735696], [-55.802819, 52.64317], [-56.3249, 52.544523], [-55.746459, 52.474573], [-55.716203, 52.391484], [-55.777133, 52.364249], [-56.011713, 52.394472], [-55.691066, 52.241619], [-55.69523, 52.137798], [-56.282559, 51.797046], [-56.976005, 51.45769], [-57.100128, 51.443342]]], [[[-62.011226, 57.548477], [-61.659543, 57.524967], [-61.637471, 57.416081], [-61.795268, 57.422442], [-62.011226, 57.548477]]], [[[-60.966404, 56.098853], [-60.98273, 56.015137], [-61.195843, 56.063917], [-61.086891, 56.140832], [-60.966404, 56.098853]]], [[[-55.361245, 51.88965], [-55.419605, 51.900032], [-55.399818, 51.938484], [-55.274091, 51.995174], [-55.361245, 51.88965]]], [[[-55.458727, 51.53655], [-55.583422, 51.388597], [-56.031093, 51.328392], [-55.999913, 51.199247], [-55.841106, 51.20507], [-55.79548, 51.166178], [-55.800028, 51.033321], [-55.871417, 50.907385], [-56.106547, 50.759278], [-56.195734, 50.584771], [-56.454352, 50.38003], [-56.483938, 50.270837], [-56.73235, 50.007692], [-56.754103, 49.882898], [-56.848618, 49.765312], [-56.822185, 49.613459], [-56.179408, 50.114974], [-56.12218, 50.062832], [-56.161292, 49.940159], [-55.927019, 50.017778], [-55.764729, 49.960462], [-55.502914, 49.983149], [-55.583685, 49.892413], [-56.039981, 49.704667], [-56.140187, 49.619117], [-55.869813, 49.670148], [-55.892039, 49.580258], [-56.087321, 49.451971], [-55.815244, 49.515274], [-55.678091, 49.434601], [-55.375945, 49.489742], [-55.343854, 49.37288], [-55.280188, 49.412749], [-55.283034, 49.513824], [-55.229541, 49.508144], [-55.200296, 49.408509], [-55.353181, 49.079435], [-55.252338, 49.120876], [-55.244526, 49.19979], [-55.176137, 49.244439], [-55.026173, 49.305358], [-54.982634, 49.268103], [-54.502202, 49.527337], [-54.469177, 49.529798], [-54.448248, 49.32944], [-54.316731, 49.42412], [-53.957731, 49.441841], [-53.619462, 49.32164], [-53.569562, 49.264148], [-53.573418, 49.141189], [-53.903239, 48.889163], [-54.161285, 48.787693], [-53.852888, 48.811336], [-53.966003, 48.706691], [-53.706331, 48.655528], [-53.794639, 48.526394], [-54.114473, 48.393581], [-53.644423, 48.511222], [-53.552028, 48.481801], [-53.411337, 48.562155], [-53.027584, 48.634709], [-53.037329, 48.515848], [-53.135723, 48.401853], [-53.334312, 48.355964], [-53.60975, 48.207703], [-53.56019, 48.173832], [-53.569408, 48.088073], [-53.869576, 48.019683], [-53.638215, 48.01464], [-53.863655, 47.787037], [-53.76514, 47.650092], [-53.67235, 47.648257], [-53.503754, 47.74386], [-53.282742, 47.997842], [-52.921006, 48.147091], [-52.865997, 48.112979], [-53.153861, 47.734555], [-53.169824, 47.512093], [-53.12244, 47.455118], [-52.945033, 47.552808], [-52.782402, 47.769436], [-52.711398, 47.745299], [-52.653654, 47.549402], [-52.683624, 47.4263], [-52.912426, 47.103192], [-52.8892, 46.974136], [-53.069783, 46.68123], [-53.167012, 46.646502], [-53.323018, 46.718341], [-53.589799, 46.638888], [-53.597368, 47.146006], [-54.009597, 46.839619], [-54.102399, 46.824898], [-54.173744, 46.88039], [-54.092687, 47.086219], [-53.849526, 47.440308], [-53.988998, 47.756209], [-54.191827, 47.859821], [-54.48814, 47.403877], [-54.56255, 47.375192], [-54.473934, 47.547073], [-54.651155, 47.408217], [-54.856643, 47.385014], [-55.090432, 47.173944], [-55.139673, 47.045965], [-55.315718, 46.905713], [-55.788526, 46.867217], [-55.949915, 46.927675], [-55.919219, 47.016873], [-55.491521, 47.16064], [-55.190836, 47.448987], [-54.869508, 47.570891], [-54.784606, 47.664737], [-54.94594, 47.620868], [-55.366277, 47.661067], [-55.434645, 47.501282], [-55.576138, 47.465214], [-55.862068, 47.530066], [-56.127267, 47.502842], [-55.867078, 47.592337], [-55.857926, 47.819204], [-56.020139, 47.763702], [-56.121422, 47.789179], [-56.26297, 47.658431], [-56.774098, 47.565003], [-58.333234, 47.676855], [-58.336848, 47.73083], [-58.613133, 47.626241], [-58.941151, 47.580461], [-59.116955, 47.570716], [-59.259733, 47.634195], [-59.362422, 47.865688], [-59.340867, 47.93366], [-58.60497, 48.411313], [-58.330235, 48.522099], [-59.166822, 48.521769], [-59.1677, 48.558486], [-58.84178, 48.746429], [-58.906446, 48.65021], [-58.716459, 48.598069], [-58.493733, 49.003212], [-58.403667, 49.084346], [-57.990515, 48.987941], [-58.098906, 49.077414], [-57.9801, 49.229629], [-58.190939, 49.258754], [-58.213395, 49.386646], [-58.015828, 49.542509], [-57.856054, 49.4738], [-57.791322, 49.490005], [-57.926146, 49.700844], [-57.432586, 50.505801], [-57.330556, 50.605184], [-57.179581, 50.614841], [-57.297992, 50.69871], [-57.053283, 50.857309], [-57.005657, 50.939629], [-57.035913, 51.010843], [-56.825152, 51.125716], [-56.682395, 51.332786], [-56.025567, 51.568377], [-55.902113, 51.563928], [-55.865836, 51.508282], [-55.690451, 51.471324], [-55.666391, 51.578924], [-55.521624, 51.596381], [-55.458727, 51.53655]]], [[[-55.536137, 50.719694], [-55.63386, 50.740184], [-55.469296, 50.796379], [-55.472735, 50.775922], [-55.536137, 50.719694]]], [[[-54.093698, 49.74446], [-53.980648, 49.661985], [-54.286134, 49.595375], [-54.277664, 49.71149], [-54.199375, 49.688539], [-54.093698, 49.74446]]], [[[-54.55442, 49.58886], [-54.786495, 49.496158], [-54.863576, 49.576094], [-54.733113, 49.562142], [-54.559166, 49.631498], [-54.55442, 49.58886]]], [[[-54.227127, 47.441341], [-54.32596, 47.408118], [-54.128162, 47.646807], [-54.147542, 47.573122], [-54.227127, 47.441341]]]]}}, {"id": "41", "type": "Feature", "properties": {"admin": "Canada", "name": "Nova Scotia", "postal": "NS"}, "geometry": {"type": "MultiPolygon", "coordinates": [[[[-64.91288, 45.374801], [-64.030942, 46.012668], [-63.702879, 45.858024], [-63.509245, 45.874723], [-63.292803, 45.75194], [-62.910809, 45.776385], [-62.700684, 45.740569], [-62.750122, 45.648251], [-62.483056, 45.621818], [-61.955514, 45.868153], [-61.877248, 45.714213], [-61.776503, 45.655612], [-61.492287, 45.687033], [-61.350508, 45.573676], [-61.281964, 45.441049], [-61.460998, 45.366693], [-61.106733, 45.348654], [-61.03152, 45.291756], [-61.101075, 45.233462], [-61.283799, 45.235484], [-63.306316, 44.642595], [-63.604024, 44.683212], [-63.544819, 44.543762], [-63.609759, 44.479976], [-63.820641, 44.510672], [-63.999729, 44.644925], [-64.100859, 44.487469], [-64.167007, 44.586686], [-64.286066, 44.550332], [-64.338526, 44.444864], [-64.275706, 44.334088], [-64.378208, 44.303546], [-64.862343, 43.867862], [-65.086827, 43.727182], [-65.234922, 43.726742], [-65.329603, 43.668108], [-65.344302, 43.549621], [-65.661906, 43.534031], [-65.738151, 43.560728], [-65.886906, 43.795209], [-65.9784, 43.814842], [-66.037638, 43.742167], [-66.125727, 43.813842], [-66.193084, 44.143871], [-66.099579, 44.367498], [-65.868021, 44.5688], [-65.941937, 44.575524], [-66.146392, 44.435943], [-66.021697, 44.561703], [-65.615752, 44.680399], [-65.502275, 44.760391], [-65.728231, 44.697121], [-64.902938, 45.120808], [-64.448851, 45.25605], [-64.406894, 45.305708], [-64.448158, 45.337437], [-64.330748, 45.309323], [-64.354236, 45.138222], [-64.235013, 45.114304], [-64.135509, 45.023063], [-64.182718, 45.147011], [-64.09319, 45.217082], [-63.368016, 45.364782], [-64.600187, 45.410045], [-64.746668, 45.324363], [-64.91288, 45.374801]]], [[[-61.105183, 45.944739], [-60.865242, 45.983499], [-61.037563, 45.882216], [-60.971524, 45.838007], [-61.09211, 45.748369], [-61.05903, 45.703358], [-60.73791, 45.751424], [-60.460594, 45.968689], [-60.733285, 45.956571], [-60.573192, 46.061425], [-60.58575, 46.116664], [-60.504934, 46.203852], [-60.297941, 46.311254], [-60.226453, 46.195557], [-59.865047, 46.159511], [-59.848765, 46.112951], [-59.934041, 46.019413], [-59.828023, 45.965152], [-60.386106, 45.654656], [-60.672959, 45.590814], [-61.283667, 45.573863], [-61.449781, 45.716223], [-61.495308, 45.941432], [-61.408648, 46.170365], [-61.240524, 46.302553], [-60.870153, 46.796784], [-60.616654, 46.975784], [-60.48907, 47.00971], [-60.408222, 47.003535], [-60.425448, 46.923181], [-60.331768, 46.767846], [-60.482401, 46.413526], [-60.494541, 46.270275], [-60.576862, 46.172167], [-61.105183, 45.944739]]], [[[-60.91245, 45.567293], [-61.00289, 45.48172], [-61.08175, 45.55779], [-60.91245, 45.567293]]], [[[-66.273779, 44.292307], [-66.324107, 44.257294], [-66.210377, 44.392019], [-66.273779, 44.292307]]], [[[-59.787582, 43.939591], [-60.037752, 43.906621], [-60.117458, 43.953368], [-59.866365, 43.947161], [-59.727124, 44.00284], [-59.787582, 43.939591]]]]}}, {"id": "42", "type": "Feature", "properties": {"admin": "Canada", "name": "Northwest Territories", "postal": "NT"}, "geometry": {"type": "MultiPolygon", "coordinates": [[[[-102.001649, 60.001087], [-123.819157, 60.001087], [-124.010824, 60.046131], [-123.997361, 60.126562], [-124.184688, 60.320965], [-124.225486, 60.452768], [-124.402838, 60.494088], [-124.599444, 60.662135], [-124.611227, 60.701202], [-124.505028, 60.788488], [-124.582597, 60.952822], [-124.806509, 60.961062], [-124.880486, 60.860317], [-125.322499, 60.792389], [-125.89916, 60.890233], [-126.003184, 60.808791], [-126.161519, 60.865876], [-126.296887, 60.784511], [-126.859277, 60.769416], [-126.944212, 61.052446], [-127.092907, 61.070507], [-127.026764, 61.126472], [-127.02126, 61.236753], [-127.166598, 61.464521], [-127.608666, 61.532856], [-127.807233, 61.618747], [-127.993577, 61.711219], [-128.04657, 61.813381], [-128.206327, 61.865269], [-128.560829, 62.116911], [-128.81386, 62.063814], [-128.90737, 62.118999], [-129.254714, 62.152771], [-129.232829, 62.21982], [-129.29337, 62.294231], [-129.239289, 62.373244], [-129.296314, 62.425287], [-129.18945, 62.490293], [-129.490256, 62.598717], [-129.718667, 62.831671], [-129.713937, 62.930603], [-129.611775, 63.058681], [-129.827497, 63.091761], [-129.905682, 63.187408], [-130.133604, 63.276452], [-129.844938, 63.485786], [-130.110681, 63.695031], [-130.302607, 63.703711], [-130.117916, 63.79337], [-130.757726, 63.993047], [-130.929701, 64.125465], [-130.91332, 64.192514], [-131.106718, 64.400903], [-131.358772, 64.458471], [-131.585914, 64.38026], [-131.796808, 64.387906], [-131.729006, 64.533816], [-132.106271, 64.702148], [-132.588104, 64.794082], [-132.497, 64.957481], [-132.35259, 65.057248], [-132.516066, 65.094162], [-132.579446, 65.18458], [-132.773234, 65.20341], [-132.345872, 65.443418], [-132.194689, 65.597655], [-132.295252, 65.716142], [-132.554848, 65.857009], [-132.342746, 65.978968], [-132.614328, 66.029231], [-132.902505, 65.913545], [-132.967797, 65.933705], [-132.93798, 66.02866], [-133.412133, 65.956029], [-133.621632, 65.974629], [-133.677184, 66.095632], [-133.568716, 66.176634], [-133.583157, 66.285102], [-133.800121, 66.325587], [-133.739378, 66.439845], [-133.65403, 66.452842], [-133.635194, 66.565649], [-133.763921, 66.650969], [-133.794155, 66.818631], [-134.031323, 66.944029], [-134.055581, 67.004487], [-136.126053, 67.004696], [-136.194553, 67.036216], [-136.217987, 67.181224], [-136.105179, 67.304216], [-136.177623, 67.422627], [-136.169251, 67.514231], [-136.233307, 67.600265], [-136.400711, 67.665897], [-136.445437, 67.746592], [-136.443756, 68.895124], [-136.122362, 68.882205], [-135.231222, 68.694283], [-135.434573, 68.841995], [-135.894725, 68.926699], [-135.924772, 68.992639], [-135.575545, 69.026949], [-135.910199, 69.111489], [-135.691456, 69.311166], [-135.292822, 69.307859], [-135.229799, 69.425215], [-135.140843, 69.467798], [-134.456823, 69.47762], [-134.495374, 69.571926], [-134.408945, 69.68179], [-134.24203, 69.668826], [-134.077471, 69.557875], [-133.879805, 69.507722], [-134.174337, 69.252828], [-133.163134, 69.433905], [-132.840311, 69.650687], [-132.403901, 69.658751], [-132.568361, 69.698126], [-132.488496, 69.738072], [-132.163427, 69.704993], [-131.440939, 69.91793], [-131.136381, 69.906899], [-130.926163, 70.051611], [-130.66548, 70.127032], [-129.944985, 70.090942], [-129.675644, 70.19295], [-129.538442, 70.105181], [-129.648283, 69.997745], [-130.832087, 69.651489], [-131.937779, 69.534727], [-132.330782, 69.307969], [-132.817471, 69.205752], [-133.418313, 68.844269], [-133.348391, 68.76988], [-133.196823, 68.739833], [-133.138019, 68.7466], [-133.336663, 68.835227], [-132.706031, 68.814869], [-132.532656, 68.875646], [-132.7391, 68.922458], [-132.770131, 69.012173], [-132.718923, 69.079189], [-131.91964, 69.290522], [-131.786937, 69.371294], [-131.820165, 69.401627], [-131.788387, 69.43196], [-131.342935, 69.435399], [-131.303011, 69.415096], [-131.32472, 69.361197], [-131.161732, 69.454988], [-131.063415, 69.450692], [-130.986286, 69.3629], [-130.970658, 69.209059], [-130.515956, 69.569652], [-130.117635, 69.720088], [-129.109118, 69.881938], [-128.898949, 69.966171], [-128.938638, 69.875017], [-129.157897, 69.800079], [-129.05434, 69.701071], [-128.85301, 69.751036], [-128.386734, 69.960172], [-128.278623, 70.108125], [-127.683779, 70.260363], [-127.974043, 70.292915], [-128.043653, 70.328785], [-127.988902, 70.363151], [-128.170105, 70.418445], [-128.127314, 70.523815], [-127.990995, 70.573835], [-127.225973, 70.296145], [-126.926821, 70.061719], [-126.684924, 69.777085], [-126.250453, 69.545262], [-125.9074, 69.418557], [-125.524966, 69.351584], [-125.386785, 69.3492], [-125.171865, 69.427983], [-125.16685, 69.479795], [-125.356919, 69.625957], [-125.219403, 69.732382], [-125.201166, 69.828809], [-125.079596, 69.817833], [-124.767909, 69.990022], [-124.990404, 70.026628], [-124.555027, 70.151224], [-124.444493, 70.110608], [-124.471931, 69.918501], [-124.406925, 69.767417], [-124.124615, 69.690007], [-124.481336, 69.425171], [-124.338091, 69.364834], [-123.528398, 69.389355], [-123.213662, 69.541494], [-123.025768, 69.81], [-121.531106, 69.775789], [-120.681851, 69.566938], [-120.677951, 68.002848], [-112.503903, 65.502337], [-110.669466, 65.497141], [-109.516385, 64.902912], [-108.97293, 64.779195], [-101.999144, 64.228429], [-102.001649, 60.001087]]], [[[-110.004365, 78.686723], [-110.003667, 78.321702], [-110.755094, 78.310727], [-111.16918, 78.38628], [-111.517501, 78.274702], [-112.131236, 78.366065], [-113.17252, 78.283799], [-113.292562, 78.334391], [-112.855872, 78.466842], [-111.708784, 78.574684], [-110.877569, 78.735041], [-110.407805, 78.75664], [-110.004365, 78.686723]]], [[[-110.003541, 78.089649], [-110.00359, 77.928941], [-110.865605, 77.834118], [-110.719388, 77.781427], [-110.152752, 77.762959], [-110.116892, 77.624718], [-110.198488, 77.524523], [-110.893999, 77.425976], [-111.951972, 77.344193], [-112.372671, 77.364112], [-113.164352, 77.530258], [-113.208539, 77.580202], [-113.120637, 77.632628], [-113.283465, 77.813024], [-113.187066, 77.912351], [-112.304589, 78.006768], [-111.206593, 78.088155], [-110.003541, 78.089649]]], [[[-113.832452, 77.754632], [-114.287231, 77.721486], [-114.608345, 77.769331], [-115.029358, 77.967536], [-114.33038, 78.077564], [-114.279843, 78.004307], [-113.768039, 77.903562], [-113.617917, 77.832404], [-113.832452, 77.754632]]], [[[-115.551285, 77.363288], [-115.470206, 77.308664], [-116.3292, 77.137046], [-115.810057, 76.939127], [-116.252746, 76.9014], [-115.946304, 76.71126], [-116.220446, 76.611087], [-116.999234, 76.531612], [-117.044476, 76.373112], [-117.233616, 76.281519], [-117.49241, 76.272708], [-117.992975, 76.405829], [-118.020232, 76.446544], [-117.965405, 76.57403], [-117.780455, 76.784253], [-117.88081, 76.805083], [-118.300603, 76.73666], [-118.409148, 76.662294], [-118.468161, 76.547366], [-118.791401, 76.512979], [-118.799564, 76.463782], [-118.643887, 76.417508], [-118.624535, 76.365883], [-118.993945, 76.14486], [-119.168226, 76.126491], [-119.523706, 76.340307], [-119.580346, 76.326508], [-119.648944, 76.279871], [-119.639666, 76.156692], [-119.739636, 76.117735], [-119.549727, 76.052047], [-119.526134, 75.997226], [-119.91288, 75.858831], [-120.408874, 75.82563], [-120.563309, 76.008432], [-120.848382, 76.182686], [-121.019302, 76.020275], [-121.213474, 75.983679], [-121.908211, 76.034788], [-122.400481, 75.944249], [-122.640494, 76.00908], [-122.546259, 76.080502], [-122.608661, 76.121448], [-122.59272, 76.162064], [-122.902804, 76.13473], [-122.423064, 76.390064], [-121.561126, 76.453444], [-121.102007, 76.660745], [-120.485355, 76.793196], [-120.31092, 76.904608], [-119.090191, 77.305104], [-118.005197, 77.381217], [-117.418615, 77.317398], [-117.148994, 77.36086], [-116.843536, 77.339568], [-116.703619, 77.379954], [-117.039724, 77.46512], [-116.835291, 77.528863], [-116.511309, 77.547616], [-115.551285, 77.363288]]], [[[-113.487591, 76.783275], [-113.71246, 76.710568], [-114.835257, 76.79469], [-114.419858, 76.875363], [-113.891647, 76.894864], [-113.516502, 76.825023], [-113.487591, 76.783275]]], [[[-110.002404, 75.539063], [-110.002816, 74.850989], [-110.386744, 74.813965], [-110.940873, 74.638722], [-111.72873, 74.501964], [-112.519355, 74.416853], [-113.514047, 74.430081], [-114.174759, 74.573738], [-114.37694, 74.670846], [-114.132483, 74.766131], [-112.836003, 74.975574], [-111.671112, 75.019453], [-111.033476, 75.226776], [-111.181221, 75.260471], [-111.620827, 75.167769], [-112.214177, 75.132931], [-112.597051, 75.211659], [-112.951343, 75.107816], [-113.711789, 75.068617], [-113.844982, 75.112211], [-113.886038, 75.210912], [-113.853304, 75.259384], [-113.467074, 75.416126], [-113.878523, 75.375454], [-114.016523, 75.434264], [-114.16848, 75.239488], [-114.51383, 75.275512], [-114.357769, 75.171273], [-114.451768, 75.087876], [-115.020107, 74.976145], [-115.279648, 75.101565], [-115.413154, 75.115001], [-115.728846, 74.968136], [-116.142646, 75.041569], [-116.476087, 75.17179], [-117.004843, 75.156079], [-117.501968, 75.203859], [-117.600104, 75.271688], [-117.513131, 75.3568], [-117.257643, 75.459533], [-116.077146, 75.492964], [-115.141858, 75.678534], [-115.121885, 75.705813], [-116.425654, 75.585359], [-117.0252, 75.601531], [-117.163644, 75.644894], [-116.972647, 75.745738], [-116.802167, 75.771599], [-114.991526, 75.896349], [-116.337879, 75.881056], [-116.664525, 75.957587], [-116.549679, 76.016858], [-116.591328, 76.095817], [-116.20985, 76.194419], [-114.778595, 76.172611], [-115.796852, 76.252559], [-115.831733, 76.295779], [-115.779285, 76.364696], [-115.58069, 76.437503], [-114.766867, 76.505695], [-114.193952, 76.451455], [-114.05882, 76.300723], [-113.823487, 76.206823], [-113.171279, 76.257777], [-112.697614, 76.201703], [-111.865257, 75.939295], [-112.056672, 75.834232], [-111.549103, 75.822147], [-111.163285, 75.57022], [-110.002404, 75.539063]]], [[[-110.003409, 76.479668], [-110.002635, 76.244231], [-110.247015, 76.306348], [-110.314449, 76.369398], [-110.270009, 76.416991], [-110.003409, 76.479668]]], [[[-118.328146, 75.579679], [-118.613889, 75.515442], [-118.817136, 75.522111], [-119.394567, 75.617318], [-118.62609, 75.90627], [-117.752473, 76.112461], [-117.512614, 76.099442], [-117.626356, 75.965958], [-118.328146, 75.579679]]], [[[-121.076222, 75.745276], [-121.240913, 75.751857], [-121.0263, 75.847515], [-121.042296, 75.902985], [-120.887812, 75.927979], [-120.921243, 75.814446], [-121.076222, 75.745276]]], [[[-119.736302, 74.112631], [-119.471098, 74.201203], [-119.205948, 74.198006], [-119.149621, 74.167881], [-119.117942, 74.015534], [-118.543972, 74.244642], [-117.514839, 74.231745], [-116.950378, 74.101392], [-115.634331, 73.665531], [-115.455688, 73.584661], [-115.392824, 73.501978], [-115.524468, 73.416757], [-116.482525, 73.253203], [-118.961568, 72.684144], [-119.13156, 72.608855], [-119.512857, 72.302666], [-120.179892, 72.212644], [-120.194415, 72.126764], [-120.366264, 71.88802], [-120.443157, 71.630819], [-120.619323, 71.505762], [-121.472164, 71.389032], [-121.74936, 71.444788], [-122.156623, 71.26593], [-122.83994, 71.097466], [-123.095658, 71.093796], [-123.314741, 71.169174], [-123.68185, 71.493127], [-124.007776, 71.677434], [-125.296664, 71.973021], [-125.84531, 71.978657], [-125.767719, 72.054254], [-125.762578, 72.137509], [-125.583803, 72.183058], [-125.627314, 72.25481], [-125.382781, 72.423823], [-124.987119, 72.588003], [-125.030246, 72.644769], [-124.969678, 72.843303], [-124.564947, 72.944125], [-124.588255, 73.005308], [-124.817105, 73.0588], [-124.804054, 73.125663], [-124.59399, 73.243338], [-124.424207, 73.418723], [-124.114178, 73.527378], [-124.030149, 73.644218], [-123.797272, 73.768154], [-123.873056, 73.82759], [-124.191511, 73.902001], [-124.696261, 74.348178], [-121.504156, 74.545119], [-119.943603, 74.253706], [-119.562647, 74.232832], [-119.736302, 74.112631]]], [[[-110.001833, 72.981852], [-110.000025, 70.001151], [-112.500025, 70.001151], [-112.499822, 69.911547], [-112.649994, 69.834445], [-112.874939, 69.833357], [-112.881064, 70.00136], [-117.055358, 70.002184], [-117.075303, 69.889014], [-116.650495, 69.649808], [-116.856038, 69.649677], [-117.121995, 69.825864], [-117.1954, 70.054072], [-117.162738, 70.092491], [-116.55381, 70.175043], [-114.592327, 70.312449], [-112.637898, 70.225228], [-111.632561, 70.308834], [-112.114158, 70.446866], [-113.757289, 70.690719], [-115.990898, 70.586283], [-117.587058, 70.629536], [-118.376513, 70.967706], [-117.814068, 71.158451], [-115.891653, 71.381792], [-116.045291, 71.423079], [-115.980252, 71.469276], [-115.303423, 71.493721], [-115.586661, 71.546411], [-117.935637, 71.392075], [-118.226445, 71.467112], [-118.148338, 71.525713], [-117.878404, 71.560847], [-117.742344, 71.659351], [-118.58299, 71.649013], [-118.868399, 71.686784], [-118.993742, 71.80303], [-118.944622, 71.985524], [-118.589862, 72.167479], [-118.213504, 72.262874], [-118.48129, 72.427669], [-118.374525, 72.533862], [-118.133122, 72.632827], [-117.256457, 72.914418], [-114.638217, 73.37268], [-114.20641, 73.297797], [-114.05169, 73.070995], [-114.109154, 72.861002], [-114.521531, 72.592936], [-113.578075, 72.652108], [-113.500066, 72.694428], [-113.449837, 72.863255], [-113.208022, 72.981028], [-113.073555, 72.995288], [-112.048091, 72.888062], [-111.269743, 72.713731], [-111.250412, 72.668566], [-111.355497, 72.572106], [-111.610907, 72.435579], [-111.895178, 72.356104], [-111.675116, 72.300139], [-111.311183, 72.45486], [-111.253434, 72.44907], [-111.268084, 72.363849], [-111.139879, 72.365354], [-110.781554, 72.533895], [-110.205129, 72.661304], [-110.19717, 72.758862], [-110.553632, 72.861442], [-110.689412, 72.944542], [-110.660837, 73.008208], [-110.001833, 72.981852]]]]}}, {"id": "43", "type": "Feature", "properties": {"admin": "Canada", "name": "Nunavut", "postal": "NU"}, "geometry": {"type": "MultiPolygon", "coordinates": [[[[-94.771886, 60.001768], [-102.001649, 60.001087], [-101.999144, 64.228429], [-108.97293, 64.779195], [-109.516385, 64.902912], [-110.669466, 65.497141], [-112.503903, 65.502337], [-120.677951, 68.002848], [-120.681851, 69.566938], [-120.14, 69.380566], [-118.868706, 69.257168], [-118.095192, 69.042913], [-117.226948, 68.913417], [-116.059474, 68.836985], [-116.243391, 68.974083], [-115.80636, 68.986641], [-115.442301, 68.940905], [-114.620183, 68.746117], [-113.964409, 68.399081], [-114.095948, 68.266794], [-114.76529, 68.2702], [-114.852209, 68.195273], [-115.127048, 68.132014], [-115.186764, 68.084191], [-115.167072, 68.018536], [-115.434501, 67.902367], [-115.133223, 67.819167], [-113.893196, 67.706876], [-112.503052, 67.681937], [-111.192174, 67.822584], [-110.990014, 67.790801], [-110.073947, 67.992927], [-109.630357, 67.732716], [-109.038041, 67.691166], [-108.949908, 67.493972], [-108.852009, 67.421979], [-108.715114, 67.582829], [-108.613315, 67.598046], [-108.346973, 67.403434], [-107.988725, 67.256415], [-107.909195, 67.162569], [-107.991307, 67.095179], [-108.220779, 67.050608], [-108.496057, 67.09229], [-107.259491, 66.398536], [-107.710343, 66.740057], [-107.746004, 66.961498], [-107.626187, 67.003147], [-107.499218, 66.936174], [-107.156505, 66.881759], [-107.34786, 67.054772], [-107.283161, 67.103265], [-107.567487, 67.273048], [-107.644068, 67.384779], [-107.649885, 67.511276], [-107.954052, 67.699999], [-107.958392, 67.818596], [-107.763105, 67.906816], [-107.72864, 67.958848], [-107.798272, 68.036927], [-106.922563, 68.114161], [-106.668421, 68.216016], [-106.42425, 68.200591], [-106.404376, 68.31932], [-105.933062, 68.443114], [-105.781187, 68.526566], [-105.750206, 68.592297], [-105.932238, 68.636539], [-106.458044, 68.516437], [-106.608474, 68.357377], [-106.853706, 68.386831], [-107.298147, 68.296446], [-107.619343, 68.331075], [-107.741505, 68.285757], [-107.677658, 68.202942], [-107.734167, 68.173718], [-108.322787, 68.154086], [-108.718113, 68.29749], [-108.313487, 68.610776], [-107.435915, 68.688856], [-106.164473, 68.919877], [-105.685584, 68.828152], [-105.539856, 68.718651], [-105.377462, 68.413813], [-105.101331, 68.298007], [-104.959816, 68.310564], [-104.911966, 68.250513], [-104.653194, 68.230078], [-104.661153, 68.148757], [-104.486822, 68.063185], [-103.901558, 68.041069], [-103.474146, 68.115018], [-102.84157, 67.852753], [-102.320362, 67.73566], [-101.883644, 67.745317], [-101.554983, 67.693176], [-100.212948, 67.838602], [-99.032165, 67.718862], [-98.412129, 67.807181], [-98.703558, 67.965725], [-98.720065, 68.041992], [-98.631543, 68.072534], [-97.930763, 67.710776], [-97.454924, 67.617008], [-97.194421, 67.696901], [-97.139852, 67.796228], [-97.546648, 67.960759], [-98.192529, 67.922988], [-98.500289, 68.117655], [-98.380862, 68.132487], [-98.650483, 68.363529], [-98.468555, 68.382129], [-98.218545, 68.31743], [-97.794258, 68.387611], [-97.938877, 68.510449], [-97.828547, 68.532773], [-97.639565, 68.481973], [-97.335782, 68.479127], [-96.976711, 68.255424], [-96.628153, 68.250304], [-96.430646, 68.310608], [-96.722075, 68.038795], [-96.531314, 68.06313], [-96.43938, 68.150878], [-95.970286, 68.249139], [-96.198851, 67.71783], [-96.369123, 67.509759], [-96.185003, 67.375572], [-96.141464, 67.271839], [-95.719941, 67.316796], [-95.77769, 67.18463], [-95.557002, 67.215282], [-95.415927, 67.155593], [-95.418899, 67.013243], [-95.76867, 66.966716], [-96.422533, 67.051772], [-95.885307, 66.741376], [-95.787534, 66.616813], [-95.743144, 66.690454], [-96.016099, 66.870443], [-96.036874, 66.937493], [-95.399651, 66.949457], [-95.258751, 67.262556], [-95.463366, 67.610185], [-95.650485, 67.73744], [-95.460707, 68.021382], [-95.125866, 68.08329], [-94.861024, 68.041641], [-94.744421, 68.070886], [-93.927752, 68.47381], [-93.448918, 68.618917], [-93.643969, 68.633123], [-93.68146, 68.887269], [-93.852457, 69.000341], [-94.064872, 68.784745], [-94.478337, 68.742755], [-94.600423, 68.803246], [-94.562569, 68.911659], [-94.083631, 69.123091], [-94.255381, 69.15149], [-94.254732, 69.313759], [-93.619497, 69.417008], [-93.820443, 69.25262], [-93.748537, 69.226132], [-93.430983, 69.375073], [-93.537078, 69.382324], [-93.532271, 69.480926], [-93.649781, 69.51906], [-94.015291, 69.446715], [-94.270778, 69.455142], [-94.633854, 69.649655], [-94.822528, 69.577771], [-95.964936, 69.802771], [-96.4924, 70.12489], [-96.551364, 70.210287], [-96.545624, 70.327236], [-96.297706, 70.511378], [-96.122732, 70.561223], [-95.878638, 70.548973], [-95.988194, 70.616858], [-95.88634, 70.69429], [-96.257996, 70.642302], [-96.548931, 70.808723], [-96.470384, 71.069714], [-96.52475, 71.12703], [-96.420748, 71.17648], [-96.44656, 71.239893], [-96.061989, 71.413883], [-95.725368, 71.328157], [-95.564237, 71.336781], [-95.406264, 71.491655], [-95.773373, 71.514243], [-95.872332, 71.573152], [-95.201238, 71.903731], [-94.734857, 71.982975], [-94.557065, 71.978965], [-94.478826, 71.84859], [-94.308346, 71.764874], [-93.746313, 71.742803], [-93.762853, 71.638059], [-93.256372, 71.460861], [-92.948689, 71.262107], [-92.882721, 71.069363], [-92.904194, 70.916082], [-92.98145, 70.852262], [-92.355828, 70.634271], [-92.049101, 70.389661], [-92.047343, 70.30333], [-91.760852, 70.326248], [-91.564076, 70.178251], [-91.858576, 70.132668], [-92.320507, 70.235347], [-92.511867, 70.10384], [-91.976701, 70.038669], [-92.887786, 69.668199], [-92.311674, 69.672902], [-92.209095, 69.603292], [-91.911947, 69.531255], [-91.38423, 69.649446], [-91.201813, 69.644799], [-91.150858, 69.637141], [-91.439975, 69.525707], [-90.666658, 69.515522], [-90.415565, 69.456998], [-90.683961, 69.427753], [-90.892284, 69.267297], [-91.057738, 69.318406], [-91.237211, 69.285535], [-90.74476, 69.105908], [-90.479022, 68.881172], [-90.538964, 68.819571], [-90.51018, 68.688878], [-90.573637, 68.474689], [-90.24776, 68.26741], [-90.174437, 68.2702], [-89.897714, 68.490751], [-89.884223, 68.625575], [-89.783093, 68.735955], [-89.666616, 69.014601], [-89.279557, 69.255465], [-89.056732, 69.266111], [-88.041332, 68.811716], [-87.827758, 68.448091], [-87.827912, 68.299962], [-87.990949, 68.242031], [-88.111161, 68.251183], [-88.23523, 68.339084], [-88.34695, 68.288284], [-88.313837, 67.950322], [-88.19591, 67.76584], [-87.499102, 67.355325], [-87.359389, 67.177247], [-86.560814, 67.482107], [-86.39803, 67.800095], [-85.952578, 68.07249], [-85.731094, 68.445026], [-85.744893, 68.57829], [-85.689774, 68.670948], [-85.491086, 68.773989], [-85.275073, 68.741338], [-84.867579, 68.773319], [-85.106664, 68.844071], [-85.083384, 68.907891], [-84.916073, 68.962251], [-84.862207, 69.073971], [-85.386771, 69.231899], [-85.431914, 69.353881], [-85.415973, 69.547745], [-85.502424, 69.651511], [-85.446097, 69.777777], [-85.507357, 69.845244], [-85.019817, 69.804781], [-84.318801, 69.843695], [-83.665356, 69.69973], [-82.618359, 69.69104], [-82.374188, 69.641799], [-82.495686, 69.532244], [-82.754842, 69.494363], [-82.309852, 69.410032], [-82.208152, 69.297015], [-82.227565, 69.248895], [-81.732158, 69.258102], [-81.412291, 69.198149], [-81.321599, 69.138933], [-81.957938, 68.883655], [-81.380914, 68.850059], [-81.263514, 68.780603], [-81.281543, 68.657205], [-81.914839, 68.458769], [-82.210173, 68.506263], [-82.552683, 68.446465], [-82.222423, 68.145242], [-82.012507, 68.193878], [-82.102145, 68.018899], [-82.062528, 67.928152], [-81.294364, 67.497433], [-81.301055, 67.356973], [-81.387198, 67.188563], [-81.467585, 67.069889], [-81.630106, 67.002004], [-81.925539, 66.974725], [-82.198341, 66.764656], [-82.641519, 66.587512], [-82.948883, 66.550818], [-83.298369, 66.392153], [-83.523083, 66.368763], [-83.998022, 66.728533], [-84.207982, 66.736344], [-84.366262, 66.811117], [-84.272582, 66.839231], [-84.538451, 66.972814], [-84.845772, 67.028723], [-85.111289, 66.8909], [-85.018268, 66.872091], [-84.857373, 66.940668], [-84.63858, 66.902325], [-84.223066, 66.682489], [-83.797566, 66.238465], [-83.905078, 66.211769], [-84.324251, 66.290661], [-84.4784, 66.179315], [-85.096194, 66.325356], [-85.442219, 66.537338], [-85.603861, 66.568242], [-86.708163, 66.523066], [-86.737101, 66.510904], [-86.688629, 66.457489], [-86.747, 66.417081], [-86.685114, 66.360392], [-86.113088, 66.225315], [-86.000841, 66.186841], [-85.958731, 66.119066], [-86.042853, 66.022529], [-87.081083, 65.440814], [-87.452904, 65.33896], [-87.969976, 65.348935], [-88.672464, 65.611553], [-88.74393, 65.678778], [-89.749398, 65.936023], [-89.94401, 65.933573], [-89.847748, 65.87228], [-89.889694, 65.868534], [-90.316271, 65.926366], [-91.41152, 65.959358], [-91.041105, 65.829829], [-91.064923, 65.899911], [-90.98346, 65.919236], [-89.924059, 65.78027], [-88.974049, 65.348309], [-87.391952, 65.260561], [-87.027547, 65.198093], [-87.002695, 65.108587], [-87.280507, 64.826173], [-87.885018, 64.400464], [-87.997562, 64.24393], [-88.105624, 64.183319], [-88.817725, 63.992223], [-89.059622, 64.034443], [-89.200653, 64.113764], [-89.131549, 63.968503], [-89.403527, 64.039969], [-89.615816, 64.030609], [-89.763812, 64.099493], [-89.811306, 64.180583], [-90.041657, 64.14089], [-90.080021, 64.127717], [-89.953568, 64.080641], [-89.855724, 63.956979], [-90.168186, 63.978753], [-90.013444, 63.804269], [-90.245288, 63.641902], [-90.5964, 63.661281], [-90.706835, 63.596946], [-90.945656, 63.587849], [-91.538808, 63.725595], [-91.92601, 63.757093], [-91.92891, 63.812431], [-91.982238, 63.822407], [-92.338442, 63.787657], [-93.429692, 64.028807], [-93.696341, 64.147141], [-93.596712, 64.040584], [-93.664173, 63.941422], [-93.559814, 63.865298], [-93.27022, 63.840853], [-93.380265, 63.900025], [-93.378534, 63.948497], [-92.156877, 63.691692], [-92.465076, 63.555088], [-92.289553, 63.562998], [-91.841855, 63.697558], [-91.330078, 63.506825], [-90.970045, 63.442796], [-90.711273, 63.304039], [-90.698595, 63.063856], [-90.777873, 62.971604], [-91.1149, 62.921583], [-91.448983, 62.804051], [-92.034225, 62.863454], [-92.361283, 62.819366], [-92.377713, 62.7724], [-92.305159, 62.711678], [-91.955849, 62.64476], [-91.935832, 62.592411], [-92.007869, 62.540522], [-92.269503, 62.586983], [-92.551401, 62.546729], [-92.594962, 62.470089], [-92.767975, 62.379968], [-92.527962, 62.168426], [-92.865824, 62.306228], [-93.205362, 62.364928], [-92.90554, 62.215118], [-93.065891, 62.149749], [-93.016255, 62.092697], [-93.073384, 62.060551], [-93.34975, 62.029801], [-93.273423, 61.961081], [-93.333056, 61.932912], [-93.581776, 61.942064], [-93.494237, 61.846922], [-93.312023, 61.767293], [-93.912761, 61.481462], [-93.940875, 61.443636], [-93.888838, 61.344034], [-94.08345, 61.303648], [-94.067795, 61.138875], [-94.509396, 60.604522], [-94.568897, 60.541988], [-94.761702, 60.498219], [-94.646774, 60.416414], [-94.771886, 60.001768]]], [[[-110.003667, 78.321702], [-110.004365, 78.686723], [-109.504163, 78.582495], [-109.342159, 78.455988], [-109.352107, 78.368658], [-109.484475, 78.316407], [-110.003667, 78.321702]]], [[[-110.00359, 77.928941], [-110.003541, 78.089649], [-109.622244, 78.074773], [-109.771795, 77.957417], [-110.00359, 77.928941]]], [[[-110.002816, 74.850989], [-110.002404, 75.539063], [-109.086358, 75.506499], [-108.912571, 75.586963], [-108.944767, 75.699002], [-109.796059, 75.863017], [-109.870497, 75.929055], [-109.454659, 76.021253], [-109.430368, 76.109154], [-109.710146, 76.212459], [-110.002635, 76.244231], [-110.003409, 76.479668], [-109.219557, 76.79201], [-108.831646, 76.821156], [-108.467015, 76.737594], [-108.62763, 76.586697], [-108.512493, 76.438898], [-108.193543, 76.330067], [-108.123214, 76.233432], [-108.40614, 76.085072], [-107.852275, 76.057738], [-107.723499, 75.995413], [-108.02069, 75.804778], [-107.540923, 75.90115], [-107.216189, 75.891548], [-107.050383, 75.845395], [-106.913521, 75.679622], [-106.891713, 75.782399], [-106.688081, 75.819038], [-106.820088, 75.872421], [-106.845642, 75.951544], [-106.677024, 76.023736], [-106.396603, 76.060111], [-105.632669, 75.945337], [-105.480893, 75.745661], [-105.519499, 75.632392], [-105.678399, 75.501391], [-105.862574, 75.191532], [-106.092639, 75.089447], [-107.153429, 74.927157], [-107.820052, 75.000051], [-108.474744, 74.947207], [-108.751314, 74.991966], [-108.63331, 75.023299], [-108.831283, 75.064871], [-109.50313, 74.882772], [-110.002816, 74.850989]]], [[[-116.856038, 69.649677], [-116.650495, 69.649808], [-117.075303, 69.889014], [-117.055358, 70.002184], [-112.881064, 70.00136], [-112.874939, 69.833357], [-112.649994, 69.834445], [-112.499822, 69.911547], [-112.500025, 70.001151], [-110.000025, 70.001151], [-110.001833, 72.981852], [-109.12191, 72.726409], [-108.968173, 72.654119], [-108.994425, 72.595979], [-108.754983, 72.551078], [-108.188221, 71.723785], [-107.785456, 71.629688], [-107.687271, 71.716117], [-107.346931, 71.819235], [-107.376853, 71.886108], [-107.306002, 71.894678], [-107.695852, 72.149319], [-107.823749, 72.442764], [-107.932503, 72.520404], [-108.238219, 73.105822], [-108.20414, 73.183078], [-107.936194, 73.217135], [-108.077478, 73.281416], [-108.029034, 73.348751], [-107.720011, 73.329042], [-107.113455, 73.192119], [-106.950803, 73.276022], [-106.82836, 73.265914], [-105.624165, 72.927514], [-105.415134, 72.788328], [-105.430097, 72.740361], [-105.323178, 72.634794], [-105.23409, 72.415089], [-104.810315, 71.903159], [-104.385924, 71.576953], [-104.355794, 71.3821], [-104.563067, 71.132402], [-104.514804, 71.064265], [-104.166867, 70.9272], [-103.953469, 70.762657], [-103.584575, 70.630855], [-103.077194, 70.508818], [-103.001201, 70.540964], [-103.082797, 70.619077], [-103.049569, 70.655068], [-101.989844, 70.285038], [-101.676321, 70.27827], [-101.562426, 70.134998], [-101.090778, 70.13569], [-100.973312, 70.029474], [-100.905724, 69.811736], [-100.935123, 69.715331], [-101.043696, 69.668716], [-101.337272, 69.710266], [-101.483825, 69.85021], [-101.647642, 69.698533], [-102.234323, 69.842245], [-102.595905, 69.717913], [-102.53487, 69.620815], [-102.621096, 69.551514], [-103.434766, 69.667683], [-103.464896, 69.64448], [-103.418023, 69.611411], [-103.048948, 69.471786], [-103.039802, 69.367603], [-103.120211, 69.204609], [-102.884104, 69.341323], [-102.446765, 69.476301], [-102.151409, 69.487694], [-101.978215, 69.425116], [-102.066891, 69.337115], [-102.046094, 69.257684], [-101.872845, 69.239963], [-101.789283, 69.181615], [-101.857112, 69.02395], [-102.895057, 68.823658], [-103.468203, 68.808563], [-104.352695, 68.928193], [-104.571439, 68.87213], [-105.10588, 68.920393], [-105.169287, 68.955373], [-105.019577, 69.081266], [-106.140852, 69.162037], [-106.341177, 69.224352], [-106.361359, 69.381039], [-106.419982, 69.413745], [-106.659066, 69.439585], [-106.855799, 69.347289], [-107.033464, 69.180736], [-107.439898, 69.002142], [-108.36498, 68.934763], [-108.945876, 68.759839], [-109.472099, 68.676683], [-112.864266, 68.477117], [-113.231401, 68.535377], [-113.554822, 68.767584], [-113.616835, 68.83849], [-113.592544, 68.959878], [-113.69414, 69.195029], [-114.322964, 69.269154], [-115.159035, 69.264759], [-116.101536, 69.337159], [-116.536808, 69.433542], [-116.856038, 69.649677]]], [[[-86.595531, 67.735913], [-86.892525, 67.836581], [-86.908433, 67.901927], [-86.847041, 68.010264], [-86.959805, 68.100242], [-86.702088, 68.305598], [-86.5699, 68.287723], [-86.421123, 68.18343], [-86.396448, 67.888986], [-86.595531, 67.735913]]], [[[-109.323169, 67.990884], [-109.360813, 67.987577], [-109.497961, 68.047013], [-109.469128, 68.098011], [-109.341719, 68.045848], [-109.323169, 67.990884]]], [[[-73.407191, 67.793042], [-74.48072, 67.804907], [-74.678639, 67.905575], [-74.749281, 68.018437], [-74.706544, 68.067107], [-74.379404, 68.093463], [-73.435228, 67.97001], [-73.407191, 67.793042]]], [[[-109.166405, 67.982358], [-108.970502, 67.979722], [-108.886061, 67.898544], [-109.09623, 67.924021], [-109.166405, 67.982358]]], [[[-107.905191, 67.467045], [-107.950251, 67.318213], [-108.152257, 67.429427], [-108.127527, 67.628588], [-108.04898, 67.664886], [-107.990873, 67.622128], [-107.989373, 67.51355], [-107.905191, 67.467045]]], [[[-62.396341, 67.178324], [-62.805417, 67.028833], [-62.871631, 67.062572], [-62.625318, 67.176929], [-62.396341, 67.178324]]], [[[-108.092727, 67.00519], [-107.966456, 66.99728], [-107.805534, 66.998599], [-107.833362, 66.921343], [-107.943923, 66.857831], [-108.092727, 67.00519]]], [[[-83.237856, 66.331531], [-82.948158, 66.271919], [-82.931338, 66.257296], [-83.059889, 66.199266], [-83.237856, 66.331531]]], [[[-83.765112, 65.831147], [-83.233934, 65.696554], [-83.38147, 65.629999], [-83.606547, 65.701366], [-83.649514, 65.657772], [-83.787546, 65.66889], [-83.798192, 65.70999], [-83.701919, 65.756221], [-83.813584, 65.78751], [-84.118246, 65.771799], [-84.143229, 65.915973], [-84.467391, 66.088271], [-84.407164, 66.130997], [-83.786942, 65.965796], [-83.701348, 65.920115], [-83.765112, 65.831147]]], [[[-84.674769, 65.575012], [-84.78293, 65.570079], [-85.096348, 65.756199], [-85.174153, 65.943724], [-85.149631, 66.015399], [-84.938584, 66.008533], [-84.757354, 65.858921], [-84.602633, 65.657388], [-84.674769, 65.575012]]], [[[-84.919622, 65.261078], [-84.842102, 65.255914], [-84.612499, 65.447296], [-84.501141, 65.458436], [-84.266429, 65.367228], [-84.084891, 65.217825], [-83.490762, 65.131791], [-83.200986, 64.959657], [-82.667611, 64.780338], [-82.050026, 64.644294], [-81.7872, 64.425985], [-81.676117, 64.212641], [-81.680896, 64.145537], [-81.887087, 64.016404], [-81.335651, 64.075774], [-81.023573, 64.031081], [-80.921158, 64.100482], [-80.828961, 64.089935], [-80.568871, 63.931908], [-80.668275, 63.901476], [-80.261319, 63.80195], [-81.04637, 63.46155], [-81.963332, 63.664435], [-82.378121, 63.706809], [-82.467111, 63.926953], [-83.033895, 64.023226], [-83.016163, 64.126992], [-83.065129, 64.159028], [-83.30395, 64.14379], [-83.583596, 64.058075], [-83.728264, 63.813365], [-84.022104, 63.659886], [-84.307639, 63.585783], [-84.632911, 63.309214], [-85.392616, 63.119666], [-85.495503, 63.13909], [-85.714142, 63.657975], [-85.76892, 63.700327], [-86.57569, 63.662314], [-86.915255, 63.568985], [-87.177125, 63.595133], [-87.188936, 63.67229], [-86.932053, 63.901684], [-86.252098, 64.136858], [-86.354469, 64.376535], [-86.374255, 64.56583], [-86.188301, 65.010293], [-86.074581, 65.533824], [-85.813986, 65.831949], [-85.554664, 65.918664], [-85.241093, 65.795519], [-85.105389, 65.622715], [-85.239939, 65.510314], [-85.056039, 65.437397], [-84.919622, 65.261078]]], [[[-77.563604, 64.022084], [-77.714062, 63.945707], [-77.96599, 63.992937], [-77.563604, 64.022084]]], [[[-76.67759, 63.393962], [-76.92186, 63.406366], [-77.364752, 63.58831], [-77.133687, 63.682057], [-76.652442, 63.503562], [-76.67759, 63.393962]]], [[[-78.234913, 63.489565], [-77.703724, 63.430854], [-77.53849, 63.287043], [-77.532733, 63.233661], [-77.65768, 63.164623], [-77.942424, 63.114393], [-78.255963, 63.239857], [-78.536752, 63.423724], [-78.234913, 63.489565]]], [[[-82.706415, 62.944533], [-81.960575, 62.926241], [-81.96442, 62.827639], [-82.113746, 62.652253], [-83.015801, 62.2099], [-83.376822, 62.238112], [-83.698865, 62.160263], [-83.760959, 62.303536], [-83.912395, 62.425517], [-83.376405, 62.90495], [-82.965758, 62.873935], [-82.706415, 62.944533]]], [[[-70.337072, 62.54874], [-70.766066, 62.596849], [-70.986156, 62.787791], [-71.220142, 62.873913], [-70.83461, 62.840097], [-70.442618, 62.733794], [-70.268836, 62.578095], [-70.337072, 62.54874]]], [[[-74.000442, 62.618426], [-74.253523, 62.621997], [-74.626443, 62.712766], [-74.108932, 62.680312], [-74.016822, 62.66269], [-74.000442, 62.618426]]], [[[-64.823836, 62.558738], [-64.515307, 62.551794], [-64.418078, 62.487403], [-64.478338, 62.417893], [-64.657393, 62.383582], [-64.956496, 62.458355], [-64.827099, 62.50497], [-64.823836, 62.558738]]], [[[-79.545318, 62.411696], [-79.336029, 62.293714], [-79.272001, 62.185993], [-79.323933, 62.026054], [-79.668772, 61.644455], [-79.816109, 61.594643], [-80.265176, 61.818193], [-80.260056, 62.109056], [-80.021598, 62.342966], [-79.868042, 62.404358], [-79.545318, 62.411696]]], [[[-65.12563, 61.942218], [-64.960572, 61.871674], [-64.847039, 61.761504], [-64.927712, 61.732511], [-65.165939, 61.797649], [-65.23534, 61.897723], [-65.12563, 61.942218]]], [[[-92.993024, 61.889714], [-93.084804, 61.841704], [-93.196683, 61.918542], [-93.075762, 61.935011], [-92.993024, 61.889714]]], [[[-64.832625, 61.366051], [-65.393884, 61.56286], [-65.432127, 61.64952], [-65.129761, 61.685698], [-64.789635, 61.662231], [-64.669588, 61.593039], [-64.696406, 61.471497], [-64.832625, 61.366051]]], [[[-78.241681, 60.818668], [-78.668884, 60.716912], [-78.611997, 60.772317], [-78.241681, 60.818668]]], [[[-68.233817, 60.240919], [-68.365257, 60.254047], [-68.367861, 60.314747], [-68.141883, 60.561983], [-67.978044, 60.570388], [-67.818852, 60.449494], [-67.92231, 60.339884], [-68.233817, 60.240919]]], [[[-64.407015, 60.367064], [-64.441951, 60.297872], [-64.737956, 60.375644], [-64.809015, 60.410427], [-64.836426, 60.501009], [-64.646308, 60.514599], [-64.407015, 60.367064]]], [[[-79.898628, 59.853145], [-80.16709, 59.763848], [-80.041186, 59.870141], [-79.898628, 59.853145]]], [[[-80.167244, 59.708862], [-80.324656, 59.63321], [-80.29897, 59.674189], [-80.167244, 59.708862]]], [[[-69.160063, 59.040223], [-69.220861, 58.967559], [-69.352818, 58.960748], [-69.303204, 59.144868], [-69.195175, 59.146153], [-69.160063, 59.040223]]], [[[-79.716496, 57.515507], [-79.775174, 57.514475], [-79.808452, 57.442437], [-79.838225, 57.482999], [-79.742567, 57.607957], [-79.716496, 57.515507]]], [[[-79.867009, 56.774567], [-79.943672, 56.776765], [-79.898166, 56.86526], [-79.826645, 56.843089], [-79.867009, 56.774567]]], [[[-79.518193, 56.656695], [-79.577388, 56.644918], [-79.570126, 56.795705], [-79.491057, 56.742685], [-79.518193, 56.656695]]], [[[-78.90665, 56.320382], [-79.175475, 55.885059], [-79.273627, 55.922479], [-79.142274, 56.136415], [-79.182143, 56.212177], [-79.495089, 55.874754], [-79.764737, 55.806771], [-79.49744, 56.093162], [-79.544725, 56.128363], [-79.904571, 55.871063], [-80.008238, 55.911053], [-79.515271, 56.326534], [-79.458867, 56.539724], [-79.432049, 56.44746], [-79.536332, 56.180086], [-79.392641, 56.276458], [-79.272418, 56.600423], [-78.963186, 56.421719], [-78.90665, 56.320382]]], [[[-79.977598, 56.207014], [-80.088856, 56.21388], [-80.05749, 56.287368], [-79.579739, 56.466346], [-79.687943, 56.326798], [-79.977598, 56.207014]]], [[[-78.672817, 56.260495], [-78.913835, 56.132801], [-78.799424, 56.383278], [-78.66873, 56.438627], [-78.672817, 56.260495]]], [[[-79.938212, 53.30414], [-80.004108, 53.28008], [-80.074025, 53.344284], [-79.974565, 53.352249], [-79.938212, 53.30414]]], [[[-80.731677, 52.747276], [-81.096599, 52.779883], [-81.839055, 52.957906], [-82.039281, 53.049883], [-81.847295, 53.186268], [-81.135611, 53.205801], [-80.76535, 52.923233], [-80.710474, 52.831607], [-80.731677, 52.747276]]], [[[-79.384292, 51.951976], [-79.520621, 51.952953], [-79.643767, 52.01006], [-79.271308, 52.0868], [-79.384292, 51.951976]]], [[[-69.488884, 83.016797], [-66.422577, 82.926874], [-66.836301, 82.817945], [-68.469352, 82.653359], [-67.397065, 82.668135], [-65.727429, 82.842433], [-65.299006, 82.799598], [-65.113183, 82.888895], [-64.904871, 82.900837], [-64.504013, 82.778405], [-63.983613, 82.829107], [-63.498698, 82.792566], [-63.473023, 82.771231], [-63.64252, 82.712992], [-63.085337, 82.565248], [-63.246781, 82.45021], [-62.475179, 82.519567], [-61.69716, 82.488608], [-61.477071, 82.467426], [-61.207213, 82.34105], [-61.273538, 82.279834], [-62.176713, 82.04342], [-64.435799, 81.742603], [-65.226199, 81.743482], [-65.701072, 81.645561], [-66.625748, 81.616414], [-66.914073, 81.485105], [-68.688541, 81.293328], [-68.72117, 81.261237], [-68.542576, 81.248009], [-65.735701, 81.494246], [-64.780066, 81.492851], [-64.832757, 81.438622], [-65.48396, 81.284781], [-68.630456, 80.678698], [-69.550682, 80.383265], [-70.143493, 80.397679], [-70.712574, 80.539578], [-70.212784, 80.277741], [-70.264881, 80.233609], [-72.055982, 80.123218], [-71.61609, 80.071033], [-70.758519, 80.118681], [-70.559073, 80.071], [-70.757508, 79.998216], [-71.355823, 79.911303], [-71.11018, 79.847791], [-71.387838, 79.761746], [-72.436505, 79.694389], [-73.448148, 79.827115], [-74.394466, 79.874092], [-74.660214, 79.835179], [-73.472461, 79.756429], [-73.201109, 79.596589], [-73.293581, 79.521607], [-73.466056, 79.495152], [-75.503448, 79.414172], [-76.898844, 79.512301], [-75.602743, 79.239555], [-75.093603, 79.203904], [-74.481181, 79.22948], [-74.532323, 79.052743], [-75.233152, 79.035539], [-75.911799, 79.117782], [-77.398062, 79.057292], [-78.581653, 79.075024], [-77.882757, 78.942364], [-76.824818, 79.017862], [-76.255858, 79.006853], [-75.795058, 78.889761], [-75.098558, 78.858285], [-74.433127, 78.724131], [-74.546605, 78.620321], [-74.878601, 78.544823], [-76.416126, 78.511535], [-75.488353, 78.403539], [-75.193436, 78.327722], [-75.550678, 78.221122], [-75.865953, 78.009811], [-75.96962, 77.993123], [-76.974001, 77.927238], [-78.012594, 77.946046], [-78.084115, 77.846104], [-78.047168, 77.615468], [-78.076161, 77.519063], [-78.493213, 77.369385], [-79.906384, 77.299545], [-80.573057, 77.314816], [-81.659088, 77.525446], [-81.27772, 77.365199], [-81.522956, 77.310839], [-82.056793, 77.296524], [-81.756317, 77.204019], [-81.117209, 77.269651], [-80.672538, 77.244306], [-80.218714, 77.14656], [-79.497264, 77.196087], [-79.340885, 77.158393], [-79.281097, 77.085169], [-79.318923, 76.98037], [-79.220738, 76.936051], [-78.791777, 76.883581], [-78.288856, 76.977986], [-77.998751, 76.851951], [-77.983293, 76.755008], [-78.284308, 76.571217], [-79.51103, 76.31049], [-80.799715, 76.173567], [-80.996656, 76.214986], [-80.834806, 76.369135], [-80.832378, 76.408642], [-80.97453, 76.470066], [-81.170702, 76.512748], [-81.717382, 76.494972], [-82.034161, 76.629401], [-82.529842, 76.723279], [-82.261974, 76.574711], [-82.208361, 76.513759], [-82.233168, 76.465825], [-83.885698, 76.453114], [-84.223792, 76.675324], [-84.275339, 76.356533], [-85.343617, 76.313379], [-86.115802, 76.434921], [-86.453709, 76.584884], [-86.680236, 76.376627], [-87.354192, 76.44805], [-87.489796, 76.585818], [-87.497553, 76.386295], [-88.395993, 76.405258], [-88.48162, 76.580083], [-88.495858, 76.772838], [-88.614115, 76.650879], [-88.54578, 76.420913], [-89.57008, 76.491918], [-89.499745, 76.826781], [-88.556217, 77.072194], [-86.812236, 77.184925], [-87.182399, 77.33213], [-87.429668, 77.347786], [-87.681464, 77.436358], [-88.094671, 77.719179], [-88.016975, 77.784734], [-87.236012, 77.891807], [-86.755064, 77.863726], [-86.172975, 77.746161], [-85.588491, 77.461143], [-84.950856, 77.374966], [-84.487035, 77.36799], [-83.608074, 77.442246], [-82.902707, 77.732725], [-82.71037, 77.84951], [-82.595288, 77.992134], [-83.428206, 77.621313], [-83.779373, 77.532631], [-84.485848, 77.561986], [-84.860548, 77.499507], [-85.289367, 77.559042], [-85.292025, 77.763882], [-85.547534, 77.927699], [-84.615421, 78.195689], [-84.222704, 78.176001], [-84.549998, 78.251346], [-84.910371, 78.239722], [-84.783193, 78.527608], [-85.02431, 78.312375], [-85.585931, 78.109545], [-86.217777, 78.081178], [-85.920048, 78.342862], [-86.427045, 78.19704], [-86.913245, 78.126805], [-87.551726, 78.176628], [-87.491115, 78.284425], [-87.49129, 78.417173], [-86.952905, 78.663904], [-86.80793, 78.774361], [-85.003744, 78.912239], [-83.27142, 78.77034], [-82.989785, 78.844124], [-82.151056, 78.864097], [-81.750099, 78.975773], [-82.438788, 78.903681], [-84.411998, 78.99657], [-84.567751, 79.071299], [-84.256663, 79.122144], [-83.575873, 79.053677], [-84.197391, 79.225086], [-85.268481, 79.664132], [-86.031482, 79.721932], [-86.420739, 79.845209], [-86.494358, 80.018167], [-86.614504, 80.123537], [-86.498544, 80.258229], [-86.307184, 80.319335], [-83.723617, 80.228951], [-82.677477, 79.992788], [-81.688367, 79.685808], [-80.475937, 79.606256], [-80.124485, 79.669505], [-81.01017, 79.693125], [-82.6813, 80.174898], [-82.987028, 80.322587], [-80.97965, 80.445271], [-80.051074, 80.52857], [-79.629342, 80.647837], [-78.386162, 80.784375], [-76.863006, 80.864784], [-78.716224, 80.951653], [-78.6293, 81.043477], [-78.286791, 81.167601], [-76.885122, 81.430273], [-77.97234, 81.330802], [-78.733868, 81.151011], [-79.198337, 81.11758], [-79.402156, 81.036863], [-79.545428, 80.909323], [-79.761354, 80.841944], [-81.007016, 80.654869], [-82.368201, 80.561309], [-82.884338, 80.577558], [-82.222368, 80.772334], [-83.40141, 80.713986], [-84.219792, 80.537776], [-85.145852, 80.521132], [-85.726238, 80.581128], [-86.250341, 80.56578], [-86.615405, 80.630039], [-86.25212, 80.789539], [-85.246267, 80.987875], [-83.349192, 81.10332], [-83.288833, 81.147946], [-85.780862, 81.035083], [-87.329912, 80.669755], [-87.711665, 80.656264], [-88.921447, 80.805634], [-89.263253, 80.914289], [-88.413065, 80.999762], [-87.388667, 80.988392], [-86.476758, 81.035721], [-84.941221, 81.286231], [-85.402482, 81.285319], [-87.275101, 81.080787], [-89.623056, 81.032469], [-89.980935, 81.12471], [-89.947295, 81.172643], [-89.208717, 81.250075], [-89.67367, 81.328627], [-89.427016, 81.387437], [-88.621915, 81.501409], [-87.597023, 81.525821], [-88.479038, 81.564635], [-90.303527, 81.401126], [-90.609035, 81.429548], [-89.821688, 81.63486], [-90.626305, 81.655998], [-91.292406, 81.571249], [-91.684069, 81.635684], [-91.647572, 81.683848], [-91.423825, 81.744262], [-90.941964, 81.827461], [-89.381005, 81.916758], [-88.56683, 82.061086], [-88.063195, 82.096484], [-87.4044, 82.054219], [-87.018197, 81.958715], [-86.834022, 82.033334], [-86.626798, 82.051011], [-85.645642, 81.953288], [-85.044833, 81.982797], [-86.615636, 82.218553], [-85.794452, 82.291623], [-84.896825, 82.449441], [-83.590682, 82.326449], [-83.010176, 82.141681], [-82.633707, 82.077312], [-82.327452, 82.092463], [-82.747471, 82.196426], [-82.536896, 82.247282], [-80.153368, 81.977634], [-79.424864, 81.854433], [-80.129835, 82.028379], [-81.468256, 82.192394], [-82.447544, 82.395026], [-82.451345, 82.427117], [-82.268895, 82.464635], [-81.68116, 82.518633], [-82.116844, 82.62865], [-81.579668, 82.643021], [-80.809691, 82.586386], [-81.178063, 82.744688], [-81.01017, 82.779031], [-80.075782, 82.706214], [-78.748777, 82.679374], [-79.833775, 82.816495], [-80.15495, 82.91112], [-79.886334, 82.938509], [-77.479581, 82.88316], [-76.421015, 82.670926], [-76.009358, 82.535168], [-75.56562, 82.608545], [-76.908457, 82.919415], [-77.12492, 83.008547], [-75.744928, 83.047175], [-74.414187, 83.013128], [-73.272037, 82.771594], [-72.658714, 82.721639], [-73.23465, 82.844246], [-73.441864, 82.904836], [-73.44071, 82.945837], [-72.811677, 83.081177], [-72.06921, 83.106039], [-70.940364, 82.902232], [-71.423521, 83.021137], [-70.870557, 83.098129], [-69.969931, 83.116114], [-69.488884, 83.016797]]], [[[-92.211781, 81.243593], [-91.272477, 80.850107], [-90.682907, 80.687707], [-90.643015, 80.593686], [-89.861854, 80.498445], [-89.524794, 80.538831], [-89.235579, 80.51064], [-89.134164, 80.440262], [-89.204367, 80.406929], [-89.14726, 80.360369], [-89.198324, 80.263162], [-88.857331, 80.166197], [-88.199909, 80.111496], [-88.380777, 80.225182], [-88.612511, 80.255384], [-88.643624, 80.386879], [-88.524818, 80.418036], [-88.125235, 80.429484], [-87.675004, 80.372102], [-87.625499, 80.187203], [-87.922328, 80.097719], [-87.202064, 80.043227], [-86.977196, 79.894219], [-87.144232, 79.662627], [-87.295184, 79.580153], [-86.336968, 79.634986], [-86.180468, 79.605422], [-86.007048, 79.479441], [-85.647872, 79.61142], [-85.042141, 79.284566], [-85.28985, 79.208343], [-86.72083, 78.975487], [-86.95719, 78.974916], [-87.080369, 78.866119], [-87.617381, 78.67633], [-87.922306, 78.751344], [-87.953178, 78.91503], [-87.816749, 79.036341], [-88.0402, 78.995329], [-88.163808, 78.933498], [-88.166598, 78.745533], [-88.253786, 78.67199], [-88.0031, 78.615509], [-87.982841, 78.537067], [-88.147592, 78.477126], [-88.580662, 78.601919], [-88.741579, 78.584045], [-88.606447, 78.392014], [-88.822427, 78.185878], [-89.09569, 78.209235], [-90.037086, 78.60683], [-90.076308, 78.549163], [-89.489835, 78.171947], [-90.136095, 78.313078], [-90.459049, 78.33093], [-90.652387, 78.307727], [-90.405436, 78.246676], [-90.326752, 78.18479], [-90.614418, 78.149832], [-91.40963, 78.187987], [-92.351258, 78.312891], [-92.84823, 78.460119], [-91.866892, 78.542703], [-93.2666, 78.60828], [-93.634406, 78.750927], [-93.15984, 78.775657], [-93.902275, 78.872216], [-94.169671, 78.972807], [-93.293885, 79.139513], [-92.683638, 79.18581], [-92.547215, 79.282599], [-91.299899, 79.372731], [-92.247953, 79.373445], [-92.484555, 79.439231], [-92.821923, 79.44991], [-93.933174, 79.290718], [-94.109394, 79.315108], [-93.939688, 79.385695], [-94.110323, 79.401559], [-95.103179, 79.289894], [-95.732987, 79.418203], [-95.662916, 79.527342], [-94.519679, 79.667132], [-94.401883, 79.736324], [-95.296967, 79.653069], [-95.8575, 79.673789], [-96.462737, 79.847527], [-96.589086, 79.916675], [-96.639211, 80.024154], [-96.77326, 80.135776], [-94.645895, 80.048709], [-94.582592, 80.141412], [-94.262588, 80.194871], [-95.405078, 80.135006], [-95.646222, 80.230939], [-96.025657, 80.221722], [-96.394111, 80.315017], [-96.112164, 80.380419], [-95.54907, 80.36662], [-96.151824, 80.553487], [-96.132834, 80.691409], [-95.926956, 80.720655], [-95.225809, 80.685773], [-94.892577, 80.570922], [-93.927906, 80.559189], [-94.596264, 80.640608], [-94.78847, 80.751252], [-95.514732, 80.838121], [-95.269759, 81.000795], [-93.825996, 81.105726], [-93.345097, 81.085335], [-93.235646, 81.128852], [-93.406538, 81.209096], [-94.19445, 81.240934], [-94.232974, 81.315136], [-94.179361, 81.339273], [-93.034679, 81.346304], [-92.211781, 81.243593]]], [[[-98.791614, 79.98111], [-98.789779, 79.785411], [-98.945197, 79.724074], [-99.301764, 79.784092], [-99.333004, 79.839573], [-99.515624, 79.887166], [-99.999885, 79.884035], [-100.092439, 79.918642], [-100.12603, 80.00127], [-100.053267, 80.093357], [-99.731219, 80.144103], [-99.016586, 80.111133], [-98.894682, 80.081778], [-98.791614, 79.98111]]], [[[-103.706375, 79.352055], [-102.914332, 79.231084], [-102.652281, 79.095019], [-102.6482, 79.027167], [-102.73052, 78.969335], [-102.595592, 78.94299], [-102.57619, 78.879368], [-102.424804, 78.93319], [-102.393174, 79.010325], [-101.703655, 79.078924], [-101.037159, 78.939035], [-101.128137, 78.801651], [-100.435493, 78.820327], [-100.014766, 78.728636], [-99.582135, 78.563269], [-99.847801, 78.438212], [-99.77411, 78.392992], [-99.751346, 78.30297], [-99.562469, 78.279361], [-99.131564, 78.11751], [-98.999634, 77.996891], [-99.166396, 77.856958], [-99.955906, 77.793809], [-100.586049, 77.891807], [-100.757903, 77.977665], [-100.826194, 78.087737], [-101.074133, 78.193832], [-102.05697, 78.279558], [-102.60699, 78.248918], [-102.772065, 78.306903], [-102.731322, 78.371031], [-103.677234, 78.31956], [-103.946569, 78.260025], [-104.512634, 78.294654], [-104.879331, 78.401265], [-104.99555, 78.518511], [-104.727066, 78.579386], [-103.570518, 78.539836], [-103.482567, 78.593932], [-104.020826, 78.634911], [-103.371567, 78.736326], [-104.185006, 78.781293], [-103.875642, 78.902681], [-104.151931, 78.989912], [-104.895503, 78.808166], [-104.969528, 78.856483], [-104.735256, 78.991099], [-104.746781, 79.027112], [-105.53567, 79.032539], [-105.580192, 79.11419], [-105.514538, 79.242477], [-105.387668, 79.323578], [-103.706375, 79.352055]]], [[[-96.204509, 78.531277], [-95.561111, 78.516599], [-94.91539, 78.390509], [-94.887177, 78.345191], [-95.329239, 78.225044], [-94.98779, 78.136264], [-94.934303, 78.075652], [-95.199117, 77.968162], [-96.989631, 77.806026], [-97.063838, 77.859068], [-97.019085, 77.908089], [-97.426656, 77.982268], [-97.658165, 78.090638], [-96.944669, 78.151875], [-97.81906, 78.230603], [-98.049487, 78.325921], [-98.069307, 78.386324], [-98.31735, 78.476862], [-98.315648, 78.517478], [-98.060364, 78.558358], [-98.340812, 78.751212], [-98.212085, 78.804518], [-97.38232, 78.782897], [-96.475344, 78.665201], [-96.26528, 78.59536], [-96.204509, 78.531277]]], [[[-102.78827, 78.218167], [-103.118195, 78.126343], [-103.273585, 78.165773], [-102.973296, 78.26721], [-102.78827, 78.218167]]], [[[-101.693581, 77.696602], [-102.377826, 77.728122], [-102.458186, 77.770166], [-102.471545, 77.873493], [-101.639424, 77.892093], [-101.193198, 77.829767], [-101.002047, 77.735098], [-101.693581, 77.696602]]], [[[-95.484372, 77.791996], [-95.233043, 77.753808], [-93.582864, 77.77076], [-93.300965, 77.7398], [-93.128727, 77.660171], [-93.339181, 77.629684], [-93.543922, 77.466636], [-93.836181, 77.452222], [-95.987057, 77.484104], [-96.276596, 77.630563], [-96.142964, 77.714378], [-95.484372, 77.791996]]], [[[-104.493359, 77.162348], [-105.215073, 77.182057], [-105.556341, 77.352642], [-106.066129, 77.725386], [-105.587916, 77.73601], [-105.289665, 77.642088], [-105.007201, 77.506747], [-104.955318, 77.418714], [-104.770187, 77.413231], [-104.542243, 77.337755], [-104.45372, 77.24914], [-104.493359, 77.162348]]], [[[-89.712045, 77.310421], [-90.228292, 77.212445], [-90.993205, 77.329494], [-91.147255, 77.387315], [-91.182653, 77.557174], [-91.109132, 77.625751], [-90.84256, 77.654997], [-90.171933, 77.594693], [-89.719472, 77.442148], [-89.712045, 77.310421]]], [[[-94.294964, 76.912464], [-93.810934, 76.914145], [-93.211877, 76.7547], [-93.200561, 76.669094], [-93.534568, 76.447687], [-92.995375, 76.620414], [-91.305041, 76.680751], [-90.738432, 76.581369], [-90.542611, 76.495774], [-90.621647, 76.464683], [-91.398084, 76.509749], [-91.443271, 76.498532], [-91.41508, 76.45585], [-89.284523, 76.301624], [-89.236513, 76.238991], [-89.406581, 76.189146], [-90.312052, 76.157989], [-91.407334, 76.22005], [-91.279442, 76.1599], [-90.71213, 76.076184], [-90.251386, 76.053476], [-89.793432, 75.92487], [-89.695324, 75.853612], [-89.277602, 75.795088], [-89.20452, 75.737234], [-89.646039, 75.565056], [-89.280436, 75.564123], [-88.916679, 75.453952], [-88.804091, 75.502467], [-88.852145, 75.624888], [-88.644965, 75.658429], [-88.201304, 75.512036], [-87.72976, 75.575647], [-87.539125, 75.484845], [-87.256941, 75.617714], [-86.814434, 75.49136], [-85.951491, 75.39501], [-85.904546, 75.441955], [-86.068748, 75.502269], [-84.98677, 75.644949], [-84.604852, 75.653474], [-83.931973, 75.818961], [-83.237131, 75.750824], [-82.15366, 75.831035], [-81.268546, 75.755999], [-81.150806, 75.735531], [-81.173514, 75.669229], [-81.000765, 75.643136], [-80.321986, 75.629074], [-80.119189, 75.562057], [-80.260473, 75.479451], [-79.660191, 75.449502], [-79.509097, 75.259801], [-80.381982, 75.034175], [-80.135229, 74.988087], [-79.66407, 75.020849], [-79.40143, 74.917621], [-79.944496, 74.83362], [-80.347749, 74.902998], [-80.148929, 74.795717], [-80.212672, 74.749464], [-80.277733, 74.581571], [-81.226227, 74.566641], [-81.940184, 74.472719], [-82.931052, 74.565575], [-83.117018, 74.693115], [-83.102648, 74.816569], [-83.522084, 74.901471], [-83.509779, 74.848198], [-83.341315, 74.764581], [-83.393719, 74.670176], [-83.531895, 74.58568], [-84.425533, 74.508084], [-85.061422, 74.606917], [-85.13346, 74.517411], [-85.442329, 74.600567], [-85.543502, 74.534758], [-85.807987, 74.498965], [-86.730773, 74.55705], [-86.666129, 74.489099], [-88.423041, 74.494164], [-88.557843, 74.569717], [-88.339545, 74.78484], [-88.534948, 74.831763], [-88.682022, 74.802001], [-88.85109, 74.689984], [-88.940145, 74.789487], [-89.191941, 74.744894], [-89.195819, 74.637569], [-89.55872, 74.554721], [-90.553246, 74.612761], [-90.966793, 74.715077], [-90.880243, 74.817755], [-91.129853, 74.736292], [-91.163712, 74.710276], [-91.134588, 74.649862], [-91.508365, 74.650686], [-91.961584, 74.793212], [-92.174164, 75.051083], [-92.076336, 75.12356], [-92.389237, 75.263317], [-92.4111, 75.406249], [-92.068876, 75.657913], [-92.185117, 75.846537], [-93.091731, 76.353996], [-93.30859, 76.359632], [-93.665184, 76.273125], [-95.273896, 76.264391], [-95.447425, 76.363037], [-96.039714, 76.486699], [-95.651001, 76.584676], [-95.971346, 76.569646], [-96.89801, 76.753997], [-96.87801, 76.802809], [-96.590272, 76.763017], [-96.401576, 76.797228], [-96.813514, 76.913474], [-96.758324, 76.97179], [-95.849519, 77.066228], [-94.294964, 76.912464]]], [[[-89.726459, 76.50742], [-90.164572, 76.523603], [-90.562475, 76.754282], [-90.409523, 76.810148], [-89.948767, 76.83624], [-89.695401, 76.741154], [-89.822106, 76.63062], [-89.726459, 76.50742]]], [[[-101.226118, 76.579358], [-101.613068, 76.604572], [-100.88647, 76.742659], [-100.269143, 76.734123], [-101.226118, 76.579358]]], [[[-97.700929, 76.466496], [-97.738783, 76.335242], [-97.53068, 76.181554], [-97.531042, 76.109407], [-97.650002, 75.979131], [-97.601657, 75.851052], [-97.890504, 75.760338], [-97.40754, 75.672514], [-97.409605, 75.552103], [-97.336019, 75.419839], [-97.653309, 75.507774], [-97.878232, 75.416126], [-97.852728, 75.260318], [-97.659923, 75.151179], [-97.799351, 75.11666], [-98.068735, 75.199157], [-98.076744, 75.152981], [-97.953346, 75.060169], [-97.991814, 75.04581], [-98.703531, 75.005808], [-99.326126, 75.049424], [-99.626882, 74.983748], [-100.234393, 75.00772], [-100.483497, 75.188434], [-100.145717, 75.246156], [-100.731157, 75.346516], [-100.711936, 75.406359], [-100.279635, 75.460972], [-99.756027, 75.633424], [-99.194559, 75.698375], [-101.461319, 75.607892], [-102.541385, 75.513629], [-102.797493, 75.599674], [-102.252071, 75.777752], [-102.270649, 75.812787], [-102.144718, 75.875058], [-101.942844, 75.883814], [-101.261412, 75.758196], [-100.972795, 75.798428], [-101.288026, 75.789123], [-101.505891, 75.91808], [-101.431321, 75.991974], [-101.716812, 76.007915], [-101.87212, 76.083106], [-101.52894, 76.21726], [-101.557026, 76.23586], [-101.909792, 76.234365], [-102.137742, 76.284848], [-101.787531, 76.45128], [-101.33975, 76.410476], [-101.139041, 76.345163], [-101.055814, 76.24555], [-99.865472, 75.924199], [-99.688895, 75.959707], [-99.978335, 76.02947], [-100.112852, 76.117218], [-99.541052, 76.146288], [-100.414229, 76.242528], [-99.977714, 76.312445], [-100.650698, 76.395952], [-100.890788, 76.475482], [-100.57375, 76.584599], [-100.068692, 76.634751], [-99.669053, 76.624105], [-99.169653, 76.453675], [-98.890342, 76.465562], [-99.023612, 76.614547], [-98.710815, 76.693869], [-97.700929, 76.466496]]], [[[-104.022842, 76.583126], [-103.722761, 76.601056], [-103.033551, 76.431515], [-103.472207, 76.329035], [-104.270661, 76.326244], [-104.407677, 76.365158], [-104.603041, 76.58272], [-104.205105, 76.666117], [-103.959077, 76.638783], [-104.022842, 76.583126]]], [[[-102.490046, 76.095048], [-102.008032, 75.939394], [-102.423458, 75.869169], [-102.579601, 75.780235], [-103.314746, 75.764217], [-103.04151, 75.918827], [-103.201575, 75.958521], [-103.769783, 75.892372], [-103.985274, 75.933087], [-103.800764, 76.037018], [-104.24247, 76.046983], [-104.406051, 76.108484], [-104.35063, 76.182323], [-104.012042, 76.222995], [-102.728015, 76.307018], [-102.584067, 76.281651], [-102.490046, 76.095048]]], [[[-79.056614, 75.985185], [-79.051758, 75.866994], [-79.355639, 75.831134], [-79.544516, 75.82563], [-79.698743, 75.883275], [-79.009328, 76.145893], [-78.84516, 76.106309], [-79.056614, 75.985185]]], [[[-94.296305, 75.788057], [-94.751446, 75.769666], [-94.901206, 75.930769], [-94.498673, 75.992205], [-94.296305, 75.788057]]], [[[-95.959871, 75.554334], [-96.461628, 75.49426], [-96.857108, 75.369148], [-97.020662, 75.468058], [-96.36781, 75.654661], [-95.959871, 75.554334]]], [[[-93.542604, 75.027924], [-93.463464, 74.856515], [-93.573097, 74.668825], [-94.53451, 74.636734], [-94.803873, 74.660091], [-95.286063, 74.794091], [-95.865411, 74.830423], [-96.094256, 74.932529], [-96.270141, 74.920313], [-96.386333, 74.999458], [-96.559889, 74.990362], [-96.599599, 75.031802], [-96.382845, 75.211373], [-96.18035, 75.240114], [-96.118393, 75.300934], [-96.12493, 75.358294], [-95.954653, 75.443822], [-95.670793, 75.52867], [-94.878185, 75.630008], [-94.427229, 75.593368], [-93.90907, 75.422531], [-93.497544, 75.136864], [-93.542604, 75.027924]]], [[[-104.119945, 75.03635], [-104.634308, 75.061289], [-104.887389, 75.147763], [-104.648826, 75.349768], [-104.346208, 75.429914], [-103.851175, 75.370796], [-103.64349, 75.186577], [-103.813915, 75.079757], [-104.119945, 75.03635]]], [[[-95.306657, 74.505425], [-95.777196, 74.550744], [-95.850733, 74.582472], [-95.510212, 74.636789], [-95.278367, 74.539538], [-95.306657, 74.505425]]], [[[-97.291315, 74.576375], [-97.6561, 74.465687], [-97.749994, 74.510545], [-97.416526, 74.62656], [-97.291315, 74.576375]]], [[[-93.170871, 74.161004], [-92.586821, 74.082715], [-92.222685, 73.972379], [-91.630423, 74.027783], [-91.087973, 74.009282], [-90.627437, 73.951714], [-90.354613, 73.868646], [-90.565573, 73.686405], [-90.93367, 73.527708], [-91.249307, 73.304004], [-91.553727, 73.236098], [-91.425912, 73.194866], [-91.788351, 72.915396], [-92.117941, 72.753798], [-92.391951, 72.718455], [-93.340626, 72.801863], [-94.211325, 72.756951], [-93.770548, 72.668203], [-93.57224, 72.558626], [-93.541621, 72.437029], [-93.870623, 72.252645], [-94.03756, 72.028755], [-94.14376, 72.000828], [-94.497146, 72.043587], [-95.192943, 72.027437], [-95.166823, 72.180037], [-95.251028, 72.501958], [-95.602167, 72.884491], [-95.632918, 73.695447], [-95.385984, 73.755136], [-94.697597, 73.663565], [-94.896944, 73.716013], [-95.134139, 73.881226], [-95.121164, 73.985047], [-94.973524, 74.041428], [-94.48255, 74.113147], [-93.170871, 74.161004]]], [[[-98.270378, 73.868515], [-98.973926, 73.812056], [-99.416999, 73.895409], [-98.818151, 74.021016], [-98.061039, 74.104677], [-97.698216, 74.108709], [-97.659148, 74.07163], [-97.861099, 73.968457], [-98.270378, 73.868515]]], [[[-100.001901, 73.945902], [-99.157947, 73.73157], [-97.669948, 73.887741], [-97.327026, 73.861846], [-97.111744, 73.790325], [-97.001694, 73.666487], [-97.156392, 73.592197], [-97.625898, 73.502285], [-97.350306, 73.480939], [-97.230363, 73.421305], [-97.272507, 73.386841], [-97.795884, 73.285294], [-98.375594, 73.044694], [-98.430911, 72.958078], [-98.366652, 72.934149], [-97.939393, 73.035597], [-97.636335, 73.027632], [-97.328757, 72.937819], [-97.295836, 72.918032], [-97.377668, 72.864957], [-97.083009, 72.76285], [-97.07288, 72.717576], [-97.158924, 72.642781], [-97.128124, 72.627609], [-96.542114, 72.698712], [-96.445632, 72.552418], [-96.472867, 72.434392], [-96.638282, 72.342041], [-96.801451, 72.322409], [-96.592859, 72.204481], [-96.766312, 72.045938], [-96.624357, 71.967594], [-96.613426, 71.833857], [-96.946504, 71.791868], [-97.222228, 71.673512], [-97.582283, 71.629688], [-98.18134, 71.662449], [-98.283864, 71.715524], [-98.322701, 71.852358], [-98.458843, 71.773191], [-98.231465, 71.558936], [-98.198627, 71.440855], [-98.662887, 71.302108], [-99.167121, 71.367169], [-99.734735, 71.757228], [-100.594476, 72.15234], [-100.98365, 72.210062], [-101.208546, 72.316981], [-101.498321, 72.277859], [-101.723914, 72.314916], [-101.973666, 72.486116], [-102.402221, 72.594738], [-102.70874, 72.764498], [-102.551075, 72.978281], [-102.203989, 73.077301], [-101.922454, 73.056965], [-101.273195, 72.721663], [-100.484766, 72.77298], [-100.3957, 72.976996], [-100.227933, 72.898905], [-100.128145, 72.906716], [-100.096729, 72.963142], [-100.236201, 73.09544], [-100.531376, 73.138275], [-100.536391, 73.197854], [-100.340719, 73.265189], [-99.825142, 73.21385], [-100.366114, 73.359035], [-100.889365, 73.275352], [-101.523205, 73.486366], [-101.323166, 73.571994], [-100.975795, 73.599745], [-100.521664, 73.44932], [-100.60711, 73.57541], [-100.898231, 73.658038], [-100.985095, 73.76532], [-100.483629, 73.843499], [-99.991101, 73.795181], [-99.911879, 73.847014], [-100.153831, 73.84407], [-100.227054, 73.889136], [-100.001901, 73.945902]]], [[[-86.589357, 71.010806], [-86.32129, 71.016804], [-85.643862, 71.152452], [-85.094854, 71.151936], [-85.00158, 71.137467], [-85.065784, 71.078602], [-84.988506, 71.031768], [-84.823711, 71.028637], [-84.658081, 71.514606], [-84.699401, 71.631467], [-85.33908, 71.697275], [-85.596215, 71.86641], [-85.911599, 71.986513], [-85.545776, 72.101539], [-85.321864, 72.233134], [-85.018729, 72.218181], [-84.283744, 72.044487], [-84.842003, 72.308148], [-84.623046, 72.37656], [-85.341112, 72.421527], [-85.615595, 72.604636], [-85.649905, 72.722179], [-85.574616, 72.856377], [-85.262131, 72.954002], [-84.25663, 72.796743], [-84.274252, 72.836437], [-85.383904, 73.045408], [-85.454755, 73.105459], [-85.0184, 73.335502], [-84.416085, 73.456494], [-83.781888, 73.416911], [-83.904067, 73.528334], [-83.410353, 73.631682], [-82.659602, 73.729603], [-81.605354, 73.696018], [-81.344077, 73.597735], [-81.151728, 73.314024], [-80.603445, 73.12117], [-80.591876, 72.927689], [-80.277261, 72.770189], [-81.229347, 72.311708], [-81.240564, 72.277914], [-80.760802, 72.457178], [-80.611454, 72.450828], [-80.702432, 72.338273], [-80.94123, 72.210161], [-80.691401, 72.103451], [-80.92107, 72.072294], [-80.925135, 71.907653], [-80.181921, 72.208766], [-79.884368, 72.177202], [-80.108928, 72.332175], [-80.041802, 72.394237], [-79.831293, 72.446279], [-79.583694, 72.314652], [-79.323318, 72.390831], [-79.000232, 72.272025], [-79.007834, 72.042938], [-78.585091, 71.880626], [-78.862749, 72.100814], [-78.820089, 72.265411], [-78.69925, 72.351401], [-78.4288, 72.279771], [-78.116338, 72.28032], [-77.726026, 72.179993], [-77.516506, 72.177795], [-77.535732, 72.218774], [-78.287175, 72.359817], [-78.484303, 72.470614], [-78.422417, 72.571535], [-77.753207, 72.724761], [-76.893493, 72.720674], [-76.188775, 72.572216], [-75.704311, 72.571535], [-75.294257, 72.480842], [-75.071455, 72.322848], [-75.052679, 72.226366], [-75.394156, 72.039785], [-75.542768, 72.00798], [-75.922807, 71.717227], [-75.599875, 71.918474], [-75.147656, 72.062988], [-74.69492, 72.096947], [-74.266344, 72.037676], [-74.212599, 71.938656], [-74.315738, 71.84269], [-74.892971, 71.725543], [-75.204807, 71.709108], [-74.700754, 71.675577], [-74.828943, 71.570878], [-74.868296, 71.504729], [-74.840753, 71.406599], [-75.035332, 71.230532], [-74.99622, 71.218107], [-74.758949, 71.338121], [-74.59957, 71.584885], [-74.488114, 71.648397], [-74.139034, 71.682235], [-73.866595, 71.771049], [-73.713556, 71.719863], [-74.197273, 71.404171], [-73.712863, 71.587621], [-73.18062, 71.282882], [-73.310456, 71.484273], [-73.278211, 71.538007], [-72.90193, 71.677775], [-71.640688, 71.516254], [-71.33295, 71.403446], [-71.186557, 71.278696], [-71.495009, 71.105112], [-71.937934, 71.094291], [-72.632721, 70.830773], [-72.312557, 70.832498], [-72.009169, 71.013442], [-71.742542, 71.046874], [-71.370853, 70.975155], [-71.186239, 70.978022], [-70.826063, 71.10876], [-70.672628, 71.052202], [-70.639097, 70.902448], [-70.761727, 70.792222], [-71.021762, 70.674108], [-71.58591, 70.56587], [-71.890177, 70.431541], [-71.727249, 70.395242], [-71.426641, 70.552105], [-71.275854, 70.500293], [-71.429432, 70.127758], [-70.979794, 70.581064], [-70.560963, 70.738268], [-70.084705, 70.829531], [-69.289042, 70.783433], [-68.495764, 70.610266], [-68.358248, 70.522881], [-68.48258, 70.414819], [-68.842921, 70.314437], [-69.435677, 70.253134], [-70.057734, 70.042625], [-69.795842, 70.046942], [-69.482984, 70.160057], [-68.778222, 70.203541], [-68.72329, 70.145643], [-69.00832, 69.978937], [-68.744066, 69.941418], [-68.489359, 70.06485], [-68.230663, 70.112212], [-68.327189, 70.180162], [-68.120646, 70.314624], [-67.855338, 70.281786], [-67.363688, 70.034429], [-67.195894, 69.860702], [-67.192763, 69.756826], [-67.336706, 69.721011], [-68.020385, 69.770054], [-68.372101, 69.644381], [-68.837087, 69.623551], [-69.250777, 69.51193], [-68.513023, 69.577299], [-67.908248, 69.460096], [-67.360953, 69.4725], [-66.770855, 69.336643], [-66.676285, 69.258431], [-66.679284, 69.191074], [-66.802891, 69.152754], [-67.607233, 69.173199], [-67.93846, 69.248126], [-68.618909, 69.206005], [-69.040609, 69.098009], [-68.41553, 69.172057], [-67.751703, 69.038683], [-67.751022, 68.933829], [-67.883188, 68.783965], [-68.450412, 68.850839], [-68.725312, 68.810189], [-69.319101, 68.856991], [-68.871419, 68.759938], [-68.210405, 68.702963], [-68.152496, 68.681078], [-68.14831, 68.616127], [-67.93846, 68.524193], [-67.655969, 68.550725], [-67.202508, 68.465845], [-66.713902, 68.445718], [-66.997272, 68.374175], [-67.032956, 68.326088], [-66.83095, 68.215631], [-66.923093, 68.065712], [-66.728997, 68.129015], [-66.662717, 68.034401], [-66.605467, 68.110008], [-66.630966, 68.210665], [-66.212387, 68.280428], [-66.274679, 68.040762], [-66.526475, 67.85116], [-66.392376, 67.831934], [-66.225175, 67.958716], [-65.942376, 68.070941], [-65.974885, 67.95743], [-65.864351, 67.922834], [-65.70172, 67.986654], [-65.509075, 67.968252], [-65.540848, 67.765631], [-65.401277, 67.67484], [-65.442256, 67.832351], [-65.415307, 67.879263], [-64.976908, 68.043387], [-64.83547, 67.990016], [-65.026028, 67.892029], [-65.071446, 67.823848], [-65.021117, 67.787571], [-64.637782, 67.84025], [-64.15623, 67.622974], [-64.01945, 67.654889], [-63.850184, 67.566086], [-64.077502, 67.49562], [-64.007947, 67.347338], [-64.699943, 67.350546], [-64.589234, 67.315532], [-64.375912, 67.301063], [-64.356423, 67.256151], [-63.836253, 67.264116], [-63.824113, 67.315686], [-63.591587, 67.377539], [-63.040129, 67.235013], [-63.161615, 67.174347], [-63.258405, 67.024647], [-63.701528, 66.822378], [-62.962301, 66.949248], [-62.379751, 66.905369], [-62.123594, 67.046708], [-61.968533, 67.019066], [-61.299718, 66.64875], [-61.307233, 66.608859], [-61.527817, 66.558113], [-61.904483, 66.678105], [-62.12333, 66.643059], [-61.652643, 66.503126], [-61.57642, 66.412489], [-61.570784, 66.372905], [-61.86268, 66.312821], [-62.553127, 66.406853], [-62.405646, 66.315897], [-62.533571, 66.227018], [-61.991615, 66.035295], [-62.624131, 66.016256], [-62.448383, 65.945482], [-62.382004, 65.83329], [-62.610256, 65.723635], [-62.658914, 65.639919], [-63.168954, 65.657333], [-63.458752, 65.853032], [-63.420882, 65.708595], [-63.651045, 65.661002], [-63.337452, 65.616771], [-63.363357, 65.229712], [-63.40181, 65.118453], [-63.606606, 64.928082], [-63.895634, 65.109258], [-64.061429, 65.121947], [-64.151846, 65.06618], [-64.345733, 65.172407], [-64.269664, 65.400758], [-64.469834, 65.252706], [-64.555077, 65.116596], [-65.10847, 65.463753], [-65.401607, 65.763999], [-65.378096, 65.822084], [-65.18488, 65.939956], [-64.853708, 66.015893], [-64.672994, 66.192707], [-64.445368, 66.317117], [-64.655174, 66.287014], [-65.004506, 66.077724], [-65.415593, 65.99458], [-65.825745, 65.996931], [-65.891059, 66.020211], [-65.857166, 66.086404], [-65.656347, 66.204748], [-66.063709, 66.132711], [-66.476971, 66.27973], [-66.787389, 66.555685], [-66.986341, 66.627513], [-66.968983, 66.547148], [-67.076879, 66.525505], [-67.307306, 66.569736], [-67.3177, 66.520386], [-67.191763, 66.43277], [-67.189764, 66.321742], [-67.22537, 66.310272], [-67.883397, 66.467421], [-67.704495, 66.268612], [-67.183227, 66.034416], [-67.350461, 65.92975], [-67.828047, 65.96517], [-68.459893, 66.249287], [-68.748922, 66.200046], [-68.467078, 66.173174], [-68.217172, 66.078856], [-68.256811, 65.938616], [-68.18674, 65.871017], [-67.866445, 65.773656], [-67.954346, 65.623077], [-67.936757, 65.564916], [-67.569638, 65.643534], [-67.39968, 65.588404], [-67.303428, 65.482925], [-67.117968, 65.440397], [-67.336508, 65.346606], [-67.066497, 65.244082], [-66.970378, 65.084912], [-66.830906, 65.074167], [-66.697422, 64.815165], [-66.635514, 65.000317], [-66.223758, 64.8541], [-66.30153, 64.777723], [-66.214661, 64.722407], [-65.938531, 64.885752], [-65.768045, 64.853562], [-65.513151, 64.706488], [-65.43194, 64.726439], [-65.274825, 64.631528], [-65.529323, 64.504801], [-65.178595, 64.509701], [-65.074632, 64.436686], [-65.212994, 64.303257], [-65.580333, 64.293852], [-65.347785, 64.232307], [-65.149614, 64.087145], [-65.169861, 64.028159], [-64.678454, 64.027983], [-64.686177, 63.960934], [-64.798161, 63.915945], [-64.576314, 63.897345], [-64.410948, 63.706347], [-64.561581, 63.679706], [-64.498619, 63.46277], [-64.514351, 63.263972], [-64.664655, 63.245339], [-64.933293, 63.599275], [-65.191856, 63.764278], [-65.089408, 63.605932], [-65.004814, 63.333416], [-65.068919, 63.263478], [-64.672378, 62.921946], [-64.868693, 62.879879], [-65.162786, 62.932591], [-65.046595, 62.701439], [-65.050187, 62.646156], [-65.10847, 62.626457], [-65.572422, 62.868871], [-65.74037, 62.931976], [-65.833699, 62.908542], [-66.224011, 63.107153], [-66.228669, 62.990984], [-66.41447, 63.027217], [-66.654971, 63.264774], [-66.636448, 63.080127], [-66.697477, 63.069536], [-67.017916, 63.316498], [-67.260955, 63.340733], [-67.893262, 63.733736], [-67.722579, 63.422746], [-68.493742, 63.725464], [-68.858939, 63.751875], [-68.911091, 63.703216], [-68.141257, 63.172324], [-67.675964, 63.093563], [-67.736949, 63.009594], [-67.366655, 62.914145], [-66.979518, 62.700824], [-66.644864, 62.602068], [-66.281249, 62.302679], [-65.980202, 62.208867], [-66.026971, 62.137192], [-66.133165, 62.102409], [-66.058886, 61.91384], [-66.323744, 61.870279], [-67.44012, 62.151244], [-68.633664, 62.281311], [-69.125599, 62.42399], [-69.604735, 62.767741], [-70.236152, 62.76338], [-71.105786, 63.002256], [-70.946055, 63.120699], [-71.253739, 63.04251], [-71.347265, 63.06613], [-71.99224, 63.416177], [-71.614277, 63.444082], [-71.380828, 63.580301], [-71.513455, 63.586563], [-71.837552, 63.724947], [-72.290156, 63.728001], [-72.174272, 63.893412], [-72.498468, 63.823495], [-72.678094, 64.020018], [-73.454553, 64.399277], [-73.271279, 64.582518], [-73.910343, 64.578124], [-73.950388, 64.465832], [-74.064799, 64.424678], [-74.130454, 64.607787], [-74.461241, 64.64469], [-74.681407, 64.830666], [-74.919448, 64.765506], [-74.640011, 64.557096], [-74.694712, 64.496583], [-75.067401, 64.456681], [-75.487793, 64.540759], [-75.715012, 64.524378], [-75.766692, 64.391938], [-76.118089, 64.376327], [-76.856151, 64.237624], [-77.791164, 64.367076], [-78.174554, 64.61774], [-78.189693, 64.751806], [-78.055254, 64.982904], [-77.876144, 65.072926], [-77.360907, 65.196533], [-77.46041, 65.355912], [-77.326695, 65.453108], [-76.481682, 65.369711], [-75.828336, 65.227031], [-75.519928, 65.056029], [-75.501591, 65.013083], [-75.589131, 64.905033], [-75.452109, 64.84162], [-75.357099, 65.008744], [-75.798673, 65.297508], [-75.166311, 65.283918], [-74.981751, 65.381433], [-74.494771, 65.371666], [-74.236856, 65.483913], [-73.989587, 65.516982], [-73.550804, 65.485254], [-73.746086, 65.76668], [-74.276187, 66.012762], [-74.401091, 66.096951], [-74.416384, 66.167076], [-73.280793, 66.674952], [-73.03326, 66.72817], [-72.946787, 66.883253], [-72.788836, 67.030635], [-72.364929, 67.133423], [-72.22003, 67.254294], [-72.352888, 67.341888], [-72.725324, 67.81162], [-73.06344, 68.107009], [-73.328232, 68.266739], [-73.284484, 68.35697], [-73.644495, 68.294535], [-73.820496, 68.362958], [-73.879361, 68.429414], [-73.780605, 68.61928], [-73.851555, 68.701392], [-74.117973, 68.700919], [-73.966043, 68.578762], [-73.989279, 68.548638], [-74.422426, 68.579949], [-74.647943, 68.707533], [-74.699952, 68.808354], [-74.910406, 68.823142], [-74.74326, 68.913362], [-74.954022, 68.961064], [-74.716728, 69.045527], [-74.854859, 69.065841], [-75.213288, 68.909385], [-75.522674, 68.952748], [-75.623023, 68.887731], [-76.23472, 68.728022], [-76.585085, 68.698755], [-76.616253, 68.759883], [-76.557235, 69.009481], [-76.380915, 69.052427], [-75.953701, 69.030828], [-75.66799, 69.158829], [-75.647732, 69.212574], [-75.787148, 69.318658], [-76.407964, 69.441134], [-76.520365, 69.516588], [-76.516102, 69.590922], [-76.463291, 69.619958], [-76.234105, 69.662102], [-76.513257, 69.68391], [-76.742343, 69.572915], [-77.089918, 69.635131], [-77.128799, 69.652753], [-76.85859, 69.775404], [-77.015969, 69.836147], [-77.591642, 69.845607], [-77.774004, 70.2385], [-78.282814, 70.22915], [-78.621445, 70.353406], [-79.06638, 70.603543], [-79.346653, 70.481902], [-79.405221, 70.400713], [-79.017546, 70.325215], [-78.809839, 70.178558], [-78.777825, 70.047634], [-78.818804, 70.010457], [-79.09289, 69.925345], [-79.515425, 69.887618], [-80.670318, 70.052084], [-81.651936, 70.094612], [-81.02376, 69.9], [-80.842859, 69.791653], [-80.921719, 69.730887], [-81.564683, 69.942704], [-82.293834, 69.836927], [-83.149955, 70.009061], [-83.859089, 69.962732], [-85.432376, 70.111377], [-85.780027, 70.036659], [-86.322015, 70.145435], [-86.499829, 70.350385], [-86.396865, 70.465313], [-86.704164, 70.390737], [-87.122479, 70.411952], [-87.171984, 70.399834], [-87.063263, 70.325116], [-87.617798, 70.318755], [-87.900707, 70.251892], [-88.402123, 70.442472], [-88.848421, 70.522881], [-89.2083, 70.759713], [-89.45591, 71.061705], [-88.695667, 71.045588], [-87.844918, 70.944404], [-87.140101, 71.011608], [-87.872428, 71.208549], [-89.079342, 71.287947], [-89.693324, 71.423496], [-89.845749, 71.492282], [-90.025177, 71.948785], [-89.931508, 72.049036], [-89.663793, 72.157976], [-89.858668, 72.248328], [-89.874049, 72.367211], [-89.816832, 72.467725], [-89.357692, 72.804137], [-89.225329, 73.108041], [-88.976785, 73.252478], [-88.760936, 73.31242], [-88.705203, 73.403276], [-87.719751, 73.722891], [-86.768753, 73.833996], [-85.950765, 73.850167], [-85.009325, 73.778624], [-84.946802, 73.721649], [-84.974498, 73.694777], [-85.681897, 73.46146], [-86.086469, 73.260234], [-86.629336, 72.870802], [-86.667777, 72.762565], [-86.322554, 72.460825], [-86.34134, 72.123193], [-86.21848, 71.899127], [-86.03614, 71.770972], [-85.023409, 71.353239], [-85.405371, 71.226764], [-85.945415, 71.162659], [-86.589357, 71.010806]]], [[[-79.537287, 73.654468], [-78.286538, 73.665839], [-77.206549, 73.49955], [-77.005323, 73.356035], [-76.758669, 73.309992], [-76.569792, 73.159259], [-76.28952, 73.080993], [-76.309548, 72.997925], [-76.089997, 72.881184], [-76.400548, 72.820671], [-77.835912, 72.89684], [-78.314201, 72.881854], [-79.500516, 72.755973], [-79.936849, 72.863617], [-80.05159, 72.976996], [-80.183317, 73.224683], [-80.617914, 73.270825], [-80.776402, 73.334183], [-80.822941, 73.428952], [-80.735841, 73.483081], [-80.826995, 73.534684], [-80.860723, 73.670541], [-80.762768, 73.757772], [-80.412294, 73.765419], [-79.537287, 73.654468]]], [[[-105.288917, 72.919944], [-105.434074, 72.937973], [-106.07104, 73.196382], [-106.180024, 73.304103], [-106.949666, 73.510371], [-106.613951, 73.695601], [-105.512313, 73.765759], [-105.114433, 73.744413], [-104.587512, 73.578091], [-104.552323, 73.465591], [-104.621751, 73.311134], [-105.002575, 73.037553], [-105.288917, 72.919944]]], [[[-96.670632, 72.960923], [-96.94379, 72.926712], [-97.092776, 72.996936], [-97.06921, 73.130156], [-96.862431, 73.188812], [-96.59849, 73.073829], [-96.670632, 72.960923]]], [[[-100.308342, 70.4958], [-100.620673, 70.546908], [-100.678296, 70.64618], [-100.53794, 70.668582], [-100.276119, 70.594611], [-100.321081, 70.578351], [-100.308342, 70.4958]]], [[[-87.107263, 70.146676], [-86.612747, 70.105697], [-86.515232, 70.017048], [-86.734343, 69.976322], [-87.043806, 69.999866], [-87.323244, 70.080121], [-87.107263, 70.146676]]], [[[-97.469448, 69.666804], [-97.236098, 69.673473], [-96.875219, 69.510018], [-96.299958, 69.344399], [-95.751362, 68.897651], [-95.585479, 68.835128], [-95.374173, 68.892125], [-95.267771, 68.826086], [-95.465591, 68.747281], [-95.685625, 68.735856], [-96.401576, 68.470701], [-96.598825, 68.460835], [-97.00839, 68.538684], [-97.472029, 68.543727], [-98.23503, 68.739371], [-98.320558, 68.84272], [-98.539664, 68.798258], [-98.775255, 68.816726], [-98.904498, 68.932434], [-99.057384, 68.917657], [-99.09064, 68.863341], [-99.254012, 68.863187], [-99.440851, 68.917657], [-99.564046, 69.034134], [-99.455732, 69.131177], [-98.9122, 69.167585], [-98.503541, 69.308276], [-98.450367, 69.354056], [-98.558528, 69.461448], [-98.448406, 69.479531], [-98.54602, 69.572915], [-98.041346, 69.456636], [-98.162971, 69.512194], [-98.304513, 69.669287], [-98.23865, 69.780029], [-98.080754, 69.833049], [-97.69119, 69.841267], [-97.411363, 69.738479], [-97.385704, 69.700247], [-97.469448, 69.666804]]], [[[-79.430654, 69.787786], [-79.364967, 69.712332], [-79.552844, 69.630846], [-80.047514, 69.634307], [-79.97785, 69.509689], [-80.448054, 69.649698], [-80.794783, 69.689238], [-80.72659, 69.740446], [-80.46594, 69.737084], [-80.424236, 69.797596], [-80.21365, 69.801936], [-80.124617, 69.737238], [-79.593977, 69.810516], [-79.430654, 69.787786]]], [[[-78.029084, 69.714891], [-77.969165, 69.638954], [-78.039983, 69.608412], [-78.470086, 69.502526], [-78.848203, 69.482783], [-78.578554, 69.6388], [-78.295503, 69.667123], [-78.200746, 69.739512], [-78.029084, 69.714891]]], [[[-67.914708, 69.540945], [-68.202341, 69.580408], [-68.221413, 69.616729], [-67.908819, 69.681844], [-67.754615, 69.631461], [-67.914708, 69.540945]]], [[[-95.706631, 69.624331], [-95.380919, 69.506613], [-95.399414, 69.419799], [-95.496232, 69.350079], [-95.730147, 69.347552], [-95.665833, 69.43897], [-95.704104, 69.538033], [-95.763606, 69.559633], [-95.806189, 69.560511], [-95.811819, 69.447023], [-95.893442, 69.351738], [-95.985947, 69.391915], [-95.978839, 69.508832], [-95.87582, 69.605984], [-95.706631, 69.624331]]], [[[-101.000624, 69.461909], [-101.268514, 69.390597], [-101.28952, 69.441244], [-101.207304, 69.479839], [-101.351302, 69.559215], [-101.098347, 69.540769], [-101.000624, 69.461909]]], [[[-76.995348, 69.143734], [-77.215052, 69.138109], [-77.321938, 69.193579], [-77.379375, 69.27401], [-77.340912, 69.403879], [-77.109166, 69.437421], [-76.668856, 69.366152], [-76.995348, 69.143734]]], [[[-90.199816, 69.419073], [-90.177382, 69.357056], [-90.295463, 69.257783], [-90.492041, 69.369877], [-90.199816, 69.419073]]], [[[-78.852696, 68.915691], [-79.361374, 68.857661], [-79.40577, 68.923052], [-79.242678, 69.049274], [-78.930469, 69.122915], [-78.771826, 69.252202], [-78.662018, 69.262332], [-78.689044, 69.325118], [-78.650207, 69.351222], [-78.332582, 69.386049], [-78.22897, 69.303992], [-78.852696, 68.915691]]], [[[-90.492558, 69.2211], [-90.574417, 69.209421], [-90.771566, 69.292566], [-90.7657, 69.335973], [-90.599685, 69.367811], [-90.492558, 69.2211]]], [[[-99.994694, 69.013513], [-100.018023, 68.953978], [-100.141301, 68.969897], [-100.247363, 69.052789], [-100.153133, 69.129474], [-100.035338, 69.086583], [-99.994694, 69.013513]]], [[[-100.217238, 68.806706], [-100.397332, 68.723815], [-100.496912, 68.792238], [-100.596541, 68.766398], [-100.611581, 68.990211], [-100.520291, 69.035068], [-100.329941, 68.99755], [-100.178478, 68.903914], [-100.217238, 68.806706]]], [[[-101.732028, 68.65214], [-101.88721, 68.584958], [-102.308167, 68.681979], [-102.013355, 68.825416], [-101.82835, 68.79895], [-101.72164, 68.724122], [-101.732028, 68.65214]]], [[[-74.880853, 68.348697], [-75.310155, 68.47448], [-75.400254, 68.525478], [-75.396167, 68.588837], [-75.287391, 68.687747], [-74.98363, 68.647592], [-74.798247, 68.457945], [-74.880853, 68.348697]]], [[[-104.540694, 68.405903], [-104.85114, 68.453957], [-105.05136, 68.55902], [-104.602008, 68.561503], [-104.444525, 68.470679], [-104.540694, 68.405903]]], [[[-78.98272, 68.192845], [-79.174046, 68.234978], [-79.153458, 68.335261], [-78.952595, 68.353037], [-78.828515, 68.26819], [-78.98272, 68.192845]]], [[[-75.675868, 68.322495], [-75.153808, 68.234022], [-75.078145, 68.173147], [-75.062336, 68.075402], [-75.127342, 67.965253], [-75.090505, 67.634784], [-75.201972, 67.459189], [-75.4001, 67.366684], [-75.780073, 67.28354], [-76.693949, 67.235815], [-77.004906, 67.266951], [-77.224193, 67.508177], [-77.305898, 67.706096], [-77.228565, 67.850127], [-76.740245, 68.231232], [-76.364425, 68.318727], [-75.675868, 68.322495]]]]}}, {"id": "44", "type": "Feature", "properties": {"admin": "Canada", "name": "Ontario", "postal": "ON"}, "geometry": {"type": "MultiPolygon", "coordinates": [[[[-95.155298, 49.369672], [-95.153826, 52.822357], [-93.620223, 53.747933], [-91.378451, 55.317011], [-88.948495, 56.851307], [-88.075082, 56.467302], [-87.482402, 56.021312], [-85.676679, 55.601052], [-85.217999, 55.34897], [-85.365271, 55.079278], [-85.213583, 55.224385], [-85.06095, 55.285667], [-84.517961, 55.258904], [-83.910604, 55.31466], [-83.214346, 55.214619], [-82.986269, 55.231406], [-82.867749, 55.16072], [-82.577435, 55.148723], [-82.39326, 55.067797], [-82.308248, 54.998144], [-82.219391, 54.813475], [-82.418068, 54.355828], [-82.424165, 54.244592], [-82.239913, 54.044816], [-82.141443, 53.817641], [-82.190607, 53.610944], [-82.159164, 53.264139], [-82.259908, 53.159802], [-82.29156, 53.030712], [-82.260447, 52.961114], [-82.020022, 52.811612], [-81.59941, 52.432617], [-81.571681, 52.367292], [-81.611528, 52.324072], [-81.827893, 52.224206], [-81.46619, 52.204518], [-80.968487, 51.972223], [-80.657937, 51.758342], [-80.443297, 51.388597], [-80.85123, 51.125024], [-80.478343, 51.307309], [-80.265659, 51.316351], [-79.836236, 51.173364], [-79.519555, 50.918525], [-79.512975, 47.556422], [-79.559293, 47.483045], [-79.364945, 47.02196], [-78.781, 46.393443], [-77.682674, 46.186669], [-77.371344, 46.062853], [-77.233235, 45.903584], [-77.030844, 45.807465], [-76.940932, 45.800972], [-76.912895, 45.8758], [-76.823708, 45.879678], [-76.553126, 45.542079], [-76.413446, 45.496343], [-76.000623, 45.483632], [-75.903966, 45.42023], [-74.864187, 45.642176], [-74.577224, 45.6322], [-74.396565, 45.56771], [-74.478061, 45.317903], [-74.340446, 45.214445], [-74.708873, 45.00387], [-74.856639, 45.003925], [-75.179384, 44.899379], [-75.875929, 44.41698], [-76.151158, 44.303942], [-76.464609, 44.057595], [-76.819962, 43.628788], [-78.458254, 43.631502], [-78.845566, 43.583338], [-79.171849, 43.466575], [-79.059228, 43.278061], [-79.026181, 43.017322], [-78.915077, 42.90914], [-79.036695, 42.80232], [-80.247576, 42.365997], [-81.277643, 42.209179], [-82.439073, 41.67487], [-82.690012, 41.675177], [-83.029962, 41.832974], [-83.141946, 41.975862], [-83.149669, 42.14192], [-83.073138, 42.30031], [-82.867749, 42.385213], [-82.545322, 42.624682], [-82.408191, 43.072638], [-82.13785, 43.570879], [-82.551079, 45.347357], [-83.592693, 45.817155], [-83.46947, 45.994683], [-83.615951, 46.116829], [-83.977786, 46.084914], [-84.088407, 46.226527], [-84.14948, 46.542769], [-84.561753, 46.457372], [-84.779414, 46.637284], [-84.875973, 46.899901], [-88.378195, 48.303097], [-89.455646, 47.996216], [-89.901043, 47.995469], [-89.993646, 48.01531], [-90.091776, 48.118099], [-90.744408, 48.104607], [-90.840319, 48.200518], [-90.916048, 48.209153], [-91.38724, 48.058542], [-91.518307, 48.058311], [-92.005155, 48.301834], [-92.171785, 48.338396], [-92.414588, 48.276587], [-92.500578, 48.43534], [-92.996254, 48.611813], [-93.377886, 48.616537], [-93.463618, 48.561276], [-93.70774, 48.525461], [-94.055182, 48.659021], [-94.620885, 48.742605], [-94.705095, 48.808523], [-94.803461, 49.002948], [-94.854333, 49.304589], [-95.155298, 49.369672]]], [[[-79.520467, 50.965986], [-79.714453, 51.117608], [-79.737458, 51.186283], [-79.688822, 51.346585], [-79.521346, 51.544712], [-79.520467, 50.965986]]]]}}, {"id": "45", "type": "Feature", "properties": {"admin": "Canada", "name": "Prince Edward Island", "postal": "PE"}, "geometry": {"type": "Polygon", "coordinates": [[[-63.905555, 46.508766], [-63.737013, 46.480498], [-63.681434, 46.561918], [-63.129371, 46.422205], [-62.163562, 46.487189], [-62.023728, 46.421557], [-62.526045, 46.202863], [-62.543261, 46.028664], [-62.47809, 45.999726], [-62.804889, 45.973216], [-62.878355, 46.001374], [-62.903547, 46.068247], [-63.022089, 46.066599], [-62.894549, 46.123597], [-62.952666, 46.195161], [-63.056322, 46.223946], [-62.978473, 46.316352], [-63.270809, 46.199995], [-63.152782, 46.188339], [-63.213504, 46.15984], [-63.568879, 46.209224], [-63.731784, 46.289062], [-63.800547, 46.367328], [-63.758656, 46.397607], [-64.110812, 46.425435], [-64.136059, 46.599689], [-64.388052, 46.640877], [-64.403147, 46.691623], [-64.223235, 46.901242], [-63.993577, 47.061576], [-63.981492, 46.912997], [-64.087862, 46.775437], [-63.90305, 46.639119], [-63.863719, 46.572355], [-63.905555, 46.508766]]]}}, {"id": "46", "type": "Feature", "properties": {"admin": "Canada", "name": "Qu\u00e9bec", "postal": "QC"}, "geometry": {"type": "MultiPolygon", "coordinates": [[[[-66.448989, 48.119648], [-66.925026, 47.96351], [-66.951822, 47.899449], [-67.057576, 47.918576], [-67.364853, 47.8548], [-67.579042, 47.939505], [-67.612891, 47.998567], [-68.113516, 47.998567], [-68.113516, 47.929375], [-68.377913, 47.929375], [-68.37921, 47.588986], [-68.496016, 47.480309], [-69.05366, 47.294585], [-69.050222, 47.426619], [-69.242878, 47.462995], [-70.00768, 46.708937], [-70.067215, 46.441046], [-70.248292, 46.250873], [-70.296247, 45.906089], [-70.421096, 45.73824], [-70.702214, 45.551385], [-70.689788, 45.428338], [-70.79919, 45.404772], [-70.89799, 45.262455], [-70.999877, 45.337228], [-71.134647, 45.262818], [-71.327292, 45.290108], [-71.51752, 45.007561], [-74.708873, 45.00387], [-74.049792, 45.241427], [-73.764664, 45.395478], [-73.558088, 45.425086], [-73.465275, 45.63231], [-73.159559, 46.010031], [-72.733432, 46.181857], [-72.109288, 46.551217], [-71.261176, 46.756266], [-70.519489, 47.032528], [-70.069588, 47.377785], [-69.471053, 47.9673], [-68.987072, 48.274983], [-68.238211, 48.626436], [-66.598095, 49.126358], [-66.178176, 49.213117], [-65.52339, 49.266137], [-64.836349, 49.191727], [-64.567734, 49.104803], [-64.216226, 48.873661], [-64.20881, 48.806216], [-64.513736, 48.841098], [-64.246076, 48.691112], [-64.253744, 48.550367], [-64.348831, 48.4232], [-64.633157, 48.360512], [-64.822056, 48.196486], [-65.259422, 48.021254], [-65.475897, 48.031482], [-65.926721, 48.188839], [-66.083122, 48.102696], [-66.448989, 48.119648]]], [[[-64.614272, 60.30598], [-64.846688, 60.250763], [-64.622303, 60.141317], [-64.887271, 60.035409], [-64.661469, 59.921513], [-64.790822, 59.815572], [-64.818024, 59.540244], [-64.714621, 59.466295], [-64.385295, 59.514766], [-64.37867, 59.475073], [-64.503134, 59.398652], [-64.519493, 59.225793], [-64.477811, 59.116182], [-64.324364, 59.019964], [-64.770256, 59.048693], [-64.832834, 59.020019], [-64.848313, 58.949223], [-64.294075, 58.865991], [-64.191781, 58.76874], [-63.727137, 58.861684], [-63.496709, 58.753447], [-64.070811, 58.641694], [-64.062494, 58.554825], [-63.882374, 58.55521], [-63.848008, 58.459738], [-64.09776, 58.35918], [-64.394589, 58.144332], [-64.386998, 58.098881], [-64.226586, 58.01755], [-64.045466, 57.785255], [-63.96131, 57.80169], [-63.793494, 57.705966], [-63.601255, 57.723061], [-63.758503, 57.552927], [-63.7421, 57.395778], [-63.799899, 57.31872], [-63.757854, 57.227666], [-63.903302, 56.889342], [-64.115591, 56.707397], [-63.925572, 56.475366], [-64.136103, 56.394572], [-64.12148, 56.299409], [-63.899325, 56.212331], [-64.004146, 56.097458], [-63.578305, 56.025574], [-63.558464, 55.992495], [-63.698407, 55.92338], [-63.700572, 55.860911], [-63.415169, 55.596009], [-63.154353, 55.51359], [-63.111825, 55.33983], [-63.534019, 55.140351], [-63.551158, 55.086254], [-63.476044, 54.961867], [-63.698825, 54.615194], [-64.341053, 54.72632], [-65.675804, 54.744931], [-65.883643, 54.907188], [-66.156631, 54.967756], [-66.773986, 55.32825], [-66.79731, 55.29383], [-66.725064, 55.21319], [-66.747443, 55.129145], [-66.650785, 54.798566], [-66.724449, 54.747974], [-67.166725, 54.937477], [-67.301747, 55.063721], [-67.40815, 55.071785], [-67.415775, 54.983774], [-67.15018, 54.616666], [-67.285521, 54.518558], [-67.601421, 54.552791], [-67.609716, 54.45164], [-67.511323, 54.236176], [-67.76147, 54.060735], [-67.470992, 53.796459], [-67.47353, 53.613317], [-67.164913, 53.543038], [-67.076055, 53.417409], [-66.944439, 53.355139], [-66.970301, 53.072988], [-67.053654, 52.920025], [-67.068024, 52.754922], [-66.814778, 52.6865], [-66.688348, 52.726885], [-66.615278, 52.93155], [-66.428038, 53.010816], [-66.300212, 52.896877], [-66.426093, 52.660868], [-66.394233, 52.417829], [-66.462216, 52.294529], [-66.407438, 52.183688], [-66.345453, 52.154849], [-66.279535, 52.300814], [-66.096965, 52.209528], [-66.035782, 52.109245], [-65.882929, 52.054214], [-65.780558, 52.103895], [-65.589144, 52.073364], [-65.4521, 52.202914], [-65.137133, 52.154695], [-64.626719, 51.825314], [-64.702327, 51.745422], [-64.598012, 51.600369], [-64.290516, 51.728777], [-64.334571, 51.841904], [-64.270828, 52.083229], [-64.130676, 52.186688], [-64.103188, 52.378487], [-64.183465, 52.554158], [-64.178477, 52.815325], [-63.973373, 52.895064], [-63.90506, 53.076921], [-63.722544, 53.109188], [-63.554585, 52.964311], [-63.550246, 52.774149], [-63.409687, 52.688719], [-63.898545, 52.589249], [-64.059418, 52.48512], [-63.765589, 52.297529], [-63.664295, 52.060125], [-63.785507, 52.050776], [-63.756899, 52.010522], [-57.101029, 52.001117], [-57.100128, 51.443342], [-57.461655, 51.469105], [-57.769569, 51.425906], [-58.089425, 51.311], [-58.510377, 51.295059], [-59.165371, 50.779899], [-59.611889, 50.492112], [-59.815312, 50.418262], [-59.886316, 50.316386], [-60.080203, 50.254577], [-60.807234, 50.249798], [-61.724856, 50.104075], [-61.919523, 50.232857], [-62.715439, 50.301686], [-63.135622, 50.293776], [-63.238641, 50.242569], [-63.853952, 50.314343], [-64.170391, 50.269441], [-65.268617, 50.320033], [-65.762442, 50.259257], [-65.955373, 50.294161], [-66.125518, 50.201019], [-66.495527, 50.211873], [-66.941176, 49.993696], [-67.23439, 49.60178], [-67.261889, 49.451191], [-67.372005, 49.348457], [-68.281926, 49.197154], [-68.220589, 49.149638], [-68.543851, 49.056122], [-68.669062, 48.939491], [-68.929042, 48.828958], [-69.23076, 48.573625], [-69.374955, 48.386396], [-69.673883, 48.199178], [-69.851696, 48.207395], [-70.383709, 48.36651], [-71.018247, 48.455599], [-70.838741, 48.367389], [-70.500648, 48.35436], [-69.971173, 48.205736], [-69.77499, 48.098103], [-69.994453, 47.739872], [-70.448045, 47.423466], [-70.705861, 47.13981], [-71.115651, 46.924939], [-71.26779, 46.79596], [-71.757264, 46.673583], [-71.879608, 46.686811], [-72.204627, 46.558864], [-72.256648, 46.485069], [-72.680127, 46.287304], [-72.98102, 46.20974], [-73.021922, 46.120257], [-73.14543, 46.066281], [-73.476591, 45.73824], [-73.711853, 45.711159], [-74.037828, 45.501869], [-74.315101, 45.531071], [-73.999607, 45.433347], [-73.973855, 45.345138], [-74.340446, 45.214445], [-74.478061, 45.317903], [-74.396565, 45.56771], [-74.577224, 45.6322], [-74.864187, 45.642176], [-75.903966, 45.42023], [-76.122638, 45.504868], [-76.413446, 45.496343], [-76.553126, 45.542079], [-76.666582, 45.642593], [-76.823708, 45.879678], [-76.912895, 45.8758], [-76.940932, 45.800972], [-77.030844, 45.807465], [-77.233235, 45.903584], [-77.371344, 46.062853], [-77.682674, 46.186669], [-78.460451, 46.306892], [-78.781, 46.393443], [-78.903168, 46.486464], [-79.364945, 47.02196], [-79.559293, 47.483045], [-79.512975, 47.556422], [-79.519555, 50.918525], [-79.347894, 50.76264], [-79.520467, 50.965986], [-79.521346, 51.544712], [-79.296961, 51.622792], [-79.264255, 51.551996], [-79.040541, 51.463787], [-78.903168, 51.200291], [-78.858003, 51.383949], [-78.731363, 51.497482], [-78.981632, 51.774568], [-78.828208, 51.963006], [-78.448103, 52.261362], [-78.526051, 52.310712], [-78.557065, 52.491888], [-78.744129, 52.655386], [-78.765783, 52.760031], [-78.721706, 52.856469], [-78.898224, 53.043379], [-79.100361, 53.656625], [-79.113149, 53.717215], [-79.040343, 53.81796], [-78.945696, 53.831594], [-79.075169, 53.932393], [-78.996024, 54.002497], [-79.241799, 54.098869], [-79.138835, 54.157206], [-79.356134, 54.263378], [-79.597932, 54.60168], [-79.712344, 54.671806], [-78.475052, 55.011009], [-77.775278, 55.291248], [-77.165108, 55.663531], [-76.761822, 55.996428], [-76.604048, 56.199565], [-76.529824, 56.499964], [-76.572835, 57.181182], [-76.890912, 57.758129], [-77.156781, 58.01889], [-77.55242, 58.239594], [-78.463011, 58.60244], [-78.515097, 58.682365], [-78.430503, 58.901784], [-78.067679, 59.200184], [-77.760677, 59.380041], [-77.859016, 59.475798], [-77.733519, 59.580959], [-77.726158, 59.67587], [-77.5904, 59.680517], [-77.349074, 59.578949], [-77.485294, 59.684571], [-77.331661, 59.79661], [-77.37297, 59.925106], [-77.28921, 60.022016], [-77.585907, 60.088165], [-77.452884, 60.145788], [-77.681455, 60.427115], [-77.503553, 60.542713], [-77.714996, 60.577804], [-77.790802, 60.639865], [-77.603012, 60.825172], [-77.871551, 60.785852], [-78.181377, 60.819129], [-77.765017, 61.157508], [-77.726828, 61.230677], [-77.736178, 61.437341], [-77.514364, 61.55629], [-78.021383, 61.832091], [-78.137135, 62.107375], [-78.108581, 62.318104], [-77.603968, 62.531382], [-77.372431, 62.572514], [-76.879387, 62.525383], [-75.816888, 62.315863], [-75.675527, 62.249538], [-75.78984, 62.179566], [-75.34118, 62.312083], [-75.022752, 62.264469], [-74.632573, 62.115692], [-74.689911, 62.183445], [-74.645778, 62.211141], [-73.705052, 62.473143], [-72.881846, 62.125404], [-72.686949, 62.124558], [-72.632094, 62.027219], [-72.771621, 61.840407], [-72.505565, 61.922684], [-72.226127, 61.831574], [-72.040041, 61.680271], [-72.247056, 61.602026], [-72.215866, 61.587271], [-71.866095, 61.688532], [-71.638304, 61.617165], [-71.619418, 61.572912], [-71.854394, 61.439813], [-71.645335, 61.413149], [-71.743443, 61.337234], [-71.422719, 61.158958], [-70.72322, 61.055193], [-70.279273, 61.068673], [-70.157962, 61.020641], [-70.095307, 60.88029], [-69.992442, 60.856494], [-69.708402, 60.914633], [-69.623653, 61.049502], [-69.503353, 61.040405], [-69.404728, 60.846804], [-69.640473, 60.689787], [-69.751292, 60.487474], [-69.74057, 60.332292], [-69.62874, 60.198599], [-69.673751, 60.075871], [-69.962834, 60.01783], [-70.65483, 60.026235], [-70.619739, 59.9843], [-69.733934, 59.917998], [-69.630245, 59.821823], [-69.579422, 59.675123], [-69.692383, 59.48841], [-69.681892, 59.341732], [-69.344029, 59.303104], [-69.450454, 59.180035], [-69.4141, 59.086882], [-69.531664, 58.869221], [-69.648405, 58.820782], [-69.784163, 58.955727], [-69.86756, 58.856147], [-70.154348, 58.760599], [-69.789898, 58.689287], [-69.271069, 58.883953], [-68.698176, 58.904542], [-68.381143, 58.743493], [-68.229367, 58.4846], [-68.356545, 58.163217], [-68.468166, 58.076304], [-68.945291, 57.968792], [-69.040795, 57.902512], [-68.413597, 58.05175], [-68.289111, 58.177686], [-68.175523, 58.402587], [-68.111055, 58.473328], [-68.021033, 58.485315], [-67.888253, 58.295767], [-68.063847, 58.138981], [-67.855854, 58.272619], [-67.755933, 58.404598], [-67.689686, 58.243813], [-67.678271, 57.991138], [-67.569616, 58.213502], [-67.019421, 58.432921], [-66.722153, 58.491005], [-66.362427, 58.791163], [-66.237403, 58.772255], [-66.0909, 58.659052], [-66.002405, 58.431218], [-65.922897, 58.571986], [-66.043044, 58.82065], [-65.854837, 58.846611], [-65.920678, 58.914649], [-65.841423, 58.977074], [-65.703577, 58.970614], [-65.720991, 59.023765], [-65.544001, 59.011845], [-65.383545, 59.060218], [-65.606227, 59.110755], [-65.700018, 59.213313], [-65.607106, 59.213126], [-65.512767, 59.350411], [-65.411736, 59.31498], [-65.475073, 59.470327], [-65.349697, 59.478797], [-65.038245, 59.387896], [-65.407419, 59.539343], [-65.486487, 59.64869], [-65.433412, 59.776505], [-65.288777, 59.818055], [-65.054472, 59.752785], [-65.028171, 59.770715], [-65.159227, 59.830151], [-65.171729, 59.908022], [-64.931227, 60.251982], [-64.817332, 60.331051], [-64.614272, 60.30598]]], [[[-61.801134, 49.093904], [-62.219505, 49.079128], [-63.041524, 49.224949], [-63.565857, 49.399335], [-63.776619, 49.601989], [-64.44004, 49.827758], [-64.485204, 49.886985], [-64.131434, 49.941653], [-63.292001, 49.81686], [-62.858536, 49.705491], [-61.817152, 49.28355], [-61.696127, 49.139014], [-61.801134, 49.093904]]], [[[-61.914096, 47.2845], [-61.772559, 47.259803], [-61.833742, 47.222592], [-62.008282, 47.23427], [-61.924687, 47.425169], [-61.54802, 47.631767], [-61.395519, 47.637666], [-61.475544, 47.56397], [-61.684086, 47.498755], [-61.914096, 47.2845]]], [[[-70.91347, 46.919512], [-71.11664, 46.864844], [-70.825799, 46.995373], [-70.91347, 46.919512]]], [[[-73.566514, 45.469108], [-73.643562, 45.449113], [-73.960539, 45.441411], [-73.68743, 45.561404], [-73.476075, 45.704754], [-73.566514, 45.469108]]], [[[-73.69534, 45.585486], [-73.857707, 45.573599], [-73.724641, 45.671839], [-73.572348, 45.694471], [-73.69534, 45.585486]]]]}}, {"id": "47", "type": "Feature", "properties": {"admin": "Canada", "name": "Saskatchewan", "postal": "SK"}, "geometry": {"type": "Polygon", "coordinates": [[[-109.999432, 48.993083], [-110.000025, 60.001087], [-102.001649, 60.001087], [-102.001105, 55.817526], [-101.367271, 48.993138], [-109.999432, 48.993083]]]}}, {"id": "48", "type": "Feature", "properties": {"admin": "Canada", "name": "Yukon", "postal": "YT"}, "geometry": {"type": "MultiPolygon", "coordinates": [[[[-123.819157, 60.001087], [-139.056519, 60.001582], [-139.185169, 60.083573], [-139.079258, 60.343707], [-139.676302, 60.328337], [-139.973284, 60.183153], [-140.452818, 60.299729], [-140.525421, 60.218342], [-141.002137, 60.300245], [-141.002137, 69.650786], [-140.405118, 69.602468], [-139.976594, 69.621749], [-139.181524, 69.515555], [-138.689875, 69.316802], [-137.869408, 69.092834], [-137.259963, 68.964108], [-136.443756, 68.895124], [-136.445437, 67.746592], [-136.400711, 67.665897], [-136.233307, 67.600265], [-136.169251, 67.514231], [-136.177623, 67.422627], [-136.105179, 67.304216], [-136.217987, 67.181224], [-136.223227, 67.08828], [-136.169306, 67.015243], [-134.055581, 67.004487], [-134.031323, 66.944029], [-133.794155, 66.818631], [-133.763921, 66.650969], [-133.635194, 66.565649], [-133.65403, 66.452842], [-133.739378, 66.439845], [-133.800121, 66.325587], [-133.583157, 66.285102], [-133.568716, 66.176634], [-133.677184, 66.095632], [-133.621632, 65.974629], [-133.412133, 65.956029], [-132.93798, 66.02866], [-132.967797, 65.933705], [-132.902505, 65.913545], [-132.614328, 66.029231], [-132.342746, 65.978968], [-132.554848, 65.857009], [-132.295252, 65.716142], [-132.194689, 65.597655], [-132.345872, 65.443418], [-132.773234, 65.20341], [-132.579446, 65.18458], [-132.516066, 65.094162], [-132.35259, 65.057248], [-132.497, 64.957481], [-132.588104, 64.794082], [-132.106271, 64.702148], [-131.729006, 64.533816], [-131.796808, 64.387906], [-131.585914, 64.38026], [-131.358772, 64.458471], [-131.106718, 64.400903], [-130.91332, 64.192514], [-130.929701, 64.125465], [-130.757726, 63.993047], [-130.117916, 63.79337], [-130.302607, 63.703711], [-130.110681, 63.695031], [-129.844938, 63.485786], [-130.133604, 63.276452], [-129.905682, 63.187408], [-129.827497, 63.091761], [-129.611775, 63.058681], [-129.713937, 62.930603], [-129.718667, 62.831671], [-129.490256, 62.598717], [-129.18945, 62.490293], [-129.296314, 62.425287], [-129.239289, 62.373244], [-129.29337, 62.294231], [-129.232829, 62.21982], [-129.254714, 62.152771], [-128.90737, 62.118999], [-128.81386, 62.063814], [-128.560829, 62.116911], [-128.206327, 61.865269], [-128.04657, 61.813381], [-127.993577, 61.711219], [-127.807233, 61.618747], [-127.608666, 61.532856], [-127.166598, 61.464521], [-127.02126, 61.236753], [-127.026764, 61.126472], [-127.092907, 61.070507], [-126.944212, 61.052446], [-126.859277, 60.769416], [-126.296887, 60.784511], [-126.161519, 60.865876], [-126.003184, 60.808791], [-125.89916, 60.890233], [-125.322499, 60.792389], [-124.880486, 60.860317], [-124.806509, 60.961062], [-124.582597, 60.952822], [-124.505028, 60.788488], [-124.611227, 60.701202], [-124.599444, 60.662135], [-124.402838, 60.494088], [-124.225486, 60.452768], [-124.184688, 60.320965], [-123.997361, 60.126562], [-124.010824, 60.046131], [-123.819157, 60.001087]]], [[[-138.878856, 69.589702], [-139.125741, 69.539319], [-139.29139, 69.597876], [-139.139614, 69.6496], [-138.878856, 69.589702]]]]}}, {"id": "49", "type": "Feature", "properties": {"admin": "United States of America", "name": "Alaska", "postal": "AK"}, "geometry": {"type": "MultiPolygon", "coordinates": [[[[-139.056519, 60.001582], [-138.705456, 59.901331], [-138.632257, 59.778285], [-137.593299, 59.226254], [-137.484161, 58.991235], [-137.520877, 58.915374], [-137.438579, 58.903125], [-136.81327, 59.150031], [-136.578739, 59.152251], [-136.466728, 59.279945], [-136.466344, 59.459088], [-136.347845, 59.456034], [-136.247133, 59.532905], [-136.321829, 59.604832], [-135.475937, 59.793281], [-135.260781, 59.695008], [-135.05103, 59.578663], [-135.071311, 59.441433], [-134.94377, 59.288272], [-134.440756, 59.085333], [-134.296994, 58.898499], [-133.820742, 58.705052], [-133.401103, 58.410882], [-133.422576, 58.337065], [-132.232158, 57.19853], [-132.337989, 57.07946], [-132.03152, 57.02655], [-132.104282, 56.856789], [-131.866159, 56.792838], [-131.824274, 56.589986], [-131.575115, 56.598819], [-131.082922, 56.404822], [-130.741681, 56.340827], [-130.649072, 56.26367], [-130.477097, 56.230568], [-130.413146, 56.122518], [-130.214705, 56.082835], [-130.097866, 56.10929], [-130.014073, 55.950538], [-130.146518, 55.654489], [-130.036551, 55.297917], [-130.21409, 55.025895], [-130.575331, 54.769683], [-130.849605, 54.807608], [-131.045898, 55.179583], [-130.983935, 55.243963], [-130.748218, 55.318022], [-130.855961, 55.355123], [-130.918566, 55.735975], [-131.127675, 55.960151], [-131.140364, 55.997515], [-131.032769, 56.088098], [-131.784201, 55.876534], [-131.826158, 55.835357], [-131.803295, 55.765946], [-131.945013, 55.554129], [-132.119009, 55.569785], [-132.207532, 55.753388], [-132.005735, 55.93007], [-131.843835, 56.160091], [-131.551346, 56.206805], [-131.887912, 56.241632], [-132.021934, 56.38007], [-132.182027, 56.420643], [-132.357654, 56.6259], [-132.475939, 56.649664], [-132.487128, 56.766405], [-132.8022, 56.895153], [-132.824601, 57.055795], [-133.465851, 57.172174], [-133.436655, 57.336859], [-133.538948, 57.554157], [-133.648713, 57.642301], [-133.554219, 57.695079], [-133.117062, 57.566198], [-133.515465, 57.775125], [-133.535202, 57.832957], [-133.51112, 57.880111], [-133.194318, 57.877705], [-133.559361, 57.924451], [-133.65726, 57.840988], [-133.722321, 57.844251], [-134.031092, 58.072163], [-134.045248, 58.289263], [-133.876734, 58.518186], [-134.208829, 58.232959], [-134.776135, 58.45385], [-134.942507, 58.646286], [-134.986123, 58.765642], [-135.131851, 58.842865], [-135.330313, 59.239076], [-135.363668, 59.419427], [-135.412733, 59.318452], [-135.4841, 59.308685], [-135.400153, 59.207907], [-135.502315, 59.202304], [-135.386146, 59.087552], [-135.062038, 58.340888], [-135.090251, 58.245845], [-135.30254, 58.255931], [-135.449943, 58.376132], [-135.571793, 58.412047], [-135.897537, 58.400203], [-135.861727, 58.57705], [-136.043112, 58.821628], [-135.826379, 58.897961], [-136.016602, 58.873978], [-136.150031, 59.048078], [-136.124191, 58.819617], [-136.225842, 58.765455], [-136.451149, 58.846336], [-136.566209, 58.940896], [-136.988996, 59.034488], [-136.948072, 58.934908], [-137.059018, 58.873714], [-136.879078, 58.881525], [-136.613928, 58.809279], [-136.410116, 58.700658], [-136.483757, 58.617667], [-136.2246, 58.602264], [-136.061486, 58.452707], [-136.081251, 58.36419], [-136.462388, 58.327968], [-136.607419, 58.243989], [-137.544004, 58.581181], [-138.026919, 58.941467], [-138.560321, 59.129157], [-138.514898, 59.165896], [-138.884333, 59.2369], [-139.799109, 59.546264], [-139.611628, 59.610315], [-139.513056, 59.698117], [-139.582173, 59.848311], [-139.512306, 59.953549], [-139.330974, 59.877019], [-139.286713, 59.610941], [-139.2208, 59.819868], [-138.988074, 59.835007], [-139.242504, 59.892784], [-139.431433, 60.012249], [-139.51892, 60.017116], [-139.91688, 59.805673], [-140.419848, 59.710719], [-140.843154, 59.748863], [-141.408288, 59.902804], [-141.289949, 60.004141], [-141.408727, 60.117674], [-141.447073, 60.019434], [-141.670158, 59.969875], [-142.945635, 60.096954], [-144.147215, 60.016391], [-144.088537, 60.084342], [-144.185484, 60.150743], [-144.642949, 60.224648], [-144.901331, 60.335182], [-144.824437, 60.533617], [-144.691138, 60.669111], [-145.248287, 60.380138], [-145.898892, 60.478169], [-145.674928, 60.651126], [-146.149032, 60.660695], [-146.182337, 60.734743], [-146.251042, 60.749058], [-146.502989, 60.700796], [-146.570478, 60.729162], [-146.391989, 60.810868], [-146.638434, 60.897319], [-146.599109, 61.053534], [-146.284889, 61.112651], [-146.582728, 61.127845], [-146.874028, 61.004908], [-147.19504, 60.996844], [-147.361387, 60.914502], [-147.567265, 60.994933], [-147.655686, 60.909514], [-147.807613, 60.885377], [-147.990755, 60.948274], [-147.971169, 61.019069], [-147.751855, 61.218955], [-148.049408, 61.08268], [-148.34187, 61.060411], [-148.410754, 61.011467], [-148.208674, 61.029924], [-148.344427, 60.853549], [-148.556147, 60.826985], [-148.256734, 60.675318], [-148.305, 60.58333], [-148.509587, 60.565246], [-148.640121, 60.48943], [-148.119196, 60.575167], [-147.964088, 60.484892], [-148.1817, 60.393057], [-148.197617, 60.167772], [-148.333111, 60.122014], [-148.430703, 59.989134], [-148.750863, 59.94776], [-149.121589, 60.033519], [-149.266595, 59.998275], [-149.395269, 60.105732], [-149.598047, 59.770462], [-149.713854, 59.919602], [-149.794779, 59.855826], [-149.782455, 59.750335], [-150.00531, 59.784415], [-149.966525, 59.690053], [-150.198062, 59.566545], [-150.607391, 59.563392], [-150.677464, 59.426964], [-150.934503, 59.249095], [-151.182756, 59.300775], [-151.170715, 59.2369], [-151.7382, 59.188527], [-151.949505, 59.265069], [-151.931702, 59.342732], [-151.84995, 59.406353], [-151.39959, 59.516316], [-151.046484, 59.771803], [-151.450105, 59.650415], [-151.763831, 59.700029], [-151.853205, 59.782086], [-151.734506, 59.988332], [-151.395973, 60.27446], [-151.312672, 60.466435], [-151.355046, 60.65986], [-151.321791, 60.742906], [-150.44125, 61.023563], [-150.113053, 60.932816], [-149.632464, 60.951987], [-149.075081, 60.876412], [-149.142235, 60.935683], [-149.59249, 60.993823], [-150.053265, 61.171098], [-149.89529, 61.23171], [-149.7369, 61.363337], [-149.329071, 61.497381], [-149.433535, 61.500798], [-149.695251, 61.470717], [-149.975699, 61.279358], [-150.471792, 61.259978], [-150.567239, 61.306801], [-150.945484, 61.198224], [-151.150148, 61.085833], [-151.733962, 60.910722], [-151.784425, 60.833137], [-151.750474, 60.75487], [-151.996219, 60.68224], [-152.270726, 60.528112], [-152.305064, 60.452999], [-152.260314, 60.409438], [-152.368834, 60.336346], [-152.653932, 60.238447], [-153.02502, 60.295653], [-152.664759, 60.125266], [-152.630109, 60.08377], [-152.660107, 59.99722], [-152.759456, 59.920887], [-153.211211, 59.842708], [-153.024633, 59.793995], [-153.093622, 59.709126], [-153.363993, 59.659874], [-153.366448, 59.729846], [-153.414403, 59.740129], [-153.652529, 59.647009], [-153.609378, 59.615017], [-153.752598, 59.509856], [-154.088316, 59.363298], [-154.178335, 59.15559], [-153.418279, 58.959968], [-153.32707, 58.884316], [-153.437606, 58.754842], [-153.861948, 58.58785], [-154.019896, 58.492972], [-154.085888, 58.365838], [-154.289028, 58.304348], [-154.20805, 58.288791], [-154.247013, 58.159427], [-154.570585, 58.118053], [-154.584925, 58.055683], [-155.006863, 58.016044], [-155.147373, 57.881814], [-155.59024, 57.733608], [-155.77798, 57.56822], [-156.00019, 57.544962], [-156.055379, 57.447579], [-156.242188, 57.449205], [-156.435872, 57.359963], [-156.478402, 57.327872], [-156.400498, 57.204825], [-156.628987, 57.009982], [-156.779881, 57.005621], [-157.139137, 56.826555], [-157.440566, 56.790333], [-157.578387, 56.634448], [-157.86909, 56.645225], [-158.078303, 56.552028], [-157.929993, 56.520476], [-158.414408, 56.435837], [-158.552152, 56.312713], [-158.38614, 56.301573], [-158.275656, 56.196258], [-158.47611, 56.075496], [-158.523343, 56.072442], [-158.542668, 56.166826], [-158.591167, 56.184525], [-158.789863, 55.986914], [-159.52323, 55.810001], [-159.567621, 55.695205], [-159.659653, 55.625903], [-159.678489, 55.824656], [-159.771379, 55.841114], [-160.373204, 55.635109], [-160.499319, 55.537287], [-160.625231, 55.552371], [-160.770827, 55.483542], [-160.896736, 55.513612], [-161.178013, 55.388873], [-161.46386, 55.382512], [-161.476701, 55.464887], [-161.413346, 55.536144], [-161.202092, 55.543538], [-161.357458, 55.612192], [-161.516958, 55.61841], [-161.654313, 55.563358], [-161.741569, 55.391136], [-162.073977, 55.139318], [-162.386361, 55.052351], [-162.457495, 55.077696], [-162.412536, 55.106865], [-162.495244, 55.208466], [-162.630378, 55.246655], [-162.618906, 55.038453], [-162.674354, 54.996595], [-162.865041, 54.954528], [-162.995885, 55.046462], [-163.119624, 55.064699], [-163.131123, 54.916548], [-163.335296, 54.839183], [-163.278813, 55.121828], [-163.114483, 55.193942], [-162.906588, 55.195546], [-162.157124, 55.71944], [-161.697334, 55.907208], [-161.21563, 56.021411], [-161.178606, 56.014467], [-161.222582, 55.977432], [-161.192507, 55.954306], [-160.898647, 55.993637], [-160.902369, 55.941287], [-161.005385, 55.887158], [-160.802841, 55.754432], [-160.745506, 55.771483], [-160.758399, 55.854627], [-160.706334, 55.870436], [-160.291708, 55.805068], [-160.308506, 55.864471], [-160.539059, 56.006293], [-160.302046, 56.31413], [-159.785073, 56.561608], [-159.283089, 56.688577], [-158.918021, 56.882156], [-158.894895, 56.816425], [-158.675168, 56.794881], [-158.660801, 57.039415], [-158.320925, 57.297901], [-157.845761, 57.528065], [-157.46191, 57.506202], [-157.571616, 57.540677], [-157.697215, 57.679423], [-157.610865, 58.050827], [-157.55503, 58.13997], [-157.193706, 58.194177], [-157.488392, 58.253701], [-157.523609, 58.421341], [-157.228846, 58.640914], [-156.974649, 58.736341], [-157.040485, 58.772541], [-156.808899, 59.134277], [-157.142032, 58.877647], [-158.190935, 58.61425], [-158.302578, 58.641793], [-158.503188, 58.850357], [-158.425622, 58.999288], [-158.080528, 58.977436], [-158.422807, 59.089826], [-158.514427, 59.07283], [-158.678266, 58.929371], [-158.809473, 58.973866], [-158.77555, 58.902553], [-158.861381, 58.718763], [-158.772112, 58.520328], [-158.788624, 58.440952], [-158.950705, 58.404554], [-159.670274, 58.911134], [-159.920208, 58.81987], [-160.152596, 58.905915], [-160.363124, 59.051176], [-160.817079, 58.871704], [-161.246845, 58.799458], [-161.361334, 58.669544], [-161.755444, 58.612031], [-162.14493, 58.644221], [-161.724387, 58.794294], [-161.788672, 59.016394], [-161.644391, 59.109679], [-161.89076, 59.076082], [-161.981037, 59.146153], [-162.02331, 59.283977], [-161.872232, 59.42826], [-161.828695, 59.588617], [-162.242495, 60.178319], [-162.421347, 60.283974], [-162.138883, 60.614333], [-161.946595, 60.684821], [-162.13803, 60.685547], [-162.468708, 60.394683], [-162.684974, 60.268956], [-162.526948, 60.199116], [-162.500488, 60.126562], [-162.570743, 59.989727], [-162.73262, 59.99365], [-163.219386, 59.845598], [-163.906889, 59.806794], [-164.142844, 59.896761], [-164.131527, 59.994221], [-164.470498, 60.149304], [-164.66227, 60.303816], [-164.799961, 60.307221], [-165.061134, 60.412536], [-165.02651, 60.500647], [-165.353829, 60.541219], [-165.015995, 60.740017], [-164.8998, 60.873127], [-164.805155, 60.892046], [-164.318517, 60.771273], [-164.265652, 60.724669], [-164.372339, 60.591855], [-163.99957, 60.766054], [-163.894925, 60.74518], [-163.73, 60.589976], [-163.528695, 60.664563], [-163.420949, 60.75743], [-163.906527, 60.853802], [-163.586909, 60.902977], [-163.749017, 60.969719], [-163.99461, 60.864712], [-165.114825, 60.932816], [-165.175468, 60.965687], [-164.868975, 61.11175], [-165.077076, 61.094205], [-165.137718, 61.130119], [-165.12777, 61.192445], [-165.203761, 61.152828], [-165.344889, 61.197707], [-165.243939, 61.268767], [-165.273653, 61.274864], [-165.392043, 61.212308], [-165.380778, 61.106301], [-165.565883, 61.102368], [-165.69138, 61.299924], [-165.863953, 61.335684], [-165.906276, 61.4038], [-165.797109, 61.491185], [-165.845324, 61.53624], [-166.09399, 61.506742], [-166.15272, 61.545963], [-166.168094, 61.650816], [-165.808918, 61.69608], [-166.078823, 61.803098], [-165.612805, 61.869301], [-165.725253, 61.959367], [-165.70727, 62.100443], [-165.194511, 62.473528], [-164.999716, 62.53381], [-164.757871, 62.496731], [-164.844402, 62.58104], [-164.687978, 62.608275], [-164.589432, 62.709349], [-164.792701, 62.623205], [-164.84541, 62.800975], [-164.799651, 62.918067], [-164.677462, 63.020471], [-164.38425, 63.030468], [-164.525197, 63.127621], [-164.409055, 63.215061], [-163.942856, 63.247196], [-163.616312, 63.125171], [-163.737855, 63.016417], [-163.504356, 63.105868], [-163.287857, 63.046432], [-162.947723, 63.115008], [-162.621489, 63.265807], [-162.282803, 63.529193], [-162.112476, 63.534181], [-161.973984, 63.452948], [-161.505433, 63.468164], [-161.266016, 63.496981], [-160.926709, 63.660556], [-160.778553, 63.818946], [-160.987532, 64.251269], [-161.220102, 64.396564], [-161.490706, 64.433763], [-161.414612, 64.526367], [-161.193048, 64.516424], [-160.931952, 64.579112], [-160.836017, 64.681944], [-160.886969, 64.795554], [-161.130184, 64.925445], [-161.466366, 64.794862], [-161.759371, 64.816252], [-161.868331, 64.742666], [-162.334633, 64.612851], [-162.71107, 64.377513], [-162.807008, 64.374206], [-162.876435, 64.516424], [-163.203883, 64.652018], [-163.302843, 64.605897], [-163.051748, 64.519731], [-163.144352, 64.423821], [-163.713103, 64.588253], [-164.303971, 64.583913], [-164.691828, 64.507438], [-164.764924, 64.529652], [-164.978761, 64.453659], [-166.142774, 64.582782], [-166.325114, 64.625716], [-166.481383, 64.728087], [-166.478101, 64.797543], [-166.408674, 64.826953], [-166.415237, 64.926533], [-166.550862, 64.952988], [-166.92841, 65.157059], [-166.531018, 65.15473], [-166.451643, 65.247334], [-166.121482, 65.260715], [-166.157037, 65.28583], [-167.403988, 65.422104], [-167.987234, 65.567783], [-168.088364, 65.65775], [-167.930571, 65.748157], [-167.91437, 65.681184], [-167.58005, 65.758308], [-167.405306, 65.859338], [-167.074215, 65.877059], [-166.747671, 66.05183], [-166.398726, 66.144433], [-165.629911, 66.131206], [-165.560225, 66.167076], [-165.840259, 66.245057], [-165.811863, 66.288464], [-165.449404, 66.409896], [-165.06395, 66.437834], [-164.460499, 66.588446], [-163.727675, 66.61645], [-163.638223, 66.574669], [-163.89397, 66.575889], [-163.775477, 66.531108], [-163.902859, 66.378376], [-163.89397, 66.286915], [-164.033754, 66.215548], [-163.695378, 66.083822], [-162.886486, 66.099225], [-162.586866, 66.050852], [-161.933676, 66.042898], [-161.816319, 66.053642], [-161.455411, 66.281411], [-161.201084, 66.219371], [-161.109231, 66.23952], [-161.034301, 66.188807], [-161.120291, 66.334321], [-161.544424, 66.407029], [-161.828153, 66.370829], [-161.916907, 66.411841], [-161.88758, 66.493074], [-162.191179, 66.693135], [-162.467442, 66.735641], [-162.607433, 66.894393], [-162.361609, 66.947314], [-162.253553, 66.918629], [-162.131416, 66.80135], [-162.01765, 66.784112], [-162.050723, 66.667273], [-161.909596, 66.559607], [-161.591036, 66.45951], [-161.155791, 66.495293], [-160.650549, 66.373103], [-160.231711, 66.420289], [-160.262564, 66.57245], [-160.360878, 66.612528], [-160.643781, 66.60498], [-160.864024, 66.670865], [-161.39805, 66.55185], [-161.856679, 66.70032], [-161.878745, 66.803932], [-161.622196, 66.979318], [-161.719943, 67.02056], [-162.391529, 67.01989], [-162.409409, 67.103968], [-162.583119, 67.018495], [-163.531822, 67.102573], [-163.72057, 67.195539], [-163.942701, 67.477591], [-164.12517, 67.606725], [-165.386023, 68.045585], [-165.959581, 68.155887], [-166.235946, 68.277956], [-166.7863, 68.359596], [-166.5459, 68.424349], [-166.647859, 68.373812], [-166.570396, 68.361068], [-166.380537, 68.425129], [-166.182047, 68.797192], [-166.209075, 68.885358], [-165.509479, 68.867582], [-164.302368, 68.936488], [-163.867925, 69.036661], [-163.535671, 69.17009], [-163.161456, 69.38796], [-163.093554, 69.610708], [-162.952116, 69.758123], [-161.880967, 70.331752], [-161.761077, 70.257649], [-162.073874, 70.161969], [-160.996266, 70.304594], [-160.117146, 70.591194], [-159.96315, 70.568145], [-160.106396, 70.472574], [-160.005552, 70.447537], [-160.09508, 70.333279], [-159.907546, 70.331466], [-159.865688, 70.278842], [-159.814994, 70.497096], [-159.386753, 70.524529], [-159.746214, 70.53045], [-159.961832, 70.634063], [-160.081594, 70.634865], [-159.680895, 70.786794], [-159.314507, 70.878519], [-159.191723, 70.859656], [-159.339855, 70.781257], [-159.251154, 70.748452], [-158.996285, 70.801593], [-157.909374, 70.860117], [-157.324734, 71.039623], [-156.783292, 71.31895], [-156.470237, 71.407687], [-156.395255, 71.396679], [-156.567232, 71.341538], [-156.469979, 71.291561], [-155.645584, 71.182786], [-155.579438, 71.121086], [-155.804333, 70.995436], [-156.146588, 70.927815], [-155.973523, 70.841979], [-155.579386, 70.894329], [-155.166855, 71.099224], [-154.943818, 71.083052], [-154.673681, 70.987086], [-154.785222, 70.894307], [-154.195235, 70.80111], [-153.918223, 70.877333], [-153.232915, 70.932572], [-152.300414, 70.846791], [-152.232925, 70.81036], [-152.437255, 70.733258], [-152.470584, 70.653618], [-152.172929, 70.556653], [-151.769025, 70.560136], [-151.944674, 70.452107], [-151.22482, 70.418752], [-150.662633, 70.509906], [-150.273637, 70.434309], [-149.870098, 70.509653], [-149.269437, 70.500765], [-148.688359, 70.416324], [-148.479199, 70.317931], [-148.142734, 70.355449], [-147.869521, 70.303253], [-147.705347, 70.217208], [-145.823136, 70.160057], [-145.197385, 70.008699], [-144.619177, 69.982134], [-144.416891, 70.039032], [-143.218332, 70.116233], [-142.707872, 70.033813], [-142.296994, 69.869897], [-141.699201, 69.770372], [-141.407901, 69.653368], [-141.002137, 69.650786], [-141.002137, 60.300245], [-140.525421, 60.218342], [-140.452818, 60.299729], [-139.973284, 60.183153], [-139.676302, 60.328337], [-139.079258, 60.343707], [-139.185169, 60.083573], [-139.056519, 60.001582]]], [[[-165.829872, 66.317139], [-166.148639, 66.221821], [-165.822198, 66.328092], [-165.829872, 66.317139]]], [[[-171.463043, 63.640023], [-170.874629, 63.594001], [-170.430419, 63.698855], [-170.121832, 63.617512], [-170.017369, 63.491729], [-169.62411, 63.430547], [-169.554528, 63.373495], [-168.716001, 63.310609], [-168.761347, 63.213764], [-168.852376, 63.171236], [-169.36472, 63.171126], [-169.676356, 62.956102], [-169.818596, 63.122347], [-170.189607, 63.196351], [-170.272702, 63.284275], [-170.527104, 63.379284], [-170.95403, 63.452948], [-171.519137, 63.331999], [-171.790982, 63.424713], [-171.81793, 63.529819], [-171.746385, 63.703084], [-171.646468, 63.726991], [-171.463043, 63.640023]]], [[[-147.930706, 60.826161], [-148.057417, 60.817943], [-148.123797, 60.844354], [-148.101678, 60.916128], [-148.03773, 60.924137], [-147.964399, 60.900164], [-147.930706, 60.826161]]], [[[-172.860219, 60.505689], [-172.387508, 60.398485], [-172.232066, 60.299135], [-172.635736, 60.328853], [-173.07403, 60.493209], [-173.047649, 60.568289], [-172.923884, 60.60684], [-172.860219, 60.505689]]], [[[-151.899405, 60.490363], [-152.069034, 60.358077], [-151.959736, 60.503745], [-151.899405, 60.490363]]], [[[-147.658268, 60.450472], [-147.732115, 60.222066], [-147.815831, 60.185163], [-147.805287, 60.230636], [-147.871356, 60.229757], [-147.891433, 60.299421], [-147.794539, 60.459876], [-147.688576, 60.491396], [-147.658268, 60.450472]]], [[[-146.560299, 60.480542], [-146.102238, 60.411196], [-146.595335, 60.26844], [-146.702874, 60.395595], [-146.560299, 60.480542]]], [[[-145.128138, 60.401121], [-145.150462, 60.312649], [-145.284254, 60.336829], [-145.128138, 60.401121]]], [[[-166.135435, 60.383554], [-166.043632, 60.33394], [-165.729697, 60.314198], [-165.689364, 60.224132], [-165.712335, 60.069356], [-165.630583, 60.028377], [-165.5918, 59.913142], [-166.099831, 59.84963], [-166.106677, 59.77545], [-166.148716, 59.764134], [-167.138863, 60.008536], [-167.436415, 60.206663], [-166.836323, 60.217002], [-166.784387, 60.296422], [-166.475699, 60.382774], [-166.135435, 60.383554]]], [[[-147.735886, 59.813254], [-147.872468, 59.828393], [-147.768081, 59.943728], [-147.33653, 60.185372], [-147.180881, 60.358253], [-146.957873, 60.288874], [-147.318471, 60.0753], [-147.499312, 59.890191], [-147.735886, 59.813254]]], [[[-147.914197, 60.092351], [-148.07416, 60.034705], [-148.271873, 60.053261], [-148.230688, 60.113543], [-148.079588, 60.151655], [-147.914197, 60.092351]]], [[[-144.235738, 60.015205], [-144.613596, 59.812628], [-144.444926, 59.950704], [-144.235738, 60.015205]]], [[[-160.918983, 58.577094], [-161.07024, 58.56914], [-161.131503, 58.668204], [-160.715145, 58.795228], [-160.918983, 58.577094]]], [[[-152.486089, 58.485007], [-152.636621, 58.541696], [-152.463169, 58.618491], [-152.367928, 58.611097], [-152.36227, 58.570843], [-152.486089, 58.485007]]], [[[-152.416944, 58.360213], [-152.316279, 58.413486], [-152.125232, 58.374265], [-152.07854, 58.312357], [-151.974387, 58.309852], [-151.9825, 58.244351], [-152.109107, 58.161152], [-152.268375, 58.25169], [-152.334365, 58.208075], [-152.30925, 58.133873], [-152.537661, 58.101002], [-152.598226, 58.162602], [-152.683052, 58.06333], [-152.928437, 57.99372], [-153.381329, 58.087203], [-152.976134, 58.297009], [-152.771857, 58.278563], [-152.768707, 58.34559], [-152.841104, 58.416386], [-152.61228, 58.445687], [-152.416944, 58.360213]]], [[[-134.680274, 58.161668], [-134.240096, 58.143991], [-133.965515, 57.873782], [-133.822731, 57.628678], [-133.925024, 57.670799], [-134.180281, 58.011134], [-134.306887, 58.034392], [-134.267095, 57.884527], [-133.937016, 57.581579], [-133.920866, 57.491964], [-133.973754, 57.45138], [-133.908825, 57.368719], [-134.100026, 57.30012], [-134.260146, 57.146795], [-134.435301, 57.056982], [-134.554777, 57.057553], [-134.613093, 57.137962], [-134.486772, 57.482021], [-134.659889, 57.638082], [-134.78148, 58.077854], [-134.923489, 58.354654], [-134.680274, 58.161668]]], [[[-134.312727, 58.228905], [-134.45623, 58.206525], [-134.661597, 58.290911], [-134.519973, 58.332539], [-134.312727, 58.228905]]], [[[-135.787059, 58.268488], [-135.587481, 58.146782], [-135.615386, 58.057485], [-135.693104, 58.038522], [-135.613244, 57.991864], [-135.346617, 58.124106], [-134.95468, 58.015319], [-134.927983, 57.952763], [-134.970643, 57.817247], [-135.231222, 57.815797], [-135.338476, 57.768665], [-134.978839, 57.724357], [-134.873106, 57.589204], [-134.931499, 57.481142], [-135.564223, 57.666427], [-135.608564, 57.650749], [-135.617814, 57.480373], [-135.691945, 57.419904], [-135.910765, 57.446568], [-136.076598, 57.674567], [-136.56861, 57.972176], [-136.512283, 58.095992], [-136.369527, 58.143035], [-136.321983, 58.218874], [-136.143725, 58.098475], [-136.094374, 58.198154], [-135.787059, 58.268488]]], [[[-152.850406, 57.896777], [-152.890817, 57.768984], [-152.616027, 57.848876], [-152.428779, 57.825673], [-152.482625, 57.703297], [-152.216234, 57.576998], [-152.412189, 57.454786], [-152.940788, 57.498094], [-152.997453, 57.468947], [-152.781366, 57.453391], [-152.679047, 57.345131], [-152.879034, 57.320819], [-153.051607, 57.237641], [-153.274361, 57.226347], [-153.732576, 57.052335], [-153.646533, 57.029593], [-153.643328, 56.960764], [-153.757251, 56.858338], [-153.972715, 56.774205], [-154.070847, 56.820666], [-153.79319, 56.989493], [-153.999381, 57.049951], [-154.102991, 57.021221], [-154.035037, 57.121834], [-154.243758, 57.143027], [-154.381115, 57.096511], [-154.23921, 57.086854], [-154.184331, 57.005302], [-154.260941, 56.911776], [-154.338947, 56.920916], [-154.498781, 57.036569], [-154.569319, 57.205913], [-154.705951, 57.335365], [-154.673214, 57.446107], [-154.535316, 57.559431], [-154.116169, 57.65121], [-154.029844, 57.630699], [-154.007907, 57.556179], [-153.80544, 57.358205], [-153.687718, 57.30513], [-153.797815, 57.443261], [-153.838149, 57.635863], [-153.693146, 57.663405], [-153.906105, 57.790792], [-153.841535, 57.862829], [-153.695626, 57.871245], [-153.487938, 57.730949], [-153.390426, 57.798383], [-153.217465, 57.795747], [-153.168837, 57.910653], [-153.225938, 57.957597], [-153.160465, 57.971967], [-152.850406, 57.896777]]], [[[-153.240641, 57.850085], [-153.294979, 57.829464], [-153.520081, 57.955741], [-153.346966, 57.93279], [-153.240641, 57.850085]]], [[[-134.969764, 57.351438], [-134.823184, 57.156562], [-134.620717, 56.718295], [-134.610566, 56.603422], [-134.657098, 56.523244], [-134.630045, 56.302452], [-134.6819, 56.216154], [-134.806469, 56.28127], [-134.980541, 56.518926], [-134.883444, 56.679074], [-135.017796, 56.660156], [-135.159031, 56.725371], [-135.163112, 56.824127], [-135.330599, 56.821853], [-135.315147, 56.931826], [-135.199598, 57.027319], [-135.341371, 57.08158], [-135.375297, 57.188444], [-135.454931, 57.249429], [-135.501953, 57.243848], [-135.66187, 57.033724], [-135.812327, 57.009543], [-135.767701, 57.100389], [-135.822737, 57.280433], [-135.624505, 57.354382], [-135.44868, 57.534371], [-135.346282, 57.533129], [-134.969764, 57.351438]]], [[[-170.116174, 57.241783], [-170.263995, 57.136776], [-170.386622, 57.203023], [-170.116174, 57.241783]]], [[[-152.908414, 57.152431], [-153.156821, 57.093929], [-153.295391, 57.000424], [-153.374586, 57.051917], [-153.285212, 57.185039], [-152.908414, 57.152431]]], [[[-133.865984, 57.068715], [-133.070788, 56.974277], [-132.954152, 56.880278], [-132.959167, 56.677053], [-133.004123, 56.623725], [-133.328961, 56.83007], [-133.156619, 56.611124], [-133.180805, 56.47397], [-133.602795, 56.464094], [-133.649279, 56.516806], [-133.68098, 56.797518], [-133.979467, 57.009598], [-133.865984, 57.068715]]], [[[-134.143279, 56.932342], [-133.924788, 56.77571], [-133.830872, 56.781291], [-133.738367, 56.650444], [-133.855261, 56.582175], [-133.884611, 56.292125], [-133.9497, 56.127714], [-134.189581, 56.076968], [-134.245056, 56.203267], [-134.195469, 56.413513], [-134.084398, 56.456348], [-134.290249, 56.58001], [-134.278389, 56.617111], [-134.384401, 56.72403], [-134.373679, 56.838651], [-134.274434, 56.918181], [-134.143279, 56.932342]]], [[[-132.567977, 56.575825], [-132.884702, 56.512467], [-132.948027, 56.567244], [-132.842531, 56.794771], [-132.655878, 56.68471], [-132.567977, 56.575825]]], [[[-169.755214, 56.635041], [-169.550498, 56.62812], [-169.474327, 56.594062], [-169.632611, 56.5457], [-169.755214, 56.635041]]], [[[-154.115963, 56.543887], [-154.332124, 56.539031], [-154.322204, 56.570606], [-154.110382, 56.602928], [-154.115963, 56.543887]]], [[[-154.6828, 56.435782], [-154.777161, 56.439913], [-154.623734, 56.561301], [-154.517541, 56.600522], [-154.444882, 56.573188], [-154.6828, 56.435782]]], [[[-132.066896, 56.244213], [-132.132935, 55.943254], [-132.36858, 55.939738], [-132.451159, 56.056369], [-132.659905, 56.078177], [-132.699027, 56.19817], [-132.598722, 56.241632], [-132.379847, 56.498778], [-132.316494, 56.487484], [-132.066896, 56.244213]]], [[[-132.779897, 56.247268], [-132.891442, 56.259407], [-133.037664, 56.364832], [-132.902038, 56.453767], [-132.643343, 56.435156], [-132.646573, 56.313207], [-132.779897, 56.247268]]], [[[-133.566107, 56.339201], [-133.203003, 56.319843], [-133.081741, 56.194193], [-133.096622, 56.090042], [-132.757573, 55.99501], [-132.597612, 55.895035], [-132.430153, 55.686987], [-132.1727, 55.480598], [-132.51126, 55.593922], [-132.63128, 55.473182], [-132.417854, 55.482916], [-132.160247, 55.322977], [-132.206708, 55.224429], [-131.976434, 55.208598], [-131.980878, 54.804818], [-132.021703, 54.72632], [-132.18924, 54.734846], [-132.341323, 54.907243], [-132.549371, 54.952595], [-132.622183, 55.135967], [-132.701741, 55.13054], [-132.704141, 55.030081], [-132.782303, 55.048472], [-133.118535, 55.327657], [-132.958909, 55.395563], [-133.082466, 55.504108], [-133.033402, 55.589681], [-133.298265, 55.606885], [-133.369012, 55.688953], [-133.553264, 55.691173], [-133.680183, 55.785172], [-133.584064, 55.836544], [-133.411721, 55.798355], [-133.241527, 55.92082], [-133.289224, 56.018697], [-133.371231, 56.035913], [-133.68421, 55.942792], [-133.742531, 55.964853], [-133.755187, 55.999471], [-133.530862, 56.145666], [-133.594424, 56.216363], [-133.566107, 56.339201]]], [[[-130.979134, 55.489167], [-131.08274, 55.266804], [-131.18788, 55.206291], [-131.42068, 55.2759], [-131.44758, 55.408791], [-131.641285, 55.29895], [-131.76252, 55.165828], [-131.810991, 55.223111], [-131.846082, 55.416251], [-131.647564, 55.58555], [-131.62496, 55.831688], [-131.269217, 55.955394], [-130.997789, 55.727658], [-130.979134, 55.489167]]], [[[-155.566002, 55.821196], [-155.680622, 55.79184], [-155.737361, 55.829798], [-155.593959, 55.924335], [-155.566002, 55.821196]]], [[[-133.305088, 55.543747], [-133.281704, 55.497857], [-133.650185, 55.269287], [-133.634991, 55.413306], [-133.737131, 55.496923], [-133.634238, 55.539243], [-133.305088, 55.543747]]], [[[-160.684914, 55.314814], [-160.552778, 55.380754], [-160.583164, 55.307629], [-160.487539, 55.184846], [-160.79509, 55.145218], [-160.839662, 55.33538], [-160.723932, 55.404627], [-160.672175, 55.379381], [-160.684914, 55.314814]]], [[[-160.3623, 55.356979], [-160.343308, 55.258795], [-160.517482, 55.333831], [-160.3623, 55.356979]]], [[[-132.862273, 54.894422], [-132.772306, 54.926052], [-132.617223, 54.892412], [-132.705822, 54.684155], [-133.008929, 54.854838], [-133.251162, 55.175134], [-133.417972, 55.210718], [-133.429036, 55.303806], [-133.296563, 55.325723], [-133.097402, 55.21374], [-132.862273, 54.894422]]], [[[-159.839411, 55.182374], [-160.169597, 54.941685], [-160.227061, 54.92269], [-160.153604, 55.038343], [-160.172077, 55.123048], [-159.981651, 55.197766], [-159.920466, 55.267529], [-159.871063, 55.263552], [-159.898243, 55.221276], [-159.839411, 55.182374]]], [[[-131.404634, 55.213322], [-131.232034, 54.903782], [-131.406183, 54.894301], [-131.481736, 55.035245], [-131.59222, 55.025687], [-131.578477, 55.248775], [-131.404634, 55.213322]]], [[[-159.515117, 55.151876], [-159.534986, 55.059634], [-159.648491, 55.074576], [-159.574751, 55.217717], [-159.515117, 55.151876]]], [[[-159.361998, 54.972403], [-159.421349, 54.978138], [-159.461916, 55.05881], [-159.390422, 55.040881], [-159.361998, 54.972403]]], [[[-163.476037, 54.980731], [-163.378962, 54.815518], [-163.083271, 54.669016], [-163.358085, 54.735681], [-163.583033, 54.625663], [-164.073313, 54.621005], [-164.234621, 54.571347], [-164.403499, 54.447839], [-164.590801, 54.404333], [-164.823423, 54.419077], [-164.903935, 54.544782], [-164.887656, 54.607833], [-164.706194, 54.691988], [-164.478637, 54.906826], [-164.273689, 54.900058], [-163.807153, 55.049099], [-163.607476, 55.050856], [-163.476037, 54.980731]]], [[[-162.29815, 54.847038], [-162.390754, 54.872977], [-162.433904, 54.931534], [-162.264612, 54.983521], [-162.233761, 54.93205], [-162.29815, 54.847038]]], [[[-162.554413, 54.401356], [-162.73311, 54.402311], [-162.820548, 54.494553], [-162.64539, 54.462055], [-162.554413, 54.401356]]], [[[-165.407857, 54.196845], [-165.615364, 54.13954], [-165.654147, 54.253304], [-165.550613, 54.284538], [-165.407857, 54.196845]]], [[[-165.692878, 54.099924], [-166.036423, 54.047189], [-166.105825, 54.144814], [-165.892866, 54.206974], [-165.692878, 54.099924]]], [[[-166.627394, 53.995674], [-166.572178, 53.853456], [-166.497481, 53.883537], [-166.37232, 53.998981], [-166.230881, 53.932602], [-166.488747, 53.785506], [-166.549209, 53.700955], [-166.309455, 53.697494], [-166.770409, 53.47601], [-167.628625, 53.259437], [-167.808769, 53.323773], [-167.136097, 53.526448], [-167.015743, 53.698373], [-166.894149, 53.697132], [-166.818727, 53.641376], [-166.741263, 53.712952], [-167.071501, 53.783386], [-167.118166, 53.872628], [-167.038067, 53.942182], [-166.673284, 54.005958], [-166.627394, 53.995674]]], [[[-166.209746, 53.723279], [-166.250751, 53.767774], [-166.113731, 53.843074], [-166.138639, 53.787418], [-166.209746, 53.723279]]], [[[-167.865148, 53.387306], [-168.27068, 53.238046], [-168.505627, 53.043171], [-169.088898, 52.832024], [-168.795867, 53.044929], [-168.777806, 53.148793], [-168.689827, 53.227247], [-168.380414, 53.283442], [-168.396433, 53.408785], [-168.287707, 53.500147], [-168.073276, 53.55699], [-167.828097, 53.507947], [-167.865148, 53.387306]]], [[[-169.691962, 52.847372], [-169.722762, 52.792331], [-169.991841, 52.829849], [-169.820637, 52.883386], [-169.691962, 52.847372]]], [[[-170.614025, 52.609606], [-170.797347, 52.549764], [-170.827035, 52.600718], [-170.682083, 52.697563], [-170.58462, 52.667581], [-170.614025, 52.609606]]], [[[-174.677394, 52.03501], [-175.295548, 52.022145], [-174.306151, 52.216142], [-174.258815, 52.269063], [-174.435548, 52.317216], [-174.168898, 52.420191], [-174.018339, 52.331795], [-174.0549, 52.246014], [-174.179389, 52.200333], [-174.120633, 52.135217], [-174.677394, 52.03501]]], [[[-172.31361, 52.329576], [-172.619846, 52.272831], [-172.470398, 52.388012], [-172.31361, 52.329576]]], [[[-173.553303, 52.136304], [-173.357242, 52.095633], [-173.022896, 52.079142], [-173.835792, 52.048194], [-173.9925, 52.123329], [-173.553303, 52.136304]]], [[[-175.975274, 52.028946], [-176.142861, 52.004314], [-176.184511, 52.056049], [-176.077412, 52.099972], [-175.975274, 52.028946]]], [[[-176.54989, 51.944065], [-176.587924, 51.833191], [-176.437467, 51.820096], [-176.452351, 51.73571], [-176.770961, 51.629944], [-176.837107, 51.675867], [-176.961622, 51.603676], [-176.874418, 51.790488], [-176.736416, 51.839937], [-176.698356, 51.986055], [-176.54989, 51.944065]]], [[[-177.1482, 51.716736], [-177.654887, 51.676592], [-177.670235, 51.701081], [-177.257288, 51.804957], [-177.110037, 51.928773], [-177.063037, 51.9019], [-177.1482, 51.716736]]], [[[-177.770642, 51.777897], [-177.925362, 51.617365], [-178.058894, 51.672604], [-177.986365, 51.764285], [-178.194518, 51.882212], [-177.953809, 51.918434], [-177.799607, 51.840036], [-177.6445, 51.826292], [-177.770642, 51.777897]]], [[[-176.008967, 51.812372], [-176.093355, 51.790488], [-176.204433, 51.834817], [-176.193659, 51.886288], [-176.008967, 51.812372]]], [[[-176.286702, 51.791982], [-176.349644, 51.733282], [-176.413722, 51.840585], [-176.378582, 51.861119], [-176.286702, 51.791982]]]]}}, {"id": "50", "type": "Feature", "properties": {"admin": "United States of America", "name": "Alabama", "postal": "AL"}, "geometry": {"type": "MultiPolygon", "coordinates": [[[[-87.489511, 30.377683], [-87.622269, 30.264765], [-88.005934, 30.230916], [-87.790294, 30.291792], [-87.924284, 30.449643], [-87.922998, 30.56155], [-88.011317, 30.694177], [-88.135441, 30.366598], [-88.399585, 30.370805], [-88.48619, 31.890511], [-88.084772, 34.933109], [-88.203139, 35.024197], [-85.623604, 35.000862], [-85.200971, 32.956229], [-84.985968, 32.360946], [-84.921533, 32.285887], [-85.034627, 32.147372], [-85.124132, 31.880536], [-85.054885, 31.572677], [-85.092601, 31.295711], [-85.007282, 31.001673], [-87.593694, 31.000739], [-87.601055, 30.860598], [-87.408278, 30.641465], [-87.489511, 30.377683]]], [[[-88.071336, 30.25234], [-88.159314, 30.230916], [-88.316254, 30.240453], [-88.10937, 30.27373], [-88.071336, 30.25234]]]]}}, {"id": "51", "type": "Feature", "properties": {"admin": "United States of America", "name": "Arkansas", "postal": "AR"}, "geometry": {"type": "Polygon", "coordinates": [[[-89.704772, 36.001573], [-89.688908, 35.920956], [-89.943505, 35.679136], [-89.92652, 35.591652], [-90.066024, 35.414112], [-90.14227, 35.114296], [-90.255956, 35.046389], [-90.31994, 34.899161], [-90.53925, 34.72817], [-90.584008, 34.503708], [-90.90972, 34.188763], [-90.914729, 34.048622], [-91.070175, 33.9742], [-91.052707, 33.827599], [-91.207482, 33.675669], [-91.172721, 33.616683], [-91.214579, 33.583406], [-91.141015, 33.438507], [-91.163339, 33.294454], [-91.106781, 33.217923], [-91.149958, 33.015918], [-94.041307, 33.011996], [-94.047327, 33.554435], [-94.191534, 33.589009], [-94.357674, 33.560972], [-94.484149, 33.648434], [-94.439138, 35.387251], [-94.61838, 36.500869], [-90.162243, 36.500869], [-90.074473, 36.371835], [-90.075659, 36.296721], [-90.381068, 35.99274], [-89.704772, 36.001573]]]}}, {"id": "52", "type": "Feature", "properties": {"admin": "United States of America", "name": "Arizona", "postal": "AZ"}, "geometry": {"type": "Polygon", "coordinates": [[[-109.047807, 31.327879], [-111.041974, 31.32421], [-114.835955, 32.508327], [-114.72095, 32.724483], [-114.582176, 32.734723], [-114.477531, 32.842004], [-114.490863, 32.983618], [-114.648088, 33.07175], [-114.704388, 33.169781], [-114.719428, 33.330863], [-114.701702, 33.417809], [-114.60261, 33.469895], [-114.521559, 33.607608], [-114.509051, 33.903921], [-114.32932, 34.142027], [-114.125612, 34.286509], [-114.15879, 34.355217], [-114.371024, 34.488492], [-114.610933, 34.907401], [-114.590987, 35.352776], [-114.662063, 35.545355], [-114.687101, 35.917341], [-114.741362, 36.013516], [-114.669144, 36.12172], [-114.505277, 36.156426], [-114.183207, 36.030303], [-114.042879, 36.181771], [-114.04027, 37.004153], [-109.04667, 37.000846], [-109.047807, 31.327879]]]}}, {"id": "53", "type": "Feature", "properties": {"admin": "United States of America", "name": "California", "postal": "CA"}, "geometry": {"type": "MultiPolygon", "coordinates": [[[[-114.610543, 34.991117], [-114.557473, 34.794571], [-114.371024, 34.488492], [-114.125068, 34.317182], [-114.418282, 34.051149], [-114.509051, 33.903921], [-114.521559, 33.607608], [-114.60261, 33.469895], [-114.701702, 33.417809], [-114.704388, 33.169781], [-114.648088, 33.07175], [-114.490863, 32.983618], [-114.469, 32.912306], [-114.516467, 32.772757], [-114.839058, 32.704719], [-117.128274, 32.533365], [-117.137393, 32.649172], [-117.183744, 32.687877], [-117.243482, 32.664026], [-117.318826, 33.100051], [-117.467422, 33.295487], [-118.080514, 33.722152], [-118.410439, 33.743938], [-118.392949, 33.858295], [-118.506196, 34.01741], [-118.832045, 34.024463], [-119.143732, 34.112024], [-119.235842, 34.164121], [-119.267647, 34.257439], [-119.606054, 34.418004], [-120.481192, 34.471639], [-120.644696, 34.579986], [-120.659088, 35.122403], [-120.857374, 35.20969], [-120.899589, 35.425121], [-121.283831, 35.676323], [-121.664353, 36.154042], [-121.877411, 36.331064], [-121.918648, 36.572346], [-121.790004, 36.732285], [-121.807445, 36.851234], [-121.880669, 36.938938], [-122.164215, 36.990969], [-122.3949, 37.207521], [-122.408468, 37.373173], [-122.499237, 37.542615], [-122.514223, 37.771987], [-122.445624, 37.798003], [-122.384101, 37.788544], [-122.369708, 37.655862], [-122.297594, 37.591866], [-122.070529, 37.478279], [-122.385446, 37.960579], [-122.314233, 38.007347], [-121.525343, 38.055918], [-122.031511, 38.123517], [-122.153778, 38.065531], [-122.393351, 38.144808], [-122.483889, 38.108839], [-122.46691, 37.838213], [-122.521325, 37.826403], [-122.932, 38.055457], [-122.998791, 37.988616], [-122.977604, 38.227327], [-122.87681, 38.123363], [-122.908154, 38.196587], [-123.046181, 38.305055], [-123.121162, 38.449283], [-123.289731, 38.535867], [-123.701125, 38.907293], [-123.719522, 39.110968], [-123.820294, 39.3684], [-123.777788, 39.514957], [-123.832928, 39.775509], [-124.108515, 40.09453], [-124.324034, 40.251964], [-124.356537, 40.371078], [-124.371654, 40.491202], [-124.283675, 40.710534], [-124.253908, 40.740307], [-124.220009, 40.696482], [-124.133091, 40.969778], [-124.140013, 41.155886], [-124.068519, 41.384171], [-124.117688, 41.621751], [-124.244608, 41.787941], [-124.228409, 42.000768], [-120.000809, 42.000559], [-120.000062, 39.000259], [-118.126272, 37.69238], [-114.610543, 34.991117]]], [[[-119.918049, 34.067848], [-119.678865, 34.028462], [-119.569129, 34.052961], [-119.549287, 34.028154], [-119.809581, 33.967795], [-119.885518, 33.994931], [-119.918049, 34.067848]]], [[[-120.306602, 34.024869], [-120.359705, 34.022265], [-120.441558, 34.032933], [-120.367736, 34.073297], [-120.306602, 34.024869]]], [[[-120.043573, 33.918862], [-120.167131, 33.918082], [-120.251907, 34.013839], [-120.071841, 34.026506], [-119.983939, 33.973332], [-120.043573, 33.918862]]], [[[-118.347965, 33.385762], [-118.297478, 33.312131], [-118.446304, 33.317086], [-118.569422, 33.464182], [-118.347965, 33.385762]]], [[[-119.438029, 33.217198], [-119.543679, 33.224614], [-119.575177, 33.278326], [-119.478799, 33.274635], [-119.438029, 33.217198]]], [[[-118.350393, 32.827612], [-118.473204, 32.838928], [-118.59017, 33.011161], [-118.557101, 33.032661], [-118.350393, 32.827612]]]]}}, {"id": "54", "type": "Feature", "properties": {"admin": "United States of America", "name": "Colorado", "postal": "CO"}, "geometry": {"type": "Polygon", "coordinates": [[[-109.04667, 37.000846], [-109.04639, 41.000858], [-102.025006, 41.000628], [-102.012783, 37.000846], [-109.04667, 37.000846]]]}}, {"id": "55", "type": "Feature", "properties": {"admin": "United States of America", "name": "Connecticut", "postal": "CT"}, "geometry": {"type": "Polygon", "coordinates": [[[-71.800836, 42.011963], [-71.795793, 41.519951], [-71.842353, 41.335513], [-72.479417, 41.27578], [-72.924715, 41.285151], [-73.630466, 40.99186], [-73.723015, 41.104514], [-73.484139, 41.218959], [-73.544729, 41.295951], [-73.480568, 42.055568], [-72.806458, 42.00803], [-71.800836, 42.011963]]]}}, {"id": "56", "type": "Feature", "properties": {"admin": "United States of America", "name": "District of Columbia", "postal": "DC"}, "geometry": {"type": "Polygon", "coordinates": [[[-77.030361, 38.889253], [-77.122053, 38.943536], [-77.042116, 39.011783], [-76.931242, 38.88822], [-77.019737, 38.806526], [-77.030361, 38.889253]]]}}, {"id": "57", "type": "Feature", "properties": {"admin": "United States of America", "name": "Delaware", "postal": "DE"}, "geometry": {"type": "Polygon", "coordinates": [[[-75.037661, 38.45559], [-75.707025, 38.455073], [-75.78472, 39.722357], [-75.676823, 39.827233], [-75.421029, 39.815422], [-75.587603, 39.640784], [-75.573882, 39.476945], [-75.412657, 39.281377], [-75.392168, 39.092753], [-75.310407, 38.966564], [-75.185064, 38.819391], [-75.088692, 38.777533], [-75.128485, 38.632448], [-75.187108, 38.591128], [-75.072883, 38.578735], [-75.037661, 38.45559]]]}}, {"id": "58", "type": "Feature", "properties": {"admin": "United States of America", "name": "Florida", "postal": "FL"}, "geometry": {"type": "MultiPolygon", "coordinates": [[[[-87.489511, 30.377683], [-87.408278, 30.641465], [-87.601055, 30.860598], [-87.593694, 31.000739], [-85.007282, 31.001673], [-84.883938, 30.72094], [-82.23988, 30.565681], [-82.194232, 30.393437], [-82.112274, 30.371355], [-82.029822, 30.477702], [-82.038193, 30.73197], [-81.957081, 30.81429], [-81.503939, 30.731432], [-81.249507, 29.793792], [-81.104531, 29.456963], [-80.900021, 29.049853], [-80.524123, 28.48609], [-80.584977, 28.271604], [-80.456887, 27.900672], [-80.610015, 28.177605], [-80.606938, 28.522883], [-80.693489, 28.344959], [-80.731754, 28.46292], [-80.688457, 28.57854], [-80.765943, 28.632823], [-80.771008, 28.732458], [-80.83819, 28.75765], [-80.748607, 28.381005], [-80.226108, 27.20705], [-80.088647, 26.99396], [-80.041307, 26.568613], [-80.126374, 25.833518], [-80.158927, 25.878342], [-80.300826, 25.618537], [-80.36692, 25.331267], [-80.484639, 25.22983], [-80.736544, 25.156342], [-81.110497, 25.13805], [-81.167395, 25.228533], [-81.136029, 25.309646], [-80.965367, 25.224304], [-80.940406, 25.264217], [-81.113309, 25.367236], [-81.364929, 25.831035], [-81.715503, 25.983173], [-81.81149, 26.146101], [-81.866576, 26.434997], [-81.958949, 26.489929], [-81.82864, 26.687056], [-81.970188, 26.552045], [-82.039611, 26.552045], [-82.066923, 26.891567], [-82.013254, 26.961561], [-82.181103, 26.936776], [-82.180664, 26.840096], [-82.290066, 26.870814], [-82.714589, 27.499583], [-82.63585, 27.524577], [-82.400544, 27.83538], [-82.445709, 27.902848], [-82.498136, 27.867911], [-82.635937, 27.981213], [-82.675203, 27.963767], [-82.596551, 27.873239], [-82.660887, 27.718409], [-82.742856, 27.709367], [-82.843513, 27.846004], [-82.660635, 28.485859], [-82.651483, 28.887486], [-82.769333, 29.051556], [-83.29047, 29.451898], [-83.694371, 29.92598], [-84.04422, 30.103794], [-84.309683, 30.064759], [-84.38283, 29.907369], [-84.549976, 29.897866], [-84.800552, 29.773072], [-85.318942, 29.680205], [-85.413798, 29.76759], [-85.413798, 29.842473], [-85.314888, 29.758076], [-85.353626, 29.87575], [-85.6758, 30.121932], [-85.623472, 30.117076], [-85.663418, 30.189454], [-85.603532, 30.286782], [-85.740806, 30.244386], [-85.755791, 30.166998], [-86.454434, 30.399128], [-86.123833, 30.405797], [-86.257394, 30.493017], [-86.447952, 30.49561], [-86.679642, 30.402896], [-87.201152, 30.339231], [-86.985798, 30.430857], [-86.997576, 30.570328], [-87.072019, 30.500433], [-87.170588, 30.538786], [-87.281045, 30.339231], [-87.475767, 30.294275], [-87.448301, 30.394162], [-87.489511, 30.377683]]], [[[-84.737172, 29.732445], [-85.00827, 29.606618], [-85.116738, 29.632788], [-85.000547, 29.627185], [-84.737172, 29.732445]]], [[[-80.395759, 27.794555], [-80.170506, 27.204798], [-80.436892, 27.850553], [-80.395759, 27.794555]]], [[[-82.121129, 26.665534], [-82.085215, 26.493598], [-82.169139, 26.700723], [-82.121129, 26.665534]]], [[[-82.037183, 26.45363], [-82.144958, 26.446654], [-82.201384, 26.548046], [-82.116064, 26.460914], [-82.037183, 26.45363]]], [[[-80.381828, 25.142291], [-80.580582, 24.954238], [-80.354934, 25.233653], [-80.351286, 25.296956], [-80.257057, 25.347603], [-80.381828, 25.142291]]], [[[-80.638304, 24.903184], [-80.665144, 24.898449], [-80.614607, 24.937934], [-80.638304, 24.903184]]], [[[-80.786774, 24.82104], [-80.848363, 24.803681], [-80.785192, 24.835278], [-80.786774, 24.82104]]], [[[-80.988922, 24.727875], [-81.137369, 24.710506], [-80.930486, 24.759472], [-80.988922, 24.727875]]], [[[-81.322313, 24.685084], [-81.379036, 24.636271], [-81.420091, 24.749991], [-81.322313, 24.685084]]], [[[-81.532229, 24.614156], [-81.631501, 24.590019], [-81.562298, 24.689138], [-81.532229, 24.614156]]], [[[-81.739761, 24.5545], [-81.811413, 24.557807], [-81.738651, 24.575429], [-81.739761, 24.5545]]]]}}, {"id": "59", "type": "Feature", "properties": {"admin": "United States of America", "name": "Georgia", "postal": "GA"}, "geometry": {"type": "MultiPolygon", "coordinates": [[[[-84.883938, 30.72094], [-85.092601, 31.295711], [-85.054885, 31.572677], [-85.124132, 31.880536], [-85.034627, 32.147372], [-84.921533, 32.285887], [-84.985968, 32.360946], [-85.200971, 32.956229], [-85.623604, 35.000862], [-83.114821, 35.001477], [-83.316716, 34.805657], [-83.355575, 34.708318], [-83.052781, 34.51086], [-82.847732, 34.436911], [-82.589268, 34.017377], [-82.005718, 33.522893], [-81.780322, 33.195292], [-81.57824, 33.068575], [-81.37697, 32.607468], [-81.290332, 32.557239], [-81.171504, 32.380139], [-81.135018, 32.181858], [-81.074813, 32.109699], [-80.872346, 32.029565], [-80.923432, 31.944894], [-81.113287, 31.878624], [-81.066134, 31.787987], [-81.197904, 31.704216], [-81.169922, 31.610316], [-81.25935, 31.538927], [-81.175426, 31.531302], [-81.294979, 31.371209], [-81.380947, 31.353258], [-81.288464, 31.263906], [-81.364874, 31.171895], [-81.441767, 31.199724], [-81.520397, 30.874649], [-81.503939, 30.731432], [-81.957081, 30.81429], [-82.038193, 30.73197], [-82.029822, 30.477702], [-82.112274, 30.371355], [-82.194232, 30.393437], [-82.23988, 30.565681], [-84.883938, 30.72094]]], [[[-81.418982, 30.971439], [-81.463498, 30.727762], [-81.484636, 30.897831], [-81.418982, 30.971439]]]]}}, {"id": "60", "type": "Feature", "properties": {"admin": "United States of America", "name": "Hawaii", "postal": "HI"}, "geometry": {"type": "MultiPolygon", "coordinates": [[[[-177.361546, 28.207114], [-177.390485, 28.196369], [-177.354104, 28.217035], [-177.361546, 28.207114]]], [[[-159.372773, 21.93236], [-159.460674, 21.876132], [-159.608858, 21.90952], [-159.789182, 22.041806], [-159.726626, 22.1402], [-159.579222, 22.223135], [-159.352052, 22.219576], [-159.300658, 22.105263], [-159.372773, 21.93236]]], [[[-160.080042, 21.907443], [-160.234711, 21.803677], [-160.220912, 21.89727], [-160.100636, 22.015241], [-160.048728, 22.00465], [-160.080042, 21.907443]]], [[[-157.799355, 21.456652], [-157.720885, 21.457707], [-157.635411, 21.307645], [-157.798786, 21.268621], [-157.901753, 21.34056], [-157.958442, 21.326915], [-157.97844, 21.378484], [-158.017274, 21.36774], [-157.98097, 21.316115], [-158.110345, 21.318598], [-158.273124, 21.585247], [-158.123108, 21.600255], [-157.962496, 21.701362], [-157.799355, 21.456652]]], [[[-157.249931, 21.229763], [-156.952353, 21.199693], [-156.712161, 21.155088], [-156.85985, 21.056332], [-157.290314, 21.112582], [-157.249931, 21.229763]]], [[[-156.486826, 20.932571], [-156.277537, 20.951281], [-155.989854, 20.757131], [-156.107133, 20.644784], [-156.408793, 20.605179], [-156.480056, 20.801241], [-156.615449, 20.821829], [-156.697769, 20.949062], [-156.656867, 21.024505], [-156.585423, 21.034327], [-156.486826, 20.932571]]], [[[-156.849595, 20.772632], [-156.973411, 20.757548], [-157.050565, 20.912466], [-156.880549, 20.90482], [-156.80939, 20.831135], [-156.849595, 20.772632]]], [[[-155.581325, 19.012018], [-155.680751, 18.967677], [-155.881306, 19.070521], [-155.890738, 19.382543], [-156.048686, 19.749959], [-155.820302, 20.01418], [-155.892754, 20.167396], [-155.831621, 20.27582], [-155.198789, 19.994383], [-155.086083, 19.875632], [-155.065929, 19.748201], [-154.989035, 19.731974], [-154.952577, 19.644644], [-154.804188, 19.524443], [-155.053476, 19.319185], [-155.309611, 19.260167], [-155.535229, 19.109072], [-155.581325, 19.012018]]]]}}, {"id": "61", "type": "Feature", "properties": {"admin": "United States of America", "name": "Iowa", "postal": "IA"}, "geometry": {"type": "Polygon", "coordinates": [[[-91.441952, 40.37945], [-91.73153, 40.624653], [-95.765029, 40.601868], [-95.859, 40.745108], [-95.834017, 40.88949], [-95.911169, 41.245183], [-95.883626, 41.287557], [-95.94972, 41.367428], [-95.943567, 41.460933], [-96.058627, 41.54578], [-96.086637, 41.821372], [-96.295333, 42.132912], [-96.383751, 42.417776], [-96.62177, 42.729535], [-96.461293, 43.129767], [-96.563454, 43.242685], [-96.534956, 43.338057], [-96.598622, 43.497501], [-91.245253, 43.502412], [-91.218688, 43.395285], [-91.117196, 43.331157], [-91.161328, 43.102334], [-91.069582, 42.788554], [-90.687873, 42.610322], [-90.589633, 42.444802], [-90.167516, 42.100304], [-90.152443, 41.98152], [-90.217768, 41.81311], [-90.43667, 41.560359], [-91.048114, 41.369098], [-91.066505, 41.205907], [-90.954005, 41.01558], [-91.102134, 40.749788], [-91.394184, 40.536653], [-91.390778, 40.397127], [-91.441952, 40.37945]]]}}, {"id": "62", "type": "Feature", "properties": {"admin": "United States of America", "name": "Idaho", "postal": "ID"}, "geometry": {"type": "Polygon", "coordinates": [[[-117.039054, 48.993083], [-116.048494, 48.993083], [-116.04901, 48.00472], [-115.718382, 47.68148], [-115.66968, 47.497854], [-115.713317, 47.446746], [-115.306675, 47.231172], [-114.753689, 46.734568], [-114.661623, 46.745544], [-114.562999, 46.650435], [-114.336868, 46.659224], [-114.485359, 46.158214], [-114.478306, 46.035585], [-114.396787, 45.89095], [-114.522537, 45.815133], [-114.495796, 45.685846], [-114.529233, 45.575719], [-114.297641, 45.487565], [-113.991924, 45.69302], [-113.802273, 45.601098], [-113.697112, 45.304983], [-113.447129, 45.029084], [-113.460796, 44.90362], [-113.338891, 44.808072], [-113.140709, 44.765489], [-112.999689, 44.48036], [-112.853856, 44.398325], [-112.715928, 44.498037], [-112.375385, 44.470022], [-112.23131, 44.560692], [-111.499857, 44.54485], [-111.4481, 44.711117], [-111.372525, 44.74624], [-111.051434, 44.498883], [-111.050296, 42.000878], [-117.016675, 42.000559], [-117.020498, 43.813194], [-116.91242, 44.199473], [-117.139744, 44.290264], [-117.197312, 44.3438], [-117.201701, 44.436206], [-116.855857, 44.90574], [-116.477043, 45.641088], [-116.520917, 45.721914], [-116.869194, 45.958483], [-116.930196, 46.055954], [-116.942962, 46.232108], [-117.038999, 46.396552], [-117.039054, 48.993083]]]}}, {"id": "63", "type": "Feature", "properties": {"admin": "United States of America", "name": "Illinois", "postal": "IL"}, "geometry": {"type": "Polygon", "coordinates": [[[-91.441952, 40.37945], [-91.390778, 40.397127], [-91.394184, 40.536653], [-91.102134, 40.749788], [-90.954005, 41.01558], [-91.066505, 41.205907], [-91.048114, 41.369098], [-90.43667, 41.560359], [-90.176613, 41.883643], [-90.167516, 42.100304], [-90.650585, 42.512984], [-87.039126, 42.492802], [-87.221257, 41.760728], [-87.521085, 41.760761], [-87.532918, 39.37486], [-87.647285, 39.168745], [-87.530281, 38.908897], [-87.529457, 38.742289], [-87.680662, 38.487988], [-87.872955, 38.295024], [-87.980413, 38.249189], [-87.958056, 38.144292], [-88.095319, 37.875566], [-88.041991, 37.788851], [-88.128959, 37.69951], [-88.107514, 37.534353], [-88.190504, 37.464557], [-88.494672, 37.364285], [-88.471666, 37.088385], [-88.872602, 37.185537], [-89.046207, 37.182977], [-89.134603, 37.102469], [-89.154313, 36.992112], [-89.272394, 37.07998], [-89.300827, 37.012052], [-89.413942, 37.102415], [-89.486913, 37.212739], [-89.461974, 37.434125], [-89.523421, 37.644524], [-89.822963, 37.884092], [-90.173581, 38.069047], [-90.365775, 38.254254], [-90.134206, 38.84667], [-90.477968, 38.948118], [-90.577075, 38.909611], [-90.919376, 39.386901], [-91.378737, 39.749406], [-91.501652, 40.097529], [-91.441952, 40.37945]]]}}, {"id": "64", "type": "Feature", "properties": {"admin": "United States of America", "name": "Indiana", "postal": "IN"}, "geometry": {"type": "Polygon", "coordinates": [[[-88.041991, 37.788851], [-88.095319, 37.875566], [-87.958056, 38.144292], [-87.980413, 38.249189], [-87.872955, 38.295024], [-87.680662, 38.487988], [-87.51768, 38.811821], [-87.647285, 39.168745], [-87.532918, 39.37486], [-87.521085, 41.760761], [-84.796399, 41.759728], [-84.821711, 39.091984], [-84.863888, 38.933231], [-84.78962, 38.868379], [-84.800739, 38.819391], [-85.16989, 38.690378], [-85.405426, 38.729962], [-85.458677, 38.530209], [-85.706287, 38.301353], [-85.788453, 38.285214], [-86.021331, 37.984353], [-86.207527, 38.036571], [-86.361445, 38.178987], [-86.457378, 38.120155], [-86.599233, 37.874797], [-86.86908, 37.976135], [-87.141035, 37.805243], [-87.372385, 37.923478], [-87.587388, 37.95569], [-87.643253, 37.833038], [-87.714456, 37.899604], [-87.874428, 37.915743], [-87.938115, 37.793817], [-88.041991, 37.788851]]]}}, {"id": "65", "type": "Feature", "properties": {"admin": "United States of America", "name": "Kansas", "postal": "KS"}, "geometry": {"type": "Polygon", "coordinates": [[[-102.012783, 37.000846], [-102.024489, 40.001124], [-95.34668, 40.001487], [-95.116203, 39.87209], [-94.929936, 39.861499], [-94.898597, 39.741144], [-95.075356, 39.597377], [-95.057937, 39.508959], [-94.777852, 39.193992], [-94.622384, 39.124404], [-94.618067, 37.000846], [-102.012783, 37.000846]]]}}, {"id": "66", "type": "Feature", "properties": {"admin": "United States of America", "name": "Kentucky", "postal": "KY"}, "geometry": {"type": "MultiPolygon", "coordinates": [[[[-89.129517, 36.811057], [-89.134603, 37.102469], [-89.046207, 37.182977], [-88.872602, 37.185537], [-88.471666, 37.088385], [-88.494672, 37.364285], [-88.190504, 37.464557], [-88.107514, 37.534353], [-88.128959, 37.69951], [-88.021776, 37.800431], [-87.938115, 37.793817], [-87.892116, 37.912986], [-87.714456, 37.899604], [-87.643253, 37.833038], [-87.587388, 37.95569], [-87.457288, 37.938101], [-87.141035, 37.805243], [-86.86908, 37.976135], [-86.599233, 37.874797], [-86.457378, 38.120155], [-86.361445, 38.178987], [-86.207527, 38.036571], [-86.021331, 37.984353], [-85.788453, 38.285214], [-85.706287, 38.301353], [-85.458677, 38.530209], [-85.405426, 38.729962], [-85.16989, 38.690378], [-84.800739, 38.819391], [-84.78962, 38.868379], [-84.863888, 38.933231], [-84.860603, 39.039711], [-84.765901, 39.124998], [-84.43006, 39.090896], [-84.227285, 38.865204], [-83.689878, 38.649531], [-83.538387, 38.69986], [-83.35697, 38.627405], [-83.203469, 38.638907], [-82.880438, 38.710253], [-82.758226, 38.541162], [-82.589498, 38.420345], [-82.617711, 38.149873], [-82.393876, 37.828314], [-82.280244, 37.687184], [-82.103463, 37.570575], [-81.965277, 37.539725], [-82.681586, 37.13812], [-82.894501, 36.906374], [-83.150218, 36.762333], [-83.730385, 36.586815], [-86.507586, 36.66484], [-87.839151, 36.643966], [-88.096297, 36.693009], [-88.059108, 36.499683], [-89.450329, 36.500023], [-89.397462, 36.587793], [-89.203048, 36.62552], [-89.129517, 36.811057]]], [[[-89.487221, 36.503066], [-89.557313, 36.501078], [-89.549645, 36.553065], [-89.51952, 36.554823], [-89.487221, 36.503066]]]]}}, {"id": "67", "type": "Feature", "properties": {"admin": "United States of America", "name": "Louisiana", "postal": "LA"}, "geometry": {"type": "MultiPolygon", "coordinates": [[[[-94.041307, 33.011996], [-91.149958, 33.015918], [-91.096081, 32.937684], [-91.135587, 32.755783], [-91.092082, 32.725857], [-91.14965, 32.625013], [-91.103815, 32.490497], [-90.937647, 32.277329], [-91.156527, 31.970689], [-91.37253, 31.773716], [-91.505728, 31.518701], [-91.528953, 31.345194], [-91.61825, 31.276958], [-91.596365, 31.109911], [-91.656449, 31.001805], [-89.735314, 31.001157], [-89.835366, 30.730816], [-89.819997, 30.611208], [-89.685766, 30.462684], [-89.591657, 30.223017], [-89.520861, 30.192629], [-89.588482, 30.165965], [-89.954249, 30.268742], [-90.045216, 30.351404], [-90.225282, 30.379287], [-90.413061, 30.140301], [-90.175338, 30.029098], [-89.737434, 30.171986], [-89.665067, 30.117054], [-89.815185, 30.007268], [-89.743817, 29.929858], [-89.63168, 29.903831], [-89.49445, 30.058167], [-89.400736, 30.04605], [-89.354462, 29.820226], [-89.530661, 29.772215], [-89.590888, 29.725271], [-89.559313, 29.698036], [-89.682942, 29.674854], [-89.720878, 29.619308], [-89.513676, 29.42007], [-89.180779, 29.335706], [-89.015753, 29.202871], [-89.021378, 29.142721], [-89.15551, 29.016631], [-89.236095, 29.08112], [-89.376149, 28.981331], [-89.353539, 29.070244], [-89.443144, 29.194137], [-89.620265, 29.302396], [-89.792377, 29.333202], [-89.877246, 29.458017], [-90.159068, 29.537141], [-90.052335, 29.431408], [-90.135864, 29.136074], [-90.212802, 29.104939], [-90.301615, 29.255814], [-90.502511, 29.299759], [-90.751022, 29.130888], [-91.290132, 29.288993], [-91.237497, 29.330971], [-91.15076, 29.317898], [-91.243979, 29.457325], [-91.248845, 29.564189], [-91.330924, 29.513575], [-91.514198, 29.555378], [-91.672467, 29.74609], [-91.824386, 29.750693], [-91.893172, 29.836013], [-92.135475, 29.699475], [-92.058878, 29.617187], [-92.084037, 29.59282], [-92.260824, 29.55685], [-92.671317, 29.597082], [-93.175705, 29.778961], [-93.694842, 29.769919], [-93.826463, 29.725139], [-93.883878, 29.810019], [-93.808814, 29.850811], [-93.79401, 29.977264], [-93.710629, 30.112813], [-93.750394, 30.344713], [-93.720215, 30.558265], [-93.579194, 30.823805], [-93.530591, 31.04619], [-93.557749, 31.180421], [-93.806902, 31.568799], [-93.845585, 31.792942], [-94.043301, 31.999232], [-94.041307, 33.011996]]], [[[-89.184679, 30.168679], [-89.22044, 30.037601], [-89.342003, 30.062848], [-89.184679, 30.168679]]], [[[-88.812583, 29.933363], [-88.855661, 29.775863], [-88.827986, 29.928353], [-88.866867, 30.056717], [-88.812583, 29.933363]]], [[[-88.889301, 29.712581], [-88.943584, 29.660232], [-88.872656, 29.752989], [-88.889301, 29.712581]]], [[[-91.754315, 29.566881], [-91.830846, 29.486472], [-92.006649, 29.610288], [-91.875231, 29.640984], [-91.754315, 29.566881]]]]}}, {"id": "68", "type": "Feature", "properties": {"admin": "United States of America", "name": "Massachusetts", "postal": "MA"}, "geometry": {"type": "MultiPolygon", "coordinates": [[[[-71.387135, 42.016863], [-72.806458, 42.00803], [-73.507287, 42.080012], [-73.253327, 42.752222], [-71.329621, 42.702487], [-70.974082, 42.871676], [-70.806112, 42.876763], [-70.829051, 42.825347], [-70.781337, 42.72124], [-70.735678, 42.669286], [-70.62398, 42.671758], [-70.61295, 42.623264], [-70.831171, 42.552567], [-71.046174, 42.331116], [-70.73826, 42.228866], [-70.617696, 42.040429], [-70.656148, 41.987046], [-70.548922, 41.938629], [-70.514677, 41.803311], [-70.426677, 41.7573], [-70.295467, 41.728955], [-70.001407, 41.826184], [-70.110238, 42.030145], [-70.196228, 42.035111], [-70.241085, 42.091229], [-70.108941, 42.078309], [-69.977896, 41.961261], [-69.933841, 41.710421], [-69.94864, 41.677144], [-70.40466, 41.626892], [-70.657126, 41.534234], [-70.666453, 41.710114], [-70.701126, 41.714849], [-70.974246, 41.548527], [-71.16854, 41.489409], [-71.204278, 41.641131], [-71.148731, 41.74572], [-71.233765, 41.706554], [-71.340728, 41.797916], [-71.387135, 42.016863]]], [[[-70.509898, 41.376338], [-70.785314, 41.327449], [-70.829183, 41.359002], [-70.615993, 41.457208], [-70.509898, 41.376338]]], [[[-69.97794, 41.265596], [-70.055097, 41.249468], [-70.233076, 41.286338], [-70.0627, 41.328482], [-70.041199, 41.397476], [-69.97794, 41.265596]]]]}}, {"id": "69", "type": "Feature", "properties": {"admin": "United States of America", "name": "Maryland", "postal": "MD"}, "geometry": {"type": "MultiPolygon", "coordinates": [[[[-77.030361, 38.889253], [-77.019737, 38.806526], [-76.931242, 38.88822], [-77.042116, 39.011783], [-77.122053, 38.943536], [-77.480921, 39.112957], [-77.478856, 39.220864], [-77.739045, 39.354337], [-77.855423, 39.599706], [-78.097782, 39.677885], [-78.406761, 39.627864], [-78.495542, 39.533348], [-78.677673, 39.54952], [-78.77777, 39.626622], [-78.971481, 39.453643], [-79.075345, 39.475989], [-79.487981, 39.210911], [-79.4775, 39.722797], [-75.78472, 39.722357], [-75.707025, 38.455073], [-75.038748, 38.426366], [-75.074355, 38.365721], [-75.073399, 38.410007], [-75.116751, 38.406206], [-75.160005, 38.255056], [-75.225428, 38.24229], [-75.375963, 38.024991], [-75.620002, 37.999207], [-75.659256, 37.953965], [-75.850814, 37.971554], [-75.795344, 38.086669], [-75.92807, 38.169242], [-75.858702, 38.362074], [-76.051216, 38.279545], [-76.211671, 38.361327], [-76.29487, 38.494657], [-76.264175, 38.599972], [-76.000942, 38.60173], [-76.212967, 38.758285], [-76.278314, 38.772468], [-76.341178, 38.709648], [-76.30032, 38.818204], [-76.168132, 38.852745], [-76.19105, 38.915554], [-76.330664, 38.908611], [-76.329598, 38.952787], [-76.312756, 39.009356], [-76.18571, 38.990745], [-76.135195, 39.082107], [-76.132943, 39.122965], [-76.216845, 39.063639], [-76.235698, 39.191619], [-76.153125, 39.315039], [-76.074364, 39.368861], [-75.875984, 39.375991], [-76.003106, 39.410851], [-75.872929, 39.510892], [-75.9704, 39.504564], [-75.958919, 39.58505], [-76.063004, 39.561122], [-76.141369, 39.403226], [-76.215813, 39.379946], [-76.247662, 39.438602], [-76.276369, 39.322741], [-76.330818, 39.403897], [-76.420883, 39.224995], [-76.570407, 39.269336], [-76.427607, 39.126041], [-76.47308, 39.030614], [-76.558553, 39.06521], [-76.493778, 38.945217], [-76.536877, 38.742618], [-76.501314, 38.532175], [-76.394088, 38.368973], [-76.572429, 38.435792], [-76.677326, 38.611958], [-76.668548, 38.537515], [-76.641983, 38.454348], [-76.408766, 38.268262], [-76.341178, 38.087031], [-76.454425, 38.173538], [-76.769161, 38.262933], [-76.868115, 38.390298], [-76.889747, 38.29208], [-77.001181, 38.445251], [-77.23252, 38.407711], [-77.220919, 38.540953], [-77.018188, 38.777742], [-77.030361, 38.889253]]], [[[-75.13623, 38.180536], [-75.252476, 38.03745], [-75.097888, 38.298079], [-75.13623, 38.180536]]]]}}, {"id": "70", "type": "Feature", "properties": {"admin": "United States of America", "name": "Maine", "postal": "ME"}, "geometry": {"type": "MultiPolygon", "coordinates": [[[[-69.05366, 47.294585], [-69.00309, 47.236446], [-68.828715, 47.203322], [-68.235497, 47.345946], [-67.806789, 47.082813], [-67.767051, 45.926985], [-67.802241, 45.727517], [-67.595742, 45.62073], [-67.43265, 45.603108], [-67.424432, 45.530401], [-67.493657, 45.474074], [-67.427947, 45.377954], [-67.472541, 45.275891], [-67.315294, 45.153833], [-67.249584, 45.200778], [-67.124835, 45.169445], [-67.08045, 44.98917], [-67.106729, 44.885042], [-66.987022, 44.827704], [-67.191247, 44.675565], [-67.364073, 44.696857], [-67.556004, 44.644771], [-67.652991, 44.562395], [-67.839056, 44.576249], [-67.907017, 44.45362], [-67.962696, 44.464309], [-68.056618, 44.384318], [-68.152034, 44.502014], [-68.277432, 44.507365], [-68.373749, 44.445138], [-68.450599, 44.507595], [-68.532535, 44.258645], [-68.811917, 44.339362], [-68.710118, 44.442556], [-68.794943, 44.454499], [-68.76272, 44.570767], [-68.961474, 44.433855], [-68.956168, 44.348096], [-69.06836, 44.097564], [-69.226058, 43.986459], [-69.344545, 44.000928], [-69.520733, 43.897371], [-69.556702, 43.982768], [-69.623939, 43.880628], [-69.652877, 43.993875], [-69.729847, 43.851997], [-69.795292, 43.910631], [-69.808344, 43.772313], [-69.872526, 43.819544], [-69.974326, 43.78787], [-69.965229, 43.855106], [-70.178814, 43.76637], [-70.269243, 43.671909], [-70.202578, 43.626118], [-70.520698, 43.348823], [-70.642327, 43.134425], [-70.733096, 43.070034], [-70.967545, 43.458148], [-71.084549, 45.294008], [-70.960184, 45.333097], [-70.865053, 45.270695], [-70.79919, 45.404772], [-70.689788, 45.428338], [-70.702214, 45.551385], [-70.421096, 45.73824], [-70.296247, 45.906089], [-70.248292, 46.250873], [-70.067215, 46.441046], [-70.00768, 46.708937], [-69.358882, 47.350649], [-69.242878, 47.462995], [-69.050222, 47.426619], [-69.05366, 47.294585]]], [[[-68.187256, 44.332484], [-68.30926, 44.321509], [-68.315104, 44.249702], [-68.411707, 44.294351], [-68.409488, 44.364268], [-68.299438, 44.456509], [-68.238046, 44.438404], [-68.187256, 44.332484]]], [[[-68.623194, 44.196067], [-68.701713, 44.182675], [-68.703032, 44.232003], [-68.67673, 44.256217], [-68.623194, 44.196067]]]]}}, {"id": "71", "type": "Feature", "properties": {"admin": "United States of America", "name": "Michigan", "postal": "MI"}, "geometry": {"type": "Polygon", "coordinates": [[[-89.498383, 47.997897], [-89.273174, 48.019969], [-88.611764, 48.264008], [-88.378195, 48.303097], [-88.160665, 48.225402], [-84.875973, 46.899901], [-84.779414, 46.637284], [-84.561753, 46.457372], [-84.14948, 46.542769], [-84.088407, 46.226527], [-83.977786, 46.084914], [-83.615951, 46.116829], [-83.46947, 45.994683], [-83.592693, 45.817155], [-82.551079, 45.347357], [-82.13785, 43.570879], [-82.408191, 43.072638], [-82.545322, 42.624682], [-83.109525, 42.250707], [-83.149669, 42.14192], [-83.121665, 41.95], [-83.464197, 41.739447], [-84.796113, 41.701434], [-84.796399, 41.759728], [-87.221257, 41.760728], [-87.039126, 42.492802], [-87.15501, 43.326763], [-87.141727, 43.657803], [-87.03249, 44.091466], [-86.7147, 44.846205], [-86.535952, 45.041487], [-86.264524, 45.226903], [-86.77429, 45.452365], [-87.115272, 45.452365], [-87.244384, 45.289789], [-87.419802, 45.183859], [-87.45954, 45.067997], [-87.653613, 45.121797], [-87.720916, 45.242768], [-87.664226, 45.371286], [-87.874911, 45.385392], [-87.794557, 45.596033], [-87.809081, 45.686044], [-88.116116, 45.815804], [-88.096483, 45.878415], [-88.151745, 45.945409], [-88.837335, 46.036618], [-89.119289, 46.149195], [-90.11855, 46.341664], [-90.23038, 46.509766], [-90.39234, 46.548965], [-90.412588, 46.585275], [-89.498383, 47.997897]]]}}, {"id": "72", "type": "Feature", "properties": {"admin": "United States of America", "name": "Minnesota", "postal": "MN"}, "geometry": {"type": "Polygon", "coordinates": [[[-97.225738, 48.993182], [-95.162044, 48.991764], [-95.155298, 49.369672], [-94.93934, 49.349413], [-94.854333, 49.304589], [-94.803461, 49.002948], [-94.705095, 48.808523], [-94.620885, 48.742605], [-94.055182, 48.659021], [-93.70774, 48.525461], [-93.463618, 48.561276], [-93.377886, 48.616537], [-92.996254, 48.611813], [-92.500578, 48.43534], [-92.414588, 48.276587], [-92.171785, 48.338396], [-92.005155, 48.301834], [-91.518307, 48.058311], [-91.38724, 48.058542], [-90.916048, 48.209153], [-90.840319, 48.200518], [-90.744408, 48.104607], [-90.091776, 48.118099], [-89.993646, 48.01531], [-89.901043, 47.995469], [-89.498383, 47.997897], [-89.957677, 47.287137], [-90.654024, 47.309098], [-91.468363, 46.925093], [-91.964923, 46.729778], [-92.125346, 46.763012], [-92.291646, 46.660718], [-92.292629, 46.084375], [-92.693949, 45.909012], [-92.89652, 45.658578], [-92.892488, 45.594759], [-92.757461, 45.543244], [-92.682605, 45.433095], [-92.79304, 45.071359], [-92.769809, 44.72585], [-92.055121, 44.39982], [-91.840976, 44.194156], [-91.382692, 43.990799], [-91.278432, 43.797428], [-91.245253, 43.502412], [-96.453619, 43.501171], [-96.453668, 45.297337], [-96.696109, 45.431776], [-96.85106, 45.626004], [-96.614689, 45.799972], [-96.556401, 45.942773], [-96.560845, 46.138241], [-96.786647, 46.648216], [-96.770135, 46.919666], [-96.825325, 47.018861], [-96.858707, 47.588338], [-97.125927, 48.173393], [-97.128047, 48.681115], [-97.225738, 48.993182]]]}}, {"id": "73", "type": "Feature", "properties": {"admin": "United States of America", "name": "Missouri", "postal": "MO"}, "geometry": {"type": "Polygon", "coordinates": [[[-89.704772, 36.001573], [-90.381068, 35.99274], [-90.075659, 36.296721], [-90.074473, 36.371835], [-90.162243, 36.500869], [-94.61838, 36.500869], [-94.622384, 39.124404], [-94.777852, 39.193992], [-95.057937, 39.508959], [-95.075356, 39.597377], [-94.898597, 39.741144], [-94.929936, 39.861499], [-95.116203, 39.87209], [-95.362467, 40.01032], [-95.463652, 40.198065], [-95.66157, 40.362761], [-95.765029, 40.601868], [-91.73153, 40.624653], [-91.441952, 40.37945], [-91.501652, 40.097529], [-91.378737, 39.749406], [-90.919376, 39.386901], [-90.577075, 38.909611], [-90.477968, 38.948118], [-90.134206, 38.84667], [-90.365775, 38.254254], [-90.173581, 38.069047], [-89.822963, 37.884092], [-89.523421, 37.644524], [-89.461974, 37.434125], [-89.486913, 37.212739], [-89.35188, 37.035519], [-89.290016, 37.012777], [-89.272394, 37.07998], [-89.154313, 36.992112], [-89.129517, 36.811057], [-89.203048, 36.62552], [-89.397462, 36.587793], [-89.471488, 36.488883], [-89.549645, 36.553065], [-89.540603, 36.426667], [-89.611707, 36.321968], [-89.583549, 36.272233], [-89.674549, 36.220575], [-89.641886, 36.104515], [-89.704772, 36.001573]]]}}, {"id": "74", "type": "Feature", "properties": {"admin": "United States of America", "name": "Mississippi", "postal": "MS"}, "geometry": {"type": "MultiPolygon", "coordinates": [[[[-88.173267, 34.999005], [-88.084772, 34.933109], [-88.48619, 31.890511], [-88.399585, 30.370805], [-88.692096, 30.355359], [-88.905209, 30.415146], [-89.320536, 30.345328], [-89.520861, 30.192629], [-89.591657, 30.223017], [-89.685766, 30.462684], [-89.819997, 30.611208], [-89.835366, 30.730816], [-89.735314, 31.001157], [-91.656449, 31.001805], [-91.596365, 31.109911], [-91.61825, 31.276958], [-91.528953, 31.345194], [-91.505728, 31.518701], [-91.37253, 31.773716], [-91.156527, 31.970689], [-90.937647, 32.277329], [-91.103815, 32.490497], [-91.14965, 32.625013], [-91.094356, 32.69426], [-91.13606, 32.808847], [-91.096081, 32.937684], [-91.152858, 33.040571], [-91.106781, 33.217923], [-91.163339, 33.294454], [-91.141015, 33.438507], [-91.214579, 33.583406], [-91.172721, 33.616683], [-91.207482, 33.675669], [-91.052707, 33.827599], [-91.060353, 33.989296], [-90.914729, 34.048622], [-90.90972, 34.188763], [-90.762338, 34.356426], [-90.635424, 34.413873], [-90.53925, 34.72817], [-90.31994, 34.899161], [-90.293705, 35.001114], [-88.173267, 34.999005]]], [[[-88.573993, 30.229159], [-88.659236, 30.225599], [-88.722847, 30.264249], [-88.573993, 30.229159]]]]}}, {"id": "75", "type": "Feature", "properties": {"admin": "United States of America", "name": "Montana", "postal": "MT"}, "geometry": {"type": "Polygon", "coordinates": [[[-116.048494, 48.993083], [-104.033927, 48.993138], [-104.005478, 45.00097], [-111.050862, 45.001057], [-111.051434, 44.498883], [-111.372525, 44.74624], [-111.4481, 44.711117], [-111.499857, 44.54485], [-112.23131, 44.560692], [-112.375385, 44.470022], [-112.715928, 44.498037], [-112.831351, 44.396623], [-112.910392, 44.419331], [-112.999689, 44.48036], [-113.140709, 44.765489], [-113.338891, 44.808072], [-113.460796, 44.90362], [-113.447129, 45.029084], [-113.697112, 45.304983], [-113.802273, 45.601098], [-113.991924, 45.69302], [-114.297641, 45.487565], [-114.529233, 45.575719], [-114.495796, 45.685846], [-114.522537, 45.815133], [-114.396787, 45.89095], [-114.478306, 46.035585], [-114.485359, 46.158214], [-114.336868, 46.659224], [-114.562999, 46.650435], [-114.661623, 46.745544], [-114.753689, 46.734568], [-115.306675, 47.231172], [-115.702468, 47.437594], [-115.66968, 47.497854], [-115.718382, 47.68148], [-116.04901, 48.00472], [-116.048494, 48.993083]]]}}, {"id": "76", "type": "Feature", "properties": {"admin": "United States of America", "name": "North Carolina", "postal": "NC"}, "geometry": {"type": "MultiPolygon", "coordinates": [[[[-83.114821, 35.001477], [-84.32469, 34.988096], [-84.261101, 35.249581], [-84.062281, 35.286012], [-84.003735, 35.414069], [-83.871306, 35.51489], [-83.511119, 35.584082], [-82.990203, 35.800447], [-82.887722, 35.951728], [-82.812817, 35.947444], [-82.700087, 36.029841], [-82.611097, 36.047364], [-82.553408, 35.970987], [-82.294944, 36.13397], [-82.051366, 36.122862], [-81.908247, 36.306411], [-81.734125, 36.355454], [-81.65889, 36.610579], [-75.966445, 36.551362], [-75.978486, 36.42915], [-75.820074, 36.112832], [-76.147829, 36.279286], [-76.150027, 36.145758], [-76.27058, 36.189912], [-76.227381, 36.11604], [-76.383684, 36.13353], [-76.478814, 36.028193], [-76.559355, 36.01535], [-76.67893, 36.075314], [-76.733631, 36.229155], [-76.726216, 35.957595], [-76.069771, 35.970306], [-76.08357, 35.690539], [-76.001195, 35.722191], [-75.978925, 35.895951], [-75.81201, 35.955738], [-75.744752, 35.765466], [-75.773921, 35.647001], [-76.173845, 35.354149], [-76.489482, 35.397018], [-76.577186, 35.532303], [-76.634128, 35.453213], [-76.741388, 35.431482], [-77.039996, 35.527392], [-76.974474, 35.458409], [-76.512949, 35.270433], [-76.628031, 35.07336], [-76.779137, 34.990348], [-77.070274, 35.154648], [-76.974957, 35.025174], [-76.744969, 34.940964], [-76.456754, 34.989337], [-76.362206, 34.936504], [-76.516871, 34.777257], [-76.707066, 34.752142], [-76.733192, 34.706999], [-77.133918, 34.707933], [-77.29623, 34.602948], [-77.358369, 34.620262], [-77.412268, 34.730796], [-77.379792, 34.526626], [-77.750757, 34.284993], [-77.860829, 34.14918], [-77.927845, 33.939736], [-77.953268, 34.168977], [-78.013341, 33.911809], [-78.405882, 33.917566], [-78.564272, 33.876664], [-79.653556, 34.796791], [-80.784082, 34.828629], [-80.79297, 34.962772], [-80.933683, 35.113669], [-81.045249, 35.065615], [-81.087316, 35.155714], [-82.392535, 35.210931], [-83.114821, 35.001477]]], [[[-75.889057, 36.550505], [-75.857428, 36.550582], [-75.757881, 36.229232], [-75.534199, 35.81908], [-75.809791, 36.271046], [-75.889057, 36.550505]]], [[[-75.648863, 35.910387], [-75.650775, 35.835592], [-75.717176, 35.946125], [-75.648863, 35.910387]]], [[[-75.54412, 35.2401], [-75.690106, 35.221566], [-75.536363, 35.278618], [-75.481278, 35.572118], [-75.503525, 35.769158], [-75.464743, 35.448642], [-75.54412, 35.2401]]], [[[-75.781963, 35.1902], [-75.963676, 35.118844], [-75.984199, 35.123074], [-75.86492, 35.174127], [-75.781963, 35.1902]]], [[[-76.503644, 34.642949], [-76.437033, 34.756328], [-76.207386, 34.938899], [-76.357712, 34.803668], [-76.503644, 34.642949]]], [[[-76.546227, 34.654858], [-76.607794, 34.66357], [-76.673921, 34.700155], [-76.622274, 34.694552], [-76.546227, 34.654858]]]]}}, {"id": "77", "type": "Feature", "properties": {"admin": "United States of America", "name": "North Dakota", "postal": "ND"}, "geometry": {"type": "Polygon", "coordinates": [[[-104.033927, 48.993138], [-97.225738, 48.993182], [-97.128047, 48.681115], [-97.125927, 48.173393], [-96.858707, 47.588338], [-96.825325, 47.018861], [-96.770135, 46.919666], [-96.786647, 46.648216], [-96.598567, 46.271857], [-96.556401, 45.942773], [-104.011087, 45.943058], [-104.033927, 48.993138]]]}}, {"id": "78", "type": "Feature", "properties": {"admin": "United States of America", "name": "Nebraska", "postal": "NE"}, "geometry": {"type": "Polygon", "coordinates": [[[-102.024489, 40.001124], [-102.025006, 41.000628], [-104.021655, 41.000858], [-104.028862, 43.001403], [-98.441765, 43.001095], [-97.964947, 42.805868], [-97.698139, 42.874643], [-97.23879, 42.860536], [-96.675542, 42.637601], [-96.383751, 42.417776], [-96.295333, 42.132912], [-96.086637, 41.821372], [-96.058627, 41.54578], [-95.943567, 41.460933], [-95.94972, 41.367428], [-95.891943, 41.316166], [-95.834017, 40.88949], [-95.859, 40.745108], [-95.66157, 40.362761], [-95.52122, 40.264577], [-95.34668, 40.001487], [-102.024489, 40.001124]]]}}, {"id": "79", "type": "Feature", "properties": {"admin": "United States of America", "name": "New Hampshire", "postal": "NH"}, "geometry": {"type": "Polygon", "coordinates": [[[-71.51752, 45.007561], [-71.327292, 45.290108], [-71.201619, 45.260335], [-71.084549, 45.294008], [-70.967545, 43.458148], [-70.733096, 43.070034], [-70.777635, 42.940582], [-70.806112, 42.876763], [-70.974082, 42.871676], [-71.329621, 42.702487], [-72.46686, 42.730315], [-72.549807, 42.886684], [-72.473715, 43.038537], [-72.362369, 43.586645], [-72.114924, 43.965431], [-72.031208, 44.300734], [-71.609289, 44.514055], [-71.568442, 44.607637], [-71.62066, 44.771894], [-71.510225, 44.908344], [-71.51752, 45.007561]]]}}, {"id": "80", "type": "Feature", "properties": {"admin": "United States of America", "name": "New Jersey", "postal": "NJ"}, "geometry": {"type": "MultiPolygon", "coordinates": [[[[-75.074168, 39.98348], [-74.734889, 40.154504], [-75.189019, 40.595814], [-75.174737, 40.775518], [-75.075564, 40.856267], [-75.123036, 40.999002], [-74.912296, 41.155271], [-74.812485, 41.30151], [-74.699051, 41.357299], [-73.910079, 40.992256], [-74.025501, 40.756379], [-74.187143, 40.647988], [-74.26419, 40.528633], [-74.241515, 40.456266], [-73.998453, 40.452157], [-73.972251, 40.400324], [-74.079917, 39.78811], [-74.064591, 39.993115], [-74.256577, 39.613856], [-74.330603, 39.535886], [-74.407024, 39.548806], [-74.428831, 39.387186], [-74.578696, 39.316105], [-74.794478, 39.001907], [-74.923436, 38.941141], [-74.954308, 38.949952], [-74.897025, 39.145465], [-75.136109, 39.207867], [-75.524245, 39.490172], [-75.523553, 39.601848], [-75.421908, 39.789714], [-75.15383, 39.870486], [-75.074168, 39.98348]]], [[[-74.133222, 39.680785], [-74.250501, 39.529371], [-74.106767, 39.746439], [-74.133222, 39.680785]]]]}}, {"id": "81", "type": "Feature", "properties": {"admin": "United States of America", "name": "New Mexico", "postal": "NM"}, "geometry": {"type": "Polygon", "coordinates": [[[-109.047807, 31.327879], [-109.04667, 37.000846], [-103.000839, 37.000846], [-103.000295, 36.501232], [-103.042153, 36.500616], [-103.065642, 32.002748], [-106.668262, 32.000946], [-106.566358, 31.819529], [-106.445382, 31.768398], [-108.211841, 31.77933], [-108.21445, 31.329428], [-109.047807, 31.327879]]]}}, {"id": "82", "type": "Feature", "properties": {"admin": "United States of America", "name": "Nevada", "postal": "NV"}, "geometry": {"type": "Polygon", "coordinates": [[[-114.042593, 42.001109], [-114.042879, 36.181771], [-114.183207, 36.030303], [-114.505277, 36.156426], [-114.669144, 36.12172], [-114.741362, 36.013516], [-114.687101, 35.917341], [-114.662063, 35.545355], [-114.590987, 35.352776], [-114.610543, 34.991117], [-118.126272, 37.69238], [-120.000062, 39.000259], [-120.000809, 42.000559], [-114.042593, 42.001109]]]}}, {"id": "83", "type": "Feature", "properties": {"admin": "United States of America", "name": "New York", "postal": "NY"}, "geometry": {"type": "MultiPolygon", "coordinates": [[[[-79.762024, 42.538977], [-78.939236, 42.863744], [-78.920867, 42.93521], [-79.026181, 43.017322], [-79.059228, 43.278061], [-79.171849, 43.466575], [-78.720432, 43.624932], [-76.819962, 43.628788], [-76.464609, 44.057595], [-76.151158, 44.303942], [-75.875929, 44.41698], [-75.179384, 44.899379], [-74.856639, 45.003925], [-73.352182, 45.005419], [-73.372078, 44.597332], [-73.309753, 44.45964], [-73.320915, 44.268874], [-73.426131, 44.074855], [-73.374968, 43.804152], [-73.415925, 43.589644], [-73.330484, 43.62669], [-73.247098, 43.553048], [-73.253327, 42.752222], [-73.507287, 42.080012], [-73.544729, 41.295951], [-73.484139, 41.218959], [-73.723015, 41.104514], [-73.630466, 40.99186], [-73.987082, 40.751392], [-73.871967, 41.055164], [-73.925328, 41.218058], [-73.969954, 41.249732], [-73.910079, 40.992256], [-74.699051, 41.357299], [-74.75662, 41.423909], [-74.935367, 41.474369], [-75.051361, 41.608369], [-75.095537, 41.83171], [-75.351342, 41.998417], [-79.762958, 42.0009], [-79.762024, 42.538977]]], [[[-72.274138, 41.153041], [-72.580887, 40.921328], [-72.183852, 41.046792], [-72.101894, 41.01502], [-71.903206, 41.060701], [-73.194287, 40.654207], [-73.899565, 40.570524], [-73.799183, 40.640979], [-73.875175, 40.651625], [-74.014911, 40.581213], [-74.032038, 40.638683], [-73.879262, 40.791668], [-73.695208, 40.870033], [-73.652241, 40.838019], [-73.573798, 40.919625], [-72.625118, 40.991838], [-72.274138, 41.153041]]], [[[-74.079708, 40.586465], [-74.235879, 40.518712], [-74.188154, 40.614601], [-74.068755, 40.649307], [-74.079708, 40.586465]]]]}}, {"id": "84", "type": "Feature", "properties": {"admin": "United States of America", "name": "Ohio", "postal": "OH"}, "geometry": {"type": "Polygon", "coordinates": [[[-83.121665, 41.95], [-83.029962, 41.832974], [-82.690012, 41.675177], [-82.439073, 41.67487], [-81.277643, 42.209179], [-80.520762, 42.324392], [-80.519081, 40.646956], [-80.659047, 40.562976], [-80.601819, 40.363893], [-80.874313, 39.664294], [-81.262504, 39.386538], [-81.439647, 39.392559], [-81.657209, 39.271973], [-81.802602, 39.086062], [-81.780124, 38.946975], [-81.896678, 38.893549], [-82.001092, 39.011102], [-82.072273, 38.962949], [-82.203527, 38.768228], [-82.180071, 38.637589], [-82.387064, 38.43399], [-82.621282, 38.450679], [-82.844623, 38.627668], [-82.880438, 38.710253], [-83.203469, 38.638907], [-83.35697, 38.627405], [-83.538387, 38.69986], [-83.689878, 38.649531], [-84.227285, 38.865204], [-84.43006, 39.090896], [-84.706948, 39.128909], [-84.821711, 39.091984], [-84.796113, 41.701434], [-83.464197, 41.739447], [-83.121665, 41.95]]]}}, {"id": "85", "type": "Feature", "properties": {"admin": "United States of America", "name": "Oklahoma", "postal": "OK"}, "geometry": {"type": "Polygon", "coordinates": [[[-94.61838, 36.500869], [-94.439138, 35.387251], [-94.484149, 33.648434], [-94.709198, 33.699289], [-95.21586, 33.959039], [-95.373888, 33.874269], [-95.523494, 33.886562], [-95.594471, 33.945163], [-95.783914, 33.864502], [-95.941579, 33.882838], [-96.315048, 33.711122], [-96.59159, 33.849275], [-96.606345, 33.905635], [-96.746283, 33.854186], [-96.934051, 33.95348], [-97.063838, 33.8568], [-97.119, 33.734764], [-97.192488, 33.784631], [-97.214938, 33.897109], [-97.398492, 33.831323], [-97.640933, 33.991669], [-97.842422, 33.875785], [-97.92159, 33.878367], [-97.951072, 33.971212], [-98.069383, 34.040305], [-98.098635, 34.145027], [-98.355978, 34.141511], [-98.453674, 34.078131], [-98.608395, 34.161275], [-99.157508, 34.223282], [-99.252875, 34.388077], [-99.360387, 34.456094], [-99.404986, 34.392065], [-99.632029, 34.388495], [-99.999341, 34.586721], [-100.002444, 36.500902], [-103.000295, 36.501232], [-103.000839, 37.000846], [-94.618067, 37.000846], [-94.61838, 36.500869]]]}}, {"id": "86", "type": "Feature", "properties": {"admin": "United States of America", "name": "Oregon", "postal": "OR"}, "geometry": {"type": "Polygon", "coordinates": [[[-117.016675, 42.000559], [-124.228409, 42.000768], [-124.355273, 42.122881], [-124.420515, 42.381005], [-124.406173, 42.583681], [-124.539629, 42.812866], [-124.346588, 43.341649], [-124.196938, 43.423344], [-124.287987, 43.409699], [-124.148719, 43.691729], [-124.099165, 44.333781], [-124.047464, 44.425506], [-124.059192, 44.777727], [-123.929355, 45.576961], [-123.947131, 46.140592], [-123.989302, 46.219397], [-123.67361, 46.182604], [-123.521631, 46.22266], [-123.321564, 46.144009], [-123.042275, 46.160027], [-122.941997, 46.114862], [-122.843373, 45.978094], [-122.725913, 45.67375], [-122.649849, 45.627443], [-122.202535, 45.591067], [-121.662519, 45.718135], [-121.045241, 45.639044], [-120.351432, 45.725166], [-119.01968, 46.000341], [-116.896479, 46.002099], [-116.520917, 45.721914], [-116.477043, 45.641088], [-116.549157, 45.456737], [-116.855857, 44.90574], [-117.201701, 44.436206], [-117.197312, 44.3438], [-117.139744, 44.290264], [-116.91242, 44.199473], [-117.020498, 43.813194], [-117.016675, 42.000559]]]}}, {"id": "87", "type": "Feature", "properties": {"admin": "United States of America", "name": "Pennsylvania", "postal": "PA"}, "geometry": {"type": "Polygon", "coordinates": [[[-80.520762, 42.324392], [-80.247576, 42.365997], [-79.762024, 42.538977], [-79.762958, 42.0009], [-75.351342, 41.998417], [-75.095537, 41.83171], [-75.051361, 41.608369], [-74.981257, 41.507702], [-74.75662, 41.423909], [-74.699051, 41.357299], [-74.812485, 41.30151], [-74.912296, 41.155271], [-75.123036, 40.999002], [-75.075564, 40.856267], [-75.174737, 40.775518], [-75.192282, 40.689868], [-75.189019, 40.595814], [-74.734889, 40.154504], [-75.172924, 39.894777], [-75.421029, 39.815422], [-75.634581, 39.839482], [-75.78472, 39.722357], [-80.519443, 39.722511], [-80.520762, 42.324392]]]}}, {"id": "88", "type": "Feature", "properties": {"admin": "United States of America", "name": "Rhode Island", "postal": "RI"}, "geometry": {"type": "MultiPolygon", "coordinates": [[[[-71.842353, 41.335513], [-71.795793, 41.519951], [-71.800836, 42.011963], [-71.387135, 42.016863], [-71.340728, 41.797916], [-71.233765, 41.706554], [-71.271075, 41.681231], [-71.390156, 41.795335], [-71.363679, 41.702731], [-71.426542, 41.633297], [-71.443802, 41.453693], [-71.52286, 41.378975], [-71.842353, 41.335513]]], [[[-71.241379, 41.491969], [-71.346232, 41.469403], [-71.232052, 41.654303], [-71.241379, 41.491969]]], [[[-71.354472, 41.542297], [-71.393078, 41.466745], [-71.383981, 41.570532], [-71.354472, 41.542297]]]]}}, {"id": "89", "type": "Feature", "properties": {"admin": "United States of America", "name": "South Carolina", "postal": "SC"}, "geometry": {"type": "Polygon", "coordinates": [[[-80.872346, 32.029565], [-81.074813, 32.109699], [-81.135018, 32.181858], [-81.171504, 32.380139], [-81.290332, 32.557239], [-81.37697, 32.607468], [-81.57824, 33.068575], [-81.780322, 33.195292], [-82.005718, 33.522893], [-82.589268, 34.017377], [-82.847732, 34.436911], [-83.052781, 34.51086], [-83.355575, 34.708318], [-83.316716, 34.805657], [-83.121357, 35.000554], [-82.392535, 35.210931], [-81.087316, 35.155714], [-81.045249, 35.065615], [-80.933683, 35.113669], [-80.79297, 34.962772], [-80.784082, 34.828629], [-79.653556, 34.796791], [-78.564272, 33.876664], [-78.920295, 33.658695], [-79.138187, 33.405921], [-79.193822, 33.244148], [-79.23836, 33.312153], [-79.226473, 33.404889], [-79.281328, 33.315438], [-79.229242, 33.185129], [-79.276011, 33.135394], [-79.587121, 33.000877], [-79.614928, 32.909263], [-79.804991, 32.78738], [-79.933103, 32.810034], [-79.89364, 32.728702], [-79.940727, 32.667157], [-80.362844, 32.500725], [-80.634195, 32.511733], [-80.474278, 32.422777], [-80.485726, 32.351827], [-80.579341, 32.287326], [-80.647214, 32.395926], [-80.709331, 32.33704], [-80.802561, 32.448045], [-80.797881, 32.363396], [-80.694214, 32.21574], [-80.849242, 32.113929], [-80.872346, 32.029565]]]}}, {"id": "90", "type": "Feature", "properties": {"admin": "United States of America", "name": "South Dakota", "postal": "SD"}, "geometry": {"type": "Polygon", "coordinates": [[[-96.453619, 43.501171], [-96.598622, 43.497501], [-96.534956, 43.338057], [-96.563454, 43.242685], [-96.461293, 43.129767], [-96.626835, 42.757001], [-96.480953, 42.511259], [-96.804527, 42.701421], [-97.23879, 42.860536], [-97.698139, 42.874643], [-97.964947, 42.805868], [-98.441765, 43.001095], [-104.028862, 43.001403], [-104.011087, 45.943058], [-96.556401, 45.942773], [-96.614689, 45.799972], [-96.85106, 45.626004], [-96.696109, 45.431776], [-96.453668, 45.297337], [-96.453619, 43.501171]]]}}, {"id": "91", "type": "Feature", "properties": {"admin": "United States of America", "name": "Tennessee", "postal": "TN"}, "geometry": {"type": "Polygon", "coordinates": [[[-84.32469, 34.988096], [-88.190427, 35.024999], [-88.173267, 34.999005], [-90.29376, 35.004476], [-90.092919, 35.203592], [-90.107882, 35.314203], [-89.92652, 35.591652], [-89.943505, 35.679136], [-89.688908, 35.920956], [-89.70932, 35.98305], [-89.63413, 36.167917], [-89.674549, 36.220575], [-89.583549, 36.272233], [-89.611707, 36.321968], [-89.55527, 36.372922], [-89.557313, 36.501078], [-88.059108, 36.499683], [-88.096297, 36.693009], [-87.839151, 36.643966], [-86.507586, 36.66484], [-83.730385, 36.586815], [-81.65889, 36.610579], [-81.734125, 36.355454], [-81.908247, 36.306411], [-82.051366, 36.122862], [-82.294944, 36.13397], [-82.553408, 35.970987], [-82.611097, 36.047364], [-82.700087, 36.029841], [-82.812817, 35.947444], [-82.887722, 35.951728], [-82.990203, 35.800447], [-83.511119, 35.584082], [-83.871306, 35.51489], [-84.003735, 35.414069], [-84.062281, 35.286012], [-84.261101, 35.249581], [-84.32469, 34.988096]]]}}, {"id": "92", "type": "Feature", "properties": {"admin": "United States of America", "name": "Texas", "postal": "TX"}, "geometry": {"type": "MultiPolygon", "coordinates": [[[[-94.484149, 33.648434], [-94.357674, 33.560972], [-94.191534, 33.589009], [-94.047327, 33.554435], [-94.043301, 31.999232], [-93.845585, 31.792942], [-93.806902, 31.568799], [-93.557749, 31.180421], [-93.530591, 31.04619], [-93.579194, 30.823805], [-93.720215, 30.558265], [-93.750394, 30.344713], [-93.710629, 30.112813], [-93.946302, 29.815007], [-93.890464, 29.689356], [-94.099677, 29.670383], [-94.759609, 29.384255], [-94.526265, 29.547962], [-94.778291, 29.547863], [-94.724365, 29.655299], [-94.741938, 29.74999], [-94.832322, 29.752605], [-94.889913, 29.676953], [-95.022875, 29.70232], [-94.992827, 29.530934], [-94.888287, 29.370555], [-95.139044, 29.167835], [-95.152145, 29.079231], [-95.273506, 28.963863], [-95.853419, 28.640349], [-96.234535, 28.48899], [-96.011034, 28.631944], [-96.37344, 28.657037], [-96.448735, 28.594481], [-96.575704, 28.715715], [-96.64004, 28.708761], [-96.524645, 28.488704], [-96.42111, 28.457339], [-96.676339, 28.34129], [-96.773546, 28.421622], [-96.839508, 28.194403], [-96.8916, 28.157555], [-96.933276, 28.224275], [-97.156491, 28.14436], [-97.141275, 28.060765], [-97.034329, 28.093845], [-97.073088, 27.986091], [-97.171454, 27.879567], [-97.431517, 27.837215], [-97.288733, 27.670608], [-97.439109, 27.328285], [-97.523863, 27.313969], [-97.768446, 27.457495], [-97.692377, 27.287141], [-97.485103, 27.237406], [-97.475671, 27.117885], [-97.554712, 26.967351], [-97.435082, 26.485853], [-97.213933, 26.067867], [-97.140187, 26.029733], [-97.146235, 25.961464], [-97.281785, 25.941623], [-97.358162, 25.87052], [-97.801416, 26.042049], [-98.275031, 26.111197], [-99.107767, 26.446917], [-99.22993, 26.761928], [-99.456534, 27.05667], [-99.505319, 27.548341], [-99.754269, 27.729934], [-100.111945, 28.172957], [-100.296043, 28.327678], [-100.331727, 28.502547], [-100.754596, 29.182513], [-101.380344, 29.742552], [-101.546381, 29.808075], [-101.990899, 29.795704], [-102.343076, 29.864973], [-102.476247, 29.769084], [-102.614944, 29.752341], [-102.73419, 29.64395], [-102.865679, 29.258033], [-103.090009, 29.041866], [-103.257699, 29.001129], [-103.422933, 29.070683], [-103.989746, 29.323171], [-104.400623, 29.573747], [-104.622212, 29.854272], [-104.68133, 30.134358], [-104.917854, 30.583358], [-106.148065, 31.450926], [-106.436027, 31.764465], [-106.566358, 31.819529], [-106.668262, 32.000946], [-103.065642, 32.002748], [-103.042153, 36.500616], [-100.002444, 36.500902], [-99.999341, 34.586721], [-99.685615, 34.415829], [-99.404986, 34.392065], [-99.360387, 34.456094], [-99.252875, 34.388077], [-99.157508, 34.223282], [-98.608395, 34.161275], [-98.453674, 34.078131], [-98.355978, 34.141511], [-98.098635, 34.145027], [-98.069383, 34.040305], [-97.951072, 33.971212], [-97.92159, 33.878367], [-97.842422, 33.875785], [-97.640933, 33.991669], [-97.398492, 33.831323], [-97.194762, 33.890616], [-97.201013, 33.808164], [-97.145071, 33.737687], [-96.934051, 33.95348], [-96.746283, 33.854186], [-96.606345, 33.905635], [-96.59159, 33.849275], [-96.315048, 33.711122], [-95.941579, 33.882838], [-95.783914, 33.864502], [-95.594471, 33.945163], [-95.523494, 33.886562], [-95.373888, 33.874269], [-95.21586, 33.959039], [-94.709198, 33.699289], [-94.484149, 33.648434]]], [[[-94.767618, 29.339035], [-95.089666, 29.136305], [-94.825989, 29.341309], [-94.767618, 29.339035]]], [[[-96.413332, 28.337807], [-96.801116, 28.148414], [-96.755611, 28.202434], [-96.403565, 28.381577], [-96.413332, 28.337807]]], [[[-97.014355, 27.901628], [-96.978672, 28.013842], [-96.857416, 28.132912], [-96.839766, 28.088802], [-97.014355, 27.901628]]], [[[-97.060558, 27.822021], [-97.384825, 27.242525], [-97.29504, 27.523072], [-97.060558, 27.822021]]], [[[-97.351235, 26.801468], [-97.184501, 26.112933], [-97.402085, 26.820507], [-97.38599, 27.196503], [-97.351235, 26.801468]]]]}}, {"id": "93", "type": "Feature", "properties": {"admin": "United States of America", "name": "Utah", "postal": "UT"}, "geometry": {"type": "Polygon", "coordinates": [[[-109.04667, 37.000846], [-114.04027, 37.004153], [-114.042593, 42.001109], [-111.050296, 42.000878], [-111.049989, 41.000858], [-109.04639, 41.000858], [-109.04667, 37.000846]]]}}, {"id": "94", "type": "Feature", "properties": {"admin": "United States of America", "name": "Virginia", "postal": "VA"}, "geometry": {"type": "MultiPolygon", "coordinates": [[[[-77.480921, 39.112957], [-77.030361, 38.889253], [-77.045599, 38.775797], [-77.260393, 38.599994], [-77.313698, 38.396626], [-77.231916, 38.340035], [-77.046764, 38.35668], [-76.906336, 38.197048], [-76.549511, 38.094502], [-76.264284, 37.893551], [-76.344144, 37.675681], [-76.492481, 37.682218], [-76.939977, 38.095458], [-77.1111, 38.165682], [-76.549457, 37.669144], [-76.305571, 37.571509], [-76.367633, 37.530288], [-76.268569, 37.495154], [-76.263482, 37.357023], [-76.400987, 37.386147], [-76.393132, 37.299949], [-76.45393, 37.273538], [-76.757691, 37.505437], [-76.610903, 37.322581], [-76.326939, 37.14926], [-76.283302, 37.052679], [-76.400888, 36.991332], [-76.602301, 37.142844], [-76.630898, 37.221704], [-77.006971, 37.31767], [-77.25089, 37.329194], [-76.671855, 37.172947], [-76.633919, 37.047428], [-76.504632, 36.96102], [-76.487856, 36.897025], [-76.244256, 36.952627], [-75.999415, 36.912659], [-75.857428, 36.550582], [-83.667521, 36.60503], [-83.150218, 36.762333], [-82.894501, 36.906374], [-82.681586, 37.13812], [-81.965277, 37.539725], [-81.971396, 37.47306], [-81.87564, 37.329612], [-81.589017, 37.20807], [-81.350043, 37.333688], [-81.178118, 37.263331], [-80.915369, 37.311363], [-80.843485, 37.421721], [-80.719845, 37.401023], [-80.371183, 37.472599], [-80.245818, 37.620782], [-80.285303, 37.677054], [-80.245928, 37.751025], [-79.971731, 38.046151], [-79.639603, 38.572451], [-79.395871, 38.454392], [-79.240272, 38.476519], [-79.041189, 38.789673], [-78.868725, 38.817941], [-78.581477, 38.999017], [-78.435238, 39.160758], [-78.322221, 39.451852], [-77.835791, 39.145212], [-77.726642, 39.346438], [-77.53415, 39.265612], [-77.478856, 39.220864], [-77.480921, 39.112957]]], [[[-75.888156, 37.619156], [-75.620002, 37.999207], [-75.375963, 38.024991], [-75.59636, 37.631187], [-75.587109, 37.558721], [-75.812054, 37.425215], [-75.934376, 37.151897], [-75.997372, 37.263826], [-75.975047, 37.398441], [-75.888156, 37.619156]]], [[[-75.252476, 38.03745], [-75.225791, 38.040339], [-75.378545, 37.872051], [-75.252476, 38.03745]]]]}}, {"id": "95", "type": "Feature", "properties": {"admin": "United States of America", "name": "Vermont", "postal": "VT"}, "geometry": {"type": "Polygon", "coordinates": [[[-73.352182, 45.005419], [-71.51752, 45.007561], [-71.510225, 44.908344], [-71.62066, 44.771894], [-71.568442, 44.607637], [-71.609289, 44.514055], [-72.031208, 44.300734], [-72.114924, 43.965431], [-72.362369, 43.586645], [-72.473715, 43.038537], [-72.549807, 42.886684], [-72.46686, 42.730315], [-73.253327, 42.752222], [-73.2802, 42.813152], [-73.247098, 43.553048], [-73.330484, 43.62669], [-73.415925, 43.589644], [-73.374968, 43.804152], [-73.426131, 44.074855], [-73.320915, 44.268874], [-73.309753, 44.45964], [-73.372078, 44.597332], [-73.352182, 45.005419]]]}}, {"id": "96", "type": "Feature", "properties": {"admin": "United States of America", "name": "Washington", "postal": "WA"}, "geometry": {"type": "MultiPolygon", "coordinates": [[[[-122.788777, 48.993028], [-117.039054, 48.993083], [-117.038999, 46.396552], [-116.942962, 46.232108], [-116.896479, 46.002099], [-119.01968, 46.000341], [-120.351432, 45.725166], [-121.045241, 45.639044], [-121.662519, 45.718135], [-122.202535, 45.591067], [-122.649849, 45.627443], [-122.725913, 45.67375], [-122.843373, 45.978094], [-122.941997, 46.114862], [-123.042275, 46.160027], [-123.220589, 46.153622], [-123.464859, 46.271099], [-123.688365, 46.299861], [-124.07276, 46.279449], [-124.04436, 46.605061], [-123.946126, 46.432565], [-123.889151, 46.660015], [-124.0717, 46.744796], [-124.112547, 46.862669], [-123.842876, 46.963183], [-124.111695, 47.035187], [-124.139238, 46.954701], [-124.376021, 47.658639], [-124.663083, 47.974123], [-124.709978, 48.380375], [-123.975761, 48.168482], [-123.294433, 48.119549], [-123.161883, 48.154551], [-122.973885, 48.073296], [-122.778598, 48.137577], [-122.656644, 47.881134], [-122.778444, 47.738433], [-122.821384, 47.793156], [-123.050647, 47.551929], [-123.139043, 47.386101], [-123.10421, 47.348374], [-122.922156, 47.407646], [-123.066775, 47.399637], [-123.060133, 47.453645], [-122.98246, 47.559367], [-122.608145, 47.835475], [-122.585716, 47.927881], [-122.532801, 47.919707], [-122.523913, 47.769338], [-122.630183, 47.692796], [-122.613621, 47.615617], [-122.67548, 47.612343], [-122.557448, 47.463203], [-122.577888, 47.29319], [-122.707697, 47.316393], [-122.767798, 47.218362], [-122.828465, 47.336597], [-122.919519, 47.289674], [-123.027575, 47.138909], [-122.701935, 47.110872], [-122.60414, 47.167023], [-122.542177, 47.275568], [-122.353817, 47.371578], [-122.401827, 47.784268], [-122.242014, 48.010762], [-122.415802, 48.183929], [-122.394774, 48.084151], [-122.517013, 48.159649], [-122.52032, 48.229093], [-122.408545, 48.293902], [-122.668993, 48.465256], [-122.496754, 48.505542], [-122.512723, 48.669436], [-122.562024, 48.777981], [-122.685944, 48.794285], [-122.788777, 48.993028]]], [[[-123.086435, 48.993028], [-123.049202, 48.993028], [-123.063259, 48.977735], [-123.086435, 48.993028]]], [[[-122.782141, 48.672688], [-122.837611, 48.626546], [-122.903034, 48.664679], [-122.892542, 48.594499], [-123.002851, 48.652199], [-122.897711, 48.710361], [-122.782141, 48.672688]]], [[[-123.114186, 48.613263], [-122.98675, 48.468002], [-123.139922, 48.507948], [-123.162141, 48.606386], [-123.114186, 48.613263]]], [[[-122.820923, 48.431363], [-122.921612, 48.456939], [-122.912235, 48.537963], [-122.868905, 48.548609], [-122.820923, 48.431363]]], [[[-122.572769, 48.15665], [-122.523836, 48.02544], [-122.502852, 48.080064], [-122.366737, 47.985439], [-122.383145, 47.923201], [-122.557525, 47.99247], [-122.622663, 48.151431], [-122.741519, 48.22527], [-122.628634, 48.384231], [-122.542436, 48.294001], [-122.697002, 48.228687], [-122.572769, 48.15665]]], [[[-122.497271, 47.594589], [-122.575922, 47.619473], [-122.549774, 47.703958], [-122.507867, 47.682644], [-122.497271, 47.594589]]], [[[-122.394126, 47.395242], [-122.509932, 47.357987], [-122.486471, 47.48878], [-122.468591, 47.489966], [-122.394126, 47.395242]]], [[[-122.84919, 47.216297], [-122.907973, 47.226108], [-122.885105, 47.274711], [-122.84919, 47.216297]]]]}}, {"id": "97", "type": "Feature", "properties": {"admin": "United States of America", "name": "Wisconsin", "postal": "WI"}, "geometry": {"type": "Polygon", "coordinates": [[[-90.650585, 42.512984], [-90.687873, 42.610322], [-91.069582, 42.788554], [-91.117592, 42.881652], [-91.161328, 43.102334], [-91.106968, 43.278028], [-91.238277, 43.440241], [-91.319916, 43.936284], [-91.840976, 44.194156], [-92.055121, 44.39982], [-92.643538, 44.645342], [-92.799214, 44.790032], [-92.76614, 45.236461], [-92.682605, 45.433095], [-92.757461, 45.543244], [-92.892488, 45.594759], [-92.89652, 45.658578], [-92.693949, 45.909012], [-92.292629, 46.084375], [-92.291646, 46.660718], [-92.125346, 46.763012], [-91.964923, 46.729778], [-91.468363, 46.925093], [-90.654024, 47.309098], [-89.957677, 47.287137], [-90.412588, 46.585275], [-90.23038, 46.509766], [-90.11855, 46.341664], [-89.119289, 46.149195], [-88.837335, 46.036618], [-88.151745, 45.945409], [-88.096483, 45.878415], [-88.116116, 45.815804], [-87.809081, 45.686044], [-87.794557, 45.596033], [-87.874911, 45.385392], [-87.664226, 45.371286], [-87.720916, 45.242768], [-87.653613, 45.121797], [-87.45954, 45.067997], [-87.419802, 45.183859], [-87.244384, 45.289789], [-87.115272, 45.452365], [-86.77429, 45.452365], [-86.264524, 45.226903], [-86.535952, 45.041487], [-86.7147, 44.846205], [-87.03249, 44.091466], [-87.141727, 43.657803], [-87.15501, 43.326763], [-87.039126, 42.492802], [-90.650585, 42.512984]]]}}, {"id": "98", "type": "Feature", "properties": {"admin": "United States of America", "name": "West Virginia", "postal": "WV"}, "geometry": {"type": "Polygon", "coordinates": [[[-81.965277, 37.539725], [-82.103463, 37.570575], [-82.280244, 37.687184], [-82.588773, 38.099742], [-82.612778, 38.448218], [-82.497543, 38.414973], [-82.318147, 38.479672], [-82.180071, 38.637589], [-82.203527, 38.768228], [-82.072273, 38.962949], [-82.001092, 39.011102], [-81.896678, 38.893549], [-81.780124, 38.946975], [-81.802602, 39.086062], [-81.657209, 39.271973], [-81.439647, 39.392559], [-81.262504, 39.386538], [-80.874313, 39.664294], [-80.601819, 40.363893], [-80.637524, 40.603263], [-80.519081, 40.646956], [-80.519443, 39.722511], [-79.4775, 39.722797], [-79.487981, 39.210911], [-79.075345, 39.475989], [-78.971481, 39.453643], [-78.77777, 39.626622], [-78.677673, 39.54952], [-78.495542, 39.533348], [-78.406761, 39.627864], [-78.097782, 39.677885], [-77.855423, 39.599706], [-77.779585, 39.488337], [-77.726642, 39.346438], [-77.835791, 39.145212], [-78.322221, 39.451852], [-78.435238, 39.160758], [-78.581477, 38.999017], [-78.868725, 38.817941], [-79.041189, 38.789673], [-79.240272, 38.476519], [-79.395871, 38.454392], [-79.639603, 38.572451], [-79.971731, 38.046151], [-80.245928, 37.751025], [-80.285303, 37.677054], [-80.245818, 37.620782], [-80.371183, 37.472599], [-80.719845, 37.401023], [-80.843485, 37.421721], [-80.915369, 37.311363], [-81.178118, 37.263331], [-81.350043, 37.333688], [-81.589017, 37.20807], [-81.87564, 37.329612], [-81.971396, 37.47306], [-81.965277, 37.539725]]]}}, {"id": "99", "type": "Feature", "properties": {"admin": "United States of America", "name": "Wyoming", "postal": "WY"}, "geometry": {"type": "Polygon", "coordinates": [[[-104.021655, 41.000858], [-111.049989, 41.000858], [-111.050862, 45.001057], [-104.037212, 45.001134], [-104.021655, 41.000858]]]}}]}