Entity,Code,Year,Gas
Afghanistan,AFG,1980,0.61369085
Afghanistan,AFG,1981,0.9205362
Afghanistan,AFG,1982,1.534227
Afghanistan,AFG,1983,1.534227
Afghanistan,AFG,1984,1.534227
Afghanistan,AFG,1985,0
Afghanistan,AFG,1986,0
Afghanistan,AFG,1987,6.7505994
Afghanistan,AFG,1988,21.479177
Afghanistan,AFG,1989,20.865488
Afghanistan,AFG,1990,20.559134
Afghanistan,AFG,1991,3.3752997
Afghanistan,AFG,1992,3.2508736
Afghanistan,AFG,1993,3.2508736
Afghanistan,AFG,1994,3.249493
Afghanistan,AFG,1995,2.1663287
Afghanistan,AFG,1996,2.4923365
Afghanistan,AFG,1997,2.4923365
Afghanistan,AFG,1998,2.4923365
Afghanistan,AFG,1999,2.4923365
Afghanistan,AFG,2000,2.4923365
Afghanistan,AFG,2001,0.5418123
Afghanistan,AFG,2002,0.5418123
Afghanistan,AFG,2003,0.2167249
Afghanistan,AFG,2004,0.2167249
Afghanistan,AFG,2005,0.2167249
Afghanistan,AFG,2006,0.2167249
Afghanistan,AFG,2007,0.4334498
Afghanistan,AFG,2008,0.5418123
Afghanistan,AFG,2009,0.32508737
Afghanistan,AFG,2010,1.5376502
Afghanistan,AFG,2011,1.7489551
Afghanistan,AFG,2012,1.7370354
Afghanistan,AFG,2013,1.6741858
Afghanistan,AFG,2014,1.5376502
Afghanistan,AFG,2015,1.5842457
Afghanistan,AFG,2016,1.7912163
Afghanistan,AFG,2017,1.7912163
Afghanistan,AFG,2018,1.7579392
Afghanistan,AFG,2019,1.4768066
Afghanistan,AFG,2020,0.9202789
Africa,OWID_AFR,1965,9.57193
Africa,OWID_AFR,1966,10.6980915
Africa,OWID_AFR,1967,10.573844
Africa,OWID_AFR,1968,10.717145
Africa,OWID_AFR,1969,12.520175
Africa,OWID_AFR,1970,15.548501
Africa,OWID_AFR,1971,18.405264
Africa,OWID_AFR,1972,24.670658
Africa,OWID_AFR,1973,39.551792
Africa,OWID_AFR,1974,44.518486
Africa,OWID_AFR,1975,53.63838
Africa,OWID_AFR,1976,60.98139
Africa,OWID_AFR,1977,68.23419
Africa,OWID_AFR,1978,97.369896
Africa,OWID_AFR,1979,148.84282
Africa,OWID_AFR,1980,186.91397
Africa,OWID_AFR,1981,228.49115
Africa,OWID_AFR,1982,246.73354
Africa,OWID_AFR,1983,271.27536
Africa,OWID_AFR,1984,259.9028
Africa,OWID_AFR,1985,278.84274
Africa,OWID_AFR,1986,313.27118
Africa,OWID_AFR,1987,323.38437
Africa,OWID_AFR,1988,358.44455
Africa,OWID_AFR,1989,371.47104
Africa,OWID_AFR,1990,398.6454
Africa,OWID_AFR,1991,401.6356
Africa,OWID_AFR,1992,421.27026
Africa,OWID_AFR,1993,412.64398
Africa,OWID_AFR,1994,431.82797
Africa,OWID_AFR,1995,461.2435
Africa,OWID_AFR,1996,484.19174
Africa,OWID_AFR,1997,474.47556
Africa,OWID_AFR,1998,499.337
Africa,OWID_AFR,1999,504.01962
Africa,OWID_AFR,2000,556.8223
Africa,OWID_AFR,2001,634.63617
Africa,OWID_AFR,2002,670.63605
Africa,OWID_AFR,2003,711.5361
Africa,OWID_AFR,2004,830.44904
Africa,OWID_AFR,2005,808.0279
Africa,OWID_AFR,2006,843.7478
Africa,OWID_AFR,2007,900.4146
Africa,OWID_AFR,2008,956.9722
Africa,OWID_AFR,2009,941.2384
Africa,OWID_AFR,2010,982.1488
Africa,OWID_AFR,2011,1061.7605
Africa,OWID_AFR,2012,1147.5953
Africa,OWID_AFR,2013,1164.4252
Africa,OWID_AFR,2014,1202.5322
Africa,OWID_AFR,2015,1302.7836
Africa,OWID_AFR,2016,1325.0897
Africa,OWID_AFR,2017,1408.0322
Africa,OWID_AFR,2018,1502.1891
Africa,OWID_AFR,2019,1535.1434
Africa,OWID_AFR,2020,1536.7933
Africa,OWID_AFR,2021,1738.887
Africa,OWID_AFR,2022,1742.4274
Africa,OWID_AFR,2023,1731.9493
Africa,OWID_AFR,2024,1782.8445
Africa,OWID_AFR,2025,1842.3658
Africa (EI),,1965,9.57193
Africa (EI),,1966,10.6980915
Africa (EI),,1967,10.573844
Africa (EI),,1968,10.717145
Africa (EI),,1969,12.520175
Africa (EI),,1970,15.548501
Africa (EI),,1971,18.405264
Africa (EI),,1972,24.670658
Africa (EI),,1973,39.551792
Africa (EI),,1974,44.518486
Africa (EI),,1975,53.63838
Africa (EI),,1976,60.98139
Africa (EI),,1977,68.23419
Africa (EI),,1978,97.369896
Africa (EI),,1979,148.84282
Africa (EI),,1980,186.91397
Africa (EI),,1981,228.49115
Africa (EI),,1982,246.73354
Africa (EI),,1983,271.27536
Africa (EI),,1984,259.9028
Africa (EI),,1985,278.84274
Africa (EI),,1986,313.27118
Africa (EI),,1987,323.38437
Africa (EI),,1988,358.44455
Africa (EI),,1989,371.47104
Africa (EI),,1990,398.6454
Africa (EI),,1991,401.6356
Africa (EI),,1992,421.27026
Africa (EI),,1993,412.64398
Africa (EI),,1994,431.82797
Africa (EI),,1995,461.2435
Africa (EI),,1996,484.19174
Africa (EI),,1997,474.47556
Africa (EI),,1998,499.337
Africa (EI),,1999,504.01962
Africa (EI),,2000,556.8223
Africa (EI),,2001,634.63617
Africa (EI),,2002,670.63605
Africa (EI),,2003,711.5361
Africa (EI),,2004,830.44904
Africa (EI),,2005,808.0279
Africa (EI),,2006,843.7478
Africa (EI),,2007,900.4146
Africa (EI),,2008,956.9722
Africa (EI),,2009,941.2384
Africa (EI),,2010,982.1488
Africa (EI),,2011,1061.7605
Africa (EI),,2012,1147.5953
Africa (EI),,2013,1164.4252
Africa (EI),,2014,1202.5322
Africa (EI),,2015,1302.7836
Africa (EI),,2016,1325.0897
Africa (EI),,2017,1408.0322
Africa (EI),,2018,1502.1891
Africa (EI),,2019,1535.1434
Africa (EI),,2020,1536.7933
Africa (EI),,2021,1738.887
Africa (EI),,2022,1742.4274
Africa (EI),,2023,1731.9493
Africa (EI),,2024,1782.8445
Africa (EI),,2025,1842.3658
Albania,ALB,1980,3.068454
Albania,ALB,1981,3.3752997
Albania,ALB,1982,3.068454
Albania,ALB,1983,3.3752997
Albania,ALB,1984,3.3752997
Albania,ALB,1985,3.068454
Albania,ALB,1986,4.295836
Albania,ALB,1987,4.909527
Albania,ALB,1988,7.6711354
Albania,ALB,1989,7.6711354
Albania,ALB,1990,2.7622397
Albania,ALB,1991,1.529831
Albania,ALB,1992,1.1020902
Albania,ALB,1993,0.32401818
Albania,ALB,1994,0.32432416
Albania,ALB,1995,0.32432416
Albania,ALB,1996,0.3241559
Albania,ALB,1997,0.21610393
Albania,ALB,1998,0.3241559
Albania,ALB,1999,0.21610393
Albania,ALB,2000,0.3241559
Albania,ALB,2001,0.3241559
Albania,ALB,2002,0.3241559
Albania,ALB,2003,0.3241559
Albania,ALB,2004,0.3241559
Albania,ALB,2005,0.3241559
Albania,ALB,2006,0.3241559
Albania,ALB,2007,0.10680998
Albania,ALB,2008,0.31204662
Albania,ALB,2009,0.31204662
Albania,ALB,2010,0.10267006
Albania,ALB,2011,0.10267006
Albania,ALB,2012,0.1745391
Albania,ALB,2013,0.19507313
Albania,ALB,2014,0.3285442
Albania,ALB,2015,0.35934523
Albania,ALB,2016,0.46201137
Albania,ALB,2017,0.51334596
Albania,ALB,2018,0.4406846
Albania,ALB,2019,0.80008805
Albania,ALB,2020,0.57513076
Albania,ALB,2021,0.60832506
Albania,ALB,2022,0.5240812
Albania,ALB,2023,0.51555365
Albania,ALB,2024,0.55950975
Algeria,DZA,1965,7.4305
Algeria,DZA,1966,7.71925
Algeria,DZA,1967,7.48825
Algeria,DZA,1968,7.87325
Algeria,DZA,1969,10.351687
Algeria,DZA,1970,9.730875
Algeria,DZA,1971,11.0494995
Algeria,DZA,1972,12.830126
Algeria,DZA,1973,17.859186
Algeria,DZA,1974,20.6745
Algeria,DZA,1975,28.49
Algeria,DZA,1976,33.6875
Algeria,DZA,1977,35.901253
Algeria,DZA,1978,57.65375
Algeria,DZA,1979,81.52375
Algeria,DZA,1980,109.43625
Algeria,DZA,1981,142.25749
Algeria,DZA,1982,161.41125
Algeria,DZA,1983,176.71501
Algeria,DZA,1984,155.25125
Algeria,DZA,1985,153.8075
Algeria,DZA,1986,168.4375
Algeria,DZA,1987,172.2875
Algeria,DZA,1988,194.13625
Algeria,DZA,1989,182.68251
Algeria,DZA,1990,195.09875
Algeria,DZA,1991,192.69249
Algeria,DZA,1992,198.94875
Algeria,DZA,1993,178.54375
Algeria,DZA,1994,188.16875
Algeria,DZA,1995,202.22125
Algeria,DZA,1996,207.7075
Algeria,DZA,1997,194.04001
Algeria,DZA,1998,200.68126
Algeria,DZA,1999,205.10875
Algeria,DZA,2000,191.01294
Algeria,DZA,2001,197.32211
Algeria,DZA,2002,194.83888
Algeria,DZA,2003,205.93169
Algeria,DZA,2004,211.89919
Algeria,DZA,2005,223.55988
Algeria,DZA,2006,228.4975
Algeria,DZA,2007,233.80682
Algeria,DZA,2008,244.04189
Algeria,DZA,2009,262.1176
Algeria,DZA,2010,253.27226
Algeria,DZA,2011,267.9696
Algeria,DZA,2012,298.74075
Algeria,DZA,2013,321.21512
Algeria,DZA,2014,360.91824
Algeria,DZA,2015,379.225
Algeria,DZA,2016,385.9625
Algeria,DZA,2017,394.625
Algeria,DZA,2018,434.08752
Algeria,DZA,2019,450.54623
Algeria,DZA,2020,433.50037
Algeria,DZA,2021,481.52914
Algeria,DZA,2022,503.38748
Algeria,DZA,2023,511.37625
Algeria,DZA,2024,527.54626
Algeria,DZA,2025,540.3475
American Samoa,ASM,1980,0
American Samoa,ASM,1981,0
American Samoa,ASM,1982,0
American Samoa,ASM,1983,0
American Samoa,ASM,1984,0
American Samoa,ASM,1985,0
American Samoa,ASM,1986,0
American Samoa,ASM,1987,0
American Samoa,ASM,1988,0
American Samoa,ASM,1989,0
American Samoa,ASM,1990,0
American Samoa,ASM,1991,0
American Samoa,ASM,1992,0
American Samoa,ASM,1993,0
American Samoa,ASM,1994,0
American Samoa,ASM,1995,0
American Samoa,ASM,1996,0
American Samoa,ASM,1997,0
American Samoa,ASM,1998,0
American Samoa,ASM,1999,0
American Samoa,ASM,2000,0
American Samoa,ASM,2001,0
American Samoa,ASM,2002,0
American Samoa,ASM,2003,0
American Samoa,ASM,2004,0
American Samoa,ASM,2005,0
American Samoa,ASM,2006,0
American Samoa,ASM,2007,0
American Samoa,ASM,2008,0
American Samoa,ASM,2009,0
American Samoa,ASM,2010,0
American Samoa,ASM,2011,0
American Samoa,ASM,2012,0
American Samoa,ASM,2013,0
American Samoa,ASM,2014,0
American Samoa,ASM,2015,0
American Samoa,ASM,2016,0
American Samoa,ASM,2017,0
American Samoa,ASM,2018,0
American Samoa,ASM,2019,0
American Samoa,ASM,2020,0
American Samoa,ASM,2021,0
American Samoa,ASM,2022,0
American Samoa,ASM,2023,0
American Samoa,ASM,2024,0
Angola,AGO,1980,2.8229778
Angola,AGO,1981,2.7002397
Angola,AGO,1982,3.068454
Angola,AGO,1983,3.6821449
Angola,AGO,1984,3.6821449
Angola,AGO,1985,3.9889903
Angola,AGO,1986,4.295836
Angola,AGO,1987,4.909527
Angola,AGO,1988,5.523217
Angola,AGO,1989,4.602681
Angola,AGO,1990,5.829791
Angola,AGO,1991,6.136908
Angola,AGO,1992,6.1766596
Angola,AGO,1993,6.0682974
Angola,AGO,1994,5.633682
Angola,AGO,1995,6.0682974
Angola,AGO,1996,6.0682974
Angola,AGO,1997,6.1766596
Angola,AGO,1998,6.2850223
Angola,AGO,1999,6.0682974
Angola,AGO,2000,6.1766596
Angola,AGO,2001,5.7432103
Angola,AGO,2002,6.718472
Angola,AGO,2003,7.0435596
Angola,AGO,2004,8.127184
Angola,AGO,2005,7.0435596
Angola,AGO,2006,7.368647
Angola,AGO,2007,8.994084
Angola,AGO,2008,7.368647
Angola,AGO,2009,7.4770093
Angola,AGO,2010,7.9538045
Angola,AGO,2011,8.148856
Angola,AGO,2012,8.235547
Angola,AGO,2013,4.4211884
Angola,AGO,2014,2.5031726
Angola,AGO,2015,8.376418
Angola,AGO,2016,8.701503
Angola,AGO,2017,8.809864
Angola,AGO,2018,12.510247
Angola,AGO,2019,14.020103
Angola,AGO,2020,13.328469
Angola,AGO,2021,12.895023
Angola,AGO,2022,12.895023
Angola,AGO,2023,12.895023
Angola,AGO,2024,13.151005
Antarctica,ATA,1980,0
Antarctica,ATA,1981,0
Antarctica,ATA,1982,0
Antarctica,ATA,1983,0
Antarctica,ATA,1984,0
Antarctica,ATA,1985,0
Antarctica,ATA,1986,0
Antarctica,ATA,1987,0
Antarctica,ATA,1988,0
Antarctica,ATA,1989,0
Antarctica,ATA,1990,0
Antarctica,ATA,1991,0
Antarctica,ATA,1992,0
Antarctica,ATA,1993,0
Antarctica,ATA,1994,0
Antarctica,ATA,1995,0
Antarctica,ATA,1996,0
Antarctica,ATA,1997,0
Antarctica,ATA,1998,0
Antarctica,ATA,1999,0
Antarctica,ATA,2000,0
Antarctica,ATA,2001,0
Antarctica,ATA,2002,0
Antarctica,ATA,2003,0
Antarctica,ATA,2004,0
Antarctica,ATA,2005,0
Antarctica,ATA,2006,0
Antarctica,ATA,2007,0
Antarctica,ATA,2008,0
Antarctica,ATA,2009,0
Antarctica,ATA,2010,0
Antarctica,ATA,2011,0
Antarctica,ATA,2012,0
Antarctica,ATA,2013,0
Antarctica,ATA,2014,0
Antarctica,ATA,2015,0
Antarctica,ATA,2016,0
Antarctica,ATA,2017,0
Antarctica,ATA,2018,0
Antarctica,ATA,2019,0
Antarctica,ATA,2020,0
Antarctica,ATA,2021,0
Antarctica,ATA,2022,0
Antarctica,ATA,2023,0
Antarctica,ATA,2024,0
Antigua and Barbuda,ATG,1980,0
Antigua and Barbuda,ATG,1981,0
Antigua and Barbuda,ATG,1982,0
Antigua and Barbuda,ATG,1983,0
Antigua and Barbuda,ATG,1984,0
Antigua and Barbuda,ATG,1985,0
Antigua and Barbuda,ATG,1986,0
Antigua and Barbuda,ATG,1987,0
Antigua and Barbuda,ATG,1988,0
Antigua and Barbuda,ATG,1989,0
Antigua and Barbuda,ATG,1990,0
Antigua and Barbuda,ATG,1991,0
Antigua and Barbuda,ATG,1992,0
Antigua and Barbuda,ATG,1993,0
Antigua and Barbuda,ATG,1994,0
Antigua and Barbuda,ATG,1995,0
Antigua and Barbuda,ATG,1996,0
Antigua and Barbuda,ATG,1997,0
Antigua and Barbuda,ATG,1998,0
Antigua and Barbuda,ATG,1999,0
Antigua and Barbuda,ATG,2000,0
Antigua and Barbuda,ATG,2001,0
Antigua and Barbuda,ATG,2002,0
Antigua and Barbuda,ATG,2003,0
Antigua and Barbuda,ATG,2004,0
Antigua and Barbuda,ATG,2005,0
Antigua and Barbuda,ATG,2006,0
Antigua and Barbuda,ATG,2007,0
Antigua and Barbuda,ATG,2008,0
Antigua and Barbuda,ATG,2009,0
Antigua and Barbuda,ATG,2010,0
Antigua and Barbuda,ATG,2011,0
Antigua and Barbuda,ATG,2012,0
Antigua and Barbuda,ATG,2013,0
Antigua and Barbuda,ATG,2014,0
Antigua and Barbuda,ATG,2015,0
Antigua and Barbuda,ATG,2016,0
Antigua and Barbuda,ATG,2017,0
Antigua and Barbuda,ATG,2018,0
Antigua and Barbuda,ATG,2019,0
Antigua and Barbuda,ATG,2020,0
Antigua and Barbuda,ATG,2021,0
Antigua and Barbuda,ATG,2022,0
Antigua and Barbuda,ATG,2023,0
Antigua and Barbuda,ATG,2024,0
Argentina,ARG,1965,41.234
Argentina,ARG,1966,44.6572
Argentina,ARG,1967,46.699448
Argentina,ARG,1968,51.999577
Argentina,ARG,1969,51.805077
Argentina,ARG,1970,58.544502
Argentina,ARG,1971,63.202774
Argentina,ARG,1972,70.92443
Argentina,ARG,1973,80.70778
Argentina,ARG,1974,85.4244
Argentina,ARG,1975,87.525
Argentina,ARG,1976,98.51425
Argentina,ARG,1977,102.890495
Argentina,ARG,1978,100.070244
Argentina,ARG,1979,102.890495
Argentina,ARG,1980,112.12925
Argentina,ARG,1981,117.18625
Argentina,ARG,1982,133.13525
Argentina,ARG,1983,143.152
Argentina,ARG,1984,152.39075
Argentina,ARG,1985,155.69725
Argentina,ARG,1986,168.24251
Argentina,ARG,1987,168.33974
Argentina,ARG,1988,196.6395
Argentina,ARG,1989,206.559
Argentina,ARG,1990,197.32025
Argentina,ARG,1991,200.9185
Argentina,ARG,1992,217.2565
Argentina,ARG,1993,229.41275
Argentina,ARG,1994,235.83125
Argentina,ARG,1995,262.47775
Argentina,ARG,1996,301.18326
Argentina,ARG,1997,277.55148
Argentina,ARG,1998,296.70975
Argentina,ARG,1999,314.701
Argentina,ARG,2000,322.96722
Argentina,ARG,2001,302.35025
Argentina,ARG,2002,294.37576
Argentina,ARG,2003,336.2905
Argentina,ARG,2004,368.09128
Argentina,ARG,2005,392.89
Argentina,ARG,2006,406.505
Argentina,ARG,2007,427.12198
Argentina,ARG,2008,431.88724
Argentina,ARG,2009,418.3556
Argentina,ARG,2010,420.87415
Argentina,ARG,2011,438.3979
Argentina,ARG,2012,456.6421
Argentina,ARG,2013,460.27692
Argentina,ARG,2014,461.5498
Argentina,ARG,2015,466.5257
Argentina,ARG,2016,482.10013
Argentina,ARG,2017,483.00027
Argentina,ARG,2018,487.0214
Argentina,ARG,2019,465.58917
Argentina,ARG,2020,439.31247
Argentina,ARG,2021,459.3407
Argentina,ARG,2022,458.53778
Argentina,ARG,2023,449.4753
Argentina,ARG,2024,445.04254
Argentina,ARG,2025,436.2877
Armenia,ARM,1992,20.155416
Armenia,ARM,1993,15.170437
Armenia,ARM,1994,17.336765
Armenia,ARM,1995,17.336765
Armenia,ARM,1996,19.506163
Armenia,ARM,1997,14.087119
Armenia,ARM,1998,15.170744
Armenia,ARM,1999,13.978757
Armenia,ARM,2000,15.279107
Armenia,ARM,2001,15.170744
Armenia,ARM,2002,11.811508
Armenia,ARM,2003,14.303844
Armenia,ARM,2004,14.412207
Armenia,ARM,2005,18.421618
Armenia,ARM,2006,18.421618
Armenia,ARM,2007,22.257648
Armenia,ARM,2008,20.913954
Armenia,ARM,2009,16.79618
Armenia,ARM,2010,19.721966
Armenia,ARM,2011,22.431028
Armenia,ARM,2012,26.548801
Armenia,ARM,2013,26.115353
Armenia,ARM,2014,27.090614
Armenia,ARM,2015,22.214302
Armenia,ARM,2016,24.012917
Armenia,ARM,2017,25.508305
Armenia,ARM,2018,26.89759
Armenia,ARM,2019,27.068745
Armenia,ARM,2020,27.571493
Armenia,ARM,2021,29.447071
Armenia,ARM,2022,29.787207
Armenia,ARM,2023,28.773684
Armenia,ARM,2024,28.845928
Aruba,ABW,1986,0
Aruba,ABW,1987,0
Aruba,ABW,1988,0
Aruba,ABW,1989,0
Aruba,ABW,1990,0
Aruba,ABW,1991,0
Aruba,ABW,1992,0
Aruba,ABW,1993,0
Aruba,ABW,1994,0
Aruba,ABW,1995,0
Aruba,ABW,1996,0
Aruba,ABW,1997,0
Aruba,ABW,1998,0
Aruba,ABW,1999,0
Aruba,ABW,2000,0
Aruba,ABW,2001,0
Aruba,ABW,2002,0
Aruba,ABW,2003,0
Aruba,ABW,2004,0
Aruba,ABW,2005,0
Aruba,ABW,2006,0
Aruba,ABW,2007,0
Aruba,ABW,2008,0
Aruba,ABW,2009,0
Aruba,ABW,2010,0
Aruba,ABW,2011,0
Aruba,ABW,2012,0
Aruba,ABW,2013,0
Aruba,ABW,2014,0
Aruba,ABW,2015,0
Aruba,ABW,2016,0
Aruba,ABW,2017,0
Aruba,ABW,2018,0
Aruba,ABW,2019,0
Aruba,ABW,2020,0
Aruba,ABW,2021,0
Aruba,ABW,2022,0
Aruba,ABW,2023,0
Aruba,ABW,2024,0
Asia,OWID_ASI,1965,94.06829
Asia,OWID_ASI,1966,108.518105
Asia,OWID_ASI,1967,126.20213
Asia,OWID_ASI,1968,148.6373
Asia,OWID_ASI,1969,183.46782
Asia,OWID_ASI,1970,218.32819
Asia,OWID_ASI,1971,249.00731
Asia,OWID_ASI,1972,276.8038
Asia,OWID_ASI,1973,338.35263
Asia,OWID_ASI,1974,400.50275
Asia,OWID_ASI,1975,459.15326
Asia,OWID_ASI,1976,511.22635
Asia,OWID_ASI,1977,619.9248
Asia,OWID_ASI,1978,733.8824
Asia,OWID_ASI,1979,894.37683
Asia,OWID_ASI,1980,932.26636
Asia,OWID_ASI,1981,957.2912
Asia,OWID_ASI,1982,1022.44794
Asia,OWID_ASI,1983,1100.335
Asia,OWID_ASI,1984,1352.9961
Asia,OWID_ASI,1985,2157.7676
Asia,OWID_ASI,1986,2427.471
Asia,OWID_ASI,1987,2586.5627
Asia,OWID_ASI,1988,2777.177
Asia,OWID_ASI,1989,3012.6265
Asia,OWID_ASI,1990,3132.3713
Asia,OWID_ASI,1991,3316.2598
Asia,OWID_ASI,1992,3529.3784
Asia,OWID_ASI,1993,3513.7244
Asia,OWID_ASI,1994,3796.9954
Asia,OWID_ASI,1995,4033.9558
Asia,OWID_ASI,1996,4316.742
Asia,OWID_ASI,1997,4538.376
Asia,OWID_ASI,1998,4738.891
Asia,OWID_ASI,1999,5115.054
Asia,OWID_ASI,2000,5395.2324
Asia,OWID_ASI,2001,5743.8105
Asia,OWID_ASI,2002,6092.3145
Asia,OWID_ASI,2003,6502.336
Asia,OWID_ASI,2004,7002.083
Asia,OWID_ASI,2005,7522.3813
Asia,OWID_ASI,2006,7995.1997
Asia,OWID_ASI,2007,8629.305
Asia,OWID_ASI,2008,9205.316
Asia,OWID_ASI,2009,9459.922
Asia,OWID_ASI,2010,10398.134
Asia,OWID_ASI,2011,11160.919
Asia,OWID_ASI,2012,11767.233
Asia,OWID_ASI,2013,12016.79
Asia,OWID_ASI,2014,12485.377
Asia,OWID_ASI,2015,12939.951
Asia,OWID_ASI,2016,13332.666
Asia,OWID_ASI,2017,13992.768
Asia,OWID_ASI,2018,14599.817
Asia,OWID_ASI,2019,14977.449
Asia,OWID_ASI,2020,15365.655
Asia,OWID_ASI,2021,16225.309
Asia,OWID_ASI,2022,16108.316
Asia,OWID_ASI,2023,16347.941
Asia,OWID_ASI,2024,17048.36
Asia,OWID_ASI,2025,17298.965
Asia Pacific (EI),,1965,56.231964
Asia Pacific (EI),,1966,62.389256
Asia Pacific (EI),,1967,71.39151
Asia Pacific (EI),,1968,77.81804
Asia Pacific (EI),,1969,102.600426
Asia Pacific (EI),,1970,142.32474
Asia Pacific (EI),,1971,170.55856
Asia Pacific (EI),,1972,196.7801
Asia Pacific (EI),,1973,243.52914
Asia Pacific (EI),,1974,305.92618
Asia Pacific (EI),,1975,349.8788
Asia Pacific (EI),,1976,405.07993
Asia Pacific (EI),,1977,498.98422
Asia Pacific (EI),,1978,598.111
Asia Pacific (EI),,1979,683.7042
Asia Pacific (EI),,1980,734.8081
Asia Pacific (EI),,1981,744.74677
Asia Pacific (EI),,1982,774.82764
Asia Pacific (EI),,1983,855.59
Asia Pacific (EI),,1984,1000.8642
Asia Pacific (EI),,1985,1087.6093
Asia Pacific (EI),,1986,1187.1945
Asia Pacific (EI),,1987,1260.1792
Asia Pacific (EI),,1988,1343.4464
Asia Pacific (EI),,1989,1427.1721
Asia Pacific (EI),,1990,1517.3734
Asia Pacific (EI),,1991,1664.5177
Asia Pacific (EI),,1992,1777.8475
Asia Pacific (EI),,1993,1862.8564
Asia Pacific (EI),,1994,2028.1571
Asia Pacific (EI),,1995,2124.306
Asia Pacific (EI),,1996,2319.488
Asia Pacific (EI),,1997,2506.7385
Asia Pacific (EI),,1998,2563.8525
Asia Pacific (EI),,1999,2768.8027
Asia Pacific (EI),,2000,2983.047
Asia Pacific (EI),,2001,3165.5244
Asia Pacific (EI),,2002,3308.5583
Asia Pacific (EI),,2003,3588.7573
Asia Pacific (EI),,2004,3802.0916
Asia Pacific (EI),,2005,4080.5684
Asia Pacific (EI),,2006,4400.481
Asia Pacific (EI),,2007,4732.49
Asia Pacific (EI),,2008,5035.8857
Asia Pacific (EI),,2009,5153.8296
Asia Pacific (EI),,2010,5752.149
Asia Pacific (EI),,2011,6204.247
Asia Pacific (EI),,2012,6661.692
Asia Pacific (EI),,2013,6855.9688
Asia Pacific (EI),,2014,7064.596
Asia Pacific (EI),,2015,7177.43
Asia Pacific (EI),,2016,7328.686
Asia Pacific (EI),,2017,7794.1665
Asia Pacific (EI),,2018,8294.289
Asia Pacific (EI),,2019,8572.551
Asia Pacific (EI),,2020,8710.944
Asia Pacific (EI),,2021,9332.749
Asia Pacific (EI),,2022,9148.418
Asia Pacific (EI),,2023,9264.377
Asia Pacific (EI),,2024,9756.716
Asia Pacific (EI),,2025,9761.357
Australia,AUS,1965,0.029475
Australia,AUS,1966,0.039300002
Australia,AUS,1967,0.039300002
Australia,AUS,1968,0.30457503
Australia,AUS,1969,4.1265
Australia,AUS,1970,17.303974
Australia,AUS,1971,25.82668
Australia,AUS,1972,37.074265
Australia,AUS,1973,47.068798
Australia,AUS,1974,53.70199
Australia,AUS,1975,57.669968
Australia,AUS,1976,68.07722
Australia,AUS,1977,77.76844
Australia,AUS,1978,83.72538
Australia,AUS,1979,96.37518
Australia,AUS,1980,110.665886
Australia,AUS,1981,119.94439
Australia,AUS,1982,116.980835
Australia,AUS,1983,127.07482
Australia,AUS,1984,125.31727
Australia,AUS,1985,133.95262
Australia,AUS,1986,146.32928
Australia,AUS,1987,149.39459
Australia,AUS,1988,152.99341
Australia,AUS,1989,166.87564
Australia,AUS,1990,167.75948
Australia,AUS,1991,160.82101
Australia,AUS,1992,166.36958
Australia,AUS,1993,172.49344
Australia,AUS,1994,191.56656
Australia,AUS,1995,193.4157
Australia,AUS,1996,194.82664
Australia,AUS,1997,191.30505
Australia,AUS,1998,196.9532
Australia,AUS,1999,201.74052
Australia,AUS,2000,205.5508
Australia,AUS,2001,221.69319
Australia,AUS,2002,228.14816
Australia,AUS,2003,229.9429
Australia,AUS,2004,234.53601
Australia,AUS,2005,232.58983
Australia,AUS,2006,259.43063
Australia,AUS,2007,290.19815
Australia,AUS,2008,285.34958
Australia,AUS,2009,291.36435
Australia,AUS,2010,317.06427
Australia,AUS,2011,330.81964
Australia,AUS,2012,332.8485
Australia,AUS,2013,350.00482
Australia,AUS,2014,375.6775
Australia,AUS,2015,389.9496
Australia,AUS,2016,379.52664
Australia,AUS,2017,372.84406
Australia,AUS,2018,371.9078
Australia,AUS,2019,440.5704
Australia,AUS,2020,423.1734
Australia,AUS,2021,395.7571
Australia,AUS,2022,432.2686
Australia,AUS,2023,387.96744
Australia,AUS,2024,391.5709
Australia,AUS,2025,387.19412
Austria,AUT,1965,17.528648
Austria,AUT,1966,18.821033
Austria,AUT,1967,18.031685
Austria,AUT,1968,19.22897
Austria,AUT,1969,23.329157
Austria,AUT,1970,28.298002
Austria,AUT,1971,32.50665
Austria,AUT,1972,35.129753
Austria,AUT,1973,38.6112
Austria,AUT,1974,41.851967
Austria,AUT,1975,41.80162
Austria,AUT,1976,47.61011
Austria,AUT,1977,48.520336
Austria,AUT,1978,50.46824
Austria,AUT,1979,50.040367
Austria,AUT,1980,48.07398
Austria,AUT,1981,45.824097
Austria,AUT,1982,44.355263
Austria,AUT,1983,45.257057
Austria,AUT,1984,50.389893
Austria,AUT,1985,53.991604
Austria,AUT,1986,52.42127
Austria,AUT,1987,54.68578
Austria,AUT,1988,52.38503
Austria,AUT,1989,56.25982
Austria,AUT,1990,61.934906
Austria,AUT,1991,65.66419
Austria,AUT,1992,64.48223
Austria,AUT,1993,67.812454
Austria,AUT,1994,69.75149
Austria,AUT,1995,76.15716
Austria,AUT,1996,81.060875
Austria,AUT,1997,78.12572
Austria,AUT,1998,80.20729
Austria,AUT,1999,81.92763
Austria,AUT,2000,78.205154
Austria,AUT,2001,82.881966
Austria,AUT,2002,81.48537
Austria,AUT,2003,89.629715
Austria,AUT,2004,90.49233
Austria,AUT,2005,95.27706
Austria,AUT,2006,89.532005
Austria,AUT,2007,84.708954
Austria,AUT,2008,90.68555
Austria,AUT,2009,88.31914
Austria,AUT,2010,96.12812
Austria,AUT,2011,90.41807
Austria,AUT,2012,86.24142
Austria,AUT,2013,82.00461
Austria,AUT,2014,75.10976
Austria,AUT,2015,79.68095
Austria,AUT,2016,83.4219
Austria,AUT,2017,90.69854
Austria,AUT,2018,86.869194
Austria,AUT,2019,89.00441
Austria,AUT,2020,85.272484
Austria,AUT,2021,90.1544
Austria,AUT,2022,79.12825
Austria,AUT,2023,68.81278
Austria,AUT,2024,68.21874
Austria,AUT,2025,73.8876
Azerbaijan,AZE,1985,132.81377
Azerbaijan,AZE,1986,147.56868
Azerbaijan,AZE,1987,145.74751
Azerbaijan,AZE,1988,143.92635
Azerbaijan,AZE,1989,151.21591
Azerbaijan,AZE,1990,154.21864
Azerbaijan,AZE,1991,147.56868
Azerbaijan,AZE,1992,114.76805
Azerbaijan,AZE,1993,84.716255
Azerbaijan,AZE,1994,79.24786
Azerbaijan,AZE,1995,78.33483
Azerbaijan,AZE,1996,57.388905
Azerbaijan,AZE,1997,54.654705
Azerbaijan,AZE,1998,51.002594
Azerbaijan,AZE,1999,54.654705
Azerbaijan,AZE,2000,52.828648
Azerbaijan,AZE,2001,75.776405
Azerbaijan,AZE,2002,75.99123
Azerbaijan,AZE,2003,77.924706
Azerbaijan,AZE,2004,91.375175
Azerbaijan,AZE,2005,94.38427
Azerbaijan,AZE,2006,99.77681
Azerbaijan,AZE,2007,87.84967
Azerbaijan,AZE,2008,100.50773
Azerbaijan,AZE,2009,85.81977
Azerbaijan,AZE,2010,81.58022
Azerbaijan,AZE,2011,89.345276
Azerbaijan,AZE,2012,93.76557
Azerbaijan,AZE,2013,94.18168
Azerbaijan,AZE,2014,98.54446
Azerbaijan,AZE,2015,111.46553
Azerbaijan,AZE,2016,109.30647
Azerbaijan,AZE,2017,106.166046
Azerbaijan,AZE,2018,108.15813
Azerbaijan,AZE,2019,117.89236
Azerbaijan,AZE,2020,123.66788
Azerbaijan,AZE,2021,128.1744
Azerbaijan,AZE,2022,136.16217
Azerbaijan,AZE,2023,140.03986
Azerbaijan,AZE,2024,127.69008
Azerbaijan,AZE,2025,123.029854
Bahamas,BHS,1980,0
Bahamas,BHS,1981,0
Bahamas,BHS,1982,0
Bahamas,BHS,1983,0
Bahamas,BHS,1984,0
Bahamas,BHS,1985,0
Bahamas,BHS,1986,0
Bahamas,BHS,1987,0
Bahamas,BHS,1988,0
Bahamas,BHS,1989,0
Bahamas,BHS,1990,0
Bahamas,BHS,1991,0
Bahamas,BHS,1992,0
Bahamas,BHS,1993,0
Bahamas,BHS,1994,0
Bahamas,BHS,1995,0
Bahamas,BHS,1996,0
Bahamas,BHS,1997,0
Bahamas,BHS,1998,0
Bahamas,BHS,1999,0
Bahamas,BHS,2000,0
Bahamas,BHS,2001,0
Bahamas,BHS,2002,0
Bahamas,BHS,2003,0
Bahamas,BHS,2004,0
Bahamas,BHS,2005,0
Bahamas,BHS,2006,0
Bahamas,BHS,2007,0
Bahamas,BHS,2008,0
Bahamas,BHS,2009,0
Bahamas,BHS,2010,0
Bahamas,BHS,2011,0
Bahamas,BHS,2012,0
Bahamas,BHS,2013,0
Bahamas,BHS,2014,0
Bahamas,BHS,2015,0
Bahamas,BHS,2016,0
Bahamas,BHS,2017,0.00050152204
Bahamas,BHS,2018,0.03435426
Bahamas,BHS,2019,0.03911872
Bahamas,BHS,2020,0.06444558
Bahamas,BHS,2021,0.12186985
Bahamas,BHS,2022,0.12262213
Bahamas,BHS,2023,0.12512974
Bahamas,BHS,2024,0.12437746
Bahrain,BHR,1980,30.684542
Bahrain,BHR,1981,36.82145
Bahrain,BHR,1982,39.8899
Bahrain,BHR,1983,42.958355
Bahrain,BHR,1984,40.810436
Bahrain,BHR,1985,50.322647
Bahrain,BHR,1986,55.232178
Bahrain,BHR,1987,66.58546
Bahrain,BHR,1988,55.845863
Bahrain,BHR,1989,57.073246
Bahrain,BHR,1990,62.903667
Bahrain,BHR,1991,71.49498
Bahrain,BHR,1992,57.648827
Bahrain,BHR,1993,71.73595
Bahrain,BHR,1994,70.325905
Bahrain,BHR,1995,70.325905
Bahrain,BHR,1996,71.19413
Bahrain,BHR,1997,86.36488
Bahrain,BHR,1998,89.83248
Bahrain,BHR,1999,91.13283
Bahrain,BHR,2000,92.86663
Bahrain,BHR,2001,96.44258
Bahrain,BHR,2002,102.51089
Bahrain,BHR,2003,104.24468
Bahrain,BHR,2004,105.6534
Bahrain,BHR,2005,116.05619
Bahrain,BHR,2006,122.774666
Bahrain,BHR,2007,127.65098
Bahrain,BHR,2008,134.47781
Bahrain,BHR,2009,135.23634
Bahrain,BHR,2010,138.37886
Bahrain,BHR,2011,136.75342
Bahrain,BHR,2012,148.45657
Bahrain,BHR,2013,170.12904
Bahrain,BHR,2014,167.96179
Bahrain,BHR,2015,167.96179
Bahrain,BHR,2016,166.11967
Bahrain,BHR,2017,172.17706
Bahrain,BHR,2018,174.09172
Bahrain,BHR,2019,191.67995
Bahrain,BHR,2020,192.21118
Bahrain,BHR,2021,199.12292
Bahrain,BHR,2022,196.18178
Bahrain,BHR,2023,200.9488
Bahrain,BHR,2024,202.9583
Bangladesh,BGD,1971,3.667125
Bangladesh,BGD,1972,3.667125
Bangladesh,BGD,1973,5.880875
Bangladesh,BGD,1974,7.112875
Bangladesh,BGD,1975,4.956875
Bangladesh,BGD,1976,7.2476254
Bangladesh,BGD,1977,8.1235
Bangladesh,BGD,1978,8.614375
Bangladesh,BGD,1979,9.865625
Bangladesh,BGD,1980,12.291124
Bangladesh,BGD,1981,13.613856
Bangladesh,BGD,1982,17.674847
Bangladesh,BGD,1983,19.667187
Bangladesh,BGD,1984,22.700663
Bangladesh,BGD,1985,25.780474
Bangladesh,BGD,1986,29.07015
Bangladesh,BGD,1987,34.155926
Bangladesh,BGD,1988,40.201077
Bangladesh,BGD,1989,42.49867
Bangladesh,BGD,1990,45.742012
Bangladesh,BGD,1991,47.107487
Bangladesh,BGD,1992,51.370163
Bangladesh,BGD,1993,57.50253
Bangladesh,BGD,1994,60.985718
Bangladesh,BGD,1995,67.42334
Bangladesh,BGD,1996,72.36467
Bangladesh,BGD,1997,71.13274
Bangladesh,BGD,1998,76.86446
Bangladesh,BGD,1999,83.80357
Bangladesh,BGD,2000,90.581894
Bangladesh,BGD,2001,101.43209
Bangladesh,BGD,2002,106.71138
Bangladesh,BGD,2003,114.7843
Bangladesh,BGD,2004,123.40232
Bangladesh,BGD,2005,132.63358
Bangladesh,BGD,2006,143.63368
Bangladesh,BGD,2007,153.36371
Bangladesh,BGD,2008,163.7642
Bangladesh,BGD,2009,187.46739
Bangladesh,BGD,2010,192.53728
Bangladesh,BGD,2011,195.82149
Bangladesh,BGD,2012,213.3628
Bangladesh,BGD,2013,219.52786
Bangladesh,BGD,2014,230.2227
Bangladesh,BGD,2015,258.54062
Bangladesh,BGD,2016,264.50946
Bangladesh,BGD,2017,265.92673
Bangladesh,BGD,2018,274.29
Bangladesh,BGD,2019,309.3438
Bangladesh,BGD,2020,299.15314
Bangladesh,BGD,2021,306.08908
Bangladesh,BGD,2022,286.87222
Bangladesh,BGD,2023,281.25888
Bangladesh,BGD,2024,273.22296
Bangladesh,BGD,2025,273.76147
Barbados,BRB,1980,0.12273816
Barbados,BRB,1981,0.12273816
Barbados,BRB,1982,0.12273816
Barbados,BRB,1983,0.12273816
Barbados,BRB,1984,0.12273816
Barbados,BRB,1985,0.12273816
Barbados,BRB,1986,0.12273816
Barbados,BRB,1987,0.12273816
Barbados,BRB,1988,0.27616087
Barbados,BRB,1989,0.30684543
Barbados,BRB,1990,0.36843234
Barbados,BRB,1991,0.3575961
Barbados,BRB,1992,0.5201398
Barbados,BRB,1993,0.5093035
Barbados,BRB,1994,0.4984673
Barbados,BRB,1995,0.5093035
Barbados,BRB,1996,0.48763105
Barbados,BRB,1997,0.46595857
Barbados,BRB,1998,0.4009411
Barbados,BRB,1999,0.5093035
Barbados,BRB,2000,0.41082594
Barbados,BRB,2001,0.34675986
Barbados,BRB,2002,0.31425115
Barbados,BRB,2003,0.31425115
Barbados,BRB,2004,0.32508737
Barbados,BRB,2005,0.2855504
Barbados,BRB,2006,0.29110587
Barbados,BRB,2007,0.20416299
Barbados,BRB,2008,0.1844411
Barbados,BRB,2009,0.17694125
Barbados,BRB,2010,0.17499684
Barbados,BRB,2011,0.17888567
Barbados,BRB,2012,0.20471853
Barbados,BRB,2013,0.23999566
Barbados,BRB,2014,0.15388611
Barbados,BRB,2015,0.19221875
Barbados,BRB,2016,0.21664819
Barbados,BRB,2017,0.23422241
Barbados,BRB,2018,0.37101978
Barbados,BRB,2019,0.34355325
Barbados,BRB,2020,0.19446944
Barbados,BRB,2021,0.19688311
Barbados,BRB,2022,0.21882527
Barbados,BRB,2023,0.19626449
Barbados,BRB,2024,0.22914991
Belarus,BLR,1985,86.53184
Belarus,BLR,1986,88.18871
Belarus,BLR,1987,99.54344
Belarus,BLR,1988,115.26033
Belarus,BLR,1989,121.38234
Belarus,BLR,1990,129.32503
Belarus,BLR,1991,135.34875
Belarus,BLR,1992,157.1783
Belarus,BLR,1993,145.83292
Belarus,BLR,1994,127.48563
Belarus,BLR,1995,115.26033
Belarus,BLR,1996,121.38234
Belarus,BLR,1997,138.84035
Belarus,BLR,1998,140.59084
Belarus,BLR,1999,143.21188
Belarus,BLR,2000,151.9362
Belarus,BLR,2001,151.06564
Belarus,BLR,2002,155.42781
Belarus,BLR,2003,152.80678
Belarus,BLR,2004,185.34369
Belarus,BLR,2005,190.02661
Belarus,BLR,2006,193.94777
Belarus,BLR,2007,194.71536
Belarus,BLR,2008,199.4145
Belarus,BLR,2009,169.31981
Belarus,BLR,2010,207.28363
Belarus,BLR,2011,192.26186
Belarus,BLR,2012,194.10098
Belarus,BLR,2013,192.70277
Belarus,BLR,2014,191.2144
Belarus,BLR,2015,178.9891
Belarus,BLR,2016,177.87517
Belarus,BLR,2017,182.08755
Belarus,BLR,2018,193.14273
Belarus,BLR,2019,191.64499
Belarus,BLR,2020,177.51009
Belarus,BLR,2021,187.6169
Belarus,BLR,2022,184.62439
Belarus,BLR,2023,167.84036
Belarus,BLR,2024,167.84036
Belarus,BLR,2025,159.40993
Belgium,BEL,1965,0.73499995
Belgium,BEL,1966,1.3264999
Belgium,BEL,1967,5.0555
Belgium,BEL,1968,12.299001
Belgium,BEL,1969,25.335
Belgium,BEL,1970,39.75175
Belgium,BEL,1971,54.81475
Belgium,BEL,1972,69.113495
Belgium,BEL,1973,83.07225
Belgium,BEL,1974,97.35675
Belgium,BEL,1975,96.194756
Belgium,BEL,1976,101.611496
Belgium,BEL,1977,99.9695
Belgium,BEL,1978,99.124504
Belgium,BEL,1979,108.30525
Belgium,BEL,1980,103.6315
Belgium,BEL,1981,95.580505
Belgium,BEL,1982,79.68626
Belgium,BEL,1983,82.80875
Belgium,BEL,1984,85.4505
Belgium,BEL,1985,85.864
Belgium,BEL,1986,77.095
Belgium,BEL,1987,85.016495
Belgium,BEL,1988,83.906
Belgium,BEL,1989,93.24425
Belgium,BEL,1990,95.6985
Belgium,BEL,1991,102.078
Belgium,BEL,1992,105.20125
Belgium,BEL,1993,110.093
Belgium,BEL,1994,112.576
Belgium,BEL,1995,124.525505
Belgium,BEL,1996,138.42075
Belgium,BEL,1997,132.04475
Belgium,BEL,1998,144.644
Belgium,BEL,1999,154.46025
Belgium,BEL,2000,155.26274
Belgium,BEL,2001,153.37599
Belgium,BEL,2002,158.32526
Belgium,BEL,2003,168.66574
Belgium,BEL,2004,171.87999
Belgium,BEL,2005,168.93475
Belgium,BEL,2006,173.889
Belgium,BEL,2007,175.19025
Belgium,BEL,2008,174.0145
Belgium,BEL,2009,175.74065
Belgium,BEL,2010,194.04001
Belgium,BEL,2011,165.24
Belgium,BEL,2012,167.4
Belgium,BEL,2013,165.33
Belgium,BEL,2014,144.63
Belgium,BEL,2015,158.499
Belgium,BEL,2016,161.892
Belgium,BEL,2017,164.115
Belgium,BEL,2018,168.741
Belgium,BEL,2019,173.86897
Belgium,BEL,2020,169.9818
Belgium,BEL,2021,169.60623
Belgium,BEL,2022,145.53444
Belgium,BEL,2023,137.61
Belgium,BEL,2024,132.525
Belgium,BEL,2025,134.7383
Belize,BLZ,1980,0
Belize,BLZ,1981,0
Belize,BLZ,1982,0
Belize,BLZ,1983,0
Belize,BLZ,1984,0
Belize,BLZ,1985,0
Belize,BLZ,1986,0
Belize,BLZ,1987,0
Belize,BLZ,1988,0
Belize,BLZ,1989,0
Belize,BLZ,1990,0
Belize,BLZ,1991,0
Belize,BLZ,1992,0
Belize,BLZ,1993,0
Belize,BLZ,1994,0
Belize,BLZ,1995,0
Belize,BLZ,1996,0
Belize,BLZ,1997,0
Belize,BLZ,1998,0
Belize,BLZ,1999,0
Belize,BLZ,2000,0
Belize,BLZ,2001,0
Belize,BLZ,2002,0
Belize,BLZ,2003,0
Belize,BLZ,2004,0
Belize,BLZ,2005,0
Belize,BLZ,2006,0
Belize,BLZ,2007,0
Belize,BLZ,2008,0
Belize,BLZ,2009,0
Belize,BLZ,2010,0
Belize,BLZ,2011,0
Belize,BLZ,2012,0
Belize,BLZ,2013,0
Belize,BLZ,2014,0
Belize,BLZ,2015,0
Belize,BLZ,2016,0
Belize,BLZ,2017,0
Belize,BLZ,2018,0
Belize,BLZ,2019,0
Belize,BLZ,2020,0
Belize,BLZ,2021,0
Belize,BLZ,2022,0
Belize,BLZ,2023,0
Belize,BLZ,2024,0
Benin,BEN,1980,0
Benin,BEN,1981,0
Benin,BEN,1982,0
Benin,BEN,1983,0
Benin,BEN,1984,0
Benin,BEN,1985,0
Benin,BEN,1986,0
Benin,BEN,1987,0
Benin,BEN,1988,0
Benin,BEN,1989,0
Benin,BEN,1990,0
Benin,BEN,1991,0
Benin,BEN,1992,0
Benin,BEN,1993,0
Benin,BEN,1994,0
Benin,BEN,1995,0
Benin,BEN,1996,0
Benin,BEN,1997,0
Benin,BEN,1998,0
Benin,BEN,1999,0
Benin,BEN,2000,0
Benin,BEN,2001,0
Benin,BEN,2002,0
Benin,BEN,2003,0
Benin,BEN,2004,0
Benin,BEN,2005,0
Benin,BEN,2006,0
Benin,BEN,2007,0
Benin,BEN,2008,0
Benin,BEN,2009,0
Benin,BEN,2010,0
Benin,BEN,2011,0
Benin,BEN,2012,0
Benin,BEN,2013,0
Benin,BEN,2014,0
Benin,BEN,2015,0
Benin,BEN,2016,0
Benin,BEN,2017,0.4303141
Benin,BEN,2018,0.2052104
Benin,BEN,2019,0.59999084
Benin,BEN,2020,1.774343
Benin,BEN,2021,1.9695752
Benin,BEN,2022,1.7035394
Benin,BEN,2023,1.6468469
Benin,BEN,2024,1.6468469
Bermuda,BMU,1980,0
Bermuda,BMU,1981,0
Bermuda,BMU,1982,0
Bermuda,BMU,1983,0
Bermuda,BMU,1984,0
Bermuda,BMU,1985,0
Bermuda,BMU,1986,0
Bermuda,BMU,1987,0
Bermuda,BMU,1988,0
Bermuda,BMU,1989,0
Bermuda,BMU,1990,0
Bermuda,BMU,1991,0
Bermuda,BMU,1992,0
Bermuda,BMU,1993,0
Bermuda,BMU,1994,0
Bermuda,BMU,1995,0
Bermuda,BMU,1996,0
Bermuda,BMU,1997,0
Bermuda,BMU,1998,0
Bermuda,BMU,1999,0
Bermuda,BMU,2000,0
Bermuda,BMU,2001,0
Bermuda,BMU,2002,0
Bermuda,BMU,2003,0
Bermuda,BMU,2004,0
Bermuda,BMU,2005,0
Bermuda,BMU,2006,0
Bermuda,BMU,2007,0
Bermuda,BMU,2008,0
Bermuda,BMU,2009,0
Bermuda,BMU,2010,0
Bermuda,BMU,2011,0
Bermuda,BMU,2012,0
Bermuda,BMU,2013,0
Bermuda,BMU,2014,0
Bermuda,BMU,2015,0
Bermuda,BMU,2016,0
Bermuda,BMU,2017,0
Bermuda,BMU,2018,0
Bermuda,BMU,2019,0
Bermuda,BMU,2020,0
Bermuda,BMU,2021,0
Bermuda,BMU,2022,0
Bermuda,BMU,2023,0
Bermuda,BMU,2024,0
Bhutan,BTN,1980,0
Bhutan,BTN,1981,0
Bhutan,BTN,1982,0
Bhutan,BTN,1983,0
Bhutan,BTN,1984,0
Bhutan,BTN,1985,0
Bhutan,BTN,1986,0
Bhutan,BTN,1987,0
Bhutan,BTN,1988,0
Bhutan,BTN,1989,0
Bhutan,BTN,1990,0
Bhutan,BTN,1991,0
Bhutan,BTN,1992,0
Bhutan,BTN,1993,0
Bhutan,BTN,1994,0
Bhutan,BTN,1995,0
Bhutan,BTN,1996,0
Bhutan,BTN,1997,0
Bhutan,BTN,1998,0
Bhutan,BTN,1999,0
Bhutan,BTN,2000,0
Bhutan,BTN,2001,0
Bhutan,BTN,2002,0
Bhutan,BTN,2003,0
Bhutan,BTN,2004,0
Bhutan,BTN,2005,0
Bhutan,BTN,2006,0
Bhutan,BTN,2007,0
Bhutan,BTN,2008,0
Bhutan,BTN,2009,0
Bhutan,BTN,2010,0
Bhutan,BTN,2011,0
Bhutan,BTN,2012,0
Bhutan,BTN,2013,0
Bhutan,BTN,2014,0
Bhutan,BTN,2015,0
Bhutan,BTN,2016,0
Bhutan,BTN,2017,0
Bhutan,BTN,2018,0
Bhutan,BTN,2019,0
Bhutan,BTN,2020,0
Bhutan,BTN,2021,0
Bhutan,BTN,2022,0
Bhutan,BTN,2023,0
Bhutan,BTN,2024,0
Bolivia,BOL,1980,3.8280945
Bolivia,BOL,1981,5.7421417
Bolivia,BOL,1982,3.5168529
Bolivia,BOL,1983,4.396066
Bolivia,BOL,1984,4.102995
Bolivia,BOL,1985,3.2237818
Bolivia,BOL,1986,4.102995
Bolivia,BOL,1987,4.102995
Bolivia,BOL,1988,5.5683503
Bolivia,BOL,1989,7.619848
Bolivia,BOL,1990,8.792132
Bolivia,BOL,1991,7.619848
Bolivia,BOL,1992,9.378275
Bolivia,BOL,1993,8.797994
Bolivia,BOL,1994,10.245765
Bolivia,BOL,1995,13.189323
Bolivia,BOL,1996,11.356323
Bolivia,BOL,1997,14.492831
Bolivia,BOL,1998,9.409525
Bolivia,BOL,1999,9.733992
Bolivia,BOL,2000,13.627588
Bolivia,BOL,2001,8.868748
Bolivia,BOL,2002,11.0318575
Bolivia,BOL,2003,24.226824
Bolivia,BOL,2004,23.145267
Bolivia,BOL,2005,22.8208
Bolivia,BOL,2006,25.957312
Bolivia,BOL,2007,27.14702
Bolivia,BOL,2008,31.051432
Bolivia,BOL,2009,30.607994
Bolivia,BOL,2010,29.418285
Bolivia,BOL,2011,25.957312
Bolivia,BOL,2012,34.501595
Bolivia,BOL,2013,36.44839
Bolivia,BOL,2014,34.588116
Bolivia,BOL,2015,29.201973
Bolivia,BOL,2016,34.479916
Bolivia,BOL,2017,41.247776
Bolivia,BOL,2018,41.601925
Bolivia,BOL,2019,39.78598
Bolivia,BOL,2020,32.176468
Bolivia,BOL,2021,36.87008
Bolivia,BOL,2022,40.71374
Bolivia,BOL,2023,45.073166
Bolivia,BOL,2024,51.554817
Bosnia and Herzegovina,BIH,1992,5.1400447
Bosnia and Herzegovina,BIH,1993,4.1165924
Bosnia and Herzegovina,BIH,1994,4.253329
Bosnia and Herzegovina,BIH,1995,25.153658
Bosnia and Herzegovina,BIH,1996,1.4373809
Bosnia and Herzegovina,BIH,1997,1.4373809
Bosnia and Herzegovina,BIH,1998,2.0534012
Bosnia and Herzegovina,BIH,1999,2.0534012
Bosnia and Herzegovina,BIH,2000,3.080102
Bosnia and Herzegovina,BIH,2001,3.080102
Bosnia and Herzegovina,BIH,2002,1.6427209
Bosnia and Herzegovina,BIH,2003,1.6427209
Bosnia and Herzegovina,BIH,2004,3.080102
Bosnia and Herzegovina,BIH,2005,4.2061605
Bosnia and Herzegovina,BIH,2006,4.2061605
Bosnia and Herzegovina,BIH,2007,3.3649285
Bosnia and Herzegovina,BIH,2008,3.2597747
Bosnia and Herzegovina,BIH,2009,2.2082343
Bosnia and Herzegovina,BIH,2010,2.4185424
Bosnia and Herzegovina,BIH,2011,2.7340045
Bosnia and Herzegovina,BIH,2012,2.5236964
Bosnia and Herzegovina,BIH,2013,2.5236964
Bosnia and Herzegovina,BIH,2014,1.7771028
Bosnia and Herzegovina,BIH,2015,2.1030803
Bosnia and Herzegovina,BIH,2016,2.1977181
Bosnia and Herzegovina,BIH,2017,2.3869936
Bosnia and Herzegovina,BIH,2018,2.3828824
Bosnia and Herzegovina,BIH,2019,2.250341
Bosnia and Herzegovina,BIH,2020,2.0625312
Bosnia and Herzegovina,BIH,2021,2.4856155
Bosnia and Herzegovina,BIH,2022,2.4226508
Bosnia and Herzegovina,BIH,2023,2.1849074
Bosnia and Herzegovina,BIH,2024,2.193943
Botswana,BWA,1980,0
Botswana,BWA,1981,0
Botswana,BWA,1982,0
Botswana,BWA,1983,0
Botswana,BWA,1984,0
Botswana,BWA,1985,0
Botswana,BWA,1986,0
Botswana,BWA,1987,0
Botswana,BWA,1988,0
Botswana,BWA,1989,0
Botswana,BWA,1990,0
Botswana,BWA,1991,0
Botswana,BWA,1992,0
Botswana,BWA,1993,0
Botswana,BWA,1994,0
Botswana,BWA,1995,0
Botswana,BWA,1996,0
Botswana,BWA,1997,0
Botswana,BWA,1998,0
Botswana,BWA,1999,0
Botswana,BWA,2000,0
Botswana,BWA,2001,0
Botswana,BWA,2002,0
Botswana,BWA,2003,0
Botswana,BWA,2004,0
Botswana,BWA,2005,0
Botswana,BWA,2006,0
Botswana,BWA,2007,0
Botswana,BWA,2008,0
Botswana,BWA,2009,0
Botswana,BWA,2010,0
Botswana,BWA,2011,0
Botswana,BWA,2012,0
Botswana,BWA,2013,0
Botswana,BWA,2014,0
Botswana,BWA,2015,0
Botswana,BWA,2016,0
Botswana,BWA,2017,0
Botswana,BWA,2018,0
Botswana,BWA,2019,0
Botswana,BWA,2020,0
Botswana,BWA,2021,0
Botswana,BWA,2022,0
Botswana,BWA,2023,0
Botswana,BWA,2024,0
Brazil,BRA,1965,0.51342165
Brazil,BRA,1966,0.60040253
Brazil,BRA,1967,0.6787161
Brazil,BRA,1968,0.7172897
Brazil,BRA,1969,0.755965
Brazil,BRA,1970,0.8110125
Brazil,BRA,1971,1.2773445
Brazil,BRA,1972,1.7538141
Brazil,BRA,1973,2.0072556
Brazil,BRA,1974,3.8624465
Brazil,BRA,1975,4.196989
Brazil,BRA,1976,4.8356614
Brazil,BRA,1977,6.0319047
Brazil,BRA,1978,7.9377837
Brazil,BRA,1979,8.698108
Brazil,BRA,1980,10.168068
Brazil,BRA,1981,9.123889
Brazil,BRA,1982,13.037024
Brazil,BRA,1983,17.629381
Brazil,BRA,1984,20.518614
Brazil,BRA,1985,25.739506
Brazil,BRA,1986,29.987185
Brazil,BRA,1987,33.474537
Brazil,BRA,1988,33.697563
Brazil,BRA,1989,34.54913
Brazil,BRA,1990,31.455137
Brazil,BRA,1991,32.700607
Brazil,BRA,1992,37.04399
Brazil,BRA,1993,43.394627
Brazil,BRA,1994,47.391705
Brazil,BRA,1995,52.304947
Brazil,BRA,1996,57.627487
Brazil,BRA,1997,62.624916
Brazil,BRA,1998,65.63152
Brazil,BRA,1999,77.880455
Brazil,BRA,2000,97.04505
Brazil,BRA,2001,122.86194
Brazil,BRA,2002,145.16252
Brazil,BRA,2003,162.47293
Brazil,BRA,2004,193.22484
Brazil,BRA,2005,201.27116
Brazil,BRA,2006,211.69781
Brazil,BRA,2007,218.01636
Brazil,BRA,2008,256.60886
Brazil,BRA,2009,206.68614
Brazil,BRA,2010,275.7678
Brazil,BRA,2011,274.83426
Brazil,BRA,2012,325.76535
Brazil,BRA,2013,383.82773
Brazil,BRA,2014,406.55475
Brazil,BRA,2015,429.36542
Brazil,BRA,2016,370.8788
Brazil,BRA,2017,376.32028
Brazil,BRA,2018,358.908
Brazil,BRA,2019,357.3335
Brazil,BRA,2020,314.23697
Brazil,BRA,2021,404.4645
Brazil,BRA,2022,319.87622
Brazil,BRA,2023,298.7607
Brazil,BRA,2024,313.63873
Brazil,BRA,2025,331.98456
British Virgin Islands,VGB,1980,0
British Virgin Islands,VGB,1981,0
British Virgin Islands,VGB,1982,0
British Virgin Islands,VGB,1983,0
British Virgin Islands,VGB,1984,0
British Virgin Islands,VGB,1985,0
British Virgin Islands,VGB,1986,0
British Virgin Islands,VGB,1987,0
British Virgin Islands,VGB,1988,0
British Virgin Islands,VGB,1989,0
British Virgin Islands,VGB,1990,0
British Virgin Islands,VGB,1991,0
British Virgin Islands,VGB,1992,0
British Virgin Islands,VGB,1993,0
British Virgin Islands,VGB,1994,0
British Virgin Islands,VGB,1995,0
British Virgin Islands,VGB,1996,0
British Virgin Islands,VGB,1997,0
British Virgin Islands,VGB,1998,0
British Virgin Islands,VGB,1999,0
British Virgin Islands,VGB,2000,0
British Virgin Islands,VGB,2001,0
British Virgin Islands,VGB,2002,0
British Virgin Islands,VGB,2003,0
British Virgin Islands,VGB,2004,0
British Virgin Islands,VGB,2005,0
British Virgin Islands,VGB,2006,0
British Virgin Islands,VGB,2007,0
British Virgin Islands,VGB,2008,0
British Virgin Islands,VGB,2009,0
British Virgin Islands,VGB,2010,0
British Virgin Islands,VGB,2011,0
British Virgin Islands,VGB,2012,0
British Virgin Islands,VGB,2013,0
British Virgin Islands,VGB,2014,0
British Virgin Islands,VGB,2015,0
British Virgin Islands,VGB,2016,0
British Virgin Islands,VGB,2017,0
British Virgin Islands,VGB,2018,0
British Virgin Islands,VGB,2019,0
British Virgin Islands,VGB,2020,0
British Virgin Islands,VGB,2021,0
British Virgin Islands,VGB,2022,0
British Virgin Islands,VGB,2023,0
British Virgin Islands,VGB,2024,0
Brunei,BRN,1980,21.347296
Brunei,BRN,1981,22.058874
Brunei,BRN,1982,24.90518
Brunei,BRN,1983,18.500992
Brunei,BRN,1984,15.654684
Brunei,BRN,1985,18.85678
Brunei,BRN,1986,11.741013
Brunei,BRN,1987,20.279932
Brunei,BRN,1988,17.077837
Brunei,BRN,1989,20.279932
Brunei,BRN,1990,16.36626
Brunei,BRN,1991,10.14612
Brunei,BRN,1992,11.83714
Brunei,BRN,1993,9.674326
Brunei,BRN,1994,8.360403
Brunei,BRN,1995,11.586869
Brunei,BRN,1996,9.316067
Brunei,BRN,1997,10.510434
Brunei,BRN,1998,9.077192
Brunei,BRN,1999,11.269696
Brunei,BRN,2000,11.91987
Brunei,BRN,2001,14.628932
Brunei,BRN,2002,18.09653
Brunei,BRN,2003,18.746706
Brunei,BRN,2004,21.672493
Brunei,BRN,2005,25.465178
Brunei,BRN,2006,43.236618
Brunei,BRN,2007,45.585445
Brunei,BRN,2008,46.033863
Brunei,BRN,2009,27.291504
Brunei,BRN,2010,32.09143
Brunei,BRN,2011,32.63169
Brunei,BRN,2012,31.875328
Brunei,BRN,2013,29.065979
Brunei,BRN,2014,34.468575
Brunei,BRN,2015,37.60208
Brunei,BRN,2016,41.200184
Brunei,BRN,2017,42.507603
Brunei,BRN,2018,44.06773
Brunei,BRN,2019,41.809433
Brunei,BRN,2020,45.192905
Brunei,BRN,2021,43.16942
Brunei,BRN,2022,40.88366
Brunei,BRN,2023,40.110275
Brunei,BRN,2024,42.141636
Bulgaria,BGR,1965,0.562725
Bulgaria,BGR,1966,0.83947504
Bulgaria,BGR,1967,2.555325
Bulgaria,BGR,1968,3.9114
Bulgaria,BGR,1969,4.068225
Bulgaria,BGR,1970,3.6715498
Bulgaria,BGR,1971,2.8765
Bulgaria,BGR,1972,1.938
Bulgaria,BGR,1973,1.9525001
Bulgaria,BGR,1974,4.2545
Bulgaria,BGR,1975,11.29875
Bulgaria,BGR,1976,19.76075
Bulgaria,BGR,1977,25.2155
Bulgaria,BGR,1978,26.900251
Bulgaria,BGR,1979,28.779501
Bulgaria,BGR,1980,36.9915
Bulgaria,BGR,1981,40.23925
Bulgaria,BGR,1982,44.528
Bulgaria,BGR,1983,46.7895
Bulgaria,BGR,1984,49.195
Bulgaria,BGR,1985,53.658
Bulgaria,BGR,1986,53.2855
Bulgaria,BGR,1987,59.423
Bulgaria,BGR,1988,57.7245
Bulgaria,BGR,1989,59.42325
Bulgaria,BGR,1990,63.017498
Bulgaria,BGR,1991,53.2195
Bulgaria,BGR,1992,47.12125
Bulgaria,BGR,1993,43.845753
Bulgaria,BGR,1994,43.86275
Bulgaria,BGR,1995,52.93925
Bulgaria,BGR,1996,54.084248
Bulgaria,BGR,1997,43.14725
Bulgaria,BGR,1998,36.101498
Bulgaria,BGR,1999,31.2785
Bulgaria,BGR,2000,34.06825
Bulgaria,BGR,2001,28.63925
Bulgaria,BGR,2002,25.393
Bulgaria,BGR,2003,26.832998
Bulgaria,BGR,2004,26.19875
Bulgaria,BGR,2005,32.663998
Bulgaria,BGR,2006,33.657
Bulgaria,BGR,2007,33.919
Bulgaria,BGR,2008,33.92125
Bulgaria,BGR,2009,24.263748
Bulgaria,BGR,2010,26.72275
Bulgaria,BGR,2011,30.5945
Bulgaria,BGR,2012,28.51225
Bulgaria,BGR,2013,27.543999
Bulgaria,BGR,2014,27.3615
Bulgaria,BGR,2015,30.0035
Bulgaria,BGR,2016,31.2505
Bulgaria,BGR,2017,32.1365
Bulgaria,BGR,2018,30.229252
Bulgaria,BGR,2019,28.30875
Bulgaria,BGR,2020,29.2065
Bulgaria,BGR,2021,33.02
Bulgaria,BGR,2022,27.0345
Bulgaria,BGR,2023,25.26
Bulgaria,BGR,2024,27.132
Bulgaria,BGR,2025,26.88875
Burkina Faso,BFA,1980,0
Burkina Faso,BFA,1981,0
Burkina Faso,BFA,1982,0
Burkina Faso,BFA,1983,0
Burkina Faso,BFA,1984,0
Burkina Faso,BFA,1985,0
Burkina Faso,BFA,1986,0
Burkina Faso,BFA,1987,0
Burkina Faso,BFA,1988,0
Burkina Faso,BFA,1989,0
Burkina Faso,BFA,1990,0
Burkina Faso,BFA,1991,0
Burkina Faso,BFA,1992,0
Burkina Faso,BFA,1993,0
Burkina Faso,BFA,1994,0
Burkina Faso,BFA,1995,0
Burkina Faso,BFA,1996,0
Burkina Faso,BFA,1997,0
Burkina Faso,BFA,1998,0
Burkina Faso,BFA,1999,0
Burkina Faso,BFA,2000,0
Burkina Faso,BFA,2001,0
Burkina Faso,BFA,2002,0
Burkina Faso,BFA,2003,0
Burkina Faso,BFA,2004,0
Burkina Faso,BFA,2005,0
Burkina Faso,BFA,2006,0
Burkina Faso,BFA,2007,0
Burkina Faso,BFA,2008,0
Burkina Faso,BFA,2009,0
Burkina Faso,BFA,2010,0
Burkina Faso,BFA,2011,0
Burkina Faso,BFA,2012,0
Burkina Faso,BFA,2013,0
Burkina Faso,BFA,2014,0
Burkina Faso,BFA,2015,0
Burkina Faso,BFA,2016,0
Burkina Faso,BFA,2017,0
Burkina Faso,BFA,2018,0
Burkina Faso,BFA,2019,0
Burkina Faso,BFA,2020,0
Burkina Faso,BFA,2021,0
Burkina Faso,BFA,2022,0
Burkina Faso,BFA,2023,0
Burkina Faso,BFA,2024,0
Burundi,BDI,1980,0
Burundi,BDI,1981,0
Burundi,BDI,1982,0
Burundi,BDI,1983,0
Burundi,BDI,1984,0
Burundi,BDI,1985,0
Burundi,BDI,1986,0
Burundi,BDI,1987,0
Burundi,BDI,1988,0
Burundi,BDI,1989,0
Burundi,BDI,1990,0
Burundi,BDI,1991,0
Burundi,BDI,1992,0
Burundi,BDI,1993,0
Burundi,BDI,1994,0
Burundi,BDI,1995,0
Burundi,BDI,1996,0
Burundi,BDI,1997,0
Burundi,BDI,1998,0
Burundi,BDI,1999,0
Burundi,BDI,2000,0
Burundi,BDI,2001,0
Burundi,BDI,2002,0
Burundi,BDI,2003,0
Burundi,BDI,2004,0
Burundi,BDI,2005,0
Burundi,BDI,2006,0
Burundi,BDI,2007,0
Burundi,BDI,2008,0
Burundi,BDI,2009,0
Burundi,BDI,2010,0
Burundi,BDI,2011,0
Burundi,BDI,2012,0
Burundi,BDI,2013,0
Burundi,BDI,2014,0
Burundi,BDI,2015,0
Burundi,BDI,2016,0
Burundi,BDI,2017,0
Burundi,BDI,2018,0
Burundi,BDI,2019,0
Burundi,BDI,2020,0
Burundi,BDI,2021,0
Burundi,BDI,2022,0
Burundi,BDI,2023,0
Burundi,BDI,2024,0
CIS (EI),,1965,1216.7582
CIS (EI),,1966,1357.3743
CIS (EI),,1967,1494.4252
CIS (EI),,1968,1613.6041
CIS (EI),,1969,1724.4337
CIS (EI),,1970,1894.8474
CIS (EI),,1971,2071.2183
CIS (EI),,1972,2178.4827
CIS (EI),,1973,2369.1487
CIS (EI),,1974,2512.157
CIS (EI),,1975,2740.9697
CIS (EI),,1976,3016.267
CIS (EI),,1977,3231.9695
CIS (EI),,1978,3446.4756
CIS (EI),,1979,3658.6016
CIS (EI),,1980,3770.774
CIS (EI),,1981,3993.0425
CIS (EI),,1982,4310.4585
CIS (EI),,1983,4621.894
CIS (EI),,1984,5043.178
CIS (EI),,1985,4341.5884
CIS (EI),,1986,4456.0396
CIS (EI),,1987,4698.341
CIS (EI),,1988,4951.384
CIS (EI),,1989,5062.318
CIS (EI),,1990,5110.077
CIS (EI),,1991,5205.2407
CIS (EI),,1992,5052.377
CIS (EI),,1993,5001.4214
CIS (EI),,1994,4697.7227
CIS (EI),,1995,4558.9146
CIS (EI),,1996,4612.146
CIS (EI),,1997,4274.7305
CIS (EI),,1998,4436.2583
CIS (EI),,1999,4482.2705
CIS (EI),,2000,4517.8506
CIS (EI),,2001,4632.826
CIS (EI),,2002,4663.421
CIS (EI),,2003,4744.841
CIS (EI),,2004,4908.078
CIS (EI),,2005,4985.125
CIS (EI),,2006,5182.6895
CIS (EI),,2007,5290.8286
CIS (EI),,2008,5192.5396
CIS (EI),,2009,4979.1304
CIS (EI),,2010,5290.2935
CIS (EI),,2011,5472.341
CIS (EI),,2012,5415.9243
CIS (EI),,2013,5326.658
CIS (EI),,2014,5321.836
CIS (EI),,2015,5213.91
CIS (EI),,2016,5359.8394
CIS (EI),,2017,5500.595
CIS (EI),,2018,5813.1094
CIS (EI),,2019,5753.1733
CIS (EI),,2020,5549.1885
CIS (EI),,2021,5755.0645
CIS (EI),,2022,5918.2935
CIS (EI),,2023,5965.682
CIS (EI),,2024,6133.2373
CIS (EI),,2025,6153.365
Cambodia,KHM,1980,0
Cambodia,KHM,1981,0
Cambodia,KHM,1982,0
Cambodia,KHM,1983,0
Cambodia,KHM,1984,0
Cambodia,KHM,1985,0
Cambodia,KHM,1986,0
Cambodia,KHM,1987,0
Cambodia,KHM,1988,0
Cambodia,KHM,1989,0
Cambodia,KHM,1990,0
Cambodia,KHM,1991,0
Cambodia,KHM,1992,0
Cambodia,KHM,1993,0
Cambodia,KHM,1994,0
Cambodia,KHM,1995,0
Cambodia,KHM,1996,0
Cambodia,KHM,1997,0
Cambodia,KHM,1998,0
Cambodia,KHM,1999,0
Cambodia,KHM,2000,0
Cambodia,KHM,2001,0
Cambodia,KHM,2002,0
Cambodia,KHM,2003,0
Cambodia,KHM,2004,0
Cambodia,KHM,2005,0
Cambodia,KHM,2006,0
Cambodia,KHM,2007,0
Cambodia,KHM,2008,0
Cambodia,KHM,2009,0
Cambodia,KHM,2010,0
Cambodia,KHM,2011,0
Cambodia,KHM,2012,0
Cambodia,KHM,2013,0
Cambodia,KHM,2014,0
Cambodia,KHM,2015,0
Cambodia,KHM,2016,0
Cambodia,KHM,2017,0
Cambodia,KHM,2018,0
Cambodia,KHM,2019,0
Cambodia,KHM,2020,0
Cambodia,KHM,2021,0
Cambodia,KHM,2022,0
Cambodia,KHM,2023,0
Cambodia,KHM,2024,0
Cameroon,CMR,1980,0
Cameroon,CMR,1981,0
Cameroon,CMR,1982,0
Cameroon,CMR,1983,0
Cameroon,CMR,1984,0
Cameroon,CMR,1985,0
Cameroon,CMR,1986,0
Cameroon,CMR,1987,0
Cameroon,CMR,1988,0
Cameroon,CMR,1989,0
Cameroon,CMR,1990,0
Cameroon,CMR,1991,0
Cameroon,CMR,1992,0
Cameroon,CMR,1993,0
Cameroon,CMR,1994,0
Cameroon,CMR,1995,0
Cameroon,CMR,1996,0
Cameroon,CMR,1997,0
Cameroon,CMR,1998,0
Cameroon,CMR,1999,0
Cameroon,CMR,2000,0
Cameroon,CMR,2001,0
Cameroon,CMR,2002,0
Cameroon,CMR,2003,0
Cameroon,CMR,2004,0
Cameroon,CMR,2005,0
Cameroon,CMR,2006,0.2167249
Cameroon,CMR,2007,0.2167249
Cameroon,CMR,2008,0.2167249
Cameroon,CMR,2009,0.2167249
Cameroon,CMR,2010,2.2756116
Cameroon,CMR,2011,1.6254368
Cameroon,CMR,2012,2.9474587
Cameroon,CMR,2013,3.359236
Cameroon,CMR,2014,5.082199
Cameroon,CMR,2015,7.368647
Cameroon,CMR,2016,7.802093
Cameroon,CMR,2017,6.6397357
Cameroon,CMR,2018,8.559692
Cameroon,CMR,2019,8.093782
Cameroon,CMR,2020,10.354185
Cameroon,CMR,2021,8.464696
Cameroon,CMR,2022,7.4643774
Cameroon,CMR,2023,6.019474
Cameroon,CMR,2024,6.7130313
Canada,CAN,1965,216.68422
Canada,CAN,1966,237.22488
Canada,CAN,1967,251.91719
Canada,CAN,1968,280.52078
Canada,CAN,1969,313.49634
Canada,CAN,1970,346.33853
Canada,CAN,1971,369.66525
Canada,CAN,1972,415.79483
Canada,CAN,1973,442.17908
Canada,CAN,1974,446.97968
Canada,CAN,1975,461.5815
Canada,CAN,1976,465.67725
Canada,CAN,1977,488.442
Canada,CAN,1978,493.10925
Canada,CAN,1979,500.634
Canada,CAN,1980,497.49075
Canada,CAN,1981,482.727
Canada,CAN,1982,511.20676
Canada,CAN,1983,487.4895
Canada,CAN,1984,541.11523
Canada,CAN,1985,567.60046
Canada,CAN,1986,546.25397
Canada,CAN,1987,552.8691
Canada,CAN,1988,608.4751
Canada,CAN,1989,657.78125
Canada,CAN,1990,637.6045
Canada,CAN,1991,642.0107
Canada,CAN,1992,680.55365
Canada,CAN,1993,722.08167
Canada,CAN,1994,747.5287
Canada,CAN,1995,772.519
Canada,CAN,1996,785.5823
Canada,CAN,1997,801.0565
Canada,CAN,1998,787.57275
Canada,CAN,1999,841.914
Canada,CAN,2000,892.2072
Canada,CAN,2001,840.422
Canada,CAN,2002,874.6652
Canada,CAN,2003,897.848
Canada,CAN,2004,878.19775
Canada,CAN,2005,875.9175
Canada,CAN,2006,870.735
Canada,CAN,2007,936.5643
Canada,CAN,2008,925.4387
Canada,CAN,2009,897.27527
Canada,CAN,2010,915.721
Canada,CAN,2011,1005.508
Canada,CAN,2012,994.2353
Canada,CAN,2013,1054.407
Canada,CAN,2014,1098.4153
Canada,CAN,2015,1103.3245
Canada,CAN,2016,1069.386
Canada,CAN,2017,1112.4905
Canada,CAN,2018,1189.704
Canada,CAN,2019,1198.033
Canada,CAN,2020,1160.6202
Canada,CAN,2021,1199.4601
Canada,CAN,2022,1245.3882
Canada,CAN,2023,1247.1567
Canada,CAN,2024,1284.278
Canada,CAN,2025,1323.2446
Cape Verde,CPV,1980,0
Cape Verde,CPV,1981,0
Cape Verde,CPV,1982,0
Cape Verde,CPV,1983,0
Cape Verde,CPV,1984,0
Cape Verde,CPV,1985,0
Cape Verde,CPV,1986,0
Cape Verde,CPV,1987,0
Cape Verde,CPV,1988,0
Cape Verde,CPV,1989,0
Cape Verde,CPV,1990,0
Cape Verde,CPV,1991,0
Cape Verde,CPV,1992,0
Cape Verde,CPV,1993,0
Cape Verde,CPV,1994,0
Cape Verde,CPV,1995,0
Cape Verde,CPV,1996,0
Cape Verde,CPV,1997,0
Cape Verde,CPV,1998,0
Cape Verde,CPV,1999,0
Cape Verde,CPV,2000,0
Cape Verde,CPV,2001,0
Cape Verde,CPV,2002,0
Cape Verde,CPV,2003,0
Cape Verde,CPV,2004,0
Cape Verde,CPV,2005,0
Cape Verde,CPV,2006,0
Cape Verde,CPV,2007,0
Cape Verde,CPV,2008,0
Cape Verde,CPV,2009,0
Cape Verde,CPV,2010,0
Cape Verde,CPV,2011,0
Cape Verde,CPV,2012,0
Cape Verde,CPV,2013,0
Cape Verde,CPV,2014,0
Cape Verde,CPV,2015,0
Cape Verde,CPV,2016,0
Cape Verde,CPV,2017,0
Cape Verde,CPV,2018,0
Cape Verde,CPV,2019,0
Cape Verde,CPV,2020,0
Cape Verde,CPV,2021,0
Cape Verde,CPV,2022,0
Cape Verde,CPV,2023,0
Cape Verde,CPV,2024,0
Cayman Islands,CYM,1980,0
Cayman Islands,CYM,1981,0
Cayman Islands,CYM,1982,0
Cayman Islands,CYM,1983,0
Cayman Islands,CYM,1984,0
Cayman Islands,CYM,1985,0
Cayman Islands,CYM,1986,0
Cayman Islands,CYM,1987,0
Cayman Islands,CYM,1988,0
Cayman Islands,CYM,1989,0
Cayman Islands,CYM,1990,0
Cayman Islands,CYM,1991,0
Cayman Islands,CYM,1992,0
Cayman Islands,CYM,1993,0
Cayman Islands,CYM,1994,0
Cayman Islands,CYM,1995,0
Cayman Islands,CYM,1996,0
Cayman Islands,CYM,1997,0
Cayman Islands,CYM,1998,0
Cayman Islands,CYM,1999,0
Cayman Islands,CYM,2000,0
Cayman Islands,CYM,2001,0
Cayman Islands,CYM,2002,0
Cayman Islands,CYM,2003,0
Cayman Islands,CYM,2004,0
Cayman Islands,CYM,2005,0
Cayman Islands,CYM,2006,0
Cayman Islands,CYM,2007,0
Cayman Islands,CYM,2008,0
Cayman Islands,CYM,2009,0
Cayman Islands,CYM,2010,0
Cayman Islands,CYM,2011,0
Cayman Islands,CYM,2012,0
Cayman Islands,CYM,2013,0
Cayman Islands,CYM,2014,0
Cayman Islands,CYM,2015,0
Cayman Islands,CYM,2016,0
Cayman Islands,CYM,2017,0
Cayman Islands,CYM,2018,0
Cayman Islands,CYM,2019,0
Cayman Islands,CYM,2020,0
Cayman Islands,CYM,2021,0
Cayman Islands,CYM,2022,0
Cayman Islands,CYM,2023,0
Cayman Islands,CYM,2024,0
Central African Republic,CAF,1980,0
Central African Republic,CAF,1981,0
Central African Republic,CAF,1982,0
Central African Republic,CAF,1983,0
Central African Republic,CAF,1984,0
Central African Republic,CAF,1985,0
Central African Republic,CAF,1986,0
Central African Republic,CAF,1987,0
Central African Republic,CAF,1988,0
Central African Republic,CAF,1989,0
Central African Republic,CAF,1990,0
Central African Republic,CAF,1991,0
Central African Republic,CAF,1992,0
Central African Republic,CAF,1993,0
Central African Republic,CAF,1994,0
Central African Republic,CAF,1995,0
Central African Republic,CAF,1996,0
Central African Republic,CAF,1997,0
Central African Republic,CAF,1998,0
Central African Republic,CAF,1999,0
Central African Republic,CAF,2000,0
Central African Republic,CAF,2001,0
Central African Republic,CAF,2002,0
Central African Republic,CAF,2003,0
Central African Republic,CAF,2004,0
Central African Republic,CAF,2005,0
Central African Republic,CAF,2006,0
Central African Republic,CAF,2007,0
Central African Republic,CAF,2008,0
Central African Republic,CAF,2009,0
Central African Republic,CAF,2010,0
Central African Republic,CAF,2011,0
Central African Republic,CAF,2012,0
Central African Republic,CAF,2013,0
Central African Republic,CAF,2014,0
Central African Republic,CAF,2015,0
Central African Republic,CAF,2016,0
Central African Republic,CAF,2017,0
Central African Republic,CAF,2018,0
Central African Republic,CAF,2019,0
Central African Republic,CAF,2020,0
Central African Republic,CAF,2021,0
Central African Republic,CAF,2022,0
Central African Republic,CAF,2023,0
Central African Republic,CAF,2024,0
Chad,TCD,1980,0
Chad,TCD,1981,0
Chad,TCD,1982,0
Chad,TCD,1983,0
Chad,TCD,1984,0
Chad,TCD,1985,0
Chad,TCD,1986,0
Chad,TCD,1987,0
Chad,TCD,1988,0
Chad,TCD,1989,0
Chad,TCD,1990,0
Chad,TCD,1991,0
Chad,TCD,1992,0
Chad,TCD,1993,0
Chad,TCD,1994,0
Chad,TCD,1995,0
Chad,TCD,1996,0
Chad,TCD,1997,0
Chad,TCD,1998,0
Chad,TCD,1999,0
Chad,TCD,2000,0
Chad,TCD,2001,0
Chad,TCD,2002,0
Chad,TCD,2003,0
Chad,TCD,2004,0
Chad,TCD,2005,0
Chad,TCD,2006,0
Chad,TCD,2007,0
Chad,TCD,2008,0
Chad,TCD,2009,0
Chad,TCD,2010,0
Chad,TCD,2011,0
Chad,TCD,2012,0
Chad,TCD,2013,0
Chad,TCD,2014,0
Chad,TCD,2015,0
Chad,TCD,2016,0
Chad,TCD,2017,0
Chad,TCD,2018,0
Chad,TCD,2019,0
Chad,TCD,2020,0
Chad,TCD,2021,0
Chad,TCD,2022,0
Chad,TCD,2023,0
Chad,TCD,2024,0
Chile,CHL,1965,6.1778
Chile,CHL,1966,6.4515
Chile,CHL,1967,5.7183747
Chile,CHL,1968,4.8875003
Chile,CHL,1969,6.43195
Chile,CHL,1970,6.422175
Chile,CHL,1971,6.54925
Chile,CHL,1972,5.96275
Chile,CHL,1973,4.6822248
Chile,CHL,1974,4.877725
Chile,CHL,1975,5.53265
Chile,CHL,1976,6.04095
Chile,CHL,1977,6.2169
Chile,CHL,1978,5.80635
Chile,CHL,1979,6.871825
Chile,CHL,1980,7.038
Chile,CHL,1981,6.930475
Chile,CHL,1982,7.17485
Chile,CHL,1983,7.7418
Chile,CHL,1984,7.91775
Chile,CHL,1985,7.9079747
Chile,CHL,1986,7.2335
Chile,CHL,1987,7.0184503
Chile,CHL,1988,9.862975
Chile,CHL,1989,15.385851
Chile,CHL,1990,16.51975
Chile,CHL,1991,19.455828
Chile,CHL,1992,21.762054
Chile,CHL,1993,22.534037
Chile,CHL,1994,21.734144
Chile,CHL,1995,20.827003
Chile,CHL,1996,21.166601
Chile,CHL,1997,28.799368
Chile,CHL,1998,39.77111
Chile,CHL,1999,54.328384
Chile,CHL,2000,70.140526
Chile,CHL,2001,79.50152
Chile,CHL,2002,80.17722
Chile,CHL,2003,86.73886
Chile,CHL,2004,94.15018
Chile,CHL,2005,91.077576
Chile,CHL,2006,84.2835
Chile,CHL,2007,49.681034
Chile,CHL,2008,27.65149
Chile,CHL,2009,27.949217
Chile,CHL,2010,57.397537
Chile,CHL,2011,58.365154
Chile,CHL,2012,53.008377
Chile,CHL,2013,53.12584
Chile,CHL,2014,43.98931
Chile,CHL,2015,48.24286
Chile,CHL,2016,59.163006
Chile,CHL,2017,56.14597
Chile,CHL,2018,56.366688
Chile,CHL,2019,65.13059
Chile,CHL,2020,62.354355
Chile,CHL,2021,68.2293
Chile,CHL,2022,72.65662
Chile,CHL,2023,75.926765
Chile,CHL,2024,72.9598
Chile,CHL,2025,78.26341
China,CHN,1965,11.086529
China,CHN,1966,13.505407
China,CHN,1967,14.7148485
China,CHN,1968,14.110127
China,CHN,1969,19.754179
China,CHN,1970,28.925762
China,CHN,1971,37.6942
China,CHN,1972,48.780727
China,CHN,1973,60.270405
China,CHN,1974,75.892334
China,CHN,1975,89.19617
China,CHN,1976,101.794495
China,CHN,1977,122.1534
China,CHN,1978,138.38004
China,CHN,1979,146.24141
China,CHN,1980,143.82251
China,CHN,1981,128.40216
China,CHN,1982,120.23845
China,CHN,1983,123.06047
China,CHN,1984,125.27778
China,CHN,1985,130.31711
China,CHN,1986,138.6824
China,CHN,1987,139.99261
China,CHN,1988,143.72173
China,CHN,1989,151.6738
China,CHN,1990,154.18338
China,CHN,1991,156.11848
China,CHN,1992,159.14209
China,CHN,1993,168.96878
China,CHN,1994,176.97124
China,CHN,1995,178.79547
China,CHN,1996,187.36234
China,CHN,1997,197.98526
China,CHN,1998,204.16348
China,CHN,1999,216.63078
China,CHN,2000,246.95747
China,CHN,2001,276.4577
China,CHN,2002,294.1357
China,CHN,2003,341.7473
China,CHN,2004,399.83972
China,CHN,2005,469.7511
China,CHN,2006,577.8376
China,CHN,2007,710.779
China,CHN,2008,819.3291
China,CHN,2009,902.2403
China,CHN,2010,1088.7406
China,CHN,2011,1351.6287
China,CHN,2012,1508.7758
China,CHN,2013,1718.7854
China,CHN,2014,1883.6315
China,CHN,2015,1946.8953
China,CHN,2016,2094.411
China,CHN,2017,2412.5217
China,CHN,2018,2839.26
China,CHN,2019,3083.7683
China,CHN,2020,3366.1726
China,CHN,2021,3802.6794
China,CHN,2022,3776.475
China,CHN,2023,4037.9153
China,CHN,2024,4332.6836
China,CHN,2025,4419.337
Colombia,COL,1965,8.95125
Colombia,COL,1966,9.33625
Colombia,COL,1967,11.55
Colombia,COL,1968,11.771375
Colombia,COL,1969,12.854188
Colombia,COL,1970,12.493251
Colombia,COL,1971,13.0045
Colombia,COL,1972,15.88525
Colombia,COL,1973,16.46
Colombia,COL,1974,17.12575
Colombia,COL,1975,16.14225
Colombia,COL,1976,17.2045
Colombia,COL,1977,19.254751
Colombia,COL,1978,23.850752
Colombia,COL,1979,25.7215
Colombia,COL,1980,28.3715
Colombia,COL,1981,30.6345
Colombia,COL,1982,33.03125
Colombia,COL,1983,36.55975
Colombia,COL,1984,36.30575
Colombia,COL,1985,36.43225
Colombia,COL,1986,37.070747
Colombia,COL,1987,37.636253
Colombia,COL,1988,37.77825
Colombia,COL,1989,36.059002
Colombia,COL,1990,37.4195
Colombia,COL,1991,38.5825
Colombia,COL,1992,37.965748
Colombia,COL,1993,39.41675
Colombia,COL,1994,38.996502
Colombia,COL,1995,41.472504
Colombia,COL,1996,45.102753
Colombia,COL,1997,56.74
Colombia,COL,1998,65.88625
Colombia,COL,1999,56.909
Colombia,COL,2000,57.358074
Colombia,COL,2001,59.38993
Colombia,COL,2002,59.986813
Colombia,COL,2003,57.499798
Colombia,COL,2004,61.3482
Colombia,COL,2005,64.46344
Colombia,COL,2006,67.64682
Colombia,COL,2007,71.61634
Colombia,COL,2008,72.751144
Colombia,COL,2009,83.7932
Colombia,COL,2010,87.45138
Colombia,COL,2011,85.14971
Colombia,COL,2012,94.65898
Colombia,COL,2013,104.77255
Colombia,COL,2014,113.840614
Colombia,COL,2015,112.117294
Colombia,COL,2016,120.68478
Colombia,COL,2017,118.30533
Colombia,COL,2018,127.299385
Colombia,COL,2019,128.70773
Colombia,COL,2020,131.22678
Colombia,COL,2021,126.26629
Colombia,COL,2022,125.85036
Colombia,COL,2023,130.54437
Colombia,COL,2024,132.3889
Colombia,COL,2025,117.33958
Comoros,COM,1980,0
Comoros,COM,1981,0
Comoros,COM,1982,0
Comoros,COM,1983,0
Comoros,COM,1984,0
Comoros,COM,1985,0
Comoros,COM,1986,0
Comoros,COM,1987,0
Comoros,COM,1988,0
Comoros,COM,1989,0
Comoros,COM,1990,0
Comoros,COM,1991,0
Comoros,COM,1992,0
Comoros,COM,1993,0
Comoros,COM,1994,0
Comoros,COM,1995,0
Comoros,COM,1996,0
Comoros,COM,1997,0
Comoros,COM,1998,0
Comoros,COM,1999,0
Comoros,COM,2000,0
Comoros,COM,2001,0
Comoros,COM,2002,0
Comoros,COM,2003,0
Comoros,COM,2004,0
Comoros,COM,2005,0
Comoros,COM,2006,0
Comoros,COM,2007,0
Comoros,COM,2008,0
Comoros,COM,2009,0
Comoros,COM,2010,0
Comoros,COM,2011,0
Comoros,COM,2012,0
Comoros,COM,2013,0
Comoros,COM,2014,0
Comoros,COM,2015,0
Comoros,COM,2016,0
Comoros,COM,2017,0
Comoros,COM,2018,0
Comoros,COM,2019,0
Comoros,COM,2020,0
Comoros,COM,2021,0
Comoros,COM,2022,0
Comoros,COM,2023,0
Comoros,COM,2024,0
Congo,COG,1980,0.12273816
Congo,COG,1981,0.18410724
Congo,COG,1982,0.18410724
Congo,COG,1983,0.21479179
Congo,COG,1984,0.21479179
Congo,COG,1985,0.61369085
Congo,COG,1986,0.12273816
Congo,COG,1987,0.61369085
Congo,COG,1988,0
Congo,COG,1989,0
Congo,COG,1990,0
Congo,COG,1991,0
Congo,COG,1992,0
Congo,COG,1993,0
Congo,COG,1994,0
Congo,COG,1995,0
Congo,COG,1996,0
Congo,COG,1997,0
Congo,COG,1998,0
Congo,COG,1999,0
Congo,COG,2000,0
Congo,COG,2001,0
Congo,COG,2002,0
Congo,COG,2003,0
Congo,COG,2004,0
Congo,COG,2005,1.3003495
Congo,COG,2006,1.9505242
Congo,COG,2007,3.1425111
Congo,COG,2008,4.009411
Congo,COG,2009,5.7432103
Congo,COG,2010,10.077708
Congo,COG,2011,12.461682
Congo,COG,2012,12.667572
Congo,COG,2013,17.879805
Congo,COG,2014,16.254368
Congo,COG,2015,16.254368
Congo,COG,2016,15.1707535
Congo,COG,2017,9.320382
Congo,COG,2018,9.394945
Congo,COG,2019,12.520166
Congo,COG,2020,13.665025
Congo,COG,2021,13.905479
Congo,COG,2022,15.641257
Congo,COG,2023,14.007458
Congo,COG,2024,14.924099
Cook Islands,COK,1980,0
Cook Islands,COK,1981,0
Cook Islands,COK,1982,0
Cook Islands,COK,1983,0
Cook Islands,COK,1984,0
Cook Islands,COK,1985,0
Cook Islands,COK,1986,0
Cook Islands,COK,1987,0
Cook Islands,COK,1988,0
Cook Islands,COK,1989,0
Cook Islands,COK,1990,0
Cook Islands,COK,1991,0
Cook Islands,COK,1992,0
Cook Islands,COK,1993,0
Cook Islands,COK,1994,0
Cook Islands,COK,1995,0
Cook Islands,COK,1996,0
Cook Islands,COK,1997,0
Cook Islands,COK,1998,0
Cook Islands,COK,1999,0
Cook Islands,COK,2000,0
Cook Islands,COK,2001,0
Cook Islands,COK,2002,0
Cook Islands,COK,2003,0
Cook Islands,COK,2004,0
Cook Islands,COK,2005,0
Cook Islands,COK,2006,0
Cook Islands,COK,2007,0
Cook Islands,COK,2008,0
Cook Islands,COK,2009,0
Cook Islands,COK,2010,0
Cook Islands,COK,2011,0
Cook Islands,COK,2012,0
Cook Islands,COK,2013,0
Cook Islands,COK,2014,0
Cook Islands,COK,2015,0
Cook Islands,COK,2016,0
Cook Islands,COK,2017,0
Cook Islands,COK,2018,0
Cook Islands,COK,2019,0
Cook Islands,COK,2020,0
Cook Islands,COK,2021,0
Cook Islands,COK,2022,0
Cook Islands,COK,2023,0
Cook Islands,COK,2024,0
Costa Rica,CRI,1980,0
Costa Rica,CRI,1981,0
Costa Rica,CRI,1982,0
Costa Rica,CRI,1983,0
Costa Rica,CRI,1984,0
Costa Rica,CRI,1985,0
Costa Rica,CRI,1986,0
Costa Rica,CRI,1987,0
Costa Rica,CRI,1988,0
Costa Rica,CRI,1989,0
Costa Rica,CRI,1990,0
Costa Rica,CRI,1991,0
Costa Rica,CRI,1992,0
Costa Rica,CRI,1993,0
Costa Rica,CRI,1994,0
Costa Rica,CRI,1995,0
Costa Rica,CRI,1996,0
Costa Rica,CRI,1997,0
Costa Rica,CRI,1998,0
Costa Rica,CRI,1999,0
Costa Rica,CRI,2000,0
Costa Rica,CRI,2001,0
Costa Rica,CRI,2002,0
Costa Rica,CRI,2003,0
Costa Rica,CRI,2004,0
Costa Rica,CRI,2005,0
Costa Rica,CRI,2006,0
Costa Rica,CRI,2007,0
Costa Rica,CRI,2008,0
Costa Rica,CRI,2009,0
Costa Rica,CRI,2010,0
Costa Rica,CRI,2011,0
Costa Rica,CRI,2012,0
Costa Rica,CRI,2013,0
Costa Rica,CRI,2014,0
Costa Rica,CRI,2015,0
Costa Rica,CRI,2016,0
Costa Rica,CRI,2017,0
Costa Rica,CRI,2018,0
Costa Rica,CRI,2019,0
Costa Rica,CRI,2020,0
Costa Rica,CRI,2021,0
Costa Rica,CRI,2022,0
Costa Rica,CRI,2023,0
Costa Rica,CRI,2024,0
Cote d'Ivoire,CIV,1980,0
Cote d'Ivoire,CIV,1981,0
Cote d'Ivoire,CIV,1982,0
Cote d'Ivoire,CIV,1983,0
Cote d'Ivoire,CIV,1984,0
Cote d'Ivoire,CIV,1985,0
Cote d'Ivoire,CIV,1986,0
Cote d'Ivoire,CIV,1987,0
Cote d'Ivoire,CIV,1988,0
Cote d'Ivoire,CIV,1989,0
Cote d'Ivoire,CIV,1990,0
Cote d'Ivoire,CIV,1991,0
Cote d'Ivoire,CIV,1992,0
Cote d'Ivoire,CIV,1993,0
Cote d'Ivoire,CIV,1994,0
Cote d'Ivoire,CIV,1995,0.43265203
Cote d'Ivoire,CIV,1996,3.9010484
Cote d'Ivoire,CIV,1997,6.501747
Cote d'Ivoire,CIV,1998,8.668997
Cote d'Ivoire,CIV,1999,14.520569
Cote d'Ivoire,CIV,2000,14.628932
Cote d'Ivoire,CIV,2001,14.628932
Cote d'Ivoire,CIV,2002,13.8826065
Cote d'Ivoire,CIV,2003,13.8826065
Cote d'Ivoire,CIV,2004,13.468201
Cote d'Ivoire,CIV,2005,13.468201
Cote d'Ivoire,CIV,2006,13.468201
Cote d'Ivoire,CIV,2007,15.540232
Cote d'Ivoire,CIV,2008,16.576248
Cote d'Ivoire,CIV,2009,16.576248
Cote d'Ivoire,CIV,2010,17.146055
Cote d'Ivoire,CIV,2011,16.907772
Cote d'Ivoire,CIV,2012,18.441074
Cote d'Ivoire,CIV,2013,21.176155
Cote d'Ivoire,CIV,2014,21.36264
Cote d'Ivoire,CIV,2015,21.373
Cote d'Ivoire,CIV,2016,23.931936
Cote d'Ivoire,CIV,2017,23.931936
Cote d'Ivoire,CIV,2018,22.130203
Cote d'Ivoire,CIV,2019,23.622084
Cote d'Ivoire,CIV,2020,24.350935
Cote d'Ivoire,CIV,2021,25.84472
Cote d'Ivoire,CIV,2022,27.823162
Cote d'Ivoire,CIV,2023,29.563354
Cote d'Ivoire,CIV,2024,28.06103
Croatia,HRV,1990,25.52275
Croatia,HRV,1991,23.636
Croatia,HRV,1992,24.5005
Croatia,HRV,1993,25.8685
Croatia,HRV,1994,24.339
Croatia,HRV,1995,22.495
Croatia,HRV,1996,25.207249
Croatia,HRV,1997,26.12975
Croatia,HRV,1998,25.118
Croatia,HRV,1999,25.4675
Croatia,HRV,2000,25.6955
Croatia,HRV,2001,26.925
Croatia,HRV,2002,27.567
Croatia,HRV,2003,27.401749
Croatia,HRV,2004,28.418333
Croatia,HRV,2005,27.48239
Croatia,HRV,2006,27.179222
Croatia,HRV,2007,31.229944
Croatia,HRV,2008,30.270388
Croatia,HRV,2009,27.949888
Croatia,HRV,2010,30.614166
Croatia,HRV,2011,29.891666
Croatia,HRV,2012,28.066055
Croatia,HRV,2013,26.537943
Croatia,HRV,2014,23.485712
Croatia,HRV,2015,24.21231
Croatia,HRV,2016,25.243534
Croatia,HRV,2017,28.99667
Croatia,HRV,2018,26.658365
Croatia,HRV,2019,27.981422
Croatia,HRV,2020,29.368093
Croatia,HRV,2021,28.251804
Croatia,HRV,2022,24.805115
Croatia,HRV,2023,25.001438
Croatia,HRV,2024,23.65348
Croatia,HRV,2025,26.321123
Cuba,CUB,1980,0.18410724
Cuba,CUB,1981,0.09205362
Cuba,CUB,1982,0.09205362
Cuba,CUB,1983,0.09205362
Cuba,CUB,1984,0.03068454
Cuba,CUB,1985,0.06136908
Cuba,CUB,1986,0.06136908
Cuba,CUB,1987,0.24547632
Cuba,CUB,1988,0.21479179
Cuba,CUB,1989,0.33752996
Cuba,CUB,1990,0.34980378
Cuba,CUB,1991,0.3620776
Cuba,CUB,1992,0.3743514
Cuba,CUB,1993,0.38355675
Cuba,CUB,1994,0.3743514
Cuba,CUB,1995,0.44443643
Cuba,CUB,1996,0.46595857
Cuba,CUB,1997,8.127184
Cuba,CUB,1998,4.3344984
Cuba,CUB,1999,5.4181232
Cuba,CUB,2000,6.501747
Cuba,CUB,2001,3.2508736
Cuba,CUB,2002,3.792686
Cuba,CUB,2003,4.009411
Cuba,CUB,2004,4.009411
Cuba,CUB,2005,4.3344984
Cuba,CUB,2006,4.1068025
Cuba,CUB,2007,6.160204
Cuba,CUB,2008,11.909727
Cuba,CUB,2009,11.909727
Cuba,CUB,2010,10.985697
Cuba,CUB,2011,10.575017
Cuba,CUB,2012,10.616084
Cuba,CUB,2013,11.160235
Cuba,CUB,2014,12.320408
Cuba,CUB,2015,12.833758
Cuba,CUB,2016,12.22801
Cuba,CUB,2017,10.846465
Cuba,CUB,2018,10.021859
Cuba,CUB,2019,9.827377
Cuba,CUB,2020,9.296314
Cuba,CUB,2021,8.974703
Cuba,CUB,2022,8.769364
Cuba,CUB,2023,9.914342
Cuba,CUB,2024,9.958911
Cyprus,CYP,1980,0
Cyprus,CYP,1981,0
Cyprus,CYP,1982,0
Cyprus,CYP,1983,0
Cyprus,CYP,1984,0
Cyprus,CYP,1985,0
Cyprus,CYP,1986,0
Cyprus,CYP,1987,0
Cyprus,CYP,1988,0
Cyprus,CYP,1989,0
Cyprus,CYP,1990,0
Cyprus,CYP,1991,0
Cyprus,CYP,1992,0
Cyprus,CYP,1993,0
Cyprus,CYP,1994,0
Cyprus,CYP,1995,0
Cyprus,CYP,1996,0
Cyprus,CYP,1997,0
Cyprus,CYP,1998,0
Cyprus,CYP,1999,0
Cyprus,CYP,2000,0
Cyprus,CYP,2001,0
Cyprus,CYP,2002,0
Cyprus,CYP,2003,0
Cyprus,CYP,2004,0
Cyprus,CYP,2005,0
Cyprus,CYP,2006,0
Cyprus,CYP,2007,0
Cyprus,CYP,2008,0
Cyprus,CYP,2009,0
Cyprus,CYP,2010,0
Cyprus,CYP,2011,0
Cyprus,CYP,2012,0
Cyprus,CYP,2013,0
Cyprus,CYP,2014,0
Cyprus,CYP,2015,0
Cyprus,CYP,2016,0
Cyprus,CYP,2017,0
Cyprus,CYP,2018,0
Cyprus,CYP,2019,0
Cyprus,CYP,2020,0
Cyprus,CYP,2021,0
Cyprus,CYP,2022,0
Cyprus,CYP,2023,0
Cyprus,CYP,2024,0
Czechia,CZE,1965,4.2904997
Czechia,CZE,1966,4.49025
Czechia,CZE,1967,5.39375
Czechia,CZE,1968,6.6512504
Czechia,CZE,1969,7.294
Czechia,CZE,1970,8.0125
Czechia,CZE,1971,9.955
Czechia,CZE,1972,10.810499
Czechia,CZE,1973,11.8725
Czechia,CZE,1974,14.47525
Czechia,CZE,1975,16.572
Czechia,CZE,1976,18.29625
Czechia,CZE,1977,20.793
Czechia,CZE,1978,23.299
Czechia,CZE,1979,26.140749
Czechia,CZE,1980,30.11125
Czechia,CZE,1981,30.207499
Czechia,CZE,1982,31.99775
Czechia,CZE,1983,37.541748
Czechia,CZE,1984,39.96025
Czechia,CZE,1985,49.0635
Czechia,CZE,1986,51.846
Czechia,CZE,1987,56.556
Czechia,CZE,1988,56.916252
Czechia,CZE,1989,58.737747
Czechia,CZE,1990,61.030746
Czechia,CZE,1991,58.889748
Czechia,CZE,1992,67.4505
Czechia,CZE,1993,68.93175
Czechia,CZE,1994,67.32975
Czechia,CZE,1995,76.19525
Czechia,CZE,1996,87.687004
Czechia,CZE,1997,89.18875
Czechia,CZE,1998,89.38025
Czechia,CZE,1999,89.860504
Czechia,CZE,2000,87.22675
Czechia,CZE,2001,93.413994
Czechia,CZE,2002,90.2725
Czechia,CZE,2003,91.20475
Czechia,CZE,2004,90.57325
Czechia,CZE,2005,89.590996
Czechia,CZE,2006,88.31275
Czechia,CZE,2007,84.1855
Czechia,CZE,2008,83.428246
Czechia,CZE,2009,79.1335
Czechia,CZE,2010,93.84875
Czechia,CZE,2011,79.1905
Czechia,CZE,2012,79.7365
Czechia,CZE,2013,80.78675
Czechia,CZE,2014,71.898
Czechia,CZE,2015,75.3945
Czechia,CZE,2016,81.599754
Czechia,CZE,2017,83.74775
Czechia,CZE,2018,79.828255
Czechia,CZE,2019,83.249504
Czechia,CZE,2020,84.62375
Czechia,CZE,2021,90.69425
Czechia,CZE,2022,73.764496
Czechia,CZE,2023,66.975
Czechia,CZE,2024,66.89
Czechia,CZE,2025,71.422005
Czechoslovakia,OWID_CZS,1980,98.20078
Czechoslovakia,OWID_CZS,1981,98.677025
Czechoslovakia,OWID_CZS,1982,103.53498
Czechoslovakia,OWID_CZS,1983,105.05308
Czechoslovakia,OWID_CZS,1984,110.51828
Czechoslovakia,OWID_CZS,1985,117.0136
Czechoslovakia,OWID_CZS,1986,122.76366
Czechoslovakia,OWID_CZS,1987,130.9043
Czechoslovakia,OWID_CZS,1988,122.64907
Czechoslovakia,OWID_CZS,1989,132.96811
Czechoslovakia,OWID_CZS,1990,156.84929
Czechoslovakia,OWID_CZS,1991,143.86742
Czechoslovakia,OWID_CZS,1992,117.32045
Democratic Republic of Congo,COD,1980,0
Democratic Republic of Congo,COD,1981,0
Democratic Republic of Congo,COD,1982,0
Democratic Republic of Congo,COD,1983,0
Democratic Republic of Congo,COD,1984,0
Democratic Republic of Congo,COD,1985,0
Democratic Republic of Congo,COD,1986,0
Democratic Republic of Congo,COD,1987,0
Democratic Republic of Congo,COD,1988,0
Democratic Republic of Congo,COD,1989,0
Democratic Republic of Congo,COD,1990,0
Democratic Republic of Congo,COD,1991,0
Democratic Republic of Congo,COD,1992,0
Democratic Republic of Congo,COD,1993,0
Democratic Republic of Congo,COD,1994,0
Democratic Republic of Congo,COD,1995,0
Democratic Republic of Congo,COD,1996,0
Democratic Republic of Congo,COD,1997,0
Democratic Republic of Congo,COD,1998,0
Democratic Republic of Congo,COD,1999,0
Democratic Republic of Congo,COD,2000,0
Democratic Republic of Congo,COD,2001,0
Democratic Republic of Congo,COD,2002,0
Democratic Republic of Congo,COD,2003,0
Democratic Republic of Congo,COD,2004,0
Democratic Republic of Congo,COD,2005,0
Democratic Republic of Congo,COD,2006,0
Democratic Republic of Congo,COD,2007,0
Democratic Republic of Congo,COD,2008,0
Democratic Republic of Congo,COD,2009,0
Democratic Republic of Congo,COD,2010,0
Democratic Republic of Congo,COD,2011,0
Democratic Republic of Congo,COD,2012,0
Democratic Republic of Congo,COD,2013,0
Democratic Republic of Congo,COD,2014,0
Democratic Republic of Congo,COD,2015,0
Democratic Republic of Congo,COD,2016,0
Democratic Republic of Congo,COD,2017,0
Democratic Republic of Congo,COD,2018,0
Democratic Republic of Congo,COD,2019,0
Democratic Republic of Congo,COD,2020,0
Democratic Republic of Congo,COD,2021,0
Democratic Republic of Congo,COD,2022,0
Democratic Republic of Congo,COD,2023,0
Democratic Republic of Congo,COD,2024,0
Denmark,DNK,1980,0
Denmark,DNK,1981,0
Denmark,DNK,1982,0
Denmark,DNK,1983,0.14595
Denmark,DNK,1984,1.178025
Denmark,DNK,1985,6.7137003
Denmark,DNK,1986,11.967899
Denmark,DNK,1987,15.189225
Denmark,DNK,1988,18.525225
Denmark,DNK,1989,19.74495
Denmark,DNK,1990,21.048075
Denmark,DNK,1991,24.295813
Denmark,DNK,1992,25.546211
Denmark,DNK,1993,28.70732
Denmark,DNK,1994,32.078045
Denmark,DNK,1995,37.144203
Denmark,DNK,1996,43.754948
Denmark,DNK,1997,45.71891
Denmark,DNK,1998,49.297985
Denmark,DNK,1999,51.693676
Denmark,DNK,2000,51.01935
Denmark,DNK,2001,53.31487
Denmark,DNK,2002,53.817955
Denmark,DNK,2003,54.409176
Denmark,DNK,2004,54.150295
Denmark,DNK,2005,52.00558
Denmark,DNK,2006,52.982906
Denmark,DNK,2007,47.489613
Denmark,DNK,2008,47.716103
Denmark,DNK,2009,45.827923
Denmark,DNK,2010,51.839787
Denmark,DNK,2011,43.473644
Denmark,DNK,2012,40.60289
Denmark,DNK,2013,38.297825
Denmark,DNK,2014,32.894382
Denmark,DNK,2015,33.092525
Denmark,DNK,2016,33.65253
Denmark,DNK,2017,32.161003
Denmark,DNK,2018,31.208899
Denmark,DNK,2019,28.980944
Denmark,DNK,2020,23.153778
Denmark,DNK,2021,23.80002
Denmark,DNK,2022,16.632961
Denmark,DNK,2023,15.5478735
Denmark,DNK,2024,16.170464
Denmark,DNK,2025,15.913253
Djibouti,DJI,1980,0
Djibouti,DJI,1981,0
Djibouti,DJI,1982,0
Djibouti,DJI,1983,0
Djibouti,DJI,1984,0
Djibouti,DJI,1985,0
Djibouti,DJI,1986,0
Djibouti,DJI,1987,0
Djibouti,DJI,1988,0
Djibouti,DJI,1989,0
Djibouti,DJI,1990,0
Djibouti,DJI,1991,0
Djibouti,DJI,1992,0
Djibouti,DJI,1993,0
Djibouti,DJI,1994,0
Djibouti,DJI,1995,0
Djibouti,DJI,1996,0
Djibouti,DJI,1997,0
Djibouti,DJI,1998,0
Djibouti,DJI,1999,0
Djibouti,DJI,2000,0
Djibouti,DJI,2001,0
Djibouti,DJI,2002,0
Djibouti,DJI,2003,0
Djibouti,DJI,2004,0
Djibouti,DJI,2005,0
Djibouti,DJI,2006,0
Djibouti,DJI,2007,0
Djibouti,DJI,2008,0
Djibouti,DJI,2009,0
Djibouti,DJI,2010,0
Djibouti,DJI,2011,0
Djibouti,DJI,2012,0
Djibouti,DJI,2013,0
Djibouti,DJI,2014,0
Djibouti,DJI,2015,0
Djibouti,DJI,2016,0
Djibouti,DJI,2017,0
Djibouti,DJI,2018,0
Djibouti,DJI,2019,0
Djibouti,DJI,2020,0
Djibouti,DJI,2021,0
Djibouti,DJI,2022,0
Djibouti,DJI,2023,0
Djibouti,DJI,2024,0
Dominica,DMA,1980,0
Dominica,DMA,1981,0
Dominica,DMA,1982,0
Dominica,DMA,1983,0
Dominica,DMA,1984,0
Dominica,DMA,1985,0
Dominica,DMA,1986,0
Dominica,DMA,1987,0
Dominica,DMA,1988,0
Dominica,DMA,1989,0
Dominica,DMA,1990,0
Dominica,DMA,1991,0
Dominica,DMA,1992,0
Dominica,DMA,1993,0
Dominica,DMA,1994,0
Dominica,DMA,1995,0
Dominica,DMA,1996,0
Dominica,DMA,1997,0
Dominica,DMA,1998,0
Dominica,DMA,1999,0
Dominica,DMA,2000,0
Dominica,DMA,2001,0
Dominica,DMA,2002,0
Dominica,DMA,2003,0
Dominica,DMA,2004,0
Dominica,DMA,2005,0
Dominica,DMA,2006,0
Dominica,DMA,2007,0
Dominica,DMA,2008,0
Dominica,DMA,2009,0
Dominica,DMA,2010,0
Dominica,DMA,2011,0
Dominica,DMA,2012,0
Dominica,DMA,2013,0
Dominica,DMA,2014,0
Dominica,DMA,2015,0
Dominica,DMA,2016,0
Dominica,DMA,2017,0
Dominica,DMA,2018,0
Dominica,DMA,2019,0
Dominica,DMA,2020,0
Dominica,DMA,2021,0
Dominica,DMA,2022,0
Dominica,DMA,2023,0
Dominica,DMA,2024,0
Dominican Republic,DOM,1980,0
Dominican Republic,DOM,1981,0
Dominican Republic,DOM,1982,0
Dominican Republic,DOM,1983,0
Dominican Republic,DOM,1984,0
Dominican Republic,DOM,1985,0
Dominican Republic,DOM,1986,0
Dominican Republic,DOM,1987,0
Dominican Republic,DOM,1988,0
Dominican Republic,DOM,1989,0
Dominican Republic,DOM,1990,0
Dominican Republic,DOM,1991,0
Dominican Republic,DOM,1992,0
Dominican Republic,DOM,1993,0
Dominican Republic,DOM,1994,0
Dominican Republic,DOM,1995,0
Dominican Republic,DOM,1996,0
Dominican Republic,DOM,1997,0
Dominican Republic,DOM,1998,0
Dominican Republic,DOM,1999,0
Dominican Republic,DOM,2000,0
Dominican Republic,DOM,2001,0
Dominican Republic,DOM,2002,0
Dominican Republic,DOM,2003,3.2508736
Dominican Republic,DOM,2004,1.408712
Dominican Republic,DOM,2005,2.7090616
Dominican Republic,DOM,2006,2.7090616
Dominican Republic,DOM,2007,5.201398
Dominican Republic,DOM,2008,5.0930357
Dominican Republic,DOM,2009,6.0682974
Dominican Republic,DOM,2010,8.885721
Dominican Republic,DOM,2011,10.077708
Dominican Republic,DOM,2012,13.870394
Dominican Republic,DOM,2013,11.583947
Dominican Republic,DOM,2014,11.583947
Dominican Republic,DOM,2015,12.00656
Dominican Republic,DOM,2016,11.30221
Dominican Republic,DOM,2017,12.483351
Dominican Republic,DOM,2018,13.691754
Dominican Republic,DOM,2019,15.986706
Dominican Republic,DOM,2020,17.573757
Dominican Republic,DOM,2021,24.766577
Dominican Republic,DOM,2022,26.707676
Dominican Republic,DOM,2023,24.739275
Dominican Republic,DOM,2024,28.433372
East Germany,OWID_GDR,1980,56.348774
East Germany,OWID_GDR,1981,56.920265
East Germany,OWID_GDR,1982,56.005882
East Germany,OWID_GDR,1983,56.69167
East Germany,OWID_GDR,1984,67.20706
East Germany,OWID_GDR,1985,66.29268
East Germany,OWID_GDR,1986,68.80723
East Germany,OWID_GDR,1987,63.435234
East Germany,OWID_GDR,1988,68.80723
East Germany,OWID_GDR,1989,67.20706
East Germany,OWID_GDR,1990,40.804283
East Timor,TLS,2003,0
East Timor,TLS,2004,0
East Timor,TLS,2005,0
East Timor,TLS,2006,0
East Timor,TLS,2007,0
East Timor,TLS,2008,0
East Timor,TLS,2009,0
East Timor,TLS,2010,0
East Timor,TLS,2011,0
East Timor,TLS,2012,0
East Timor,TLS,2013,0
East Timor,TLS,2014,0
East Timor,TLS,2015,0
East Timor,TLS,2016,0
East Timor,TLS,2017,0
East Timor,TLS,2018,0
East Timor,TLS,2019,0
East Timor,TLS,2020,0
East Timor,TLS,2021,0
East Timor,TLS,2022,0
East Timor,TLS,2023,0
East Timor,TLS,2024,0
Ecuador,ECU,1970,0.6978
Ecuador,ECU,1971,0.6978
Ecuador,ECU,1972,1.01181
Ecuador,ECU,1973,0.58150005
Ecuador,ECU,1974,1.1630001
Ecuador,ECU,1975,1.45375
Ecuador,ECU,1976,1.32582
Ecuador,ECU,1977,0.84898996
Ecuador,ECU,1978,0.87225
Ecuador,ECU,1979,0.62802
Ecuador,ECU,1980,0.48846
Ecuador,ECU,1981,0.79084
Ecuador,ECU,1982,1.02344
Ecuador,ECU,1983,1.26767
Ecuador,ECU,1984,1.8259101
Ecuador,ECU,1985,1.8607999
Ecuador,ECU,1986,1.84917
Ecuador,ECU,1987,1.72124
Ecuador,ECU,1988,2.01199
Ecuador,ECU,1989,1.59331
Ecuador,ECU,1990,2.61675
Ecuador,ECU,1991,3.20988
Ecuador,ECU,1992,3.22151
Ecuador,ECU,1993,3.70997
Ecuador,ECU,1994,3.34944
Ecuador,ECU,1995,3.2331402
Ecuador,ECU,1996,3.43085
Ecuador,ECU,1997,3.1284702
Ecuador,ECU,1998,3.18662
Ecuador,ECU,1999,3.00054
Ecuador,ECU,2000,3.2680302
Ecuador,ECU,2001,3.32618
Ecuador,ECU,2002,1.324207
Ecuador,ECU,2003,2.3108556
Ecuador,ECU,2004,5.378899
Ecuador,ECU,2005,5.522699
Ecuador,ECU,2006,6.0344195
Ecuador,ECU,2007,5.4683084
Ecuador,ECU,2008,4.987915
Ecuador,ECU,2009,5.8786893
Ecuador,ECU,2010,6.1890225
Ecuador,ECU,2011,5.6075635
Ecuador,ECU,2012,7.4896865
Ecuador,ECU,2013,8.511818
Ecuador,ECU,2014,8.725521
Ecuador,ECU,2015,8.210332
Ecuador,ECU,2016,8.8630905
Ecuador,ECU,2017,8.6857815
Ecuador,ECU,2018,7.7626114
Ecuador,ECU,2019,6.922094
Ecuador,ECU,2020,5.903834
Ecuador,ECU,2021,6.238331
Ecuador,ECU,2022,5.3682756
Ecuador,ECU,2023,4.887129
Ecuador,ECU,2024,5.871706
Ecuador,ECU,2025,4.6584635
Egypt,EGY,1965,0.471625
Egypt,EGY,1966,0.539
Egypt,EGY,1967,0.539
Egypt,EGY,1968,0.539
Egypt,EGY,1969,0.683375
Egypt,EGY,1970,0.81812495
Egypt,EGY,1971,0.81812495
Egypt,EGY,1972,0.683375
Egypt,EGY,1973,0.548625
Egypt,EGY,1974,0.5775
Egypt,EGY,1975,0.48125002
Egypt,EGY,1976,3.6575
Egypt,EGY,1977,4.4275
Egypt,EGY,1978,7.1225
Egypt,EGY,1979,10.78
Egypt,EGY,1980,20.9825
Egypt,EGY,1981,23.485
Egypt,EGY,1982,25.69875
Egypt,EGY,1983,30.126251
Egypt,EGY,1984,38.6925
Egypt,EGY,1985,47.45125
Egypt,EGY,1986,54.670002
Egypt,EGY,1987,60.445
Egypt,EGY,1988,66.604996
Egypt,EGY,1989,74.497505
Egypt,EGY,1990,77.67375
Egypt,EGY,1991,87.395004
Egypt,EGY,1992,94.5175
Egypt,EGY,1993,108.666245
Egypt,EGY,1994,115.5
Egypt,EGY,1995,121.274994
Egypt,EGY,1996,125.125
Egypt,EGY,1997,128.97499
Egypt,EGY,1998,131.8625
Egypt,EGY,1999,157.85
Egypt,EGY,2000,192.5
Egypt,EGY,2001,235.8125
Egypt,EGY,2002,255.0625
Egypt,EGY,2003,285.8625
Egypt,EGY,2004,305.1125
Egypt,EGY,2005,304.15
Egypt,EGY,2006,351.3125
Egypt,EGY,2007,369.21503
Egypt,EGY,2008,393.08502
Egypt,EGY,2009,409.44748
Egypt,EGY,2010,434.18375
Egypt,EGY,2011,477.59253
Egypt,EGY,2012,506.37125
Egypt,EGY,2013,495.01376
Egypt,EGY,2014,462.1875
Egypt,EGY,2015,460.18768
Egypt,EGY,2016,493.54114
Egypt,EGY,2017,559.3277
Egypt,EGY,2018,595.9529
Egypt,EGY,2019,590.3868
Egypt,EGY,2020,583.0793
Egypt,EGY,2021,621.2484
Egypt,EGY,2022,605.9086
Egypt,EGY,2023,600.4125
Egypt,EGY,2024,597.82086
Egypt,EGY,2025,614.5457
El Salvador,SLV,1980,0
El Salvador,SLV,1981,0
El Salvador,SLV,1982,0
El Salvador,SLV,1983,0
El Salvador,SLV,1984,0
El Salvador,SLV,1985,0
El Salvador,SLV,1986,0
El Salvador,SLV,1987,0
El Salvador,SLV,1988,0
El Salvador,SLV,1989,0
El Salvador,SLV,1990,0
El Salvador,SLV,1991,0
El Salvador,SLV,1992,0
El Salvador,SLV,1993,0
El Salvador,SLV,1994,0
El Salvador,SLV,1995,0
El Salvador,SLV,1996,0
El Salvador,SLV,1997,0
El Salvador,SLV,1998,0
El Salvador,SLV,1999,0
El Salvador,SLV,2000,0
El Salvador,SLV,2001,0
El Salvador,SLV,2002,0
El Salvador,SLV,2003,0
El Salvador,SLV,2004,0
El Salvador,SLV,2005,0
El Salvador,SLV,2006,0
El Salvador,SLV,2007,0
El Salvador,SLV,2008,0
El Salvador,SLV,2009,0
El Salvador,SLV,2010,0
El Salvador,SLV,2011,0
El Salvador,SLV,2012,0
El Salvador,SLV,2013,0
El Salvador,SLV,2014,0
El Salvador,SLV,2015,0
El Salvador,SLV,2016,0
El Salvador,SLV,2017,0
El Salvador,SLV,2018,0
El Salvador,SLV,2019,0
El Salvador,SLV,2020,0
El Salvador,SLV,2021,0
El Salvador,SLV,2022,2.7149754
El Salvador,SLV,2023,7.1110044
El Salvador,SLV,2024,4.965634
Equatorial Guinea,GNQ,1980,0
Equatorial Guinea,GNQ,1981,0
Equatorial Guinea,GNQ,1982,0
Equatorial Guinea,GNQ,1983,0
Equatorial Guinea,GNQ,1984,0
Equatorial Guinea,GNQ,1985,0
Equatorial Guinea,GNQ,1986,0
Equatorial Guinea,GNQ,1987,0
Equatorial Guinea,GNQ,1988,0
Equatorial Guinea,GNQ,1989,0
Equatorial Guinea,GNQ,1990,0
Equatorial Guinea,GNQ,1991,0
Equatorial Guinea,GNQ,1992,0
Equatorial Guinea,GNQ,1993,0
Equatorial Guinea,GNQ,1994,0
Equatorial Guinea,GNQ,1995,0
Equatorial Guinea,GNQ,1996,0
Equatorial Guinea,GNQ,1997,0
Equatorial Guinea,GNQ,1998,0.2167249
Equatorial Guinea,GNQ,1999,0.2167249
Equatorial Guinea,GNQ,2000,0.32508737
Equatorial Guinea,GNQ,2001,0.32508737
Equatorial Guinea,GNQ,2002,13.7620325
Equatorial Guinea,GNQ,2003,14.087119
Equatorial Guinea,GNQ,2004,1.0836246
Equatorial Guinea,GNQ,2005,14.087119
Equatorial Guinea,GNQ,2006,14.087119
Equatorial Guinea,GNQ,2007,16.155758
Equatorial Guinea,GNQ,2008,16.254368
Equatorial Guinea,GNQ,2009,16.79618
Equatorial Guinea,GNQ,2010,17.12127
Equatorial Guinea,GNQ,2011,17.554718
Equatorial Guinea,GNQ,2012,17.12127
Equatorial Guinea,GNQ,2013,15.820919
Equatorial Guinea,GNQ,2014,14.845657
Equatorial Guinea,GNQ,2015,12.895132
Equatorial Guinea,GNQ,2016,12.786771
Equatorial Guinea,GNQ,2017,23.191753
Equatorial Guinea,GNQ,2018,22.613752
Equatorial Guinea,GNQ,2019,22.112991
Equatorial Guinea,GNQ,2020,26.43236
Equatorial Guinea,GNQ,2021,31.095402
Equatorial Guinea,GNQ,2022,32.680138
Equatorial Guinea,GNQ,2023,32.035683
Equatorial Guinea,GNQ,2024,26.899343
Eritrea,ERI,1994,0
Eritrea,ERI,1995,0
Eritrea,ERI,1996,0
Eritrea,ERI,1997,0
Eritrea,ERI,1998,0
Eritrea,ERI,1999,0
Eritrea,ERI,2000,0
Eritrea,ERI,2001,0
Eritrea,ERI,2002,0
Eritrea,ERI,2003,0
Eritrea,ERI,2004,0
Eritrea,ERI,2005,0
Eritrea,ERI,2006,0
Eritrea,ERI,2007,0
Eritrea,ERI,2008,0
Eritrea,ERI,2009,0
Eritrea,ERI,2010,0
Eritrea,ERI,2011,0
Eritrea,ERI,2012,0
Eritrea,ERI,2013,0
Eritrea,ERI,2014,0
Eritrea,ERI,2015,0
Eritrea,ERI,2016,0
Eritrea,ERI,2017,0
Eritrea,ERI,2018,0
Eritrea,ERI,2019,0
Eritrea,ERI,2020,0
Eritrea,ERI,2021,0
Eritrea,ERI,2022,0
Eritrea,ERI,2023,0
Eritrea,ERI,2024,0
Estonia,EST,1985,10.486234
Estonia,EST,1986,9.530358
Estonia,EST,1987,10.325344
Estonia,EST,1988,11.120329
Estonia,EST,1989,11.120329
Estonia,EST,1990,14.21525
Estonia,EST,1991,14.27375
Estonia,EST,1992,8.34525
Estonia,EST,1993,4.1365
Estonia,EST,1994,5.94075
Estonia,EST,1995,6.7745
Estonia,EST,1996,7.4709997
Estonia,EST,1997,7.2595
Estonia,EST,1998,6.89
Estonia,EST,1999,6.6975
Estonia,EST,2000,7.6992497
Estonia,EST,2001,8.2625
Estonia,EST,2002,6.9284997
Estonia,EST,2003,7.90875
Estonia,EST,2004,9.008
Estonia,EST,2005,9.30025
Estonia,EST,2006,9.39875
Estonia,EST,2007,9.343
Estonia,EST,2008,8.9609995
Estonia,EST,2009,6.10725
Estonia,EST,2010,6.542
Estonia,EST,2011,5.85325
Estonia,EST,2012,6.343
Estonia,EST,2013,6.4535
Estonia,EST,2014,5.0655003
Estonia,EST,2015,4.541
Estonia,EST,2016,4.98075
Estonia,EST,2017,4.8887925
Estonia,EST,2018,5.003573
Estonia,EST,2019,4.660554
Estonia,EST,2020,4.3005
Estonia,EST,2021,4.8631897
Estonia,EST,2022,4.0366664
Estonia,EST,2023,3.1296751
Estonia,EST,2024,3.4200678
Estonia,EST,2025,3.088126
Eswatini,SWZ,1980,0
Eswatini,SWZ,1981,0
Eswatini,SWZ,1982,0
Eswatini,SWZ,1983,0
Eswatini,SWZ,1984,0
Eswatini,SWZ,1985,0
Eswatini,SWZ,1986,0
Eswatini,SWZ,1987,0
Eswatini,SWZ,1988,0
Eswatini,SWZ,1989,0
Eswatini,SWZ,1990,0
Eswatini,SWZ,1991,0
Eswatini,SWZ,1992,0
Eswatini,SWZ,1993,0
Eswatini,SWZ,1994,0
Eswatini,SWZ,1995,0
Eswatini,SWZ,1996,0
Eswatini,SWZ,1997,0
Eswatini,SWZ,1998,0
Eswatini,SWZ,1999,0
Eswatini,SWZ,2000,0
Eswatini,SWZ,2001,0
Eswatini,SWZ,2002,0
Eswatini,SWZ,2003,0
Eswatini,SWZ,2004,0
Eswatini,SWZ,2005,0
Eswatini,SWZ,2006,0
Eswatini,SWZ,2007,0
Eswatini,SWZ,2008,0
Eswatini,SWZ,2009,0
Eswatini,SWZ,2010,0
Eswatini,SWZ,2011,0
Eswatini,SWZ,2012,0
Eswatini,SWZ,2013,0
Eswatini,SWZ,2014,0
Eswatini,SWZ,2015,0
Eswatini,SWZ,2016,0
Eswatini,SWZ,2017,0
Eswatini,SWZ,2018,0
Eswatini,SWZ,2019,0
Eswatini,SWZ,2020,0
Eswatini,SWZ,2021,0
Eswatini,SWZ,2022,0
Eswatini,SWZ,2023,0
Eswatini,SWZ,2024,0
Ethiopia,ETH,1980,0
Ethiopia,ETH,1981,0
Ethiopia,ETH,1982,0
Ethiopia,ETH,1983,0
Ethiopia,ETH,1984,0
Ethiopia,ETH,1985,0
Ethiopia,ETH,1986,0
Ethiopia,ETH,1987,0
Ethiopia,ETH,1988,0
Ethiopia,ETH,1989,0
Ethiopia,ETH,1990,0
Ethiopia,ETH,1991,0
Ethiopia,ETH,1992,0
Ethiopia,ETH,1993,0
Ethiopia,ETH,1994,0
Ethiopia,ETH,1995,0
Ethiopia,ETH,1996,0
Ethiopia,ETH,1997,0
Ethiopia,ETH,1998,0
Ethiopia,ETH,1999,0
Ethiopia,ETH,2000,0
Ethiopia,ETH,2001,0
Ethiopia,ETH,2002,0
Ethiopia,ETH,2003,0
Ethiopia,ETH,2004,0
Ethiopia,ETH,2005,0
Ethiopia,ETH,2006,0
Ethiopia,ETH,2007,0
Ethiopia,ETH,2008,0
Ethiopia,ETH,2009,0
Ethiopia,ETH,2010,0
Ethiopia,ETH,2011,0
Ethiopia,ETH,2012,0
Ethiopia,ETH,2013,0
Ethiopia,ETH,2014,0
Ethiopia,ETH,2015,0
Ethiopia,ETH,2016,0
Ethiopia,ETH,2017,0
Ethiopia,ETH,2018,0
Ethiopia,ETH,2019,0
Ethiopia,ETH,2020,0
Ethiopia,ETH,2021,0
Ethiopia,ETH,2022,0
Ethiopia,ETH,2023,0
Ethiopia,ETH,2024,0
Europe,OWID_EUR,1965,1595.9036
Europe,OWID_EUR,1966,1786.6346
Europe,OWID_EUR,1967,2008.7863
Europe,OWID_EUR,1968,2280.0083
Europe,OWID_EUR,1969,2583.9653
Europe,OWID_EUR,1970,2980.2356
Europe,OWID_EUR,1971,3407.7761
Europe,OWID_EUR,1972,3805.59
Europe,OWID_EUR,1973,4218.347
Europe,OWID_EUR,1974,4606.6035
Europe,OWID_EUR,1975,4989.5654
Europe,OWID_EUR,1976,5461.0176
Europe,OWID_EUR,1977,5792.3145
Europe,OWID_EUR,1978,6109.8335
Europe,OWID_EUR,1979,6470.533
Europe,OWID_EUR,1980,6579.6167
Europe,OWID_EUR,1981,6774.2754
Europe,OWID_EUR,1982,7038.406
Europe,OWID_EUR,1983,7458.5693
Europe,OWID_EUR,1984,8014.5737
Europe,OWID_EUR,1985,7673.371
Europe,OWID_EUR,1986,7815.6396
Europe,OWID_EUR,1987,8216.1875
Europe,OWID_EUR,1988,8473.379
Europe,OWID_EUR,1989,8641.2295
Europe,OWID_EUR,1990,9065.899
Europe,OWID_EUR,1991,9232.273
Europe,OWID_EUR,1992,8846.303
Europe,OWID_EUR,1993,8842.119
Europe,OWID_EUR,1994,8438.882
Europe,OWID_EUR,1995,8537.651
Europe,OWID_EUR,1996,9068.158
Europe,OWID_EUR,1997,8655.78
Europe,OWID_EUR,1998,8868.485
Europe,OWID_EUR,1999,9048.179
Europe,OWID_EUR,2000,9259.316
Europe,OWID_EUR,2001,9413.887
Europe,OWID_EUR,2002,9468.499
Europe,OWID_EUR,2003,9779.315
Europe,OWID_EUR,2004,10045.516
Europe,OWID_EUR,2005,10212.56
Europe,OWID_EUR,2006,10348.118
Europe,OWID_EUR,2007,10317.486
Europe,OWID_EUR,2008,10336.46
Europe,OWID_EUR,2009,9586.96
Europe,OWID_EUR,2010,10321.26
Europe,OWID_EUR,2011,9939.427
Europe,OWID_EUR,2012,9708.878
Europe,OWID_EUR,2013,9549.503
Europe,OWID_EUR,2014,8948.363
Europe,OWID_EUR,2015,8898.474
Europe,OWID_EUR,2016,9310.265
Europe,OWID_EUR,2017,9569.353
Europe,OWID_EUR,2018,9747.794
Europe,OWID_EUR,2019,9754.229
Europe,OWID_EUR,2020,9371.141
Europe,OWID_EUR,2021,9645.835
Europe,OWID_EUR,2022,9113.951
Europe,OWID_EUR,2023,8892.904
Europe,OWID_EUR,2024,9094.283
Europe,OWID_EUR,2025,9216.587
Europe (EI),,1965,379.14532
Europe (EI),,1966,429.26025
Europe (EI),,1967,514.3611
Europe (EI),,1968,666.4043
Europe (EI),,1969,859.53156
Europe (EI),,1970,1085.3883
Europe (EI),,1971,1336.5579
Europe (EI),,1972,1627.1074
Europe (EI),,1973,1849.1982
Europe (EI),,1974,2094.4465
Europe (EI),,1975,2248.5957
Europe (EI),,1976,2444.7502
Europe (EI),,1977,2560.3447
Europe (EI),,1978,2663.3577
Europe (EI),,1979,2811.9321
Europe (EI),,1980,2808.8428
Europe (EI),,1981,2781.2327
Europe (EI),,1982,2728.2874
Europe (EI),,1983,2837.0486
Europe (EI),,1984,2971.7595
Europe (EI),,1985,4026.4607
Europe (EI),,1986,4129.31
Europe (EI),,1987,4311.6753
Europe (EI),,1988,4348.913
Europe (EI),,1989,4469.7007
Europe (EI),,1990,4826.9204
Europe (EI),,1991,4886.9404
Europe (EI),,1992,4618.964
Europe (EI),,1993,4642.214
Europe (EI),,1994,4508.473
Europe (EI),,1995,4762.9824
Europe (EI),,1996,5277.245
Europe (EI),,1997,5155.936
Europe (EI),,1998,5230.537
Europe (EI),,1999,5438.863
Europe (EI),,2000,5584.936
Europe (EI),,2001,5694.592
Europe (EI),,2002,5712.716
Europe (EI),,2003,5971.038
Europe (EI),,2004,6115.666
Europe (EI),,2005,6275.7554
Europe (EI),,2006,6228.78
Europe (EI),,2007,6173.506
Europe (EI),,2008,6262.551
Europe (EI),,2009,5776.969
Europe (EI),,2010,6232.984
Europe (EI),,2011,5809.2026
Europe (EI),,2012,5661.7095
Europe (EI),,2013,5547.791
Europe (EI),,2014,5001.632
Europe (EI),,2015,5092.326
Europe (EI),,2016,5370.9717
Europe (EI),,2017,5591.94
Europe (EI),,2018,5481.9834
Europe (EI),,2019,5553.0317
Europe (EI),,2020,5420.9487
Europe (EI),,2021,5715.649
Europe (EI),,2022,4954.6714
Europe (EI),,2023,4607.75
Europe (EI),,2024,4640.277
Europe (EI),,2025,4821.261
European Union (27),OWID_EU27,1965,367.09137
European Union (27),OWID_EU27,1966,416.64465
European Union (27),OWID_EU27,1967,495.35828
European Union (27),OWID_EU27,1968,628.4308
European Union (27),OWID_EU27,1969,789.8719
European Union (27),OWID_EU27,1970,956.7552
European Union (27),OWID_EU27,1971,1133.0685
European Union (27),OWID_EU27,1972,1340.7645
European Union (27),OWID_EU27,1973,1538.9799
European Union (27),OWID_EU27,1974,1723.5646
European Union (27),OWID_EU27,1975,1857.8682
European Union (27),OWID_EU27,1976,2030.1902
European Union (27),OWID_EU27,1977,2115.3977
European Union (27),OWID_EU27,1978,2197.0815
European Union (27),OWID_EU27,1979,2298.7844
European Union (27),OWID_EU27,1980,2290.25
European Union (27),OWID_EU27,1981,2253.8933
European Union (27),OWID_EU27,1982,2193.6873
European Union (27),OWID_EU27,1983,2276.897
European Union (27),OWID_EU27,1984,2394.411
European Union (27),OWID_EU27,1985,2511.4229
European Union (27),OWID_EU27,1986,2547.8074
European Union (27),OWID_EU27,1987,2681.7915
European Union (27),OWID_EU27,1988,2679.2012
European Union (27),OWID_EU27,1989,2773.6245
European Union (27),OWID_EU27,1990,2913.043
European Union (27),OWID_EU27,1991,2982.0686
European Union (27),OWID_EU27,1992,2883.6973
European Union (27),OWID_EU27,1993,2941.9368
European Union (27),OWID_EU27,1994,2905.9587
European Union (27),OWID_EU27,1995,3147.9517
European Union (27),OWID_EU27,1996,3419.71
European Union (27),OWID_EU27,1997,3328.0767
European Union (27),OWID_EU27,1998,3419.5999
European Union (27),OWID_EU27,1999,3505.4229
European Union (27),OWID_EU27,2000,3588.8413
European Union (27),OWID_EU27,2001,3713.2803
European Union (27),OWID_EU27,2002,3739.979
European Union (27),OWID_EU27,2003,3941.938
European Union (27),OWID_EU27,2004,4048.0625
European Union (27),OWID_EU27,2005,4186.892
European Union (27),OWID_EU27,2006,4173.6826
European Union (27),OWID_EU27,2007,4105.0317
European Union (27),OWID_EU27,2008,4191.5796
European Union (27),OWID_EU27,2009,3937.0547
European Union (27),OWID_EU27,2010,4232.242
European Union (27),OWID_EU27,2011,3895.5493
European Union (27),OWID_EU27,2012,3826.446
European Union (27),OWID_EU27,2013,3749.2373
European Union (27),OWID_EU27,2014,3315.4944
European Union (27),OWID_EU27,2015,3467.6309
European Union (27),OWID_EU27,2016,3686.1738
European Union (27),OWID_EU27,2017,3859.271
European Union (27),OWID_EU27,2018,3786.6582
European Union (27),OWID_EU27,2019,3925.0315
European Union (27),OWID_EU27,2020,3799.5745
European Union (27),OWID_EU27,2021,3969.6152
European Union (27),OWID_EU27,2022,3416.901
European Union (27),OWID_EU27,2023,3169.3862
European Union (27),OWID_EU27,2024,3195.2424
European Union (27),OWID_EU27,2025,3292.238
Falkland Islands,FLK,1980,0
Falkland Islands,FLK,1981,0
Falkland Islands,FLK,1982,0
Falkland Islands,FLK,1983,0
Falkland Islands,FLK,1984,0
Falkland Islands,FLK,1985,0
Falkland Islands,FLK,1986,0
Falkland Islands,FLK,1987,0
Falkland Islands,FLK,1988,0
Falkland Islands,FLK,1989,0
Falkland Islands,FLK,1990,0
Falkland Islands,FLK,1991,0
Falkland Islands,FLK,1992,0
Falkland Islands,FLK,1993,0
Falkland Islands,FLK,1994,0
Falkland Islands,FLK,1995,0
Falkland Islands,FLK,1996,0
Falkland Islands,FLK,1997,0
Falkland Islands,FLK,1998,0
Falkland Islands,FLK,1999,0
Falkland Islands,FLK,2000,0
Falkland Islands,FLK,2001,0
Falkland Islands,FLK,2002,0
Falkland Islands,FLK,2003,0
Falkland Islands,FLK,2004,0
Falkland Islands,FLK,2005,0
Falkland Islands,FLK,2006,0
Falkland Islands,FLK,2007,0
Falkland Islands,FLK,2008,0
Falkland Islands,FLK,2009,0
Falkland Islands,FLK,2010,0
Falkland Islands,FLK,2011,0
Falkland Islands,FLK,2012,0
Falkland Islands,FLK,2013,0
Falkland Islands,FLK,2014,0
Falkland Islands,FLK,2015,0
Falkland Islands,FLK,2016,0
Falkland Islands,FLK,2017,0
Falkland Islands,FLK,2018,0
Falkland Islands,FLK,2019,0
Falkland Islands,FLK,2020,0
Falkland Islands,FLK,2021,0
Falkland Islands,FLK,2022,0
Falkland Islands,FLK,2023,0
Falkland Islands,FLK,2024,0
Faroe Islands,FRO,1980,0
Faroe Islands,FRO,1981,0
Faroe Islands,FRO,1982,0
Faroe Islands,FRO,1983,0
Faroe Islands,FRO,1984,0
Faroe Islands,FRO,1985,0
Faroe Islands,FRO,1986,0
Faroe Islands,FRO,1987,0
Faroe Islands,FRO,1988,0
Faroe Islands,FRO,1989,0
Faroe Islands,FRO,1990,0
Faroe Islands,FRO,1991,0
Faroe Islands,FRO,1992,0
Faroe Islands,FRO,1993,0
Faroe Islands,FRO,1994,0
Faroe Islands,FRO,1995,0
Faroe Islands,FRO,1996,0
Faroe Islands,FRO,1997,0
Faroe Islands,FRO,1998,0
Faroe Islands,FRO,1999,0
Faroe Islands,FRO,2000,0
Faroe Islands,FRO,2001,0
Faroe Islands,FRO,2002,0
Faroe Islands,FRO,2003,0
Faroe Islands,FRO,2004,0
Faroe Islands,FRO,2005,0
Faroe Islands,FRO,2006,0
Faroe Islands,FRO,2007,0
Faroe Islands,FRO,2008,0
Faroe Islands,FRO,2009,0
Faroe Islands,FRO,2010,0
Faroe Islands,FRO,2011,0
Faroe Islands,FRO,2012,0
Faroe Islands,FRO,2013,0
Faroe Islands,FRO,2014,0
Faroe Islands,FRO,2015,0
Faroe Islands,FRO,2016,0
Faroe Islands,FRO,2017,0
Faroe Islands,FRO,2018,0
Faroe Islands,FRO,2019,0
Faroe Islands,FRO,2020,0
Faroe Islands,FRO,2021,0
Faroe Islands,FRO,2022,0
Faroe Islands,FRO,2023,0
Faroe Islands,FRO,2024,0
Fiji,FJI,1980,0
Fiji,FJI,1981,0
Fiji,FJI,1982,0
Fiji,FJI,1983,0
Fiji,FJI,1984,0
Fiji,FJI,1985,0
Fiji,FJI,1986,0
Fiji,FJI,1987,0
Fiji,FJI,1988,0
Fiji,FJI,1989,0
Fiji,FJI,1990,0
Fiji,FJI,1991,0
Fiji,FJI,1992,0
Fiji,FJI,1993,0
Fiji,FJI,1994,0
Fiji,FJI,1995,0
Fiji,FJI,1996,0
Fiji,FJI,1997,0
Fiji,FJI,1998,0
Fiji,FJI,1999,0
Fiji,FJI,2000,0
Fiji,FJI,2001,0
Fiji,FJI,2002,0
Fiji,FJI,2003,0
Fiji,FJI,2004,0
Fiji,FJI,2005,0
Fiji,FJI,2006,0
Fiji,FJI,2007,0
Fiji,FJI,2008,0
Fiji,FJI,2009,0
Fiji,FJI,2010,0
Fiji,FJI,2011,0
Fiji,FJI,2012,0
Fiji,FJI,2013,0
Fiji,FJI,2014,0
Fiji,FJI,2015,0
Fiji,FJI,2016,0
Fiji,FJI,2017,0
Fiji,FJI,2018,0
Fiji,FJI,2019,0
Fiji,FJI,2020,0
Fiji,FJI,2021,0
Fiji,FJI,2022,0
Fiji,FJI,2023,0
Fiji,FJI,2024,0
Finland,FIN,1974,4.4444447
Finland,FIN,1975,7.355
Finland,FIN,1976,8.618334
Finland,FIN,1977,8.764999
Finland,FIN,1978,9.543334
Finland,FIN,1979,9.509444
Finland,FIN,1980,8.945555
Finland,FIN,1981,7.1180553
Finland,FIN,1982,6.7233334
Finland,FIN,1983,6.520278
Finland,FIN,1984,7.467778
Finland,FIN,1985,9.475555
Finland,FIN,1986,11.472222
Finland,FIN,1987,15.172223
Finland,FIN,1988,16.32
Finland,FIN,1989,21.4
Finland,FIN,1990,25.21
Finland,FIN,1991,26.57
Finland,FIN,1992,27.59
Finland,FIN,1993,28.51
Finland,FIN,1994,31.470001
Finland,FIN,1995,32.68
Finland,FIN,1996,34.189445
Finland,FIN,1997,33.638332
Finland,FIN,1998,38.53639
Finland,FIN,1999,38.58
Finland,FIN,2000,39.41
Finland,FIN,2001,42.76
Finland,FIN,2002,42.460003
Finland,FIN,2003,47
Finland,FIN,2004,45.280003
Finland,FIN,2005,41.43
Finland,FIN,2006,44.280003
Finland,FIN,2007,40.960003
Finland,FIN,2008,41.880554
Finland,FIN,2009,37.38
Finland,FIN,2010,41.3
Finland,FIN,2011,36.12
Finland,FIN,2012,31.945
Finland,FIN,2013,29.706667
Finland,FIN,2014,26.556667
Finland,FIN,2015,22.878613
Finland,FIN,2016,20.079723
Finland,FIN,2017,18.273056
Finland,FIN,2018,21.008888
Finland,FIN,2019,20.34639
Finland,FIN,2020,20.644722
Finland,FIN,2021,20.754168
Finland,FIN,2022,10.537223
Finland,FIN,2023,11.428056
Finland,FIN,2024,12.737222
Finland,FIN,2025,11.192222
France,FRA,1965,50.046993
France,FRA,1966,52.7965
France,FRA,1967,60.339256
France,FRA,1968,72.156494
France,FRA,1969,83.850494
France,FRA,1970,95.52925
France,FRA,1971,113.2255
France,FRA,1972,133.88774
France,FRA,1973,157.0365
France,FRA,1974,163.95924
France,FRA,1975,182.87
France,FRA,1976,196.45325
France,FRA,1977,205.08525
France,FRA,1978,218.7795
France,FRA,1979,242.37599
France,FRA,1980,251.71976
France,FRA,1981,255.717
France,FRA,1982,245.77225
France,FRA,1983,261.80252
France,FRA,1984,266.992
France,FRA,1985,285.7915
France,FRA,1986,287.41525
France,FRA,1987,290.816
France,FRA,1988,289.36124
France,FRA,1989,283.14777
France,FRA,1990,302.7535
France,FRA,1991,331.66623
France,FRA,1992,330.99
France,FRA,1993,338.51474
France,FRA,1994,323.15027
France,FRA,1995,343.97824
France,FRA,1996,380.1465
France,FRA,1997,364.46927
France,FRA,1998,388.59476
France,FRA,1999,396.21152
France,FRA,2000,415.9635
France,FRA,2001,436.684
France,FRA,2002,435.94275
France,FRA,2003,457.26825
France,FRA,2004,466.92523
France,FRA,2005,477.12573
France,FRA,2006,460.80548
France,FRA,2007,447.60925
France,FRA,2008,463.8645
France,FRA,2009,447.31073
France,FRA,2010,495.6445
France,FRA,2011,430.19037
France,FRA,2012,444.44296
France,FRA,2013,451.43155
France,FRA,2014,379.08353
France,FRA,2015,407.51764
France,FRA,2016,445.29938
France,FRA,2017,447.65698
France,FRA,2018,427.73114
France,FRA,2019,435.67624
France,FRA,2020,405.18387
France,FRA,2021,430.06158
France,FRA,2022,385.8212
France,FRA,2023,340.1094
France,FRA,2024,318.18982
France,FRA,2025,305.97708
French Guiana,GUF,1980,0
French Guiana,GUF,1981,0
French Guiana,GUF,1982,0
French Guiana,GUF,1983,0
French Guiana,GUF,1984,0
French Guiana,GUF,1985,0
French Guiana,GUF,1986,0
French Guiana,GUF,1987,0
French Guiana,GUF,1988,0
French Guiana,GUF,1989,0
French Guiana,GUF,1990,0
French Guiana,GUF,1991,0
French Guiana,GUF,1992,0
French Guiana,GUF,1993,0
French Guiana,GUF,1994,0
French Guiana,GUF,1995,0
French Guiana,GUF,1996,0
French Guiana,GUF,1997,0
French Guiana,GUF,1998,0
French Guiana,GUF,1999,0
French Guiana,GUF,2000,0
French Guiana,GUF,2001,0
French Guiana,GUF,2002,0
French Guiana,GUF,2003,0
French Guiana,GUF,2004,0
French Guiana,GUF,2005,0
French Guiana,GUF,2006,0
French Guiana,GUF,2007,0
French Guiana,GUF,2008,0
French Guiana,GUF,2009,0
French Guiana,GUF,2010,0
French Guiana,GUF,2011,0
French Polynesia,PYF,1980,0
French Polynesia,PYF,1981,0
French Polynesia,PYF,1982,0
French Polynesia,PYF,1983,0
French Polynesia,PYF,1984,0
French Polynesia,PYF,1985,0
French Polynesia,PYF,1986,0
French Polynesia,PYF,1987,0
French Polynesia,PYF,1988,0
French Polynesia,PYF,1989,0
French Polynesia,PYF,1990,0
French Polynesia,PYF,1991,0
French Polynesia,PYF,1992,0
French Polynesia,PYF,1993,0
French Polynesia,PYF,1994,0
French Polynesia,PYF,1995,0
French Polynesia,PYF,1996,0
French Polynesia,PYF,1997,0
French Polynesia,PYF,1998,0
French Polynesia,PYF,1999,0
French Polynesia,PYF,2000,0
French Polynesia,PYF,2001,0
French Polynesia,PYF,2002,0
French Polynesia,PYF,2003,0
French Polynesia,PYF,2004,0
French Polynesia,PYF,2005,0
French Polynesia,PYF,2006,0
French Polynesia,PYF,2007,0
French Polynesia,PYF,2008,0
French Polynesia,PYF,2009,0
French Polynesia,PYF,2010,0
French Polynesia,PYF,2011,0
French Polynesia,PYF,2012,0
French Polynesia,PYF,2013,0
French Polynesia,PYF,2014,0
French Polynesia,PYF,2015,0
French Polynesia,PYF,2016,0
French Polynesia,PYF,2017,0
French Polynesia,PYF,2018,0
French Polynesia,PYF,2019,0
French Polynesia,PYF,2020,0
French Polynesia,PYF,2021,0
French Polynesia,PYF,2022,0
French Polynesia,PYF,2023,0
French Polynesia,PYF,2024,0
Gabon,GAB,1980,0.7671135
Gabon,GAB,1981,0.6443754
Gabon,GAB,1982,0.61369085
Gabon,GAB,1983,1.6262808
Gabon,GAB,1984,1.6262808
Gabon,GAB,1985,0.61369085
Gabon,GAB,1986,0.30684543
Gabon,GAB,1987,1.2580662
Gabon,GAB,1988,1.073959
Gabon,GAB,1989,0.9819053
Gabon,GAB,1990,0.9205362
Gabon,GAB,1991,1.0888692
Gabon,GAB,1992,1.0836246
Gabon,GAB,1993,1.0836246
Gabon,GAB,1994,1.0831643
Gabon,GAB,1995,1.0831643
Gabon,GAB,1996,1.0836246
Gabon,GAB,1997,1.0836246
Gabon,GAB,1998,1.0836246
Gabon,GAB,1999,1.0836246
Gabon,GAB,2000,0.8668996
Gabon,GAB,2001,0.8668996
Gabon,GAB,2002,0.9752621
Gabon,GAB,2003,0.9752621
Gabon,GAB,2004,1.0836246
Gabon,GAB,2005,1.0836246
Gabon,GAB,2006,1.0836246
Gabon,GAB,2007,0.8668996
Gabon,GAB,2008,0.8668996
Gabon,GAB,2009,0.8668996
Gabon,GAB,2010,0.8668996
Gabon,GAB,2011,0.7585372
Gabon,GAB,2012,4.1719546
Gabon,GAB,2013,3.445926
Gabon,GAB,2014,4.5512233
Gabon,GAB,2015,4.096101
Gabon,GAB,2016,4.106937
Gabon,GAB,2017,5.2769175
Gabon,GAB,2018,5.742097
Gabon,GAB,2019,5.027975
Gabon,GAB,2020,5.4391365
Gabon,GAB,2021,4.91853
Gabon,GAB,2022,5.0169005
Gabon,GAB,2023,5.0171394
Gabon,GAB,2024,5.1726704
Gambia,GMB,1980,0
Gambia,GMB,1981,0
Gambia,GMB,1982,0
Gambia,GMB,1983,0
Gambia,GMB,1984,0
Gambia,GMB,1985,0
Gambia,GMB,1986,0
Gambia,GMB,1987,0
Gambia,GMB,1988,0
Gambia,GMB,1989,0
Gambia,GMB,1990,0
Gambia,GMB,1991,0
Gambia,GMB,1992,0
Gambia,GMB,1993,0
Gambia,GMB,1994,0
Gambia,GMB,1995,0
Gambia,GMB,1996,0
Gambia,GMB,1997,0
Gambia,GMB,1998,0
Gambia,GMB,1999,0
Gambia,GMB,2000,0
Gambia,GMB,2001,0
Gambia,GMB,2002,0
Gambia,GMB,2003,0
Gambia,GMB,2004,0
Gambia,GMB,2005,0
Gambia,GMB,2006,0
Gambia,GMB,2007,0
Gambia,GMB,2008,0
Gambia,GMB,2009,0
Gambia,GMB,2010,0
Gambia,GMB,2011,0
Gambia,GMB,2012,0
Gambia,GMB,2013,0
Gambia,GMB,2014,0
Gambia,GMB,2015,0
Gambia,GMB,2016,0
Gambia,GMB,2017,0
Gambia,GMB,2018,0
Gambia,GMB,2019,0
Gambia,GMB,2020,0
Gambia,GMB,2021,0
Gambia,GMB,2022,0
Gambia,GMB,2023,0
Gambia,GMB,2024,0
Georgia,GEO,1992,54.182762
Georgia,GEO,1993,26.008217
Georgia,GEO,1994,17.336765
Georgia,GEO,1995,22.755655
Georgia,GEO,1996,19.506163
Georgia,GEO,1997,20.588867
Georgia,GEO,1998,20.155416
Georgia,GEO,1999,12.5700445
Georgia,GEO,2000,13.111857
Georgia,GEO,2001,12.5700445
Georgia,GEO,2002,15.8379965
Georgia,GEO,2003,11.097371
Georgia,GEO,2004,13.252201
Georgia,GEO,2005,15.891867
Georgia,GEO,2006,15.191546
Georgia,GEO,2007,18.733044
Georgia,GEO,2008,18.872042
Georgia,GEO,2009,18.653868
Georgia,GEO,2010,17.740498
Georgia,GEO,2011,16.101254
Georgia,GEO,2012,19.110126
Georgia,GEO,2013,21.914097
Georgia,GEO,2014,23.520987
Georgia,GEO,2015,25.88277
Georgia,GEO,2016,24.26511
Georgia,GEO,2017,24.696487
Georgia,GEO,2018,24.356792
Georgia,GEO,2019,27.571888
Georgia,GEO,2020,27.38851
Georgia,GEO,2021,28.483147
Georgia,GEO,2022,34.519512
Georgia,GEO,2023,34.603935
Georgia,GEO,2024,35.06556
Germany,DEU,1965,30.975674
Germany,DEU,1966,37.229923
Germany,DEU,1967,47.988647
Germany,DEU,1968,78.86974
Germany,DEU,1969,112.316376
Germany,DEU,1970,159.73753
Germany,DEU,1971,211.02473
Germany,DEU,1972,273.22437
Germany,DEU,1973,352.33054
Germany,DEU,1974,440.76492
Germany,DEU,1975,465.1435
Germany,DEU,1976,492.28857
Germany,DEU,1977,522.7913
Germany,DEU,1978,560.4233
Germany,DEU,1979,619.478
Germany,DEU,1980,610.7291
Germany,DEU,1981,583.9388
Germany,DEU,1982,541.8615
Germany,DEU,1983,563.34344
Germany,DEU,1984,588.30133
Germany,DEU,1985,581.49146
Germany,DEU,1986,579.8007
Germany,DEU,1987,628.617
Germany,DEU,1988,618.8514
Germany,DEU,1989,633.358
Germany,DEU,1990,636.8833
Germany,DEU,1991,669.1928
Germany,DEU,1992,661.6269
Germany,DEU,1993,700.1133
Germany,DEU,1994,712.92725
Germany,DEU,1995,777.3736
Germany,DEU,1996,869.91
Germany,DEU,1997,831.03357
Germany,DEU,1998,838.65027
Germany,DEU,1999,836.19086
Germany,DEU,2000,829.24585
Germany,DEU,2001,874.48193
Germany,DEU,2002,873.1278
Germany,DEU,2003,883.7197
Germany,DEU,2004,888.2105
Germany,DEU,2005,902.8105
Germany,DEU,2006,920.069
Germany,DEU,2007,886.36194
Germany,DEU,2008,895.00635
Germany,DEU,2009,844.3012
Germany,DEU,2010,880.71246
Germany,DEU,2011,808.6072
Germany,DEU,2012,811.1005
Germany,DEU,2013,849.74335
Germany,DEU,2014,738.9503
Germany,DEU,2015,769.5361
Germany,DEU,2016,848.8475
Germany,DEU,2017,877.38477
Germany,DEU,2018,858.5072
Germany,DEU,2019,892.8303
Germany,DEU,2020,871.075
Germany,DEU,2021,917.38025
Germany,DEU,2022,755.8128
Germany,DEU,2023,727.9709
Germany,DEU,2024,757.63837
Germany,DEU,2025,785.19025
Ghana,GHA,1980,0
Ghana,GHA,1981,0
Ghana,GHA,1982,0
Ghana,GHA,1983,0
Ghana,GHA,1984,0
Ghana,GHA,1985,0
Ghana,GHA,1986,0
Ghana,GHA,1987,0
Ghana,GHA,1988,0
Ghana,GHA,1989,0
Ghana,GHA,1990,0
Ghana,GHA,1991,0
Ghana,GHA,1992,0
Ghana,GHA,1993,0
Ghana,GHA,1994,0
Ghana,GHA,1995,0
Ghana,GHA,1996,0
Ghana,GHA,1997,0
Ghana,GHA,1998,0
Ghana,GHA,1999,0
Ghana,GHA,2000,0
Ghana,GHA,2001,0
Ghana,GHA,2002,0
Ghana,GHA,2003,0
Ghana,GHA,2004,0
Ghana,GHA,2005,0
Ghana,GHA,2006,0
Ghana,GHA,2007,0
Ghana,GHA,2008,0
Ghana,GHA,2009,0
Ghana,GHA,2010,1.3003495
Ghana,GHA,2011,8.994084
Ghana,GHA,2012,4.3344984
Ghana,GHA,2013,6.501747
Ghana,GHA,2014,7.0435596
Ghana,GHA,2015,13.804855
Ghana,GHA,2016,8.067285
Ghana,GHA,2017,13.348336
Ghana,GHA,2018,19.112263
Ghana,GHA,2019,23.222425
Ghana,GHA,2020,35.112545
Ghana,GHA,2021,37.1412
Ghana,GHA,2022,40.76929
Ghana,GHA,2023,41.18251
Ghana,GHA,2024,45.985672
Gibraltar,GIB,1980,0
Gibraltar,GIB,1981,0
Gibraltar,GIB,1982,0
Gibraltar,GIB,1983,0
Gibraltar,GIB,1984,0
Gibraltar,GIB,1985,0
Gibraltar,GIB,1986,0
Gibraltar,GIB,1987,0
Gibraltar,GIB,1988,0
Gibraltar,GIB,1989,0
Gibraltar,GIB,1990,0
Gibraltar,GIB,1991,0
Gibraltar,GIB,1992,0
Gibraltar,GIB,1993,0
Gibraltar,GIB,1994,0
Gibraltar,GIB,1995,0
Gibraltar,GIB,1996,0
Gibraltar,GIB,1997,0
Gibraltar,GIB,1998,0
Gibraltar,GIB,1999,0
Gibraltar,GIB,2000,0
Gibraltar,GIB,2001,0
Gibraltar,GIB,2002,0
Gibraltar,GIB,2003,0
Gibraltar,GIB,2004,0
Gibraltar,GIB,2005,0
Gibraltar,GIB,2006,0
Gibraltar,GIB,2007,0
Gibraltar,GIB,2008,0
Gibraltar,GIB,2009,0
Gibraltar,GIB,2010,0
Gibraltar,GIB,2011,0
Gibraltar,GIB,2012,0
Gibraltar,GIB,2013,0
Gibraltar,GIB,2014,0
Gibraltar,GIB,2015,0
Gibraltar,GIB,2016,0
Gibraltar,GIB,2017,0
Gibraltar,GIB,2018,0
Gibraltar,GIB,2019,0.8043029
Gibraltar,GIB,2020,0.90164196
Gibraltar,GIB,2021,0.99569076
Gibraltar,GIB,2022,0.8455053
Gibraltar,GIB,2023,0.83426696
Gibraltar,GIB,2024,0.65991676
Greece,GRC,1980,0
Greece,GRC,1981,0
Greece,GRC,1982,0.8435
Greece,GRC,1983,0.80399996
Greece,GRC,1984,0.8845
Greece,GRC,1985,0.83125
Greece,GRC,1986,1.13875
Greece,GRC,1987,1.3
Greece,GRC,1988,1.55925
Greece,GRC,1989,1.5725
Greece,GRC,1990,1.6065
Greece,GRC,1991,1.587
Greece,GRC,1992,1.4664999
Greece,GRC,1993,1.0815
Greece,GRC,1994,0.55324996
Greece,GRC,1995,0.51025003
Greece,GRC,1996,0.57325
Greece,GRC,1997,1.98875
Greece,GRC,1998,8.145165
Greece,GRC,1999,14.603706
Greece,GRC,2000,19.601875
Greece,GRC,2001,19.344769
Greece,GRC,2002,20.80514
Greece,GRC,2003,23.520193
Greece,GRC,2004,25.854729
Greece,GRC,2005,26.032501
Greece,GRC,2006,30.693
Greece,GRC,2007,38.867813
Greece,GRC,2008,45.02978
Greece,GRC,2009,37.812714
Greece,GRC,2010,41.439568
Greece,GRC,2011,51.09987
Greece,GRC,2012,46.964645
Greece,GRC,2013,41.45214
Greece,GRC,2014,31.60299
Greece,GRC,2015,34.126534
Greece,GRC,2016,44.420002
Greece,GRC,2017,53.57
Greece,GRC,2018,52.451
Greece,GRC,2019,57.583
Greece,GRC,2020,63.426598
Greece,GRC,2021,69.8031
Greece,GRC,2022,61.967
Greece,GRC,2023,53.822002
Greece,GRC,2024,66.689
Greece,GRC,2025,71.13
Greenland,GRL,1980,0
Greenland,GRL,1981,0
Greenland,GRL,1982,0
Greenland,GRL,1983,0
Greenland,GRL,1984,0
Greenland,GRL,1985,0
Greenland,GRL,1986,0
Greenland,GRL,1987,0
Greenland,GRL,1988,0
Greenland,GRL,1989,0
Greenland,GRL,1990,0
Greenland,GRL,1991,0
Greenland,GRL,1992,0
Greenland,GRL,1993,0
Greenland,GRL,1994,0
Greenland,GRL,1995,0
Greenland,GRL,1996,0
Greenland,GRL,1997,0
Greenland,GRL,1998,0
Greenland,GRL,1999,0
Greenland,GRL,2000,0
Greenland,GRL,2001,0
Greenland,GRL,2002,0
Greenland,GRL,2003,0
Greenland,GRL,2004,0
Greenland,GRL,2005,0
Greenland,GRL,2006,0
Greenland,GRL,2007,0
Greenland,GRL,2008,0
Greenland,GRL,2009,0
Greenland,GRL,2010,0
Greenland,GRL,2011,0
Greenland,GRL,2012,0
Greenland,GRL,2013,0
Greenland,GRL,2014,0
Greenland,GRL,2015,0
Greenland,GRL,2016,0
Greenland,GRL,2017,0
Greenland,GRL,2018,0
Greenland,GRL,2019,0
Greenland,GRL,2020,0
Greenland,GRL,2021,0
Greenland,GRL,2022,0
Greenland,GRL,2023,0
Greenland,GRL,2024,0
Grenada,GRD,1980,0
Grenada,GRD,1981,0
Grenada,GRD,1982,0
Grenada,GRD,1983,0
Grenada,GRD,1984,0
Grenada,GRD,1985,0
Grenada,GRD,1986,0
Grenada,GRD,1987,0
Grenada,GRD,1988,0
Grenada,GRD,1989,0
Grenada,GRD,1990,0
Grenada,GRD,1991,0
Grenada,GRD,1992,0
Grenada,GRD,1993,0
Grenada,GRD,1994,0
Grenada,GRD,1995,0
Grenada,GRD,1996,0
Grenada,GRD,1997,0
Grenada,GRD,1998,0
Grenada,GRD,1999,0
Grenada,GRD,2000,0
Grenada,GRD,2001,0
Grenada,GRD,2002,0
Grenada,GRD,2003,0
Grenada,GRD,2004,0
Grenada,GRD,2005,0
Grenada,GRD,2006,0
Grenada,GRD,2007,0
Grenada,GRD,2008,0
Grenada,GRD,2009,0
Grenada,GRD,2010,0
Grenada,GRD,2011,0
Grenada,GRD,2012,0
Grenada,GRD,2013,0
Grenada,GRD,2014,0
Grenada,GRD,2015,0
Grenada,GRD,2016,0
Grenada,GRD,2017,0
Grenada,GRD,2018,0
Grenada,GRD,2019,0
Grenada,GRD,2020,0
Grenada,GRD,2021,0
Grenada,GRD,2022,0
Grenada,GRD,2023,0
Grenada,GRD,2024,0
Guadeloupe,GLP,1980,0
Guadeloupe,GLP,1981,0
Guadeloupe,GLP,1982,0
Guadeloupe,GLP,1983,0
Guadeloupe,GLP,1984,0
Guadeloupe,GLP,1985,0
Guadeloupe,GLP,1986,0
Guadeloupe,GLP,1987,0
Guadeloupe,GLP,1988,0
Guadeloupe,GLP,1989,0
Guadeloupe,GLP,1990,0
Guadeloupe,GLP,1991,0
Guadeloupe,GLP,1992,0
Guadeloupe,GLP,1993,0
Guadeloupe,GLP,1994,0
Guadeloupe,GLP,1995,0
Guadeloupe,GLP,1996,0
Guadeloupe,GLP,1997,0
Guadeloupe,GLP,1998,0
Guadeloupe,GLP,1999,0
Guadeloupe,GLP,2000,0
Guadeloupe,GLP,2001,0
Guadeloupe,GLP,2002,0
Guadeloupe,GLP,2003,0
Guadeloupe,GLP,2004,0
Guadeloupe,GLP,2005,0
Guadeloupe,GLP,2006,0
Guadeloupe,GLP,2007,0
Guadeloupe,GLP,2008,0
Guadeloupe,GLP,2009,0
Guadeloupe,GLP,2010,0
Guadeloupe,GLP,2011,0
Guam,GUM,1980,0
Guam,GUM,1981,0
Guam,GUM,1982,0
Guam,GUM,1983,0
Guam,GUM,1984,0
Guam,GUM,1985,0
Guam,GUM,1986,0
Guam,GUM,1987,0
Guam,GUM,1988,0
Guam,GUM,1989,0
Guam,GUM,1990,0
Guam,GUM,1991,0
Guam,GUM,1992,0
Guam,GUM,1993,0
Guam,GUM,1994,0
Guam,GUM,1995,0
Guam,GUM,1996,0
Guam,GUM,1997,0
Guam,GUM,1998,0
Guam,GUM,1999,0
Guam,GUM,2000,0
Guam,GUM,2001,0
Guam,GUM,2002,0
Guam,GUM,2003,0
Guam,GUM,2004,0
Guam,GUM,2005,0
Guam,GUM,2006,0
Guam,GUM,2007,0
Guam,GUM,2008,0
Guam,GUM,2009,0
Guam,GUM,2010,0
Guam,GUM,2011,0
Guam,GUM,2012,0
Guam,GUM,2013,0
Guam,GUM,2014,0
Guam,GUM,2015,0
Guam,GUM,2016,0
Guam,GUM,2017,0
Guam,GUM,2018,0
Guam,GUM,2019,0
Guam,GUM,2020,0
Guam,GUM,2021,0
Guam,GUM,2022,0
Guam,GUM,2023,0
Guam,GUM,2024,0
Guatemala,GTM,1980,0
Guatemala,GTM,1981,0
Guatemala,GTM,1982,0
Guatemala,GTM,1983,0
Guatemala,GTM,1984,0
Guatemala,GTM,1985,0
Guatemala,GTM,1986,0
Guatemala,GTM,1987,0
Guatemala,GTM,1988,0
Guatemala,GTM,1989,0
Guatemala,GTM,1990,0
Guatemala,GTM,1991,0
Guatemala,GTM,1992,0
Guatemala,GTM,1993,0
Guatemala,GTM,1994,0
Guatemala,GTM,1995,0
Guatemala,GTM,1996,0
Guatemala,GTM,1997,0
Guatemala,GTM,1998,0
Guatemala,GTM,1999,0
Guatemala,GTM,2000,0
Guatemala,GTM,2001,0
Guatemala,GTM,2002,0
Guatemala,GTM,2003,0
Guatemala,GTM,2004,0
Guatemala,GTM,2005,0
Guatemala,GTM,2006,0
Guatemala,GTM,2007,0
Guatemala,GTM,2008,0
Guatemala,GTM,2009,0
Guatemala,GTM,2010,0
Guatemala,GTM,2011,0
Guatemala,GTM,2012,0
Guatemala,GTM,2013,0
Guatemala,GTM,2014,0
Guatemala,GTM,2015,0
Guatemala,GTM,2016,0
Guatemala,GTM,2017,0
Guatemala,GTM,2018,0.7250222
Guatemala,GTM,2019,0.75227815
Guatemala,GTM,2020,0.7240753
Guatemala,GTM,2021,0.7749795
Guatemala,GTM,2022,0.7790111
Guatemala,GTM,2023,0.73329234
Guatemala,GTM,2024,0.77704364
Guinea,GIN,1980,0
Guinea,GIN,1981,0
Guinea,GIN,1982,0
Guinea,GIN,1983,0
Guinea,GIN,1984,0
Guinea,GIN,1985,0
Guinea,GIN,1986,0
Guinea,GIN,1987,0
Guinea,GIN,1988,0
Guinea,GIN,1989,0
Guinea,GIN,1990,0
Guinea,GIN,1991,0
Guinea,GIN,1992,0
Guinea,GIN,1993,0
Guinea,GIN,1994,0
Guinea,GIN,1995,0
Guinea,GIN,1996,0
Guinea,GIN,1997,0
Guinea,GIN,1998,0
Guinea,GIN,1999,0
Guinea,GIN,2000,0
Guinea,GIN,2001,0
Guinea,GIN,2002,0
Guinea,GIN,2003,0
Guinea,GIN,2004,0
Guinea,GIN,2005,0
Guinea,GIN,2006,0
Guinea,GIN,2007,0
Guinea,GIN,2008,0
Guinea,GIN,2009,0
Guinea,GIN,2010,0
Guinea,GIN,2011,0
Guinea,GIN,2012,0
Guinea,GIN,2013,0
Guinea,GIN,2014,0
Guinea,GIN,2015,0
Guinea,GIN,2016,0
Guinea,GIN,2017,0
Guinea,GIN,2018,0
Guinea,GIN,2019,0
Guinea,GIN,2020,0
Guinea,GIN,2021,0
Guinea,GIN,2022,0
Guinea,GIN,2023,0
Guinea,GIN,2024,0
Guinea-Bissau,GNB,1980,0
Guinea-Bissau,GNB,1981,0
Guinea-Bissau,GNB,1982,0
Guinea-Bissau,GNB,1983,0
Guinea-Bissau,GNB,1984,0
Guinea-Bissau,GNB,1985,0
Guinea-Bissau,GNB,1986,0
Guinea-Bissau,GNB,1987,0
Guinea-Bissau,GNB,1988,0
Guinea-Bissau,GNB,1989,0
Guinea-Bissau,GNB,1990,0
Guinea-Bissau,GNB,1991,0
Guinea-Bissau,GNB,1992,0
Guinea-Bissau,GNB,1993,0
Guinea-Bissau,GNB,1994,0
Guinea-Bissau,GNB,1995,0
Guinea-Bissau,GNB,1996,0
Guinea-Bissau,GNB,1997,0
Guinea-Bissau,GNB,1998,0
Guinea-Bissau,GNB,1999,0
Guinea-Bissau,GNB,2000,0
Guinea-Bissau,GNB,2001,0
Guinea-Bissau,GNB,2002,0
Guinea-Bissau,GNB,2003,0
Guinea-Bissau,GNB,2004,0
Guinea-Bissau,GNB,2005,0
Guinea-Bissau,GNB,2006,0
Guinea-Bissau,GNB,2007,0
Guinea-Bissau,GNB,2008,0
Guinea-Bissau,GNB,2009,0
Guinea-Bissau,GNB,2010,0
Guinea-Bissau,GNB,2011,0
Guinea-Bissau,GNB,2012,0
Guinea-Bissau,GNB,2013,0
Guinea-Bissau,GNB,2014,0
Guinea-Bissau,GNB,2015,0
Guinea-Bissau,GNB,2016,0
Guinea-Bissau,GNB,2017,0
Guinea-Bissau,GNB,2018,0
Guinea-Bissau,GNB,2019,0
Guinea-Bissau,GNB,2020,0
Guinea-Bissau,GNB,2021,0
Guinea-Bissau,GNB,2022,0
Guinea-Bissau,GNB,2023,0
Guinea-Bissau,GNB,2024,0
Guyana,GUY,1980,0
Guyana,GUY,1981,0
Guyana,GUY,1982,0
Guyana,GUY,1983,0
Guyana,GUY,1984,0
Guyana,GUY,1985,0
Guyana,GUY,1986,0
Guyana,GUY,1987,0
Guyana,GUY,1988,0
Guyana,GUY,1989,0
Guyana,GUY,1990,0
Guyana,GUY,1991,0
Guyana,GUY,1992,0
Guyana,GUY,1993,0
Guyana,GUY,1994,0
Guyana,GUY,1995,0
Guyana,GUY,1996,0
Guyana,GUY,1997,0
Guyana,GUY,1998,0
Guyana,GUY,1999,0
Guyana,GUY,2000,0
Guyana,GUY,2001,0
Guyana,GUY,2002,0
Guyana,GUY,2003,0
Guyana,GUY,2004,0
Guyana,GUY,2005,0
Guyana,GUY,2006,0
Guyana,GUY,2007,0
Guyana,GUY,2008,0
Guyana,GUY,2009,0
Guyana,GUY,2010,0
Guyana,GUY,2011,0
Guyana,GUY,2012,0
Guyana,GUY,2013,0
Guyana,GUY,2014,0
Guyana,GUY,2015,0
Guyana,GUY,2016,0
Guyana,GUY,2017,0
Guyana,GUY,2018,0.000524917
Guyana,GUY,2019,0.0044243005
Guyana,GUY,2020,0.014035872
Guyana,GUY,2021,0.011581748
Guyana,GUY,2022,0.01899794
Guyana,GUY,2023,0.020903116
Guyana,GUY,2024,0.02056944
Haiti,HTI,1980,0
Haiti,HTI,1981,0
Haiti,HTI,1982,0
Haiti,HTI,1983,0
Haiti,HTI,1984,0
Haiti,HTI,1985,0
Haiti,HTI,1986,0
Haiti,HTI,1987,0
Haiti,HTI,1988,0
Haiti,HTI,1989,0
Haiti,HTI,1990,0
Haiti,HTI,1991,0
Haiti,HTI,1992,0
Haiti,HTI,1993,0
Haiti,HTI,1994,0
Haiti,HTI,1995,0
Haiti,HTI,1996,0
Haiti,HTI,1997,0
Haiti,HTI,1998,0
Haiti,HTI,1999,0
Haiti,HTI,2000,0
Haiti,HTI,2001,0
Haiti,HTI,2002,0
Haiti,HTI,2003,0
Haiti,HTI,2004,0
Haiti,HTI,2005,0
Haiti,HTI,2006,0
Haiti,HTI,2007,0
Haiti,HTI,2008,0
Haiti,HTI,2009,0
Haiti,HTI,2010,0
Haiti,HTI,2011,0
Haiti,HTI,2012,0
Haiti,HTI,2013,0
Haiti,HTI,2014,0
Haiti,HTI,2015,0
Haiti,HTI,2016,0
Haiti,HTI,2017,0.009075958
Haiti,HTI,2018,0.0064410022
Haiti,HTI,2019,0.0128013445
Haiti,HTI,2020,0.03596568
Haiti,HTI,2021,0.041756764
Haiti,HTI,2022,0.0350513
Haiti,HTI,2023,0.034441713
Haiti,HTI,2024,0.02346913
High-income countries,OWID_HIC,1965,4814.614
High-income countries,OWID_HIC,1966,5217.8794
High-income countries,OWID_HIC,1967,5578.9546
High-income countries,OWID_HIC,1968,6108.8784
High-income countries,OWID_HIC,1969,6738.9463
High-income countries,OWID_HIC,1970,7309.894
High-income countries,OWID_HIC,1971,7779.78
High-income countries,OWID_HIC,1972,8194.94
High-income countries,OWID_HIC,1973,8431.473
High-income countries,OWID_HIC,1974,8505.012
High-income countries,OWID_HIC,1975,8232.306
High-income countries,OWID_HIC,1976,8577.568
High-income countries,OWID_HIC,1977,8681.919
High-income countries,OWID_HIC,1978,8893.292
High-income countries,OWID_HIC,1979,9325.463
High-income countries,OWID_HIC,1980,9273.001
High-income countries,OWID_HIC,1981,9144.225
High-income countries,OWID_HIC,1982,8767.868
High-income countries,OWID_HIC,1983,8583.433
High-income countries,OWID_HIC,1984,9274.617
High-income countries,OWID_HIC,1985,12900.167
High-income countries,OWID_HIC,1986,12802.962
High-income countries,OWID_HIC,1987,13504.503
High-income countries,OWID_HIC,1988,14054.452
High-income countries,OWID_HIC,1989,14643.838
High-income countries,OWID_HIC,1990,14904.586
High-income countries,OWID_HIC,1991,15319.6
High-income countries,OWID_HIC,1992,15442.267
High-income countries,OWID_HIC,1993,15844.216
High-income countries,OWID_HIC,1994,15890.393
High-income countries,OWID_HIC,1995,16420.963
High-income countries,OWID_HIC,1996,17068.479
High-income countries,OWID_HIC,1997,16890.9
High-income countries,OWID_HIC,1998,17111.719
High-income countries,OWID_HIC,1999,17438.133
High-income countries,OWID_HIC,2000,18074.725
High-income countries,OWID_HIC,2001,18075.186
High-income countries,OWID_HIC,2002,18492.64
High-income countries,OWID_HIC,2003,18788.613
High-income countries,OWID_HIC,2004,19226.326
High-income countries,OWID_HIC,2005,19456.102
High-income countries,OWID_HIC,2006,19736.002
High-income countries,OWID_HIC,2007,20373.848
High-income countries,OWID_HIC,2008,20685.645
High-income countries,OWID_HIC,2009,19874.582
High-income countries,OWID_HIC,2010,21312.33
High-income countries,OWID_HIC,2011,21420.793
High-income countries,OWID_HIC,2012,21834.506
High-income countries,OWID_HIC,2013,22114.717
High-income countries,OWID_HIC,2014,21827.885
High-income countries,OWID_HIC,2015,22220.436
High-income countries,OWID_HIC,2016,22704.87
High-income countries,OWID_HIC,2017,22957.48
High-income countries,OWID_HIC,2018,24058.863
High-income countries,OWID_HIC,2019,24424.287
High-income countries,OWID_HIC,2020,23815.95
High-income countries,OWID_HIC,2021,24243.754
High-income countries,OWID_HIC,2022,24356.56
High-income countries,OWID_HIC,2023,24147.342
High-income countries,OWID_HIC,2024,24684.54
High-income countries,OWID_HIC,2025,25081.605
Honduras,HND,1980,0
Honduras,HND,1981,0
Honduras,HND,1982,0
Honduras,HND,1983,0
Honduras,HND,1984,0
Honduras,HND,1985,0
Honduras,HND,1986,0
Honduras,HND,1987,0
Honduras,HND,1988,0
Honduras,HND,1989,0
Honduras,HND,1990,0
Honduras,HND,1991,0
Honduras,HND,1992,0
Honduras,HND,1993,0
Honduras,HND,1994,0
Honduras,HND,1995,0
Honduras,HND,1996,0
Honduras,HND,1997,0
Honduras,HND,1998,0
Honduras,HND,1999,0
Honduras,HND,2000,0
Honduras,HND,2001,0
Honduras,HND,2002,0
Honduras,HND,2003,0
Honduras,HND,2004,0
Honduras,HND,2005,0
Honduras,HND,2006,0
Honduras,HND,2007,0
Honduras,HND,2008,0
Honduras,HND,2009,0
Honduras,HND,2010,0
Honduras,HND,2011,0
Honduras,HND,2012,0
Honduras,HND,2013,0
Honduras,HND,2014,0
Honduras,HND,2015,0
Honduras,HND,2016,0
Honduras,HND,2017,0
Honduras,HND,2018,0
Honduras,HND,2019,0
Honduras,HND,2020,0
Honduras,HND,2021,0
Honduras,HND,2022,0
Honduras,HND,2023,0
Honduras,HND,2024,0
Hong Kong,HKG,1980,0
Hong Kong,HKG,1981,0
Hong Kong,HKG,1982,0
Hong Kong,HKG,1983,0
Hong Kong,HKG,1984,0
Hong Kong,HKG,1985,0
Hong Kong,HKG,1986,0
Hong Kong,HKG,1987,0
Hong Kong,HKG,1988,0
Hong Kong,HKG,1989,0
Hong Kong,HKG,1990,4.1821465
Hong Kong,HKG,1991,4.510474
Hong Kong,HKG,1992,5.057409
Hong Kong,HKG,1993,5.332681
Hong Kong,HKG,1994,5.7573957
Hong Kong,HKG,1995,0.3039472
Hong Kong,HKG,1996,19.268679
Hong Kong,HKG,1997,30.086596
Hong Kong,HKG,1998,28.225657
Hong Kong,HKG,1999,31.124638
Hong Kong,HKG,2000,28.136944
Hong Kong,HKG,2001,28.3967
Hong Kong,HKG,2002,26.977533
Hong Kong,HKG,2003,17.347586
Hong Kong,HKG,2004,25.06098
Hong Kong,HKG,2005,25.118761
Hong Kong,HKG,2006,27.556843
Hong Kong,HKG,2007,25.744291
Hong Kong,HKG,2008,29.780863
Hong Kong,HKG,2009,28.922625
Hong Kong,HKG,2010,35.943127
Hong Kong,HKG,2011,28.625381
Hong Kong,HKG,2012,26.359236
Hong Kong,HKG,2013,24.833277
Hong Kong,HKG,2014,23.870398
Hong Kong,HKG,2015,30.456371
Hong Kong,HKG,2016,31.265652
Hong Kong,HKG,2017,31.161383
Hong Kong,HKG,2018,30.1735
Hong Kong,HKG,2019,31.161623
Hong Kong,HKG,2020,49.442585
Hong Kong,HKG,2021,48.25467
Hong Kong,HKG,2022,45.324413
Hong Kong,HKG,2023,48.467804
Hong Kong,HKG,2024,54.230053
Hong Kong,HKG,2025,52.534966
Hungary,HUN,1965,13.59725
Hungary,HUN,1966,16.85625
Hungary,HUN,1967,21.63475
Hungary,HUN,1968,27.229
Hungary,HUN,1969,32.416
Hungary,HUN,1970,36.353
Hungary,HUN,1971,37.855503
Hungary,HUN,1972,40.85975
Hungary,HUN,1973,48.520252
Hungary,HUN,1974,51.675503
Hungary,HUN,1975,57.40325
Hungary,HUN,1976,68.92725
Hungary,HUN,1977,74.27975
Hungary,HUN,1978,81.34125
Hungary,HUN,1979,85.92225
Hungary,HUN,1980,92.71975
Hungary,HUN,1981,94.840996
Hungary,HUN,1982,99.048744
Hungary,HUN,1983,98.74575
Hungary,HUN,1984,100.565506
Hungary,HUN,1985,102.6675
Hungary,HUN,1986,108.902245
Hungary,HUN,1987,108.11625
Hungary,HUN,1988,106.93825
Hungary,HUN,1989,108.948006
Hungary,HUN,1990,103.65888
Hungary,HUN,1991,102.789444
Hungary,HUN,1992,90.36
Hungary,HUN,1993,97.23778
Hungary,HUN,1994,98.19611
Hungary,HUN,1995,106.70389
Hungary,HUN,1996,119.06167
Hungary,HUN,1997,112.91389
Hungary,HUN,1998,113.69833
Hungary,HUN,1999,115.19584
Hungary,HUN,2000,112.30806
Hungary,HUN,2001,124.56473
Hungary,HUN,2002,125.72667
Hungary,HUN,2003,138.23473
Hungary,HUN,2004,136.21333
Hungary,HUN,2005,140.65251
Hungary,HUN,2006,133.24223
Hungary,HUN,2007,124.49722
Hungary,HUN,2008,122.822495
Hungary,HUN,2009,106.436386
Hungary,HUN,2010,114.15417
Hungary,HUN,2011,109.13528
Hungary,HUN,2012,97.39972
Hungary,HUN,2013,90.80139
Hungary,HUN,2014,81.19611
Hungary,HUN,2015,87.10667
Hungary,HUN,2016,93.36222
Hungary,HUN,2017,99.34139
Hungary,HUN,2018,96.22417
Hungary,HUN,2019,98.44
Hungary,HUN,2020,101.92972
Hungary,HUN,2021,108.104004
Hungary,HUN,2022,91.90975
Hungary,HUN,2023,82.14825
Hungary,HUN,2024,82.511246
Hungary,HUN,2025,86.008606
Iceland,ISL,1980,0
Iceland,ISL,1981,0
Iceland,ISL,1982,0
Iceland,ISL,1983,0
Iceland,ISL,1984,0
Iceland,ISL,1985,0
Iceland,ISL,1986,0
Iceland,ISL,1987,0
Iceland,ISL,1988,0
Iceland,ISL,1989,0
Iceland,ISL,1990,0
Iceland,ISL,1991,0
Iceland,ISL,1992,0
Iceland,ISL,1993,0
Iceland,ISL,1994,0
Iceland,ISL,1995,0
Iceland,ISL,1996,0
Iceland,ISL,1997,0
Iceland,ISL,1998,0
Iceland,ISL,1999,0
Iceland,ISL,2000,0
Iceland,ISL,2001,0
Iceland,ISL,2002,0
Iceland,ISL,2003,0
Iceland,ISL,2004,0
Iceland,ISL,2005,0
Iceland,ISL,2006,0
Iceland,ISL,2007,0
Iceland,ISL,2008,0
Iceland,ISL,2009,0
Iceland,ISL,2010,0
Iceland,ISL,2011,0
Iceland,ISL,2012,0
Iceland,ISL,2013,0
Iceland,ISL,2014,0
Iceland,ISL,2015,0
Iceland,ISL,2016,0
Iceland,ISL,2017,0
Iceland,ISL,2018,0
Iceland,ISL,2019,0
Iceland,ISL,2020,0
Iceland,ISL,2021,0
Iceland,ISL,2022,0
Iceland,ISL,2023,0
Iceland,ISL,2024,0
India,IND,1965,2.37252
India,IND,1966,2.66327
India,IND,1967,3.55878
India,IND,1968,3.9542
India,IND,1969,4.74504
India,IND,1970,6.3284664
India,IND,1971,6.706219
India,IND,1972,7.3559065
India,IND,1973,7.336656
India,IND,1974,8.303968
India,IND,1975,10.630813
India,IND,1976,12.914344
India,IND,1977,13.792624
India,IND,1978,15.404812
India,IND,1979,19.158562
India,IND,1980,11.331031
India,IND,1981,19.781782
India,IND,1982,25.934563
India,IND,1983,30.857752
India,IND,1984,35.340595
India,IND,1985,43.228283
India,IND,1986,60.40024
India,IND,1987,69.577
India,IND,1988,81.50488
India,IND,1989,96.904594
India,IND,1990,115.92735
India,IND,1991,129.10802
India,IND,1992,144.34691
India,IND,1993,146.67085
India,IND,1994,158.56918
India,IND,1995,180.77829
India,IND,1996,197.31721
India,IND,1997,214.52634
India,IND,1998,235.42874
India,IND,1999,241.23369
India,IND,2000,253.62694
India,IND,2001,254.27748
India,IND,2002,265.54413
India,IND,2003,284.26898
India,IND,2004,306.6914
India,IND,2005,343.25635
India,IND,2006,358.77188
India,IND,2007,388.1026
India,IND,2008,399.87668
India,IND,2009,491.08084
India,IND,2010,589.6162
India,IND,2011,602.85876
India,IND,2012,556.9909
India,IND,2013,490.193
India,IND,2014,485.0157
India,IND,2015,478.0684
India,IND,2016,507.90982
India,IND,2017,535.9986
India,IND,2018,579.96277
India,IND,2019,592.4985
India,IND,2020,603.6012
India,IND,2021,623.72705
India,IND,2022,582.5085
India,IND,2023,620.34424
India,IND,2024,709.1052
India,IND,2025,665.6911
Indonesia,IDN,1965,5.0750003
Indonesia,IDN,1966,5.1765
Indonesia,IDN,1967,6.32345
Indonesia,IDN,1968,6.42495
Indonesia,IDN,1969,12.10895
Indonesia,IDN,1970,12.5758505
Indonesia,IDN,1971,12.71795
Indonesia,IDN,1972,12.47435
Indonesia,IDN,1973,8.12
Indonesia,IDN,1974,11.439051
Indonesia,IDN,1975,23.6495
Indonesia,IDN,1976,23.852499
Indonesia,IDN,1977,50.75
Indonesia,IDN,1978,58.667
Indonesia,IDN,1979,75.719
Indonesia,IDN,1980,71.3545
Indonesia,IDN,1981,71.253
Indonesia,IDN,1982,67.7005
Indonesia,IDN,1983,90.84251
Indonesia,IDN,1984,106.0675
Indonesia,IDN,1985,125.454
Indonesia,IDN,1986,135.2995
Indonesia,IDN,1987,139.96849
Indonesia,IDN,1988,148.59601
Indonesia,IDN,1989,166.3585
Indonesia,IDN,1990,171.73029
Indonesia,IDN,1991,197.6868
Indonesia,IDN,1992,215.5959
Indonesia,IDN,1993,228.6911
Indonesia,IDN,1994,270.83142
Indonesia,IDN,1995,285.58444
Indonesia,IDN,1996,297.3052
Indonesia,IDN,1997,310.11414
Indonesia,IDN,1998,298.9895
Indonesia,IDN,1999,324.91727
Indonesia,IDN,2000,330.0515
Indonesia,IDN,2001,341.34586
Indonesia,IDN,2002,371.0345
Indonesia,IDN,2003,395.58176
Indonesia,IDN,2004,362.02185
Indonesia,IDN,2005,363.93564
Indonesia,IDN,2006,371.11362
Indonesia,IDN,2007,346.4204
Indonesia,IDN,2008,396.94687
Indonesia,IDN,2009,421.00803
Indonesia,IDN,2010,440.47586
Indonesia,IDN,2011,427.34302
Indonesia,IDN,2012,469.77582
Indonesia,IDN,2013,437.8836
Indonesia,IDN,2014,441.3333
Indonesia,IDN,2015,469.23
Indonesia,IDN,2016,440.13916
Indonesia,IDN,2017,499.61502
Indonesia,IDN,2018,431.07056
Indonesia,IDN,2019,407.2039
Indonesia,IDN,2020,376.63028
Indonesia,IDN,2021,407.7586
Indonesia,IDN,2022,398.3222
Indonesia,IDN,2023,434.47916
Indonesia,IDN,2024,472.71695
Indonesia,IDN,2025,483.08417
Iran,IRN,1965,7.813279
Iran,IRN,1966,8.191687
Iran,IRN,1967,8.587943
Iran,IRN,1968,9.173318
Iran,IRN,1969,10.7639265
Iran,IRN,1970,25.524555
Iran,IRN,1971,29.543463
Iran,IRN,1972,33.817947
Iran,IRN,1973,41.077072
Iran,IRN,1974,41.765083
Iran,IRN,1975,42.608833
Iran,IRN,1976,47.995686
Iran,IRN,1977,49.080723
Iran,IRN,1978,38.00843
Iran,IRN,1979,50.9207
Iran,IRN,1980,45.35404
Iran,IRN,1981,49.280403
Iran,IRN,1982,67.49103
Iran,IRN,1983,77.13311
Iran,IRN,1984,89.78872
Iran,IRN,1985,96.86438
Iran,IRN,1986,93.05475
Iran,IRN,1987,113.91767
Iran,IRN,1988,123.67468
Iran,IRN,1989,156.16837
Iran,IRN,1990,227.98512
Iran,IRN,1991,265.31036
Iran,IRN,1992,305.18286
Iran,IRN,1993,165.13165
Iran,IRN,1994,261.05283
Iran,IRN,1995,318.67996
Iran,IRN,1996,374.79385
Iran,IRN,1997,397.5235
Iran,IRN,1998,462.3135
Iran,IRN,1999,549.7264
Iran,IRN,2000,594.40875
Iran,IRN,2001,665.327
Iran,IRN,2002,782.20325
Iran,IRN,2003,802.7674
Iran,IRN,2004,932.5602
Iran,IRN,2005,970.46906
Iran,IRN,2006,1057.84
Iran,IRN,2007,1185.5222
Iran,IRN,2008,1257.8672
Iran,IRN,2009,1347.9441
Iran,IRN,2010,1443.894
Iran,IRN,2011,1531.9261
Iran,IRN,2012,1525.4553
Iran,IRN,2013,1538.3448
Iran,IRN,2014,1734.0094
Iran,IRN,2015,1840.1948
Iran,IRN,2016,1963.1906
Iran,IRN,2017,2050.0398
Iran,IRN,2018,2126.4338
Iran,IRN,2019,2183.8955
Iran,IRN,2020,2367.6733
Iran,IRN,2021,2295.3145
Iran,IRN,2022,2394.013
Iran,IRN,2023,2465.8333
Iran,IRN,2024,2537.3425
Iran,IRN,2025,2562.716
Iraq,IRQ,1965,4.7310004
Iraq,IRQ,1966,5.7665
Iraq,IRQ,1967,4.598
Iraq,IRQ,1968,4.6075
Iraq,IRQ,1969,7.2390003
Iraq,IRQ,1970,7.41
Iraq,IRQ,1971,8.7875
Iraq,IRQ,1972,8.882501
Iraq,IRQ,1973,8.645
Iraq,IRQ,1974,7.9420004
Iraq,IRQ,1975,12.3025
Iraq,IRQ,1976,17.1475
Iraq,IRQ,1977,11.191
Iraq,IRQ,1978,11.5995
Iraq,IRQ,1979,16.6345
Iraq,IRQ,1980,12.1695
Iraq,IRQ,1981,5.89
Iraq,IRQ,1982,6.46
Iraq,IRQ,1983,4.465
Iraq,IRQ,1984,5.605
Iraq,IRQ,1985,8.075
Iraq,IRQ,1986,14.725
Iraq,IRQ,1987,35.625
Iraq,IRQ,1988,53.2
Iraq,IRQ,1989,61.274998
Iraq,IRQ,1990,37.809998
Iraq,IRQ,1991,16.53
Iraq,IRQ,1992,21.565
Iraq,IRQ,1993,24.225
Iraq,IRQ,1994,30.115
Iraq,IRQ,1995,30.115
Iraq,IRQ,1996,30.78
Iraq,IRQ,1997,28.975
Iraq,IRQ,1998,28.025002
Iraq,IRQ,1999,30.21
Iraq,IRQ,2000,29.925001
Iraq,IRQ,2001,26.220001
Iraq,IRQ,2002,22.42
Iraq,IRQ,2003,14.82
Iraq,IRQ,2004,9.5
Iraq,IRQ,2005,13.775
Iraq,IRQ,2006,13.775
Iraq,IRQ,2007,45.429573
Iraq,IRQ,2008,64.57625
Iraq,IRQ,2009,68.5273
Iraq,IRQ,2010,71.35259
Iraq,IRQ,2011,63.0192
Iraq,IRQ,2012,63.413452
Iraq,IRQ,2013,70.72655
Iraq,IRQ,2014,75.30834
Iraq,IRQ,2015,73.01097
Iraq,IRQ,2016,98.95578
Iraq,IRQ,2017,114.26856
Iraq,IRQ,2018,146.00446
Iraq,IRQ,2019,194.95229
Iraq,IRQ,2020,184.85127
Iraq,IRQ,2021,164.19315
Iraq,IRQ,2022,183.6163
Iraq,IRQ,2023,192.28493
Iraq,IRQ,2024,183.66034
Iraq,IRQ,2025,184.20703
Ireland,IRL,1979,2.7623749
Ireland,IRL,1980,8.06575
Ireland,IRL,1981,12.127501
Ireland,IRL,1982,17.796625
Ireland,IRL,1983,19.25
Ireland,IRL,1984,20.395374
Ireland,IRL,1985,21.00175
Ireland,IRL,1986,14.812875
Ireland,IRL,1987,14.755125
Ireland,IRL,1988,17.700375
Ireland,IRL,1989,20.072939
Ireland,IRL,1990,21.82951
Ireland,IRL,1991,22.36449
Ireland,IRL,1992,22.12026
Ireland,IRL,1993,25.132431
Ireland,IRL,1994,25.562738
Ireland,IRL,1995,27.20257
Ireland,IRL,1996,30.900911
Ireland,IRL,1997,32.29651
Ireland,IRL,1998,32.65704
Ireland,IRL,1999,34.92489
Ireland,IRL,2000,40.04209
Ireland,IRL,2001,41.763332
Ireland,IRL,2002,42.868183
Ireland,IRL,2003,42.55417
Ireland,IRL,2004,42.48439
Ireland,IRL,2005,40.437508
Ireland,IRL,2006,45.90361
Ireland,IRL,2007,49.83455
Ireland,IRL,2008,52.20707
Ireland,IRL,2009,49.55543
Ireland,IRL,2010,54.67263
Ireland,IRL,2011,48.09005
Ireland,IRL,2012,46.903374
Ireland,IRL,2013,44.67215
Ireland,IRL,2014,43.282696
Ireland,IRL,2015,43.763687
Ireland,IRL,2016,49.20653
Ireland,IRL,2017,50.18881
Ireland,IRL,2018,52.105392
Ireland,IRL,2019,53.158844
Ireland,IRL,2020,53.08083
Ireland,IRL,2021,50.982754
Ireland,IRL,2022,51.99971
Ireland,IRL,2023,48.262775
Ireland,IRL,2024,49.703754
Ireland,IRL,2025,48.679916
Israel,ISR,1965,0.72992194
Israel,ISR,1966,0.946265
Israel,ISR,1967,1.0596769
Israel,ISR,1968,1.3598695
Israel,ISR,1969,1.397763
Israel,ISR,1970,1.2773637
Israel,ISR,1971,1.1956639
Israel,ISR,1972,1.1819577
Israel,ISR,1973,0.5130417
Israel,ISR,1974,0.62699115
Israel,ISR,1975,0.5729725
Israel,ISR,1976,0.5520103
Israel,ISR,1977,0.5485164
Israel,ISR,1978,0.53964776
Israel,ISR,1979,0.38431084
Israel,ISR,1980,0.018274918
Israel,ISR,1981,0.019349916
Israel,ISR,1982,0.43080443
Israel,ISR,1983,0.6103286
Israel,ISR,1984,0.5329292
Israel,ISR,1985,0.5014855
Israel,ISR,1986,0.37597972
Israel,ISR,1987,0.42838585
Israel,ISR,1988,0.3931797
Israel,ISR,1989,0.36092973
Israel,ISR,1990,0.3122861
Israel,ISR,1991,0.25988027
Israel,ISR,1992,0.22225527
Israel,ISR,1993,0.22144917
Israel,ISR,1994,0.20451778
Israel,ISR,1995,0.23838027
Israel,ISR,1996,0.14969306
Israel,ISR,1997,0.17871806
Israel,ISR,1998,0.11233695
Israel,ISR,1999,0.101049446
Israel,ISR,2000,0.09083722
Israel,ISR,2001,0.09513722
Israel,ISR,2002,0.08492472
Israel,ISR,2003,0.07713083
Israel,ISR,2004,11.2940235
Israel,ISR,2005,15.564874
Israel,ISR,2006,21.733877
Israel,ISR,2007,26.004726
Israel,ISR,2008,35.780224
Israel,ISR,2009,39.671444
Israel,ISR,2010,50.680744
Israel,ISR,2011,47.07425
Israel,ISR,2012,24.201479
Israel,ISR,2013,65.77108
Israel,ISR,2014,71.84518
Israel,ISR,2015,79.90341
Israel,ISR,2016,91.77966
Israel,ISR,2017,97.64178
Israel,ISR,2018,104.510666
Israel,ISR,2019,105.12822
Israel,ISR,2020,112.68187
Israel,ISR,2021,117.33736
Israel,ISR,2022,121.42279
Israel,ISR,2023,124.4631
Israel,ISR,2024,133.01347
Israel,ISR,2025,135.71811
Italy,ITA,1965,73.746994
Italy,ITA,1966,80.52125
Italy,ITA,1967,87.953255
Italy,ITA,1968,103.2935
Italy,ITA,1969,113.41175
Italy,ITA,1970,122.352005
Italy,ITA,1971,126.3975
Italy,ITA,1972,144.94624
Italy,ITA,1973,162.83325
Italy,ITA,1974,183.13525
Italy,ITA,1975,211.03175
Italy,ITA,1976,255.52075
Italy,ITA,1977,260.9535
Italy,ITA,1978,257.09375
Italy,ITA,1979,264.134
Italy,ITA,1980,262.16376
Italy,ITA,1981,254.19875
Italy,ITA,1982,253.31276
Italy,ITA,1983,260.48724
Italy,ITA,1984,306.87524
Italy,ITA,1985,311.90073
Italy,ITA,1986,329.77652
Italy,ITA,1987,365.805
Italy,ITA,1988,396.84848
Italy,ITA,1989,429.2785
Italy,ITA,1990,454.26025
Italy,ITA,1991,482.582
Italy,ITA,1992,478.1345
Italy,ITA,1993,487.87524
Italy,ITA,1994,471.44324
Italy,ITA,1995,519.3058
Italy,ITA,1996,535.7568
Italy,ITA,1997,556.2978
Italy,ITA,1998,598.945
Italy,ITA,1999,651.00085
Italy,ITA,2000,678.785
Italy,ITA,2001,680.64575
Italy,ITA,2002,676.0287
Italy,ITA,2003,745.3318
Italy,ITA,2004,773.4183
Italy,ITA,2005,827.69543
Italy,ITA,2006,810.5877
Italy,ITA,2007,814.5612
Italy,ITA,2008,808.51514
Italy,ITA,2009,743.1756
Italy,ITA,2010,791.499
Italy,ITA,2011,742.1607
Italy,ITA,2012,713.5658
Italy,ITA,2013,667.4043
Italy,ITA,2014,589.7159
Italy,ITA,2015,643.1542
Italy,ITA,2016,675.4584
Italy,ITA,2017,715.78796
Italy,ITA,2018,692.14087
Italy,ITA,2019,707.9061
Italy,ITA,2020,676.2516
Italy,ITA,2021,723.73676
Italy,ITA,2022,651.9902
Italy,ITA,2023,585.93884
Italy,ITA,2024,589.25793
Italy,ITA,2025,601.3764
Jamaica,JAM,1980,0
Jamaica,JAM,1981,0
Jamaica,JAM,1982,0
Jamaica,JAM,1983,0
Jamaica,JAM,1984,0
Jamaica,JAM,1985,0
Jamaica,JAM,1986,0
Jamaica,JAM,1987,0
Jamaica,JAM,1988,0
Jamaica,JAM,1989,0
Jamaica,JAM,1990,0
Jamaica,JAM,1991,0
Jamaica,JAM,1992,0
Jamaica,JAM,1993,0
Jamaica,JAM,1994,0
Jamaica,JAM,1995,0
Jamaica,JAM,1996,0
Jamaica,JAM,1997,0
Jamaica,JAM,1998,0
Jamaica,JAM,1999,0
Jamaica,JAM,2000,0
Jamaica,JAM,2001,0
Jamaica,JAM,2002,0
Jamaica,JAM,2003,0
Jamaica,JAM,2004,0
Jamaica,JAM,2005,0
Jamaica,JAM,2006,0
Jamaica,JAM,2007,0
Jamaica,JAM,2008,0
Jamaica,JAM,2009,0
Jamaica,JAM,2010,0
Jamaica,JAM,2011,0
Jamaica,JAM,2012,0
Jamaica,JAM,2013,0
Jamaica,JAM,2014,0
Jamaica,JAM,2015,0
Jamaica,JAM,2016,0.18609753
Jamaica,JAM,2017,2.1317446
Jamaica,JAM,2018,2.5642147
Jamaica,JAM,2019,3.441057
Jamaica,JAM,2020,7.4206257
Jamaica,JAM,2021,7.6368814
Jamaica,JAM,2022,7.190477
Jamaica,JAM,2023,8.896235
Jamaica,JAM,2024,8.078036
Japan,JPN,1965,18.2615
Japan,JPN,1966,18.73975
Japan,JPN,1967,19.386002
Japan,JPN,1968,21.095001
Japan,JPN,1969,23.325546
Japan,JPN,1970,35.721493
Japan,JPN,1971,38.301754
Japan,JPN,1972,38.316814
Japan,JPN,1973,53.32014
Japan,JPN,1974,72.872955
Japan,JPN,1975,87.283585
Japan,JPN,1976,104.6348
Japan,JPN,1977,127.78507
Japan,JPN,1978,179.3443
Japan,JPN,1979,212.78882
Japan,JPN,1980,251.80937
Japan,JPN,1981,252.3105
Japan,JPN,1982,258.38336
Japan,JPN,1983,278.06335
Japan,JPN,1984,373.98093
Japan,JPN,1985,400.5977
Japan,JPN,1986,407.61813
Japan,JPN,1987,418.04544
Japan,JPN,1988,443.39005
Japan,JPN,1989,460.5596
Japan,JPN,1990,503.1589
Japan,JPN,1991,532.0146
Japan,JPN,1992,553.1084
Japan,JPN,1993,556.9387
Japan,JPN,1994,595.6147
Japan,JPN,1995,606.17584
Japan,JPN,1996,646.7724
Japan,JPN,1997,671.34784
Japan,JPN,1998,691.63885
Japan,JPN,1999,726.41864
Japan,JPN,2000,756.65015
Japan,JPN,2001,777.28394
Japan,JPN,2002,760.4604
Japan,JPN,2003,834.98224
Japan,JPN,2004,806.0406
Japan,JPN,2005,827.27966
Japan,JPN,2006,885.50336
Japan,JPN,2007,953.90063
Japan,JPN,2008,990.995
Japan,JPN,2009,924.7802
Japan,JPN,2010,999.3672
Japan,JPN,2011,1120.2524
Japan,JPN,2012,1232.1508
Japan,JPN,2013,1235.3688
Japan,JPN,2014,1247.5212
Japan,JPN,2015,1187.1764
Japan,JPN,2016,1164.1744
Japan,JPN,2017,1169.8649
Japan,JPN,2018,1157.0815
Japan,JPN,2019,1081.2328
Japan,JPN,2020,1041.275
Japan,JPN,2021,1027.2983
Japan,JPN,2022,995.35834
Japan,JPN,2023,916.1117
Japan,JPN,2024,909.4384
Japan,JPN,2025,903.99677
Jordan,JOR,1980,0
Jordan,JOR,1981,0
Jordan,JOR,1982,0
Jordan,JOR,1983,0
Jordan,JOR,1984,0
Jordan,JOR,1985,0
Jordan,JOR,1986,0
Jordan,JOR,1987,0
Jordan,JOR,1988,0
Jordan,JOR,1989,0.85916716
Jordan,JOR,1990,1.4084204
Jordan,JOR,1991,1.4084204
Jordan,JOR,1992,1.6262808
Jordan,JOR,1993,2.1672492
Jordan,JOR,1994,3.034701
Jordan,JOR,1995,3.142097
Jordan,JOR,1996,2.9257865
Jordan,JOR,1997,3.1425111
Jordan,JOR,1998,3.0341487
Jordan,JOR,1999,3.0341487
Jordan,JOR,2000,3.1425111
Jordan,JOR,2001,3.1425111
Jordan,JOR,2002,3.359236
Jordan,JOR,2003,7.151922
Jordan,JOR,2004,15.279107
Jordan,JOR,2005,16.904543
Jordan,JOR,2006,24.381552
Jordan,JOR,2007,22.550154
Jordan,JOR,2008,25.41229
Jordan,JOR,2009,26.62653
Jordan,JOR,2010,23.764395
Jordan,JOR,2011,11.275077
Jordan,JOR,2012,8.51702
Jordan,JOR,2013,11.717407
Jordan,JOR,2014,3.885565
Jordan,JOR,2015,25.126078
Jordan,JOR,2016,43.79918
Jordan,JOR,2017,45.351658
Jordan,JOR,2018,46.139942
Jordan,JOR,2019,45.385006
Jordan,JOR,2020,43.762966
Jordan,JOR,2021,45.47
Jordan,JOR,2022,48.04152
Jordan,JOR,2023,43.181892
Jordan,JOR,2024,42.339687
Kazakhstan,KAZ,1985,90.23375
Kazakhstan,KAZ,1986,109.256004
Kazakhstan,KAZ,1987,114.1335
Kazakhstan,KAZ,1988,119.010994
Kazakhstan,KAZ,1989,122.912994
Kazakhstan,KAZ,1990,131.00966
Kazakhstan,KAZ,1991,137.5455
Kazakhstan,KAZ,1992,141.4475
Kazakhstan,KAZ,1993,135.5945
Kazakhstan,KAZ,1994,98.5255
Kazakhstan,KAZ,1995,113.158005
Kazakhstan,KAZ,1996,94.6235
Kazakhstan,KAZ,1997,74.274574
Kazakhstan,KAZ,1998,73.630745
Kazakhstan,KAZ,1999,83.36623
Kazakhstan,KAZ,2000,47.799503
Kazakhstan,KAZ,2001,40.93198
Kazakhstan,KAZ,2002,41.078304
Kazakhstan,KAZ,2003,46.833755
Kazakhstan,KAZ,2004,52.354424
Kazakhstan,KAZ,2005,60.58933
Kazakhstan,KAZ,2006,66.522194
Kazakhstan,KAZ,2007,81.16604
Kazakhstan,KAZ,2008,85.557655
Kazakhstan,KAZ,2009,80.93388
Kazakhstan,KAZ,2010,87.56788
Kazakhstan,KAZ,2011,98.7367
Kazakhstan,KAZ,2012,107.33574
Kazakhstan,KAZ,2013,111.82619
Kazakhstan,KAZ,2014,148.2957
Kazakhstan,KAZ,2015,138.0262
Kazakhstan,KAZ,2016,150.1451
Kazakhstan,KAZ,2017,167.25644
Kazakhstan,KAZ,2018,166.70808
Kazakhstan,KAZ,2019,197.0411
Kazakhstan,KAZ,2020,176.56165
Kazakhstan,KAZ,2021,216.16681
Kazakhstan,KAZ,2022,212.81737
Kazakhstan,KAZ,2023,199.51997
Kazakhstan,KAZ,2024,234.47044
Kazakhstan,KAZ,2025,238.89441
Kenya,KEN,1980,0
Kenya,KEN,1981,0
Kenya,KEN,1982,0
Kenya,KEN,1983,0
Kenya,KEN,1984,0
Kenya,KEN,1985,0
Kenya,KEN,1986,0
Kenya,KEN,1987,0
Kenya,KEN,1988,0
Kenya,KEN,1989,0
Kenya,KEN,1990,0
Kenya,KEN,1991,0
Kenya,KEN,1992,0
Kenya,KEN,1993,0
Kenya,KEN,1994,0
Kenya,KEN,1995,0
Kenya,KEN,1996,0
Kenya,KEN,1997,0
Kenya,KEN,1998,0
Kenya,KEN,1999,0
Kenya,KEN,2000,0
Kenya,KEN,2001,0
Kenya,KEN,2002,0
Kenya,KEN,2003,0
Kenya,KEN,2004,0
Kenya,KEN,2005,0
Kenya,KEN,2006,0
Kenya,KEN,2007,0
Kenya,KEN,2008,0
Kenya,KEN,2009,0
Kenya,KEN,2010,0
Kenya,KEN,2011,0
Kenya,KEN,2012,0
Kenya,KEN,2013,0
Kenya,KEN,2014,0
Kenya,KEN,2015,0
Kenya,KEN,2016,0
Kenya,KEN,2017,0
Kenya,KEN,2018,0
Kenya,KEN,2019,0
Kenya,KEN,2020,0
Kenya,KEN,2021,0
Kenya,KEN,2022,0
Kenya,KEN,2023,0
Kenya,KEN,2024,0
Kiribati,KIR,1980,0
Kiribati,KIR,1981,0
Kiribati,KIR,1982,0
Kiribati,KIR,1983,0
Kiribati,KIR,1984,0
Kiribati,KIR,1985,0
Kiribati,KIR,1986,0
Kiribati,KIR,1987,0
Kiribati,KIR,1988,0
Kiribati,KIR,1989,0
Kiribati,KIR,1990,0
Kiribati,KIR,1991,0
Kiribati,KIR,1992,0
Kiribati,KIR,1993,0
Kiribati,KIR,1994,0
Kiribati,KIR,1995,0
Kiribati,KIR,1996,0
Kiribati,KIR,1997,0
Kiribati,KIR,1998,0
Kiribati,KIR,1999,0
Kiribati,KIR,2000,0
Kiribati,KIR,2001,0
Kiribati,KIR,2002,0
Kiribati,KIR,2003,0
Kiribati,KIR,2004,0
Kiribati,KIR,2005,0
Kiribati,KIR,2006,0
Kiribati,KIR,2007,0
Kiribati,KIR,2008,0
Kiribati,KIR,2009,0
Kiribati,KIR,2010,0
Kiribati,KIR,2011,0
Kiribati,KIR,2012,0
Kiribati,KIR,2013,0
Kiribati,KIR,2014,0
Kiribati,KIR,2015,0
Kiribati,KIR,2016,0
Kiribati,KIR,2017,0
Kiribati,KIR,2018,0
Kiribati,KIR,2019,0
Kiribati,KIR,2020,0
Kiribati,KIR,2021,0
Kiribati,KIR,2022,0
Kiribati,KIR,2023,0
Kiribati,KIR,2024,0
Kosovo,OWID_KOS,2008,0
Kosovo,OWID_KOS,2009,0
Kosovo,OWID_KOS,2010,0
Kosovo,OWID_KOS,2011,0
Kosovo,OWID_KOS,2012,0
Kosovo,OWID_KOS,2013,0
Kosovo,OWID_KOS,2014,0
Kosovo,OWID_KOS,2015,0
Kosovo,OWID_KOS,2016,0
Kosovo,OWID_KOS,2017,0
Kosovo,OWID_KOS,2018,0
Kosovo,OWID_KOS,2019,0
Kosovo,OWID_KOS,2020,0
Kosovo,OWID_KOS,2021,0
Kosovo,OWID_KOS,2022,0
Kosovo,OWID_KOS,2023,0
Kosovo,OWID_KOS,2024,0
Kuwait,KWT,1965,17.2615
Kuwait,KWT,1966,22.609999
Kuwait,KWT,1967,25.726
Kuwait,KWT,1968,31.720499
Kuwait,KWT,1969,35.4065
Kuwait,KWT,1970,19.351501
Kuwait,KWT,1971,19.987999
Kuwait,KWT,1972,23.626501
Kuwait,KWT,1973,26.467
Kuwait,KWT,1974,27.8445
Kuwait,KWT,1975,30.514
Kuwait,KWT,1976,36.708
Kuwait,KWT,1977,40.023502
Kuwait,KWT,1978,44.8495
Kuwait,KWT,1979,59.384502
Kuwait,KWT,1980,38.6745
Kuwait,KWT,1981,44.498
Kuwait,KWT,1982,34.912502
Kuwait,KWT,1983,38.3325
Kuwait,KWT,1984,41.572
Kuwait,KWT,1985,39.899998
Kuwait,KWT,1986,54.435
Kuwait,KWT,1987,45.41
Kuwait,KWT,1988,64.979996
Kuwait,KWT,1989,77.52
Kuwait,KWT,1990,39.805
Kuwait,KWT,1991,4.75
Kuwait,KWT,1992,24.89
Kuwait,KWT,1993,51.489998
Kuwait,KWT,1994,56.715
Kuwait,KWT,1995,88.141
Kuwait,KWT,1996,88.369
Kuwait,KWT,1997,88.065
Kuwait,KWT,1998,90.1645
Kuwait,KWT,1999,82.536
Kuwait,KWT,2000,91.2
Kuwait,KWT,2001,90.25
Kuwait,KWT,2002,82.744995
Kuwait,KWT,2003,95
Kuwait,KWT,2004,103.549995
Kuwait,KWT,2005,116.85
Kuwait,KWT,2006,117.895
Kuwait,KWT,2007,106.96999
Kuwait,KWT,2008,120.65
Kuwait,KWT,2009,118.46113
Kuwait,KWT,2010,139.75537
Kuwait,KWT,2011,158.57925
Kuwait,KWT,2012,175.31842
Kuwait,KWT,2013,177.7039
Kuwait,KWT,2014,178.71143
Kuwait,KWT,2015,203.22707
Kuwait,KWT,2016,211.49913
Kuwait,KWT,2017,210.27515
Kuwait,KWT,2018,211.52237
Kuwait,KWT,2019,183.73248
Kuwait,KWT,2020,179.13583
Kuwait,KWT,2021,197.58406
Kuwait,KWT,2022,216.60086
Kuwait,KWT,2023,236.9542
Kuwait,KWT,2024,252.35571
Kuwait,KWT,2025,258.2124
Kyrgyzstan,KGZ,1992,25.660446
Kyrgyzstan,KGZ,1993,23.993288
Kyrgyzstan,KGZ,1994,19.282597
Kyrgyzstan,KGZ,1995,9.533687
Kyrgyzstan,KGZ,1996,19.766981
Kyrgyzstan,KGZ,1997,20.805592
Kyrgyzstan,KGZ,1998,20.740576
Kyrgyzstan,KGZ,1999,20.69723
Kyrgyzstan,KGZ,2000,20.729738
Kyrgyzstan,KGZ,2001,21.845871
Kyrgyzstan,KGZ,2002,13.003494
Kyrgyzstan,KGZ,2003,7.9863133
Kyrgyzstan,KGZ,2004,9.958509
Kyrgyzstan,KGZ,2005,8.018822
Kyrgyzstan,KGZ,2006,8.408927
Kyrgyzstan,KGZ,2007,9.384293
Kyrgyzstan,KGZ,2008,8.127184
Kyrgyzstan,KGZ,2009,7.1020756
Kyrgyzstan,KGZ,2010,5.0063453
Kyrgyzstan,KGZ,2011,4.3344984
Kyrgyzstan,KGZ,2012,4.6162405
Kyrgyzstan,KGZ,2013,4.3995156
Kyrgyzstan,KGZ,2014,4.6487494
Kyrgyzstan,KGZ,2015,1.9505242
Kyrgyzstan,KGZ,2016,2.0353296
Kyrgyzstan,KGZ,2017,3.2289245
Kyrgyzstan,KGZ,2018,3.5607264
Kyrgyzstan,KGZ,2019,3.4457617
Kyrgyzstan,KGZ,2020,3.6322129
Kyrgyzstan,KGZ,2021,4.286489
Kyrgyzstan,KGZ,2022,4.769142
Kyrgyzstan,KGZ,2023,4.996387
Kyrgyzstan,KGZ,2024,6.2162127
Laos,LAO,1980,0
Laos,LAO,1981,0
Laos,LAO,1982,0
Laos,LAO,1983,0
Laos,LAO,1984,0
Laos,LAO,1985,0
Laos,LAO,1986,0
Laos,LAO,1987,0
Laos,LAO,1988,0
Laos,LAO,1989,0
Laos,LAO,1990,0
Laos,LAO,1991,0
Laos,LAO,1992,0
Laos,LAO,1993,0
Laos,LAO,1994,0
Laos,LAO,1995,0
Laos,LAO,1996,0
Laos,LAO,1997,0
Laos,LAO,1998,0
Laos,LAO,1999,0
Laos,LAO,2000,0
Laos,LAO,2001,0
Laos,LAO,2002,0
Laos,LAO,2003,0
Laos,LAO,2004,0
Laos,LAO,2005,0
Laos,LAO,2006,0
Laos,LAO,2007,0
Laos,LAO,2008,0
Laos,LAO,2009,0
Laos,LAO,2010,0
Laos,LAO,2011,0
Laos,LAO,2012,0
Laos,LAO,2013,0
Laos,LAO,2014,0
Laos,LAO,2015,0
Laos,LAO,2016,0
Laos,LAO,2017,0
Laos,LAO,2018,0
Laos,LAO,2019,0
Laos,LAO,2020,0
Laos,LAO,2021,0
Laos,LAO,2022,0
Laos,LAO,2023,0
Laos,LAO,2024,0
Latvia,LVA,1985,21.104965
Latvia,LVA,1986,22.070305
Latvia,LVA,1987,22.9552
Latvia,LVA,1988,24.720257
Latvia,LVA,1989,24.720257
Latvia,LVA,1990,25.685595
Latvia,LVA,1991,24.720257
Latvia,LVA,1992,14.120452
Latvia,LVA,1993,8.830015
Latvia,LVA,1994,8.830015
Latvia,LVA,1995,10.590339
Latvia,LVA,1996,9.705445
Latvia,LVA,1997,9.705445
Latvia,LVA,1998,10.978368
Latvia,LVA,1999,10.5146265
Latvia,LVA,2000,12.73396
Latvia,LVA,2001,13.240291
Latvia,LVA,2002,15.085792
Latvia,LVA,2003,15.005346
Latvia,LVA,2004,16.562193
Latvia,LVA,2005,16.088987
Latvia,LVA,2006,16.62844
Latvia,LVA,2007,16.088987
Latvia,LVA,2008,15.757743
Latvia,LVA,2009,14.451696
Latvia,LVA,2010,17.234144
Latvia,LVA,2011,15.180432
Latvia,LVA,2012,14.271878
Latvia,LVA,2013,14.062125
Latvia,LVA,2014,12.637625
Latvia,LVA,2015,12.7435
Latvia,LVA,2016,13.195875
Latvia,LVA,2017,11.963876
Latvia,LVA,2018,13.715625
Latvia,LVA,2019,13.118875
Latvia,LVA,2020,10.731875
Latvia,LVA,2021,11.5885
Latvia,LVA,2022,8.10425
Latvia,LVA,2023,7.671125
Latvia,LVA,2024,8.171625
Latvia,LVA,2025,8.056125
Lebanon,LBN,1980,0
Lebanon,LBN,1981,0
Lebanon,LBN,1982,0
Lebanon,LBN,1983,0
Lebanon,LBN,1984,0
Lebanon,LBN,1985,0
Lebanon,LBN,1986,0
Lebanon,LBN,1987,0
Lebanon,LBN,1988,0
Lebanon,LBN,1989,0
Lebanon,LBN,1990,0
Lebanon,LBN,1991,0
Lebanon,LBN,1992,0
Lebanon,LBN,1993,0
Lebanon,LBN,1994,0
Lebanon,LBN,1995,0
Lebanon,LBN,1996,0
Lebanon,LBN,1997,0
Lebanon,LBN,1998,0
Lebanon,LBN,1999,0
Lebanon,LBN,2000,0
Lebanon,LBN,2001,0
Lebanon,LBN,2002,0
Lebanon,LBN,2003,0
Lebanon,LBN,2004,0
Lebanon,LBN,2005,0
Lebanon,LBN,2006,0
Lebanon,LBN,2007,0
Lebanon,LBN,2008,0
Lebanon,LBN,2009,0.42780358
Lebanon,LBN,2010,1.6195421
Lebanon,LBN,2011,0
Lebanon,LBN,2012,0
Lebanon,LBN,2013,0
Lebanon,LBN,2014,0
Lebanon,LBN,2015,0
Lebanon,LBN,2016,0
Lebanon,LBN,2017,0
Lebanon,LBN,2018,0
Lebanon,LBN,2019,0
Lebanon,LBN,2020,0
Lebanon,LBN,2021,0
Lebanon,LBN,2022,0
Lebanon,LBN,2023,0
Lebanon,LBN,2024,0
Lesotho,LSO,1980,0
Lesotho,LSO,1981,0
Lesotho,LSO,1982,0
Lesotho,LSO,1983,0
Lesotho,LSO,1984,0
Lesotho,LSO,1985,0
Lesotho,LSO,1986,0
Lesotho,LSO,1987,0
Lesotho,LSO,1988,0
Lesotho,LSO,1989,0
Lesotho,LSO,1990,0
Lesotho,LSO,1991,0
Lesotho,LSO,1992,0
Lesotho,LSO,1993,0
Lesotho,LSO,1994,0
Lesotho,LSO,1995,0
Lesotho,LSO,1996,0
Lesotho,LSO,1997,0
Lesotho,LSO,1998,0
Lesotho,LSO,1999,0
Lesotho,LSO,2000,0
Lesotho,LSO,2001,0
Lesotho,LSO,2002,0
Lesotho,LSO,2003,0
Lesotho,LSO,2004,0
Lesotho,LSO,2005,0
Lesotho,LSO,2006,0
Lesotho,LSO,2007,0
Lesotho,LSO,2008,0
Lesotho,LSO,2009,0
Lesotho,LSO,2010,0
Lesotho,LSO,2011,0
Lesotho,LSO,2012,0
Lesotho,LSO,2013,0
Lesotho,LSO,2014,0
Lesotho,LSO,2015,0
Lesotho,LSO,2016,0
Lesotho,LSO,2017,0
Lesotho,LSO,2018,0
Lesotho,LSO,2019,0
Lesotho,LSO,2020,0
Lesotho,LSO,2021,0
Lesotho,LSO,2022,0
Lesotho,LSO,2023,0
Lesotho,LSO,2024,0
Liberia,LBR,1980,0
Liberia,LBR,1981,0
Liberia,LBR,1982,0
Liberia,LBR,1983,0
Liberia,LBR,1984,0
Liberia,LBR,1985,0
Liberia,LBR,1986,0
Liberia,LBR,1987,0
Liberia,LBR,1988,0
Liberia,LBR,1989,0
Liberia,LBR,1990,0
Liberia,LBR,1991,0
Liberia,LBR,1992,0
Liberia,LBR,1993,0
Liberia,LBR,1994,0
Liberia,LBR,1995,0
Liberia,LBR,1996,0
Liberia,LBR,1997,0
Liberia,LBR,1998,0
Liberia,LBR,1999,0
Liberia,LBR,2000,0
Liberia,LBR,2001,0
Liberia,LBR,2002,0
Liberia,LBR,2003,0
Liberia,LBR,2004,0
Liberia,LBR,2005,0
Liberia,LBR,2006,0
Liberia,LBR,2007,0
Liberia,LBR,2008,0
Liberia,LBR,2009,0
Liberia,LBR,2010,0
Liberia,LBR,2011,0
Liberia,LBR,2012,0
Liberia,LBR,2013,0
Liberia,LBR,2014,0
Liberia,LBR,2015,0
Liberia,LBR,2016,0
Liberia,LBR,2017,0
Liberia,LBR,2018,0
Liberia,LBR,2019,0
Liberia,LBR,2020,0
Liberia,LBR,2021,0
Liberia,LBR,2022,0
Liberia,LBR,2023,0
Liberia,LBR,2024,0
Libya,LBY,1980,55.232178
Libya,LBY,1981,33.752995
Libya,LBY,1982,27.002398
Libya,LBY,1983,34.366688
Libya,LBY,1984,37.435143
Libya,LBY,1985,43.87889
Libya,LBY,1986,51.55003
Libya,LBY,1987,49.40211
Libya,LBY,1988,48.17473
Libya,LBY,1989,50.629494
Libya,LBY,1990,53.69683
Libya,LBY,1991,53.743973
Libya,LBY,1992,53.3911
Libya,LBY,1993,51.58053
Libya,LBY,1994,53.203926
Libya,LBY,1995,52.55648
Libya,LBY,1996,56.5652
Libya,LBY,1997,59.05754
Libya,LBY,1998,59.05754
Libya,LBY,1999,45.945683
Libya,LBY,2000,56.348476
Libya,LBY,2001,58.407364
Libya,LBY,2002,60.466248
Libya,LBY,2003,51.472168
Libya,LBY,2004,64.258934
Libya,LBY,2005,63.175312
Libya,LBY,2006,50.876175
Libya,LBY,2007,57.648827
Libya,LBY,2008,59.59935
Libya,LBY,2009,65.12583
Libya,LBY,2010,74.16327
Libya,LBY,2011,58.894993
Libya,LBY,2012,62.091686
Libya,LBY,2013,76.93735
Libya,LBY,2014,64.3673
Libya,LBY,2015,48.654743
Libya,LBY,2016,55.112465
Libya,LBY,2017,151.03299
Libya,LBY,2018,134.32529
Libya,LBY,2019,99.00016
Libya,LBY,2020,68.02473
Libya,LBY,2021,101.83012
Libya,LBY,2022,103.79893
Libya,LBY,2023,95.95014
Libya,LBY,2024,115.895966
Lithuania,LTU,1985,40.7919
Lithuania,LTU,1986,40.87846
Lithuania,LTU,1987,42.69624
Lithuania,LTU,1988,44.514023
Lithuania,LTU,1989,47.240696
Lithuania,LTU,1990,54.41444
Lithuania,LTU,1991,56.32874
Lithuania,LTU,1992,32.18021
Lithuania,LTU,1993,17.404295
Lithuania,LTU,1994,20.135017
Lithuania,LTU,1995,23.596107
Lithuania,LTU,1996,25.226633
Lithuania,LTU,1997,23.28791
Lithuania,LTU,1998,20.397856
Lithuania,LTU,1999,21.084028
Lithuania,LTU,2000,24.007809
Lithuania,LTU,2001,24.966122
Lithuania,LTU,2002,25.24175
Lithuania,LTU,2003,27.380508
Lithuania,LTU,2004,27.311892
Lithuania,LTU,2005,28.806347
Lithuania,LTU,2006,28.545835
Lithuania,LTU,2007,33.635124
Lithuania,LTU,2008,30.19148
Lithuania,LTU,2009,25.37201
Lithuania,LTU,2010,28.98196
Lithuania,LTU,2011,31.619642
Lithuania,LTU,2012,30.87416
Lithuania,LTU,2013,25.171972
Lithuania,LTU,2014,24.017113
Lithuania,LTU,2015,24.037651
Lithuania,LTU,2016,21.41865
Lithuania,LTU,2017,22.28886
Lithuania,LTU,2018,22.38687
Lithuania,LTU,2019,21.57156
Lithuania,LTU,2020,23.604841
Lithuania,LTU,2021,22.281841
Lithuania,LTU,2022,16.07382
Lithuania,LTU,2023,15.6552305
Lithuania,LTU,2024,17.01801
Lithuania,LTU,2025,16.67952
Low-income countries,OWID_LIC,1980,5.406575
Low-income countries,OWID_LIC,1981,3.4015586
Low-income countries,OWID_LIC,1982,4.0716367
Low-income countries,OWID_LIC,1983,4.0152497
Low-income countries,OWID_LIC,1984,4.0716367
Low-income countries,OWID_LIC,1985,1.4096718
Low-income countries,OWID_LIC,1986,2.5374093
Low-income countries,OWID_LIC,1987,12.9531555
Low-income countries,OWID_LIC,1988,26.553997
Low-income countries,OWID_LIC,1989,30.73319
Low-income countries,OWID_LIC,1990,49.598373
Low-income countries,OWID_LIC,1991,38.33516
Low-income countries,OWID_LIC,1992,39.09432
Low-income countries,OWID_LIC,1993,40.089966
Low-income countries,OWID_LIC,1994,41.082268
Low-income countries,OWID_LIC,1995,31.439573
Low-income countries,OWID_LIC,1996,42.517517
Low-income countries,OWID_LIC,1997,47.89403
Low-income countries,OWID_LIC,1998,60.392456
Low-income countries,OWID_LIC,1999,63.279842
Low-income countries,OWID_LIC,2000,63.877235
Low-income countries,OWID_LIC,2001,56.84889
Low-income countries,OWID_LIC,2002,74.878456
Low-income countries,OWID_LIC,2003,75.31191
Low-income countries,OWID_LIC,2004,77.912605
Low-income countries,OWID_LIC,2005,67.72654
Low-income countries,OWID_LIC,2006,69.568695
Low-income countries,OWID_LIC,2007,67.61817
Low-income countries,OWID_LIC,2008,68.0569
Low-income countries,OWID_LIC,2009,86.492805
Low-income countries,OWID_LIC,2010,117.47616
Low-income countries,OWID_LIC,2011,103.11391
Low-income countries,OWID_LIC,2012,91.70189
Low-income countries,OWID_LIC,2013,88.449844
Low-income countries,OWID_LIC,2014,80.89168
Low-income countries,OWID_LIC,2015,79.007095
Low-income countries,OWID_LIC,2016,68.273674
Low-income countries,OWID_LIC,2017,66.46383
Low-income countries,OWID_LIC,2018,57.322826
Low-income countries,OWID_LIC,2019,56.93862
Low-income countries,OWID_LIC,2020,47.180157
Low-income countries,OWID_LIC,2021,63.230324
Low-income countries,OWID_LIC,2022,58.946808
Low-income countries,OWID_LIC,2023,60.422222
Low-income countries,OWID_LIC,2024,63.96674
Lower-middle-income countries,OWID_LMC,1965,93.3101
Lower-middle-income countries,OWID_LMC,1966,99.24062
Lower-middle-income countries,OWID_LMC,1967,110.46468
Lower-middle-income countries,OWID_LMC,1968,116.02595
Lower-middle-income countries,OWID_LMC,1969,124.627014
Lower-middle-income countries,OWID_LMC,1970,122.34602
Lower-middle-income countries,OWID_LMC,1971,120.99372
Lower-middle-income countries,OWID_LMC,1972,122.679146
Lower-middle-income countries,OWID_LMC,1973,147.95555
Lower-middle-income countries,OWID_LMC,1974,160.74867
Lower-middle-income countries,OWID_LMC,1975,159.21964
Lower-middle-income countries,OWID_LMC,1976,192.8228
Lower-middle-income countries,OWID_LMC,1977,210.8557
Lower-middle-income countries,OWID_LMC,1978,218.05782
Lower-middle-income countries,OWID_LMC,1979,249.27768
Lower-middle-income countries,OWID_LMC,1980,269.544
Lower-middle-income countries,OWID_LMC,1981,288.3187
Lower-middle-income countries,OWID_LMC,1982,317.68723
Lower-middle-income countries,OWID_LMC,1983,325.37396
Lower-middle-income countries,OWID_LMC,1984,361.71854
Lower-middle-income countries,OWID_LMC,1985,694.71497
Lower-middle-income countries,OWID_LMC,1986,735.91296
Lower-middle-income countries,OWID_LMC,1987,770.09357
Lower-middle-income countries,OWID_LMC,1988,799.81116
Lower-middle-income countries,OWID_LMC,1989,854.45807
Lower-middle-income countries,OWID_LMC,1990,934.4229
Lower-middle-income countries,OWID_LMC,1991,968.7224
Lower-middle-income countries,OWID_LMC,1992,991.7453
Lower-middle-income countries,OWID_LMC,1993,1081.4952
Lower-middle-income countries,OWID_LMC,1994,1127.2535
Lower-middle-income countries,OWID_LMC,1995,1205.9402
Lower-middle-income countries,OWID_LMC,1996,1283.8562
Lower-middle-income countries,OWID_LMC,1997,1307.6133
Lower-middle-income countries,OWID_LMC,1998,1363.0264
Lower-middle-income countries,OWID_LMC,1999,1433.2719
Lower-middle-income countries,OWID_LMC,2000,1513.3684
Lower-middle-income countries,OWID_LMC,2001,1600.5728
Lower-middle-income countries,OWID_LMC,2002,1653.9993
Lower-middle-income countries,OWID_LMC,2003,1676.3971
Lower-middle-income countries,OWID_LMC,2004,1818.1265
Lower-middle-income countries,OWID_LMC,2005,1884.2103
Lower-middle-income countries,OWID_LMC,2006,1974.9745
Lower-middle-income countries,OWID_LMC,2007,2096.0046
Lower-middle-income countries,OWID_LMC,2008,2099.323
Lower-middle-income countries,OWID_LMC,2009,2224.7415
Lower-middle-income countries,OWID_LMC,2010,2330.3086
Lower-middle-income countries,OWID_LMC,2011,2445.8372
Lower-middle-income countries,OWID_LMC,2012,2449.3774
Lower-middle-income countries,OWID_LMC,2013,2334.1248
Lower-middle-income countries,OWID_LMC,2014,2288.8457
Lower-middle-income countries,OWID_LMC,2015,2337.2842
Lower-middle-income countries,OWID_LMC,2016,2450.32
Lower-middle-income countries,OWID_LMC,2017,2602.5505
Lower-middle-income countries,OWID_LMC,2018,2670.5125
Lower-middle-income countries,OWID_LMC,2019,2673.318
Lower-middle-income countries,OWID_LMC,2020,2556.828
Lower-middle-income countries,OWID_LMC,2021,2779.5002
Lower-middle-income countries,OWID_LMC,2022,2609.2993
Lower-middle-income countries,OWID_LMC,2023,2635.5774
Lower-middle-income countries,OWID_LMC,2024,2722.3242
Lower-middle-income countries,OWID_LMC,2025,2659.319
Luxembourg,LUX,1965,0
Luxembourg,LUX,1966,0
Luxembourg,LUX,1967,0
Luxembourg,LUX,1968,0
Luxembourg,LUX,1969,0.02925
Luxembourg,LUX,1970,0.07295056
Luxembourg,LUX,1971,0.14653806
Luxembourg,LUX,1972,1.1723038
Luxembourg,LUX,1973,2.3446078
Luxembourg,LUX,1974,3.150567
Luxembourg,LUX,1975,3.647525
Luxembourg,LUX,1976,4.176333
Luxembourg,LUX,1977,4.39614
Luxembourg,LUX,1978,4.835754
Luxembourg,LUX,1979,5.055561
Luxembourg,LUX,1980,4.4499803
Luxembourg,LUX,1981,3.443643
Luxembourg,LUX,1982,2.857491
Luxembourg,LUX,1983,2.710953
Luxembourg,LUX,1984,2.9307601
Luxembourg,LUX,1985,3.209822
Luxembourg,LUX,1986,3.1368713
Luxembourg,LUX,1987,3.5745747
Luxembourg,LUX,1988,3.7204757
Luxembourg,LUX,1989,4.231129
Luxembourg,LUX,1990,4.981477
Luxembourg,LUX,1991,5.1794853
Luxembourg,LUX,1992,5.398337
Luxembourg,LUX,1993,5.6067667
Luxembourg,LUX,1994,5.6484528
Luxembourg,LUX,1995,6.4549127
Luxembourg,LUX,1996,7.0810966
Luxembourg,LUX,1997,7.2558656
Luxembourg,LUX,1998,7.326419
Luxembourg,LUX,1999,7.599462
Luxembourg,LUX,2000,7.8077517
Luxembourg,LUX,2001,8.6795
Luxembourg,LUX,2002,12.40725
Luxembourg,LUX,2003,12.5595
Luxembourg,LUX,2004,13.908
Luxembourg,LUX,2005,13.680046
Luxembourg,LUX,2006,14.30931
Luxembourg,LUX,2007,13.356534
Luxembourg,LUX,2008,12.714174
Luxembourg,LUX,2009,12.937939
Luxembourg,LUX,2010,13.916305
Luxembourg,LUX,2011,12.005276
Luxembourg,LUX,2012,12.2237215
Luxembourg,LUX,2013,10.34957
Luxembourg,LUX,2014,9.805904
Luxembourg,LUX,2015,8.9427395
Luxembourg,LUX,2016,8.247018
Luxembourg,LUX,2017,8.061143
Luxembourg,LUX,2018,7.9506326
Luxembourg,LUX,2019,7.9555883
Luxembourg,LUX,2020,7.225362
Luxembourg,LUX,2021,7.789808
Luxembourg,LUX,2022,6.1173964
Luxembourg,LUX,2023,5.7326264
Luxembourg,LUX,2024,6.0339556
Luxembourg,LUX,2025,6.082924
Macao,MAC,1980,0
Macao,MAC,1981,0
Macao,MAC,1982,0
Macao,MAC,1983,0
Macao,MAC,1984,0
Macao,MAC,1985,0
Macao,MAC,1986,0
Macao,MAC,1987,0
Macao,MAC,1988,0
Macao,MAC,1989,0
Macao,MAC,1990,0
Macao,MAC,1991,0
Macao,MAC,1992,0
Macao,MAC,1993,0
Macao,MAC,1994,0
Macao,MAC,1995,0
Macao,MAC,1996,0
Macao,MAC,1997,0
Macao,MAC,1998,0
Macao,MAC,1999,0
Macao,MAC,2000,0
Macao,MAC,2001,0
Macao,MAC,2002,0
Macao,MAC,2003,0
Macao,MAC,2004,0
Macao,MAC,2005,0
Macao,MAC,2006,0
Macao,MAC,2007,0
Macao,MAC,2008,0
Macao,MAC,2009,0
Macao,MAC,2010,1.673021
Macao,MAC,2011,0.7961256
Macao,MAC,2012,0
Macao,MAC,2013,0.0038394863
Macao,MAC,2014,0.62626886
Macao,MAC,2015,0.020884642
Macao,MAC,2016,0.10869532
Macao,MAC,2017,1.9278655
Macao,MAC,2018,1.0052476
Macao,MAC,2019,1.452904
Macao,MAC,2020,0.7853355
Macao,MAC,2021,0.9126877
Macao,MAC,2022,1.2788043
Macao,MAC,2023,1.2937987
Macao,MAC,2024,1.7111685
Madagascar,MDG,1980,0
Madagascar,MDG,1981,0
Madagascar,MDG,1982,0
Madagascar,MDG,1983,0
Madagascar,MDG,1984,0
Madagascar,MDG,1985,0
Madagascar,MDG,1986,0
Madagascar,MDG,1987,0
Madagascar,MDG,1988,0
Madagascar,MDG,1989,0
Madagascar,MDG,1990,0
Madagascar,MDG,1991,0
Madagascar,MDG,1992,0
Madagascar,MDG,1993,0
Madagascar,MDG,1994,0
Madagascar,MDG,1995,0
Madagascar,MDG,1996,0
Madagascar,MDG,1997,0
Madagascar,MDG,1998,0
Madagascar,MDG,1999,0
Madagascar,MDG,2000,0
Madagascar,MDG,2001,0
Madagascar,MDG,2002,0
Madagascar,MDG,2003,0
Madagascar,MDG,2004,0
Madagascar,MDG,2005,0
Madagascar,MDG,2006,0
Madagascar,MDG,2007,0
Madagascar,MDG,2008,0
Madagascar,MDG,2009,0
Madagascar,MDG,2010,0
Madagascar,MDG,2011,0
Madagascar,MDG,2012,0
Madagascar,MDG,2013,0
Madagascar,MDG,2014,0
Madagascar,MDG,2015,0
Madagascar,MDG,2016,0
Madagascar,MDG,2017,0
Madagascar,MDG,2018,0
Madagascar,MDG,2019,0
Madagascar,MDG,2020,0
Madagascar,MDG,2021,0
Madagascar,MDG,2022,0
Madagascar,MDG,2023,0
Madagascar,MDG,2024,0
Malawi,MWI,1980,0
Malawi,MWI,1981,0
Malawi,MWI,1982,0
Malawi,MWI,1983,0
Malawi,MWI,1984,0
Malawi,MWI,1985,0
Malawi,MWI,1986,0
Malawi,MWI,1987,0
Malawi,MWI,1988,0
Malawi,MWI,1989,0
Malawi,MWI,1990,0
Malawi,MWI,1991,0
Malawi,MWI,1992,0
Malawi,MWI,1993,0
Malawi,MWI,1994,0
Malawi,MWI,1995,0
Malawi,MWI,1996,0
Malawi,MWI,1997,0
Malawi,MWI,1998,0
Malawi,MWI,1999,0
Malawi,MWI,2000,0
Malawi,MWI,2001,0
Malawi,MWI,2002,0
Malawi,MWI,2003,0
Malawi,MWI,2004,0
Malawi,MWI,2005,0
Malawi,MWI,2006,0
Malawi,MWI,2007,0
Malawi,MWI,2008,0
Malawi,MWI,2009,0
Malawi,MWI,2010,0
Malawi,MWI,2011,0
Malawi,MWI,2012,0
Malawi,MWI,2013,0
Malawi,MWI,2014,0
Malawi,MWI,2015,0
Malawi,MWI,2016,0
Malawi,MWI,2017,0
Malawi,MWI,2018,0
Malawi,MWI,2019,0
Malawi,MWI,2020,0
Malawi,MWI,2021,0
Malawi,MWI,2022,0
Malawi,MWI,2023,0
Malawi,MWI,2024,0
Malaysia,MYS,1970,0.081410006
Malaysia,MYS,1971,0.8287453
Malaysia,MYS,1972,1.1605041
Malaysia,MYS,1973,1.1605041
Malaysia,MYS,1974,2.4192514
Malaysia,MYS,1975,2.9162495
Malaysia,MYS,1976,3.471752
Malaysia,MYS,1977,3.1767428
Malaysia,MYS,1978,23.50423
Malaysia,MYS,1979,29.24945
Malaysia,MYS,1980,26.01631
Malaysia,MYS,1981,21.87603
Malaysia,MYS,1982,27.53984
Malaysia,MYS,1983,38.599968
Malaysia,MYS,1984,47.822563
Malaysia,MYS,1985,46.18273
Malaysia,MYS,1986,71.66406
Malaysia,MYS,1987,71.48961
Malaysia,MYS,1988,72.93173
Malaysia,MYS,1989,83.51503
Malaysia,MYS,1990,79.09563
Malaysia,MYS,1991,117.60256
Malaysia,MYS,1992,127.80207
Malaysia,MYS,1993,125.510956
Malaysia,MYS,1994,130.32578
Malaysia,MYS,1995,135.36157
Malaysia,MYS,1996,162.94792
Malaysia,MYS,1997,202.29222
Malaysia,MYS,1998,204.39726
Malaysia,MYS,1999,232.64651
Malaysia,MYS,2000,287.54013
Malaysia,MYS,2001,277.09637
Malaysia,MYS,2002,280.88776
Malaysia,MYS,2003,302.65912
Malaysia,MYS,2004,326.94257
Malaysia,MYS,2005,373.73007
Malaysia,MYS,2006,388.6397
Malaysia,MYS,2007,404.01456
Malaysia,MYS,2008,435.49698
Malaysia,MYS,2009,400.2232
Malaysia,MYS,2010,380.2312
Malaysia,MYS,2011,383.1736
Malaysia,MYS,2012,420.157
Malaysia,MYS,2013,445.67325
Malaysia,MYS,2014,447.0921
Malaysia,MYS,2015,468.39825
Malaysia,MYS,2016,449.9298
Malaysia,MYS,2017,450.44153
Malaysia,MYS,2018,446.77808
Malaysia,MYS,2019,452.15112
Malaysia,MYS,2020,436.13663
Malaysia,MYS,2021,513.51715
Malaysia,MYS,2022,519.453
Malaysia,MYS,2023,438.35837
Malaysia,MYS,2024,465.78366
Malaysia,MYS,2025,461.53265
Maldives,MDV,1980,0
Maldives,MDV,1981,0
Maldives,MDV,1982,0
Maldives,MDV,1983,0
Maldives,MDV,1984,0
Maldives,MDV,1985,0
Maldives,MDV,1986,0
Maldives,MDV,1987,0
Maldives,MDV,1988,0
Maldives,MDV,1989,0
Maldives,MDV,1990,0
Maldives,MDV,1991,0
Maldives,MDV,1992,0
Maldives,MDV,1993,0
Maldives,MDV,1994,0
Maldives,MDV,1995,0
Maldives,MDV,1996,0
Maldives,MDV,1997,0
Maldives,MDV,1998,0
Maldives,MDV,1999,0
Maldives,MDV,2000,0
Maldives,MDV,2001,0
Maldives,MDV,2002,0
Maldives,MDV,2003,0
Maldives,MDV,2004,0
Maldives,MDV,2005,0
Maldives,MDV,2006,0
Maldives,MDV,2007,0
Maldives,MDV,2008,0
Maldives,MDV,2009,0
Maldives,MDV,2010,0
Maldives,MDV,2011,0
Maldives,MDV,2012,0
Maldives,MDV,2013,0
Maldives,MDV,2014,0
Maldives,MDV,2015,0
Maldives,MDV,2016,0
Maldives,MDV,2017,0
Maldives,MDV,2018,0
Maldives,MDV,2019,0
Maldives,MDV,2020,0
Maldives,MDV,2021,0
Maldives,MDV,2022,0
Maldives,MDV,2023,0
Maldives,MDV,2024,0
Mali,MLI,1980,0
Mali,MLI,1981,0
Mali,MLI,1982,0
Mali,MLI,1983,0
Mali,MLI,1984,0
Mali,MLI,1985,0
Mali,MLI,1986,0
Mali,MLI,1987,0
Mali,MLI,1988,0
Mali,MLI,1989,0
Mali,MLI,1990,0
Mali,MLI,1991,0
Mali,MLI,1992,0
Mali,MLI,1993,0
Mali,MLI,1994,0
Mali,MLI,1995,0
Mali,MLI,1996,0
Mali,MLI,1997,0
Mali,MLI,1998,0
Mali,MLI,1999,0
Mali,MLI,2000,0
Mali,MLI,2001,0
Mali,MLI,2002,0
Mali,MLI,2003,0
Mali,MLI,2004,0
Mali,MLI,2005,0
Mali,MLI,2006,0
Mali,MLI,2007,0
Mali,MLI,2008,0
Mali,MLI,2009,0
Mali,MLI,2010,0
Mali,MLI,2011,0
Mali,MLI,2012,0
Mali,MLI,2013,0
Mali,MLI,2014,0
Mali,MLI,2015,0
Mali,MLI,2016,0
Mali,MLI,2017,0
Mali,MLI,2018,0
Mali,MLI,2019,0
Mali,MLI,2020,0
Mali,MLI,2021,0
Mali,MLI,2022,0
Mali,MLI,2023,0
Mali,MLI,2024,0
Malta,MLT,1980,0
Malta,MLT,1981,0
Malta,MLT,1982,0
Malta,MLT,1983,0
Malta,MLT,1984,0
Malta,MLT,1985,0
Malta,MLT,1986,0
Malta,MLT,1987,0
Malta,MLT,1988,0
Malta,MLT,1989,0
Malta,MLT,1990,0
Malta,MLT,1991,0
Malta,MLT,1992,0
Malta,MLT,1993,0
Malta,MLT,1994,0
Malta,MLT,1995,0
Malta,MLT,1996,0
Malta,MLT,1997,0
Malta,MLT,1998,0
Malta,MLT,1999,0
Malta,MLT,2000,0
Malta,MLT,2001,0
Malta,MLT,2002,0
Malta,MLT,2003,0
Malta,MLT,2004,0
Malta,MLT,2005,0
Malta,MLT,2006,0
Malta,MLT,2007,0
Malta,MLT,2008,0
Malta,MLT,2009,0
Malta,MLT,2010,0
Malta,MLT,2011,0
Malta,MLT,2012,0
Malta,MLT,2013,0
Malta,MLT,2014,0
Malta,MLT,2015,0
Malta,MLT,2016,0
Malta,MLT,2017,3.026681
Malta,MLT,2018,3.6443305
Malta,MLT,2019,4.1166
Malta,MLT,2020,4.4285293
Malta,MLT,2021,5.2600265
Malta,MLT,2022,4.240076
Malta,MLT,2023,4.7526326
Malta,MLT,2024,4.6303663
Martinique,MTQ,1980,0
Martinique,MTQ,1981,0
Martinique,MTQ,1982,0
Martinique,MTQ,1983,0
Martinique,MTQ,1984,0
Martinique,MTQ,1985,0
Martinique,MTQ,1986,0
Martinique,MTQ,1987,0
Martinique,MTQ,1988,0
Martinique,MTQ,1989,0
Martinique,MTQ,1990,0
Martinique,MTQ,1991,0
Martinique,MTQ,1992,0
Martinique,MTQ,1993,0
Martinique,MTQ,1994,0
Martinique,MTQ,1995,0
Martinique,MTQ,1996,0
Martinique,MTQ,1997,0
Martinique,MTQ,1998,0
Martinique,MTQ,1999,0
Martinique,MTQ,2000,0
Martinique,MTQ,2001,0
Martinique,MTQ,2002,0
Martinique,MTQ,2003,0
Martinique,MTQ,2004,0
Martinique,MTQ,2005,0
Martinique,MTQ,2006,0
Martinique,MTQ,2007,0
Martinique,MTQ,2008,0
Martinique,MTQ,2009,0
Martinique,MTQ,2010,0
Martinique,MTQ,2011,0
Mauritania,MRT,1980,0
Mauritania,MRT,1981,0
Mauritania,MRT,1982,0
Mauritania,MRT,1983,0
Mauritania,MRT,1984,0
Mauritania,MRT,1985,0
Mauritania,MRT,1986,0
Mauritania,MRT,1987,0
Mauritania,MRT,1988,0
Mauritania,MRT,1989,0
Mauritania,MRT,1990,0
Mauritania,MRT,1991,0
Mauritania,MRT,1992,0
Mauritania,MRT,1993,0
Mauritania,MRT,1994,0
Mauritania,MRT,1995,0
Mauritania,MRT,1996,0
Mauritania,MRT,1997,0
Mauritania,MRT,1998,0
Mauritania,MRT,1999,0
Mauritania,MRT,2000,0
Mauritania,MRT,2001,0
Mauritania,MRT,2002,0
Mauritania,MRT,2003,0
Mauritania,MRT,2004,0
Mauritania,MRT,2005,0
Mauritania,MRT,2006,0
Mauritania,MRT,2007,0
Mauritania,MRT,2008,0
Mauritania,MRT,2009,0
Mauritania,MRT,2010,0
Mauritania,MRT,2011,0
Mauritania,MRT,2012,0
Mauritania,MRT,2013,0
Mauritania,MRT,2014,0
Mauritania,MRT,2015,0
Mauritania,MRT,2016,0
Mauritania,MRT,2017,0
Mauritania,MRT,2018,0
Mauritania,MRT,2019,0
Mauritania,MRT,2020,0
Mauritania,MRT,2021,0
Mauritania,MRT,2022,0
Mauritania,MRT,2023,0
Mauritania,MRT,2024,0
Mauritius,MUS,1980,0
Mauritius,MUS,1981,0
Mauritius,MUS,1982,0
Mauritius,MUS,1983,0
Mauritius,MUS,1984,0
Mauritius,MUS,1985,0
Mauritius,MUS,1986,0
Mauritius,MUS,1987,0
Mauritius,MUS,1988,0
Mauritius,MUS,1989,0
Mauritius,MUS,1990,0
Mauritius,MUS,1991,0
Mauritius,MUS,1992,0
Mauritius,MUS,1993,0
Mauritius,MUS,1994,0
Mauritius,MUS,1995,0
Mauritius,MUS,1996,0
Mauritius,MUS,1997,0
Mauritius,MUS,1998,0
Mauritius,MUS,1999,0
Mauritius,MUS,2000,0
Mauritius,MUS,2001,0
Mauritius,MUS,2002,0
Mauritius,MUS,2003,0
Mauritius,MUS,2004,0
Mauritius,MUS,2005,0
Mauritius,MUS,2006,0
Mauritius,MUS,2007,0
Mauritius,MUS,2008,0
Mauritius,MUS,2009,0
Mauritius,MUS,2010,0
Mauritius,MUS,2011,0
Mauritius,MUS,2012,0
Mauritius,MUS,2013,0
Mauritius,MUS,2014,0
Mauritius,MUS,2015,0
Mauritius,MUS,2016,0
Mauritius,MUS,2017,0
Mauritius,MUS,2018,0
Mauritius,MUS,2019,0
Mauritius,MUS,2020,0
Mauritius,MUS,2021,0
Mauritius,MUS,2022,0
Mauritius,MUS,2023,0
Mauritius,MUS,2024,0
Mexico,MEX,1965,80.64689
Mexico,MEX,1966,85.11342
Mexico,MEX,1967,73.19651
Mexico,MEX,1968,78.59209
Mexico,MEX,1969,97.470535
Mexico,MEX,1970,99.67502
Mexico,MEX,1971,103.59451
Mexico,MEX,1972,110.77967
Mexico,MEX,1973,122.74594
Mexico,MEX,1974,129.14703
Mexico,MEX,1975,131.39035
Mexico,MEX,1976,128.85493
Mexico,MEX,1977,135.9986
Mexico,MEX,1978,171.05864
Mexico,MEX,1979,207.65465
Mexico,MEX,1980,223.01714
Mexico,MEX,1981,241.79158
Mexico,MEX,1982,259.95645
Mexico,MEX,1983,268.19806
Mexico,MEX,1984,268.5839
Mexico,MEX,1985,275.2785
Mexico,MEX,1986,244.92165
Mexico,MEX,1987,249.24323
Mexico,MEX,1988,253.59618
Mexico,MEX,1989,247.96423
Mexico,MEX,1990,268.17517
Mexico,MEX,1991,282.36115
Mexico,MEX,1992,282.39487
Mexico,MEX,1993,283.26508
Mexico,MEX,1994,301.03
Mexico,MEX,1995,306.90234
Mexico,MEX,1996,312.78293
Mexico,MEX,1997,314.37393
Mexico,MEX,1998,334.79
Mexico,MEX,1999,337.90872
Mexico,MEX,2000,359.13306
Mexico,MEX,2001,361.90524
Mexico,MEX,2002,410.68826
Mexico,MEX,2003,445.09406
Mexico,MEX,2004,480.21918
Mexico,MEX,2005,527.12335
Mexico,MEX,2006,582.8828
Mexico,MEX,2007,570.4138
Mexico,MEX,2008,599.96576
Mexico,MEX,2009,651.688
Mexico,MEX,2010,660.44543
Mexico,MEX,2011,708.0849
Mexico,MEX,2012,736.5377
Mexico,MEX,2013,777.9507
Mexico,MEX,2014,788.4845
Mexico,MEX,2015,807.82916
Mexico,MEX,2016,853.08124
Mexico,MEX,2017,896.77747
Mexico,MEX,2018,921.7973
Mexico,MEX,2019,952.64667
Mexico,MEX,2020,951.09265
Mexico,MEX,2021,939.0382
Mexico,MEX,2022,933.121
Mexico,MEX,2023,1006.85254
Mexico,MEX,2024,1003.7736
Mexico,MEX,2025,996.68335
Micronesia (country),FSM,1980,0
Micronesia (country),FSM,1981,0
Micronesia (country),FSM,1982,0
Micronesia (country),FSM,1983,0
Micronesia (country),FSM,1984,0
Micronesia (country),FSM,1985,0
Micronesia (country),FSM,1986,0
Micronesia (country),FSM,1987,0
Micronesia (country),FSM,1988,0
Micronesia (country),FSM,1989,0
Micronesia (country),FSM,1990,0
Micronesia (country),FSM,1991,0
Micronesia (country),FSM,1992,0
Micronesia (country),FSM,1993,0
Micronesia (country),FSM,1994,0
Micronesia (country),FSM,1995,0
Micronesia (country),FSM,1996,0
Micronesia (country),FSM,1997,0
Micronesia (country),FSM,1998,0
Micronesia (country),FSM,1999,0
Micronesia (country),FSM,2000,0
Micronesia (country),FSM,2001,0
Micronesia (country),FSM,2002,0
Micronesia (country),FSM,2003,0
Micronesia (country),FSM,2004,0
Micronesia (country),FSM,2005,0
Micronesia (country),FSM,2006,0
Micronesia (country),FSM,2007,0
Micronesia (country),FSM,2008,0
Micronesia (country),FSM,2009,0
Micronesia (country),FSM,2010,0
Micronesia (country),FSM,2011,0
Micronesia (country),FSM,2012,0
Micronesia (country),FSM,2013,0
Micronesia (country),FSM,2014,0
Micronesia (country),FSM,2015,0
Micronesia (country),FSM,2016,0
Micronesia (country),FSM,2017,0
Micronesia (country),FSM,2018,0
Micronesia (country),FSM,2019,0
Micronesia (country),FSM,2020,0
Micronesia (country),FSM,2021,0
Micronesia (country),FSM,2022,0
Micronesia (country),FSM,2023,0
Micronesia (country),FSM,2024,0
Middle East (EI),,1965,37.8658
Middle East (EI),,1966,46.16815
Middle East (EI),,1967,54.84992
Middle East (EI),,1968,71.12384
Middle East (EI),,1969,84.99389
Middle East (EI),,1970,94.017845
Middle East (EI),,1971,105.177826
Middle East (EI),,1972,118.73316
Middle East (EI),,1973,143.79308
Middle East (EI),,1974,151.48201
Middle East (EI),,1975,170.41908
Middle East (EI),,1976,183.55377
Middle East (EI),,1977,214.0496
Middle East (EI),,1978,233.87546
Middle East (EI),,1979,316.76602
Middle East (EI),,1980,317.02014
Middle East (EI),,1981,343.4552
Middle East (EI),,1982,383.97806
Middle East (EI),,1983,392.83484
Middle East (EI),,1984,504.4679
Middle East (EI),,1985,544.38776
Middle East (EI),,1986,659.0445
Middle East (EI),,1987,722.67017
Middle East (EI),,1988,804.03845
Middle East (EI),,1989,906.9236
Middle East (EI),,1990,956.80994
Middle East (EI),,1991,1001.00073
Middle East (EI),,1992,1144.0236
Middle East (EI),,1993,1071.7454
Middle East (EI),,1994,1239.8612
Middle East (EI),,1995,1363.4507
Middle East (EI),,1996,1421.7228
Middle East (EI),,1997,1502.8616
Middle East (EI),,1998,1621.9935
Middle East (EI),,1999,1730.2708
Middle East (EI),,2000,1833.0181
Middle East (EI),,2001,1948.4413
Middle East (EI),,2002,2163.4475
Middle East (EI),,2003,2251.583
Middle East (EI),,2004,2497.0173
Middle East (EI),,2005,2663.6584
Middle East (EI),,2006,2828.953
Middle East (EI),,2007,3082.3164
Middle East (EI),,2008,3375.1953
Middle East (EI),,2009,3468.4558
Middle East (EI),,2010,3804.7905
Middle East (EI),,2011,3985.5918
Middle East (EI),,2012,4114.28
Middle East (EI),,2013,4232.945
Middle East (EI),,2014,4473.643
Middle East (EI),,2015,4792.727
Middle East (EI),,2016,5010.934
Middle East (EI),,2017,5098.1445
Middle East (EI),,2018,5175.1455
Middle East (EI),,2019,5341.5454
Middle East (EI),,2020,5524.618
Middle East (EI),,2021,5502.483
Middle East (EI),,2022,5669.863
Middle East (EI),,2023,5829.5586
Middle East (EI),,2024,6034.526
Middle East (EI),,2025,6194.214
Moldova,MDA,1992,24.225887
Moldova,MDA,1993,19.822882
Moldova,MDA,1994,15.416758
Moldova,MDA,1995,15.416758
Moldova,MDA,1996,22.024384
Moldova,MDA,1997,26.42926
Moldova,MDA,1998,25.438166
Moldova,MDA,1999,23.125603
Moldova,MDA,2000,23.455969
Moldova,MDA,2001,22.574995
Moldova,MDA,2002,24.226824
Moldova,MDA,2003,25.568571
Moldova,MDA,2004,23.312521
Moldova,MDA,2005,26.320587
Moldova,MDA,2006,28.469208
Moldova,MDA,2007,23.612045
Moldova,MDA,2008,23.708092
Moldova,MDA,2009,21.920576
Moldova,MDA,2010,20.4153
Moldova,MDA,2011,19.850822
Moldova,MDA,2012,32.645664
Moldova,MDA,2013,30.85815
Moldova,MDA,2014,29.635115
Moldova,MDA,2015,25.683765
Moldova,MDA,2016,25.956594
Moldova,MDA,2017,23.586712
Moldova,MDA,2018,25.723494
Moldova,MDA,2019,26.368399
Moldova,MDA,2020,26.416723
Moldova,MDA,2021,28.915365
Moldova,MDA,2022,22.158672
Moldova,MDA,2023,16.041605
Moldova,MDA,2024,20.527288
Mongolia,MNG,1980,0
Mongolia,MNG,1981,0
Mongolia,MNG,1982,0
Mongolia,MNG,1983,0
Mongolia,MNG,1984,0
Mongolia,MNG,1985,0
Mongolia,MNG,1986,0
Mongolia,MNG,1987,0
Mongolia,MNG,1988,0
Mongolia,MNG,1989,0
Mongolia,MNG,1990,0
Mongolia,MNG,1991,0
Mongolia,MNG,1992,0
Mongolia,MNG,1993,0
Mongolia,MNG,1994,0
Mongolia,MNG,1995,0
Mongolia,MNG,1996,0
Mongolia,MNG,1997,0
Mongolia,MNG,1998,0
Mongolia,MNG,1999,0
Mongolia,MNG,2000,0
Mongolia,MNG,2001,0
Mongolia,MNG,2002,0
Mongolia,MNG,2003,0
Mongolia,MNG,2004,0
Mongolia,MNG,2005,0
Mongolia,MNG,2006,0
Mongolia,MNG,2007,0
Mongolia,MNG,2008,0
Mongolia,MNG,2009,0
Mongolia,MNG,2010,0
Mongolia,MNG,2011,0
Mongolia,MNG,2012,0
Mongolia,MNG,2013,0
Mongolia,MNG,2014,0
Mongolia,MNG,2015,0
Mongolia,MNG,2016,0
Mongolia,MNG,2017,0
Mongolia,MNG,2018,0
Mongolia,MNG,2019,0
Mongolia,MNG,2020,0
Mongolia,MNG,2021,0
Mongolia,MNG,2022,0
Mongolia,MNG,2023,0
Mongolia,MNG,2024,0
Montenegro,MNE,2006,0
Montenegro,MNE,2007,0
Montenegro,MNE,2008,0
Montenegro,MNE,2009,0
Montenegro,MNE,2010,0
Montenegro,MNE,2011,0
Montenegro,MNE,2012,0
Montenegro,MNE,2013,0
Montenegro,MNE,2014,0
Montenegro,MNE,2015,0
Montenegro,MNE,2016,0
Montenegro,MNE,2017,0
Montenegro,MNE,2018,0
Montenegro,MNE,2019,0
Montenegro,MNE,2020,0
Montenegro,MNE,2021,0
Montenegro,MNE,2022,0
Montenegro,MNE,2023,0
Montenegro,MNE,2024,0
Montserrat,MSR,1980,0
Montserrat,MSR,1981,0
Montserrat,MSR,1982,0
Montserrat,MSR,1983,0
Montserrat,MSR,1984,0
Montserrat,MSR,1985,0
Montserrat,MSR,1986,0
Montserrat,MSR,1987,0
Montserrat,MSR,1988,0
Montserrat,MSR,1989,0
Montserrat,MSR,1990,0
Montserrat,MSR,1991,0
Montserrat,MSR,1992,0
Montserrat,MSR,1993,0
Montserrat,MSR,1994,0
Montserrat,MSR,1995,0
Montserrat,MSR,1996,0
Montserrat,MSR,1997,0
Montserrat,MSR,1998,0
Montserrat,MSR,1999,0
Montserrat,MSR,2000,0
Montserrat,MSR,2001,0
Montserrat,MSR,2002,0
Montserrat,MSR,2003,0
Montserrat,MSR,2004,0
Montserrat,MSR,2005,0
Montserrat,MSR,2006,0
Montserrat,MSR,2007,0
Montserrat,MSR,2008,0
Montserrat,MSR,2009,0
Montserrat,MSR,2010,0
Montserrat,MSR,2011,0
Montserrat,MSR,2012,0
Montserrat,MSR,2013,0
Montserrat,MSR,2014,0
Montserrat,MSR,2015,0
Montserrat,MSR,2016,0
Montserrat,MSR,2017,0
Montserrat,MSR,2018,0
Montserrat,MSR,2019,0
Montserrat,MSR,2020,0
Montserrat,MSR,2021,0
Montserrat,MSR,2022,0
Montserrat,MSR,2023,0
Montserrat,MSR,2024,0
Morocco,MAR,1965,0.5145
Morocco,MAR,1966,0.5145
Morocco,MAR,1967,0.5145
Morocco,MAR,1968,0.5145
Morocco,MAR,1969,0.5145
Morocco,MAR,1970,0.5145
Morocco,MAR,1971,0.50210196
Morocco,MAR,1972,0.54384196
Morocco,MAR,1973,0.68005276
Morocco,MAR,1974,0.78028
Morocco,MAR,1975,0.6902986
Morocco,MAR,1976,0.77203417
Morocco,MAR,1977,0.84101194
Morocco,MAR,1978,0.7940267
Morocco,MAR,1979,0.7352953
Morocco,MAR,1980,0.64531386
Morocco,MAR,1981,0.8285094
Morocco,MAR,1982,0.7687777
Morocco,MAR,1983,0.8117739
Morocco,MAR,1984,0.81077385
Morocco,MAR,1985,0.9162347
Morocco,MAR,1986,0.8869969
Morocco,MAR,1987,0.72079253
Morocco,MAR,1988,0.7365394
Morocco,MAR,1989,0.5440981
Morocco,MAR,1990,0.50335807
Morocco,MAR,1991,0.32216248
Morocco,MAR,1992,0.21168917
Morocco,MAR,1993,0.20694417
Morocco,MAR,1994,0.2021875
Morocco,MAR,1995,0.127965
Morocco,MAR,1996,0.1627036
Morocco,MAR,1997,0.29991445
Morocco,MAR,1998,0.32915223
Morocco,MAR,1999,0.3836389
Morocco,MAR,2000,0.44187027
Morocco,MAR,2001,0.43712527
Morocco,MAR,2002,0.55943996
Morocco,MAR,2003,0.53613
Morocco,MAR,2004,0.687645
Morocco,MAR,2005,4.49883
Morocco,MAR,2006,5.582745
Morocco,MAR,2007,6.2976627
Morocco,MAR,2008,6.2191076
Morocco,MAR,2009,6.831928
Morocco,MAR,2010,7.379246
Morocco,MAR,2011,9.3402
Morocco,MAR,2012,12.491665
Morocco,MAR,2013,12.112491
Morocco,MAR,2014,11.739
Morocco,MAR,2015,11.770798
Morocco,MAR,2016,11.975875
Morocco,MAR,2017,11.88071
Morocco,MAR,2018,10.71516
Morocco,MAR,2019,10.126819
Morocco,MAR,2020,7.8666134
Morocco,MAR,2021,7.899017
Morocco,MAR,2022,2.2269576
Morocco,MAR,2023,8.880107
Morocco,MAR,2024,9.021482
Morocco,MAR,2025,9.501881
Mozambique,MOZ,1980,0
Mozambique,MOZ,1981,0
Mozambique,MOZ,1982,0
Mozambique,MOZ,1983,0
Mozambique,MOZ,1984,0
Mozambique,MOZ,1985,0
Mozambique,MOZ,1986,0
Mozambique,MOZ,1987,0
Mozambique,MOZ,1988,0
Mozambique,MOZ,1989,0
Mozambique,MOZ,1990,0
Mozambique,MOZ,1991,0
Mozambique,MOZ,1992,0
Mozambique,MOZ,1993,0
Mozambique,MOZ,1994,0
Mozambique,MOZ,1995,0
Mozambique,MOZ,1996,0
Mozambique,MOZ,1997,0
Mozambique,MOZ,1998,0.65017474
Mozambique,MOZ,1999,0.65017474
Mozambique,MOZ,2000,0.65017474
Mozambique,MOZ,2001,0.65017474
Mozambique,MOZ,2002,0.65017474
Mozambique,MOZ,2003,0.8668996
Mozambique,MOZ,2004,0.7585372
Mozambique,MOZ,2005,1.408712
Mozambique,MOZ,2006,1.6254368
Mozambique,MOZ,2007,2.1672492
Mozambique,MOZ,2008,2.064165
Mozambique,MOZ,2009,1.7201376
Mozambique,MOZ,2010,0.91740674
Mozambique,MOZ,2011,5.9631433
Mozambique,MOZ,2012,14.793183
Mozambique,MOZ,2013,17.889431
Mozambique,MOZ,2014,20.641651
Mozambique,MOZ,2015,21.73107
Mozambique,MOZ,2016,20.366442
Mozambique,MOZ,2017,21.00862
Mozambique,MOZ,2018,13.762301
Mozambique,MOZ,2019,16.02708
Mozambique,MOZ,2020,15.214615
Mozambique,MOZ,2021,16.304071
Mozambique,MOZ,2022,18.07706
Mozambique,MOZ,2023,18.401325
Mozambique,MOZ,2024,21.975237
Myanmar,MMR,1980,3.3752997
Myanmar,MMR,1981,3.6821449
Myanmar,MMR,1982,4.909527
Myanmar,MMR,1983,5.830063
Myanmar,MMR,1984,7.057444
Myanmar,MMR,1985,8.591672
Myanmar,MMR,1986,11.660126
Myanmar,MMR,1987,12.273816
Myanmar,MMR,1988,11.35328
Myanmar,MMR,1989,11.660126
Myanmar,MMR,1990,11.660126
Myanmar,MMR,1991,10.819249
Myanmar,MMR,1992,10.65369
Myanmar,MMR,1993,11.999409
Myanmar,MMR,1994,15.599294
Myanmar,MMR,1995,17.89131
Myanmar,MMR,1996,17.45391
Myanmar,MMR,1997,16.472128
Myanmar,MMR,1998,19.1993
Myanmar,MMR,1999,15.081943
Myanmar,MMR,2000,17.21007
Myanmar,MMR,2001,18.135342
Myanmar,MMR,2002,23.999128
Myanmar,MMR,2003,27.380823
Myanmar,MMR,2004,29.126213
Myanmar,MMR,2005,45.161995
Myanmar,MMR,2006,39.48947
Myanmar,MMR,2007,44.943817
Myanmar,MMR,2008,41.99847
Myanmar,MMR,2009,35.453255
Myanmar,MMR,2010,35.34417
Myanmar,MMR,2011,36.43504
Myanmar,MMR,2012,38.18043
Myanmar,MMR,2013,39.59856
Myanmar,MMR,2014,37.525906
Myanmar,MMR,2015,39.162212
Myanmar,MMR,2016,48.06363
Myanmar,MMR,2017,49.121765
Myanmar,MMR,2018,45.13023
Myanmar,MMR,2019,39.952374
Myanmar,MMR,2020,47.653214
Myanmar,MMR,2021,45.889397
Myanmar,MMR,2022,47.02277
Myanmar,MMR,2023,41.089237
Myanmar,MMR,2024,43.912613
Namibia,NAM,1990,0
Namibia,NAM,1991,0
Namibia,NAM,1992,0
Namibia,NAM,1993,0
Namibia,NAM,1994,0
Namibia,NAM,1995,0
Namibia,NAM,1996,0
Namibia,NAM,1997,0
Namibia,NAM,1998,0
Namibia,NAM,1999,0
Namibia,NAM,2000,0
Namibia,NAM,2001,0
Namibia,NAM,2002,0
Namibia,NAM,2003,0
Namibia,NAM,2004,0
Namibia,NAM,2005,0
Namibia,NAM,2006,0
Namibia,NAM,2007,0
Namibia,NAM,2008,0
Namibia,NAM,2009,0
Namibia,NAM,2010,0
Namibia,NAM,2011,0
Namibia,NAM,2012,0
Namibia,NAM,2013,0
Namibia,NAM,2014,0
Namibia,NAM,2015,0
Namibia,NAM,2016,0
Namibia,NAM,2017,0
Namibia,NAM,2018,0
Namibia,NAM,2019,0
Namibia,NAM,2020,0
Namibia,NAM,2021,0
Namibia,NAM,2022,0
Namibia,NAM,2023,0
Namibia,NAM,2024,0
Nauru,NRU,1980,0
Nauru,NRU,1981,0
Nauru,NRU,1982,0
Nauru,NRU,1983,0
Nauru,NRU,1984,0
Nauru,NRU,1985,0
Nauru,NRU,1986,0
Nauru,NRU,1987,0
Nauru,NRU,1988,0
Nauru,NRU,1989,0
Nauru,NRU,1990,0
Nauru,NRU,1991,0
Nauru,NRU,1992,0
Nauru,NRU,1993,0
Nauru,NRU,1994,0
Nauru,NRU,1995,0
Nauru,NRU,1996,0
Nauru,NRU,1997,0
Nauru,NRU,1998,0
Nauru,NRU,1999,0
Nauru,NRU,2000,0
Nauru,NRU,2001,0
Nauru,NRU,2002,0
Nauru,NRU,2003,0
Nauru,NRU,2004,0
Nauru,NRU,2005,0
Nauru,NRU,2006,0
Nauru,NRU,2007,0
Nauru,NRU,2008,0
Nauru,NRU,2009,0
Nauru,NRU,2010,0
Nauru,NRU,2011,0
Nauru,NRU,2012,0
Nauru,NRU,2013,0
Nauru,NRU,2014,0
Nauru,NRU,2015,0
Nauru,NRU,2016,0
Nauru,NRU,2017,0
Nauru,NRU,2018,0
Nauru,NRU,2019,0
Nauru,NRU,2020,0
Nauru,NRU,2021,0
Nauru,NRU,2022,0
Nauru,NRU,2023,0
Nauru,NRU,2024,0
Nepal,NPL,1980,0
Nepal,NPL,1981,0
Nepal,NPL,1982,0
Nepal,NPL,1983,0
Nepal,NPL,1984,0
Nepal,NPL,1985,0
Nepal,NPL,1986,0
Nepal,NPL,1987,0
Nepal,NPL,1988,0
Nepal,NPL,1989,0
Nepal,NPL,1990,0
Nepal,NPL,1991,0
Nepal,NPL,1992,0
Nepal,NPL,1993,0
Nepal,NPL,1994,0
Nepal,NPL,1995,0
Nepal,NPL,1996,0
Nepal,NPL,1997,0
Nepal,NPL,1998,0
Nepal,NPL,1999,0
Nepal,NPL,2000,0
Nepal,NPL,2001,0
Nepal,NPL,2002,0
Nepal,NPL,2003,0
Nepal,NPL,2004,0
Nepal,NPL,2005,0
Nepal,NPL,2006,0
Nepal,NPL,2007,0
Nepal,NPL,2008,0
Nepal,NPL,2009,0
Nepal,NPL,2010,0
Nepal,NPL,2011,0
Nepal,NPL,2012,0
Nepal,NPL,2013,0
Nepal,NPL,2014,0
Nepal,NPL,2015,0
Nepal,NPL,2016,0
Nepal,NPL,2017,0
Nepal,NPL,2018,0
Nepal,NPL,2019,0
Nepal,NPL,2020,0
Nepal,NPL,2021,0
Nepal,NPL,2022,0
Nepal,NPL,2023,0
Nepal,NPL,2024,0
Netherlands,NLD,1965,15
Netherlands,NLD,1966,28.61111
Netherlands,NLD,1967,50.555553
Netherlands,NLD,1968,85
Netherlands,NLD,1969,125.27778
Netherlands,NLD,1970,176.38889
Netherlands,NLD,1971,230.55556
Netherlands,NLD,1972,300
Netherlands,NLD,1973,333.6111
Netherlands,NLD,1974,355
Netherlands,NLD,1975,370.27777
Netherlands,NLD,1976,384.44443
Netherlands,NLD,1977,385.83334
Netherlands,NLD,1978,386.66666
Netherlands,NLD,1979,385
Netherlands,NLD,1980,351.94443
Netherlands,NLD,1981,335
Netherlands,NLD,1982,320
Netherlands,NLD,1983,342.22223
Netherlands,NLD,1984,363.6111
Netherlands,NLD,1985,383.33334
Netherlands,NLD,1986,382.22223
Netherlands,NLD,1987,394.44443
Netherlands,NLD,1988,356.6667
Netherlands,NLD,1989,365.83334
Netherlands,NLD,1990,368.05557
Netherlands,NLD,1991,410.69446
Netherlands,NLD,1992,399.91666
Netherlands,NLD,1993,411.30557
Netherlands,NLD,1994,397.2222
Netherlands,NLD,1995,408.02777
Netherlands,NLD,1996,452.19446
Netherlands,NLD,1997,423.69446
Netherlands,NLD,1998,418.3889
Netherlands,NLD,1999,408.7778
Netherlands,NLD,2000,409.9167
Netherlands,NLD,2001,418.19443
Netherlands,NLD,2002,413.97223
Netherlands,NLD,2003,416.8333
Netherlands,NLD,2004,426.77777
Netherlands,NLD,2005,414.55557
Netherlands,NLD,2006,398.08334
Netherlands,NLD,2007,388.05554
Netherlands,NLD,2008,403.8889
Netherlands,NLD,2009,413.5833
Netherlands,NLD,2010,467.58334
Netherlands,NLD,2011,409.27777
Netherlands,NLD,2012,392.8333
Netherlands,NLD,2013,391.1389
Netherlands,NLD,2014,343.27777
Netherlands,NLD,2015,337.8889
Netherlands,NLD,2016,351.6389
Netherlands,NLD,2017,363.05557
Netherlands,NLD,2018,355.94443
Netherlands,NLD,2019,371.83334
Netherlands,NLD,2020,361.30554
Netherlands,NLD,2021,348.5833
Netherlands,NLD,2022,271.55554
Netherlands,NLD,2023,258.5833
Netherlands,NLD,2024,259.69443
Netherlands,NLD,2025,260.69443
Netherlands Antilles,ANT,1980,0
Netherlands Antilles,ANT,1981,0
Netherlands Antilles,ANT,1982,0
Netherlands Antilles,ANT,1983,0
Netherlands Antilles,ANT,1984,0
Netherlands Antilles,ANT,1985,0
Netherlands Antilles,ANT,1986,0
Netherlands Antilles,ANT,1987,0
Netherlands Antilles,ANT,1988,0
Netherlands Antilles,ANT,1989,0
Netherlands Antilles,ANT,1990,0
Netherlands Antilles,ANT,1991,0
Netherlands Antilles,ANT,1992,0
Netherlands Antilles,ANT,1993,0
Netherlands Antilles,ANT,1994,0
Netherlands Antilles,ANT,1995,0
Netherlands Antilles,ANT,1996,0
Netherlands Antilles,ANT,1997,0
Netherlands Antilles,ANT,1998,0
Netherlands Antilles,ANT,1999,0
Netherlands Antilles,ANT,2000,0
Netherlands Antilles,ANT,2001,0
Netherlands Antilles,ANT,2002,0
Netherlands Antilles,ANT,2003,0
Netherlands Antilles,ANT,2004,0
Netherlands Antilles,ANT,2005,0
Netherlands Antilles,ANT,2006,0
Netherlands Antilles,ANT,2007,0
Netherlands Antilles,ANT,2008,0
Netherlands Antilles,ANT,2009,0
Netherlands Antilles,ANT,2010,0
Netherlands Antilles,ANT,2011,0
Netherlands Antilles,ANT,2012,0
Netherlands Antilles,ANT,2013,0
Netherlands Antilles,ANT,2014,0
Netherlands Antilles,ANT,2015,0
Netherlands Antilles,ANT,2016,0
Netherlands Antilles,ANT,2017,0
Netherlands Antilles,ANT,2018,0
Netherlands Antilles,ANT,2019,0
Netherlands Antilles,ANT,2020,0
Netherlands Antilles,ANT,2021,0
Netherlands Antilles,ANT,2022,0
Netherlands Antilles,ANT,2023,0
Netherlands Antilles,ANT,2024,0
New Caledonia,NCL,1980,0
New Caledonia,NCL,1981,0
New Caledonia,NCL,1982,0
New Caledonia,NCL,1983,0
New Caledonia,NCL,1984,0
New Caledonia,NCL,1985,0
New Caledonia,NCL,1986,0
New Caledonia,NCL,1987,0
New Caledonia,NCL,1988,0
New Caledonia,NCL,1989,0
New Caledonia,NCL,1990,0
New Caledonia,NCL,1991,0
New Caledonia,NCL,1992,0
New Caledonia,NCL,1993,0
New Caledonia,NCL,1994,0
New Caledonia,NCL,1995,0
New Caledonia,NCL,1996,0
New Caledonia,NCL,1997,0
New Caledonia,NCL,1998,0
New Caledonia,NCL,1999,0
New Caledonia,NCL,2000,0
New Caledonia,NCL,2001,0
New Caledonia,NCL,2002,0
New Caledonia,NCL,2003,0
New Caledonia,NCL,2004,0
New Caledonia,NCL,2005,0
New Caledonia,NCL,2006,0
New Caledonia,NCL,2007,0
New Caledonia,NCL,2008,0
New Caledonia,NCL,2009,0
New Caledonia,NCL,2010,0
New Caledonia,NCL,2011,0
New Caledonia,NCL,2012,0
New Caledonia,NCL,2013,0
New Caledonia,NCL,2014,0
New Caledonia,NCL,2015,0
New Caledonia,NCL,2016,0
New Caledonia,NCL,2017,0
New Caledonia,NCL,2018,0
New Caledonia,NCL,2019,0
New Caledonia,NCL,2020,0
New Caledonia,NCL,2021,0
New Caledonia,NCL,2022,0
New Caledonia,NCL,2023,0
New Caledonia,NCL,2024,0
New Zealand,NZL,1970,0.7104
New Zealand,NZL,1971,0.9024
New Zealand,NZL,1972,1.6352
New Zealand,NZL,1973,1.9008
New Zealand,NZL,1974,3.203475
New Zealand,NZL,1975,3.4746535
New Zealand,NZL,1976,9.330131
New Zealand,NZL,1977,15.340603
New Zealand,NZL,1978,14.378684
New Zealand,NZL,1979,9.718228
New Zealand,NZL,1980,8.895992
New Zealand,NZL,1981,10.966378
New Zealand,NZL,1982,19.716858
New Zealand,NZL,1983,21.38854
New Zealand,NZL,1984,27.382586
New Zealand,NZL,1985,34.95481
New Zealand,NZL,1986,42.148605
New Zealand,NZL,1987,40.720013
New Zealand,NZL,1988,44.231865
New Zealand,NZL,1989,45.383183
New Zealand,NZL,1990,45.15108
New Zealand,NZL,1991,48.3457
New Zealand,NZL,1992,51.16109
New Zealand,NZL,1993,49.900513
New Zealand,NZL,1994,46.771095
New Zealand,NZL,1995,44.630497
New Zealand,NZL,1996,50.87484
New Zealand,NZL,1997,54.805138
New Zealand,NZL,1998,48.31148
New Zealand,NZL,1999,55.233707
New Zealand,NZL,2000,58.75267
New Zealand,NZL,2001,61.99314
New Zealand,NZL,2002,59.181946
New Zealand,NZL,2003,44.62404
New Zealand,NZL,2004,40.718163
New Zealand,NZL,2005,37.576244
New Zealand,NZL,2006,38.154423
New Zealand,NZL,2007,42.152313
New Zealand,NZL,2008,39.045193
New Zealand,NZL,2009,40.138943
New Zealand,NZL,2010,43.759987
New Zealand,NZL,2011,40.215504
New Zealand,NZL,2012,44.646664
New Zealand,NZL,2013,47.0649
New Zealand,NZL,2014,52.28978
New Zealand,NZL,2015,48.018906
New Zealand,NZL,2016,47.97363
New Zealand,NZL,2017,49.882824
New Zealand,NZL,2018,45.0087
New Zealand,NZL,2019,48.053413
New Zealand,NZL,2020,45.73105
New Zealand,NZL,2021,39.044353
New Zealand,NZL,2022,36.70967
New Zealand,NZL,2023,38.55496
New Zealand,NZL,2024,30.541897
New Zealand,NZL,2025,27.453527
Nicaragua,NIC,1980,0
Nicaragua,NIC,1981,0
Nicaragua,NIC,1982,0
Nicaragua,NIC,1983,0
Nicaragua,NIC,1984,0
Nicaragua,NIC,1985,0
Nicaragua,NIC,1986,0
Nicaragua,NIC,1987,0
Nicaragua,NIC,1988,0
Nicaragua,NIC,1989,0
Nicaragua,NIC,1990,0
Nicaragua,NIC,1991,0
Nicaragua,NIC,1992,0
Nicaragua,NIC,1993,0
Nicaragua,NIC,1994,0
Nicaragua,NIC,1995,0
Nicaragua,NIC,1996,0
Nicaragua,NIC,1997,0
Nicaragua,NIC,1998,0
Nicaragua,NIC,1999,0
Nicaragua,NIC,2000,0
Nicaragua,NIC,2001,0
Nicaragua,NIC,2002,0
Nicaragua,NIC,2003,0
Nicaragua,NIC,2004,0
Nicaragua,NIC,2005,0
Nicaragua,NIC,2006,0
Nicaragua,NIC,2007,0
Nicaragua,NIC,2008,0
Nicaragua,NIC,2009,0
Nicaragua,NIC,2010,0
Nicaragua,NIC,2011,0
Nicaragua,NIC,2012,0
Nicaragua,NIC,2013,0
Nicaragua,NIC,2014,0
Nicaragua,NIC,2015,0
Nicaragua,NIC,2016,0
Nicaragua,NIC,2017,0
Nicaragua,NIC,2018,0
Nicaragua,NIC,2019,0
Nicaragua,NIC,2020,0
Nicaragua,NIC,2021,0
Nicaragua,NIC,2022,0
Nicaragua,NIC,2023,0
Nicaragua,NIC,2024,0
Niger,NER,1980,0
Niger,NER,1981,0
Niger,NER,1982,0
Niger,NER,1983,0
Niger,NER,1984,0
Niger,NER,1985,0
Niger,NER,1986,0
Niger,NER,1987,0
Niger,NER,1988,0
Niger,NER,1989,0
Niger,NER,1990,0
Niger,NER,1991,0
Niger,NER,1992,0
Niger,NER,1993,0
Niger,NER,1994,0
Niger,NER,1995,0
Niger,NER,1996,0
Niger,NER,1997,0
Niger,NER,1998,0
Niger,NER,1999,0
Niger,NER,2000,0
Niger,NER,2001,0
Niger,NER,2002,0
Niger,NER,2003,0
Niger,NER,2004,0
Niger,NER,2005,0
Niger,NER,2006,0
Niger,NER,2007,0
Niger,NER,2008,0
Niger,NER,2009,0
Niger,NER,2010,0
Niger,NER,2011,0
Niger,NER,2012,0
Niger,NER,2013,0
Niger,NER,2014,0
Niger,NER,2015,0
Niger,NER,2016,0
Niger,NER,2017,0
Niger,NER,2018,0.3809076
Niger,NER,2019,0.40707847
Niger,NER,2020,0.4090208
Niger,NER,2021,0.31914386
Niger,NER,2022,0.31929457
Niger,NER,2023,0.31929457
Niger,NER,2024,0.2898989
Nigeria,NGA,1980,11.660126
Nigeria,NGA,1981,23.320251
Nigeria,NGA,1982,15.342271
Nigeria,NGA,1983,24.854479
Nigeria,NGA,1984,29.764004
Nigeria,NGA,1985,33.139305
Nigeria,NGA,1986,35.59407
Nigeria,NGA,1987,40.196747
Nigeria,NGA,1988,40.810436
Nigeria,NGA,1989,50.93634
Nigeria,NGA,1990,40.196487
Nigeria,NGA,1991,51.55003
Nigeria,NGA,1992,53.097603
Nigeria,NGA,1993,54.723057
Nigeria,NGA,1994,49.30392
Nigeria,NGA,1995,56.238625
Nigeria,NGA,1996,59.1659
Nigeria,NGA,1997,63.392036
Nigeria,NGA,1998,63.93385
Nigeria,NGA,1999,67.29308
Nigeria,NGA,2000,72.92793
Nigeria,NGA,2001,67.29308
Nigeria,NGA,2002,68.91852
Nigeria,NGA,2003,92.21645
Nigeria,NGA,2004,100.993805
Nigeria,NGA,2005,112.263504
Nigeria,NGA,2006,118.3318
Nigeria,NGA,2007,114.864204
Nigeria,NGA,2008,133.01492
Nigeria,NGA,2009,45.078785
Nigeria,NGA,2010,54.506317
Nigeria,NGA,2011,166.36887
Nigeria,NGA,2012,167.96179
Nigeria,NGA,2013,179.44823
Nigeria,NGA,2014,204.81587
Nigeria,NGA,2015,203.93814
Nigeria,NGA,2016,200.36221
Nigeria,NGA,2017,186.9579
Nigeria,NGA,2018,200.81503
Nigeria,NGA,2019,203.58546
Nigeria,NGA,2020,212.69537
Nigeria,NGA,2021,217.82
Nigeria,NGA,2022,203.33063
Nigeria,NGA,2023,206.21193
Nigeria,NGA,2024,217.5241
Niue,NIU,1980,0
Niue,NIU,1981,0
Niue,NIU,1982,0
Niue,NIU,1983,0
Niue,NIU,1984,0
Niue,NIU,1985,0
Niue,NIU,1986,0
Niue,NIU,1987,0
Niue,NIU,1988,0
Niue,NIU,1989,0
Niue,NIU,1990,0
Niue,NIU,1991,0
Niue,NIU,1992,0
Niue,NIU,1993,0
Niue,NIU,1994,0
Niue,NIU,1995,0
Niue,NIU,1996,0
Niue,NIU,1997,0
Niue,NIU,1998,0
Niue,NIU,1999,0
Niue,NIU,2000,0
Niue,NIU,2001,0
Niue,NIU,2002,0
Niue,NIU,2003,0
Niue,NIU,2004,0
Niue,NIU,2005,0
Niue,NIU,2006,0
Niue,NIU,2007,0
Niue,NIU,2008,0
Niue,NIU,2009,0
Niue,NIU,2010,0
Niue,NIU,2011,0
Niue,NIU,2012,0
Niue,NIU,2013,0
Niue,NIU,2014,0
Niue,NIU,2015,0
Niue,NIU,2016,0
Niue,NIU,2017,0
Niue,NIU,2018,0
Niue,NIU,2019,0
Niue,NIU,2020,0
Niue,NIU,2021,0
Niue,NIU,2022,0
Niue,NIU,2023,0
Niue,NIU,2024,0
North America,OWID_NAM,1965,4467.994
North America,OWID_NAM,1966,4818.5474
North America,OWID_NAM,1967,5073.1475
North America,OWID_NAM,1968,5441.5024
North America,OWID_NAM,1969,5880.727
North America,OWID_NAM,1970,6213.8354
North America,OWID_NAM,1971,6418.509
North America,OWID_NAM,1972,6532.8936
North America,OWID_NAM,1973,6521.563
North America,OWID_NAM,1974,6325.4897
North America,OWID_NAM,1975,5870.059
North America,OWID_NAM,1976,5978.472
North America,OWID_NAM,1977,5901.9336
North America,OWID_NAM,1978,5964.0107
North America,OWID_NAM,1979,6184.563
North America,OWID_NAM,1980,6086.5293
North America,OWID_NAM,1981,5964.575
North America,OWID_NAM,1982,5650.994
North America,OWID_NAM,1983,5337.409
North America,OWID_NAM,1984,5702.6724
North America,OWID_NAM,1985,5554.8896
North America,OWID_NAM,1986,5210.829
North America,OWID_NAM,1987,5500.9985
North America,OWID_NAM,1988,5781.1523
North America,OWID_NAM,1989,6129.2393
North America,OWID_NAM,1990,6131.6577
North America,OWID_NAM,1991,6264.195
North America,OWID_NAM,1992,6480.356
North America,OWID_NAM,1993,6665.2754
North America,OWID_NAM,1994,6848.8213
North America,OWID_NAM,1995,7133.506
North America,OWID_NAM,1996,7271.089
North America,OWID_NAM,1997,7331.8013
North America,OWID_NAM,1998,7236.2607
North America,OWID_NAM,1999,7320.501
North America,OWID_NAM,2000,7643.1973
North America,OWID_NAM,2001,7330.982
North America,OWID_NAM,2002,7621.209
North America,OWID_NAM,2003,7517.033
North America,OWID_NAM,2004,7569.074
North America,OWID_NAM,2005,7535.2715
North America,OWID_NAM,2006,7533.933
North America,OWID_NAM,2007,7969.5205
North America,OWID_NAM,2008,8030.985
North America,OWID_NAM,2009,7940.4854
North America,OWID_NAM,2010,8290.135
North America,OWID_NAM,2011,8527.974
North America,OWID_NAM,2012,8846.6045
North America,OWID_NAM,2013,9142.066
North America,OWID_NAM,2014,9351.395
North America,OWID_NAM,2015,9579.755
North America,OWID_NAM,2016,9621.172
North America,OWID_NAM,2017,9625.656
North America,OWID_NAM,2018,10546.858
North America,OWID_NAM,2019,10885.637
North America,OWID_NAM,2020,10666.738
North America,OWID_NAM,2021,10716.1875
North America,OWID_NAM,2022,11196.226
North America,OWID_NAM,2023,11353.26
North America,OWID_NAM,2024,11523.031
North America,OWID_NAM,2025,11663.639
North America (EI),,1965,4456.537
North America (EI),,1966,4805.094
North America (EI),,1967,5058.3022
North America (EI),,1968,5425.9277
North America (EI),,1969,5865.0737
North America (EI),,1970,6194.6714
North America (EI),,1971,6399.786
North America (EI),,1972,6513.539
North America (EI),,1973,6502.8843
North America (EI),,1974,6308.374
North America (EI),,1975,5854.5044
North America (EI),,1976,5960.9224
North America (EI),,1977,5881.3916
North America (EI),,1978,5939.5527
North America (EI),,1979,6159.1865
North America (EI),,1980,6057.893
North America (EI),,1981,5933.1475
North America (EI),,1982,5612.873
North America (EI),,1983,5297.923
North America (EI),,1984,5661.2715
North America (EI),,1985,5512.42
North America (EI),,1986,5167.38
North America (EI),,1987,5454.856
North America (EI),,1988,5728.093
North America (EI),,1989,6075.943
North America (EI),,1990,6076.4155
North America (EI),,1991,6208.344
North America (EI),,1992,6426.458
North America (EI),,1993,6604.7656
North America (EI),,1994,6779.6396
North America (EI),,1995,7059.2505
North America (EI),,1996,7187.263
North America (EI),,1997,7240.7456
North America (EI),,1998,7144.154
North America (EI),,1999,7222.451
North America (EI),,2000,7535.247
North America (EI),,2001,7208.907
North America (EI),,2002,7486.466
North America (EI),,2003,7364.843
North America (EI),,2004,7404.694
North America (EI),,2005,7354.9707
North America (EI),,2006,7319.396
North America (EI),,2007,7748.3613
North America (EI),,2008,7814.317
North America (EI),,2009,7725.244
North America (EI),,2010,8058.1016
North America (EI),,2011,8295.701
North America (EI),,2012,8612.001
North America (EI),,2013,8902.586
North America (EI),,2014,9109.505
North America (EI),,2015,9346.948
North America (EI),,2016,9413.456
North America (EI),,2017,9407.5
North America (EI),,2018,10331.134
North America (EI),,2019,10660.679
North America (EI),,2020,10464.955
North America (EI),,2021,10502.747
North America (EI),,2022,10982.587
North America (EI),,2023,11136.5
North America (EI),,2024,11303.329
North America (EI),,2025,11454.363
North Korea,PRK,1980,0
North Korea,PRK,1981,0
North Korea,PRK,1982,0
North Korea,PRK,1983,0
North Korea,PRK,1984,0
North Korea,PRK,1985,0
North Korea,PRK,1986,0
North Korea,PRK,1987,0
North Korea,PRK,1988,0
North Korea,PRK,1989,0
North Korea,PRK,1990,0
North Korea,PRK,1991,0
North Korea,PRK,1992,0
North Korea,PRK,1993,0
North Korea,PRK,1994,0
North Korea,PRK,1995,0
North Korea,PRK,1996,0
North Korea,PRK,1997,0
North Korea,PRK,1998,0
North Korea,PRK,1999,0
North Korea,PRK,2000,0
North Korea,PRK,2001,0
North Korea,PRK,2002,0
North Korea,PRK,2003,0
North Korea,PRK,2004,0
North Korea,PRK,2005,0
North Korea,PRK,2006,0
North Korea,PRK,2007,0
North Korea,PRK,2008,0
North Korea,PRK,2009,0
North Korea,PRK,2010,0
North Korea,PRK,2011,0
North Korea,PRK,2012,0
North Korea,PRK,2013,0
North Korea,PRK,2014,0
North Korea,PRK,2015,0
North Korea,PRK,2016,0
North Korea,PRK,2017,0
North Korea,PRK,2018,0
North Korea,PRK,2019,0
North Korea,PRK,2020,0
North Korea,PRK,2021,0
North Korea,PRK,2022,0
North Korea,PRK,2023,0
North Korea,PRK,2024,0
North Macedonia,MKD,1992,2.7777276
North Macedonia,MKD,1993,3.0721233
North Macedonia,MKD,1994,0
North Macedonia,MKD,1995,0
North Macedonia,MKD,1996,0
North Macedonia,MKD,1997,0
North Macedonia,MKD,1998,0.19150001
North Macedonia,MKD,1999,0.35427502
North Macedonia,MKD,2000,0.57449996
North Macedonia,MKD,2001,0.76600003
North Macedonia,MKD,2002,0.78515
North Macedonia,MKD,2003,0.69897497
North Macedonia,MKD,2004,0.68
North Macedonia,MKD,2005,0.7270147
North Macedonia,MKD,2006,0.7785819
North Macedonia,MKD,2007,0.9934347
North Macedonia,MKD,2008,1.1295522
North Macedonia,MKD,2009,0.74840224
North Macedonia,MKD,2010,1.1085367
North Macedonia,MKD,2011,1.2825214
North Macedonia,MKD,2012,1.3308442
North Macedonia,MKD,2013,1.5065967
North Macedonia,MKD,2014,1.2924999
North Macedonia,MKD,2015,1.3019553
North Macedonia,MKD,2016,2.0473385
North Macedonia,MKD,2017,2.6327944
North Macedonia,MKD,2018,2.4284997
North Macedonia,MKD,2019,2.838806
North Macedonia,MKD,2020,3.2494655
North Macedonia,MKD,2021,4.1256022
North Macedonia,MKD,2022,2.7793376
North Macedonia,MKD,2023,3.5160298
North Macedonia,MKD,2024,3.4342585
North Macedonia,MKD,2025,2.995998
Northern Mariana Islands,MNP,1980,0
Northern Mariana Islands,MNP,1981,0
Northern Mariana Islands,MNP,1982,0
Northern Mariana Islands,MNP,1983,0
Northern Mariana Islands,MNP,1984,0
Northern Mariana Islands,MNP,1985,0
Northern Mariana Islands,MNP,1986,0
Northern Mariana Islands,MNP,1987,0
Northern Mariana Islands,MNP,1988,0
Northern Mariana Islands,MNP,1989,0
Northern Mariana Islands,MNP,1990,0
Northern Mariana Islands,MNP,1991,0
Northern Mariana Islands,MNP,1992,0
Northern Mariana Islands,MNP,1993,0
Northern Mariana Islands,MNP,1994,0
Northern Mariana Islands,MNP,1995,0
Northern Mariana Islands,MNP,1996,0
Northern Mariana Islands,MNP,1997,0
Northern Mariana Islands,MNP,1998,0
Northern Mariana Islands,MNP,1999,0
Northern Mariana Islands,MNP,2000,0
Northern Mariana Islands,MNP,2001,0
Northern Mariana Islands,MNP,2002,0
Northern Mariana Islands,MNP,2003,0
Northern Mariana Islands,MNP,2004,0
Northern Mariana Islands,MNP,2005,0
Northern Mariana Islands,MNP,2006,0
Northern Mariana Islands,MNP,2007,0
Northern Mariana Islands,MNP,2008,0
Northern Mariana Islands,MNP,2009,0
Northern Mariana Islands,MNP,2010,0
Northern Mariana Islands,MNP,2011,0
Northern Mariana Islands,MNP,2012,0
Northern Mariana Islands,MNP,2013,0
Northern Mariana Islands,MNP,2014,0
Northern Mariana Islands,MNP,2015,0
Northern Mariana Islands,MNP,2016,0
Northern Mariana Islands,MNP,2017,0
Northern Mariana Islands,MNP,2018,0
Northern Mariana Islands,MNP,2019,0
Northern Mariana Islands,MNP,2020,0
Northern Mariana Islands,MNP,2021,0
Northern Mariana Islands,MNP,2022,0
Northern Mariana Islands,MNP,2023,0
Northern Mariana Islands,MNP,2024,0
Norway,NOR,1977,3.98909
Norway,NOR,1978,6.69888
Norway,NOR,1979,7.6525397
Norway,NOR,1980,8.22241
Norway,NOR,1981,10.10647
Norway,NOR,1982,10.90894
Norway,NOR,1983,12.2812805
Norway,NOR,1984,11.81608
Norway,NOR,1985,12.4557295
Norway,NOR,1986,13.7234
Norway,NOR,1987,15.10737
Norway,NOR,1988,19.02668
Norway,NOR,1989,21.073559
Norway,NOR,1990,22.31797
Norway,NOR,1991,25.14406
Norway,NOR,1992,27.063011
Norway,NOR,1993,28.47024
Norway,NOR,1994,30.563639
Norway,NOR,1995,30.85439
Norway,NOR,1996,33.4944
Norway,NOR,1997,38.681377
Norway,NOR,1998,39.50711
Norway,NOR,1999,37.739353
Norway,NOR,2000,42.36809
Norway,NOR,2001,39.26288
Norway,NOR,2002,41.90289
Norway,NOR,2003,45.14766
Norway,NOR,2004,47.74115
Norway,NOR,2005,43.941376
Norway,NOR,2006,43.43455
Norway,NOR,2007,41.634884
Norway,NOR,2008,42.009464
Norway,NOR,2009,39.72253
Norway,NOR,2010,40.34256
Norway,NOR,2011,40.242756
Norway,NOR,2012,39.868824
Norway,NOR,2013,39.497776
Norway,NOR,2014,42.449493
Norway,NOR,2015,45.09382
Norway,NOR,2016,43.465538
Norway,NOR,2017,45.43871
Norway,NOR,2018,43.854492
Norway,NOR,2019,45.42284
Norway,NOR,2020,43.913822
Norway,NOR,2021,41.11842
Norway,NOR,2022,38.735737
Norway,NOR,2023,37.17606
Norway,NOR,2024,33.863873
Norway,NOR,2025,34.01252
OECD (EI),,1965,4725.3203
OECD (EI),,1966,5113.3315
OECD (EI),,1967,5435.9834
OECD (EI),,1968,5945.0317
OECD (EI),,1969,6555.916
OECD (EI),,1970,7127.0923
OECD (EI),,1971,7579.3823
OECD (EI),,1972,7992.764
OECD (EI),,1973,8213.701
OECD (EI),,1974,8281.258
OECD (EI),,1975,7969.8936
OECD (EI),,1976,8269.796
OECD (EI),,1977,8322.43
OECD (EI),,1978,8529.273
OECD (EI),,1979,8947.809
OECD (EI),,1980,8872.719
OECD (EI),,1981,8714.51
OECD (EI),,1982,8338.034
OECD (EI),,1983,8163.7163
OECD (EI),,1984,8755.709
OECD (EI),,1985,8826.36
OECD (EI),,1986,8553.499
OECD (EI),,1987,9026.854
OECD (EI),,1988,9323.521
OECD (EI),,1989,9810.347
OECD (EI),,1990,9987.92
OECD (EI),,1991,10349.573
OECD (EI),,1992,10550.999
OECD (EI),,1993,10910.722
OECD (EI),,1994,11170.128
OECD (EI),,1995,11768.162
OECD (EI),,1996,12382.052
OECD (EI),,1997,12512.142
OECD (EI),,1998,12597.755
OECD (EI),,1999,12946.158
OECD (EI),,2000,13475.402
OECD (EI),,2001,13361.585
OECD (EI),,2002,13677.349
OECD (EI),,2003,13863.398
OECD (EI),,2004,14092.324
OECD (EI),,2005,14233.742
OECD (EI),,2006,14275.798
OECD (EI),,2007,14801.436
OECD (EI),,2008,15032.346
OECD (EI),,2009,14569.868
OECD (EI),,2010,15531.563
OECD (EI),,2011,15476.907
OECD (EI),,2012,15838.224
OECD (EI),,2013,16166.447
OECD (EI),,2014,15910.413
OECD (EI),,2015,16236.801
OECD (EI),,2016,16600.15
OECD (EI),,2017,16828.941
OECD (EI),,2018,17718.266
OECD (EI),,2019,18137.31
OECD (EI),,2020,17745.832
OECD (EI),,2021,18095.555
OECD (EI),,2022,17940.084
OECD (EI),,2023,17611.994
OECD (EI),,2024,17842.37
OECD (EI),,2025,18112.578
Oceania,OWID_OCE,1965,0.029475
Oceania,OWID_OCE,1966,0.039300002
Oceania,OWID_OCE,1967,0.039300002
Oceania,OWID_OCE,1968,0.30457503
Oceania,OWID_OCE,1969,4.1265
Oceania,OWID_OCE,1970,18.014374
Oceania,OWID_OCE,1971,26.72908
Oceania,OWID_OCE,1972,38.70946
Oceania,OWID_OCE,1973,48.969597
Oceania,OWID_OCE,1974,56.905464
Oceania,OWID_OCE,1975,61.144623
Oceania,OWID_OCE,1976,77.40735
Oceania,OWID_OCE,1977,93.10904
Oceania,OWID_OCE,1978,98.104065
Oceania,OWID_OCE,1979,106.09341
Oceania,OWID_OCE,1980,119.561874
Oceania,OWID_OCE,1981,130.91077
Oceania,OWID_OCE,1982,136.6977
Oceania,OWID_OCE,1983,148.46336
Oceania,OWID_OCE,1984,152.69986
Oceania,OWID_OCE,1985,168.90744
Oceania,OWID_OCE,1986,188.47789
Oceania,OWID_OCE,1987,190.11461
Oceania,OWID_OCE,1988,197.22527
Oceania,OWID_OCE,1989,212.25882
Oceania,OWID_OCE,1990,212.91055
Oceania,OWID_OCE,1991,209.16672
Oceania,OWID_OCE,1992,217.53067
Oceania,OWID_OCE,1993,222.39395
Oceania,OWID_OCE,1994,238.33766
Oceania,OWID_OCE,1995,238.04619
Oceania,OWID_OCE,1996,245.70148
Oceania,OWID_OCE,1997,246.11018
Oceania,OWID_OCE,1998,245.26468
Oceania,OWID_OCE,1999,256.97424
Oceania,OWID_OCE,2000,264.30347
Oceania,OWID_OCE,2001,283.6863
Oceania,OWID_OCE,2002,287.3301
Oceania,OWID_OCE,2003,274.56693
Oceania,OWID_OCE,2004,275.25418
Oceania,OWID_OCE,2005,270.16608
Oceania,OWID_OCE,2006,297.58505
Oceania,OWID_OCE,2007,332.35046
Oceania,OWID_OCE,2008,324.39478
Oceania,OWID_OCE,2009,331.5033
Oceania,OWID_OCE,2010,360.82425
Oceania,OWID_OCE,2011,371.03516
Oceania,OWID_OCE,2012,377.49515
Oceania,OWID_OCE,2013,397.06973
Oceania,OWID_OCE,2014,427.96725
Oceania,OWID_OCE,2015,437.96848
Oceania,OWID_OCE,2016,427.50027
Oceania,OWID_OCE,2017,422.72687
Oceania,OWID_OCE,2018,416.9165
Oceania,OWID_OCE,2019,488.62384
Oceania,OWID_OCE,2020,468.90445
Oceania,OWID_OCE,2021,434.80148
Oceania,OWID_OCE,2022,468.97824
Oceania,OWID_OCE,2023,426.5224
Oceania,OWID_OCE,2024,422.1128
Oceania,OWID_OCE,2025,414.64764
Oman,OMN,1978,3.025425
Oman,OMN,1979,5.0895
Oman,OMN,1980,6.460838
Oman,OMN,1981,7.6154
Oman,OMN,1982,8.3317
Oman,OMN,1983,10.348649
Oman,OMN,1984,13.0065
Oman,OMN,1985,16.559725
Oman,OMN,1986,19.35895
Oman,OMN,1987,21.686924
Oman,OMN,1988,21.823587
Oman,OMN,1989,22.648275
Oman,OMN,1990,24.476727
Oman,OMN,1991,24.816025
Oman,OMN,1992,27.12515
Oman,OMN,1993,26.03185
Oman,OMN,1994,27.257101
Oman,OMN,1995,33.344116
Oman,OMN,1996,36.43169
Oman,OMN,1997,42.11879
Oman,OMN,1998,43.91897
Oman,OMN,1999,47.032196
Oman,OMN,2000,76.75152
Oman,OMN,2001,84.27617
Oman,OMN,2002,86.396774
Oman,OMN,2003,93.36093
Oman,OMN,2004,99.67036
Oman,OMN,2005,108.62232
Oman,OMN,2006,120.5293
Oman,OMN,2007,120.94852
Oman,OMN,2008,133.80411
Oman,OMN,2009,135.47406
Oman,OMN,2010,163.80843
Oman,OMN,2011,180.8238
Oman,OMN,2012,197.15593
Oman,OMN,2013,217.27544
Oman,OMN,2014,213.1425
Oman,OMN,2015,230.92659
Oman,OMN,2016,229.3265
Oman,OMN,2017,233.50879
Oman,OMN,2018,249.96494
Oman,OMN,2019,249.96547
Oman,OMN,2020,260.0023
Oman,OMN,2021,284.5478
Oman,OMN,2022,291.64655
Oman,OMN,2023,302.24402
Oman,OMN,2024,319.0557
Oman,OMN,2025,328.8119
Pakistan,PAK,1965,14.77115
Pakistan,PAK,1966,16.69165
Pakistan,PAK,1967,19.4722
Pakistan,PAK,1968,21.85195
Pakistan,PAK,1969,26.9204
Pakistan,PAK,1970,29.103926
Pakistan,PAK,1971,26.36095
Pakistan,PAK,1972,27.9892
Pakistan,PAK,1973,31.95545
Pakistan,PAK,1974,36.64815
Pakistan,PAK,1975,38.076
Pakistan,PAK,1976,38.8275
Pakistan,PAK,1977,42.418003
Pakistan,PAK,1978,43.587
Pakistan,PAK,1979,49.098003
Pakistan,PAK,1980,59.953
Pakistan,PAK,1981,65.3805
Pakistan,PAK,1982,71.309
Pakistan,PAK,1983,70.307
Pakistan,PAK,1984,72.144
Pakistan,PAK,1985,73.647
Pakistan,PAK,1986,78.991
Pakistan,PAK,1987,84.585495
Pakistan,PAK,1988,89.67899
Pakistan,PAK,1989,95.6075
Pakistan,PAK,1990,102.1205
Pakistan,PAK,1991,110.303505
Pakistan,PAK,1992,108.215996
Pakistan,PAK,1993,124.582
Pakistan,PAK,1994,127.0035
Pakistan,PAK,1995,130.26
Pakistan,PAK,1996,141.5325
Pakistan,PAK,1997,141.115
Pakistan,PAK,1998,148.62999
Pakistan,PAK,1999,169.50499
Pakistan,PAK,2000,179.525
Pakistan,PAK,2001,189.545
Pakistan,PAK,2002,205.4935
Pakistan,PAK,2003,255.5038
Pakistan,PAK,2004,306.76593
Pakistan,PAK,2005,326.10187
Pakistan,PAK,2006,333.1948
Pakistan,PAK,2007,338.00253
Pakistan,PAK,2008,346.0761
Pakistan,PAK,2009,347.0167
Pakistan,PAK,2010,353.48395
Pakistan,PAK,2011,353.39645
Pakistan,PAK,2012,365.97232
Pakistan,PAK,2013,355.85727
Pakistan,PAK,2014,349.86688
Pakistan,PAK,2015,365.3418
Pakistan,PAK,2016,386.5067
Pakistan,PAK,2017,407.3958
Pakistan,PAK,2018,435.87613
Pakistan,PAK,2019,444.72974
Pakistan,PAK,2020,411.62344
Pakistan,PAK,2021,448.9106
Pakistan,PAK,2022,381.61536
Pakistan,PAK,2023,377.73578
Pakistan,PAK,2024,370.4853
Pakistan,PAK,2025,340.57007
Palestine,PSE,1997,0
Palestine,PSE,1998,0
Palestine,PSE,1999,0
Palestine,PSE,2000,0
Palestine,PSE,2001,0
Palestine,PSE,2002,0
Palestine,PSE,2003,0
Palestine,PSE,2004,0
Palestine,PSE,2005,0
Palestine,PSE,2006,0
Palestine,PSE,2007,0
Palestine,PSE,2008,0
Palestine,PSE,2009,0
Palestine,PSE,2010,0
Palestine,PSE,2011,0
Palestine,PSE,2012,0
Palestine,PSE,2013,0
Palestine,PSE,2014,0
Palestine,PSE,2015,0
Palestine,PSE,2016,0
Palestine,PSE,2017,0
Palestine,PSE,2018,0
Palestine,PSE,2019,0
Palestine,PSE,2020,0
Palestine,PSE,2021,0
Palestine,PSE,2022,0
Palestine,PSE,2023,0
Palestine,PSE,2024,0
Panama,PAN,1980,0
Panama,PAN,1981,0
Panama,PAN,1982,0
Panama,PAN,1983,0
Panama,PAN,1984,0
Panama,PAN,1985,0
Panama,PAN,1986,0
Panama,PAN,1987,0
Panama,PAN,1988,0
Panama,PAN,1989,0
Panama,PAN,1990,0
Panama,PAN,1991,0
Panama,PAN,1992,0
Panama,PAN,1993,0
Panama,PAN,1994,0
Panama,PAN,1995,0
Panama,PAN,1996,0
Panama,PAN,1997,0
Panama,PAN,1998,0
Panama,PAN,1999,0
Panama,PAN,2000,0
Panama,PAN,2001,0
Panama,PAN,2002,0
Panama,PAN,2003,0
Panama,PAN,2004,0
Panama,PAN,2005,0
Panama,PAN,2006,0
Panama,PAN,2007,0
Panama,PAN,2008,0
Panama,PAN,2009,0
Panama,PAN,2010,0
Panama,PAN,2011,0
Panama,PAN,2012,0
Panama,PAN,2013,0
Panama,PAN,2014,0
Panama,PAN,2015,0
Panama,PAN,2016,0
Panama,PAN,2017,0
Panama,PAN,2018,2.995643
Panama,PAN,2019,6.1857305
Panama,PAN,2020,4.036776
Panama,PAN,2021,3.1935792
Panama,PAN,2022,4.1936593
Panama,PAN,2023,6.0790687
Panama,PAN,2024,5.9770083
Papua New Guinea,PNG,1980,0
Papua New Guinea,PNG,1981,0
Papua New Guinea,PNG,1982,0
Papua New Guinea,PNG,1983,0
Papua New Guinea,PNG,1984,0
Papua New Guinea,PNG,1985,0
Papua New Guinea,PNG,1986,0
Papua New Guinea,PNG,1987,0
Papua New Guinea,PNG,1988,0
Papua New Guinea,PNG,1989,0
Papua New Guinea,PNG,1990,0
Papua New Guinea,PNG,1991,0
Papua New Guinea,PNG,1992,0.6505123
Papua New Guinea,PNG,1993,0.8668996
Papua New Guinea,PNG,1994,0.5431164
Papua New Guinea,PNG,1995,1.0831643
Papua New Guinea,PNG,1996,1.408712
Papua New Guinea,PNG,1997,1.191987
Papua New Guinea,PNG,1998,1.191987
Papua New Guinea,PNG,1999,1.191987
Papua New Guinea,PNG,2000,1.191987
Papua New Guinea,PNG,2001,1.191987
Papua New Guinea,PNG,2002,1.191987
Papua New Guinea,PNG,2003,1.5170743
Papua New Guinea,PNG,2004,1.5170743
Papua New Guinea,PNG,2005,1.0836246
Papua New Guinea,PNG,2006,1.5170743
Papua New Guinea,PNG,2007,1.4737294
Papua New Guinea,PNG,2008,1.408712
Papua New Guinea,PNG,2009,1.0836246
Papua New Guinea,PNG,2010,1.191987
Papua New Guinea,PNG,2011,1.0836246
Papua New Guinea,PNG,2012,1.0836246
Papua New Guinea,PNG,2013,1.191987
Papua New Guinea,PNG,2014,1.0836246
Papua New Guinea,PNG,2015,1.0836246
Papua New Guinea,PNG,2016,1.0836246
Papua New Guinea,PNG,2017,1.0836246
Papua New Guinea,PNG,2018,2.5695283
Papua New Guinea,PNG,2019,2.9069915
Papua New Guinea,PNG,2020,1.8094236
Papua New Guinea,PNG,2021,1.8094236
Papua New Guinea,PNG,2022,8.625798
Papua New Guinea,PNG,2023,2.6805117
Papua New Guinea,PNG,2024,4.843
Paraguay,PRY,1980,0
Paraguay,PRY,1981,0
Paraguay,PRY,1982,0
Paraguay,PRY,1983,0
Paraguay,PRY,1984,0
Paraguay,PRY,1985,0
Paraguay,PRY,1986,0
Paraguay,PRY,1987,0
Paraguay,PRY,1988,0
Paraguay,PRY,1989,0
Paraguay,PRY,1990,0
Paraguay,PRY,1991,0
Paraguay,PRY,1992,0
Paraguay,PRY,1993,0
Paraguay,PRY,1994,0
Paraguay,PRY,1995,0
Paraguay,PRY,1996,0
Paraguay,PRY,1997,0
Paraguay,PRY,1998,0
Paraguay,PRY,1999,0
Paraguay,PRY,2000,0
Paraguay,PRY,2001,0
Paraguay,PRY,2002,0
Paraguay,PRY,2003,0
Paraguay,PRY,2004,0
Paraguay,PRY,2005,0
Paraguay,PRY,2006,0
Paraguay,PRY,2007,0
Paraguay,PRY,2008,0
Paraguay,PRY,2009,0
Paraguay,PRY,2010,0
Paraguay,PRY,2011,0
Paraguay,PRY,2012,0
Paraguay,PRY,2013,0
Paraguay,PRY,2014,0
Paraguay,PRY,2015,0
Paraguay,PRY,2016,0
Paraguay,PRY,2017,0
Paraguay,PRY,2018,0
Paraguay,PRY,2019,0
Paraguay,PRY,2020,0
Paraguay,PRY,2021,0
Paraguay,PRY,2022,0
Paraguay,PRY,2023,0
Paraguay,PRY,2024,0
Peru,PER,1965,3.6575
Peru,PER,1966,3.821125
Peru,PER,1967,3.570875
Peru,PER,1968,3.975125
Peru,PER,1969,4.052125
Peru,PER,1970,3.975125
Peru,PER,1971,4.7451253
Peru,PER,1972,4.56225
Peru,PER,1973,4.466
Peru,PER,1974,4.60075
Peru,PER,1975,5.6787496
Peru,PER,1976,6.16
Peru,PER,1977,6.116688
Peru,PER,1978,6.391
Peru,PER,1979,5.90975
Peru,PER,1980,6.3525
Peru,PER,1981,7.2957497
Peru,PER,1982,7.6566873
Peru,PER,1983,5.0435
Peru,PER,1984,6.8145003
Peru,PER,1985,5.313
Peru,PER,1986,5.6354375
Peru,PER,1987,5.60175
Peru,PER,1988,5.284125
Peru,PER,1989,4.4804378
Peru,PER,1990,4.2879376
Peru,PER,1991,4.02325
Peru,PER,1992,3.628625
Peru,PER,1993,3.821125
Peru,PER,1994,3.98475
Peru,PER,1995,3.859625
Peru,PER,1996,3.917375
Peru,PER,1997,2.319625
Peru,PER,1998,3.936625
Peru,PER,1999,3.955875
Peru,PER,2000,3.3254375
Peru,PER,2001,3.56125
Peru,PER,2002,4.25425
Peru,PER,2003,5.033875
Peru,PER,2004,8.2775
Peru,PER,2005,14.599701
Peru,PER,2006,17.086443
Peru,PER,2007,25.751993
Peru,PER,2008,32.6939
Peru,PER,2009,33.43666
Peru,PER,2010,54.238174
Peru,PER,2011,62.92885
Peru,PER,2012,68.61824
Peru,PER,2013,67.02668
Peru,PER,2014,74.31637
Peru,PER,2015,76.43132
Peru,PER,2016,84.93306
Peru,PER,2017,74.919365
Peru,PER,2018,80.25237
Peru,PER,2019,82.11268
Peru,PER,2020,81.69952
Peru,PER,2021,89.41507
Peru,PER,2022,98.258095
Peru,PER,2023,100.518105
Peru,PER,2024,113.10089
Peru,PER,2025,102.362114
Philippines,PHL,1980,0
Philippines,PHL,1981,0
Philippines,PHL,1982,0
Philippines,PHL,1983,0
Philippines,PHL,1984,0
Philippines,PHL,1985,0
Philippines,PHL,1986,0
Philippines,PHL,1987,0
Philippines,PHL,1988,0
Philippines,PHL,1989,0
Philippines,PHL,1990,0
Philippines,PHL,1991,0
Philippines,PHL,1992,0
Philippines,PHL,1993,0
Philippines,PHL,1994,0.052871108
Philippines,PHL,1995,0.050973054
Philippines,PHL,1996,0.086220555
Philippines,PHL,1997,0.05232889
Philippines,PHL,1998,0.08920305
Philippines,PHL,1999,0.068596944
Philippines,PHL,2000,0.10194638
Philippines,PHL,2001,1.3423836
Philippines,PHL,2002,16.865881
Philippines,PHL,2003,25.705387
Philippines,PHL,2004,23.739664
Philippines,PHL,2005,31.442307
Philippines,PHL,2006,29.446762
Philippines,PHL,2007,35.304607
Philippines,PHL,2008,37.165127
Philippines,PHL,2009,37.424606
Philippines,PHL,2010,35.24957
Philippines,PHL,2011,38.058514
Philippines,PHL,2012,36.48458
Philippines,PHL,2013,33.60541
Philippines,PHL,2014,35.342567
Philippines,PHL,2015,33.22501
Philippines,PHL,2016,38.098644
Philippines,PHL,2017,37.74427
Philippines,PHL,2018,40.888065
Philippines,PHL,2019,42.159954
Philippines,PHL,2020,38.42834
Philippines,PHL,2021,32.831326
Philippines,PHL,2022,30.803785
Philippines,PHL,2023,32.03725
Philippines,PHL,2024,35.428852
Philippines,PHL,2025,40.023422
Poland,POL,1965,17.132
Poland,POL,1966,20.36575
Poland,POL,1967,24.88775
Poland,POL,1968,34.192
Poland,POL,1969,47.404247
Poland,POL,1970,60.459
Poland,POL,1971,66.4925
Poland,POL,1972,69.9665
Poland,POL,1973,72.76475
Poland,POL,1974,74.79425
Poland,POL,1975,80.096
Poland,POL,1976,85.46
Poland,POL,1977,90.67575
Poland,POL,1978,95.4555
Poland,POL,1979,99.5635
Poland,POL,1980,102.02375
Poland,POL,1981,96.23175
Poland,POL,1982,96.1915
Poland,POL,1983,98.3895
Poland,POL,1984,102.3515
Poland,POL,1985,103.80825
Poland,POL,1986,110.01725
Poland,POL,1987,113.58325
Poland,POL,1988,112.7905
Poland,POL,1989,110.719505
Poland,POL,1990,103.946
Poland,POL,1991,96.929
Poland,POL,1992,90.27425
Poland,POL,1993,94.829254
Poland,POL,1994,95.552
Poland,POL,1995,104.609
Poland,POL,1996,109.84825
Poland,POL,1997,109.52475
Poland,POL,1998,110.651245
Poland,POL,1999,107.73125
Poland,POL,2000,115.831245
Poland,POL,2001,120.679756
Poland,POL,2002,117.61649
Poland,POL,2003,130.96175
Poland,POL,2004,138.171
Poland,POL,2005,142.28725
Poland,POL,2006,143.90324
Poland,POL,2007,143.94194
Poland,POL,2008,156.4364
Poland,POL,2009,150.94778
Poland,POL,2010,162.3264
Poland,POL,2011,164.52528
Poland,POL,2012,174.19362
Poland,POL,2013,174.10417
Poland,POL,2014,170.13611
Poland,POL,2015,170.98805
Poland,POL,2016,182.57611
Poland,POL,2017,191.80333
Poland,POL,2018,199.26056
Poland,POL,2019,208.88777
Poland,POL,2020,210.64583
Poland,POL,2021,223.73805
Poland,POL,2022,186.0464
Poland,POL,2023,194.40862
Poland,POL,2024,207.83238
Poland,POL,2025,221.24933
Portugal,PRT,1980,0
Portugal,PRT,1981,0
Portugal,PRT,1982,0
Portugal,PRT,1983,0
Portugal,PRT,1984,0
Portugal,PRT,1985,0
Portugal,PRT,1986,0
Portugal,PRT,1987,0
Portugal,PRT,1988,0
Portugal,PRT,1989,0
Portugal,PRT,1990,0
Portugal,PRT,1991,0
Portugal,PRT,1992,0
Portugal,PRT,1993,0
Portugal,PRT,1994,0
Portugal,PRT,1995,0
Portugal,PRT,1996,0
Portugal,PRT,1997,1.00625
Portugal,PRT,1998,8.038
Portugal,PRT,1999,22.478
Portugal,PRT,2000,23.090034
Portugal,PRT,2001,25.74884
Portugal,PRT,2002,31.322216
Portugal,PRT,2003,30.202194
Portugal,PRT,2004,37.833553
Portugal,PRT,2005,42.8778
Portugal,PRT,2006,41.184383
Portugal,PRT,2007,43.893864
Portugal,PRT,2008,48.02346
Portugal,PRT,2009,47.69356
Portugal,PRT,2010,51.887592
Portugal,PRT,2011,52.536816
Portugal,PRT,2012,45.554916
Portugal,PRT,2013,43.18343
Portugal,PRT,2014,41.2596
Portugal,PRT,2015,48.198635
Portugal,PRT,2016,50.738132
Portugal,PRT,2017,63.394848
Portugal,PRT,2018,57.993805
Portugal,PRT,2019,61.35022
Portugal,PRT,2020,60.366596
Portugal,PRT,2021,58.10982
Portugal,PRT,2022,55.888798
Portugal,PRT,2023,44.704124
Portugal,PRT,2024,36.836533
Portugal,PRT,2025,40.88438
Puerto Rico,PRI,1980,0
Puerto Rico,PRI,1981,0
Puerto Rico,PRI,1982,0
Puerto Rico,PRI,1983,0
Puerto Rico,PRI,1984,0
Puerto Rico,PRI,1985,0
Puerto Rico,PRI,1986,0
Puerto Rico,PRI,1987,0
Puerto Rico,PRI,1988,0
Puerto Rico,PRI,1989,0
Puerto Rico,PRI,1990,0
Puerto Rico,PRI,1991,0
Puerto Rico,PRI,1992,0
Puerto Rico,PRI,1993,0
Puerto Rico,PRI,1994,0
Puerto Rico,PRI,1995,0
Puerto Rico,PRI,1996,0
Puerto Rico,PRI,1997,0
Puerto Rico,PRI,1998,0
Puerto Rico,PRI,1999,0
Puerto Rico,PRI,2000,3.792686
Puerto Rico,PRI,2001,6.8268347
Puerto Rico,PRI,2002,6.8268347
Puerto Rico,PRI,2003,8.018822
Puerto Rico,PRI,2004,7.368647
Puerto Rico,PRI,2005,7.2602844
Puerto Rico,PRI,2006,7.802097
Puerto Rico,PRI,2007,7.9779806
Puerto Rico,PRI,2008,8.740798
Puerto Rico,PRI,2009,8.19983
Puerto Rico,PRI,2010,8.344048
Puerto Rico,PRI,2011,8.127184
Puerto Rico,PRI,2012,14.737294
Puerto Rico,PRI,2013,17.40026
Puerto Rico,PRI,2014,18.015886
Puerto Rico,PRI,2015,16.991083
Puerto Rico,PRI,2016,18.820349
Puerto Rico,PRI,2017,14.247708
Puerto Rico,PRI,2018,18.4932
Puerto Rico,PRI,2019,21.086903
Puerto Rico,PRI,2020,14.8078785
Puerto Rico,PRI,2021,21.93927
Puerto Rico,PRI,2022,15.188034
Puerto Rico,PRI,2023,25.090694
Puerto Rico,PRI,2024,27.261833
Qatar,QAT,1965,0.83835
Qatar,QAT,1966,0.8487
Qatar,QAT,1967,1.16955
Qatar,QAT,1968,5.3198996
Qatar,QAT,1969,8.8182
Qatar,QAT,1970,10.401751
Qatar,QAT,1971,10.401751
Qatar,QAT,1972,11.41605
Qatar,QAT,1973,16.353
Qatar,QAT,1974,13.4343
Qatar,QAT,1975,20.73105
Qatar,QAT,1976,11.3229
Qatar,QAT,1977,16.05285
Qatar,QAT,1978,15.307651
Qatar,QAT,1979,45.1467
Qatar,QAT,1980,49.06935
Qatar,QAT,1981,44.74305
Qatar,QAT,1982,52.319252
Qatar,QAT,1983,54.182247
Qatar,QAT,1984,61.3755
Qatar,QAT,1985,56.510998
Qatar,QAT,1986,60.03
Qatar,QAT,1987,58.0635
Qatar,QAT,1988,60.651
Qatar,QAT,1989,64.17
Qatar,QAT,1990,65.205
Qatar,QAT,1991,78.9705
Qatar,QAT,1992,130.617
Qatar,QAT,1993,139.72499
Qatar,QAT,1994,139.72499
Qatar,QAT,1995,139.72499
Qatar,QAT,1996,97.0391
Qatar,QAT,1997,103.75724
Qatar,QAT,1998,112.05206
Qatar,QAT,1999,128.55167
Qatar,QAT,2000,112.9724
Qatar,QAT,2001,104.71878
Qatar,QAT,2002,133.7391
Qatar,QAT,2003,130.73177
Qatar,QAT,2004,157.12419
Qatar,QAT,2005,178.92508
Qatar,QAT,2006,187.79922
Qatar,QAT,2007,216.17506
Qatar,QAT,2008,211.39554
Qatar,QAT,2009,212.88841
Qatar,QAT,2010,254.31264
Qatar,QAT,2011,290.5763
Qatar,QAT,2012,340.2059
Qatar,QAT,2013,354.17773
Qatar,QAT,2014,380.02478
Qatar,QAT,2015,435.36597
Qatar,QAT,2016,416.8792
Qatar,QAT,2017,411.42685
Qatar,QAT,2018,417.44986
Qatar,QAT,2019,413.19202
Qatar,QAT,2020,387.6529
Qatar,QAT,2021,406.34192
Qatar,QAT,2022,403.86288
Qatar,QAT,2023,437.33044
Qatar,QAT,2024,453.53995
Qatar,QAT,2025,438.16577
Reunion,REU,1980,0
Reunion,REU,1981,0
Reunion,REU,1982,0
Reunion,REU,1983,0
Reunion,REU,1984,0
Reunion,REU,1985,0
Reunion,REU,1986,0
Reunion,REU,1987,0
Reunion,REU,1988,0
Reunion,REU,1989,0
Reunion,REU,1990,0
Reunion,REU,1991,0
Reunion,REU,1992,0
Reunion,REU,1993,0
Reunion,REU,1994,0
Reunion,REU,1995,0
Reunion,REU,1996,0
Reunion,REU,1997,0
Reunion,REU,1998,0
Reunion,REU,1999,0
Reunion,REU,2000,0
Reunion,REU,2001,0
Reunion,REU,2002,0
Reunion,REU,2003,0
Reunion,REU,2004,0
Reunion,REU,2005,0
Reunion,REU,2006,0
Reunion,REU,2007,0
Reunion,REU,2008,0
Reunion,REU,2009,0
Reunion,REU,2010,0
Reunion,REU,2011,0
Romania,ROU,1965,140.49026
Romania,ROU,1966,151.4665
Romania,ROU,1967,166.9824
Romania,ROU,1968,176.6879
Romania,ROU,1969,205.16902
Romania,ROU,1970,213.25386
Romania,ROU,1971,228.0147
Romania,ROU,1972,231.46779
Romania,ROU,1973,244.56192
Romania,ROU,1974,252.42575
Romania,ROU,1975,274.24933
Romania,ROU,1976,302.29764
Romania,ROU,1977,320.2215
Romania,ROU,1978,331.02737
Romania,ROU,1979,319.01062
Romania,ROU,1980,331.2944
Romania,ROU,1981,348.10867
Romania,ROU,1982,354.048
Romania,ROU,1983,352.55627
Romania,ROU,1984,351.23947
Romania,ROU,1985,326.58902
Romania,ROU,1986,332.45465
Romania,ROU,1987,326.4693
Romania,ROU,1988,327.48218
Romania,ROU,1989,326.19305
Romania,ROU,1990,335.39127
Romania,ROU,1991,276.76575
Romania,ROU,1992,246.49525
Romania,ROU,1993,236.97174
Romania,ROU,1994,215.841
Romania,ROU,1995,223.7625
Romania,ROU,1996,225.837
Romania,ROU,1997,185.36525
Romania,ROU,1998,174.2715
Romania,ROU,1999,159.69176
Romania,ROU,2000,159.097
Romania,ROU,2001,153.28127
Romania,ROU,2002,158.50224
Romania,ROU,2003,171.30225
Romania,ROU,2004,162.091
Romania,ROU,2005,161.92674
Romania,ROU,2006,165.1305
Romania,ROU,2007,148.42201
Romania,ROU,2008,141.4145
Romania,ROU,2009,123.0495
Romania,ROU,2010,125.469
Romania,ROU,2011,129.15175
Romania,ROU,2012,125.341
Romania,ROU,2013,114.427
Romania,ROU,2014,108.73125
Romania,ROU,2015,103.70825
Romania,ROU,2016,104.946106
Romania,ROU,2017,112.90269
Romania,ROU,2018,115.629875
Romania,ROU,2019,107.7498
Romania,ROU,2020,112.62553
Romania,ROU,2021,115.68957
Romania,ROU,2022,97.11343
Romania,ROU,2023,91.16126
Romania,ROU,2024,94.48534
Romania,ROU,2025,95.679214
Russia,RUS,1985,3560.848
Russia,RUS,1986,3602.143
Russia,RUS,1987,3809.967
Russia,RUS,1988,4020.562
Russia,RUS,1989,4080.3362
Russia,RUS,1990,4141.95
Russia,RUS,1991,4249.5483
Russia,RUS,1992,4113.449
Russia,RUS,1993,4101.4873
Russia,RUS,1994,3853.2012
Russia,RUS,1995,3724.4517
Russia,RUS,1996,3745.2307
Russia,RUS,1997,3454.0825
Russia,RUS,1998,3595.7024
Russia,RUS,1999,3584.6611
Russia,RUS,2000,3661.913
Russia,RUS,2001,3721.688
Russia,RUS,2002,3766.7493
Russia,RUS,2003,3855.9521
Russia,RUS,2004,3956.1902
Russia,RUS,2005,4004.0103
Russia,RUS,2006,4217.3613
Russia,RUS,2007,4288.172
Russia,RUS,2008,4227.477
Russia,RUS,2009,3977.8933
Russia,RUS,2010,4239.202
Russia,RUS,2011,4356.3613
Russia,RUS,2012,4286.259
Russia,RUS,2013,4248.6743
Russia,RUS,2014,4221.9824
Russia,RUS,2015,4086.7483
Russia,RUS,2016,4206.464
Russia,RUS,2017,4311.006
Russia,RUS,2018,4544.993
Russia,RUS,2019,4443.1274
Russia,RUS,2020,4234.834
Russia,RUS,2021,4315.445
Russia,RUS,2022,4484.05
Russia,RUS,2023,4598.0825
Russia,RUS,2024,4795.8003
Russia,RUS,2025,4800.398
Rwanda,RWA,1980,0
Rwanda,RWA,1981,0
Rwanda,RWA,1982,0
Rwanda,RWA,1983,0
Rwanda,RWA,1984,0
Rwanda,RWA,1985,0
Rwanda,RWA,1986,0
Rwanda,RWA,1987,0
Rwanda,RWA,1988,0
Rwanda,RWA,1989,0
Rwanda,RWA,1990,0
Rwanda,RWA,1991,0
Rwanda,RWA,1992,0
Rwanda,RWA,1993,0
Rwanda,RWA,1994,0
Rwanda,RWA,1995,0
Rwanda,RWA,1996,0
Rwanda,RWA,1997,0
Rwanda,RWA,1998,0
Rwanda,RWA,1999,0
Rwanda,RWA,2000,0
Rwanda,RWA,2001,0
Rwanda,RWA,2002,0
Rwanda,RWA,2003,0
Rwanda,RWA,2004,0
Rwanda,RWA,2005,0
Rwanda,RWA,2006,0
Rwanda,RWA,2007,0
Rwanda,RWA,2008,0
Rwanda,RWA,2009,0
Rwanda,RWA,2010,0
Rwanda,RWA,2011,0
Rwanda,RWA,2012,0
Rwanda,RWA,2013,0
Rwanda,RWA,2014,0
Rwanda,RWA,2015,0
Rwanda,RWA,2016,0
Rwanda,RWA,2017,0.3224383
Rwanda,RWA,2018,0.5310339
Rwanda,RWA,2019,0.6488081
Rwanda,RWA,2020,0.6352416
Rwanda,RWA,2021,0.6769617
Rwanda,RWA,2022,0.6885543
Rwanda,RWA,2023,0.9728129
Rwanda,RWA,2024,0.9728129
Saint Helena,SHN,1980,0
Saint Helena,SHN,1981,0
Saint Helena,SHN,1982,0
Saint Helena,SHN,1983,0
Saint Helena,SHN,1984,0
Saint Helena,SHN,1985,0
Saint Helena,SHN,1986,0
Saint Helena,SHN,1987,0
Saint Helena,SHN,1988,0
Saint Helena,SHN,1989,0
Saint Helena,SHN,1990,0
Saint Helena,SHN,1991,0
Saint Helena,SHN,1992,0
Saint Helena,SHN,1993,0
Saint Helena,SHN,1994,0
Saint Helena,SHN,1995,0
Saint Helena,SHN,1996,0
Saint Helena,SHN,1997,0
Saint Helena,SHN,1998,0
Saint Helena,SHN,1999,0
Saint Helena,SHN,2000,0
Saint Helena,SHN,2001,0
Saint Helena,SHN,2002,0
Saint Helena,SHN,2003,0
Saint Helena,SHN,2004,0
Saint Helena,SHN,2005,0
Saint Helena,SHN,2006,0
Saint Helena,SHN,2007,0
Saint Helena,SHN,2008,0
Saint Helena,SHN,2009,0
Saint Helena,SHN,2010,0
Saint Helena,SHN,2011,0
Saint Helena,SHN,2012,0
Saint Helena,SHN,2013,0
Saint Helena,SHN,2014,0
Saint Helena,SHN,2015,0
Saint Helena,SHN,2016,0
Saint Helena,SHN,2017,0
Saint Helena,SHN,2018,0
Saint Helena,SHN,2019,0
Saint Helena,SHN,2020,0
Saint Helena,SHN,2021,0
Saint Helena,SHN,2022,0
Saint Helena,SHN,2023,0
Saint Helena,SHN,2024,0
Saint Kitts and Nevis,KNA,1980,0
Saint Kitts and Nevis,KNA,1981,0
Saint Kitts and Nevis,KNA,1982,0
Saint Kitts and Nevis,KNA,1983,0
Saint Kitts and Nevis,KNA,1984,0
Saint Kitts and Nevis,KNA,1985,0
Saint Kitts and Nevis,KNA,1986,0
Saint Kitts and Nevis,KNA,1987,0
Saint Kitts and Nevis,KNA,1988,0
Saint Kitts and Nevis,KNA,1989,0
Saint Kitts and Nevis,KNA,1990,0
Saint Kitts and Nevis,KNA,1991,0
Saint Kitts and Nevis,KNA,1992,0
Saint Kitts and Nevis,KNA,1993,0
Saint Kitts and Nevis,KNA,1994,0
Saint Kitts and Nevis,KNA,1995,0
Saint Kitts and Nevis,KNA,1996,0
Saint Kitts and Nevis,KNA,1997,0
Saint Kitts and Nevis,KNA,1998,0
Saint Kitts and Nevis,KNA,1999,0
Saint Kitts and Nevis,KNA,2000,0
Saint Kitts and Nevis,KNA,2001,0
Saint Kitts and Nevis,KNA,2002,0
Saint Kitts and Nevis,KNA,2003,0
Saint Kitts and Nevis,KNA,2004,0
Saint Kitts and Nevis,KNA,2005,0
Saint Kitts and Nevis,KNA,2006,0
Saint Kitts and Nevis,KNA,2007,0
Saint Kitts and Nevis,KNA,2008,0
Saint Kitts and Nevis,KNA,2009,0
Saint Kitts and Nevis,KNA,2010,0
Saint Kitts and Nevis,KNA,2011,0
Saint Kitts and Nevis,KNA,2012,0
Saint Kitts and Nevis,KNA,2013,0
Saint Kitts and Nevis,KNA,2014,0
Saint Kitts and Nevis,KNA,2015,0
Saint Kitts and Nevis,KNA,2016,0
Saint Kitts and Nevis,KNA,2017,0
Saint Kitts and Nevis,KNA,2018,0
Saint Kitts and Nevis,KNA,2019,0
Saint Kitts and Nevis,KNA,2020,0
Saint Kitts and Nevis,KNA,2021,0
Saint Kitts and Nevis,KNA,2022,0
Saint Kitts and Nevis,KNA,2023,0
Saint Kitts and Nevis,KNA,2024,0
Saint Lucia,LCA,1980,0
Saint Lucia,LCA,1981,0
Saint Lucia,LCA,1982,0
Saint Lucia,LCA,1983,0
Saint Lucia,LCA,1984,0
Saint Lucia,LCA,1985,0
Saint Lucia,LCA,1986,0
Saint Lucia,LCA,1987,0
Saint Lucia,LCA,1988,0
Saint Lucia,LCA,1989,0
Saint Lucia,LCA,1990,0
Saint Lucia,LCA,1991,0
Saint Lucia,LCA,1992,0
Saint Lucia,LCA,1993,0
Saint Lucia,LCA,1994,0
Saint Lucia,LCA,1995,0
Saint Lucia,LCA,1996,0
Saint Lucia,LCA,1997,0
Saint Lucia,LCA,1998,0
Saint Lucia,LCA,1999,0
Saint Lucia,LCA,2000,0
Saint Lucia,LCA,2001,0
Saint Lucia,LCA,2002,0
Saint Lucia,LCA,2003,0
Saint Lucia,LCA,2004,0
Saint Lucia,LCA,2005,0
Saint Lucia,LCA,2006,0
Saint Lucia,LCA,2007,0
Saint Lucia,LCA,2008,0
Saint Lucia,LCA,2009,0
Saint Lucia,LCA,2010,0
Saint Lucia,LCA,2011,0
Saint Lucia,LCA,2012,0
Saint Lucia,LCA,2013,0
Saint Lucia,LCA,2014,0
Saint Lucia,LCA,2015,0
Saint Lucia,LCA,2016,0
Saint Lucia,LCA,2017,0
Saint Lucia,LCA,2018,0
Saint Lucia,LCA,2019,0
Saint Lucia,LCA,2020,0
Saint Lucia,LCA,2021,0
Saint Lucia,LCA,2022,0
Saint Lucia,LCA,2023,0
Saint Lucia,LCA,2024,0
Saint Pierre and Miquelon,SPM,1980,0
Saint Pierre and Miquelon,SPM,1981,0
Saint Pierre and Miquelon,SPM,1982,0
Saint Pierre and Miquelon,SPM,1983,0
Saint Pierre and Miquelon,SPM,1984,0
Saint Pierre and Miquelon,SPM,1985,0
Saint Pierre and Miquelon,SPM,1986,0
Saint Pierre and Miquelon,SPM,1987,0
Saint Pierre and Miquelon,SPM,1988,0
Saint Pierre and Miquelon,SPM,1989,0
Saint Pierre and Miquelon,SPM,1990,0
Saint Pierre and Miquelon,SPM,1991,0
Saint Pierre and Miquelon,SPM,1992,0
Saint Pierre and Miquelon,SPM,1993,0
Saint Pierre and Miquelon,SPM,1994,0
Saint Pierre and Miquelon,SPM,1995,0
Saint Pierre and Miquelon,SPM,1996,0
Saint Pierre and Miquelon,SPM,1997,0
Saint Pierre and Miquelon,SPM,1998,0
Saint Pierre and Miquelon,SPM,1999,0
Saint Pierre and Miquelon,SPM,2000,0
Saint Pierre and Miquelon,SPM,2001,0
Saint Pierre and Miquelon,SPM,2002,0
Saint Pierre and Miquelon,SPM,2003,0
Saint Pierre and Miquelon,SPM,2004,0
Saint Pierre and Miquelon,SPM,2005,0
Saint Pierre and Miquelon,SPM,2006,0
Saint Pierre and Miquelon,SPM,2007,0
Saint Pierre and Miquelon,SPM,2008,0
Saint Pierre and Miquelon,SPM,2009,0
Saint Pierre and Miquelon,SPM,2010,0
Saint Pierre and Miquelon,SPM,2011,0
Saint Pierre and Miquelon,SPM,2012,0
Saint Pierre and Miquelon,SPM,2013,0
Saint Pierre and Miquelon,SPM,2014,0
Saint Pierre and Miquelon,SPM,2015,0
Saint Pierre and Miquelon,SPM,2016,0
Saint Pierre and Miquelon,SPM,2017,0
Saint Pierre and Miquelon,SPM,2018,0
Saint Pierre and Miquelon,SPM,2019,0
Saint Pierre and Miquelon,SPM,2020,0
Saint Pierre and Miquelon,SPM,2021,0
Saint Pierre and Miquelon,SPM,2022,0
Saint Pierre and Miquelon,SPM,2023,0
Saint Pierre and Miquelon,SPM,2024,0
Saint Vincent and the Grenadines,VCT,1980,0
Saint Vincent and the Grenadines,VCT,1981,0
Saint Vincent and the Grenadines,VCT,1982,0
Saint Vincent and the Grenadines,VCT,1983,0
Saint Vincent and the Grenadines,VCT,1984,0
Saint Vincent and the Grenadines,VCT,1985,0
Saint Vincent and the Grenadines,VCT,1986,0
Saint Vincent and the Grenadines,VCT,1987,0
Saint Vincent and the Grenadines,VCT,1988,0
Saint Vincent and the Grenadines,VCT,1989,0
Saint Vincent and the Grenadines,VCT,1990,0
Saint Vincent and the Grenadines,VCT,1991,0
Saint Vincent and the Grenadines,VCT,1992,0
Saint Vincent and the Grenadines,VCT,1993,0
Saint Vincent and the Grenadines,VCT,1994,0
Saint Vincent and the Grenadines,VCT,1995,0
Saint Vincent and the Grenadines,VCT,1996,0
Saint Vincent and the Grenadines,VCT,1997,0
Saint Vincent and the Grenadines,VCT,1998,0
Saint Vincent and the Grenadines,VCT,1999,0
Saint Vincent and the Grenadines,VCT,2000,0
Saint Vincent and the Grenadines,VCT,2001,0
Saint Vincent and the Grenadines,VCT,2002,0
Saint Vincent and the Grenadines,VCT,2003,0
Saint Vincent and the Grenadines,VCT,2004,0
Saint Vincent and the Grenadines,VCT,2005,0
Saint Vincent and the Grenadines,VCT,2006,0
Saint Vincent and the Grenadines,VCT,2007,0
Saint Vincent and the Grenadines,VCT,2008,0
Saint Vincent and the Grenadines,VCT,2009,0
Saint Vincent and the Grenadines,VCT,2010,0
Saint Vincent and the Grenadines,VCT,2011,0
Saint Vincent and the Grenadines,VCT,2012,0
Saint Vincent and the Grenadines,VCT,2013,0
Saint Vincent and the Grenadines,VCT,2014,0
Saint Vincent and the Grenadines,VCT,2015,0
Saint Vincent and the Grenadines,VCT,2016,0
Saint Vincent and the Grenadines,VCT,2017,0
Saint Vincent and the Grenadines,VCT,2018,0
Saint Vincent and the Grenadines,VCT,2019,0
Saint Vincent and the Grenadines,VCT,2020,0
Saint Vincent and the Grenadines,VCT,2021,0
Saint Vincent and the Grenadines,VCT,2022,0
Saint Vincent and the Grenadines,VCT,2023,0
Saint Vincent and the Grenadines,VCT,2024,0
Samoa,WSM,1980,0
Samoa,WSM,1981,0
Samoa,WSM,1982,0
Samoa,WSM,1983,0
Samoa,WSM,1984,0
Samoa,WSM,1985,0
Samoa,WSM,1986,0
Samoa,WSM,1987,0
Samoa,WSM,1988,0
Samoa,WSM,1989,0
Samoa,WSM,1990,0
Samoa,WSM,1991,0
Samoa,WSM,1992,0
Samoa,WSM,1993,0
Samoa,WSM,1994,0
Samoa,WSM,1995,0
Samoa,WSM,1996,0
Samoa,WSM,1997,0
Samoa,WSM,1998,0
Samoa,WSM,1999,0
Samoa,WSM,2000,0
Samoa,WSM,2001,0
Samoa,WSM,2002,0
Samoa,WSM,2003,0
Samoa,WSM,2004,0
Samoa,WSM,2005,0
Samoa,WSM,2006,0
Samoa,WSM,2007,0
Samoa,WSM,2008,0
Samoa,WSM,2009,0
Samoa,WSM,2010,0
Samoa,WSM,2011,0
Samoa,WSM,2012,0
Samoa,WSM,2013,0
Samoa,WSM,2014,0
Samoa,WSM,2015,0
Samoa,WSM,2016,0
Samoa,WSM,2017,0
Samoa,WSM,2018,0
Samoa,WSM,2019,0
Samoa,WSM,2020,0
Samoa,WSM,2021,0
Samoa,WSM,2022,0
Samoa,WSM,2023,0
Samoa,WSM,2024,0
Sao Tome and Principe,STP,1980,0
Sao Tome and Principe,STP,1981,0
Sao Tome and Principe,STP,1982,0
Sao Tome and Principe,STP,1983,0
Sao Tome and Principe,STP,1984,0
Sao Tome and Principe,STP,1985,0
Sao Tome and Principe,STP,1986,0
Sao Tome and Principe,STP,1987,0
Sao Tome and Principe,STP,1988,0
Sao Tome and Principe,STP,1989,0
Sao Tome and Principe,STP,1990,0
Sao Tome and Principe,STP,1991,0
Sao Tome and Principe,STP,1992,0
Sao Tome and Principe,STP,1993,0
Sao Tome and Principe,STP,1994,0
Sao Tome and Principe,STP,1995,0
Sao Tome and Principe,STP,1996,0
Sao Tome and Principe,STP,1997,0
Sao Tome and Principe,STP,1998,0
Sao Tome and Principe,STP,1999,0
Sao Tome and Principe,STP,2000,0
Sao Tome and Principe,STP,2001,0
Sao Tome and Principe,STP,2002,0
Sao Tome and Principe,STP,2003,0
Sao Tome and Principe,STP,2004,0
Sao Tome and Principe,STP,2005,0
Sao Tome and Principe,STP,2006,0
Sao Tome and Principe,STP,2007,0
Sao Tome and Principe,STP,2008,0
Sao Tome and Principe,STP,2009,0
Sao Tome and Principe,STP,2010,0
Sao Tome and Principe,STP,2011,0
Sao Tome and Principe,STP,2012,0
Sao Tome and Principe,STP,2013,0
Sao Tome and Principe,STP,2014,0
Sao Tome and Principe,STP,2015,0
Sao Tome and Principe,STP,2016,0
Sao Tome and Principe,STP,2017,0
Sao Tome and Principe,STP,2018,0
Sao Tome and Principe,STP,2019,0
Sao Tome and Principe,STP,2020,0
Sao Tome and Principe,STP,2021,0
Sao Tome and Principe,STP,2022,0
Sao Tome and Principe,STP,2023,0
Sao Tome and Principe,STP,2024,0
Saudi Arabia,SAU,1965,6.004
Saudi Arabia,SAU,1966,7.2200003
Saudi Arabia,SAU,1967,8.69725
Saudi Arabia,SAU,1968,10.459499
Saudi Arabia,SAU,1969,12.59225
Saudi Arabia,SAU,1970,15.361501
Saudi Arabia,SAU,1971,12.8155
Saudi Arabia,SAU,1972,14.525499
Saudi Arabia,SAU,1973,17.1
Saudi Arabia,SAU,1974,21.641
Saudi Arabia,SAU,1975,25.744999
Saudi Arabia,SAU,1976,27.792252
Saudi Arabia,SAU,1977,39.1115
Saudi Arabia,SAU,1978,53.9315
Saudi Arabia,SAU,1979,66.215
Saudi Arabia,SAU,1980,92.378
Saudi Arabia,SAU,1981,107.711
Saudi Arabia,SAU,1982,114.1615
Saudi Arabia,SAU,1983,111.47301
Saudi Arabia,SAU,1984,172.9
Saudi Arabia,SAU,1985,178.6
Saudi Arabia,SAU,1986,239.40001
Saudi Arabia,SAU,1987,254.59999
Saudi Arabia,SAU,1988,276.45
Saudi Arabia,SAU,1989,283.1
Saudi Arabia,SAU,1990,318.44
Saudi Arabia,SAU,1991,334.115
Saudi Arabia,SAU,1992,363.375
Saudi Arabia,SAU,1993,380.37997
Saudi Arabia,SAU,1994,406.315
Saudi Arabia,SAU,1995,407.83502
Saudi Arabia,SAU,1996,421.895
Saudi Arabia,SAU,1997,430.72998
Saudi Arabia,SAU,1998,444.78998
Saudi Arabia,SAU,1999,438.9
Saudi Arabia,SAU,2000,473.195
Saudi Arabia,SAU,2001,510.055
Saudi Arabia,SAU,2002,538.64996
Saudi Arabia,SAU,2003,570.57
Saudi Arabia,SAU,2004,623.96
Saudi Arabia,SAU,2005,676.78
Saudi Arabia,SAU,2006,697.8795
Saudi Arabia,SAU,2007,706.99005
Saudi Arabia,SAU,2008,764.18005
Saudi Arabia,SAU,2009,745.275
Saudi Arabia,SAU,2010,832.77
Saudi Arabia,SAU,2011,876.47003
Saudi Arabia,SAU,2012,943.63495
Saudi Arabia,SAU,2013,950.285
Saudi Arabia,SAU,2014,972.61
Saudi Arabia,SAU,2015,992.275
Saudi Arabia,SAU,2016,1053.17
Saudi Arabia,SAU,2017,1092.5021
Saudi Arabia,SAU,2018,1121
Saudi Arabia,SAU,2019,1111.5
Saudi Arabia,SAU,2020,1130.5
Saudi Arabia,SAU,2021,1144.6068
Saudi Arabia,SAU,2022,1167.4989
Saudi Arabia,SAU,2023,1173.547
Saudi Arabia,SAU,2024,1235.683
Saudi Arabia,SAU,2025,1337.5457
Senegal,SEN,1980,0
Senegal,SEN,1981,0
Senegal,SEN,1982,0
Senegal,SEN,1983,0
Senegal,SEN,1984,0
Senegal,SEN,1985,0
Senegal,SEN,1986,0
Senegal,SEN,1987,0
Senegal,SEN,1988,0
Senegal,SEN,1989,0
Senegal,SEN,1990,0
Senegal,SEN,1991,0
Senegal,SEN,1992,0
Senegal,SEN,1993,0.18608949
Senegal,SEN,1994,0.37149397
Senegal,SEN,1995,0.4663435
Senegal,SEN,1996,0.5582685
Senegal,SEN,1997,0.37217897
Senegal,SEN,1998,0.37217897
Senegal,SEN,1999,0.37217897
Senegal,SEN,2000,0.46522373
Senegal,SEN,2001,0.46522373
Senegal,SEN,2002,0.46522373
Senegal,SEN,2003,0.46522373
Senegal,SEN,2004,0.46522373
Senegal,SEN,2005,0.46522373
Senegal,SEN,2006,0.46522373
Senegal,SEN,2007,0.46522373
Senegal,SEN,2008,0.46522373
Senegal,SEN,2009,0.46522373
Senegal,SEN,2010,0.46522373
Senegal,SEN,2011,0.37217897
Senegal,SEN,2012,0.2977432
Senegal,SEN,2013,0.5582685
Senegal,SEN,2014,0.5582685
Senegal,SEN,2015,0.5768774
Senegal,SEN,2016,0.55826867
Senegal,SEN,2017,0.55826867
Senegal,SEN,2018,0.55826867
Senegal,SEN,2019,0.6069588
Senegal,SEN,2020,0.59507215
Senegal,SEN,2021,0.50873667
Senegal,SEN,2022,0.32264873
Senegal,SEN,2023,0.32264873
Senegal,SEN,2024,0.32264873
Serbia,SRB,2006,23.85216
Serbia,SRB,2007,22.746801
Serbia,SRB,2008,23.147339
Serbia,SRB,2009,17.900608
Serbia,SRB,2010,22.427198
Serbia,SRB,2011,24.381863
Serbia,SRB,2012,28.805576
Serbia,SRB,2013,23.147339
Serbia,SRB,2014,19.54664
Serbia,SRB,2015,22.427198
Serbia,SRB,2016,24.248106
Serbia,SRB,2017,27.154997
Serbia,SRB,2018,27.34385
Serbia,SRB,2019,25.561312
Serbia,SRB,2020,25.634706
Serbia,SRB,2021,30.868181
Serbia,SRB,2022,29.844442
Serbia,SRB,2023,29.050821
Serbia,SRB,2024,29.378422
Serbia and Montenegro,OWID_SRM,1992,21.95356
Serbia and Montenegro,OWID_SRM,1993,10.424468
Serbia and Montenegro,OWID_SRM,1994,17.66509
Serbia and Montenegro,OWID_SRM,1995,11.973108
Serbia and Montenegro,OWID_SRM,1996,30.1356
Serbia and Montenegro,OWID_SRM,1997,29.821348
Serbia and Montenegro,OWID_SRM,1998,31.858562
Serbia and Montenegro,OWID_SRM,1999,18.735868
Serbia and Montenegro,OWID_SRM,2000,5.884082
Serbia and Montenegro,OWID_SRM,2001,6.52342
Serbia and Montenegro,OWID_SRM,2002,24.815002
Serbia and Montenegro,OWID_SRM,2003,23.83974
Serbia and Montenegro,OWID_SRM,2004,25.356815
Serbia and Montenegro,OWID_SRM,2005,26.006989
Seychelles,SYC,1980,0
Seychelles,SYC,1981,0
Seychelles,SYC,1982,0
Seychelles,SYC,1983,0
Seychelles,SYC,1984,0
Seychelles,SYC,1985,0
Seychelles,SYC,1986,0
Seychelles,SYC,1987,0
Seychelles,SYC,1988,0
Seychelles,SYC,1989,0
Seychelles,SYC,1990,0
Seychelles,SYC,1991,0
Seychelles,SYC,1992,0
Seychelles,SYC,1993,0
Seychelles,SYC,1994,0
Seychelles,SYC,1995,0
Seychelles,SYC,1996,0
Seychelles,SYC,1997,0
Seychelles,SYC,1998,0
Seychelles,SYC,1999,0
Seychelles,SYC,2000,0
Seychelles,SYC,2001,0
Seychelles,SYC,2002,0
Seychelles,SYC,2003,0
Seychelles,SYC,2004,0
Seychelles,SYC,2005,0
Seychelles,SYC,2006,0
Seychelles,SYC,2007,0
Seychelles,SYC,2008,0
Seychelles,SYC,2009,0
Seychelles,SYC,2010,0
Seychelles,SYC,2011,0
Seychelles,SYC,2012,0
Seychelles,SYC,2013,0
Seychelles,SYC,2014,0
Seychelles,SYC,2015,0
Seychelles,SYC,2016,0
Seychelles,SYC,2017,0
Seychelles,SYC,2018,0
Seychelles,SYC,2019,0
Seychelles,SYC,2020,0
Seychelles,SYC,2021,0
Seychelles,SYC,2022,0
Seychelles,SYC,2023,0
Seychelles,SYC,2024,0
Sierra Leone,SLE,1980,0
Sierra Leone,SLE,1981,0
Sierra Leone,SLE,1982,0
Sierra Leone,SLE,1983,0
Sierra Leone,SLE,1984,0
Sierra Leone,SLE,1985,0
Sierra Leone,SLE,1986,0
Sierra Leone,SLE,1987,0
Sierra Leone,SLE,1988,0
Sierra Leone,SLE,1989,0
Sierra Leone,SLE,1990,0
Sierra Leone,SLE,1991,0
Sierra Leone,SLE,1992,0
Sierra Leone,SLE,1993,0
Sierra Leone,SLE,1994,0
Sierra Leone,SLE,1995,0
Sierra Leone,SLE,1996,0
Sierra Leone,SLE,1997,0
Sierra Leone,SLE,1998,0
Sierra Leone,SLE,1999,0
Sierra Leone,SLE,2000,0
Sierra Leone,SLE,2001,0
Sierra Leone,SLE,2002,0
Sierra Leone,SLE,2003,0
Sierra Leone,SLE,2004,0
Sierra Leone,SLE,2005,0
Sierra Leone,SLE,2006,0
Sierra Leone,SLE,2007,0
Sierra Leone,SLE,2008,0
Sierra Leone,SLE,2009,0
Sierra Leone,SLE,2010,0
Sierra Leone,SLE,2011,0
Sierra Leone,SLE,2012,0
Sierra Leone,SLE,2013,0
Sierra Leone,SLE,2014,0
Sierra Leone,SLE,2015,0
Sierra Leone,SLE,2016,0
Sierra Leone,SLE,2017,0
Sierra Leone,SLE,2018,0
Sierra Leone,SLE,2019,0
Sierra Leone,SLE,2020,0
Sierra Leone,SLE,2021,0
Sierra Leone,SLE,2022,0
Sierra Leone,SLE,2023,0
Sierra Leone,SLE,2024,0
Singapore,SGP,1980,0
Singapore,SGP,1981,0
Singapore,SGP,1982,0
Singapore,SGP,1983,0
Singapore,SGP,1984,0
Singapore,SGP,1985,0
Singapore,SGP,1986,0
Singapore,SGP,1987,0
Singapore,SGP,1988,0
Singapore,SGP,1989,0
Singapore,SGP,1990,0
Singapore,SGP,1991,0
Singapore,SGP,1992,10.45
Singapore,SGP,1993,14.25
Singapore,SGP,1994,14.25
Singapore,SGP,1995,14.25
Singapore,SGP,1996,14.25
Singapore,SGP,1997,14.25
Singapore,SGP,1998,14.25
Singapore,SGP,1999,14.25
Singapore,SGP,2000,16.57425
Singapore,SGP,2001,43.556496
Singapore,SGP,2002,47.076763
Singapore,SGP,2003,51.111916
Singapore,SGP,2004,61.872314
Singapore,SGP,2005,61.858868
Singapore,SGP,2006,81.496605
Singapore,SGP,2007,81.496605
Singapore,SGP,2008,87.142586
Singapore,SGP,2009,91.80641
Singapore,SGP,2010,83.36057
Singapore,SGP,2011,82.87125
Singapore,SGP,2012,89.3
Singapore,SGP,2013,100.15245
Singapore,SGP,2014,103.89519
Singapore,SGP,2015,115.78651
Singapore,SGP,2016,119.02109
Singapore,SGP,2017,122.87654
Singapore,SGP,2018,122.86282
Singapore,SGP,2019,125.487816
Singapore,SGP,2020,125.983604
Singapore,SGP,2021,133.51857
Singapore,SGP,2022,130.59363
Singapore,SGP,2023,123.31395
Singapore,SGP,2024,131.79558
Singapore,SGP,2025,133.22882
Slovakia,SVK,1965,2.9852998
Slovakia,SVK,1966,3.3201
Slovakia,SVK,1967,3.9804
Slovakia,SVK,1968,8.9115
Slovakia,SVK,1969,9.03125
Slovakia,SVK,1970,12.127501
Slovakia,SVK,1971,15.223749
Slovakia,SVK,1972,16.532
Slovakia,SVK,1973,18.1565
Slovakia,SVK,1974,22.13625
Slovakia,SVK,1975,25.3425
Slovakia,SVK,1976,27.97925
Slovakia,SVK,1977,31.79825
Slovakia,SVK,1978,35.63
Slovakia,SVK,1979,36.769
Slovakia,SVK,1980,26.953249
Slovakia,SVK,1981,27.98575
Slovakia,SVK,1982,29.2225
Slovakia,SVK,1983,30.00925
Slovakia,SVK,1984,34.059002
Slovakia,SVK,1985,34.998
Slovakia,SVK,1986,37.484
Slovakia,SVK,1987,39.5915
Slovakia,SVK,1988,38.9665
Slovakia,SVK,1989,44.0555
Slovakia,SVK,1990,59.173
Slovakia,SVK,1991,52.629
Slovakia,SVK,1992,57.8885
Slovakia,SVK,1993,57.3265
Slovakia,SVK,1994,54.73375
Slovakia,SVK,1995,60.676003
Slovakia,SVK,1996,63.94625
Slovakia,SVK,1997,64.8905
Slovakia,SVK,1998,65.936745
Slovakia,SVK,1999,66.73475
Slovakia,SVK,2000,67.17975
Slovakia,SVK,2001,71.738
Slovakia,SVK,2002,68.23725
Slovakia,SVK,2003,65.927
Slovakia,SVK,2004,63.9465
Slovakia,SVK,2005,68.64875
Slovakia,SVK,2006,62.54475
Slovakia,SVK,2007,59.189003
Slovakia,SVK,2008,60.08425
Slovakia,SVK,2009,51.467503
Slovakia,SVK,2010,58.22475
Slovakia,SVK,2011,53.929
Slovakia,SVK,2012,50.76875
Slovakia,SVK,2013,53.01
Slovakia,SVK,2014,43.87225
Slovakia,SVK,2015,45.118
Slovakia,SVK,2016,45.30275
Slovakia,SVK,2017,48.109447
Slovakia,SVK,2018,47.416214
Slovakia,SVK,2019,47.522778
Slovakia,SVK,2020,47.546387
Slovakia,SVK,2021,52.92877
Slovakia,SVK,2022,44.098713
Slovakia,SVK,2023,41.981422
Slovakia,SVK,2024,43.45826
Slovakia,SVK,2025,44.95407
Slovenia,SVN,1990,8.92175
Slovenia,SVN,1991,8.482
Slovenia,SVN,1992,7.16175
Slovenia,SVN,1993,7.11325
Slovenia,SVN,1994,7.74575
Slovenia,SVN,1995,8.597
Slovenia,SVN,1996,8.7345
Slovenia,SVN,1997,9.285001
Slovenia,SVN,1998,9.511749
Slovenia,SVN,1999,9.929
Slovenia,SVN,2000,9.598017
Slovenia,SVN,2001,9.881983
Slovenia,SVN,2002,9.531758
Slovenia,SVN,2003,10.544567
Slovenia,SVN,2004,10.45011
Slovenia,SVN,2005,10.784431
Slovenia,SVN,2006,10.457741
Slovenia,SVN,2007,10.634877
Slovenia,SVN,2008,10.213975
Slovenia,SVN,2009,9.665117
Slovenia,SVN,2010,10.028044
Slovenia,SVN,2011,8.580589
Slovenia,SVN,2012,8.253386
Slovenia,SVN,2013,8.10667
Slovenia,SVN,2014,7.2808156
Slovenia,SVN,2015,7.7243404
Slovenia,SVN,2016,8.190601
Slovenia,SVN,2017,8.62206
Slovenia,SVN,2018,8.530561
Slovenia,SVN,2019,8.56711
Slovenia,SVN,2020,8.551606
Slovenia,SVN,2021,9.00705
Slovenia,SVN,2022,7.9449115
Slovenia,SVN,2023,7.666729
Slovenia,SVN,2024,8.303592
Slovenia,SVN,2025,9.058823
Solomon Islands,SLB,1980,0
Solomon Islands,SLB,1981,0
Solomon Islands,SLB,1982,0
Solomon Islands,SLB,1983,0
Solomon Islands,SLB,1984,0
Solomon Islands,SLB,1985,0
Solomon Islands,SLB,1986,0
Solomon Islands,SLB,1987,0
Solomon Islands,SLB,1988,0
Solomon Islands,SLB,1989,0
Solomon Islands,SLB,1990,0
Solomon Islands,SLB,1991,0
Solomon Islands,SLB,1992,0
Solomon Islands,SLB,1993,0
Solomon Islands,SLB,1994,0
Solomon Islands,SLB,1995,0
Solomon Islands,SLB,1996,0
Solomon Islands,SLB,1997,0
Solomon Islands,SLB,1998,0
Solomon Islands,SLB,1999,0
Solomon Islands,SLB,2000,0
Solomon Islands,SLB,2001,0
Solomon Islands,SLB,2002,0
Solomon Islands,SLB,2003,0
Solomon Islands,SLB,2004,0
Solomon Islands,SLB,2005,0
Solomon Islands,SLB,2006,0
Solomon Islands,SLB,2007,0
Solomon Islands,SLB,2008,0
Solomon Islands,SLB,2009,0
Solomon Islands,SLB,2010,0
Solomon Islands,SLB,2011,0
Solomon Islands,SLB,2012,0
Solomon Islands,SLB,2013,0
Solomon Islands,SLB,2014,0
Solomon Islands,SLB,2015,0
Solomon Islands,SLB,2016,0
Solomon Islands,SLB,2017,0
Solomon Islands,SLB,2018,0
Solomon Islands,SLB,2019,0
Solomon Islands,SLB,2020,0
Solomon Islands,SLB,2021,0
Solomon Islands,SLB,2022,0
Solomon Islands,SLB,2023,0
Solomon Islands,SLB,2024,0
Somalia,SOM,1980,0
Somalia,SOM,1981,0
Somalia,SOM,1982,0
Somalia,SOM,1983,0
Somalia,SOM,1984,0
Somalia,SOM,1985,0
Somalia,SOM,1986,0
Somalia,SOM,1987,0
Somalia,SOM,1988,0
Somalia,SOM,1989,0
Somalia,SOM,1990,0
Somalia,SOM,1991,0
Somalia,SOM,1992,0
Somalia,SOM,1993,0
Somalia,SOM,1994,0
Somalia,SOM,1995,0
Somalia,SOM,1996,0
Somalia,SOM,1997,0
Somalia,SOM,1998,0
Somalia,SOM,1999,0
Somalia,SOM,2000,0
Somalia,SOM,2001,0
Somalia,SOM,2002,0
Somalia,SOM,2003,0
Somalia,SOM,2004,0
Somalia,SOM,2005,0
Somalia,SOM,2006,0
Somalia,SOM,2007,0
Somalia,SOM,2008,0
Somalia,SOM,2009,0
Somalia,SOM,2010,0
Somalia,SOM,2011,0
Somalia,SOM,2012,0
Somalia,SOM,2013,0
Somalia,SOM,2014,0
Somalia,SOM,2015,0
Somalia,SOM,2016,0
Somalia,SOM,2017,0
Somalia,SOM,2018,0
Somalia,SOM,2019,0
Somalia,SOM,2020,0
Somalia,SOM,2021,0
Somalia,SOM,2022,0
Somalia,SOM,2023,0
Somalia,SOM,2024,0
South Africa,ZAF,1965,0
South Africa,ZAF,1966,0
South Africa,ZAF,1967,0
South Africa,ZAF,1968,0
South Africa,ZAF,1969,0
South Africa,ZAF,1970,0
South Africa,ZAF,1971,0.6147867
South Africa,ZAF,1972,0.91639835
South Africa,ZAF,1973,0.9926764
South Africa,ZAF,1974,1.1645409
South Africa,ZAF,1975,1.5310789
South Africa,ZAF,1976,1.5463558
South Africa,ZAF,1977,1.4814292
South Africa,ZAF,1978,1.519621
South Africa,ZAF,1979,1.8785208
South Africa,ZAF,1980,2.1266634
South Africa,ZAF,1981,2.0636463
South Africa,ZAF,1982,1.8785208
South Africa,ZAF,1983,2.128573
South Africa,ZAF,1984,2.1352568
South Africa,ZAF,1985,2.0160124
South Africa,ZAF,1986,2.1152058
South Africa,ZAF,1987,1.9568146
South Africa,ZAF,1988,1.974001
South Africa,ZAF,1989,2.012193
South Africa,ZAF,1990,19.708776
South Africa,ZAF,1991,19.93968
South Africa,ZAF,1992,18.411568
South Africa,ZAF,1993,12.738033
South Africa,ZAF,1994,12.754265
South Africa,ZAF,1995,12.911384
South Africa,ZAF,1996,11.2445545
South Africa,ZAF,1997,9.315007
South Africa,ZAF,1998,9.297571
South Africa,ZAF,1999,11.863834
South Africa,ZAF,2000,11.396028
South Africa,ZAF,2001,13.8290615
South Africa,ZAF,2002,13.919589
South Africa,ZAF,2003,10.525238
South Africa,ZAF,2004,24.34282
South Africa,ZAF,2005,34.55495
South Africa,ZAF,2006,37.446712
South Africa,ZAF,2007,37.908703
South Africa,ZAF,2008,39.219204
South Africa,ZAF,2009,33.239956
South Africa,ZAF,2010,41.220562
South Africa,ZAF,2011,42.809494
South Africa,ZAF,2012,43.573288
South Africa,ZAF,2013,40.54369
South Africa,ZAF,2014,42.982246
South Africa,ZAF,2015,43.186268
South Africa,ZAF,2016,36.546562
South Africa,ZAF,2017,40.109257
South Africa,ZAF,2018,44.10787
South Africa,ZAF,2019,42.61174
South Africa,ZAF,2020,39.705296
South Africa,ZAF,2021,41.99294
South Africa,ZAF,2022,42.69491
South Africa,ZAF,2023,47.449333
South Africa,ZAF,2024,47.71033
South Africa,ZAF,2025,46.809162
South America,OWID_SAM,1965,136.25314
South America,OWID_SAM,1966,144.37679
South America,OWID_SAM,1967,155.30937
South America,OWID_SAM,1968,163.17763
South America,OWID_SAM,1969,168.62686
South America,OWID_SAM,1970,168.84637
South America,OWID_SAM,1971,172.76349
South America,OWID_SAM,1972,183.04575
South America,OWID_SAM,1973,211.0489
South America,OWID_SAM,1974,225.83922
South America,OWID_SAM,1975,226.1753
South America,OWID_SAM,1976,265.03424
South America,OWID_SAM,1977,284.32254
South America,OWID_SAM,1978,290.74673
South America,OWID_SAM,1979,313.8104
South America,OWID_SAM,1980,332.27032
South America,OWID_SAM,1981,340.61923
South America,OWID_SAM,1982,374.74255
South America,OWID_SAM,1983,388.0721
South America,OWID_SAM,1984,420.16827
South America,OWID_SAM,1985,428.90402
South America,OWID_SAM,1986,465.95
South America,OWID_SAM,1987,465.10858
South America,OWID_SAM,1988,501.54425
South America,OWID_SAM,1989,521.82526
South America,OWID_SAM,1990,540.36786
South America,OWID_SAM,1991,549.3064
South America,OWID_SAM,1992,568.6452
South America,OWID_SAM,1993,609.32544
South America,OWID_SAM,1994,634.7492
South America,OWID_SAM,1995,700.08966
South America,OWID_SAM,1996,773.37274
South America,OWID_SAM,1997,783.8485
South America,OWID_SAM,1998,845.75946
South America,OWID_SAM,1999,827.17554
South America,OWID_SAM,2000,875.3867
South America,OWID_SAM,2001,909.8304
South America,OWID_SAM,2002,911.9397
South America,OWID_SAM,2003,943.7164
South America,OWID_SAM,2004,1059.8514
South America,OWID_SAM,2005,1091.0902
South America,OWID_SAM,2006,1160.6055
South America,OWID_SAM,2007,1190.2633
South America,OWID_SAM,2008,1197.7673
South America,OWID_SAM,2009,1143.1996
South America,OWID_SAM,2010,1240.7551
South America,OWID_SAM,2011,1289.0256
South America,OWID_SAM,2012,1383.2858
South America,OWID_SAM,2013,1433.6261
South America,OWID_SAM,2014,1484.2368
South America,OWID_SAM,2015,1545.6105
South America,OWID_SAM,2016,1535.0197
South America,OWID_SAM,2017,1542.5391
South America,OWID_SAM,2018,1474.0209
South America,OWID_SAM,2019,1400.143
South America,OWID_SAM,2020,1283.8467
South America,OWID_SAM,2021,1471.5544
South America,OWID_SAM,2022,1409.6483
South America,OWID_SAM,2023,1399.6887
South America,OWID_SAM,2024,1441.8611
South America,OWID_SAM,2025,1424.146
South Korea,KOR,1980,0
South Korea,KOR,1981,0
South Korea,KOR,1982,0
South Korea,KOR,1983,0
South Korea,KOR,1984,0
South Korea,KOR,1985,0
South Korea,KOR,1986,0.7117558
South Korea,KOR,1987,22.02257
South Korea,KOR,1988,28.449305
South Korea,KOR,1989,27.528212
South Korea,KOR,1990,31.64174
South Korea,KOR,1991,36.655434
South Korea,KOR,1992,47.94933
South Korea,KOR,1993,59.902637
South Korea,KOR,1994,79.7376
South Korea,KOR,1995,96.432465
South Korea,KOR,1996,127.40433
South Korea,KOR,1997,154.82787
South Korea,KOR,1998,144.84235
South Korea,KOR,1999,176.35849
South Korea,KOR,2000,198.07751
South Korea,KOR,2001,217.57753
South Korea,KOR,2002,241.77724
South Korea,KOR,2003,254.01013
South Korea,KOR,2004,297.3597
South Korea,KOR,2005,317.9972
South Korea,KOR,2006,342.45642
South Korea,KOR,2007,363.8719
South Korea,KOR,2008,374.5182
South Korea,KOR,2009,354.6178
South Korea,KOR,2010,449.8204
South Korea,KOR,2011,484.54376
South Korea,KOR,2012,524.0989
South Korea,KOR,2013,548.7629
South Korea,KOR,2014,499.3121
South Korea,KOR,2015,456.42657
South Korea,KOR,2016,476.31335
South Korea,KOR,2017,496.5004
South Korea,KOR,2018,576.9347
South Korea,KOR,2019,559.4774
South Korea,KOR,2020,565.86523
South Korea,KOR,2021,619.46533
South Korea,KOR,2022,620.33887
South Korea,KOR,2023,594.0916
South Korea,KOR,2024,633.7423
South Korea,KOR,2025,629.5793
South Sudan,SSD,2012,0
South Sudan,SSD,2013,0
South Sudan,SSD,2014,0
South Sudan,SSD,2015,0
South Sudan,SSD,2016,0
South Sudan,SSD,2017,0
South Sudan,SSD,2018,0
South Sudan,SSD,2019,0
South Sudan,SSD,2020,0
South Sudan,SSD,2021,0
South Sudan,SSD,2022,0
South Sudan,SSD,2023,0
South Sudan,SSD,2024,0
South and Central America (EI),,1965,147.71014
South and Central America (EI),,1966,157.82979
South and Central America (EI),,1967,170.15462
South and Central America (EI),,1968,178.75238
South and Central America (EI),,1969,184.2801
South and Central America (EI),,1970,188.00996
South and Central America (EI),,1971,191.4859
South and Central America (EI),,1972,202.40028
South and Central America (EI),,1973,229.72734
South and Central America (EI),,1974,242.95543
South and Central America (EI),,1975,241.73022
South and Central America (EI),,1976,282.5842
South and Central America (EI),,1977,304.86447
South and Central America (EI),,1978,315.20517
South and Central America (EI),,1979,339.18698
South and Central America (EI),,1980,360.9068
South and Central America (EI),,1981,372.04678
South and Central America (EI),,1982,412.86374
South and Central America (EI),,1983,427.55777
South and Central America (EI),,1984,461.56915
South and Central America (EI),,1985,471.37405
South and Central America (EI),,1986,509.39963
South and Central America (EI),,1987,511.25092
South and Central America (EI),,1988,554.6041
South and Central America (EI),,1989,575.12164
South and Central America (EI),,1990,595.6103
South and Central America (EI),,1991,605.15717
South and Central America (EI),,1992,622.54315
South and Central America (EI),,1993,669.835
South and Central America (EI),,1994,703.93097
South and Central America (EI),,1995,774.3447
South and Central America (EI),,1996,857.1985
South and Central America (EI),,1997,874.9037
South and Central America (EI),,1998,937.8664
South and Central America (EI),,1999,925.2252
South and Central America (EI),,2000,983.3368
South and Central America (EI),,2001,1031.9049
South and Central America (EI),,2002,1046.6833
South and Central America (EI),,2003,1095.907
South and Central America (EI),,2004,1224.2316
South and Central America (EI),,2005,1271.3914
South and Central America (EI),,2006,1375.1427
South and Central America (EI),,2007,1411.4226
South and Central America (EI),,2008,1414.4355
South and Central America (EI),,2009,1358.4406
South and Central America (EI),,2010,1472.789
South and Central America (EI),,2011,1521.2982
South and Central America (EI),,2012,1617.8892
South and Central America (EI),,2013,1673.1067
South and Central America (EI),,2014,1726.1266
South and Central America (EI),,2015,1778.4172
South and Central America (EI),,2016,1742.7349
South and Central America (EI),,2017,1760.6947
South and Central America (EI),,2018,1689.7452
South and Central America (EI),,2019,1625.1001
South and Central America (EI),,2020,1485.6298
South and Central America (EI),,2021,1684.9952
South and Central America (EI),,2022,1623.2875
South and Central America (EI),,2023,1616.4492
South and Central America (EI),,2024,1661.5629
South and Central America (EI),,2025,1633.4224
Spain,ESP,1969,0.9393
Spain,ESP,1970,0.7474
Spain,ESP,1971,3.9794002
Spain,ESP,1972,11.716
Spain,ESP,1973,11.312
Spain,ESP,1974,14.139999
Spain,ESP,1975,14.5844
Spain,ESP,1976,16.7458
Spain,ESP,1977,16.0994
Spain,ESP,1978,16.4933
Spain,ESP,1979,15.937799
Spain,ESP,1980,20.4323
Spain,ESP,1981,23.331001
Spain,ESP,1982,25.441898
Spain,ESP,1983,27.512402
Spain,ESP,1984,22.5634
Spain,ESP,1985,23.937
Spain,ESP,1986,28.1992
Spain,ESP,1987,30.1889
Spain,ESP,1988,38.9557
Spain,ESP,1989,50.0051
Spain,ESP,1990,57.794395
Spain,ESP,1991,65.11024
Spain,ESP,1992,68.079414
Spain,ESP,1993,66.77966
Spain,ESP,1994,73.21793
Spain,ESP,1995,89.793236
Spain,ESP,1996,100.48969
Spain,ESP,1997,131.48898
Spain,ESP,1998,134.98706
Spain,ESP,1999,154.5253
Spain,ESP,2000,176.96399
Spain,ESP,2001,190.69435
Spain,ESP,2002,218.03433
Spain,ESP,2003,248.2873
Spain,ESP,2004,292.69077
Spain,ESP,2005,347.01956
Spain,ESP,2006,363.17368
Spain,ESP,2007,369.5727
Spain,ESP,2008,405.92172
Spain,ESP,2009,363.0772
Spain,ESP,2010,361.96466
Spain,ESP,2011,336.46085
Spain,ESP,2012,332.25613
Spain,ESP,2013,303.28094
Spain,ESP,2014,275.239
Spain,ESP,2015,285.43784
Spain,ESP,2016,291.21594
Spain,ESP,2017,317.12115
Spain,ESP,2018,314.9725
Spain,ESP,2019,359.74472
Spain,ESP,2020,324.9023
Spain,ESP,2021,343.24298
Spain,ESP,2022,329.74158
Spain,ESP,2023,294.72507
Spain,ESP,2024,283.1589
Spain,ESP,2025,313.08102
Sri Lanka,LKA,1980,0
Sri Lanka,LKA,1981,0
Sri Lanka,LKA,1982,0
Sri Lanka,LKA,1983,0
Sri Lanka,LKA,1984,0
Sri Lanka,LKA,1985,0
Sri Lanka,LKA,1986,0
Sri Lanka,LKA,1987,0
Sri Lanka,LKA,1988,0
Sri Lanka,LKA,1989,0
Sri Lanka,LKA,1990,0
Sri Lanka,LKA,1991,0
Sri Lanka,LKA,1992,0
Sri Lanka,LKA,1993,0
Sri Lanka,LKA,1994,0
Sri Lanka,LKA,1995,0
Sri Lanka,LKA,1996,0
Sri Lanka,LKA,1997,0
Sri Lanka,LKA,1998,0
Sri Lanka,LKA,1999,0
Sri Lanka,LKA,2000,0
Sri Lanka,LKA,2001,0
Sri Lanka,LKA,2002,0
Sri Lanka,LKA,2003,0
Sri Lanka,LKA,2004,0
Sri Lanka,LKA,2005,0
Sri Lanka,LKA,2006,0
Sri Lanka,LKA,2007,0
Sri Lanka,LKA,2008,0
Sri Lanka,LKA,2009,0
Sri Lanka,LKA,2010,0
Sri Lanka,LKA,2011,0
Sri Lanka,LKA,2012,0
Sri Lanka,LKA,2013,0
Sri Lanka,LKA,2014,0
Sri Lanka,LKA,2015,0
Sri Lanka,LKA,2016,0
Sri Lanka,LKA,2017,0
Sri Lanka,LKA,2018,0
Sri Lanka,LKA,2019,0
Sri Lanka,LKA,2020,0
Sri Lanka,LKA,2021,0
Sri Lanka,LKA,2022,0
Sri Lanka,LKA,2023,0
Sri Lanka,LKA,2024,0
Sudan,SDN,1980,0
Sudan,SDN,1981,0
Sudan,SDN,1982,0
Sudan,SDN,1983,0
Sudan,SDN,1984,0
Sudan,SDN,1985,0
Sudan,SDN,1986,0
Sudan,SDN,1987,0
Sudan,SDN,1988,0
Sudan,SDN,1989,0
Sudan,SDN,1990,0
Sudan,SDN,1991,0
Sudan,SDN,1992,0
Sudan,SDN,1993,0
Sudan,SDN,1994,0
Sudan,SDN,1995,0
Sudan,SDN,1996,0
Sudan,SDN,1997,0
Sudan,SDN,1998,0
Sudan,SDN,1999,0
Sudan,SDN,2000,0
Sudan,SDN,2001,0
Sudan,SDN,2002,0
Sudan,SDN,2003,0
Sudan,SDN,2004,0
Sudan,SDN,2005,0
Sudan,SDN,2006,0
Sudan,SDN,2007,0
Sudan,SDN,2008,0
Sudan,SDN,2009,0
Sudan,SDN,2010,0
Sudan,SDN,2011,0
Sudan,SDN,2012,0
Sudan,SDN,2013,0
Sudan,SDN,2014,0
Sudan,SDN,2015,0
Sudan,SDN,2016,0
Sudan,SDN,2017,0
Sudan,SDN,2018,0
Sudan,SDN,2019,0
Sudan,SDN,2020,0
Sudan,SDN,2021,0
Sudan,SDN,2022,0
Sudan,SDN,2023,0
Sudan,SDN,2024,0
Suriname,SUR,1980,0
Suriname,SUR,1981,0
Suriname,SUR,1982,0
Suriname,SUR,1983,0
Suriname,SUR,1984,0
Suriname,SUR,1985,0
Suriname,SUR,1986,0
Suriname,SUR,1987,0
Suriname,SUR,1988,0
Suriname,SUR,1989,0
Suriname,SUR,1990,0
Suriname,SUR,1991,0
Suriname,SUR,1992,0
Suriname,SUR,1993,0
Suriname,SUR,1994,0
Suriname,SUR,1995,0
Suriname,SUR,1996,0
Suriname,SUR,1997,0
Suriname,SUR,1998,0
Suriname,SUR,1999,0
Suriname,SUR,2000,0
Suriname,SUR,2001,0
Suriname,SUR,2002,0
Suriname,SUR,2003,0
Suriname,SUR,2004,0
Suriname,SUR,2005,0
Suriname,SUR,2006,0
Suriname,SUR,2007,0
Suriname,SUR,2008,0
Suriname,SUR,2009,0
Suriname,SUR,2010,0
Suriname,SUR,2011,0
Suriname,SUR,2012,0
Suriname,SUR,2013,0
Suriname,SUR,2014,0
Suriname,SUR,2015,0
Suriname,SUR,2016,0
Suriname,SUR,2017,0.05542695
Suriname,SUR,2018,0.060279753
Suriname,SUR,2019,0.065539636
Suriname,SUR,2020,0.071158856
Suriname,SUR,2021,0.07688514
Suriname,SUR,2022,0.07757403
Suriname,SUR,2023,0.076691404
Suriname,SUR,2024,0.076691404
Sweden,SWE,1980,0
Sweden,SWE,1981,0
Sweden,SWE,1982,0
Sweden,SWE,1983,0
Sweden,SWE,1984,0
Sweden,SWE,1985,0.71384144
Sweden,SWE,1986,1.8797678
Sweden,SWE,1987,2.5105367
Sweden,SWE,1988,3.2286325
Sweden,SWE,1989,4.31798
Sweden,SWE,1990,6.0098825
Sweden,SWE,1991,6.420767
Sweden,SWE,1992,7.2472377
Sweden,SWE,1993,7.9093547
Sweden,SWE,1994,7.852032
Sweden,SWE,1995,7.8598695
Sweden,SWE,1996,8.422121
Sweden,SWE,1997,8.319568
Sweden,SWE,1998,8.245899
Sweden,SWE,1999,8.263589
Sweden,SWE,2000,8.081546
Sweden,SWE,2001,9.117825
Sweden,SWE,2002,9.27882
Sweden,SWE,2003,9.252622
Sweden,SWE,2004,9.2123165
Sweden,SWE,2005,8.777249
Sweden,SWE,2006,9.18875
Sweden,SWE,2007,9.483
Sweden,SWE,2008,8.61025
Sweden,SWE,2009,11.495
Sweden,SWE,2010,15.468
Sweden,SWE,2011,12.21675
Sweden,SWE,2012,10.651
Sweden,SWE,2013,10.2365
Sweden,SWE,2014,8.403749
Sweden,SWE,2015,9.335751
Sweden,SWE,2016,9.988999
Sweden,SWE,2017,9.61625
Sweden,SWE,2018,10.16875
Sweden,SWE,2019,10.279
Sweden,SWE,2020,9.90925
Sweden,SWE,2021,10.62825
Sweden,SWE,2022,7.9977503
Sweden,SWE,2023,8.774
Sweden,SWE,2024,9.411751
Sweden,SWE,2025,8.497227
Switzerland,CHE,1968,0
Switzerland,CHE,1969,0.0025000002
Switzerland,CHE,1970,0.385
Switzerland,CHE,1971,0.93
Switzerland,CHE,1972,1.1800001
Switzerland,CHE,1973,1.5975
Switzerland,CHE,1974,3.3649998
Switzerland,CHE,1975,5.42
Switzerland,CHE,1976,5.6575003
Switzerland,CHE,1977,6.46
Switzerland,CHE,1978,7.0874996
Switzerland,CHE,1979,7.9500003
Switzerland,CHE,1980,9.070001
Switzerland,CHE,1981,9.785
Switzerland,CHE,1982,10.335
Switzerland,CHE,1983,11.362499
Switzerland,CHE,1984,12.6725
Switzerland,CHE,1985,13.2675
Switzerland,CHE,1986,13.5875
Switzerland,CHE,1987,14.5675
Switzerland,CHE,1988,14.67
Switzerland,CHE,1989,15.955
Switzerland,CHE,1990,17.0775
Switzerland,CHE,1991,19.17
Switzerland,CHE,1992,20.15
Switzerland,CHE,1993,21.14
Switzerland,CHE,1994,20.8525
Switzerland,CHE,1995,22.98
Switzerland,CHE,1996,24.875
Switzerland,CHE,1997,24.015
Switzerland,CHE,1998,24.72
Switzerland,CHE,1999,28.458332
Switzerland,CHE,2000,28.3
Switzerland,CHE,2001,29.455555
Switzerland,CHE,2002,28.91111
Switzerland,CHE,2003,30.558332
Switzerland,CHE,2004,31.525
Switzerland,CHE,2005,32.363888
Switzerland,CHE,2006,31.469444
Switzerland,CHE,2007,30.641668
Switzerland,CHE,2008,32.647224
Switzerland,CHE,2009,31.336111
Switzerland,CHE,2010,35.002777
Switzerland,CHE,2011,31.047222
Switzerland,CHE,2012,34.033333
Switzerland,CHE,2013,35.841667
Switzerland,CHE,2014,31.047222
Switzerland,CHE,2015,33.172222
Switzerland,CHE,2016,34.85
Switzerland,CHE,2017,34.997223
Switzerland,CHE,2018,33.197224
Switzerland,CHE,2019,34.058334
Switzerland,CHE,2020,34.14722
Switzerland,CHE,2021,28.038887
Switzerland,CHE,2022,37.030556
Switzerland,CHE,2023,33.96389
Switzerland,CHE,2024,31.111113
Switzerland,CHE,2025,30.718573
Syria,SYR,1980,4.7928843
Syria,SYR,1981,2.4810226
Syria,SYR,1982,2.5374093
Syria,SYR,1983,2.4810226
Syria,SYR,1984,2.5374093
Syria,SYR,1985,1.4096718
Syria,SYR,1986,2.5374093
Syria,SYR,1987,6.202556
Syria,SYR,1988,5.0748186
Syria,SYR,1989,9.867703
Syria,SYR,1990,29.03924
Syria,SYR,1991,34.95986
Syria,SYR,1992,35.843445
Syria,SYR,1993,36.839092
Syria,SYR,1994,37.832775
Syria,SYR,1995,29.273245
Syria,SYR,1996,40.02518
Syria,SYR,1997,45.401695
Syria,SYR,1998,57.249947
Syria,SYR,1999,60.137333
Syria,SYR,2000,60.734726
Syria,SYR,2001,55.656902
Syria,SYR,2002,73.68647
Syria,SYR,2003,74.22829
Syria,SYR,2004,76.93735
Syria,SYR,2005,66.1011
Syria,SYR,2006,67.72653
Syria,SYR,2007,65.01747
Syria,SYR,2008,65.45092
Syria,SYR,2009,80.404945
Syria,SYR,2010,104.35304
Syria,SYR,2011,87.99032
Syria,SYR,2012,69.89378
Syria,SYR,2013,57.432102
Syria,SYR,2014,53.097603
Syria,SYR,2015,46.595856
Syria,SYR,2016,40.63597
Syria,SYR,2017,40.096737
Syria,SYR,2018,39.881046
Syria,SYR,2019,38.26334
Syria,SYR,2020,29.884424
Syria,SYR,2021,45.813572
Syria,SYR,2022,39.745323
Syria,SYR,2023,40.612217
Syria,SYR,2024,40.612217
Taiwan,TWN,1965,2.307175
Taiwan,TWN,1966,2.589275
Taiwan,TWN,1967,3.3449
Taiwan,TWN,1968,4.7151
Taiwan,TWN,1969,5.9241
Taiwan,TWN,1970,5.6202574
Taiwan,TWN,1971,11.297574
Taiwan,TWN,1972,13.151973
Taiwan,TWN,1973,15.177548
Taiwan,TWN,1974,15.976367
Taiwan,TWN,1975,15.86225
Taiwan,TWN,1976,19.747042
Taiwan,TWN,1977,20.840843
Taiwan,TWN,1978,20.528927
Taiwan,TWN,1979,19.817171
Taiwan,TWN,1980,20.499619
Taiwan,TWN,1981,17.468376
Taiwan,TWN,1982,13.359276
Taiwan,TWN,1983,13.855265
Taiwan,TWN,1984,13.94178
Taiwan,TWN,1985,12.49892
Taiwan,TWN,1986,11.388484
Taiwan,TWN,1987,11.518417
Taiwan,TWN,1988,13.138313
Taiwan,TWN,1989,13.235775
Taiwan,TWN,1990,21.242907
Taiwan,TWN,1991,30.850605
Taiwan,TWN,1992,30.593306
Taiwan,TWN,1993,32.017345
Taiwan,TWN,1994,38.884525
Taiwan,TWN,1995,43.45639
Taiwan,TWN,1996,44.342564
Taiwan,TWN,1997,52.02493
Taiwan,TWN,1998,61.64442
Taiwan,TWN,1999,62.734768
Taiwan,TWN,2000,67.67396
Taiwan,TWN,2001,72.894005
Taiwan,TWN,2002,81.527534
Taiwan,TWN,2003,84.14759
Taiwan,TWN,2004,102.36428
Taiwan,TWN,2005,103.200806
Taiwan,TWN,2006,110.69849
Taiwan,TWN,2007,117.44902
Taiwan,TWN,2008,127.65959
Taiwan,TWN,2009,124.667755
Taiwan,TWN,2010,154.79768
Taiwan,TWN,2011,170.3993
Taiwan,TWN,2012,178.85228
Taiwan,TWN,2013,179.37907
Taiwan,TWN,2014,188.68169
Taiwan,TWN,2015,201.80359
Taiwan,TWN,2016,209.65405
Taiwan,TWN,2017,232.4506
Taiwan,TWN,2018,236.62138
Taiwan,TWN,2019,232.5982
Taiwan,TWN,2020,248.8446
Taiwan,TWN,2021,272.90457
Taiwan,TWN,2022,280.6635
Taiwan,TWN,2023,279.4694
Taiwan,TWN,2024,286.6364
Taiwan,TWN,2025,312.9834
Tajikistan,TJK,1992,20.589327
Tajikistan,TJK,1993,15.170437
Tajikistan,TJK,1994,17.336765
Tajikistan,TJK,1995,8.745094
Tajikistan,TJK,1996,13.307885
Tajikistan,TJK,1997,12.353319
Tajikistan,TJK,1998,12.136595
Tajikistan,TJK,1999,12.678408
Tajikistan,TJK,2000,13.545307
Tajikistan,TJK,2001,14.087119
Tajikistan,TJK,2002,12.895132
Tajikistan,TJK,2003,14.628932
Tajikistan,TJK,2004,15.051545
Tajikistan,TJK,2005,15.4958315
Tajikistan,TJK,2006,13.827049
Tajikistan,TJK,2007,7.151922
Tajikistan,TJK,2008,4.659586
Tajikistan,TJK,2009,2.459828
Tajikistan,TJK,2010,2.4489915
Tajikistan,TJK,2011,2.1564128
Tajikistan,TJK,2012,2.1997578
Tajikistan,TJK,2013,2.286448
Tajikistan,TJK,2014,2.4273188
Tajikistan,TJK,2015,0.2167249
Tajikistan,TJK,2016,0.20584029
Tajikistan,TJK,2017,0.20559841
Tajikistan,TJK,2018,0.787972
Tajikistan,TJK,2019,0.91535413
Tajikistan,TJK,2020,0.9164738
Tajikistan,TJK,2021,0.9164738
Tajikistan,TJK,2022,0.6216112
Tajikistan,TJK,2023,0.44308555
Tajikistan,TJK,2024,1.2563171
Tanzania,TZA,1980,0
Tanzania,TZA,1981,0
Tanzania,TZA,1982,0
Tanzania,TZA,1983,0
Tanzania,TZA,1984,0
Tanzania,TZA,1985,0
Tanzania,TZA,1986,0
Tanzania,TZA,1987,0
Tanzania,TZA,1988,0
Tanzania,TZA,1989,0
Tanzania,TZA,1990,0
Tanzania,TZA,1991,0
Tanzania,TZA,1992,0
Tanzania,TZA,1993,0
Tanzania,TZA,1994,0
Tanzania,TZA,1995,0
Tanzania,TZA,1996,0
Tanzania,TZA,1997,0
Tanzania,TZA,1998,0
Tanzania,TZA,1999,0
Tanzania,TZA,2000,0
Tanzania,TZA,2001,0
Tanzania,TZA,2002,0
Tanzania,TZA,2003,0
Tanzania,TZA,2004,1.2887508
Tanzania,TZA,2005,4.418574
Tanzania,TZA,2006,5.4618483
Tanzania,TZA,2007,5.7432103
Tanzania,TZA,2008,6.075539
Tanzania,TZA,2009,7.13025
Tanzania,TZA,2010,8.452271
Tanzania,TZA,2011,5.4181232
Tanzania,TZA,2012,6.2850223
Tanzania,TZA,2013,7.0435596
Tanzania,TZA,2014,5.959935
Tanzania,TZA,2015,11.91987
Tanzania,TZA,2016,16.284286
Tanzania,TZA,2017,10.259069
Tanzania,TZA,2018,13.7870245
Tanzania,TZA,2019,14.94061
Tanzania,TZA,2020,12.877178
Tanzania,TZA,2021,15.438791
Tanzania,TZA,2022,20.097578
Tanzania,TZA,2023,22.432976
Tanzania,TZA,2024,21.585352
Thailand,THA,1980,0
Thailand,THA,1981,2.75631
Thailand,THA,1982,14.049041
Thailand,THA,1983,16.53786
Thailand,THA,1984,24.690489
Thailand,THA,1985,32.45933
Thailand,THA,1986,34.872524
Thailand,THA,1987,48.350864
Thailand,THA,1988,57.064457
Thailand,THA,1989,55.9458
Thailand,THA,1990,60.652523
Thailand,THA,1991,75.0936
Thailand,THA,1992,81.41339
Thailand,THA,1993,92.20895
Thailand,THA,1994,102.05028
Thailand,THA,1995,105.68729
Thailand,THA,1996,123.139084
Thailand,THA,1997,154.46603
Thailand,THA,1998,164.9492
Thailand,THA,1999,183.24121
Thailand,THA,2000,211.95369
Thailand,THA,2001,245.60527
Thailand,THA,2002,266.8925
Thailand,THA,2003,284.2218
Thailand,THA,2004,297.55035
Thailand,THA,2005,320.5919
Thailand,THA,2006,330.1123
Thailand,THA,2007,351.72046
Thailand,THA,2008,369.41727
Thailand,THA,2009,381.24442
Thailand,THA,2010,432.05563
Thailand,THA,2011,443.1806
Thailand,THA,2012,486.33502
Thailand,THA,2013,488.64325
Thailand,THA,2014,499.44733
Thailand,THA,2015,509.60956
Thailand,THA,2016,505.64255
Thailand,THA,2017,500.83792
Thailand,THA,2018,500.1961
Thailand,THA,2019,509.39563
Thailand,THA,2020,468.5292
Thailand,THA,2021,470.1373
Thailand,THA,2022,443.1806
Thailand,THA,2023,471.74185
Thailand,THA,2024,492.9854
Thailand,THA,2025,473.0255
Togo,TGO,1980,0
Togo,TGO,1981,0
Togo,TGO,1982,0
Togo,TGO,1983,0
Togo,TGO,1984,0
Togo,TGO,1985,0
Togo,TGO,1986,0
Togo,TGO,1987,0
Togo,TGO,1988,0
Togo,TGO,1989,0
Togo,TGO,1990,0
Togo,TGO,1991,0
Togo,TGO,1992,0
Togo,TGO,1993,0
Togo,TGO,1994,0
Togo,TGO,1995,0
Togo,TGO,1996,0
Togo,TGO,1997,0
Togo,TGO,1998,0
Togo,TGO,1999,0
Togo,TGO,2000,0
Togo,TGO,2001,0
Togo,TGO,2002,0
Togo,TGO,2003,0
Togo,TGO,2004,0
Togo,TGO,2005,0
Togo,TGO,2006,0
Togo,TGO,2007,0
Togo,TGO,2008,0
Togo,TGO,2009,0
Togo,TGO,2010,0
Togo,TGO,2011,0
Togo,TGO,2012,0
Togo,TGO,2013,0
Togo,TGO,2014,0
Togo,TGO,2015,0
Togo,TGO,2016,0
Togo,TGO,2017,0.41779107
Togo,TGO,2018,0.48206663
Togo,TGO,2019,1.2167577
Togo,TGO,2020,1.2518836
Togo,TGO,2021,1.6389357
Togo,TGO,2022,1.9026895
Togo,TGO,2023,1.5383595
Togo,TGO,2024,1.5383595
Tonga,TON,1980,0
Tonga,TON,1981,0
Tonga,TON,1982,0
Tonga,TON,1983,0
Tonga,TON,1984,0
Tonga,TON,1985,0
Tonga,TON,1986,0
Tonga,TON,1987,0
Tonga,TON,1988,0
Tonga,TON,1989,0
Tonga,TON,1990,0
Tonga,TON,1991,0
Tonga,TON,1992,0
Tonga,TON,1993,0
Tonga,TON,1994,0
Tonga,TON,1995,0
Tonga,TON,1996,0
Tonga,TON,1997,0
Tonga,TON,1998,0
Tonga,TON,1999,0
Tonga,TON,2000,0
Tonga,TON,2001,0
Tonga,TON,2002,0
Tonga,TON,2003,0
Tonga,TON,2004,0
Tonga,TON,2005,0
Tonga,TON,2006,0
Tonga,TON,2007,0
Tonga,TON,2008,0
Tonga,TON,2009,0
Tonga,TON,2010,0
Tonga,TON,2011,0
Tonga,TON,2012,0
Tonga,TON,2013,0
Tonga,TON,2014,0
Tonga,TON,2015,0
Tonga,TON,2016,0
Tonga,TON,2017,0
Tonga,TON,2018,0
Tonga,TON,2019,0
Tonga,TON,2020,0
Tonga,TON,2021,0
Tonga,TON,2022,0
Tonga,TON,2023,0
Tonga,TON,2024,0
Trinidad and Tobago,TTO,1965,11.427751
Trinidad and Tobago,TTO,1966,13.42375
Trinidad and Tobago,TTO,1967,14.816
Trinidad and Tobago,TTO,1968,15.5455
Trinidad and Tobago,TTO,1969,15.624
Trinidad and Tobago,TTO,1970,19.119719
Trinidad and Tobago,TTO,1971,18.635
Trinidad and Tobago,TTO,1972,19.26075
Trinidad and Tobago,TTO,1973,18.498
Trinidad and Tobago,TTO,1974,16.89975
Trinidad and Tobago,TTO,1975,15.35975
Trinidad and Tobago,TTO,1976,17.28825
Trinidad and Tobago,TTO,1977,20.3215
Trinidad and Tobago,TTO,1978,24.26025
Trinidad and Tobago,TTO,1979,25.0765
Trinidad and Tobago,TTO,1980,28.3325
Trinidad and Tobago,TTO,1981,31.2095
Trinidad and Tobago,TTO,1982,37.931248
Trinidad and Tobago,TTO,1983,39.297253
Trinidad and Tobago,TTO,1984,41.176003
Trinidad and Tobago,TTO,1985,42.152
Trinidad and Tobago,TTO,1986,43.1345
Trinidad and Tobago,TTO,1987,45.6935
Trinidad and Tobago,TTO,1988,52.59425
Trinidad and Tobago,TTO,1989,52.694748
Trinidad and Tobago,TTO,1990,54.63375
Trinidad and Tobago,TTO,1991,55.351654
Trinidad and Tobago,TTO,1992,53.48801
Trinidad and Tobago,TTO,1993,60.033134
Trinidad and Tobago,TTO,1994,68.75722
Trinidad and Tobago,TTO,1995,73.813225
Trinidad and Tobago,TTO,1996,83.34405
Trinidad and Tobago,TTO,1997,90.44337
Trinidad and Tobago,TTO,1998,90.44337
Trinidad and Tobago,TTO,1999,92.77739
Trinidad and Tobago,TTO,2000,101.56194
Trinidad and Tobago,TTO,2001,108.9441
Trinidad and Tobago,TTO,2002,121.74733
Trinidad and Tobago,TTO,2003,135.20102
Trinidad and Tobago,TTO,2004,148.70534
Trinidad and Tobago,TTO,2005,163.75308
Trinidad and Tobago,TTO,2006,192.76155
Trinidad and Tobago,TTO,2007,196.45027
Trinidad and Tobago,TTO,2008,191.58104
Trinidad and Tobago,TTO,2009,190.88472
Trinidad and Tobago,TTO,2010,207.40086
Trinidad and Tobago,TTO,2011,204.8132
Trinidad and Tobago,TTO,2012,202.35985
Trinidad and Tobago,TTO,2013,203.5563
Trinidad and Tobago,TTO,2014,205.10089
Trinidad and Tobago,TTO,2015,196.04771
Trinidad and Tobago,TTO,2016,169.44472
Trinidad and Tobago,TTO,2017,183.49329
Trinidad and Tobago,TTO,2018,173.74751
Trinidad and Tobago,TTO,2019,174.73317
Trinidad and Tobago,TTO,2020,151.85648
Trinidad and Tobago,TTO,2021,156.05621
Trinidad and Tobago,TTO,2022,154.70049
Trinidad and Tobago,TTO,2023,145.1982
Trinidad and Tobago,TTO,2024,142.47026
Trinidad and Tobago,TTO,2025,130.84488
Tunisia,TUN,1980,4.709066
Tunisia,TUN,1981,5.0713015
Tunisia,TUN,1982,6.520245
Tunisia,TUN,1983,7.244717
Tunisia,TUN,1984,12.678255
Tunisia,TUN,1985,15.213905
Tunisia,TUN,1986,14.127198
Tunisia,TUN,1987,16.300613
Tunisia,TUN,1988,14.127198
Tunisia,TUN,1989,19.922972
Tunisia,TUN,1990,19.560736
Tunisia,TUN,1991,5.750313
Tunisia,TUN,1992,10.804989
Tunisia,TUN,1993,17.743902
Tunisia,TUN,1994,23.066738
Tunisia,TUN,1995,19.281462
Tunisia,TUN,1996,22.358374
Tunisia,TUN,1997,30.402655
Tunisia,TUN,1998,34.779694
Tunisia,TUN,1999,35.489483
Tunisia,TUN,2000,36.435867
Tunisia,TUN,2001,45.308235
Tunisia,TUN,2002,45.426537
Tunisia,TUN,2003,43.65206
Tunisia,TUN,2004,43.770363
Tunisia,TUN,2005,50.868256
Tunisia,TUN,2006,44.953342
Tunisia,TUN,2007,33.47841
Tunisia,TUN,2008,48.892166
Tunisia,TUN,2009,34.235706
Tunisia,TUN,2010,36.697098
Tunisia,TUN,2011,37.03274
Tunisia,TUN,2012,41.95552
Tunisia,TUN,2013,45.98325
Tunisia,TUN,2014,50.91722
Tunisia,TUN,2015,50.850094
Tunisia,TUN,2016,53.71423
Tunisia,TUN,2017,57.227276
Tunisia,TUN,2018,58.257145
Tunisia,TUN,2019,60.74301
Tunisia,TUN,2020,57.972923
Tunisia,TUN,2021,62.79431
Tunisia,TUN,2022,61.624493
Tunisia,TUN,2023,60.85689
Tunisia,TUN,2024,60.220814
Turkey,TUR,1980,0
Turkey,TUR,1981,0
Turkey,TUR,1982,0.3399125
Turkey,TUR,1983,0.373425
Turkey,TUR,1984,0.36385
Turkey,TUR,1985,0.46917498
Turkey,TUR,1986,4.00235
Turkey,TUR,1987,4.99815
Turkey,TUR,1988,11.35595
Turkey,TUR,1989,30.189974
Turkey,TUR,1990,32.296474
Turkey,TUR,1991,39.5639
Turkey,TUR,1992,43.288578
Turkey,TUR,1993,47.4154
Turkey,TUR,1994,50.278328
Turkey,TUR,1995,65.04298
Turkey,TUR,1996,75.69995
Turkey,TUR,1997,93.078575
Turkey,TUR,1998,98.344826
Turkey,TUR,1999,118.557655
Turkey,TUR,2000,139.46945
Turkey,TUR,2001,153.45853
Turkey,TUR,2002,166.39435
Turkey,TUR,2003,200.48135
Turkey,TUR,2004,211.68411
Turkey,TUR,2005,257.23236
Turkey,TUR,2006,291.97046
Turkey,TUR,2007,338.9071
Turkey,TUR,2008,352.9824
Turkey,TUR,2009,337.22192
Turkey,TUR,2010,358.21033
Turkey,TUR,2011,418.39877
Turkey,TUR,2012,433.19214
Turkey,TUR,2013,439.66486
Turkey,TUR,2014,466.4653
Turkey,TUR,2015,459.59042
Turkey,TUR,2016,445.046
Turkey,TUR,2017,515.6808
Turkey,TUR,2018,472.3252
Turkey,TUR,2019,433.57544
Turkey,TUR,2020,462.15213
Turkey,TUR,2021,572.8757
Turkey,TUR,2022,509.39526
Turkey,TUR,2023,480.76877
Turkey,TUR,2024,509.63464
Turkey,TUR,2025,564.4827
Turkmenistan,TKM,1985,81.750984
Turkmenistan,TKM,1986,132.42183
Turkmenistan,TKM,1987,131.54167
Turkmenistan,TKM,1988,133.30672
Turkmenistan,TKM,1989,137.72173
Turkmenistan,TKM,1990,92.78613
Turkmenistan,TKM,1991,90.931175
Turkmenistan,TKM,1992,88.29068
Turkmenistan,TKM,1993,88.29068
Turkmenistan,TKM,1994,96.23107
Turkmenistan,TKM,1995,75.9211
Turkmenistan,TKM,1996,119.35
Turkmenistan,TKM,1997,84.026245
Turkmenistan,TKM,1998,103.276245
Turkmenistan,TKM,1999,92.30376
Turkmenistan,TKM,2000,71.61
Turkmenistan,TKM,2001,105.20125
Turkmenistan,TKM,2002,74.97875
Turkmenistan,TKM,2003,116.17375
Turkmenistan,TKM,2004,114.537506
Turkmenistan,TKM,2005,116.4625
Turkmenistan,TKM,2006,119.9275
Turkmenistan,TKM,2007,111.649994
Turkmenistan,TKM,2008,78.925
Turkmenistan,TKM,2009,171.1325
Turkmenistan,TKM,2010,182.71886
Turkmenistan,TKM,2011,207.35255
Turkmenistan,TKM,2012,229.38441
Turkmenistan,TKM,2013,193.31212
Turkmenistan,TKM,2014,199.62996
Turkmenistan,TKM,2015,253.86305
Turkmenistan,TKM,2016,251.15005
Turkmenistan,TKM,2017,247.5888
Turkmenistan,TKM,2018,283.9233
Turkmenistan,TKM,2019,277.4699
Turkmenistan,TKM,2020,342.53235
Turkmenistan,TKM,2021,357.85608
Turkmenistan,TKM,2022,382.14548
Turkmenistan,TKM,2023,354.72784
Turkmenistan,TKM,2024,306.8406
Turkmenistan,TKM,2025,346.6157
Turks and Caicos Islands,TCA,1980,0
Turks and Caicos Islands,TCA,1981,0
Turks and Caicos Islands,TCA,1982,0
Turks and Caicos Islands,TCA,1983,0
Turks and Caicos Islands,TCA,1984,0
Turks and Caicos Islands,TCA,1985,0
Turks and Caicos Islands,TCA,1986,0
Turks and Caicos Islands,TCA,1987,0
Turks and Caicos Islands,TCA,1988,0
Turks and Caicos Islands,TCA,1989,0
Turks and Caicos Islands,TCA,1990,0
Turks and Caicos Islands,TCA,1991,0
Turks and Caicos Islands,TCA,1992,0
Turks and Caicos Islands,TCA,1993,0
Turks and Caicos Islands,TCA,1994,0
Turks and Caicos Islands,TCA,1995,0
Turks and Caicos Islands,TCA,1996,0
Turks and Caicos Islands,TCA,1997,0
Turks and Caicos Islands,TCA,1998,0
Turks and Caicos Islands,TCA,1999,0
Turks and Caicos Islands,TCA,2000,0
Turks and Caicos Islands,TCA,2001,0
Turks and Caicos Islands,TCA,2002,0
Turks and Caicos Islands,TCA,2003,0
Turks and Caicos Islands,TCA,2004,0
Turks and Caicos Islands,TCA,2005,0
Turks and Caicos Islands,TCA,2006,0
Turks and Caicos Islands,TCA,2007,0
Turks and Caicos Islands,TCA,2008,0
Turks and Caicos Islands,TCA,2009,0
Turks and Caicos Islands,TCA,2010,0
Turks and Caicos Islands,TCA,2011,0
Turks and Caicos Islands,TCA,2012,0
Turks and Caicos Islands,TCA,2013,0
Turks and Caicos Islands,TCA,2014,0
Turks and Caicos Islands,TCA,2015,0
Turks and Caicos Islands,TCA,2016,0
Turks and Caicos Islands,TCA,2017,0
Turks and Caicos Islands,TCA,2018,0
Turks and Caicos Islands,TCA,2019,0
Turks and Caicos Islands,TCA,2020,0
Turks and Caicos Islands,TCA,2021,0
Turks and Caicos Islands,TCA,2022,0
Turks and Caicos Islands,TCA,2023,0
Turks and Caicos Islands,TCA,2024,0
Tuvalu,TUV,1980,0
Tuvalu,TUV,1981,0
Tuvalu,TUV,1982,0
Tuvalu,TUV,1983,0
Tuvalu,TUV,1984,0
Tuvalu,TUV,1985,0
Tuvalu,TUV,1986,0
Tuvalu,TUV,1987,0
Tuvalu,TUV,1988,0
Tuvalu,TUV,1989,0
Tuvalu,TUV,1990,0
Tuvalu,TUV,1991,0
Tuvalu,TUV,1992,0
Tuvalu,TUV,1993,0
Tuvalu,TUV,1994,0
Tuvalu,TUV,1995,0
Tuvalu,TUV,1996,0
Tuvalu,TUV,1997,0
Tuvalu,TUV,1998,0
Tuvalu,TUV,1999,0
Tuvalu,TUV,2000,0
Tuvalu,TUV,2001,0
Tuvalu,TUV,2002,0
Tuvalu,TUV,2003,0
Tuvalu,TUV,2004,0
Tuvalu,TUV,2005,0
Tuvalu,TUV,2006,0
Tuvalu,TUV,2007,0
Tuvalu,TUV,2008,0
Tuvalu,TUV,2009,0
Tuvalu,TUV,2010,0
Tuvalu,TUV,2011,0
Tuvalu,TUV,2012,0
Tuvalu,TUV,2013,0
Tuvalu,TUV,2014,0
Tuvalu,TUV,2015,0
Tuvalu,TUV,2016,0
Tuvalu,TUV,2017,0
Tuvalu,TUV,2018,0
Tuvalu,TUV,2019,0
Tuvalu,TUV,2020,0
Tuvalu,TUV,2021,0
Tuvalu,TUV,2022,0
Tuvalu,TUV,2023,0
Tuvalu,TUV,2024,0
USSR,OWID_USS,1965,1216.7582
USSR,OWID_USS,1966,1357.3743
USSR,OWID_USS,1967,1494.4252
USSR,OWID_USS,1968,1613.6041
USSR,OWID_USS,1969,1724.4337
USSR,OWID_USS,1970,1894.8474
USSR,OWID_USS,1971,2071.2183
USSR,OWID_USS,1972,2178.4827
USSR,OWID_USS,1973,2369.1487
USSR,OWID_USS,1974,2512.157
USSR,OWID_USS,1975,2740.9697
USSR,OWID_USS,1976,3016.267
USSR,OWID_USS,1977,3231.9695
USSR,OWID_USS,1978,3446.4756
USSR,OWID_USS,1979,3658.6016
USSR,OWID_USS,1980,3770.774
USSR,OWID_USS,1981,3993.0425
USSR,OWID_USS,1982,4310.4585
USSR,OWID_USS,1983,4621.894
USSR,OWID_USS,1984,5043.178
Uganda,UGA,1980,0
Uganda,UGA,1981,0
Uganda,UGA,1982,0
Uganda,UGA,1983,0
Uganda,UGA,1984,0
Uganda,UGA,1985,0
Uganda,UGA,1986,0
Uganda,UGA,1987,0
Uganda,UGA,1988,0
Uganda,UGA,1989,0
Uganda,UGA,1990,0
Uganda,UGA,1991,0
Uganda,UGA,1992,0
Uganda,UGA,1993,0
Uganda,UGA,1994,0
Uganda,UGA,1995,0
Uganda,UGA,1996,0
Uganda,UGA,1997,0
Uganda,UGA,1998,0
Uganda,UGA,1999,0
Uganda,UGA,2000,0
Uganda,UGA,2001,0
Uganda,UGA,2002,0
Uganda,UGA,2003,0
Uganda,UGA,2004,0
Uganda,UGA,2005,0
Uganda,UGA,2006,0
Uganda,UGA,2007,0
Uganda,UGA,2008,0
Uganda,UGA,2009,0
Uganda,UGA,2010,0
Uganda,UGA,2011,0
Uganda,UGA,2012,0
Uganda,UGA,2013,0
Uganda,UGA,2014,0
Uganda,UGA,2015,0
Uganda,UGA,2016,0
Uganda,UGA,2017,0
Uganda,UGA,2018,0
Uganda,UGA,2019,0
Uganda,UGA,2020,0
Uganda,UGA,2021,0
Uganda,UGA,2022,0
Uganda,UGA,2023,0
Uganda,UGA,2024,0
Ukraine,UKR,1985,849.915
Ukraine,UKR,1986,896.9658
Ukraine,UKR,1987,916.39087
Ukraine,UKR,1988,971.1313
Ukraine,UKR,1989,981.7216
Ukraine,UKR,1990,1209.6742
Ukraine,UKR,1991,1149.4683
Ukraine,UKR,1992,979.95184
Ukraine,UKR,1993,879.3105
Ukraine,UKR,1994,769.8391
Ukraine,UKR,1995,721.2788
Ukraine,UKR,1996,836.6274
Ukraine,UKR,1997,753.3432
Ukraine,UKR,1998,697.50494
Ukraine,UKR,1999,741.03986
Ukraine,UKR,2000,741.9862
Ukraine,UKR,2001,719.27234
Ukraine,UKR,2002,707.9154
Ukraine,UKR,2003,722.1116
Ukraine,UKR,2004,716.4331
Ukraine,UKR,2005,722.1116
Ukraine,UKR,2006,700.3442
Ukraine,UKR,2007,660.5949
Ukraine,UKR,2008,627.47046
Ukraine,UKR,2009,489.08627
Ukraine,UKR,2010,545.60596
Ukraine,UKR,2011,561.26904
Ukraine,UKR,2012,518.38715
Ukraine,UKR,2013,476.99115
Ukraine,UKR,2014,403.17108
Ukraine,UKR,2015,319.88693
Ukraine,UKR,2016,314.20847
Ukraine,UKR,2017,301.90512
Ukraine,UKR,2018,305.69077
Ukraine,UKR,2019,282.9769
Ukraine,UKR,2020,293.38742
Ukraine,UKR,2021,272.56638
Ukraine,UKR,2022,182.65732
Ukraine,UKR,2023,187.38939
Ukraine,UKR,2024,188.15378
Ukraine,UKR,2025,225.30595
United Arab Emirates,ARE,1967,4.4265003
United Arab Emirates,ARE,1968,5.85
United Arab Emirates,ARE,1969,5.7525
United Arab Emirates,ARE,1970,8.19
United Arab Emirates,ARE,1971,12.9675
United Arab Emirates,ARE,1972,13.455
United Arab Emirates,ARE,1973,16.8675
United Arab Emirates,ARE,1974,17.55
United Arab Emirates,ARE,1975,16.185
United Arab Emirates,ARE,1976,18.915
United Arab Emirates,ARE,1977,32.955
United Arab Emirates,ARE,1978,39.0975
United Arab Emirates,ARE,1979,42.51
United Arab Emirates,ARE,1980,47.97
United Arab Emirates,ARE,1981,60.5475
United Arab Emirates,ARE,1982,63.57
United Arab Emirates,ARE,1983,58.0125
United Arab Emirates,ARE,1984,79.755
United Arab Emirates,ARE,1985,98.67
United Arab Emirates,ARE,1986,119.8275
United Arab Emirates,ARE,1987,136.69499
United Arab Emirates,ARE,1988,138.255
United Arab Emirates,ARE,1989,168.38249
United Arab Emirates,ARE,1990,164.87251
United Arab Emirates,ARE,1991,198.51001
United Arab Emirates,ARE,1992,182.8125
United Arab Emirates,ARE,1993,191.49
United Arab Emirates,ARE,1994,221.4225
United Arab Emirates,ARE,1995,241.7025
United Arab Emirates,ARE,1996,264.7125
United Arab Emirates,ARE,1997,282.75
United Arab Emirates,ARE,1998,296.3025
United Arab Emirates,ARE,1999,306.345
United Arab Emirates,ARE,2000,306.4425
United Arab Emirates,ARE,2001,314.73
United Arab Emirates,ARE,2002,355.29
United Arab Emirates,ARE,2003,369.33002
United Arab Emirates,ARE,2004,392.0475
United Arab Emirates,ARE,2005,409.9875
United Arab Emirates,ARE,2006,422.76
United Arab Emirates,ARE,2007,479.38235
United Arab Emirates,ARE,2008,579.7211
United Arab Emirates,ARE,2009,575.88074
United Arab Emirates,ARE,2010,592.7165
United Arab Emirates,ARE,2011,616.36145
United Arab Emirates,ARE,2012,639.3075
United Arab Emirates,ARE,2013,646.111
United Arab Emirates,ARE,2014,638.6653
United Arab Emirates,ARE,2015,712.6106
United Arab Emirates,ARE,2016,715.36536
United Arab Emirates,ARE,2017,656.5676
United Arab Emirates,ARE,2018,581.1663
United Arab Emirates,ARE,2019,672.3688
United Arab Emirates,ARE,2020,675.13763
United Arab Emirates,ARE,2021,650.15826
United Arab Emirates,ARE,2022,660.9485
United Arab Emirates,ARE,2023,667.483
United Arab Emirates,ARE,2024,671.12976
United Arab Emirates,ARE,2025,705.91876
United Kingdom,GBR,1965,8.59457
United Kingdom,GBR,1966,8.38523
United Kingdom,GBR,1967,14.10719
United Kingdom,GBR,1968,31.85457
United Kingdom,GBR,1969,62.06931
United Kingdom,GBR,1970,118.2771
United Kingdom,GBR,1971,190.70874
United Kingdom,GBR,1972,270.6301
United Kingdom,GBR,1973,292.8085
United Kingdom,GBR,1974,350.22583
United Kingdom,GBR,1975,366.97302
United Kingdom,GBR,1976,389.24445
United Kingdom,GBR,1977,413.714
United Kingdom,GBR,1978,429.13538
United Kingdom,GBR,1979,470.16602
United Kingdom,GBR,1980,468.7704
United Kingdom,GBR,1981,475.1204
United Kingdom,GBR,1982,472.7479
United Kingdom,GBR,1983,492.78638
United Kingdom,GBR,1984,504.17215
United Kingdom,GBR,1985,542.22546
United Kingdom,GBR,1986,551.25037
United Kingdom,GBR,1987,566.16003
United Kingdom,GBR,1988,539.2831
United Kingdom,GBR,1989,527.0251
United Kingdom,GBR,1990,548.7383
United Kingdom,GBR,1991,592.7695
United Kingdom,GBR,1992,589.92017
United Kingdom,GBR,1993,672.27216
United Kingdom,GBR,1994,692.2525
United Kingdom,GBR,1995,738.0863
United Kingdom,GBR,1996,859.84076
United Kingdom,GBR,1997,884.1824
United Kingdom,GBR,1998,919.4049
United Kingdom,GBR,1999,978.8769
United Kingdom,GBR,2000,1013.4171
United Kingdom,GBR,2001,1008.5319
United Kingdom,GBR,2002,995.3415
United Kingdom,GBR,2003,998.09186
United Kingdom,GBR,2004,1019.879
United Kingdom,GBR,2005,993.8657
United Kingdom,GBR,2006,942.60236
United Kingdom,GBR,2007,953.0051
United Kingdom,GBR,2008,978.32526
United Kingdom,GBR,2009,912.23706
United Kingdom,GBR,2010,984.9284
United Kingdom,GBR,2011,819.18506
United Kingdom,GBR,2012,768.9874
United Kingdom,GBR,2013,763.25757
United Kingdom,GBR,2014,700.55505
United Kingdom,GBR,2015,720.4546
United Kingdom,GBR,2016,798.98303
United Kingdom,GBR,2017,782.28766
United Kingdom,GBR,2018,788.4868
United Kingdom,GBR,2019,778.7379
United Kingdom,GBR,2020,734.6411
United Kingdom,GBR,2021,769.5375
United Kingdom,GBR,2022,705.02673
United Kingdom,GBR,2023,634.26874
United Kingdom,GBR,2024,616.90204
United Kingdom,GBR,2025,611.61554
United States,USA,1965,4159.206
United States,USA,1966,4482.7563
United States,USA,1967,4733.1885
United States,USA,1968,5066.815
United States,USA,1969,5454.107
United States,USA,1970,5748.658
United States,USA,1971,5926.5264
United States,USA,1972,5986.9644
United States,USA,1973,5937.9595
United States,USA,1974,5732.247
United States,USA,1975,5261.532
United States,USA,1976,5366.39
United States,USA,1977,5256.951
United States,USA,1978,5275.385
United States,USA,1979,5450.898
United States,USA,1980,5337.3853
United States,USA,1981,5208.629
United States,USA,1982,4841.7095
United States,USA,1983,4542.236
United States,USA,1984,4851.5723
United States,USA,1985,4669.5405
United States,USA,1986,4376.204
United States,USA,1987,4652.7437
United States,USA,1988,4866.0215
United States,USA,1989,5170.1973
United States,USA,1990,5170.6357
United States,USA,1991,5283.9727
United States,USA,1992,5463.51
United States,USA,1993,5599.4194
United States,USA,1994,5731.081
United States,USA,1995,5979.8296
United States,USA,1996,6088.898
United States,USA,1997,6125.3154
United States,USA,1998,6021.791
United States,USA,1999,6042.6284
United States,USA,2000,6283.9067
United States,USA,2001,6006.58
United States,USA,2002,6201.112
United States,USA,2003,6021.901
United States,USA,2004,6046.2773
United States,USA,2005,5951.9297
United States,USA,2006,5865.778
United States,USA,2007,6241.383
United States,USA,2008,6288.912
United States,USA,2009,6176.281
United States,USA,2010,6481.9346
United States,USA,2011,6582.108
United States,USA,2012,6881.228
United States,USA,2013,7070.228
United States,USA,2014,7222.605
United States,USA,2015,7435.795
United States,USA,2016,7490.9893
United States,USA,2017,7398.2324
United States,USA,2018,8219.633
United States,USA,2019,8509.999
United States,USA,2020,8353.242
United States,USA,2021,8364.249
United States,USA,2022,8804.077
United States,USA,2023,8882.49
United States,USA,2024,9015.278
United States,USA,2025,9134.435
United States Virgin Islands,VIR,1980,0
United States Virgin Islands,VIR,1981,0
United States Virgin Islands,VIR,1982,0
United States Virgin Islands,VIR,1983,0
United States Virgin Islands,VIR,1984,0
United States Virgin Islands,VIR,1985,0
United States Virgin Islands,VIR,1986,0
United States Virgin Islands,VIR,1987,0
United States Virgin Islands,VIR,1988,0
United States Virgin Islands,VIR,1989,0
United States Virgin Islands,VIR,1990,0
United States Virgin Islands,VIR,1991,0
United States Virgin Islands,VIR,1992,0
United States Virgin Islands,VIR,1993,0
United States Virgin Islands,VIR,1994,0
United States Virgin Islands,VIR,1995,0
United States Virgin Islands,VIR,1996,0
United States Virgin Islands,VIR,1997,0
United States Virgin Islands,VIR,1998,0
United States Virgin Islands,VIR,1999,0
United States Virgin Islands,VIR,2000,0
United States Virgin Islands,VIR,2001,0
United States Virgin Islands,VIR,2002,0
United States Virgin Islands,VIR,2003,0
United States Virgin Islands,VIR,2004,0
United States Virgin Islands,VIR,2005,0
United States Virgin Islands,VIR,2006,0
United States Virgin Islands,VIR,2007,0
United States Virgin Islands,VIR,2008,0
United States Virgin Islands,VIR,2009,0
United States Virgin Islands,VIR,2010,0
United States Virgin Islands,VIR,2011,0
United States Virgin Islands,VIR,2012,0
United States Virgin Islands,VIR,2013,0
United States Virgin Islands,VIR,2014,0
United States Virgin Islands,VIR,2015,0
United States Virgin Islands,VIR,2016,0
United States Virgin Islands,VIR,2017,0
United States Virgin Islands,VIR,2018,0
United States Virgin Islands,VIR,2019,0
United States Virgin Islands,VIR,2020,0
United States Virgin Islands,VIR,2021,0
United States Virgin Islands,VIR,2022,0
United States Virgin Islands,VIR,2023,0
United States Virgin Islands,VIR,2024,0
Upper-middle-income countries,OWID_UMC,1965,1387.8976
Upper-middle-income countries,OWID_UMC,1966,1541.2621
Upper-middle-income countries,OWID_UMC,1967,1671.8331
Upper-middle-income countries,OWID_UMC,1968,1802.8486
Upper-middle-income countries,OWID_UMC,1969,1951.5894
Upper-middle-income countries,OWID_UMC,1970,2155.2925
Upper-middle-income countries,OWID_UMC,1971,2358.9766
Upper-middle-income countries,OWID_UMC,1972,2502.2625
Upper-middle-income countries,OWID_UMC,1973,2734.242
Upper-middle-income countries,OWID_UMC,1974,2914.777
Upper-middle-income countries,OWID_UMC,1975,3188.051
Upper-middle-income countries,OWID_UMC,1976,3502.658
Upper-middle-income countries,OWID_UMC,1977,3776.8455
Upper-middle-income countries,OWID_UMC,1978,4085.989
Upper-middle-income countries,OWID_UMC,1979,4412.2715
Upper-middle-income countries,OWID_UMC,1980,4561.5806
Upper-middle-income countries,OWID_UMC,1981,4823.7407
Upper-middle-income countries,OWID_UMC,1982,5225.5903
Upper-middle-income countries,OWID_UMC,1983,5624.2324
Upper-middle-income countries,OWID_UMC,1984,6087.17
Upper-middle-income countries,OWID_UMC,1985,2337.5544
Upper-middle-income countries,OWID_UMC,1986,2525.318
Upper-middle-income countries,OWID_UMC,1987,2632.3176
Upper-middle-income countries,OWID_UMC,1988,2818.5684
Upper-middle-income countries,OWID_UMC,1989,2936.2993
Upper-middle-income countries,OWID_UMC,1990,3237.2354
Upper-middle-income countries,OWID_UMC,1991,3303.8909
Upper-middle-income countries,OWID_UMC,1992,3236.5242
Upper-middle-income countries,OWID_UMC,1993,2982.6113
Upper-middle-income countries,OWID_UMC,1994,3026.926
Upper-middle-income countries,OWID_UMC,1995,3110.0579
Upper-middle-income countries,OWID_UMC,1996,3427.253
Upper-middle-income countries,OWID_UMC,1997,3414.8438
Upper-middle-income countries,OWID_UMC,1998,3516.2734
Upper-middle-income countries,OWID_UMC,1999,3794.8022
Upper-middle-income countries,OWID_UMC,2000,3968.0889
Upper-middle-income countries,OWID_UMC,2001,4163.713
Upper-middle-income countries,OWID_UMC,2002,4404.7207
Upper-middle-income countries,OWID_UMC,2003,4732.592
Upper-middle-income countries,OWID_UMC,2004,5117.4883
Upper-middle-income countries,OWID_UMC,2005,5511.36
Upper-middle-income countries,OWID_UMC,2006,5867.38
Upper-middle-income countries,OWID_UMC,2007,6213.4937
Upper-middle-income countries,OWID_UMC,2008,6581.307
Upper-middle-income countries,OWID_UMC,2009,6665.3667
Upper-middle-income countries,OWID_UMC,2010,7246.263
Upper-middle-income countries,OWID_UMC,2011,7774.591
Upper-middle-income countries,OWID_UMC,2012,8210.195
Upper-middle-income countries,OWID_UMC,2013,8502.07
Upper-middle-income countries,OWID_UMC,2014,8980.677
Upper-middle-income countries,OWID_UMC,2015,9229.446
Upper-middle-income countries,OWID_UMC,2016,9485.583
Upper-middle-income countries,OWID_UMC,2017,10076.736
Upper-middle-income countries,OWID_UMC,2018,10620.841
Upper-middle-income countries,OWID_UMC,2019,10961.866
Upper-middle-income countries,OWID_UMC,2020,11302.555
Upper-middle-income countries,OWID_UMC,2021,12046.088
Upper-middle-income countries,OWID_UMC,2022,11921.512
Upper-middle-income countries,OWID_UMC,2023,12228.373
Upper-middle-income countries,OWID_UMC,2024,12709.009
Upper-middle-income countries,OWID_UMC,2025,12918.972
Uruguay,URY,1980,0
Uruguay,URY,1981,0
Uruguay,URY,1982,0
Uruguay,URY,1983,0
Uruguay,URY,1984,0
Uruguay,URY,1985,0
Uruguay,URY,1986,0
Uruguay,URY,1987,0
Uruguay,URY,1988,0
Uruguay,URY,1989,0
Uruguay,URY,1990,0
Uruguay,URY,1991,0
Uruguay,URY,1992,0
Uruguay,URY,1993,0
Uruguay,URY,1994,0
Uruguay,URY,1995,0
Uruguay,URY,1996,0
Uruguay,URY,1997,0
Uruguay,URY,1998,0
Uruguay,URY,1999,0.2167249
Uruguay,URY,2000,0.4334498
Uruguay,URY,2001,0.4334498
Uruguay,URY,2002,0.2167249
Uruguay,URY,2003,0.65017474
Uruguay,URY,2004,1.3003495
Uruguay,URY,2005,0.9752621
Uruguay,URY,2006,1.3003495
Uruguay,URY,2007,0.9752621
Uruguay,URY,2008,0.7585372
Uruguay,URY,2009,0.4334498
Uruguay,URY,2010,0.8668996
Uruguay,URY,2011,0.8668996
Uruguay,URY,2012,0.65017474
Uruguay,URY,2013,0.65017474
Uruguay,URY,2014,0.5995464
Uruguay,URY,2015,0.61020494
Uruguay,URY,2016,0.6901445
Uruguay,URY,2017,0.77941024
Uruguay,URY,2018,0.5957136
Uruguay,URY,2019,1.045764
Uruguay,URY,2020,0.646036
Uruguay,URY,2021,0.9387042
Uruguay,URY,2022,0.97451764
Uruguay,URY,2023,0.8922713
Uruguay,URY,2024,1.0169737
Uzbekistan,UZB,1985,311.37866
Uzbekistan,UZB,1986,300.1732
Uzbekistan,UZB,1987,314.29364
Uzbekistan,UZB,1988,309.87387
Uzbekistan,UZB,1989,327.5339
Uzbekistan,UZB,1990,348.6389
Uzbekistan,UZB,1991,351.37402
Uzbekistan,UZB,1992,353.13434
Uzbekistan,UZB,1993,384.9148
Uzbekistan,UZB,1994,391.09488
Uzbekistan,UZB,1995,400.8145
Uzbekistan,UZB,1996,417.34
Uzbekistan,UZB,1997,409.35126
Uzbekistan,UZB,1998,410.9875
Uzbekistan,UZB,1999,476.245
Uzbekistan,UZB,2000,486.73627
Uzbekistan,UZB,2001,490.58627
Uzbekistan,UZB,2002,505.21625
Uzbekistan,UZB,2003,455.455
Uzbekistan,UZB,2004,460.17123
Uzbekistan,UZB,2005,469.21875
Uzbekistan,UZB,2006,433.02875
Uzbekistan,UZB,2007,468.3525
Uzbekistan,UZB,2008,441.30627
Uzbekistan,UZB,2009,440.72876
Uzbekistan,UZB,2010,440.44
Uzbekistan,UZB,2011,473.56375
Uzbekistan,UZB,2012,448.0603
Uzbekistan,UZB,2013,438.36243
Uzbekistan,UZB,2014,409.548
Uzbekistan,UZB,2015,392.99243
Uzbekistan,UZB,2016,413.4898
Uzbekistan,UZB,2017,435.96707
Uzbekistan,UZB,2018,457.5244
Uzbekistan,UZB,2019,470.4704
Uzbekistan,UZB,2020,435.89325
Uzbekistan,UZB,2021,491.03494
Uzbekistan,UZB,2022,459.6122
Uzbekistan,UZB,2023,450.11212
Uzbekistan,UZB,2024,445.3564
Uzbekistan,UZB,2025,444.80765
Vanuatu,VUT,1980,0
Vanuatu,VUT,1981,0
Vanuatu,VUT,1982,0
Vanuatu,VUT,1983,0
Vanuatu,VUT,1984,0
Vanuatu,VUT,1985,0
Vanuatu,VUT,1986,0
Vanuatu,VUT,1987,0
Vanuatu,VUT,1988,0
Vanuatu,VUT,1989,0
Vanuatu,VUT,1990,0
Vanuatu,VUT,1991,0
Vanuatu,VUT,1992,0
Vanuatu,VUT,1993,0
Vanuatu,VUT,1994,0
Vanuatu,VUT,1995,0
Vanuatu,VUT,1996,0
Vanuatu,VUT,1997,0
Vanuatu,VUT,1998,0
Vanuatu,VUT,1999,0
Vanuatu,VUT,2000,0
Vanuatu,VUT,2001,0
Vanuatu,VUT,2002,0
Vanuatu,VUT,2003,0
Vanuatu,VUT,2004,0
Vanuatu,VUT,2005,0
Vanuatu,VUT,2006,0
Vanuatu,VUT,2007,0
Vanuatu,VUT,2008,0
Vanuatu,VUT,2009,0
Vanuatu,VUT,2010,0
Vanuatu,VUT,2011,0
Vanuatu,VUT,2012,0
Vanuatu,VUT,2013,0
Vanuatu,VUT,2014,0
Vanuatu,VUT,2015,0
Vanuatu,VUT,2016,0
Vanuatu,VUT,2017,0
Vanuatu,VUT,2018,0
Vanuatu,VUT,2019,0
Vanuatu,VUT,2020,0
Vanuatu,VUT,2021,0
Vanuatu,VUT,2022,0
Vanuatu,VUT,2023,0
Vanuatu,VUT,2024,0
Venezuela,VEN,1965,75.1803
Venezuela,VEN,1966,78.8322
Venezuela,VEN,1967,86.3802
Venezuela,VEN,1968,89.1663
Venezuela,VEN,1969,91.7637
Venezuela,VEN,1970,85.581
Venezuela,VEN,1971,82.9392
Venezuela,VEN,1972,82.4397
Venezuela,VEN,1973,101.553894
Venezuela,VEN,1974,107.325905
Venezuela,VEN,1975,104.3844
Venezuela,VEN,1976,129.40381
Venezuela,VEN,1977,141.25305
Venezuela,VEN,1978,142.53511
Venezuela,VEN,1979,159.6402
Venezuela,VEN,1980,164.34105
Venezuela,VEN,1981,165.22905
Venezuela,VEN,1982,176.3013
Venezuela,VEN,1983,173.604
Venezuela,VEN,1984,192.03
Venezuela,VEN,1985,192.31305
Venezuela,VEN,1986,211.72139
Venezuela,VEN,1987,206.3157
Venezuela,VEN,1988,211.2108
Venezuela,VEN,1989,216.8718
Venezuela,VEN,1990,243.81705
Venezuela,VEN,1991,243.1122
Venezuela,VEN,1992,239.9487
Venezuela,VEN,1993,258.9519
Venezuela,VEN,1994,273.89804
Venezuela,VEN,1995,305.2611
Venezuela,VEN,1996,330.0141
Venezuela,VEN,1997,342.213
Venezuela,VEN,1998,358.92404
Venezuela,VEN,1999,304.251
Venezuela,VEN,2000,309.9564
Venezuela,VEN,2001,328.4823
Venezuela,VEN,2002,315.41205
Venezuela,VEN,2003,279.9864
Venezuela,VEN,2004,315.2955
Venezuela,VEN,2005,304.3509
Venezuela,VEN,2006,349.45023
Venezuela,VEN,2007,372.67056
Venezuela,VEN,2008,348.99557
Venezuela,VEN,2009,342.1685
Venezuela,VEN,2010,312.66815
Venezuela,VEN,2011,333.26392
Venezuela,VEN,2012,346.12833
Venezuela,VEN,2013,323.058
Venezuela,VEN,2014,340.266
Venezuela,VEN,2015,370.38235
Venezuela,VEN,2016,372.38733
Venezuela,VEN,2017,386.0539
Venezuela,VEN,2018,316.19098
Venezuela,VEN,2019,255.76219
Venezuela,VEN,2020,215.61089
Venezuela,VEN,2021,280.5911
Venezuela,VEN,2022,290.55545
Venezuela,VEN,2023,296.8337
Venezuela,VEN,2024,317.31195
Venezuela,VEN,2025,310.44107
Vietnam,VNM,1980,0
Vietnam,VNM,1981,0.0965
Vietnam,VNM,1982,0.18335
Vietnam,VNM,1983,0.632075
Vietnam,VNM,1984,0.55004996
Vietnam,VNM,1985,0.342575
Vietnam,VNM,1986,0.35705
Vietnam,VNM,1987,0.35705
Vietnam,VNM,1988,0.27019998
Vietnam,VNM,1989,0.31845
Vietnam,VNM,1990,0.386
Vietnam,VNM,1991,0.6948
Vietnam,VNM,1992,2.0265
Vietnam,VNM,1993,2.4125001
Vietnam,VNM,1994,2.4125001
Vietnam,VNM,1995,1.404075
Vietnam,VNM,1996,2.76955
Vietnam,VNM,1997,5.1241503
Vietnam,VNM,1998,8.685
Vietnam,VNM,1999,12.545
Vietnam,VNM,2000,15.44
Vietnam,VNM,2001,19.300001
Vietnam,VNM,2002,23.16
Vietnam,VNM,2003,22.89945
Vietnam,VNM,2004,40.144
Vietnam,VNM,2005,62.146
Vietnam,VNM,2006,67.55
Vietnam,VNM,2007,68.322
Vietnam,VNM,2008,72.36536
Vietnam,VNM,2009,77.2965
Vietnam,VNM,2010,90.729294
Vietnam,VNM,2011,81.832
Vietnam,VNM,2012,90.27575
Vietnam,VNM,2013,94.09715
Vietnam,VNM,2014,98.526505
Vietnam,VNM,2015,102.868996
Vietnam,VNM,2016,102.3865
Vietnam,VNM,2017,95.206894
Vietnam,VNM,2018,96.5965
Vietnam,VNM,2019,98.43
Vietnam,VNM,2020,88.394005
Vietnam,VNM,2021,71.989
Vietnam,VNM,2022,77.972
Vietnam,VNM,2023,72.05703
Vietnam,VNM,2024,61.2706
Vietnam,VNM,2025,57.838917
West Germany,OWID_GFR,1980,553.80585
West Germany,OWID_GFR,1981,524.39795
West Germany,OWID_GFR,1982,479.8957
West Germany,OWID_GFR,1983,494.72977
West Germany,OWID_GFR,1984,519.4532
West Germany,OWID_GFR,1985,511.6458
West Germany,OWID_GFR,1986,518.6725
West Germany,OWID_GFR,1987,566.81824
West Germany,OWID_GFR,1988,550.16235
West Germany,OWID_GFR,1989,584.77527
West Germany,OWID_GFR,1990,601.66534
Western Sahara,ESH,1980,0
Western Sahara,ESH,1981,0
Western Sahara,ESH,1982,0
Western Sahara,ESH,1983,0
Western Sahara,ESH,1984,0
Western Sahara,ESH,1985,0
Western Sahara,ESH,1986,0
Western Sahara,ESH,1987,0
Western Sahara,ESH,1988,0
Western Sahara,ESH,1989,0
Western Sahara,ESH,1990,0
Western Sahara,ESH,1991,0
Western Sahara,ESH,1992,0
Western Sahara,ESH,1993,0
Western Sahara,ESH,1994,0
Western Sahara,ESH,1995,0
Western Sahara,ESH,1996,0
Western Sahara,ESH,1997,0
Western Sahara,ESH,1998,0
Western Sahara,ESH,1999,0
Western Sahara,ESH,2000,0
Western Sahara,ESH,2001,0
Western Sahara,ESH,2002,0
Western Sahara,ESH,2003,0
Western Sahara,ESH,2004,0
Western Sahara,ESH,2005,0
Western Sahara,ESH,2006,0
Western Sahara,ESH,2007,0
Western Sahara,ESH,2008,0
Western Sahara,ESH,2009,0
Western Sahara,ESH,2010,0
Western Sahara,ESH,2011,0
Western Sahara,ESH,2012,0
Western Sahara,ESH,2013,0
Western Sahara,ESH,2014,0
Western Sahara,ESH,2015,0
Western Sahara,ESH,2016,0
Western Sahara,ESH,2017,0
Western Sahara,ESH,2018,0
Western Sahara,ESH,2019,0
Western Sahara,ESH,2020,0
Western Sahara,ESH,2021,0
Western Sahara,ESH,2022,0
Western Sahara,ESH,2023,0
Western Sahara,ESH,2024,0
World,OWID_WRL,1900,73.84043
World,OWID_WRL,1901,81.828064
World,OWID_WRL,1902,89.815704
World,OWID_WRL,1903,97.80334
World,OWID_WRL,1904,105.79098
World,OWID_WRL,1905,113.77863
World,OWID_WRL,1906,121.766266
World,OWID_WRL,1907,129.7539
World,OWID_WRL,1908,137.74155
World,OWID_WRL,1909,145.72919
World,OWID_WRL,1910,157.589
World,OWID_WRL,1911,165.96535
World,OWID_WRL,1912,174.34166
World,OWID_WRL,1913,182.71799
World,OWID_WRL,1914,191.09433
World,OWID_WRL,1915,199.47064
World,OWID_WRL,1916,207.84698
World,OWID_WRL,1917,216.22331
World,OWID_WRL,1918,224.59962
World,OWID_WRL,1919,232.97597
World,OWID_WRL,1920,241.3523
World,OWID_WRL,1921,249.7286
World,OWID_WRL,1922,266.58612
World,OWID_WRL,1923,312.34644
World,OWID_WRL,1924,358.10675
World,OWID_WRL,1925,403.8671
World,OWID_WRL,1926,449.6274
World,OWID_WRL,1927,495.38773
World,OWID_WRL,1928,541.1481
World,OWID_WRL,1929,574.606
World,OWID_WRL,1930,602.39954
World,OWID_WRL,1931,631.0239
World,OWID_WRL,1932,659.64844
World,OWID_WRL,1933,688.2728
World,OWID_WRL,1934,716.89734
World,OWID_WRL,1935,745.5217
World,OWID_WRL,1936,774.1462
World,OWID_WRL,1937,830.5215
World,OWID_WRL,1938,881.94836
World,OWID_WRL,1939,945.3051
World,OWID_WRL,1940,1008.6619
World,OWID_WRL,1941,1072.0187
World,OWID_WRL,1942,1135.3756
World,OWID_WRL,1943,1198.7323
World,OWID_WRL,1944,1262.0891
World,OWID_WRL,1945,1325.4459
World,OWID_WRL,1946,1396.3861
World,OWID_WRL,1947,1544.8779
World,OWID_WRL,1948,1746.5739
World,OWID_WRL,1949,1866.3092
World,OWID_WRL,1950,2136.6338
World,OWID_WRL,1951,2534.5093
World,OWID_WRL,1952,2729.6267
World,OWID_WRL,1953,2886.345
World,OWID_WRL,1954,3027.598
World,OWID_WRL,1955,3293.563
World,OWID_WRL,1956,3571.7498
World,OWID_WRL,1957,3880.7158
World,OWID_WRL,1958,4174.047
World,OWID_WRL,1959,4659.676
World,OWID_WRL,1960,5072.3237
World,OWID_WRL,1961,5449.4346
World,OWID_WRL,1962,5961.9946
World,OWID_WRL,1963,6523.5044
World,OWID_WRL,1964,7127.6064
World,OWID_WRL,1965,6303.821
World,OWID_WRL,1966,6868.8145
World,OWID_WRL,1967,7374.058
World,OWID_WRL,1968,8044.3477
World,OWID_WRL,1969,8833.434
World,OWID_WRL,1970,9614.809
World,OWID_WRL,1971,10293.19
World,OWID_WRL,1972,10861.714
World,OWID_WRL,1973,11377.833
World,OWID_WRL,1974,11659.859
World,OWID_WRL,1975,11659.736
World,OWID_WRL,1976,12354.139
World,OWID_WRL,1977,12759.838
World,OWID_WRL,1978,13293.947
World,OWID_WRL,1979,14118.22
World,OWID_WRL,1980,14237.158
World,OWID_WRL,1981,14396.163
World,OWID_WRL,1982,14470.022
World,OWID_WRL,1983,14704.125
World,OWID_WRL,1984,15903.013
World,OWID_WRL,1985,16262.683
World,OWID_WRL,1986,16421.639
World,OWID_WRL,1987,17282.357
World,OWID_WRL,1988,18088.924
World,OWID_WRL,1989,18888.652
World,OWID_WRL,1990,19481.852
World,OWID_WRL,1991,19972.838
World,OWID_WRL,1992,20063.482
World,OWID_WRL,1993,20265.482
World,OWID_WRL,1994,20389.613
World,OWID_WRL,1995,21104.492
World,OWID_WRL,1996,22159.254
World,OWID_WRL,1997,22030.393
World,OWID_WRL,1998,22434
World,OWID_WRL,1999,23071.904
World,OWID_WRL,2000,23994.258
World,OWID_WRL,2001,24316.832
World,OWID_WRL,2002,25051.928
World,OWID_WRL,2003,25728.506
World,OWID_WRL,2004,26782.227
World,OWID_WRL,2005,27439.496
World,OWID_WRL,2006,28179.19
World,OWID_WRL,2007,29339.34
World,OWID_WRL,2008,30051.895
World,OWID_WRL,2009,29403.309
World,OWID_WRL,2010,31593.256
World,OWID_WRL,2011,32350.143
World,OWID_WRL,2012,33231.09
World,OWID_WRL,2013,33703.48
World,OWID_WRL,2014,33899.87
World,OWID_WRL,2015,34704.543
World,OWID_WRL,2016,35551.71
World,OWID_WRL,2017,36561.074
World,OWID_WRL,2018,38287.594
World,OWID_WRL,2019,39041.223
World,OWID_WRL,2020,38693.08
World,OWID_WRL,2021,40232.574
World,OWID_WRL,2022,40039.547
World,OWID_WRL,2023,40152.266
World,OWID_WRL,2024,41312.492
World,OWID_WRL,2025,41860.348
Yemen,YEM,1980,0
Yemen,YEM,1981,0
Yemen,YEM,1982,0
Yemen,YEM,1983,0
Yemen,YEM,1984,0
Yemen,YEM,1985,0
Yemen,YEM,1986,0
Yemen,YEM,1987,0
Yemen,YEM,1988,0
Yemen,YEM,1989,0
Yemen,YEM,1990,0
Yemen,YEM,1991,0
Yemen,YEM,1992,0
Yemen,YEM,1993,0
Yemen,YEM,1994,0
Yemen,YEM,1995,0
Yemen,YEM,1996,0
Yemen,YEM,1997,0
Yemen,YEM,1998,0
Yemen,YEM,1999,0
Yemen,YEM,2000,0
Yemen,YEM,2001,0
Yemen,YEM,2002,0
Yemen,YEM,2003,0
Yemen,YEM,2004,0
Yemen,YEM,2005,0
Yemen,YEM,2006,0
Yemen,YEM,2007,0
Yemen,YEM,2008,0
Yemen,YEM,2009,4.042634
Yemen,YEM,2010,10.668061
Yemen,YEM,2011,7.411495
Yemen,YEM,2012,5.277883
Yemen,YEM,2013,11.454129
Yemen,YEM,2014,5.614769
Yemen,YEM,2015,9.095926
Yemen,YEM,2016,5.4800453
Yemen,YEM,2017,3.2448218
Yemen,YEM,2018,1.0095985
Yemen,YEM,2019,0.1155091
Yemen,YEM,2020,0.11657561
Yemen,YEM,2021,0.11657561
Yemen,YEM,2022,0.11657561
Yemen,YEM,2023,0.11657561
Yemen,YEM,2024,0.11657561
Yugoslavia,OWID_YGS,1980,41.760868
Yugoslavia,OWID_YGS,1981,48.312763
Yugoslavia,OWID_YGS,1982,47.69732
Yugoslavia,OWID_YGS,1983,46.33131
Yugoslavia,OWID_YGS,1984,60.958782
Yugoslavia,OWID_YGS,1985,64.67727
Yugoslavia,OWID_YGS,1986,69.65244
Yugoslavia,OWID_YGS,1987,81.77943
Yugoslavia,OWID_YGS,1988,80.224686
Yugoslavia,OWID_YGS,1989,89.24219
Yugoslavia,OWID_YGS,1990,77.11521
Yugoslavia,OWID_YGS,1991,76.80425
Zambia,ZMB,1980,0
Zambia,ZMB,1981,0
Zambia,ZMB,1982,0
Zambia,ZMB,1983,0
Zambia,ZMB,1984,0
Zambia,ZMB,1985,0
Zambia,ZMB,1986,0
Zambia,ZMB,1987,0
Zambia,ZMB,1988,0
Zambia,ZMB,1989,0
Zambia,ZMB,1990,0
Zambia,ZMB,1991,0
Zambia,ZMB,1992,0
Zambia,ZMB,1993,0
Zambia,ZMB,1994,0
Zambia,ZMB,1995,0
Zambia,ZMB,1996,0
Zambia,ZMB,1997,0
Zambia,ZMB,1998,0
Zambia,ZMB,1999,0
Zambia,ZMB,2000,0
Zambia,ZMB,2001,0
Zambia,ZMB,2002,0
Zambia,ZMB,2003,0
Zambia,ZMB,2004,0
Zambia,ZMB,2005,0
Zambia,ZMB,2006,0
Zambia,ZMB,2007,0
Zambia,ZMB,2008,0
Zambia,ZMB,2009,0
Zambia,ZMB,2010,0
Zambia,ZMB,2011,0
Zambia,ZMB,2012,0
Zambia,ZMB,2013,0
Zambia,ZMB,2014,0
Zambia,ZMB,2015,0
Zambia,ZMB,2016,0
Zambia,ZMB,2017,0
Zambia,ZMB,2018,0
Zambia,ZMB,2019,0
Zambia,ZMB,2020,0
Zambia,ZMB,2021,0
Zambia,ZMB,2022,0
Zambia,ZMB,2023,0
Zambia,ZMB,2024,0
Zimbabwe,ZWE,1980,0
Zimbabwe,ZWE,1981,0
Zimbabwe,ZWE,1982,0
Zimbabwe,ZWE,1983,0
Zimbabwe,ZWE,1984,0
Zimbabwe,ZWE,1985,0
Zimbabwe,ZWE,1986,0
Zimbabwe,ZWE,1987,0
Zimbabwe,ZWE,1988,0
Zimbabwe,ZWE,1989,0
Zimbabwe,ZWE,1990,0
Zimbabwe,ZWE,1991,0
Zimbabwe,ZWE,1992,0
Zimbabwe,ZWE,1993,0
Zimbabwe,ZWE,1994,0
Zimbabwe,ZWE,1995,0
Zimbabwe,ZWE,1996,0
Zimbabwe,ZWE,1997,0
Zimbabwe,ZWE,1998,0
Zimbabwe,ZWE,1999,0
Zimbabwe,ZWE,2000,0
Zimbabwe,ZWE,2001,0
Zimbabwe,ZWE,2002,0
Zimbabwe,ZWE,2003,0
Zimbabwe,ZWE,2004,0
Zimbabwe,ZWE,2005,0
Zimbabwe,ZWE,2006,0
Zimbabwe,ZWE,2007,0
Zimbabwe,ZWE,2008,0
Zimbabwe,ZWE,2009,0
Zimbabwe,ZWE,2010,0
Zimbabwe,ZWE,2011,0
Zimbabwe,ZWE,2012,0
Zimbabwe,ZWE,2013,0
Zimbabwe,ZWE,2014,0
Zimbabwe,ZWE,2015,0
Zimbabwe,ZWE,2016,0
Zimbabwe,ZWE,2017,0
Zimbabwe,ZWE,2018,0
Zimbabwe,ZWE,2019,0
Zimbabwe,ZWE,2020,0
Zimbabwe,ZWE,2021,0
Zimbabwe,ZWE,2022,0
Zimbabwe,ZWE,2023,0
Zimbabwe,ZWE,2024,0